"id","file","role","status","width","height","sha256","generationRecords","processing","socketsOrAnchor","qa"
"wall/stone_face_rubble_a-v2","assets/wall/stone_face_rubble_a-v2.png","strip","candidate","512","128","90c9b5188b0b3f04c5bdbd408935b5a8677f2c346a8f0c37480d9e35338656fe","[{""prompt"":""ROLE strip stone_face_rubble_a-v2. EDIT reference wall face texture only. Southern England 1300-1450 painted game texture. Front orthographic flat rectangular wall face, no perspective. Replace rectangular ashlar grid with irregular small rubble stones matching SECOND reference gate infill masonry, warm grey-brown mortar, muted broad shapes, individual stones 12-20px at512x128. Same entire face height as first input. X seamless repeat, Y edges later faded, NO castellations, no scenery, no focal damage, no text. Image should be wide horizontal4:1 texture filling canvas. Quiet rubble, large readable shapes, not photographic grain."",""references"":[{""file"":""astra-wave4e-reference-files/stone_face_a-v2.png"",""sha256"":""da62cc62342d5e5b0c909c850c7c9d990dbeeda62502211dc235c300fe2f9c1c""},{""file"":""astra-wave4e-reference-files/gate_part_stone_arch_nw_se-v1.png"",""sha256"":""87617861532cd0491d6ea2daf8cf6b2ab0edd8dcc6b65806b18194c1e659065b""}],""source"":""sources/wall/stone_face_rubble_a-v2.png"",""model"":null,""seed"":null,""tool"":""image_gen""}]","""Crop full face black/transparent topbottom margins y115..609; one resize512x128; X24px symmetric seam blend firstlastcolumns identical; Y8px alpha fade. No mirroring.""","{}","{""repeat"":""X seam equal; four repeats inproof"",""alpha"":""RGBA"",""limitation"":""mortar size seen at0.3scale; Yfade requires topstripoverlay""}"
"wall/stone_face_rubble_b-v2","assets/wall/stone_face_rubble_b-v2.png","strip","candidate","512","128","b9193168858c10dacfa966335fab0b4f855d75c443bebb850046a833f7034ca6","[{""prompt"":""Edit first input rubble wall texture into variant B. Keep full wide straight wall face same height, neutral warm grey tones, same stone scale. Change all stone arrangement, a little flatter grey limestone and fewer ochre stones. Broad quiet irregular rubble 12-20px at512x128, no focal patches. 4:1 horizontal front elevation, X seamless only. No crenellations, text, perspective, decorations. Transparent margins only."",""references"":[{""file"":""l/stone_face_rubble_a-v2.png"",""sha256"":""9bcc29dd01a568fe9de807fe907843285c5a9603cf900b870a1b49f1fdc1676e""},{""file"":""astra-wave4e-reference-files/stone_face_a-v2.png"",""sha256"":""da62cc62342d5e5b0c909c850c7c9d990dbeeda62502211dc235c300fe2f9c1c""}],""source"":""sources/wall/stone_face_rubble_b-v2-corrected.png"",""model"":null,""seed"":null,""tool"":""image_gen""},{""prompt"":""Edit only masonry layout of this strip variant B to STRONGLY IRREGULAR UNCUT RUBBLE. No brick/ashlar courses, no long horizontal mortar lines, no same-size rectangularblock grid. Interlocking irregular lumpy polygon stones of mixedsize,small wedge packing stones, mortar discontinuous. Match second rubble A and third gate original infill. Keep muted GREYlimestone, lessochre thanA. Front elevation horizontalrectangle; fillswholeface, no crenellations/no ground/no perspective/no text. final512x128 Xrepeat quiettexture."",""refs"":[""/Users/rexxa/github/feudal-lord-simulator/output/astra-wave4e-candidates-v1/assets/wall/stone_face_rubble_b-v2.png"",""/Users/rexxa/github/feudal-lord-simulator/output/astra-wave4e-candidates-v1/assets/wall/stone_face_rubble_a-v2.png"",""/Users/rexxa/github/feudal-lord-simulator/output/astra-wave4e-candidates-v1/references/astra-wave4e-reference-files/gate_part_stone_arch_nw_se-v1.png""],""output_hint"":""Generated images are saved to /Users/rexxa/Library/Application Support/orca/codex-accounts/54be5844-95fd-4c46-925c-75327ccd186a/home/generated_images/01a0d818-8304-7d93-a593-a00a65d81425 as /Users/rexxa/Library/Application Support/orca/codex-accounts/54be5844-95fd-4c46-925c-75327ccd186a/home/generated_images/01a0d818-8304-7d93-a593-a00a65d81425/exec-5ff7fcf7-a9dd-46ab-a82a-952405785b10.png by default.\nIf you need to use a generated image at another path, copy it and leave the original in place unless the user explicitly asks you to delete it.\nThe generated image is already displayed to the user. There is no need to render it in the final response as a Markdown image or file link.""},{""prompt"":""Edit only masonry layout of this strip variant B to STRONGLY IRREGULAR UNCUT RUBBLE. No brick/ashlar courses, no long horizontal mortar lines, no same-size rectangularblock grid. Interlocking irregular lumpy polygon stones of mixedsize,small wedge packing stones, mortar discontinuous. Match second rubble A and third gate original infill. Keep muted GREYlimestone, lessochre thanA. Front elevation horizontalrectangle; fillswholeface, no crenellations/no ground/no perspective/no text. final512x128 Xrepeat quiettexture."",""refs"":[""/Users/rexxa/github/feudal-lord-simulator/output/astra-wave4e-candidates-v1/assets/wall/stone_face_rubble_b-v2.png"",""/Users/rexxa/github/feudal-lord-simulator/output/astra-wave4e-candidates-v1/assets/wall/stone_face_rubble_a-v2.png"",""/Users/rexxa/github/feudal-lord-simulator/output/astra-wave4e-candidates-v1/references/astra-wave4e-reference-files/gate_part_stone_arch_nw_se-v1.png""],""output_hint"":""Generated images are saved to /Users/rexxa/Library/Application Support/orca/codex-accounts/54be5844-95fd-4c46-925c-75327ccd186a/home/generated_images/01a0d818-8304-7d93-a593-a00a65d81425 as /Users/rexxa/Library/Application Support/orca/codex-accounts/54be5844-95fd-4c46-925c-75327ccd186a/home/generated_images/01a0d818-8304-7d93-a593-a00a65d81425/exec-5ff7fcf7-a9dd-46ab-a82a-952405785b10.png by default.\nIf you need to use a generated image at another path, copy it and leave the original in place unless the user explicitly asks you to delete it.\nThe generated image is already displayed to the user. There is no need to render it in the final response as a Markdown image or file link.""},{""prompt"":""Edit only masonry layout of this strip variant B to STRONGLY IRREGULAR UNCUT RUBBLE. No brick/ashlar courses, no long horizontal mortar lines, no same-size rectangularblock grid. Interlocking irregular lumpy polygon stones of mixedsize,small wedge packing stones, mortar discontinuous. Match second rubble A and third gate original infill. Keep muted GREYlimestone, lessochre thanA. Front elevation horizontalrectangle; fillswholeface, no crenellations/no ground/no perspective/no text. final512x128 Xrepeat quiettexture."",""refs"":[""/Users/rexxa/github/feudal-lord-simulator/output/astra-wave4e-candidates-v1/assets/wall/stone_face_rubble_b-v2.png"",""/Users/rexxa/github/feudal-lord-simulator/output/astra-wave4e-candidates-v1/assets/wall/stone_face_rubble_a-v2.png"",""/Users/rexxa/github/feudal-lord-simulator/output/astra-wave4e-candidates-v1/references/astra-wave4e-reference-files/gate_part_stone_arch_nw_se-v1.png""],""output_hint"":""Generated images are saved to /Users/rexxa/Library/Application Support/orca/codex-accounts/54be5844-95fd-4c46-925c-75327ccd186a/home/generated_images/01a0d818-8304-7d93-a593-a00a65d81425 as /Users/rexxa/Library/Application Support/orca/codex-accounts/54be5844-95fd-4c46-925c-75327ccd186a/home/generated_images/01a0d818-8304-7d93-a593-a00a65d81425/exec-5ff7fcf7-a9dd-46ab-a82a-952405785b10.png by default.\nIf you need to use a generated image at another path, copy it and leave the original in place unless the user explicitly asks you to delete it.\nThe generated image is already displayed to the user. There is no need to render it in the final response as a Markdown image or file link.""}]","""Crop full face black/transparent topbottom margins y0..792; one resize512x128; X24px symmetric seam blend firstlastcolumns identical; Y8px alpha fade. No mirroring.""","{}","{""repeat"":""X seam equal; four repeats inproof"",""alpha"":""RGBA"",""limitation"":""mortar size seen at0.3scale; Yfade requires topstripoverlay""}"
"wall/stone_gate_v2-v1","assets/wall/stone_gate_v2-v1.png","module","candidate","512","512","a6139d786cac6ce1251d53762cef93a3ff8ef2335bfc7d0906e318a239e6ab20","[{""prompt"":""ROLE module stone gate v2. Precise input edit: preserve FIRST image entire composition, every outline, arch opening, tower proportions, all pixel positions and same512 square canvas. SECOND image is topology mask white=paint, black must stay transparent. Repaint stone only to match muted warm grey-brown v2 wall reference3 and top reference4: irregular rubble infill, larger dressed arch voussoirs/corner quoins, softly painted not noisy photographic. Southern England1300-1450, upperleft light. No added doors, no objects, no castshadow. True transparent background and arch opening. Same camera NW-SE axis and pivot."",""references"":[{""file"":""astra-wave4e-reference-files/gate_part_stone_arch_nw_se-v1.png"",""sha256"":""87617861532cd0491d6ea2daf8cf6b2ab0edd8dcc6b65806b18194c1e659065b""},{""file"":""l/gate_part_stone_arch_nw_se-v1-mask.png"",""sha256"":""054fac2a7ecdcc6c0276a2e577fa5bd5d2377e5c984f4b7ecdd8987b0ae86460""},{""file"":""astra-wave4e-reference-files/stone_face_a-v2.png"",""sha256"":""da62cc62342d5e5b0c909c850c7c9d990dbeeda62502211dc235c300fe2f9c1c""},{""file"":""astra-wave4e-reference-files/stone_top_a-v1.png"",""sha256"":""9762b7265c362f040bf6ef922ef1567232a19fa8d8c2ac84629d2db11f295751""}],""source"":""sources/wall/stone_gate_v2-v1.png"",""model"":null,""seed"":null,""tool"":""image_gen""}]","""One wholecanvas resize512x512; original templatealpha restored exactly including passage; missinggeneratededgeRGB filledfrom original. No perpart move/flip.""","{""basis"":""same NW-SE reference canvas; existing runtime pivot preserved by no translation"",""pivot"":[256,480],""pivotStatus"":""candidate nominal only; reference contains no authoritative numeric pivot"",""wallContacts"":[[65,305],[461,450]],""portal"":{""center"":[265,360],""width"":145},""mask"":""sources/wall/gate_part_stone_arch_nw_se-v1-mask.png""}","{""repeat"":""none"",""alpha"":""originaltemplate alpha exact"",""limitation"":""numeric socket alignment and runtime occlusion not validated""}"
"wall/palisade_gate_v2-v1","assets/wall/palisade_gate_v2-v1.png","module","candidate","512","512","3e664c1567fa3a3b44810953f14884072b3b15879f64adaa4cdf32e4e82984a8","[{""prompt"":""ROLE module palisade gate v2. EDIT first image frame paint only, preserve exact entire silhouette, position, open passage and512square canvas. Second image is white paint topology mask. Match weathered grey brown oak of third palisade reference, broad handpainted strokes with readable joints and mortise pegs. Southern England1300-1450, upperleft lighting, no long shadow, no added gate doors or beam geometry. Genuine transparency. Same NW-SE direction and pivot."",""references"":[{""file"":""astra-wave4e-reference-files/gate_part_timber_frame_nw_se-v1.png"",""sha256"":""256798da63b0ad52dbafda7b24c33828c090af332bb96a894fc7e98eac5d467b""},{""file"":""l/gate_part_timber_frame_nw_se-v1-mask.png"",""sha256"":""45927d11cd13b4d6e6eb50ca86ee39059fd2c51b142e3277b1781d7e8b9428a7""},{""file"":""astra-wave4e-reference-files/palisade_straight_nw_se.png"",""sha256"":""78c29d66e27372c6e451f8850033f3d56925d1df33a206a7dddd5230aba5e689""}],""source"":""sources/wall/palisade_gate_v2-v1.png"",""model"":null,""seed"":null,""tool"":""image_gen""}]","""One wholecanvas resize512x512; original templatealpha restored exactly including passage; missinggeneratededgeRGB filledfrom original. No perpart move/flip.""","{""basis"":""same NW-SE reference canvas; existing runtime pivot preserved by no translation"",""pivot"":[256,480],""pivotStatus"":""candidate nominal only; reference contains no authoritative numeric pivot"",""wallContacts"":[[65,305],[461,450]],""portal"":{""center"":[265,360],""width"":145},""mask"":""sources/wall/gate_part_timber_frame_nw_se-v1-mask.png""}","{""repeat"":""none"",""alpha"":""originaltemplate alpha exact"",""limitation"":""numeric socket alignment and runtime occlusion not validated""}"
"wall/stone_pillar_135-v1","assets/wall/stone_pillar_135-v1.png","module","candidate","1774","887","40863c249ebf6668d96d3a0a41c875d86fe83e2a1acf3111a923674c178737b6","[{""prompt"":""ROLE module. Fill WHITE mask silhouette with one isolated ANGULAR STONE BUTTRESS for a135-degree plan corner. Black region becomes true transparent. Wide1774x887 composition retained; structure within white footprint; no cylinder, no round tower. Two short socket faces meet obtuse135degrees in plan, central chamfered angular pier, broad coping on top, muted warmgrey rubble matching gate reference2 and v2 wall3, squared quoins at corners. 2:1isometric fixed camera, upperleft soft light. No side wall arms, no grass/ground or shadows, no text. Footprint contact point940,810 in1774x887 design."",""references"":[{""file"":""l/stone_pillar_135-mask.png"",""sha256"":""de7dd7d36496b04ba53aa9e5f50c7a0f38446f668200159e6ede655d887103da""},{""file"":""astra-wave4e-reference-files/gate_part_stone_arch_nw_se-v1.png"",""sha256"":""87617861532cd0491d6ea2daf8cf6b2ab0edd8dcc6b65806b18194c1e659065b""},{""file"":""astra-wave4e-reference-files/stone_face_a-v2.png"",""sha256"":""da62cc62342d5e5b0c909c850c7c9d990dbeeda62502211dc235c300fe2f9c1c""}],""source"":""sources/wall/stone_pillar_135-v1-corrected.png"",""model"":null,""seed"":null,""tool"":""image_gen""},{""prompt"":""Precise geometry correction of this stone buttress. Make an OBTUSE135degree plan corner, NOT90degrees: front outer face wide and a narrow chamfer bevel, two socket sides splay out at135degrees. Top coping a broad flattened pentagonal slab, plain solid top WITHOUT crenellations or arrow slots. One short chunky angular pier matching adjoining plainwall face height, not a miniaturetower. Preserve grey rubble/quoins, 2:1isometric, upperleftlight, transparent background, wide1774x887canvas, centerplacement. Paint within white area of second mask, blacktransparent."",""refs"":[""/Users/rexxa/github/feudal-lord-simulator/output/astra-wave4e-candidates-v1/sources/wall/stone_pillar_135-v1.png"",""/Users/rexxa/github/feudal-lord-simulator/output/astra-wave4e-candidates-v1/sources/wall/stone_pillar_135-mask.png""],""output_hint"":""Generated images are saved to /Users/rexxa/Library/Application Support/orca/codex-accounts/54be5844-95fd-4c46-925c-75327ccd186a/home/generated_images/01a0d818-8304-7d93-a593-a00a65d81425 as /Users/rexxa/Library/Application Support/orca/codex-accounts/54be5844-95fd-4c46-925c-75327ccd186a/home/generated_images/01a0d818-8304-7d93-a593-a00a65d81425/exec-4d7989b9-8e8d-4fa4-b247-469a7ecc9299.png by default.\nIf you need to use a generated image at another path, copy it and leave the original in place unless the user explicitly asks you to delete it.\nThe generated image is already displayed to the user. There is no need to render it in the final response as a Markdown image or file link.""}]","""Native1774x887 preserved. Topology mask supplied beforepaint; imagegen silhouette is candidate, not exact occupancy certification.""","{""pivot"":[940,810],""contacts"":[[700,650],[1090,685]],""planAngle"":135,""mask"":""sources/wall/stone_pillar_135-mask.png"",""status"":""proposed painter sockets; runtime geometric alignment not verified"",""plan"":{""origin"":[0,0],""incoming"":[-1,0],""outgoing"":[0.7071067811865476,0.7071067811865476],""angleDegrees"":135,""limitation"":""exact authored socket vectors; bitmap surface alignment not certified""}}","{""repeat"":""none"",""alpha"":""RGBA"",""limitation"":""135degree sockets proposed; sprite is obtuse/chamfered but exact planar angle needs runtime fit""}"
"wall/stone_tower_corner_b-v1","assets/wall/stone_tower_corner_b-v1.png","module","candidate","1774","887","3709cc720e23388c884aa5f4ebdc9e24c2a18f9ae4ea39d6a9b14fc1a653bcda","[{""prompt"":""ROLE module. EDIT reference round tower into SQUARE tower B entirely within first WHITE topology silhouette; black becomes transparent. Same1774x887canvas and basepivot900,855. SQUARE PLAN tower with two flat orthogonal visible walls, angular dressed corner quoins, open crenellated square rooftop walkway, modest buttressed base. Not round or polygonal circular tower. Match muted warmgrey handpainted rubble of reference gate3, 2:1isometric upperleftlighting. Entire solitary tower, no side arms, no ground,no shadow,no heraldry,no text. SouthernEngland1300-1450."",""references"":[{""file"":""l/stone_tower_corner_b-mask.png"",""sha256"":""092ab3c2868c3c78096d9b4f83d55b58a633247277be5f1b04bd752f591fef8c""},{""file"":""astra-wave4e-reference-files/stone_tower_corner-v1.png"",""sha256"":""27af40224b1be9ecd7e46f74db626faf1de83ca623b60c6e2bb1ed86a700ad53""},{""file"":""astra-wave4e-reference-files/gate_part_stone_arch_nw_se-v1.png"",""sha256"":""87617861532cd0491d6ea2daf8cf6b2ab0edd8dcc6b65806b18194c1e659065b""}],""source"":""sources/wall/stone_tower_corner_b-v1.png"",""model"":null,""seed"":null,""tool"":""image_gen""}]","""Native1774x887 preserved. Topology mask supplied beforepaint; imagegen silhouette is candidate, not exact occupancy certification.""","{""pivot"":[900,855],""contacts"":[[630,690],[1120,715]],""planAngle"":90,""mask"":""sources/wall/stone_tower_corner_b-mask.png"",""status"":""proposed painter sockets; runtime geometric alignment not verified""}","{""repeat"":""none"",""alpha"":""RGBA"",""limitation"":""numeric socket alignment and runtime occlusion not validated""}"
"shore/shoreline_deep_a-v1","assets/shore/shoreline_deep_a-v1.png","strip","candidate","512","96","e10d39c567ab74c4d8526a4cd89781af7848d323453e52a5b034f55138f43b04","[{""id"":""shoreline_deep_a-v1"",""prompt"":""ROLE strip / shoreline_deep_a. Edit project shoreline reference, retain its horizontally continuous quiet grassy earth bank composition, ground in upper half and water in lower half. Match water hues to reference2 deep_a muted blue-green (#456975 approximately), no turquoise shallows. Broad handpainted medieval strategy-game brush shapes, soft upper-left light, flat texture map no perspective. Target final512x96, 4tilelong ribbon. Horizontal X-only repeating uninterrupted bank; top and bottom alpha fade12px, true transparent outside. Varied modest dirt ledge and small grass tufts12-16pxatfinalscale, no reeds, focalstones, whitefoam, borders or text. Deliver a long horizontal ribbon centered across entire width on transparent canvas. Change water color and bank rhythm only, preserve reference style."",""refs"":[""/Users/rexxa/github/feudal-lord-simulator/output/astra-wave4e-candidates-v1/references/astra-wave4e-reference-files/shoreline_a-v1.png"",""/Users/rexxa/github/feudal-lord-simulator/output/astra-wave4e-candidates-v1/references/astra-wave4e-reference-files/deep_a-v1.png""],""model"":null,""seed"":null,""tool"":""image_gen.imagegen"",""source"":""sources/water/shoreline_deep_a-v1-raw.png"",""method"":""reference edit"",""referenceHashes"":[{""file"":""references/astra-wave4e-reference-files/shoreline_a-v1.png"",""sha256"":""037a4bd5162c997f1566f28abd47be973a7c72de17fbcbafd849c73f913dfc95""},{""file"":""references/astra-wave4e-reference-files/deep_a-v1.png"",""sha256"":""6e75254ff53937623e95da192da448cff58695fceff6263d5e1fbdadb1f81ed7""}],""sourceSHA256"":""3675725a1427af47fc0f564ba6a2937e78b93e031642fb1092e3a7ec5590d6d4""}]","{""source"":""/Users/rexxa/github/feudal-lord-simulator/output/astra-wave4e-candidates-v1/sources/water/shoreline_deep_a-v1-raw.png"",""crop"":{""left"":0,""top"":251,""width"":2172,""height"":265},""target"":[512,96],""method"":""One resize; mirrored-edge20px blend only at X seam (not object reflection); 12px Y alpha fade.""}","{}","{""xSeamMaxChannelDelta"":0,""yOuterRowsTransparent"":true,""independentGeneration"":true,""mirrored"":false,""postCount"":null,""limitations"":""Quiet broad waves use deep_a family palette. Repetition rhythm and curved runtime mapping need installation QA.""}"
"module/bridge_abutment_sw_a-v1","assets/module/bridge_abutment_sw_a-v1.png","module","candidate","256","192","045aa0fa3b4c1a676e2de83b199dace9daa98d92e46c58f914dcabe24c88ab4f","[{""id"":""bridge_abutment_sw_a-v1"",""prompt"":""ROLE module / bridge_abutment_sw_a. Reference1 is mandatory black/white topology mask at256x192: white is deck and two support ends, black must be transparent. Paint inside that silhouette a dedicated SOUTHWEST front bridge abutment, medieval worn oak plank deck, broad6planks and sturdy squared posts, dull muted warmwood, touch of earth at upper shore socket. Reference2 gives handpainted projectstyle only; do NOT mirror/copy its pixels. Orthographic2:1isometric, no perspective. Deck face nearest camera slopes down toward LOWER LEFT, independent view, upper-leftsoftlight. Keep deck corners at (24,98),(146,37),(230,79),(108,140) normalizedto256x192. Frontsocket(108,140), backsocket(146,37), passage48px. TransparentRGBA outside object, no castshadow, grassisland, water, boat, ropes, railings or text. Painted useful gameasset, large readable wood shapes no micrograin."",""refs"":[""/Users/rexxa/github/feudal-lord-simulator/output/astra-wave4e-candidates-v1/sources/water/bridge_abutment_sw_a-v1-mask.png"",""/Users/rexxa/github/feudal-lord-simulator/output/astra-wave4e-candidates-v1/references/astra-wave4e-reference-files/bridge_abutment_se_a-v1.png""],""model"":null,""seed"":null,""tool"":""image_gen.imagegen"",""source"":""sources/water/bridge_abutment_sw_a-v1-raw.png"",""method"":""reference edit"",""referenceHashes"":[{""file"":""sources/water/bridge_abutment_sw_a-v1-mask.png"",""sha256"":""edc2996263fb65f59b18fcb2ad6738d817614cb427d4d4e7be440b6783a439aa""},{""file"":""references/astra-wave4e-reference-files/bridge_abutment_se_a-v1.png"",""sha256"":""7b126c2afdd3e38a029959e32339bf179e4ae973e760242d46ade4ba217ae9f4""}],""sourceSHA256"":""f722fcbf9cd9a73424a55ebf4750d4cedd9ec71098c3107323321469caae2ba7""}]","{""source"":""/Users/rexxa/github/feudal-lord-simulator/output/astra-wave4e-candidates-v1/sources/water/bridge_abutment_sw_a-v1-raw.png"",""crop"":{""left"":129,""top"":109,""width"":1259,""height"":804},""target"":[256,192],""method"":""Alpha crop and single resize to topology-mask bounding box. Socket geometry remains a candidate registration; pixel-level walkability not runtime verified.""}","{""front"":[108,140],""back"":[146,37],""pivot"":[108,140],""passageWidth"":48,""footprintPolygon"":""24,98 146,37 230,79 108,140"",""straightLockTiles"":0.6,""validation"":""mask-first target registration; not runtime verified""}","{""xSeamMaxChannelDelta"":null,""yOuterRowsTransparent"":null,""independentGeneration"":true,""mirrored"":false,""postCount"":null,""limitations"":""Source follows mask broadly; deck-corner sockets are target metadata, not certified pixel-exact portals. No game collision/occlusion test.""}"
"shore/shoreline_deep_b-v1","assets/shore/shoreline_deep_b-v1.png","strip","candidate","512","96","1469efca0129a63c5528c57f596c6cab476ca80c2fa6bdf1d020baf431ca782f","[{""id"":""shoreline_deep_b-v1"",""prompt"":""ROLE strip / shoreline_deep_a. Edit project shoreline reference, retain its horizontally continuous quiet grassy earth bank composition, ground in upper half and water in lower half. Match water hues to reference2 deep_a muted blue-green (#456975 approximately), no turquoise shallows. Broad handpainted medieval strategy-game brush shapes, soft upper-left light, flat texture map no perspective. Target final512x96, 4tilelong ribbon. Horizontal X-only repeating uninterrupted bank; top and bottom alpha fade12px, true transparent outside. Varied modest dirt ledge and small grass tufts12-16pxatfinalscale, no reeds, focalstones, whitefoam, borders or text. Deliver a long horizontal ribbon centered across entire width on transparent canvas. Change water color and bank rhythm only, preserve reference style. Variant B: independently repaint bank with two shallower rounded bays and three broad low moss humps, less dirt exposed than A; keep water exactly the same deep blue-green palette as deep_a. No isolated stones."",""refs"":[""/Users/rexxa/github/feudal-lord-simulator/output/astra-wave4e-candidates-v1/references/astra-wave4e-reference-files/shoreline_a-v1.png"",""/Users/rexxa/github/feudal-lord-simulator/output/astra-wave4e-candidates-v1/references/astra-wave4e-reference-files/deep_a-v1.png""],""model"":null,""seed"":null,""tool"":""image_gen.imagegen"",""source"":""sources/water/shoreline_deep_b-v1-raw.png"",""method"":""reference edit"",""referenceHashes"":[{""file"":""references/astra-wave4e-reference-files/shoreline_a-v1.png"",""sha256"":""037a4bd5162c997f1566f28abd47be973a7c72de17fbcbafd849c73f913dfc95""},{""file"":""references/astra-wave4e-reference-files/deep_a-v1.png"",""sha256"":""6e75254ff53937623e95da192da448cff58695fceff6263d5e1fbdadb1f81ed7""}],""sourceSHA256"":""56e775bd297854f213e7d7bd1878e590d4df405c89b1ad700a0b47504d44a449""}]","{""source"":""/Users/rexxa/github/feudal-lord-simulator/output/astra-wave4e-candidates-v1/sources/water/shoreline_deep_b-v1-raw.png"",""crop"":{""left"":0,""top"":252,""width"":2172,""height"":271},""target"":[512,96],""method"":""One resize; mirrored-edge20px blend only at X seam (not object reflection); 12px Y alpha fade.""}","{}","{""xSeamMaxChannelDelta"":0,""yOuterRowsTransparent"":true,""independentGeneration"":true,""mirrored"":false,""postCount"":null,""limitations"":""Quiet broad waves use deep_a family palette. Repetition rhythm and curved runtime mapping need installation QA.""}"
"module/bridge_abutment_nw_b-v1","assets/module/bridge_abutment_nw_b-v1.png","module","candidate","256","192","43ebadff4c81f40a7d4aa6f84b86420ce4b993cc3b7da4eea11fb647bd329709","[{""id"":""bridge_abutment_nw_b-v1"",""prompt"":""ROLE module bridge_abutment_nw_b. Mask1 controls white silhouette(deck/supports); black becomes transparency. Draw BACK NORTHWEST bridge abutment variant independently, not reflected pixels. Deck points at256x192:(30,82),(102,46),(228,109),(155,146). Entrancefrontsocket(155,146), shorebacksocket(102,46). Reference2projectNEstyle only. Broad aged grey-brown oak boards, shorethreshold one rough earth/stone lip at UPPER LEFT, exposed rightmost squared leg, clearer five broad plank rhythm. Upperleftsoftlight, orthographic2:1isometric, no perspective. Actual transparent background, no water, grass island, boat, text, modernbolts, rails, longshadow. Keep deckboards thick enough to read at0.3scale. Shape must follow mask and be distinct from supplied reference."",""refs"":[""/Users/rexxa/github/feudal-lord-simulator/output/astra-wave4e-candidates-v1/sources/water/bridge_abutment_nw_b-v1-mask.png"",""/Users/rexxa/github/feudal-lord-simulator/output/astra-wave4e-candidates-v1/references/astra-wave4e-reference-files/bridge_abutment_ne_a-v1.png""],""model"":null,""seed"":null,""tool"":""image_gen.imagegen"",""source"":""sources/water/bridge_abutment_nw_b-v1-raw.png"",""method"":""reference edit"",""referenceHashes"":[{""file"":""sources/water/bridge_abutment_nw_b-v1-mask.png"",""sha256"":""31a0d72a884b3a7089323de9216bf31bde355ceb47c963504f19fe24f0c6e62e""},{""file"":""references/astra-wave4e-reference-files/bridge_abutment_ne_a-v1.png"",""sha256"":""67b573610e69ce06acbea4936069ed2899c88a3d2992c7ddb7bf4709d8f2e1cf""}],""sourceSHA256"":""6fe1db73a2a74eeaf5fb9f84a29a524f97319b8545efb625644651066313fdb5""}]","{""source"":""/Users/rexxa/github/feudal-lord-simulator/output/astra-wave4e-candidates-v1/sources/water/bridge_abutment_nw_b-v1-raw.png"",""crop"":{""left"":153,""top"":180,""width"":1148,""height"":786},""target"":[256,192],""method"":""Alpha crop and single resize to topology-mask bounding box. Socket geometry remains a candidate registration; pixel-level walkability not runtime verified.""}","{""front"":[155,146],""back"":[102,46],""pivot"":[155,146],""passageWidth"":48,""footprintPolygon"":""30,82 102,46 228,109 155,146"",""straightLockTiles"":0.6,""validation"":""mask-first target registration; not runtime verified""}","{""xSeamMaxChannelDelta"":null,""yOuterRowsTransparent"":null,""independentGeneration"":true,""mirrored"":false,""postCount"":null,""limitations"":""Source follows mask broadly; deck-corner sockets are target metadata, not certified pixel-exact portals. No game collision/occlusion test.""}"
"module/ferry_landing-v1","assets/module/ferry_landing-v1.png","module","candidate","256","192","cbebd3f46b609b7bbbdbc807c3648c6f43ad42e519fa67e05d68205b4204a650","[{""id"":""ferry_landing-v1"",""prompt"":""ROLE module ferry_landing. Edit white regions of topology mask1 into small medieval timber landing. Preserve rhomboiddeck footprint (33,106),(147,49),(224,87),(110,145) normalized256x192, rectangular deck in2:1isometricview. EXACTLY TWO upright mooring posts, one on each long outer edge, anchored near(44,117) and(207,90), separate from the deck. No thirdpost. Four broad weathered grey-brown oak planks, simple pegs, no railings, NO boat, NO rope, NOwater, NOgroundisland. Reference2styleonly. Softupperleftlight, contactAOonly, transparentRGBAbackground. Plain purposeful handpainted medieval game prop; broad readable shapes, no text or micrograin. Keep black mask area transparent."",""refs"":[""/Users/rexxa/github/feudal-lord-simulator/output/astra-wave4e-candidates-v1/sources/water/ferry_landing-v1-mask.png"",""/Users/rexxa/github/feudal-lord-simulator/output/astra-wave4e-candidates-v1/references/astra-wave4e-reference-files/bridge_abutment_se_a-v1.png""],""model"":null,""seed"":null,""tool"":""image_gen.imagegen"",""source"":""sources/water/ferry_landing-v1-raw.png"",""method"":""reference edit"",""referenceHashes"":[{""file"":""sources/water/ferry_landing-v1-mask.png"",""sha256"":""42116bd336b3236261fd2085ca8dcb0b9ab52dc3db59db8e8419e4684868bf0f""},{""file"":""references/astra-wave4e-reference-files/bridge_abutment_se_a-v1.png"",""sha256"":""7b126c2afdd3e38a029959e32339bf179e4ae973e760242d46ade4ba217ae9f4""}],""sourceSHA256"":""ffb036b65428f0fb7444329ae50a45d7e786da279ac2f1711789bdbd07d14b5d""}]","{""source"":""/Users/rexxa/github/feudal-lord-simulator/output/astra-wave4e-candidates-v1/sources/water/ferry_landing-v1-raw.png"",""crop"":{""left"":160,""top"":240,""width"":1155,""height"":652},""target"":[256,192],""method"":""Alpha crop and single resize to topology-mask bounding box. Socket geometry remains a candidate registration; pixel-level walkability not runtime verified.""}","{""front"":[110,145],""back"":[147,49],""pivot"":[110,145],""passageWidth"":48,""footprintPolygon"":""33,106 147,49 224,87 110,145"",""straightLockTiles"":0.6,""validation"":""mask-first target registration; not runtime verified""}","{""xSeamMaxChannelDelta"":null,""yOuterRowsTransparent"":null,""independentGeneration"":true,""mirrored"":false,""postCount"":2,""limitations"":""Source follows mask broadly; deck-corner sockets are target metadata, not certified pixel-exact portals. No game collision/occlusion test.""}"
"fence/hurdle_quarter-v1","assets/fence/hurdle_quarter-v1.png","module","candidate","32","64","a7ca7165a0a08b71b4e65927de387a787fd7c3a96a3134f9ad8b9579d0bb8ec4","[{""prompt"":""EDIT topology reference1 with weathered warm oak painted surface matching reference2. One miniature medieval wooden hurdle fence quarter length, two posts and two rails. Preserve exact white topology and black empty areas reference1, same camera rising right slope0.5. Paint white regions only with thick readable golden oak grain. Transparent background no ground no shadow no text. Final contract32x64, enlarged generation acceptable keep exact normalized post positions. Rails/posts broad, no extra structure."",""references"":[""/Users/rexxa/github/feudal-lord-simulator/output/astra-wave4e-candidates-v1/sources/objects/hurdle_quarter-v1-mask.png"",""/Users/rexxa/github/feudal-lord-simulator/output/astra-wave4c-v1/assets/fence/hurdle_half-v1.png""],""tool"":""image_gen"",""model"":null,""seed"":null,""source"":""sources/objects/hurdle_quarter-v1.png"",""sourceSha256"":""ace823de2ca4bfc4a6b984a5f7c3a9ceb8cc96d3dd8c2964e60fce513cc59f79""}]","""Independent imagegen timber paint registered into prior-family exact topology alpha; gray generated checker outside timber excluded; mean tone matched prior family; no reflection""","{""ports"":[[8,56],[24,48]],""pivot"":[16,52]}","{""runtimeInstalled"":false,""independentVariant"":true,""maskedTopology"":true}"
"animal/sheep_flock_b-v1","assets/animal/sheep_flock_b-v1.png","object","candidate","128","96","b4030d721de0bd84e5d3c147421cd8549df8cd2b93c795c23efd469bc9407327","[{""prompt"":""EDIT attached own project sheep sprite into independent variant B: exactly THREE medieval small cream wool sheep in a loose triangular group, one grazing left, one standing side view right, one smaller rear-facing sheep behind. Distinct individual legs silhouettes. Same fixed elevated isometric2:1 game painterly style muted warm cream/oak hues upper-left soft light. Transparent RGBA background, no ground platform, contact AO only no cast shadow, no text. Final128x96 landscape target, whole animals inside frame, no mirror of reference."",""references"":[""/Users/rexxa/github/feudal-lord-simulator/output/astra-wave4e-candidates-v1/references/astra-wave4e-reference-files/sheep_flock-v1.png""],""tool"":""image_gen"",""model"":null,""seed"":null,""source"":""sources/objects/sheep_flock_b-v1.png"",""sourceSha256"":""91195672f5456e65460934921f93641c09a9724d2e240307edc9758cfd4d1bd7""}]","""Native low-alpha haze removed below100 with edge remap; alpha bounding crop then one proportional downsample to final contact box; no reflection""","{}","{""runtimeInstalled"":false,""independentVariant"":true,""maskedTopology"":false}"
"farmstead_winter-v1","assets/farmstead_winter-v1.png","object","candidate","160","136","d82cc06d1983df7df8d7b2eee0d9e8f6bb89b2904874056fdc4c562fafcdcbb5","[{""prompt"":""EDIT reference barn to WINTER non-snow condition. Preserve EXACT original barn roof/body silhouette, camera, canvas framing, location and contact pivot80,120 on160x136 target. Warm thatched roof and timber-frame closed wooden double doors, winter dry yard no grass and NO snow. Remove cart/plough in front-right yard replace with compact stacked firewood under low small rain cover next to building, transparent around individual objects, no added platform. Hand-painted medieval England1300-1450 same materials, upper-left soft light contact AO only. No text no new building mass."",""references"":[""/Users/rexxa/github/feudal-lord-simulator/output/astra-wave4e-candidates-v1/references/astra-wave4e-reference-files/farmstead_a-v1.png""],""tool"":""image_gen"",""model"":null,""seed"":null,""source"":""sources/objects/farmstead_winter-v1.png"",""sourceSha256"":""471e987e9fa5f871df49a9b3d52f51d295d592defaacf0a95c6118107a74de91""}]","""Native low-alpha haze removed below100 with edge remap; alpha bounding crop then one proportional downsample to final contact box; no reflection""","{}","{""runtimeInstalled"":false,""independentVariant"":true,""maskedTopology"":false}"
"fence/hurdle_three_quarter-v1","assets/fence/hurdle_three_quarter-v1.png","module","candidate","96","64","adfe9fa8cbc76660bf1993a854d6e30511fbc94e9231c82bf379c32270b235e8","[{""prompt"":""ROLE module medieval wood hurdle 3/4 tile. EDIT black/white topology reference1: paint ONLY exact white posts/rails warm weathered oak matching reference2. White two posts and two broad rails rise to right with slope0.5; preserve normalized geometry and empty holes. Target96x64, enlarge whole canvas as needed. True transparent RGBA black regions become transparent. Broad painted woodgrain muted ochre, no ground no shadow no extra rail no text no checkered background. Fixed isometric SW and upper-left light."",""references"":[""/Users/rexxa/github/feudal-lord-simulator/output/astra-wave4e-candidates-v1/sources/objects/hurdle_three_quarter-v1-mask.png"",""/Users/rexxa/github/feudal-lord-simulator/output/astra-wave4c-v1/assets/fence/hurdle_half-v1.png""],""tool"":""image_gen"",""model"":null,""seed"":null,""source"":""sources/objects/hurdle_three_quarter-v1.png"",""sourceSha256"":""3f3a55f4bab344305d16900c714563a29384f2c7993d25d1f517e5bb69f47051""}]","""Independent imagegen timber paint registered into prior-family exact topology alpha; gray generated checker outside timber excluded; mean tone matched prior family; no reflection""","{""ports"":[[24,56],[72,32]],""pivot"":[48,44]}","{""runtimeInstalled"":false,""independentVariant"":true,""maskedTopology"":true}"
"fence/hurdle_gate_short-v1","assets/fence/hurdle_gate_short-v1.png","module","candidate","64","64","bd76fbebb276fe9bab688d71a45c5a6ab7017507c04af5e1986d64b13da5c9b4","[{""prompt"":""ROLE module medieval wood hurdle HALF-TILE short gate. EDIT topology reference1 precisely: two posts, two rails and one diagonal brace. Paint white geometry with muted warm weathered oak from reference2, simple iron hinge/latch on gate, same rising-right slope0.5, preserve exact normalized ports and all black empty holes transparent. Final64x64 square contract. Transparent RGBA no checker no ground no shadows no text. Fixed SW isometric medieval hand-painted small game sprite, broad woodgrain. Not a mirror or cropped previous gate."",""references"":[""/Users/rexxa/github/feudal-lord-simulator/output/astra-wave4e-candidates-v1/sources/objects/hurdle_gate_short-v1-mask.png"",""/Users/rexxa/github/feudal-lord-simulator/output/astra-wave4e-candidates-v1/references/astra-wave4e-reference-files/hurdle_gate-v1.png""],""tool"":""image_gen"",""model"":null,""seed"":null,""source"":""sources/objects/hurdle_gate_short-v1.png"",""sourceSha256"":""be29189f2034b2a3892be84bb4b239c9279e429e888a7f03b74881c0d95f8c21""}]","""Independent imagegen timber paint registered into prior-family exact topology alpha; gray generated checker outside timber excluded; mean tone matched prior family; no reflection""","{""ports"":[[16,56],[48,40]],""pivot"":[32,48]}","{""runtimeInstalled"":false,""independentVariant"":true,""maskedTopology"":true}"
"animal/sheep_flock_c-v1","assets/animal/sheep_flock_c-v1.png","object","candidate","128","96","3e799ab3b38243b0cdd24afc6e68e9831c10660cc8a04dc2bef035d4c09ab8ac","[{""prompt"":""EDIT attached project sheep art into independently painted variant C: EXACTLY FOUR sheep in curved diagonal single-file cluster, three cream sheep plus EXACTLY ONE charcoal BLACK sheep prominently at front left. A cream sheep behind black faces away, two sheep at right graze different directions. Clear separate body and leg silhouettes, avoid overlap of heads. Same fixed high SW isometric2:1 camera muted painted medieval English game art. True transparent RGBA, no ground pad no text, tiny contact AO only, no cast shadow. Final128x96 landscape canvas. No mirror or duplication of reference layout."",""references"":[""/Users/rexxa/github/feudal-lord-simulator/output/astra-wave4e-candidates-v1/references/astra-wave4e-reference-files/sheep_flock-v1.png"",""/Users/rexxa/github/feudal-lord-simulator/output/astra-wave4e-candidates-v1/assets/animal/sheep_flock_b-v1.png""],""tool"":""image_gen"",""model"":null,""seed"":null,""source"":""sources/objects/sheep_flock_c-v1.png"",""sourceSha256"":""fb4f9c86928f42c78eb115599c84a35da5a271cc59387858996b05b5c2fbf608""}]","""Native low-alpha haze removed below100 with edge remap; alpha bounding crop then one proportional downsample to final contact box; no reflection""","{}","{""runtimeInstalled"":false,""independentVariant"":true,""maskedTopology"":false}"
"animal/sheep_flock_d-v1","assets/animal/sheep_flock_d-v1.png","object","candidate","128","96","e0bcac6933ceb25e16ce60dc1d1bb00f48dfb27d8ed263364b5f19b33a6857b3","[{""prompt"":""EDIT project sheep flock reference into independent variant D: EXACTLY FIVE small cream wool sheep, widely spread staggered shallow zigzag, two grazing with heads low, one smaller young sheep in middle, two standing facing opposite diagonals. Different composition than reference, no reuse or mirror. Painterly medieval English game sprite fixed high SW isometric2:1 camera upper-left soft light muted cream natural wool. Transparent RGBA no ground patch no text no platform, contact AO only. Final128x96 wholegroup fullyinsideframe clear legs and heads."",""references"":[""/Users/rexxa/github/feudal-lord-simulator/output/astra-wave4e-candidates-v1/references/astra-wave4e-reference-files/sheep_flock-v1.png""],""tool"":""image_gen"",""model"":null,""seed"":null,""source"":""sources/objects/sheep_flock_d-v1.png"",""sourceSha256"":""9f8fe2d6dbae72593a522274c78f0582f345a8b9c9027c4c8fead95f95bf197e""}]","""Native low-alpha haze removed below100 with edge remap; alpha bounding crop then one proportional downsample to final contact box; no reflection""","{}","{""runtimeInstalled"":false,""independentVariant"":true,""maskedTopology"":false}"
"animal/pig_pair-v1","assets/animal/pig_pair-v1.png","object","candidate","128","96","9ad2979ff850540c4f87c72364cbbb6631bd86dcc3e59ca7b814a244bbde47d5","[{""prompt"":""Use project animal reference solely for hand-painted small-game sprite STYLE and camera; create TWO medieval woodland grazing DOMESTIC PIGS, lean bristly brown-gray long-snouted pigs not modern pink round commercial breed, one mottled brown and one dark charcoal. One noses downward left, second stands facing right behind, separate silhouettes. Fixed SW high isometric2:1 upper-left soft light, broad readable shapes. Genuine transparent RGBA no grass island no ground no text no cast shadow contact AO only. Final128x96 whole pair insideframe. Independently drawn no mirror."",""references"":[""/Users/rexxa/github/feudal-lord-simulator/output/astra-wave4e-candidates-v1/references/astra-wave4e-reference-files/sheep_flock-v1.png""],""tool"":""image_gen"",""model"":null,""seed"":null,""source"":""sources/objects/pig_pair-v1.png"",""sourceSha256"":""b279db472ef056f95e2458d73a6cff220fc4dfa69616626d225d49b94ecf008a""}]","""Native low-alpha haze removed below100 with edge remap; alpha bounding crop then one proportional downsample to final contact box; no reflection""","{}","{""runtimeInstalled"":false,""independentVariant"":true,""maskedTopology"":false}"
"wk_labor_f_03-v1","assets/workers/wk_labor_f_03-v1.png","walker_sheet","candidate","296","148","47f775a9e2226fc76a79dac2d3e2c279096cebd812ed9eabb0031b4faf959bf0","[{""id"":""wk_labor_f_03-v1"",""sex"":""f"",""design"":""muted weld yellow green kirtle, ochre close wrapped headcloth, no apron"",""template"":""actor_civilian_woman-v1.png"",""prompt"":""Use case: identity-preserve. EDIT the input sprite sheet only. Do not invent new people, poses or frame layouts. Retain eight exact figures, four columns NE SE SW NW, two gait frames, same camera and stance. Change ONLY clothes and headwear to: muted weld yellow green kirtle, ochre close wrapped headcloth, no apron. Southern England 1300-1450 hand-painted small game walker style, muted historically available dyes. Keep face, hands, feet positions and silhouettes exactly in place; do not change hem boundary, head height or width. No tools/props. Transparent background. Preserve the input 2:1 sheet with each cell in exactly its original position. No grid, no labels, no shadow, no extra characters."",""rawSource"":""sources/walkers/wk_labor_f_03-v1-raw.png"",""tool"":""image_gen.imagegen"",""model"":null,""seed"":null,""referenced_image_paths"":[""templates/actor_civilian_woman-v1.png""]}]","{""script"":""records/walkers-process.cjs"",""masterSize"":[592,296],""finalSize"":[296,148],""downsample"":0.5,""cells"":[{""direction"":""NE"",""frame"":0,""templateBounds"":{""x"":51,""y"":11,""w"":56,""h"":123},""rawNormalizedBounds"":{""x"":48,""y"":9,""w"":64,""h"":130},""registration"":{""source"":[48,9,64,130],""target"":[51,11,56,123],""method"":""per-cell bbox affine registration; may anisotropically resize edited cloth""},""protectedPixelCount"":4789,""bodyAlphaConstraint"":{""startY"":40,""rule"":""template alpha retained below local master y40; this is a mask constraint, not an independent pose measurement""},""maskRules"":{""face"":""front direction skin-colour pixels local y12..37 within16px ofbboxcentre"",""hands"":""skin-colour pixels local y55..89 beyond15px ofbboxcentre"",""feet"":""all y>=126 plus darkbrown pixels y>=117""}},{""direction"":""SE"",""frame"":0,""templateBounds"":{""x"":48,""y"":11,""w"":52,""h"":124},""rawNormalizedBounds"":{""x"":49,""y"":8,""w"":59,""h"":132},""registration"":{""source"":[49,8,59,132],""target"":[48,11,52,124],""method"":""per-cell bbox affine registration; may anisotropically resize edited cloth""},""protectedPixelCount"":5198,""bodyAlphaConstraint"":{""startY"":40,""rule"":""template alpha retained below local master y40; this is a mask constraint, not an independent pose measurement""},""maskRules"":{""face"":""front direction skin-colour pixels local y12..37 within16px ofbboxcentre"",""hands"":""skin-colour pixels local y55..89 beyond15px ofbboxcentre"",""feet"":""all y>=126 plus darkbrown pixels y>=117""}},{""direction"":""SW"",""frame"":0,""templateBounds"":{""x"":50,""y"":13,""w"":53,""h"":122},""rawNormalizedBounds"":{""x"":55,""y"":10,""w"":61,""h"":131},""registration"":{""source"":[55,10,61,131],""target"":[50,13,53,122],""method"":""per-cell bbox affine registration; may anisotropically resize edited cloth""},""protectedPixelCount"":5172,""bodyAlphaConstraint"":{""startY"":40,""rule"":""template alpha retained below local master y40; this is a mask constraint, not an independent pose measurement""},""maskRules"":{""face"":""front direction skin-colour pixels local y12..37 within16px ofbboxcentre"",""hands"":""skin-colour pixels local y55..89 beyond15px ofbboxcentre"",""feet"":""all y>=126 plus darkbrown pixels y>=117""}},{""direction"":""NW"",""frame"":0,""templateBounds"":{""x"":41,""y"":11,""w"":56,""h"":123},""rawNormalizedBounds"":{""x"":48,""y"":9,""w"":64,""h"":131},""registration"":{""source"":[48,9,64,131],""target"":[41,11,56,123],""method"":""per-cell bbox affine registration; may anisotropically resize edited cloth""},""protectedPixelCount"":4747,""bodyAlphaConstraint"":{""startY"":40,""rule"":""template alpha retained below local master y40; this is a mask constraint, not an independent pose measurement""},""maskRules"":{""face"":""front direction skin-colour pixels local y12..37 within16px ofbboxcentre"",""hands"":""skin-colour pixels local y55..89 beyond15px ofbboxcentre"",""feet"":""all y>=126 plus darkbrown pixels y>=117""}},{""direction"":""NE"",""frame"":1,""templateBounds"":{""x"":58,""y"":9,""w"":50,""h"":122},""rawNormalizedBounds"":{""x"":55,""y"":9,""w"":59,""h"":130},""registration"":{""source"":[55,9,59,130],""target"":[58,9,50,122],""method"":""per-cell bbox affine registration; may anisotropically resize edited cloth""},""protectedPixelCount"":4813,""bodyAlphaConstraint"":{""startY"":40,""rule"":""template alpha retained below local master y40; this is a mask constraint, not an independent pose measurement""},""maskRules"":{""face"":""front direction skin-colour pixels local y12..37 within16px ofbboxcentre"",""hands"":""skin-colour pixels local y55..89 beyond15px ofbboxcentre"",""feet"":""all y>=126 plus darkbrown pixels y>=117""}},{""direction"":""SE"",""frame"":1,""templateBounds"":{""x"":50,""y"":6,""w"":53,""h"":123},""rawNormalizedBounds"":{""x"":50,""y"":6,""w"":60,""h"":132},""registration"":{""source"":[50,6,60,132],""target"":[50,6,53,123],""method"":""per-cell bbox affine registration; may anisotropically resize edited cloth""},""protectedPixelCount"":5417,""bodyAlphaConstraint"":{""startY"":40,""rule"":""template alpha retained below local master y40; this is a mask constraint, not an independent pose measurement""},""maskRules"":{""face"":""front direction skin-colour pixels local y12..37 within16px ofbboxcentre"",""hands"":""skin-colour pixels local y55..89 beyond15px ofbboxcentre"",""feet"":""all y>=126 plus darkbrown pixels y>=117""}},{""direction"":""SW"",""frame"":1,""templateBounds"":{""x"":44,""y"":6,""w"":55,""h"":123},""rawNormalizedBounds"":{""x"":50,""y"":7,""w"":62,""h"":131},""registration"":{""source"":[50,7,62,131],""target"":[44,6,55,123],""method"":""per-cell bbox affine registration; may anisotropically resize edited cloth""},""protectedPixelCount"":5486,""bodyAlphaConstraint"":{""startY"":40,""rule"":""template alpha retained below local master y40; this is a mask constraint, not an independent pose measurement""},""maskRules"":{""face"":""front direction skin-colour pixels local y12..37 within16px ofbboxcentre"",""hands"":""skin-colour pixels local y55..89 beyond15px ofbboxcentre"",""feet"":""all y>=126 plus darkbrown pixels y>=117""}},{""direction"":""NW"",""frame"":1,""templateBounds"":{""x"":42,""y"":9,""w"":49,""h"":122},""rawNormalizedBounds"":{""x"":48,""y"":9,""w"":57,""h"":130},""registration"":{""source"":[48,9,57,130],""target"":[42,9,49,122],""method"":""per-cell bbox affine registration; may anisotropically resize edited cloth""},""protectedPixelCount"":4796,""bodyAlphaConstraint"":{""startY"":40,""rule"":""template alpha retained below local master y40; this is a mask constraint, not an independent pose measurement""},""maskRules"":{""face"":""front direction skin-colour pixels local y12..37 within16px ofbboxcentre"",""hands"":""skin-colour pixels local y55..89 beyond15px ofbboxcentre"",""feet"":""all y>=126 plus darkbrown pixels y>=117""}}]}","{}","{""status"":""candidate; inspected all 8 directions/frames visually"",""rawModelPixelExact"":false,""anatomy"":""original classified face/hand/feet pixels restored; skin mask is heuristic and exact pixel equality alone does not prove all anatomical landmarks"",""constraintWarning"":""body alpha is constrained by compositor; do not report this as independent generated pose accuracy"",""limitations"":[""Original foot pixels may retain a small original hem at ankle."",""Same template body build retained, face anatomy not a new body design."",""Raw edit is not pixel exact and is preserved for audit.""],""measurements"":[{""id"":""wk_labor_f_03-v1"",""direction"":""NE"",""frame"":0,""headProxyFinalPx"":0.4843988866915022,""footFinalPx"":0,""lowerBodyAlphaDifferentMasterPixels"":0},{""id"":""wk_labor_f_03-v1"",""direction"":""SE"",""frame"":0,""headProxyFinalPx"":0.10308149418481229,""footFinalPx"":0,""lowerBodyAlphaDifferentMasterPixels"":0},{""id"":""wk_labor_f_03-v1"",""direction"":""SW"",""frame"":0,""headProxyFinalPx"":0.18277095337514507,""footFinalPx"":0,""lowerBodyAlphaDifferentMasterPixels"":0},{""id"":""wk_labor_f_03-v1"",""direction"":""NW"",""frame"":0,""headProxyFinalPx"":0.3566373104824207,""footFinalPx"":0,""lowerBodyAlphaDifferentMasterPixels"":0},{""id"":""wk_labor_f_03-v1"",""direction"":""NE"",""frame"":1,""headProxyFinalPx"":0.42621892877739387,""footFinalPx"":0,""lowerBodyAlphaDifferentMasterPixels"":0},{""id"":""wk_labor_f_03-v1"",""direction"":""SE"",""frame"":1,""headProxyFinalPx"":0.25787390398507226,""footFinalPx"":0,""lowerBodyAlphaDifferentMasterPixels"":0},{""id"":""wk_labor_f_03-v1"",""direction"":""SW"",""frame"":1,""headProxyFinalPx"":0.29822161565081895,""footFinalPx"":0,""lowerBodyAlphaDifferentMasterPixels"":0},{""id"":""wk_labor_f_03-v1"",""direction"":""NW"",""frame"":1,""headProxyFinalPx"":0.4141988272124035,""footFinalPx"":0,""lowerBodyAlphaDifferentMasterPixels"":0}],""lowerBody"":""56/56 cells exact alpha y100..147; foot displacement 0"",""head"":""maximum head silhouette centroid proxy 0.769 finalpx; anatomical head landmarks not independently certified"",""direction"":""NE/SE/SW/NW and two leg phases preserved through template registration; folds are not physically animated or runtime verified""}"
"wk_labor_f_04-v1","assets/workers/wk_labor_f_04-v1.png","walker_sheet","candidate","296","148","8a71d833ecd016a5b246408ee35efd1267a711b467563690ced050008534f501","[{""id"":""wk_labor_f_04-v1"",""sex"":""f"",""design"":""faded madder brick-red kirtle, short dusty blue headscarf tied at nape, charcoal waist apron"",""template"":""actor_civilian_woman-v1.png"",""prompt"":""Use case: identity-preserve. EDIT the input sprite sheet only. Do not invent new people, poses or frame layouts. Retain eight exact figures, four columns NE SE SW NW, two gait frames, same camera and stance. Change ONLY clothes and headwear to: faded madder brick-red kirtle, short dusty blue headscarf tied at nape, charcoal waist apron. Southern England 1300-1450 hand-painted small game walker style, muted historically available dyes. Keep face, hands, feet positions and silhouettes exactly in place; do not change hem boundary, head height or width. No tools/props. Transparent background. Preserve the input 2:1 sheet with each cell in exactly its original position. No grid, no labels, no shadow, no extra characters."",""rawSource"":""sources/walkers/wk_labor_f_04-v1-raw.png"",""tool"":""image_gen.imagegen"",""model"":null,""seed"":null,""referenced_image_paths"":[""templates/actor_civilian_woman-v1.png""]}]","{""script"":""records/walkers-process.cjs"",""masterSize"":[592,296],""finalSize"":[296,148],""downsample"":0.5,""cells"":[{""direction"":""NE"",""frame"":0,""templateBounds"":{""x"":51,""y"":11,""w"":56,""h"":123},""rawNormalizedBounds"":{""x"":48,""y"":9,""w"":63,""h"":130},""registration"":{""source"":[48,9,63,130],""target"":[51,11,56,123],""method"":""per-cell bbox affine registration; may anisotropically resize edited cloth""},""protectedPixelCount"":4789,""bodyAlphaConstraint"":{""startY"":40,""rule"":""template alpha retained below local master y40; this is a mask constraint, not an independent pose measurement""},""maskRules"":{""face"":""front direction skin-colour pixels local y12..37 within16px ofbboxcentre"",""hands"":""skin-colour pixels local y55..89 beyond15px ofbboxcentre"",""feet"":""all y>=126 plus darkbrown pixels y>=117""}},{""direction"":""SE"",""frame"":0,""templateBounds"":{""x"":48,""y"":11,""w"":52,""h"":124},""rawNormalizedBounds"":{""x"":46,""y"":9,""w"":60,""h"":130},""registration"":{""source"":[46,9,60,130],""target"":[48,11,52,124],""method"":""per-cell bbox affine registration; may anisotropically resize edited cloth""},""protectedPixelCount"":5198,""bodyAlphaConstraint"":{""startY"":40,""rule"":""template alpha retained below local master y40; this is a mask constraint, not an independent pose measurement""},""maskRules"":{""face"":""front direction skin-colour pixels local y12..37 within16px ofbboxcentre"",""hands"":""skin-colour pixels local y55..89 beyond15px ofbboxcentre"",""feet"":""all y>=126 plus darkbrown pixels y>=117""}},{""direction"":""SW"",""frame"":0,""templateBounds"":{""x"":50,""y"":13,""w"":53,""h"":122},""rawNormalizedBounds"":{""x"":47,""y"":10,""w"":62,""h"":129},""registration"":{""source"":[47,10,62,129],""target"":[50,13,53,122],""method"":""per-cell bbox affine registration; may anisotropically resize edited cloth""},""protectedPixelCount"":5172,""bodyAlphaConstraint"":{""startY"":40,""rule"":""template alpha retained below local master y40; this is a mask constraint, not an independent pose measurement""},""maskRules"":{""face"":""front direction skin-colour pixels local y12..37 within16px ofbboxcentre"",""hands"":""skin-colour pixels local y55..89 beyond15px ofbboxcentre"",""feet"":""all y>=126 plus darkbrown pixels y>=117""}},{""direction"":""NW"",""frame"":0,""templateBounds"":{""x"":41,""y"":11,""w"":56,""h"":123},""rawNormalizedBounds"":{""x"":41,""y"":10,""w"":64,""h"":129},""registration"":{""source"":[41,10,64,129],""target"":[41,11,56,123],""method"":""per-cell bbox affine registration; may anisotropically resize edited cloth""},""protectedPixelCount"":4747,""bodyAlphaConstraint"":{""startY"":40,""rule"":""template alpha retained below local master y40; this is a mask constraint, not an independent pose measurement""},""maskRules"":{""face"":""front direction skin-colour pixels local y12..37 within16px ofbboxcentre"",""hands"":""skin-colour pixels local y55..89 beyond15px ofbboxcentre"",""feet"":""all y>=126 plus darkbrown pixels y>=117""}},{""direction"":""NE"",""frame"":1,""templateBounds"":{""x"":58,""y"":9,""w"":50,""h"":122},""rawNormalizedBounds"":{""x"":55,""y"":8,""w"":56,""h"":129},""registration"":{""source"":[55,8,56,129],""target"":[58,9,50,122],""method"":""per-cell bbox affine registration; may anisotropically resize edited cloth""},""protectedPixelCount"":4813,""bodyAlphaConstraint"":{""startY"":40,""rule"":""template alpha retained below local master y40; this is a mask constraint, not an independent pose measurement""},""maskRules"":{""face"":""front direction skin-colour pixels local y12..37 within16px ofbboxcentre"",""hands"":""skin-colour pixels local y55..89 beyond15px ofbboxcentre"",""feet"":""all y>=126 plus darkbrown pixels y>=117""}},{""direction"":""SE"",""frame"":1,""templateBounds"":{""x"":50,""y"":6,""w"":53,""h"":123},""rawNormalizedBounds"":{""x"":46,""y"":5,""w"":62,""h"":129},""registration"":{""source"":[46,5,62,129],""target"":[50,6,53,123],""method"":""per-cell bbox affine registration; may anisotropically resize edited cloth""},""protectedPixelCount"":5417,""bodyAlphaConstraint"":{""startY"":40,""rule"":""template alpha retained below local master y40; this is a mask constraint, not an independent pose measurement""},""maskRules"":{""face"":""front direction skin-colour pixels local y12..37 within16px ofbboxcentre"",""hands"":""skin-colour pixels local y55..89 beyond15px ofbboxcentre"",""feet"":""all y>=126 plus darkbrown pixels y>=117""}},{""direction"":""SW"",""frame"":1,""templateBounds"":{""x"":44,""y"":6,""w"":55,""h"":123},""rawNormalizedBounds"":{""x"":41,""y"":5,""w"":63,""h"":129},""registration"":{""source"":[41,5,63,129],""target"":[44,6,55,123],""method"":""per-cell bbox affine registration; may anisotropically resize edited cloth""},""protectedPixelCount"":5486,""bodyAlphaConstraint"":{""startY"":40,""rule"":""template alpha retained below local master y40; this is a mask constraint, not an independent pose measurement""},""maskRules"":{""face"":""front direction skin-colour pixels local y12..37 within16px ofbboxcentre"",""hands"":""skin-colour pixels local y55..89 beyond15px ofbboxcentre"",""feet"":""all y>=126 plus darkbrown pixels y>=117""}},{""direction"":""NW"",""frame"":1,""templateBounds"":{""x"":42,""y"":9,""w"":49,""h"":122},""rawNormalizedBounds"":{""x"":41,""y"":9,""w"":56,""h"":128},""registration"":{""source"":[41,9,56,128],""target"":[42,9,49,122],""method"":""per-cell bbox affine registration; may anisotropically resize edited cloth""},""protectedPixelCount"":4796,""bodyAlphaConstraint"":{""startY"":40,""rule"":""template alpha retained below local master y40; this is a mask constraint, not an independent pose measurement""},""maskRules"":{""face"":""front direction skin-colour pixels local y12..37 within16px ofbboxcentre"",""hands"":""skin-colour pixels local y55..89 beyond15px ofbboxcentre"",""feet"":""all y>=126 plus darkbrown pixels y>=117""}}]}","{}","{""status"":""candidate; inspected all 8 directions/frames visually"",""rawModelPixelExact"":false,""anatomy"":""original classified face/hand/feet pixels restored; skin mask is heuristic and exact pixel equality alone does not prove all anatomical landmarks"",""constraintWarning"":""body alpha is constrained by compositor; do not report this as independent generated pose accuracy"",""limitations"":[""Original foot pixels may retain a small original hem at ankle."",""Same template body build retained, face anatomy not a new body design."",""Raw edit is not pixel exact and is preserved for audit.""],""measurements"":[{""id"":""wk_labor_f_04-v1"",""direction"":""NE"",""frame"":0,""headProxyFinalPx"":0.32483054890887103,""footFinalPx"":0,""lowerBodyAlphaDifferentMasterPixels"":0},{""id"":""wk_labor_f_04-v1"",""direction"":""SE"",""frame"":0,""headProxyFinalPx"":0.21294861928827524,""footFinalPx"":0,""lowerBodyAlphaDifferentMasterPixels"":0},{""id"":""wk_labor_f_04-v1"",""direction"":""SW"",""frame"":0,""headProxyFinalPx"":0.1539482704188839,""footFinalPx"":0,""lowerBodyAlphaDifferentMasterPixels"":0},{""id"":""wk_labor_f_04-v1"",""direction"":""NW"",""frame"":0,""headProxyFinalPx"":0.29516535662777915,""footFinalPx"":0,""lowerBodyAlphaDifferentMasterPixels"":0},{""id"":""wk_labor_f_04-v1"",""direction"":""NE"",""frame"":1,""headProxyFinalPx"":0.5522010059668138,""footFinalPx"":0,""lowerBodyAlphaDifferentMasterPixels"":0},{""id"":""wk_labor_f_04-v1"",""direction"":""SE"",""frame"":1,""headProxyFinalPx"":0.7147054866927792,""footFinalPx"":0,""lowerBodyAlphaDifferentMasterPixels"":0},{""id"":""wk_labor_f_04-v1"",""direction"":""SW"",""frame"":1,""headProxyFinalPx"":0.13622989234070934,""footFinalPx"":0,""lowerBodyAlphaDifferentMasterPixels"":0},{""id"":""wk_labor_f_04-v1"",""direction"":""NW"",""frame"":1,""headProxyFinalPx"":0.2621407565402552,""footFinalPx"":0,""lowerBodyAlphaDifferentMasterPixels"":0}],""lowerBody"":""56/56 cells exact alpha y100..147; foot displacement 0"",""head"":""maximum head silhouette centroid proxy 0.769 finalpx; anatomical head landmarks not independently certified"",""direction"":""NE/SE/SW/NW and two leg phases preserved through template registration; folds are not physically animated or runtime verified""}"
"wk_labor_f_05-v1","assets/workers/wk_labor_f_05-v1.png","walker_sheet","candidate","296","148","fc257ed689f18b269d1fee3ff92ca0e41832e288bb7e014d6e3bd7dd0e411e09","[{""id"":""wk_labor_f_05-v1"",""sex"":""f"",""design"":""light natural warm oatmeal grey kirtle, compact soft moss-green coif, muted reddish waist apron"",""template"":""actor_civilian_woman-v1.png"",""prompt"":""Use case: identity-preserve. EDIT the input sprite sheet only. Do not invent new people, poses or frame layouts. Retain eight exact figures, four columns NE SE SW NW, two gait frames, same camera and stance. Change ONLY clothes and headwear to: light natural warm oatmeal grey kirtle, compact soft moss-green coif, muted reddish waist apron. Southern England 1300-1450 hand-painted small game walker style, muted historically available dyes. Keep face, hands, feet positions and silhouettes exactly in place; do not change hem boundary, head height or width. No tools/props. Transparent background. Preserve the input 2:1 sheet with each cell in exactly its original position. No grid, no labels, no shadow, no extra characters."",""rawSource"":""sources/walkers/wk_labor_f_05-v1-raw.png"",""tool"":""image_gen.imagegen"",""model"":null,""seed"":null,""referenced_image_paths"":[""templates/actor_civilian_woman-v1.png""]}]","{""script"":""records/walkers-process.cjs"",""masterSize"":[592,296],""finalSize"":[296,148],""downsample"":0.5,""cells"":[{""direction"":""NE"",""frame"":0,""templateBounds"":{""x"":51,""y"":11,""w"":56,""h"":123},""rawNormalizedBounds"":{""x"":50,""y"":9,""w"":62,""h"":130},""registration"":{""source"":[50,9,62,130],""target"":[51,11,56,123],""method"":""per-cell bbox affine registration; may anisotropically resize edited cloth""},""protectedPixelCount"":4789,""bodyAlphaConstraint"":{""startY"":40,""rule"":""template alpha retained below local master y40; this is a mask constraint, not an independent pose measurement""},""maskRules"":{""face"":""front direction skin-colour pixels local y12..37 within16px ofbboxcentre"",""hands"":""skin-colour pixels local y55..89 beyond15px ofbboxcentre"",""feet"":""all y>=126 plus darkbrown pixels y>=117""}},{""direction"":""SE"",""frame"":0,""templateBounds"":{""x"":48,""y"":11,""w"":52,""h"":124},""rawNormalizedBounds"":{""x"":50,""y"":10,""w"":59,""h"":130},""registration"":{""source"":[50,10,59,130],""target"":[48,11,52,124],""method"":""per-cell bbox affine registration; may anisotropically resize edited cloth""},""protectedPixelCount"":5198,""bodyAlphaConstraint"":{""startY"":40,""rule"":""template alpha retained below local master y40; this is a mask constraint, not an independent pose measurement""},""maskRules"":{""face"":""front direction skin-colour pixels local y12..37 within16px ofbboxcentre"",""hands"":""skin-colour pixels local y55..89 beyond15px ofbboxcentre"",""feet"":""all y>=126 plus darkbrown pixels y>=117""}},{""direction"":""SW"",""frame"":0,""templateBounds"":{""x"":50,""y"":13,""w"":53,""h"":122},""rawNormalizedBounds"":{""x"":55,""y"":11,""w"":59,""h"":129},""registration"":{""source"":[55,11,59,129],""target"":[50,13,53,122],""method"":""per-cell bbox affine registration; may anisotropically resize edited cloth""},""protectedPixelCount"":5172,""bodyAlphaConstraint"":{""startY"":40,""rule"":""template alpha retained below local master y40; this is a mask constraint, not an independent pose measurement""},""maskRules"":{""face"":""front direction skin-colour pixels local y12..37 within16px ofbboxcentre"",""hands"":""skin-colour pixels local y55..89 beyond15px ofbboxcentre"",""feet"":""all y>=126 plus darkbrown pixels y>=117""}},{""direction"":""NW"",""frame"":0,""templateBounds"":{""x"":41,""y"":11,""w"":56,""h"":123},""rawNormalizedBounds"":{""x"":48,""y"":10,""w"":62,""h"":130},""registration"":{""source"":[48,10,62,130],""target"":[41,11,56,123],""method"":""per-cell bbox affine registration; may anisotropically resize edited cloth""},""protectedPixelCount"":4747,""bodyAlphaConstraint"":{""startY"":40,""rule"":""template alpha retained below local master y40; this is a mask constraint, not an independent pose measurement""},""maskRules"":{""face"":""front direction skin-colour pixels local y12..37 within16px ofbboxcentre"",""hands"":""skin-colour pixels local y55..89 beyond15px ofbboxcentre"",""feet"":""all y>=126 plus darkbrown pixels y>=117""}},{""direction"":""NE"",""frame"":1,""templateBounds"":{""x"":58,""y"":9,""w"":50,""h"":122},""rawNormalizedBounds"":{""x"":57,""y"":11,""w"":56,""h"":128},""registration"":{""source"":[57,11,56,128],""target"":[58,9,50,122],""method"":""per-cell bbox affine registration; may anisotropically resize edited cloth""},""protectedPixelCount"":4813,""bodyAlphaConstraint"":{""startY"":40,""rule"":""template alpha retained below local master y40; this is a mask constraint, not an independent pose measurement""},""maskRules"":{""face"":""front direction skin-colour pixels local y12..37 within16px ofbboxcentre"",""hands"":""skin-colour pixels local y55..89 beyond15px ofbboxcentre"",""feet"":""all y>=126 plus darkbrown pixels y>=117""}},{""direction"":""SE"",""frame"":1,""templateBounds"":{""x"":50,""y"":6,""w"":53,""h"":123},""rawNormalizedBounds"":{""x"":51,""y"":7,""w"":60,""h"":130},""registration"":{""source"":[51,7,60,130],""target"":[50,6,53,123],""method"":""per-cell bbox affine registration; may anisotropically resize edited cloth""},""protectedPixelCount"":5417,""bodyAlphaConstraint"":{""startY"":40,""rule"":""template alpha retained below local master y40; this is a mask constraint, not an independent pose measurement""},""maskRules"":{""face"":""front direction skin-colour pixels local y12..37 within16px ofbboxcentre"",""hands"":""skin-colour pixels local y55..89 beyond15px ofbboxcentre"",""feet"":""all y>=126 plus darkbrown pixels y>=117""}},{""direction"":""SW"",""frame"":1,""templateBounds"":{""x"":44,""y"":6,""w"":55,""h"":123},""rawNormalizedBounds"":{""x"":50,""y"":7,""w"":60,""h"":130},""registration"":{""source"":[50,7,60,130],""target"":[44,6,55,123],""method"":""per-cell bbox affine registration; may anisotropically resize edited cloth""},""protectedPixelCount"":5486,""bodyAlphaConstraint"":{""startY"":40,""rule"":""template alpha retained below local master y40; this is a mask constraint, not an independent pose measurement""},""maskRules"":{""face"":""front direction skin-colour pixels local y12..37 within16px ofbboxcentre"",""hands"":""skin-colour pixels local y55..89 beyond15px ofbboxcentre"",""feet"":""all y>=126 plus darkbrown pixels y>=117""}},{""direction"":""NW"",""frame"":1,""templateBounds"":{""x"":42,""y"":9,""w"":49,""h"":122},""rawNormalizedBounds"":{""x"":48,""y"":11,""w"":55,""h"":128},""registration"":{""source"":[48,11,55,128],""target"":[42,9,49,122],""method"":""per-cell bbox affine registration; may anisotropically resize edited cloth""},""protectedPixelCount"":4796,""bodyAlphaConstraint"":{""startY"":40,""rule"":""template alpha retained below local master y40; this is a mask constraint, not an independent pose measurement""},""maskRules"":{""face"":""front direction skin-colour pixels local y12..37 within16px ofbboxcentre"",""hands"":""skin-colour pixels local y55..89 beyond15px ofbboxcentre"",""feet"":""all y>=126 plus darkbrown pixels y>=117""}}]}","{}","{""status"":""candidate; inspected all 8 directions/frames visually"",""rawModelPixelExact"":false,""anatomy"":""original classified face/hand/feet pixels restored; skin mask is heuristic and exact pixel equality alone does not prove all anatomical landmarks"",""constraintWarning"":""body alpha is constrained by compositor; do not report this as independent generated pose accuracy"",""limitations"":[""Original foot pixels may retain a small original hem at ankle."",""Same template body build retained, face anatomy not a new body design."",""Raw edit is not pixel exact and is preserved for audit.""],""measurements"":[{""id"":""wk_labor_f_05-v1"",""direction"":""NE"",""frame"":0,""headProxyFinalPx"":0.3301854211524781,""footFinalPx"":0,""lowerBodyAlphaDifferentMasterPixels"":0},{""id"":""wk_labor_f_05-v1"",""direction"":""SE"",""frame"":0,""headProxyFinalPx"":0.24089415199274683,""footFinalPx"":0,""lowerBodyAlphaDifferentMasterPixels"":0},{""id"":""wk_labor_f_05-v1"",""direction"":""SW"",""frame"":0,""headProxyFinalPx"":0.2097104971729375,""footFinalPx"":0,""lowerBodyAlphaDifferentMasterPixels"":0},{""id"":""wk_labor_f_05-v1"",""direction"":""NW"",""frame"":0,""headProxyFinalPx"":0.4369268167002251,""footFinalPx"":0,""lowerBodyAlphaDifferentMasterPixels"":0},{""id"":""wk_labor_f_05-v1"",""direction"":""NE"",""frame"":1,""headProxyFinalPx"":0.42650780228252444,""footFinalPx"":0,""lowerBodyAlphaDifferentMasterPixels"":0},{""id"":""wk_labor_f_05-v1"",""direction"":""SE"",""frame"":1,""headProxyFinalPx"":0.3648796042725884,""footFinalPx"":0,""lowerBodyAlphaDifferentMasterPixels"":0},{""id"":""wk_labor_f_05-v1"",""direction"":""SW"",""frame"":1,""headProxyFinalPx"":0.43051050192902357,""footFinalPx"":0,""lowerBodyAlphaDifferentMasterPixels"":0},{""id"":""wk_labor_f_05-v1"",""direction"":""NW"",""frame"":1,""headProxyFinalPx"":0.48380819713779577,""footFinalPx"":0,""lowerBodyAlphaDifferentMasterPixels"":0}],""lowerBody"":""56/56 cells exact alpha y100..147; foot displacement 0"",""head"":""maximum head silhouette centroid proxy 0.769 finalpx; anatomical head landmarks not independently certified"",""direction"":""NE/SE/SW/NW and two leg phases preserved through template registration; folds are not physically animated or runtime verified""}"
"wk_servant_f_03-v1","assets/workers/wk_servant_f_03-v1.png","walker_sheet","candidate","296","148","0782b3d9f7c9f2027eca220ab7e05e034fc8b8f89ba484ae925469ec18c42860","[{""id"":""wk_servant_f_03-v1"",""sex"":""f"",""design"":""muted brick red practical kirtle, small pale cream close tied cap with no long veil, light grey waist apron, narrow red livery wrist patch"",""template"":""actor_civilian_woman-v1.png"",""prompt"":""Use case: identity-preserve. EDIT the input sprite sheet only. Do not invent new people, poses or frame layouts. Retain eight exact figures, four columns NE SE SW NW, two gait frames, same camera and stance. Change ONLY clothes and headwear to: muted brick red practical kirtle, small pale cream close tied cap with no long veil, light grey waist apron, narrow red livery wrist patch. Southern England 1300-1450 hand-painted small game walker style, muted historically available dyes. Keep face, hands, feet positions and silhouettes exactly in place; do not change hem boundary, head height or width. No tools/props. Transparent background. Preserve the input 2:1 sheet with each cell in exactly its original position. No grid, no labels, no shadow, no extra characters."",""rawSource"":""sources/walkers/wk_servant_f_03-v1-raw.png"",""tool"":""image_gen.imagegen"",""model"":null,""seed"":null,""referenced_image_paths"":[""templates/actor_civilian_woman-v1.png""]}]","{""script"":""records/walkers-process.cjs"",""masterSize"":[592,296],""finalSize"":[296,148],""downsample"":0.5,""cells"":[{""direction"":""NE"",""frame"":0,""templateBounds"":{""x"":51,""y"":11,""w"":56,""h"":123},""rawNormalizedBounds"":{""x"":49,""y"":10,""w"":60,""h"":128},""registration"":{""source"":[49,10,60,128],""target"":[51,11,56,123],""method"":""per-cell bbox affine registration; may anisotropically resize edited cloth""},""protectedPixelCount"":4789,""bodyAlphaConstraint"":{""startY"":40,""rule"":""template alpha retained below local master y40; this is a mask constraint, not an independent pose measurement""},""maskRules"":{""face"":""front direction skin-colour pixels local y12..37 within16px ofbboxcentre"",""hands"":""skin-colour pixels local y55..89 beyond15px ofbboxcentre"",""feet"":""all y>=126 plus darkbrown pixels y>=117""}},{""direction"":""SE"",""frame"":0,""templateBounds"":{""x"":48,""y"":11,""w"":52,""h"":124},""rawNormalizedBounds"":{""x"":48,""y"":9,""w"":59,""h"":130},""registration"":{""source"":[48,9,59,130],""target"":[48,11,52,124],""method"":""per-cell bbox affine registration; may anisotropically resize edited cloth""},""protectedPixelCount"":5198,""bodyAlphaConstraint"":{""startY"":40,""rule"":""template alpha retained below local master y40; this is a mask constraint, not an independent pose measurement""},""maskRules"":{""face"":""front direction skin-colour pixels local y12..37 within16px ofbboxcentre"",""hands"":""skin-colour pixels local y55..89 beyond15px ofbboxcentre"",""feet"":""all y>=126 plus darkbrown pixels y>=117""}},{""direction"":""SW"",""frame"":0,""templateBounds"":{""x"":50,""y"":13,""w"":53,""h"":122},""rawNormalizedBounds"":{""x"":55,""y"":10,""w"":58,""h"":130},""registration"":{""source"":[55,10,58,130],""target"":[50,13,53,122],""method"":""per-cell bbox affine registration; may anisotropically resize edited cloth""},""protectedPixelCount"":5172,""bodyAlphaConstraint"":{""startY"":40,""rule"":""template alpha retained below local master y40; this is a mask constraint, not an independent pose measurement""},""maskRules"":{""face"":""front direction skin-colour pixels local y12..37 within16px ofbboxcentre"",""hands"":""skin-colour pixels local y55..89 beyond15px ofbboxcentre"",""feet"":""all y>=126 plus darkbrown pixels y>=117""}},{""direction"":""NW"",""frame"":0,""templateBounds"":{""x"":41,""y"":11,""w"":56,""h"":123},""rawNormalizedBounds"":{""x"":48,""y"":11,""w"":61,""h"":128},""registration"":{""source"":[48,11,61,128],""target"":[41,11,56,123],""method"":""per-cell bbox affine registration; may anisotropically resize edited cloth""},""protectedPixelCount"":4747,""bodyAlphaConstraint"":{""startY"":40,""rule"":""template alpha retained below local master y40; this is a mask constraint, not an independent pose measurement""},""maskRules"":{""face"":""front direction skin-colour pixels local y12..37 within16px ofbboxcentre"",""hands"":""skin-colour pixels local y55..89 beyond15px ofbboxcentre"",""feet"":""all y>=126 plus darkbrown pixels y>=117""}},{""direction"":""NE"",""frame"":1,""templateBounds"":{""x"":58,""y"":9,""w"":50,""h"":122},""rawNormalizedBounds"":{""x"":56,""y"":10,""w"":55,""h"":128},""registration"":{""source"":[56,10,55,128],""target"":[58,9,50,122],""method"":""per-cell bbox affine registration; may anisotropically resize edited cloth""},""protectedPixelCount"":4813,""bodyAlphaConstraint"":{""startY"":40,""rule"":""template alpha retained below local master y40; this is a mask constraint, not an independent pose measurement""},""maskRules"":{""face"":""front direction skin-colour pixels local y12..37 within16px ofbboxcentre"",""hands"":""skin-colour pixels local y55..89 beyond15px ofbboxcentre"",""feet"":""all y>=126 plus darkbrown pixels y>=117""}},{""direction"":""SE"",""frame"":1,""templateBounds"":{""x"":50,""y"":6,""w"":53,""h"":123},""rawNormalizedBounds"":{""x"":50,""y"":7,""w"":60,""h"":129},""registration"":{""source"":[50,7,60,129],""target"":[50,6,53,123],""method"":""per-cell bbox affine registration; may anisotropically resize edited cloth""},""protectedPixelCount"":5417,""bodyAlphaConstraint"":{""startY"":40,""rule"":""template alpha retained below local master y40; this is a mask constraint, not an independent pose measurement""},""maskRules"":{""face"":""front direction skin-colour pixels local y12..37 within16px ofbboxcentre"",""hands"":""skin-colour pixels local y55..89 beyond15px ofbboxcentre"",""feet"":""all y>=126 plus darkbrown pixels y>=117""}},{""direction"":""SW"",""frame"":1,""templateBounds"":{""x"":44,""y"":6,""w"":55,""h"":123},""rawNormalizedBounds"":{""x"":49,""y"":7,""w"":61,""h"":129},""registration"":{""source"":[49,7,61,129],""target"":[44,6,55,123],""method"":""per-cell bbox affine registration; may anisotropically resize edited cloth""},""protectedPixelCount"":5486,""bodyAlphaConstraint"":{""startY"":40,""rule"":""template alpha retained below local master y40; this is a mask constraint, not an independent pose measurement""},""maskRules"":{""face"":""front direction skin-colour pixels local y12..37 within16px ofbboxcentre"",""hands"":""skin-colour pixels local y55..89 beyond15px ofbboxcentre"",""feet"":""all y>=126 plus darkbrown pixels y>=117""}},{""direction"":""NW"",""frame"":1,""templateBounds"":{""x"":42,""y"":9,""w"":49,""h"":122},""rawNormalizedBounds"":{""x"":48,""y"":10,""w"":54,""h"":128},""registration"":{""source"":[48,10,54,128],""target"":[42,9,49,122],""method"":""per-cell bbox affine registration; may anisotropically resize edited cloth""},""protectedPixelCount"":4796,""bodyAlphaConstraint"":{""startY"":40,""rule"":""template alpha retained below local master y40; this is a mask constraint, not an independent pose measurement""},""maskRules"":{""face"":""front direction skin-colour pixels local y12..37 within16px ofbboxcentre"",""hands"":""skin-colour pixels local y55..89 beyond15px ofbboxcentre"",""feet"":""all y>=126 plus darkbrown pixels y>=117""}}]}","{}","{""status"":""candidate; inspected all 8 directions/frames visually"",""rawModelPixelExact"":false,""anatomy"":""original classified face/hand/feet pixels restored; skin mask is heuristic and exact pixel equality alone does not prove all anatomical landmarks"",""constraintWarning"":""body alpha is constrained by compositor; do not report this as independent generated pose accuracy"",""limitations"":[""Original foot pixels may retain a small original hem at ankle."",""Same template body build retained, face anatomy not a new body design."",""Raw edit is not pixel exact and is preserved for audit.""],""measurements"":[{""id"":""wk_servant_f_03-v1"",""direction"":""NE"",""frame"":0,""headProxyFinalPx"":0.22309976552552813,""footFinalPx"":0,""lowerBodyAlphaDifferentMasterPixels"":0},{""id"":""wk_servant_f_03-v1"",""direction"":""SE"",""frame"":0,""headProxyFinalPx"":0.40736033823761575,""footFinalPx"":0,""lowerBodyAlphaDifferentMasterPixels"":0},{""id"":""wk_servant_f_03-v1"",""direction"":""SW"",""frame"":0,""headProxyFinalPx"":0.2486469183889372,""footFinalPx"":0,""lowerBodyAlphaDifferentMasterPixels"":0},{""id"":""wk_servant_f_03-v1"",""direction"":""NW"",""frame"":0,""headProxyFinalPx"":0.7686231852455087,""footFinalPx"":0,""lowerBodyAlphaDifferentMasterPixels"":0},{""id"":""wk_servant_f_03-v1"",""direction"":""NE"",""frame"":1,""headProxyFinalPx"":0.25969599277616323,""footFinalPx"":0,""lowerBodyAlphaDifferentMasterPixels"":0},{""id"":""wk_servant_f_03-v1"",""direction"":""SE"",""frame"":1,""headProxyFinalPx"":0.7191112426784939,""footFinalPx"":0,""lowerBodyAlphaDifferentMasterPixels"":0},{""id"":""wk_servant_f_03-v1"",""direction"":""SW"",""frame"":1,""headProxyFinalPx"":0.2079633937180411,""footFinalPx"":0,""lowerBodyAlphaDifferentMasterPixels"":0},{""id"":""wk_servant_f_03-v1"",""direction"":""NW"",""frame"":1,""headProxyFinalPx"":0.19013920573555645,""footFinalPx"":0,""lowerBodyAlphaDifferentMasterPixels"":0}],""lowerBody"":""56/56 cells exact alpha y100..147; foot displacement 0"",""head"":""maximum head silhouette centroid proxy 0.769 finalpx; anatomical head landmarks not independently certified"",""direction"":""NE/SE/SW/NW and two leg phases preserved through template registration; folds are not physically animated or runtime verified""}"
"wk_servant_f_04-v1","assets/workers/wk_servant_f_04-v1.png","walker_sheet","candidate","296","148","13ed53b133aa6a37b0c9ed3f0a368a0f69bfbc02b3bf07280568c59af2186003","[{""id"":""wk_servant_f_04-v1"",""sex"":""f"",""design"":""dusty purple grey practical long kirtle, ochre short headwrap crossing at forehead tied behind head, no apron, narrow red livery cuff patch"",""template"":""actor_civilian_woman-v1.png"",""prompt"":""Use case: identity-preserve. EDIT the input sprite sheet only. Do not invent new people, poses or frame layouts. Retain eight exact figures, four columns NE SE SW NW, two gait frames, same camera and stance. Change ONLY clothes and headwear to: dusty purple grey practical long kirtle, ochre short headwrap crossing at forehead tied behind head, no apron, narrow red livery cuff patch. Southern England 1300-1450 hand-painted small game walker style, muted historically available dyes. Keep face, hands, feet positions and silhouettes exactly in place; do not change hem boundary, head height or width. No tools/props. Transparent background. Preserve the input 2:1 sheet with each cell in exactly its original position. No grid, no labels, no shadow, no extra characters."",""rawSource"":""sources/walkers/wk_servant_f_04-v1-raw.png"",""tool"":""image_gen.imagegen"",""model"":null,""seed"":null,""referenced_image_paths"":[""templates/actor_civilian_woman-v1.png""]}]","{""script"":""records/walkers-process.cjs"",""masterSize"":[592,296],""finalSize"":[296,148],""downsample"":0.5,""cells"":[{""direction"":""NE"",""frame"":0,""templateBounds"":{""x"":51,""y"":11,""w"":56,""h"":123},""rawNormalizedBounds"":{""x"":48,""y"":9,""w"":63,""h"":130},""registration"":{""source"":[48,9,63,130],""target"":[51,11,56,123],""method"":""per-cell bbox affine registration; may anisotropically resize edited cloth""},""protectedPixelCount"":4789,""bodyAlphaConstraint"":{""startY"":40,""rule"":""template alpha retained below local master y40; this is a mask constraint, not an independent pose measurement""},""maskRules"":{""face"":""front direction skin-colour pixels local y12..37 within16px ofbboxcentre"",""hands"":""skin-colour pixels local y55..89 beyond15px ofbboxcentre"",""feet"":""all y>=126 plus darkbrown pixels y>=117""}},{""direction"":""SE"",""frame"":0,""templateBounds"":{""x"":48,""y"":11,""w"":52,""h"":124},""rawNormalizedBounds"":{""x"":50,""y"":10,""w"":58,""h"":130},""registration"":{""source"":[50,10,58,130],""target"":[48,11,52,124],""method"":""per-cell bbox affine registration; may anisotropically resize edited cloth""},""protectedPixelCount"":5198,""bodyAlphaConstraint"":{""startY"":40,""rule"":""template alpha retained below local master y40; this is a mask constraint, not an independent pose measurement""},""maskRules"":{""face"":""front direction skin-colour pixels local y12..37 within16px ofbboxcentre"",""hands"":""skin-colour pixels local y55..89 beyond15px ofbboxcentre"",""feet"":""all y>=126 plus darkbrown pixels y>=117""}},{""direction"":""SW"",""frame"":0,""templateBounds"":{""x"":50,""y"":13,""w"":53,""h"":122},""rawNormalizedBounds"":{""x"":55,""y"":11,""w"":61,""h"":129},""registration"":{""source"":[55,11,61,129],""target"":[50,13,53,122],""method"":""per-cell bbox affine registration; may anisotropically resize edited cloth""},""protectedPixelCount"":5172,""bodyAlphaConstraint"":{""startY"":40,""rule"":""template alpha retained below local master y40; this is a mask constraint, not an independent pose measurement""},""maskRules"":{""face"":""front direction skin-colour pixels local y12..37 within16px ofbboxcentre"",""hands"":""skin-colour pixels local y55..89 beyond15px ofbboxcentre"",""feet"":""all y>=126 plus darkbrown pixels y>=117""}},{""direction"":""NW"",""frame"":0,""templateBounds"":{""x"":41,""y"":11,""w"":56,""h"":123},""rawNormalizedBounds"":{""x"":46,""y"":10,""w"":63,""h"":129},""registration"":{""source"":[46,10,63,129],""target"":[41,11,56,123],""method"":""per-cell bbox affine registration; may anisotropically resize edited cloth""},""protectedPixelCount"":4747,""bodyAlphaConstraint"":{""startY"":40,""rule"":""template alpha retained below local master y40; this is a mask constraint, not an independent pose measurement""},""maskRules"":{""face"":""front direction skin-colour pixels local y12..37 within16px ofbboxcentre"",""hands"":""skin-colour pixels local y55..89 beyond15px ofbboxcentre"",""feet"":""all y>=126 plus darkbrown pixels y>=117""}},{""direction"":""NE"",""frame"":1,""templateBounds"":{""x"":58,""y"":9,""w"":50,""h"":122},""rawNormalizedBounds"":{""x"":55,""y"":10,""w"":58,""h"":129},""registration"":{""source"":[55,10,58,129],""target"":[58,9,50,122],""method"":""per-cell bbox affine registration; may anisotropically resize edited cloth""},""protectedPixelCount"":4813,""bodyAlphaConstraint"":{""startY"":40,""rule"":""template alpha retained below local master y40; this is a mask constraint, not an independent pose measurement""},""maskRules"":{""face"":""front direction skin-colour pixels local y12..37 within16px ofbboxcentre"",""hands"":""skin-colour pixels local y55..89 beyond15px ofbboxcentre"",""feet"":""all y>=126 plus darkbrown pixels y>=117""}},{""direction"":""SE"",""frame"":1,""templateBounds"":{""x"":50,""y"":6,""w"":53,""h"":123},""rawNormalizedBounds"":{""x"":50,""y"":7,""w"":61,""h"":128},""registration"":{""source"":[50,7,61,128],""target"":[50,6,53,123],""method"":""per-cell bbox affine registration; may anisotropically resize edited cloth""},""protectedPixelCount"":5417,""bodyAlphaConstraint"":{""startY"":40,""rule"":""template alpha retained below local master y40; this is a mask constraint, not an independent pose measurement""},""maskRules"":{""face"":""front direction skin-colour pixels local y12..37 within16px ofbboxcentre"",""hands"":""skin-colour pixels local y55..89 beyond15px ofbboxcentre"",""feet"":""all y>=126 plus darkbrown pixels y>=117""}},{""direction"":""SW"",""frame"":1,""templateBounds"":{""x"":44,""y"":6,""w"":55,""h"":123},""rawNormalizedBounds"":{""x"":50,""y"":7,""w"":61,""h"":129},""registration"":{""source"":[50,7,61,129],""target"":[44,6,55,123],""method"":""per-cell bbox affine registration; may anisotropically resize edited cloth""},""protectedPixelCount"":5486,""bodyAlphaConstraint"":{""startY"":40,""rule"":""template alpha retained below local master y40; this is a mask constraint, not an independent pose measurement""},""maskRules"":{""face"":""front direction skin-colour pixels local y12..37 within16px ofbboxcentre"",""hands"":""skin-colour pixels local y55..89 beyond15px ofbboxcentre"",""feet"":""all y>=126 plus darkbrown pixels y>=117""}},{""direction"":""NW"",""frame"":1,""templateBounds"":{""x"":42,""y"":9,""w"":49,""h"":122},""rawNormalizedBounds"":{""x"":46,""y"":9,""w"":56,""h"":130},""registration"":{""source"":[46,9,56,130],""target"":[42,9,49,122],""method"":""per-cell bbox affine registration; may anisotropically resize edited cloth""},""protectedPixelCount"":4796,""bodyAlphaConstraint"":{""startY"":40,""rule"":""template alpha retained below local master y40; this is a mask constraint, not an independent pose measurement""},""maskRules"":{""face"":""front direction skin-colour pixels local y12..37 within16px ofbboxcentre"",""hands"":""skin-colour pixels local y55..89 beyond15px ofbboxcentre"",""feet"":""all y>=126 plus darkbrown pixels y>=117""}}]}","{}","{""status"":""candidate; inspected all 8 directions/frames visually"",""rawModelPixelExact"":false,""anatomy"":""original classified face/hand/feet pixels restored; skin mask is heuristic and exact pixel equality alone does not prove all anatomical landmarks"",""constraintWarning"":""body alpha is constrained by compositor; do not report this as independent generated pose accuracy"",""limitations"":[""Original foot pixels may retain a small original hem at ankle."",""Same template body build retained, face anatomy not a new body design."",""Raw edit is not pixel exact and is preserved for audit.""],""measurements"":[{""id"":""wk_servant_f_04-v1"",""direction"":""NE"",""frame"":0,""headProxyFinalPx"":0.3127930838781688,""footFinalPx"":0,""lowerBodyAlphaDifferentMasterPixels"":0},{""id"":""wk_servant_f_04-v1"",""direction"":""SE"",""frame"":0,""headProxyFinalPx"":0.309862388721239,""footFinalPx"":0,""lowerBodyAlphaDifferentMasterPixels"":0},{""id"":""wk_servant_f_04-v1"",""direction"":""SW"",""frame"":0,""headProxyFinalPx"":0.3015604462147467,""footFinalPx"":0,""lowerBodyAlphaDifferentMasterPixels"":0},{""id"":""wk_servant_f_04-v1"",""direction"":""NW"",""frame"":0,""headProxyFinalPx"":0.629470459814241,""footFinalPx"":0,""lowerBodyAlphaDifferentMasterPixels"":0},{""id"":""wk_servant_f_04-v1"",""direction"":""NE"",""frame"":1,""headProxyFinalPx"":0.21530053786641223,""footFinalPx"":0,""lowerBodyAlphaDifferentMasterPixels"":0},{""id"":""wk_servant_f_04-v1"",""direction"":""SE"",""frame"":1,""headProxyFinalPx"":0.672966058489856,""footFinalPx"":0,""lowerBodyAlphaDifferentMasterPixels"":0},{""id"":""wk_servant_f_04-v1"",""direction"":""SW"",""frame"":1,""headProxyFinalPx"":0.2618332443917315,""footFinalPx"":0,""lowerBodyAlphaDifferentMasterPixels"":0},{""id"":""wk_servant_f_04-v1"",""direction"":""NW"",""frame"":1,""headProxyFinalPx"":0.3500940514701991,""footFinalPx"":0,""lowerBodyAlphaDifferentMasterPixels"":0}],""lowerBody"":""56/56 cells exact alpha y100..147; foot displacement 0"",""head"":""maximum head silhouette centroid proxy 0.769 finalpx; anatomical head landmarks not independently certified"",""direction"":""NE/SE/SW/NW and two leg phases preserved through template registration; folds are not physically animated or runtime verified""}"
"wk_poor_m_02-v1","assets/workers/wk_poor_m_02-v1.png","walker_sheet","candidate","296","148","4144b3ab2bbbdb6e6c4c600d31a1b841d683e59f1eec215295bf9634ae21f1f6","[{""id"":""wk_poor_m_02-v1"",""sex"":""m"",""design"":""faded weld ochre knee tunic, frayed grey close coif, faded blue elbow repair patch and dull green front skirt patch, grey hose, empty hands"",""template"":""actor_civilian_man-v1.png"",""prompt"":""Use case: identity-preserve. EDIT the input sprite sheet only. Do not invent new people, poses or frame layouts. Retain eight exact figures, four columns NE SE SW NW, two gait frames, same camera and stance. Change ONLY clothes and headwear to: faded weld ochre knee tunic, frayed grey close coif, faded blue elbow repair patch and dull green front skirt patch, grey hose, empty hands. Southern England 1300-1450 hand-painted small game walker style, muted historically available dyes. Keep face, hands, feet positions and silhouettes exactly in place; do not change hem boundary, head height or width. No tools/props. Transparent background. Preserve the input 2:1 sheet with each cell in exactly its original position. No grid, no labels, no shadow, no extra characters."",""rawSource"":""sources/walkers/wk_poor_m_02-v1-raw.png"",""tool"":""image_gen.imagegen"",""model"":null,""seed"":null,""referenced_image_paths"":[""templates/actor_civilian_man-v1.png""]}]","{""script"":""records/walkers-process.cjs"",""masterSize"":[592,296],""finalSize"":[296,148],""downsample"":0.5,""cells"":[{""direction"":""NE"",""frame"":0,""templateBounds"":{""x"":62,""y"":5,""w"":60,""h"":130},""rawNormalizedBounds"":{""x"":60,""y"":3,""w"":68,""h"":137},""registration"":{""source"":[60,3,68,137],""target"":[62,5,60,130],""method"":""per-cell bbox affine registration; may anisotropically resize edited cloth""},""protectedPixelCount"":7622,""bodyAlphaConstraint"":{""startY"":40,""rule"":""template alpha retained below local master y40; this is a mask constraint, not an independent pose measurement""},""maskRules"":{""face"":""front direction skin-colour pixels local y12..37 within16px ofbboxcentre"",""hands"":""skin-colour pixels local y55..89 beyond15px ofbboxcentre"",""feet"":""all local y>=99""}},{""direction"":""SE"",""frame"":0,""templateBounds"":{""x"":43,""y"":6,""w"":58,""h"":131},""rawNormalizedBounds"":{""x"":45,""y"":5,""w"":65,""h"":136},""registration"":{""source"":[45,5,65,136],""target"":[43,6,58,131],""method"":""per-cell bbox affine registration; may anisotropically resize edited cloth""},""protectedPixelCount"":8127,""bodyAlphaConstraint"":{""startY"":40,""rule"":""template alpha retained below local master y40; this is a mask constraint, not an independent pose measurement""},""maskRules"":{""face"":""front direction skin-colour pixels local y12..37 within16px ofbboxcentre"",""hands"":""skin-colour pixels local y55..89 beyond15px ofbboxcentre"",""feet"":""all local y>=99""}},{""direction"":""SW"",""frame"":0,""templateBounds"":{""x"":46,""y"":6,""w"":57,""h"":130},""rawNormalizedBounds"":{""x"":52,""y"":4,""w"":63,""h"":137},""registration"":{""source"":[52,4,63,137],""target"":[46,6,57,130],""method"":""per-cell bbox affine registration; may anisotropically resize edited cloth""},""protectedPixelCount"":8136,""bodyAlphaConstraint"":{""startY"":40,""rule"":""template alpha retained below local master y40; this is a mask constraint, not an independent pose measurement""},""maskRules"":{""face"":""front direction skin-colour pixels local y12..37 within16px ofbboxcentre"",""hands"":""skin-colour pixels local y55..89 beyond15px ofbboxcentre"",""feet"":""all local y>=99""}},{""direction"":""NW"",""frame"":0,""templateBounds"":{""x"":25,""y"":5,""w"":61,""h"":131},""rawNormalizedBounds"":{""x"":33,""y"":3,""w"":68,""h"":137},""registration"":{""source"":[33,3,68,137],""target"":[25,5,61,131],""method"":""per-cell bbox affine registration; may anisotropically resize edited cloth""},""protectedPixelCount"":7687,""bodyAlphaConstraint"":{""startY"":40,""rule"":""template alpha retained below local master y40; this is a mask constraint, not an independent pose measurement""},""maskRules"":{""face"":""front direction skin-colour pixels local y12..37 within16px ofbboxcentre"",""hands"":""skin-colour pixels local y55..89 beyond15px ofbboxcentre"",""feet"":""all local y>=99""}},{""direction"":""NE"",""frame"":1,""templateBounds"":{""x"":62,""y"":4,""w"":62,""h"":131},""rawNormalizedBounds"":{""x"":60,""y"":5,""w"":70,""h"":138},""registration"":{""source"":[60,5,70,138],""target"":[62,4,62,131],""method"":""per-cell bbox affine registration; may anisotropically resize edited cloth""},""protectedPixelCount"":7577,""bodyAlphaConstraint"":{""startY"":40,""rule"":""template alpha retained below local master y40; this is a mask constraint, not an independent pose measurement""},""maskRules"":{""face"":""front direction skin-colour pixels local y12..37 within16px ofbboxcentre"",""hands"":""skin-colour pixels local y55..89 beyond15px ofbboxcentre"",""feet"":""all local y>=99""}},{""direction"":""SE"",""frame"":1,""templateBounds"":{""x"":45,""y"":3,""w"":61,""h"":133},""rawNormalizedBounds"":{""x"":46,""y"":5,""w"":68,""h"":138},""registration"":{""source"":[46,5,68,138],""target"":[45,3,61,133],""method"":""per-cell bbox affine registration; may anisotropically resize edited cloth""},""protectedPixelCount"":8161,""bodyAlphaConstraint"":{""startY"":40,""rule"":""template alpha retained below local master y40; this is a mask constraint, not an independent pose measurement""},""maskRules"":{""face"":""front direction skin-colour pixels local y12..37 within16px ofbboxcentre"",""hands"":""skin-colour pixels local y55..89 beyond15px ofbboxcentre"",""feet"":""all local y>=99""}},{""direction"":""SW"",""frame"":1,""templateBounds"":{""x"":42,""y"":5,""w"":62,""h"":130},""rawNormalizedBounds"":{""x"":48,""y"":6,""w"":69,""h"":137},""registration"":{""source"":[48,6,69,137],""target"":[42,5,62,130],""method"":""per-cell bbox affine registration; may anisotropically resize edited cloth""},""protectedPixelCount"":8172,""bodyAlphaConstraint"":{""startY"":40,""rule"":""template alpha retained below local master y40; this is a mask constraint, not an independent pose measurement""},""maskRules"":{""face"":""front direction skin-colour pixels local y12..37 within16px ofbboxcentre"",""hands"":""skin-colour pixels local y55..89 beyond15px ofbboxcentre"",""feet"":""all local y>=99""}},{""direction"":""NW"",""frame"":1,""templateBounds"":{""x"":24,""y"":5,""w"":62,""h"":129},""rawNormalizedBounds"":{""x"":31,""y"":6,""w"":71,""h"":136},""registration"":{""source"":[31,6,71,136],""target"":[24,5,62,129],""method"":""per-cell bbox affine registration; may anisotropically resize edited cloth""},""protectedPixelCount"":7599,""bodyAlphaConstraint"":{""startY"":40,""rule"":""template alpha retained below local master y40; this is a mask constraint, not an independent pose measurement""},""maskRules"":{""face"":""front direction skin-colour pixels local y12..37 within16px ofbboxcentre"",""hands"":""skin-colour pixels local y55..89 beyond15px ofbboxcentre"",""feet"":""all local y>=99""}}]}","{}","{""status"":""candidate; inspected all 8 directions/frames visually"",""rawModelPixelExact"":false,""anatomy"":""original classified face/hand/feet pixels restored; skin mask is heuristic and exact pixel equality alone does not prove all anatomical landmarks"",""constraintWarning"":""body alpha is constrained by compositor; do not report this as independent generated pose accuracy"",""limitations"":[""Original foot pixels may retain a small original hem at ankle."",""Same template body build retained, face anatomy not a new body design."",""Raw edit is not pixel exact and is preserved for audit.""],""measurements"":[{""id"":""wk_poor_m_02-v1"",""direction"":""NE"",""frame"":0,""headProxyFinalPx"":0.11846733866639994,""footFinalPx"":0,""lowerBodyAlphaDifferentMasterPixels"":0},{""id"":""wk_poor_m_02-v1"",""direction"":""SE"",""frame"":0,""headProxyFinalPx"":0.2216505815946123,""footFinalPx"":0,""lowerBodyAlphaDifferentMasterPixels"":0},{""id"":""wk_poor_m_02-v1"",""direction"":""SW"",""frame"":0,""headProxyFinalPx"":0.10101911879504592,""footFinalPx"":0,""lowerBodyAlphaDifferentMasterPixels"":0},{""id"":""wk_poor_m_02-v1"",""direction"":""NW"",""frame"":0,""headProxyFinalPx"":0.15047210385364793,""footFinalPx"":0,""lowerBodyAlphaDifferentMasterPixels"":0},{""id"":""wk_poor_m_02-v1"",""direction"":""NE"",""frame"":1,""headProxyFinalPx"":0.204930100234266,""footFinalPx"":0,""lowerBodyAlphaDifferentMasterPixels"":0},{""id"":""wk_poor_m_02-v1"",""direction"":""SE"",""frame"":1,""headProxyFinalPx"":0.46618149267229453,""footFinalPx"":0,""lowerBodyAlphaDifferentMasterPixels"":0},{""id"":""wk_poor_m_02-v1"",""direction"":""SW"",""frame"":1,""headProxyFinalPx"":0.24886777214140335,""footFinalPx"":0,""lowerBodyAlphaDifferentMasterPixels"":0},{""id"":""wk_poor_m_02-v1"",""direction"":""NW"",""frame"":1,""headProxyFinalPx"":0.11395892349831548,""footFinalPx"":0,""lowerBodyAlphaDifferentMasterPixels"":0}],""lowerBody"":""56/56 cells exact alpha y100..147; foot displacement 0"",""head"":""maximum head silhouette centroid proxy 0.769 finalpx; anatomical head landmarks not independently certified"",""direction"":""NE/SE/SW/NW and two leg phases preserved through template registration; folds are not physically animated or runtime verified""}"
"wk_poor_f_02-v1","assets/workers/wk_poor_f_02-v1.png","walker_sheet","candidate","296","148","aeb4874e1656be6f7b84a194d704873964776f777999eb1fd4ccecfd357f7eaa","[{""id"":""wk_poor_f_02-v1"",""sex"":""f"",""design"":""faded muted green long kirtle, dull blue short close headcloth, natural linen patch on right elbow and brick red patch low left skirt, no apron"",""template"":""actor_civilian_woman-v1.png"",""prompt"":""Use case: identity-preserve. EDIT the input sprite sheet only. Do not invent new people, poses or frame layouts. Retain eight exact figures, four columns NE SE SW NW, two gait frames, same camera and stance. Change ONLY clothes and headwear to: faded muted green long kirtle, dull blue short close headcloth, natural linen patch on right elbow and brick red patch low left skirt, no apron. Southern England 1300-1450 hand-painted small game walker style, muted historically available dyes. Keep face, hands, feet positions and silhouettes exactly in place; do not change hem boundary, head height or width. No tools/props. Transparent background. Preserve the input 2:1 sheet with each cell in exactly its original position. No grid, no labels, no shadow, no extra characters."",""rawSource"":""sources/walkers/wk_poor_f_02-v1-raw.png"",""tool"":""image_gen.imagegen"",""model"":null,""seed"":null,""referenced_image_paths"":[""templates/actor_civilian_woman-v1.png""]}]","{""script"":""records/walkers-process.cjs"",""masterSize"":[592,296],""finalSize"":[296,148],""downsample"":0.5,""cells"":[{""direction"":""NE"",""frame"":0,""templateBounds"":{""x"":51,""y"":11,""w"":56,""h"":123},""rawNormalizedBounds"":{""x"":49,""y"":9,""w"":62,""h"":130},""registration"":{""source"":[49,9,62,130],""target"":[51,11,56,123],""method"":""per-cell bbox affine registration; may anisotropically resize edited cloth""},""protectedPixelCount"":4789,""bodyAlphaConstraint"":{""startY"":40,""rule"":""template alpha retained below local master y40; this is a mask constraint, not an independent pose measurement""},""maskRules"":{""face"":""front direction skin-colour pixels local y12..37 within16px ofbboxcentre"",""hands"":""skin-colour pixels local y55..89 beyond15px ofbboxcentre"",""feet"":""all y>=126 plus darkbrown pixels y>=117""}},{""direction"":""SE"",""frame"":0,""templateBounds"":{""x"":48,""y"":11,""w"":52,""h"":124},""rawNormalizedBounds"":{""x"":50,""y"":8,""w"":58,""h"":131},""registration"":{""source"":[50,8,58,131],""target"":[48,11,52,124],""method"":""per-cell bbox affine registration; may anisotropically resize edited cloth""},""protectedPixelCount"":5198,""bodyAlphaConstraint"":{""startY"":40,""rule"":""template alpha retained below local master y40; this is a mask constraint, not an independent pose measurement""},""maskRules"":{""face"":""front direction skin-colour pixels local y12..37 within16px ofbboxcentre"",""hands"":""skin-colour pixels local y55..89 beyond15px ofbboxcentre"",""feet"":""all y>=126 plus darkbrown pixels y>=117""}},{""direction"":""SW"",""frame"":0,""templateBounds"":{""x"":50,""y"":13,""w"":53,""h"":122},""rawNormalizedBounds"":{""x"":56,""y"":11,""w"":59,""h"":129},""registration"":{""source"":[56,11,59,129],""target"":[50,13,53,122],""method"":""per-cell bbox affine registration; may anisotropically resize edited cloth""},""protectedPixelCount"":5172,""bodyAlphaConstraint"":{""startY"":40,""rule"":""template alpha retained below local master y40; this is a mask constraint, not an independent pose measurement""},""maskRules"":{""face"":""front direction skin-colour pixels local y12..37 within16px ofbboxcentre"",""hands"":""skin-colour pixels local y55..89 beyond15px ofbboxcentre"",""feet"":""all y>=126 plus darkbrown pixels y>=117""}},{""direction"":""NW"",""frame"":0,""templateBounds"":{""x"":41,""y"":11,""w"":56,""h"":123},""rawNormalizedBounds"":{""x"":50,""y"":8,""w"":62,""h"":131},""registration"":{""source"":[50,8,62,131],""target"":[41,11,56,123],""method"":""per-cell bbox affine registration; may anisotropically resize edited cloth""},""protectedPixelCount"":4747,""bodyAlphaConstraint"":{""startY"":40,""rule"":""template alpha retained below local master y40; this is a mask constraint, not an independent pose measurement""},""maskRules"":{""face"":""front direction skin-colour pixels local y12..37 within16px ofbboxcentre"",""hands"":""skin-colour pixels local y55..89 beyond15px ofbboxcentre"",""feet"":""all y>=126 plus darkbrown pixels y>=117""}},{""direction"":""NE"",""frame"":1,""templateBounds"":{""x"":58,""y"":9,""w"":50,""h"":122},""rawNormalizedBounds"":{""x"":55,""y"":10,""w"":57,""h"":128},""registration"":{""source"":[55,10,57,128],""target"":[58,9,50,122],""method"":""per-cell bbox affine registration; may anisotropically resize edited cloth""},""protectedPixelCount"":4813,""bodyAlphaConstraint"":{""startY"":40,""rule"":""template alpha retained below local master y40; this is a mask constraint, not an independent pose measurement""},""maskRules"":{""face"":""front direction skin-colour pixels local y12..37 within16px ofbboxcentre"",""hands"":""skin-colour pixels local y55..89 beyond15px ofbboxcentre"",""feet"":""all y>=126 plus darkbrown pixels y>=117""}},{""direction"":""SE"",""frame"":1,""templateBounds"":{""x"":50,""y"":6,""w"":53,""h"":123},""rawNormalizedBounds"":{""x"":50,""y"":7,""w"":60,""h"":129},""registration"":{""source"":[50,7,60,129],""target"":[50,6,53,123],""method"":""per-cell bbox affine registration; may anisotropically resize edited cloth""},""protectedPixelCount"":5417,""bodyAlphaConstraint"":{""startY"":40,""rule"":""template alpha retained below local master y40; this is a mask constraint, not an independent pose measurement""},""maskRules"":{""face"":""front direction skin-colour pixels local y12..37 within16px ofbboxcentre"",""hands"":""skin-colour pixels local y55..89 beyond15px ofbboxcentre"",""feet"":""all y>=126 plus darkbrown pixels y>=117""}},{""direction"":""SW"",""frame"":1,""templateBounds"":{""x"":44,""y"":6,""w"":55,""h"":123},""rawNormalizedBounds"":{""x"":50,""y"":7,""w"":61,""h"":129},""registration"":{""source"":[50,7,61,129],""target"":[44,6,55,123],""method"":""per-cell bbox affine registration; may anisotropically resize edited cloth""},""protectedPixelCount"":5486,""bodyAlphaConstraint"":{""startY"":40,""rule"":""template alpha retained below local master y40; this is a mask constraint, not an independent pose measurement""},""maskRules"":{""face"":""front direction skin-colour pixels local y12..37 within16px ofbboxcentre"",""hands"":""skin-colour pixels local y55..89 beyond15px ofbboxcentre"",""feet"":""all y>=126 plus darkbrown pixels y>=117""}},{""direction"":""NW"",""frame"":1,""templateBounds"":{""x"":42,""y"":9,""w"":49,""h"":122},""rawNormalizedBounds"":{""x"":49,""y"":10,""w"":56,""h"":129},""registration"":{""source"":[49,10,56,129],""target"":[42,9,49,122],""method"":""per-cell bbox affine registration; may anisotropically resize edited cloth""},""protectedPixelCount"":4796,""bodyAlphaConstraint"":{""startY"":40,""rule"":""template alpha retained below local master y40; this is a mask constraint, not an independent pose measurement""},""maskRules"":{""face"":""front direction skin-colour pixels local y12..37 within16px ofbboxcentre"",""hands"":""skin-colour pixels local y55..89 beyond15px ofbboxcentre"",""feet"":""all y>=126 plus darkbrown pixels y>=117""}}]}","{}","{""status"":""candidate; inspected all 8 directions/frames visually"",""rawModelPixelExact"":false,""anatomy"":""original classified face/hand/feet pixels restored; skin mask is heuristic and exact pixel equality alone does not prove all anatomical landmarks"",""constraintWarning"":""body alpha is constrained by compositor; do not report this as independent generated pose accuracy"",""limitations"":[""Original foot pixels may retain a small original hem at ankle."",""Same template body build retained, face anatomy not a new body design."",""Raw edit is not pixel exact and is preserved for audit.""],""measurements"":[{""id"":""wk_poor_f_02-v1"",""direction"":""NE"",""frame"":0,""headProxyFinalPx"":0.3166724155007436,""footFinalPx"":0,""lowerBodyAlphaDifferentMasterPixels"":0},{""id"":""wk_poor_f_02-v1"",""direction"":""SE"",""frame"":0,""headProxyFinalPx"":0.08651686048401465,""footFinalPx"":0,""lowerBodyAlphaDifferentMasterPixels"":0},{""id"":""wk_poor_f_02-v1"",""direction"":""SW"",""frame"":0,""headProxyFinalPx"":0.21748111572992598,""footFinalPx"":0,""lowerBodyAlphaDifferentMasterPixels"":0},{""id"":""wk_poor_f_02-v1"",""direction"":""NW"",""frame"":0,""headProxyFinalPx"":0.3108829954215715,""footFinalPx"":0,""lowerBodyAlphaDifferentMasterPixels"":0},{""id"":""wk_poor_f_02-v1"",""direction"":""NE"",""frame"":1,""headProxyFinalPx"":0.5646414196477202,""footFinalPx"":0,""lowerBodyAlphaDifferentMasterPixels"":0},{""id"":""wk_poor_f_02-v1"",""direction"":""SE"",""frame"":1,""headProxyFinalPx"":0.4668174986900266,""footFinalPx"":0,""lowerBodyAlphaDifferentMasterPixels"":0},{""id"":""wk_poor_f_02-v1"",""direction"":""SW"",""frame"":1,""headProxyFinalPx"":0.12388014953573451,""footFinalPx"":0,""lowerBodyAlphaDifferentMasterPixels"":0},{""id"":""wk_poor_f_02-v1"",""direction"":""NW"",""frame"":1,""headProxyFinalPx"":0.40505650887421235,""footFinalPx"":0,""lowerBodyAlphaDifferentMasterPixels"":0}],""lowerBody"":""56/56 cells exact alpha y100..147; foot displacement 0"",""head"":""maximum head silhouette centroid proxy 0.769 finalpx; anatomical head landmarks not independently certified"",""direction"":""NE/SE/SW/NW and two leg phases preserved through template registration; folds are not physically animated or runtime verified""}"
"overlay_cloak_merchant_m-v1","assets/overlays/overlay_cloak_merchant_m-v1.png","walker_overlay","candidate","296","148","83701f008910169dd6e4bb4cce9d2143df419a6c821dd616f7b528e52f308045","[{""tool"":""image_gen.imagegen"",""mode"":""template image edit"",""model"":null,""seed"":null,""prompt"":""Use case: precise-object-edit. Input is a merchant sprite sheet, four directions NE SE SW NW, two walk frames. Produce only a detachable muted dark woad blue winter wool cloak overlay for the EXACT eight merchant poses. Retain exact body position and shoulder alignment. Remove human body, skin, hands, legs and hat from output, keep only the cloak. No hood: neck opening must start below the existing merchant hat and face, leave entire hat and face unobstructed. Short practical half cloak below waist, open front reveals hands and gait. Transparent openings and background, no shirt or trousers. Eight cloak layers in same 4 columns 2 rows at identical input coordinates, 2:1 sheet. Same hand-painted South England 1300-1450 style. No added people or props, no labels, no grid."",""referenced_image_paths"":[""templates/actor_merchant-v1.png""],""raw"":""sources/walkers/overlay-raw.png""}]","{""script"":""records/walkers-overlay.cjs"",""registration"":""per-cell content box to torso at master y31..94, hat excluded"",""cellSize"":[74,74],""masterCell"":[148,148]}","{}","{""status"":""candidate"",""hatClipping"":""none, overlay starts below head at y31 master"",""limitations"":[""Cloak partly occludes hands and carried inventory if present; only empty merchant template tested"",""Independent garment animation consistency requires runtime check""]}"
"held_yarn_bundle_NE-v1","assets/props/held_yarn_bundle_NE-v1.png","object","candidate","32","32","bd921282629dc67534c3e100a1f2bc81d994c3ae8dd296dadcef6f3514438564","[{""id"":""held_yarn_bundle_NE-v1"",""kind"":""yarn_bundle"",""direction"":""NE"",""refs"":[""/Users/rexxa/github/feudal-lord-simulator/output/astra-wave4e-candidates-v1/references/held_bundle_wool_NE-v1.png""],""prompt"":""Edit project prop reference into ONE isolated detachable bundle of muted woad blue and natural cream wool yarn skeins tied together with plain cord, visibly twisted long yarn loops NOT raw fleece, small handgrip cord at top. Southern England1300-1450 painterly 2:1 isometric game sprite, soft upper-left light. Direction NE: back-right quarter view. No person, hand, ground, castshadow, words or frame. True transparent RGBA. Center object with15%clearborder, broad readable at32px. Preserve attached restrained project art style. Output one object only."",""generatedPath"":""/Users/rexxa/Library/Application Support/orca/codex-accounts/54be5844-95fd-4c46-925c-75327ccd186a/home/generated_images/01a0bfce-1c2e-7111-9a4a-0cbb7435d757/exec-e6067c36-0dd5-4c43-84f9-d20fb08455d5.png"",""source"":""sources/props/held_yarn_bundle_NE-v1.png"",""model"":null,""seed"":null}]","{""cropAlphaThreshold"":32,""crop"":[592,68,580,748],""uniformScale"":0.0374331550802139,""method"":""alpha bounding-box crop then single uniform downscale; no flip"",""source"":""sources/props/held_yarn_bundle_NE-v1.png""}","{""x"":16,""y"":6,""method"":""visual estimate at final32px; provisional contact, not runtime-tested"",""uncertaintyPx"":2}","""candidate: blue/cream yarn and tied loops consistent; front/back arrangement changes, exact3Didentity unverified"""
"held_ale_jug_NE-v1","assets/props/held_ale_jug_NE-v1.png","object","candidate","32","32","03d2dab9cccd53355eb0d115a54b7e617ed9d4b7f649429bfc5d6f6c68b24ed0","[{""id"":""held_ale_jug_NE-v1"",""kind"":""ale_jug"",""direction"":""NE"",""refs"":[""/Users/rexxa/github/feudal-lord-simulator/output/astra-wave4e-candidates-v1/references/held_jug_NE-v1.png""],""prompt"":""Edit project prop reference into ONE isolated detachable medieval unglazed brown earthenware ale pitcher, broad rounded belly, short spout, ONE clear curved handle on viewer RIGHT for NE back-right orientation, no lid, no decoration. Southern England1300-1450 painterly 2:1 isometric game sprite, soft upper-left light. Direction NE: back-right quarter view. No person, hand, ground, castshadow, words or frame. True transparent RGBA. Center object with15%clearborder, broad readable at32px. Preserve attached restrained project art style. Output one object only."",""generatedPath"":""/Users/rexxa/Library/Application Support/orca/codex-accounts/54be5844-95fd-4c46-925c-75327ccd186a/home/generated_images/01a0bfce-1c2e-7111-9a4a-0cbb7435d757/exec-471c1b40-a396-4648-80a1-01bf8a577d60.png"",""source"":""sources/props/held_ale_jug_NE-v1.png"",""model"":null,""seed"":null}]","{""cropAlphaThreshold"":32,""crop"":[638,101,544,671],""uniformScale"":0.041728763040238454,""method"":""alpha bounding-box crop then single uniform downscale; no flip"",""source"":""sources/props/held_ale_jug_NE-v1.png""}","{""x"":24,""y"":13,""method"":""visual estimate at final32px; provisional contact, not runtime-tested"",""uncertaintyPx"":2}","""candidate: right handle NE/SE and left handle SW/NW; mouth/spout changes distinguish pairs; exact3Didentity unverified"""
"held_yarn_bundle_SE-v1","assets/props/held_yarn_bundle_SE-v1.png","object","candidate","32","32","d88ca77a49148c25472970da47f3a89d2cb86b9323e2a55b377b4d7f3b3d9e24","[{""id"":""held_yarn_bundle_SE-v1"",""kind"":""yarn_bundle"",""direction"":""SE"",""refs"":[""/Users/rexxa/github/feudal-lord-simulator/output/astra-wave4e-candidates-v1/sources/props/held_yarn_bundle_NE-v1.png""],""prompt"":""EDIT the attached SAME blue and cream tied yarn skeins into a genuine different isometric viewing angle: SE. Preserve exact materials, proportions, upper-left light, style. Front-right: cream skein foreground-left, blue skein behind-right; knot crossing visible in front. This is a physical viewpoint edit, NOT a mirrored or rotated flat bitmap. One object only on true transparent RGBA; no text, hand, person, ground, shadow, border. Broad shapes readable at32px."",""generatedPath"":""/Users/rexxa/Library/Application Support/orca/codex-accounts/54be5844-95fd-4c46-925c-75327ccd186a/home/generated_images/01a0bfce-1c2e-7111-9a4a-0cbb7435d757/exec-e5d0e8aa-db59-42c0-b5a2-779540adae42.png"",""source"":""sources/props/held_yarn_bundle_SE-v1.png"",""model"":null,""seed"":null}]","{""cropAlphaThreshold"":32,""crop"":[628,55,526,771],""uniformScale"":0.03631647211413749,""method"":""alpha bounding-box crop then single uniform downscale; no flip"",""source"":""sources/props/held_yarn_bundle_SE-v1.png""}","{""x"":16,""y"":6,""method"":""visual estimate at final32px; provisional contact, not runtime-tested"",""uncertaintyPx"":2}","""candidate: blue/cream yarn and tied loops consistent; front/back arrangement changes, exact3Didentity unverified"""
"held_yarn_bundle_SW-v1","assets/props/held_yarn_bundle_SW-v1.png","object","candidate","32","32","9283ba44aac6f0d0ead64ec7f4d63d5411d25a90d5dd4d929d16183e18b29421","[{""id"":""held_yarn_bundle_SW-v1"",""kind"":""yarn_bundle"",""direction"":""SW"",""refs"":[""/Users/rexxa/github/feudal-lord-simulator/output/astra-wave4e-candidates-v1/sources/props/held_yarn_bundle_NE-v1.png""],""prompt"":""EDIT the attached SAME blue and cream tied yarn skeins into a genuine different isometric viewing angle: SW. Preserve exact materials, proportions, upper-left light, style. Front-left: blue skein foreground-right, cream left; show loop openings at lower ends. This is a physical viewpoint edit, NOT a mirrored or rotated flat bitmap. One object only on true transparent RGBA; no text, hand, person, ground, shadow, border. Broad shapes readable at32px."",""generatedPath"":""/Users/rexxa/Library/Application Support/orca/codex-accounts/54be5844-95fd-4c46-925c-75327ccd186a/home/generated_images/01a0bfce-1c2e-7111-9a4a-0cbb7435d757/exec-30bd6d8e-253e-4e1d-80b1-862b377b0992.png"",""source"":""sources/props/held_yarn_bundle_SW-v1.png"",""model"":null,""seed"":null}]","{""cropAlphaThreshold"":32,""crop"":[627,63,552,766],""uniformScale"":0.03655352480417755,""method"":""alpha bounding-box crop then single uniform downscale; no flip"",""source"":""sources/props/held_yarn_bundle_SW-v1.png""}","{""x"":16,""y"":6,""method"":""visual estimate at final32px; provisional contact, not runtime-tested"",""uncertaintyPx"":2}","""candidate: blue/cream yarn and tied loops consistent; front/back arrangement changes, exact3Didentity unverified"""
"held_yarn_bundle_NW-v1","assets/props/held_yarn_bundle_NW-v1.png","object","candidate","32","32","35195a3a9ee534f6a334c38be6a5af687245480e0c7cb88af0a130944a238fe1","[{""id"":""held_yarn_bundle_NW-v1"",""kind"":""yarn_bundle"",""direction"":""NW"",""refs"":[""/Users/rexxa/github/feudal-lord-simulator/output/astra-wave4e-candidates-v1/sources/props/held_yarn_bundle_NE-v1.png""],""prompt"":""EDIT the attached SAME blue and cream tied yarn skeins into a genuine different isometric viewing angle: NW. Preserve exact materials, proportions, upper-left light, style. Back-left: backside of skeins with transverse binding, cream right blue left; grip knot hidden behind top loop. This is a physical viewpoint edit, NOT a mirrored or rotated flat bitmap. One object only on true transparent RGBA; no text, hand, person, ground, shadow, border. Broad shapes readable at32px."",""generatedPath"":""/Users/rexxa/Library/Application Support/orca/codex-accounts/54be5844-95fd-4c46-925c-75327ccd186a/home/generated_images/01a0bfce-1c2e-7111-9a4a-0cbb7435d757/exec-e7aed79a-9cc9-404a-a34a-b5be313a6c25.png"",""source"":""sources/props/held_yarn_bundle_NW-v1.png"",""model"":null,""seed"":null}]","{""cropAlphaThreshold"":32,""crop"":[614,33,547,790],""uniformScale"":0.035443037974683546,""method"":""alpha bounding-box crop then single uniform downscale; no flip"",""source"":""sources/props/held_yarn_bundle_NW-v1.png""}","{""x"":16,""y"":6,""method"":""visual estimate at final32px; provisional contact, not runtime-tested"",""uncertaintyPx"":2}","""candidate: blue/cream yarn and tied loops consistent; front/back arrangement changes, exact3Didentity unverified"""
"held_ale_jug_SE-v1","assets/props/held_ale_jug_SE-v1.png","object","candidate","32","32","728993d86a3bfb956cd5fd513ab76dbed7d00f1a0755416e4260d1377a4355eb","[{""id"":""held_ale_jug_SE-v1"",""kind"":""ale_jug"",""direction"":""SE"",""refs"":[""/Users/rexxa/github/feudal-lord-simulator/output/astra-wave4e-candidates-v1/sources/props/held_ale_jug_NE-v1.png""],""prompt"":""EDIT the attached SAME plain medieval clay ale pitcher into a genuine different isometric viewing angle: SE. Preserve exact materials, proportions, upper-left light, style. FRONT-RIGHT view: rotate object toward viewer so spout projects to LOWER-LEFT, handle visible on far UPPER-RIGHT rim edge; both near front mouth and spout clear. This is a physical viewpoint edit, NOT a mirrored or rotated flat bitmap. One object only on true transparent RGBA; no text, hand, person, ground, shadow, border. Broad shapes readable at32px."",""generatedPath"":""/Users/rexxa/Library/Application Support/orca/codex-accounts/54be5844-95fd-4c46-925c-75327ccd186a/home/generated_images/01a0bfce-1c2e-7111-9a4a-0cbb7435d757/exec-2baacb83-0846-4a60-a72f-8f62fe62b430.png"",""source"":""sources/props/held_ale_jug_SE-v1.png"",""model"":null,""seed"":null}]","{""cropAlphaThreshold"":32,""crop"":[633,104,535,685],""uniformScale"":0.040875912408759124,""method"":""alpha bounding-box crop then single uniform downscale; no flip"",""source"":""sources/props/held_ale_jug_SE-v1.png""}","{""x"":24,""y"":13,""method"":""visual estimate at final32px; provisional contact, not runtime-tested"",""uncertaintyPx"":2}","""candidate: right handle NE/SE and left handle SW/NW; mouth/spout changes distinguish pairs; exact3Didentity unverified"""
"held_ale_jug_SW-v1","assets/props/held_ale_jug_SW-v1.png","object","candidate","32","32","aeae197a5307ce65f4677219eaa6853817948ae32fe71a38c9d3cdf2f69a6e9a","[{""id"":""held_ale_jug_SW-v1"",""kind"":""ale_jug"",""direction"":""SW"",""refs"":[""/Users/rexxa/github/feudal-lord-simulator/output/astra-wave4e-candidates-v1/sources/props/held_ale_jug_NE-v1.png""],""prompt"":""EDIT the attached SAME plain medieval clay ale pitcher into a genuine different isometric viewing angle: SW. Preserve exact materials, proportions, upper-left light, style. FRONT-LEFT view: spout points LOWER-RIGHT, handle on viewer LEFT; reveal front of curved grip. This is a physical viewpoint edit, NOT a mirrored or rotated flat bitmap. One object only on true transparent RGBA; no text, hand, person, ground, shadow, border. Broad shapes readable at32px."",""generatedPath"":""/Users/rexxa/Library/Application Support/orca/codex-accounts/54be5844-95fd-4c46-925c-75327ccd186a/home/generated_images/01a0bfce-1c2e-7111-9a4a-0cbb7435d757/exec-7a19a18a-a81a-46bf-9cb8-bd612ddbc62d.png"",""source"":""sources/props/held_ale_jug_SW-v1.png"",""model"":null,""seed"":null}]","{""cropAlphaThreshold"":32,""crop"":[616,88,533,697],""uniformScale"":0.040172166427546625,""method"":""alpha bounding-box crop then single uniform downscale; no flip"",""source"":""sources/props/held_ale_jug_SW-v1.png""}","{""x"":8,""y"":13,""method"":""visual estimate at final32px; provisional contact, not runtime-tested"",""uncertaintyPx"":2}","""candidate: right handle NE/SE and left handle SW/NW; mouth/spout changes distinguish pairs; exact3Didentity unverified"""
"held_ale_jug_NW-v1","assets/props/held_ale_jug_NW-v1.png","object","candidate","32","32","0b8342fc82de6c10aa6acd16e467c93981834bd606c2a9556eb4b52db9263a71","[{""id"":""held_ale_jug_NW-v1"",""kind"":""ale_jug"",""direction"":""NW"",""refs"":[""/Users/rexxa/github/feudal-lord-simulator/output/astra-wave4e-candidates-v1/sources/props/held_ale_jug_NE-v1.png""],""prompt"":""EDIT the attached SAME plain medieval clay ale pitcher into a genuine different isometric viewing angle: NW. Preserve exact materials, proportions, upper-left light, style. BACK-LEFT view: spout points UPPER-RIGHT, handle viewer LEFT partly obscured behind body. This is a physical viewpoint edit, NOT a mirrored or rotated flat bitmap. One object only on true transparent RGBA; no text, hand, person, ground, shadow, border. Broad shapes readable at32px."",""generatedPath"":""/Users/rexxa/Library/Application Support/orca/codex-accounts/54be5844-95fd-4c46-925c-75327ccd186a/home/generated_images/01a0bfce-1c2e-7111-9a4a-0cbb7435d757/exec-125f6f30-c51e-48bc-ac47-561a86c74297.png"",""source"":""sources/props/held_ale_jug_NW-v1.png"",""model"":null,""seed"":null}]","{""cropAlphaThreshold"":32,""crop"":[622,103,524,666],""uniformScale"":0.042042042042042045,""method"":""alpha bounding-box crop then single uniform downscale; no flip"",""source"":""sources/props/held_ale_jug_NW-v1.png""}","{""x"":8,""y"":13,""method"":""visual estimate at final32px; provisional contact, not runtime-tested"",""uncertaintyPx"":2}","""candidate: right handle NE/SE and left handle SW/NW; mouth/spout changes distinguish pairs; exact3Didentity unverified"""
