"assetId","version","runtimePath","runtimeSha256","sourcePath","sourceSha256","tool","model","generatedAt","prompt","referenceInputs","seed","candidates","manualEdits","artBible","historicalProfile","owner","usedIn","status","notes"
"boundary/chalk_edge_a-v1","v1","boundary/chalk_edge_a-v1.png","94359bd063e112ae41acf4ad02ecf0be85ea9d2f38076cd3e5050cbca0974550","/Users/rexxa/Library/Application Support/orca/codex-accounts/54be5844-95fd-4c46-925c-75327ccd186a/home/generated_images/01a0e095-924c-73e0-b593-e0cef4078ae2/exec-75dcdaf2-d32b-4376-8763-f90a4f9940a5.png","ecd705e7cb7853cbef0cfb70b26536506da794d20319b8051cce395398356d55","image_gen.imagegen","not exposed by native tool","2026-09-27T02:03:05.393Z","ATTEMPT 1
Use case: stylized-concept. ROLE strip, production game terrain surface for southern England 1300–1450. Match attached project art muted olive, warm soil, painterly low-frequency broad forms. FLAT PLAN VIEW rectangular horizontal ribbon; no perspective, no isometric diamond. X-axis seamless full width, no left/right margin. Transparent PNG; top and bottom 8 px clear at final size and inner 8 px broken organic alpha transition, no white halo. Broad 12–24 px motifs at final size, no tiny grains, hairlines, photonoise or focal objects. Soft even upper-left lighting, no cast shadows, no text. Draw ribbon filling full width at requested ratio, material boundary primarily horizontal with shallow irregular lobes. SOURCE_SIZE 512x64. Upper side existing olive grass, lower side pale warm ivory chalk-down soil with short grass. Broad low chalk exposures alternating with grass tongues, uneven spacing. Variant A long shallow grass peninsulas.

ATTEMPT 2
Use case: precise-object-edit. Edit this exact terrain transition strip. KEEP original contour, horizontal orientation, olive grass upper side and pale warm ivory chalk lower side, proportions. REPAINT its surface into smooth broad 12–24px painterly masses at final512x64. Remove ALL photographic tiny grain, speckles, sand grains and hairline grass. Preserve natural soft tonal undulations, not flat camouflage. The existing boundary's broad irregular lobes remain. Full-width X-only seamless ribbon on true transparent background, Y8px clear plus8px organic fade. No text, shadows or objects.","chalk_edge_a-v1.png (own first candidate; project reference derived)","not exposed","2","This revision: none, byte-identical copy. Original processing: Alpha-supported Y crop; one high-quality resample to full-width strip interior; 8px clear Y margins plus inner 8px alpha fade; 24px X endpoint cross-blend, exact endpoint RGBA equality. No generated art drawn by code.","AB_2026-09-19_v1","S_England_1300_1450_v1","Astra Wave22 rework","candidate only; no game installation","candidate","User accepted Wave22 original; preserved byte-identical. Native project-referenced candidate; broad terrain contour retained, X seam normalized.; strip"
"boundary/chalk_edge_b-v1","v1","boundary/chalk_edge_b-v1.png","e791e124887a716597bedac6262317299914b38ebe97b4d184131f0b0449702b","/Users/rexxa/Library/Application Support/orca/codex-accounts/54be5844-95fd-4c46-925c-75327ccd186a/home/generated_images/01a0e095-924c-73e0-b593-e0cef4078ae2/exec-088c5c93-3498-4723-89f6-cb0fc3a10958.png","c974e6ff19efbd40eaffe9e842cff5a0f2b7cfd03a45a4a731380d03f6d78131","image_gen.imagegen","not exposed by native tool","2026-09-27T02:03:27.118Z","ATTEMPT 1
Use case: stylized-concept. ROLE strip, production game terrain surface for southern England 1300–1450. Match attached project art muted olive, warm soil, painterly low-frequency broad forms. FLAT PLAN VIEW rectangular horizontal ribbon; no perspective, no isometric diamond. X-axis seamless full width, no left/right margin. Transparent PNG; top and bottom 8 px clear at final size and inner 8 px broken organic alpha transition, no white halo. Broad 12–24 px motifs at final size, no tiny grains, hairlines, photonoise or focal objects. Soft even upper-left lighting, no cast shadows, no text. Draw ribbon filling full width at requested ratio, material boundary primarily horizontal with shallow irregular lobes. SOURCE_SIZE 512x64. Upper olive grass lower chalk-down pale warm ivory soil. Variant B broken scallops and a few broad separated chalk exposures, substantially different geometry from A.

ATTEMPT 2
Use case: precise-object-edit. Edit this exact terrain transition strip. KEEP original contour, horizontal orientation, olive grass upper side and pale warm ivory chalk lower side, proportions. REPAINT its surface into smooth broad 12–24px painterly masses at final512x64. Remove ALL photographic tiny grain, speckles, sand grains and hairline grass. Preserve natural soft tonal undulations, not flat camouflage. The existing boundary's broad irregular lobes remain. Full-width X-only seamless ribbon on true transparent background, Y8px clear plus8px organic fade. No text, shadows or objects.","chalk_edge_b-v1.png (own first candidate; project reference derived)","not exposed","2","This revision: none, byte-identical copy. Original processing: Alpha-supported Y crop; one high-quality resample to full-width strip interior; 8px clear Y margins plus inner 8px alpha fade; 24px X endpoint cross-blend, exact endpoint RGBA equality. No generated art drawn by code.","AB_2026-09-19_v1","S_England_1300_1450_v1","Astra Wave22 rework","candidate only; no game installation","candidate","User accepted Wave22 original; preserved byte-identical. Native project-referenced candidate; broad terrain contour retained, X seam normalized.; strip"
"boundary/heath_edge_a-v1","v1","boundary/heath_edge_a-v1.png","6266f03521f4d2a18d1a2fcac146e52cf957d41fbfde735dd970b814b1b9c09f","/Users/rexxa/Library/Application Support/orca/codex-accounts/54be5844-95fd-4c46-925c-75327ccd186a/home/generated_images/01a0e095-924c-73e0-b593-e0cef4078ae2/exec-806195f6-e6e5-4862-98ad-ef6f944265f9.png","9cc3147a3c64dbd4f26f965df2ec3c6453102e27f8a77c3645d9db791c8242b8","image_gen.imagegen","not exposed by native tool","2026-09-27T02:01:29.364Z","ATTEMPT 1
Use case: stylized-concept. ROLE strip, production game terrain surface for southern England 1300–1450. Match attached project art muted olive, warm soil, painterly low-frequency broad forms. FLAT PLAN VIEW rectangular horizontal ribbon; no perspective, no isometric diamond. X-axis seamless full width, no left/right margin. Transparent PNG; top and bottom 8 px clear at final size and inner 8 px broken organic alpha transition, no white halo. Broad 12–24 px motifs at final size, no tiny grains, hairlines, photonoise or focal objects. Soft even upper-left lighting, no cast shadows, no text. Draw ribbon filling full width at requested ratio, material boundary primarily horizontal with shallow irregular lobes. IMPORTANT ignore photographic fine grain in grass reference; use only its olive color. Render extremely simple broad painterly masses, minimal detail, no fine surface stipple. Think final 512px not oversized painting. SOURCE_SIZE 512x64. Upper olive grass lower brown olive heather ground, subdued ochre bracken patches, tiny amount muted dusky mauve broad heather mats. A shallow wide lobes with soil bays.","grass.png; shoreline_a-v1.png","not exposed","1","This revision: none, byte-identical copy. Original processing: Alpha-supported Y crop; one high-quality resample to full-width strip interior; 8px clear Y margins plus inner 8px alpha fade; 24px X endpoint cross-blend, exact endpoint RGBA equality. No generated art drawn by code.","AB_2026-09-19_v1","S_England_1300_1450_v1","Astra Wave22 rework","candidate only; no game installation","candidate","User accepted Wave22 original; preserved byte-identical. Native project-referenced candidate; broad terrain contour retained, X seam normalized.; strip"
"boundary/heath_edge_b-v1","v1","boundary/heath_edge_b-v1.png","29d4b93f8718eceb6371c5ea27b64ad3ec06fad9aa3d07ee1ffc2f12a4db197a","/Users/rexxa/Library/Application Support/orca/codex-accounts/54be5844-95fd-4c46-925c-75327ccd186a/home/generated_images/01a0e095-924c-73e0-b593-e0cef4078ae2/exec-f5b82eeb-2f20-4634-afd0-118dce5f5519.png","f7b11e01a5b1f2769f38102f59749251f1e9a5a6ddda503d0bbc9ae4de70b2a0","image_gen.imagegen","not exposed by native tool","2026-09-27T02:01:57.795Z","ATTEMPT 1
Use case: stylized-concept. ROLE strip, production game terrain surface for southern England 1300–1450. Match attached project art muted olive, warm soil, painterly low-frequency broad forms. FLAT PLAN VIEW rectangular horizontal ribbon; no perspective, no isometric diamond. X-axis seamless full width, no left/right margin. Transparent PNG; top and bottom 8 px clear at final size and inner 8 px broken organic alpha transition, no white halo. Broad 12–24 px motifs at final size, no tiny grains, hairlines, photonoise or focal objects. Soft even upper-left lighting, no cast shadows, no text. Draw ribbon filling full width at requested ratio, material boundary primarily horizontal with shallow irregular lobes. IMPORTANT ignore photographic fine grain in grass reference; use only its olive color. Render extremely simple broad painterly masses, minimal detail, no fine surface stipple. Think final 512px not oversized painting. SOURCE_SIZE 512x64. Upper olive grass lower brown olive heather ground, subdued ochre bracken patches, tiny amount muted dusky mauve broad heather mats. B irregular short grass fingers separated by larger low heath masses.","grass.png; shoreline_a-v1.png","not exposed","1","This revision: none, byte-identical copy. Original processing: Alpha-supported Y crop; one high-quality resample to full-width strip interior; 8px clear Y margins plus inner 8px alpha fade; 24px X endpoint cross-blend, exact endpoint RGBA equality. No generated art drawn by code.","AB_2026-09-19_v1","S_England_1300_1450_v1","Astra Wave22 rework","candidate only; no game installation","candidate","User accepted Wave22 original; preserved byte-identical. Native project-referenced candidate; broad terrain contour retained, X seam normalized.; strip"
"boundary/fen_edge_a-v1","v1","boundary/fen_edge_a-v1.png","c55f84e9a1a915bbc04c6277092b3d7f2acf5511c0aafae2e8194005e97e56fd","/Users/rexxa/Library/Application Support/orca/codex-accounts/54be5844-95fd-4c46-925c-75327ccd186a/home/generated_images/01a0e095-924c-73e0-b593-e0cef4078ae2/exec-d4e34f63-ef65-4b8f-a056-c9bb050c66f9.png","bde6328870a6e31e44a7ba1582b63c7f79a63872de20f922f9da116db63784e0","image_gen.imagegen","not exposed by native tool","2026-09-27T02:03:46.462Z","ATTEMPT 1
Use case: stylized-concept. ROLE strip, production game terrain surface for southern England 1300–1450. Match attached project art muted olive, warm soil, painterly low-frequency broad forms. FLAT PLAN VIEW rectangular horizontal ribbon; no perspective, no isometric diamond. X-axis seamless full width, no left/right margin. Transparent PNG; top and bottom 8 px clear at final size and inner 8 px broken organic alpha transition, no white halo. Broad 12–24 px motifs at final size, no tiny grains, hairlines, photonoise or focal objects. Soft even upper-left lighting, no cast shadows, no text. Draw ribbon filling full width at requested ratio, material boundary primarily horizontal with shallow irregular lobes. IMPORTANT ignore photographic fine grain in grass reference; use only its olive color. Render extremely simple broad painterly masses, minimal detail, no fine surface stipple. Think final 512px not oversized painting. SOURCE_SIZE 512x64. Upper olive grass lower darker wet olive fen soil, broad dull blue-grey shallow wet patches and flat sedge mats. A extended sloping wet bays. No tall reeds.","grass.png; shoreline_a-v1.png","not exposed","1","This revision: none, byte-identical copy. Original processing: Alpha-supported Y crop; one high-quality resample to full-width strip interior; 8px clear Y margins plus inner 8px alpha fade; 24px X endpoint cross-blend, exact endpoint RGBA equality. No generated art drawn by code.","AB_2026-09-19_v1","S_England_1300_1450_v1","Astra Wave22 rework","candidate only; no game installation","candidate","User accepted Wave22 original; preserved byte-identical. Native project-referenced candidate; broad terrain contour retained, X seam normalized.; strip"
"boundary/fen_edge_b-v1","v1","boundary/fen_edge_b-v1.png","7dd6eda8be10db54fb28434ac89d3fbb650ff0d0a542144cd221aab30e11466b","/Users/rexxa/Library/Application Support/orca/codex-accounts/54be5844-95fd-4c46-925c-75327ccd186a/home/generated_images/01a0e095-924c-73e0-b593-e0cef4078ae2/exec-14068e0a-313f-4710-b93e-87d9a84ed1fb.png","60b1f7c27e8680a626f85bdfb631f61e77f0138b575c9348b604e95137d3214b","image_gen.imagegen","not exposed by native tool","2026-09-27T02:04:12.789Z","ATTEMPT 1
Use case: stylized-concept. ROLE strip, production game terrain surface for southern England 1300–1450. Match attached project art muted olive, warm soil, painterly low-frequency broad forms. FLAT PLAN VIEW rectangular horizontal ribbon; no perspective, no isometric diamond. X-axis seamless full width, no left/right margin. Transparent PNG; top and bottom 8 px clear at final size and inner 8 px broken organic alpha transition, no white halo. Broad 12–24 px motifs at final size, no tiny grains, hairlines, photonoise or focal objects. Soft even upper-left lighting, no cast shadows, no text. Draw ribbon filling full width at requested ratio, material boundary primarily horizontal with shallow irregular lobes. IMPORTANT ignore photographic fine grain in grass reference; use only its olive color. Render extremely simple broad painterly masses, minimal detail, no fine surface stipple. Think final 512px not oversized painting. SOURCE_SIZE 512x64. Upper olive grass lower darker wet olive fen soil, broad dull blue-grey shallow wet patches and flat sedge mats. B wider solid wet-ground masses with staggered little grass peninsulas. No tall reeds.","grass.png; shoreline_a-v1.png","not exposed","1","This revision: none, byte-identical copy. Original processing: Alpha-supported Y crop; one high-quality resample to full-width strip interior; 8px clear Y margins plus inner 8px alpha fade; 24px X endpoint cross-blend, exact endpoint RGBA equality. No generated art drawn by code.","AB_2026-09-19_v1","S_England_1300_1450_v1","Astra Wave22 rework","candidate only; no game installation","candidate","User accepted Wave22 original; preserved byte-identical. Native project-referenced candidate; broad terrain contour retained, X seam normalized.; strip"
"boundary/coastal_edge_a-v1","v1","boundary/coastal_edge_a-v1.png","2c4aa1f9dd0e57b1807e2899da276f155864cd9c067c4ad08d2076bef6f35536","/Users/rexxa/Library/Application Support/orca/codex-accounts/54be5844-95fd-4c46-925c-75327ccd186a/home/generated_images/01a0e095-924c-73e0-b593-e0cef4078ae2/exec-39d414a4-e62d-4b2c-83a3-d824fe49f77d.png","f4eb01a33bbbf62ab5f19399e296682917c38ddbe5c2baf167bbb585ca083191","image_gen.imagegen","not exposed by native tool","2026-09-27T02:04:41.983Z","ATTEMPT 1
Use case: stylized-concept. ROLE strip, production game terrain surface for southern England 1300–1450. Match attached project art muted olive, warm soil, painterly low-frequency broad forms. FLAT PLAN VIEW rectangular horizontal ribbon; no perspective, no isometric diamond. X-axis seamless full width, no left/right margin. Transparent PNG; top and bottom 8 px clear at final size and inner 8 px broken organic alpha transition, no white halo. Broad 12–24 px motifs at final size, no tiny grains, hairlines, photonoise or focal objects. Soft even upper-left lighting, no cast shadows, no text. Draw ribbon filling full width at requested ratio, material boundary primarily horizontal with shallow irregular lobes. IMPORTANT ignore photographic fine grain in grass reference; use only its olive color. Render extremely simple broad painterly masses, minimal detail, no fine surface stipple. Think final 512px not oversized painting. SOURCE_SIZE 512x64. Upper olive grass lower pale tawny sand and faded salt-tolerant grass. A long irregular sandy inlet shapes. No waves.","grass.png; shoreline_a-v1.png","not exposed","1","This revision: none, byte-identical copy. Original processing: Alpha-supported Y crop; one high-quality resample to full-width strip interior; 8px clear Y margins plus inner 8px alpha fade; 24px X endpoint cross-blend, exact endpoint RGBA equality. No generated art drawn by code.","AB_2026-09-19_v1","S_England_1300_1450_v1","Astra Wave22 rework","candidate only; no game installation","candidate","User accepted Wave22 original; preserved byte-identical. Native project-referenced candidate; broad terrain contour retained, X seam normalized.; strip"
"boundary/coastal_edge_b-v1","v1","boundary/coastal_edge_b-v1.png","f7a00447ae4d48f52ec60f182b93cbf7395a90cf97cfd6a6a6254d7c03b369e0","/Users/rexxa/Library/Application Support/orca/codex-accounts/54be5844-95fd-4c46-925c-75327ccd186a/home/generated_images/01a0e095-924c-73e0-b593-e0cef4078ae2/exec-4943ce1f-4405-418b-9a9a-953c17fb3788.png","a6c4bcd91dcb059a2caf35462d6fea3793f8c28b1a6709e51a7af2414aa4dfe5","image_gen.imagegen","not exposed by native tool","2026-09-27T02:05:06.946Z","ATTEMPT 1
Use case: stylized-concept. ROLE strip, production game terrain surface for southern England 1300–1450. Match attached project art muted olive, warm soil, painterly low-frequency broad forms. FLAT PLAN VIEW rectangular horizontal ribbon; no perspective, no isometric diamond. X-axis seamless full width, no left/right margin. Transparent PNG; top and bottom 8 px clear at final size and inner 8 px broken organic alpha transition, no white halo. Broad 12–24 px motifs at final size, no tiny grains, hairlines, photonoise or focal objects. Soft even upper-left lighting, no cast shadows, no text. Draw ribbon filling full width at requested ratio, material boundary primarily horizontal with shallow irregular lobes. IMPORTANT ignore photographic fine grain in grass reference; use only its olive color. Render extremely simple broad painterly masses, minimal detail, no fine surface stipple. Think final 512px not oversized painting. SOURCE_SIZE 512x64. Upper olive grass lower pale tawny sand and faded salt-tolerant grass. B broad blunt grass lobes and discontinuous wide sand patches. No waves.","grass.png; shoreline_a-v1.png","not exposed","1","This revision: none, byte-identical copy. Original processing: Alpha-supported Y crop; one high-quality resample to full-width strip interior; 8px clear Y margins plus inner 8px alpha fade; 24px X endpoint cross-blend, exact endpoint RGBA equality. No generated art drawn by code.","AB_2026-09-19_v1","S_England_1300_1450_v1","Astra Wave22 rework","candidate only; no game installation","candidate","User accepted Wave22 original; preserved byte-identical. Native project-referenced candidate; broad terrain contour retained, X seam normalized.; strip"
"shore/sand_beach_b-v1","v1","shore/sand_beach_b-v1.png","7fff380523b622f0c16ed9b23fe3ebbc252ccc6850ef7cc06e885fbbc3d5e494","/Users/rexxa/Library/Application Support/orca/codex-accounts/54be5844-95fd-4c46-925c-75327ccd186a/home/generated_images/01a0e095-924c-73e0-b593-e0cef4078ae2/exec-41b18e83-e6ee-4966-af19-6fb88074fd8f.png","ac9867ae938db282b56d08b10ac50bebceaad1689e37d87cd636f5d2539f4e88","image_gen.imagegen","not exposed by native tool","2026-09-27T02:06:21.420Z","ATTEMPT 1
Use case: stylized-concept. ROLE strip, production game terrain surface for southern England 1300–1450. Match attached project art muted olive, warm soil, painterly low-frequency broad forms. FLAT PLAN VIEW rectangular horizontal ribbon; no perspective, no isometric diamond. X-axis seamless full width, no left/right margin. Transparent PNG; top and bottom 8 px clear at final size and inner 8 px broken organic alpha transition, no white halo. Broad 12–24 px motifs at final size, no tiny grains, hairlines, photonoise or focal objects. Soft even upper-left lighting, no cast shadows, no text. Draw ribbon filling full width at requested ratio, material boundary primarily horizontal with shallow irregular lobes. IMPORTANT ignore photographic fine grain in grass reference; use only its olive color. Render extremely simple broad painterly masses, minimal detail, no fine surface stipple. Think final 512px not oversized painting. SOURCE_SIZE 512x96. Upper faded olive coastal grass then broad warm grey-beige sand then lower slate-teal shallow water fading transparent. B longer broad sand spit interspersed with deeper water bays, distinctly different horizontal contour. No tiny sand grains or white surf.","grass.png; shoreline_a-v1.png","not exposed","1","This revision: none, byte-identical copy. Original processing: Alpha-supported Y crop; one high-quality resample to full-width strip interior; 8px clear Y margins plus inner 8px alpha fade; 24px X endpoint cross-blend, exact endpoint RGBA equality. No generated art drawn by code.","AB_2026-09-19_v1","S_England_1300_1450_v1","Astra Wave22 rework","candidate only; no game installation","candidate","User accepted Wave22 original; preserved byte-identical. Native project-referenced candidate; broad terrain contour retained, X seam normalized.; strip"
"shore/shingle_a-v1","v1","shore/shingle_a-v1.png","8c5d55a09830fab912e94b0f76b87bdd462a1de459625eff50c85b09cfa370df","/Users/rexxa/Library/Application Support/orca/codex-accounts/54be5844-95fd-4c46-925c-75327ccd186a/home/generated_images/01a0e095-924c-73e0-b593-e0cef4078ae2/exec-32f00d74-14ba-49af-a63e-6520bccaa3c9.png","b19ad1c94cf139e69000def65b63d8c9ead5cb90fb121317583af1e64fd259b7","image_gen.imagegen","not exposed by native tool","2026-09-27T02:07:09.937Z","ATTEMPT 1
Use case: stylized-concept. ROLE strip, production game terrain surface for southern England 1300–1450. Match attached project art muted olive, warm soil, painterly low-frequency broad forms. FLAT PLAN VIEW rectangular horizontal ribbon; no perspective, no isometric diamond. X-axis seamless full width, no left/right margin. Transparent PNG; top and bottom 8 px clear at final size and inner 8 px broken organic alpha transition, no white halo. Broad 12–24 px motifs at final size, no tiny grains, hairlines, photonoise or focal objects. Soft even upper-left lighting, no cast shadows, no text. Draw ribbon filling full width at requested ratio, material boundary primarily horizontal with shallow irregular lobes. IMPORTANT ignore photographic fine grain in grass reference; use only its olive color. Render extremely simple broad painterly masses, minimal detail, no fine surface stipple. Think final 512px not oversized painting. SOURCE_SIZE 512x96. Upper coastal olive land then broad flat rounded grey taupe shingle stones minimum 16–24px each final size; lower bluegrey water fades transparent. A few loose connected broad pebble banks, no tiny gravel noise.","grass.png; shoreline_a-v1.png","not exposed","1","This revision: none, byte-identical copy. Original processing: Alpha-supported Y crop; one high-quality resample to full-width strip interior; 8px clear Y margins plus inner 8px alpha fade; 24px X endpoint cross-blend, exact endpoint RGBA equality. No generated art drawn by code.","AB_2026-09-19_v1","S_England_1300_1450_v1","Astra Wave22 rework","candidate only; no game installation","candidate","User accepted Wave22 original; preserved byte-identical. Native project-referenced candidate; broad terrain contour retained, X seam normalized.; strip"
"shore/shingle_b-v1","v1","shore/shingle_b-v1.png","11cadcc47ecdd96807ed599c876fb8d41acca37cb5f268c804dae84df1164e10","/Users/rexxa/Library/Application Support/orca/codex-accounts/54be5844-95fd-4c46-925c-75327ccd186a/home/generated_images/01a0e095-924c-73e0-b593-e0cef4078ae2/exec-d55fcb3d-25ec-4a7e-ba64-8d15567bb5f0.png","9aa064119dfe0277e8bc1e1b9fb316c16807ae79d1134c797a63bd533b594e96","image_gen.imagegen","not exposed by native tool","2026-09-27T02:07:39.075Z","ATTEMPT 1
Use case: stylized-concept. ROLE strip, production game terrain surface for southern England 1300–1450. Match attached project art muted olive, warm soil, painterly low-frequency broad forms. FLAT PLAN VIEW rectangular horizontal ribbon; no perspective, no isometric diamond. X-axis seamless full width, no left/right margin. Transparent PNG; top and bottom 8 px clear at final size and inner 8 px broken organic alpha transition, no white halo. Broad 12–24 px motifs at final size, no tiny grains, hairlines, photonoise or focal objects. Soft even upper-left lighting, no cast shadows, no text. Draw ribbon filling full width at requested ratio, material boundary primarily horizontal with shallow irregular lobes. IMPORTANT ignore photographic fine grain in grass reference; use only its olive color. Render extremely simple broad painterly masses, minimal detail, no fine surface stipple. Think final 512px not oversized painting. SOURCE_SIZE 512x96. Upper coastal olive land then broad flat rounded grey taupe shingle stones minimum16–24px each; lower bluegrey water fades transparent. B wider irregular shelves with staggered sparse clusters, no tiny gravel noise.","grass.png; shoreline_a-v1.png","not exposed","1","This revision: none, byte-identical copy. Original processing: Alpha-supported Y crop; one high-quality resample to full-width strip interior; 8px clear Y margins plus inner 8px alpha fade; 24px X endpoint cross-blend, exact endpoint RGBA equality. No generated art drawn by code.","AB_2026-09-19_v1","S_England_1300_1450_v1","Astra Wave22 rework","candidate only; no game installation","candidate","User accepted Wave22 original; preserved byte-identical. Native project-referenced candidate; broad terrain contour retained, X seam normalized.; strip"
"shore/salt_marsh_a-v1","v1","shore/salt_marsh_a-v1.png","e0785b34d8b53ba9cacdd366a7557258e7c2c162dfad51399795b561bfcab16c","/Users/rexxa/Library/Application Support/orca/codex-accounts/54be5844-95fd-4c46-925c-75327ccd186a/home/generated_images/01a0e095-924c-73e0-b593-e0cef4078ae2/exec-f7713a0d-71ef-4cdc-9bf1-1053fc7b9843.png","b5d9855f08ce5f9167d1f028da231ced70e9cf11383b137febec0d7c2fd399d8","image_gen.imagegen","not exposed by native tool","2026-09-27T02:08:24.959Z","ATTEMPT 1
Use case: stylized-concept. ROLE strip, production game terrain surface for southern England 1300–1450. Match attached project art muted olive, warm soil, painterly low-frequency broad forms. FLAT PLAN VIEW rectangular horizontal ribbon; no perspective, no isometric diamond. X-axis seamless full width, no left/right margin. Transparent PNG; top and bottom 8 px clear at final size and inner 8 px broken organic alpha transition, no white halo. Broad 12–24 px motifs at final size, no tiny grains, hairlines, photonoise or focal objects. Soft even upper-left lighting, no cast shadows, no text. Draw ribbon filling full width at requested ratio, material boundary primarily horizontal with shallow irregular lobes. IMPORTANT ignore photographic fine grain in grass reference; use only its olive color. Render extremely simple broad painterly masses, minimal detail, no fine surface stipple. Think final 512px not oversized painting. SOURCE_SIZE 512x96. Upper muted olive salt marsh turf, irregular low turf lobes over dark warm mud and broad slate-teal tidal channels along lower half fading transparent. A branching shallow broad bays, no individual reeds.","grass.png; shoreline_a-v1.png","not exposed","1","This revision: none, byte-identical copy. Original processing: Alpha-supported Y crop; one high-quality resample to full-width strip interior; 8px clear Y margins plus inner 8px alpha fade; 24px X endpoint cross-blend, exact endpoint RGBA equality. No generated art drawn by code.","AB_2026-09-19_v1","S_England_1300_1450_v1","Astra Wave22 rework","candidate only; no game installation","candidate","User accepted Wave22 original; preserved byte-identical. Native project-referenced candidate; broad terrain contour retained, X seam normalized.; strip"
"shore/salt_marsh_b-v1","v1","shore/salt_marsh_b-v1.png","30c6b4bf8b44fda0b8832c98434fe2e3d9c661860256b5df71a804ece4b23558","/Users/rexxa/Library/Application Support/orca/codex-accounts/54be5844-95fd-4c46-925c-75327ccd186a/home/generated_images/01a0e095-924c-73e0-b593-e0cef4078ae2/exec-31d0ffce-b598-4f22-92dd-28a59b6a6b2f.png","cd81c13dfffdb097b28a69b3ce788d6f11df410e16e5ae85c7e0f1ef40d815ac","image_gen.imagegen","not exposed by native tool","2026-09-27T02:08:53.185Z","ATTEMPT 1
Use case: stylized-concept. ROLE strip, production game terrain surface for southern England 1300–1450. Match attached project art muted olive, warm soil, painterly low-frequency broad forms. FLAT PLAN VIEW rectangular horizontal ribbon; no perspective, no isometric diamond. X-axis seamless full width, no left/right margin. Transparent PNG; top and bottom 8 px clear at final size and inner 8 px broken organic alpha transition, no white halo. Broad 12–24 px motifs at final size, no tiny grains, hairlines, photonoise or focal objects. Soft even upper-left lighting, no cast shadows, no text. Draw ribbon filling full width at requested ratio, material boundary primarily horizontal with shallow irregular lobes. IMPORTANT ignore photographic fine grain in grass reference; use only its olive color. Render extremely simple broad painterly masses, minimal detail, no fine surface stipple. Think final 512px not oversized painting. SOURCE_SIZE 512x96. Upper muted olive salt marsh turf, irregular low turf lobes over dark warm mud and broad slate-teal tidal channels lower half fading transparent. B flatter widely spaced grass platforms and longer channel, no individual reeds.","grass.png; shoreline_a-v1.png","not exposed","1","This revision: none, byte-identical copy. Original processing: Alpha-supported Y crop; one high-quality resample to full-width strip interior; 8px clear Y margins plus inner 8px alpha fade; 24px X endpoint cross-blend, exact endpoint RGBA equality. No generated art drawn by code.","AB_2026-09-19_v1","S_England_1300_1450_v1","Astra Wave22 rework","candidate only; no game installation","candidate","User accepted Wave22 original; preserved byte-identical. Native project-referenced candidate; broad terrain contour retained, X seam normalized.; strip"
"boundary/reed_bed_a-v1","v1","boundary/reed_bed_a-v1.png","61c7e11ff283903d0c79e7e45968bbef65b9c28ba848f3c961aa8e7c846cfa41","/Users/rexxa/Library/Application Support/orca/codex-accounts/54be5844-95fd-4c46-925c-75327ccd186a/home/generated_images/01a0e095-924c-73e0-b593-e0cef4078ae2/exec-e456f39d-35bd-4c05-8f31-ee99a8b74225.png","26e4b33d49273269b170de1382a56a25e3d677515da8f729a8da17bd2fe05534","image_gen.imagegen","not exposed by native tool","2026-09-27T02:09:38.109Z","ATTEMPT 1
Use case: stylized-concept. ROLE strip, production game terrain surface for southern England 1300–1450. Match attached project art muted olive, warm soil, painterly low-frequency broad forms. FLAT PLAN VIEW rectangular horizontal ribbon; no perspective, no isometric diamond. X-axis seamless full width, no left/right margin. Transparent PNG; top and bottom 8 px clear at final size and inner 8 px broken organic alpha transition, no white halo. Broad 12–24 px motifs at final size, no tiny grains, hairlines, photonoise or focal objects. Soft even upper-left lighting, no cast shadows, no text. Draw ribbon filling full width at requested ratio, material boundary primarily horizontal with shallow irregular lobes. IMPORTANT ignore photographic fine grain in grass reference; use only its olive color. Render extremely simple broad painterly masses, minimal detail, no fine surface stipple. Think final 512px not oversized painting. SOURCE_SIZE 512x96. A low dense ribbon of reed beds, olive and tan broad grouped reed clumps minimum18px wide with broad 8px stalk marks, no hairlines. Upper side dry grassy bank, lower side darker wet soil and sparse slate-teal water fading transparent. Vary clump heights and gaps, dominant long low reed groups. Reeds reference for tan/olive hues only. Avoid individual fine grasses: grouped solid blade-shapes.","grass.png; shoreline_a-v1.png; reeds_a-v1.png","not exposed","1","This revision: none, byte-identical copy. Original processing: Alpha-supported Y crop; one high-quality resample to full-width strip interior; 8px clear Y margins plus inner 8px alpha fade; 24px X endpoint cross-blend, exact endpoint RGBA equality. No generated art drawn by code.","AB_2026-09-19_v1","S_England_1300_1450_v1","Astra Wave22 rework","candidate only; no game installation","candidate","User accepted Wave22 original; preserved byte-identical. Native project-referenced candidate; broad terrain contour retained, X seam normalized.; strip"
"boundary/reed_bed_b-v1","v1","boundary/reed_bed_b-v1.png","17365aec25511431e52c1bd0f948539e7fdecafbb9ce45677976b9bcac592b4e","/Users/rexxa/Library/Application Support/orca/codex-accounts/54be5844-95fd-4c46-925c-75327ccd186a/home/generated_images/01a0e095-924c-73e0-b593-e0cef4078ae2/exec-19be4803-1db6-4685-81df-6e07ff8e7c55.png","39bc4f113f6c0aced55a4895fa802eede660885e571539992e8365c8d44202d0","image_gen.imagegen","not exposed by native tool","2026-09-27T02:10:08.739Z","ATTEMPT 1
Use case: stylized-concept. ROLE strip, production game terrain surface for southern England 1300–1450. Match attached project art muted olive, warm soil, painterly low-frequency broad forms. FLAT PLAN VIEW rectangular horizontal ribbon; no perspective, no isometric diamond. X-axis seamless full width, no left/right margin. Transparent PNG; top and bottom 8 px clear at final size and inner 8 px broken organic alpha transition, no white halo. Broad 12–24 px motifs at final size, no tiny grains, hairlines, photonoise or focal objects. Soft even upper-left lighting, no cast shadows, no text. Draw ribbon filling full width at requested ratio, material boundary primarily horizontal with shallow irregular lobes. IMPORTANT ignore photographic fine grain in grass reference; use only its olive color. Render extremely simple broad painterly masses, minimal detail, no fine surface stipple. Think final 512px not oversized painting. SOURCE_SIZE 512x96. A low dense ribbon of reed beds, olive and tan broad grouped reed clumps minimum18px wide with broad 8px stalk marks, no hairlines. Upper dry grassy bank lower wet soil sparse slate-teal water fading transparent. B staggered shorter broad groups separated by larger muddy bays, no tall evenly spaced tufts. Reeds reference for tan/olive hues only. Avoid individual fine grasses: grouped solid blade-shapes.","grass.png; shoreline_a-v1.png; reeds_a-v1.png","not exposed","1","This revision: none, byte-identical copy. Original processing: Alpha-supported Y crop; one high-quality resample to full-width strip interior; 8px clear Y margins plus inner 8px alpha fade; 24px X endpoint cross-blend, exact endpoint RGBA equality. No generated art drawn by code.","AB_2026-09-19_v1","S_England_1300_1450_v1","Astra Wave22 rework","candidate only; no game installation","candidate","User accepted Wave22 original; preserved byte-identical. Native project-referenced candidate; broad terrain contour retained, X seam normalized.; strip"
"props/chalk_outcrop_a-v1","v1","props/chalk_outcrop_a-v1.png","979691201311908d39b1965751e61e91c88eaf78b403c754f25b69b1938e0b80","/Users/rexxa/Library/Application Support/orca/codex-accounts/54be5844-95fd-4c46-925c-75327ccd186a/home/generated_images/01a0e095-d875-7253-bbe4-0341e5ccd0db/exec-2a1fcd4c-b0bf-4a0e-aa59-e3a68f21ac3c.png","f2720dcebdab24e07d497192d2bb8d46fbc8cf6e526ab36cc3013ef69ba9b2ec","image_gen built-in","not displayed","2026-09-27T02:00:17.247Z","ATTEMPT 1
Use case: historical-scene. ROLE decal / isolated game terrain prop. Southern England 1300–1450, hand-painted isometric city builder. Input images are PROJECT-ONLY style/palette references: grass.png ground palette, rock.png stone material, mudstone_a-v1.png small prop simplicity, forest_fringe_a-v1.png coarse foliage style. Create a single NEW requested prop, not a sheet. 2:1 isometric view, orthographic, soft upper-left light, very short contact shading only. Genuine transparent RGBA background, no checkerboard or ground tile. At final SOURCE_SIZE specified below, keep all visible art within 8px transparent margin on every side; put ground contact at bottom center just above (W/2,H-8). Paint bold simplified forms that read at 0.3 scale: meaningful shape clusters 18–24px, coarse accents 12–20px; no micro-speckle/1–4px texture or tiny individual leaves. Restrained natural reference palette, broad hand painted planes, crisp organic edges, no photographic detail, no white halo, no long shadow, no text, no frame, no watermarks, no animals, no people, no modern items. REPEAT none.
SOURCE_SIZE 128x96. Asset chalk_outcrop_a-v1. Subject: A low broad CHALK outcrop, one large sloped off-white chalk slab on left and two smaller broken lobes on right. Rough soft crumbly pale warm stone, simple broad planes, little olive turf tucked behind, no bright marble.","grass.png; rock.png; mudstone_a-v1.png; forest_fringe_a-v1.png","not exposed","1","This revision: none, byte-identical copy. Original processing: Generated alpha preserved. Cropped transparent canvas to alpha>2 bounds (158,276)–(1294,834); single proportional downsample to 112×55; bottom-aligned on exact 128×96 RGBA canvas at (8,33), all-side 8px transparent margins. No procedural art.","AB_2026-09-19_v1","S_England_1300_1450_v1","Astra Wave22 rework","candidate only; no game installation","candidate","User accepted Wave22 original; preserved byte-identical. Selected native candidate for requested structural silhouette, coarse readable masses and project palette.; decal"
"props/chalk_outcrop_b-v1","v1","props/chalk_outcrop_b-v1.png","b40330b4e968512753eac56dda666699bf068e8b115ae0b7924d2e969f697dae","/Users/rexxa/Library/Application Support/orca/codex-accounts/54be5844-95fd-4c46-925c-75327ccd186a/home/generated_images/01a0e095-d875-7253-bbe4-0341e5ccd0db/exec-c685ea9a-a2ef-43a6-a07c-342b915bd585.png","924a28cd4edb13df1171d2c6277d180dac7c05abd96e38615590bfc8c57e5b3d","image_gen built-in","not displayed","2026-09-27T02:01:59.848Z","ATTEMPT 1
Use case: historical-scene. ROLE decal / isolated game terrain prop. Southern England 1300–1450, hand-painted isometric city builder. Input images are PROJECT-ONLY style/palette references: grass.png ground palette, rock.png stone material, mudstone_a-v1.png small prop simplicity, forest_fringe_a-v1.png coarse foliage style. Create a single NEW requested prop, not a sheet. 2:1 isometric view, orthographic, soft upper-left light, very short contact shading only. Genuine transparent RGBA background, no checkerboard or ground tile. At final SOURCE_SIZE specified below, keep all visible art within 8px transparent margin on every side; put ground contact at bottom center just above (W/2,H-8). Paint bold simplified forms that read at 0.3 scale: meaningful shape clusters 18–24px, coarse accents 12–20px; no micro-speckle/1–4px texture or tiny individual leaves. Restrained natural reference palette, broad hand painted planes, crisp organic edges, no photographic detail, no white halo, no long shadow, no text, no frame, no watermarks, no animals, no people, no modern items. REPEAT none.
SOURCE_SIZE 128x96. Asset chalk_outcrop_b-v1. Subject: A low CHALK outcrop with a clear central split and TWO unequal pale chalk humps, wider right hump, a few large fallen chalk fragments at front. Warm creamy chalk, broad coarse planes, little muted turf. Entire silhouette distinctly bifurcated.","grass.png; rock.png; mudstone_a-v1.png; forest_fringe_a-v1.png","not exposed","1","This revision: none, byte-identical copy. Original processing: Generated alpha preserved. Cropped transparent canvas to alpha>2 bounds (87,252)–(1371,826); single proportional downsample to 112×50; bottom-aligned on exact 128×96 RGBA canvas at (8,38), all-side 8px transparent margins. No procedural art.","AB_2026-09-19_v1","S_England_1300_1450_v1","Astra Wave22 rework","candidate only; no game installation","candidate","User accepted Wave22 original; preserved byte-identical. Selected native candidate for requested structural silhouette, coarse readable masses and project palette.; decal"
"props/chalk_outcrop_c-v1","v1","props/chalk_outcrop_c-v1.png","61bf737df50b741c4c66df49ad0f87a9b6ef64ecc8e0e9796e00443f2eea7987","/Users/rexxa/Library/Application Support/orca/codex-accounts/54be5844-95fd-4c46-925c-75327ccd186a/home/generated_images/01a0e095-d875-7253-bbe4-0341e5ccd0db/exec-b803a71d-7f89-4b79-a803-6462ae391c9e.png","17f94d998d1684782774a1801c2b010105501b389dd4b419edbeccbe310657d1","image_gen built-in","not displayed","2026-09-27T02:02:38.772Z","ATTEMPT 1
Use case: historical-scene. ROLE decal / isolated game terrain prop. Southern England 1300–1450, hand-painted isometric city builder. Input images are PROJECT-ONLY style/palette references: grass.png ground palette, rock.png stone material, mudstone_a-v1.png small prop simplicity, forest_fringe_a-v1.png coarse foliage style. Create a single NEW requested prop, not a sheet. 2:1 isometric view, orthographic, soft upper-left light, very short contact shading only. Genuine transparent RGBA background, no checkerboard or ground tile. At final SOURCE_SIZE specified below, keep all visible art within 8px transparent margin on every side; put ground contact at bottom center just above (W/2,H-8). Paint bold simplified forms that read at 0.3 scale: meaningful shape clusters 18–24px, coarse accents 12–20px; no micro-speckle/1–4px texture or tiny individual leaves. Restrained natural reference palette, broad hand painted planes, crisp organic edges, no photographic detail, no white halo, no long shadow, no text, no frame, no watermarks, no animals, no people, no modern items. REPEAT none.
SOURCE_SIZE 128x96. Asset chalk_outcrop_c-v1. Subject: A low elongated CHALK exposed shelf tapering from a raised blunt right end to a nearly flat left end, three broad uneven terraces, warm off-white chalk with a little olive turf cap, no marble. Distinct asymmetrical wedge silhouette.","grass.png; rock.png; mudstone_a-v1.png; forest_fringe_a-v1.png","not exposed","1","This revision: none, byte-identical copy. Original processing: Generated alpha preserved. Cropped transparent canvas to alpha>2 bounds (73,314)–(1376,799); single proportional downsample to 112×41; bottom-aligned on exact 128×96 RGBA canvas at (8,47), all-side 8px transparent margins. No procedural art.","AB_2026-09-19_v1","S_England_1300_1450_v1","Astra Wave22 rework","candidate only; no game installation","candidate","User accepted Wave22 original; preserved byte-identical. Selected native candidate for requested structural silhouette, coarse readable masses and project palette.; decal"
"props/sheep_stone_wall_a-v1","v1","props/sheep_stone_wall_a-v1.png","667fe4bb213275cc65951f98a9a0a9055d4fc0251e8b80f8d0b9e36fb8a9f78a","/Users/rexxa/Library/Application Support/orca/codex-accounts/54be5844-95fd-4c46-925c-75327ccd186a/home/generated_images/01a0e095-d875-7253-bbe4-0341e5ccd0db/exec-951c4858-5ea1-4ad7-961c-1b0a33e534ed.png","97874bb2c665c3475ce1a2a62cc9d6919aef2e84d3e01df103f618e438f6b465","image_gen built-in","not displayed","2026-09-27T02:03:15.111Z","ATTEMPT 1
Use case: historical-scene. ROLE decal / isolated game terrain prop. Southern England 1300–1450, hand-painted isometric city builder. Input images are PROJECT-ONLY style/palette references: grass.png ground palette, rock.png stone material, mudstone_a-v1.png small prop simplicity, forest_fringe_a-v1.png coarse foliage style. Create a single NEW requested prop, not a sheet. 2:1 isometric view, orthographic, soft upper-left light, very short contact shading only. Genuine transparent RGBA background, no checkerboard or ground tile. At final SOURCE_SIZE specified below, keep all visible art within 8px transparent margin on every side; put ground contact at bottom center just above (W/2,H-8). Paint bold simplified forms that read at 0.3 scale: meaningful shape clusters 18–24px, coarse accents 12–20px; no micro-speckle/1–4px texture or tiny individual leaves. Restrained natural reference palette, broad hand painted planes, crisp organic edges, no photographic detail, no white halo, no long shadow, no text, no frame, no watermarks, no animals, no people, no modern items. REPEAT none.
SOURCE_SIZE 128x96. Asset sheep_stone_wall_a-v1. Subject: One short LOW dry stone sheep-field wall section, no sheep. Running SW to NE in isometric view, irregular broad warm grey chalk rubble stacked only three courses high, two prominent upright coping stones, broken lowered left end. Chunky silhouette and large stones.","grass.png; rock.png; mudstone_a-v1.png; forest_fringe_a-v1.png","not exposed","1","This revision: none, byte-identical copy. Original processing: Generated alpha preserved. Cropped transparent canvas to alpha>2 bounds (67,215)–(1428,937); single proportional downsample to 112×59; bottom-aligned on exact 128×96 RGBA canvas at (8,29), all-side 8px transparent margins. No procedural art.","AB_2026-09-19_v1","S_England_1300_1450_v1","Astra Wave22 rework","candidate only; no game installation","candidate","User accepted Wave22 original; preserved byte-identical. Selected native candidate for requested structural silhouette, coarse readable masses and project palette.; decal"
"props/sheep_stone_wall_b-v1","v1","props/sheep_stone_wall_b-v1.png","a0aa575ef0383cae0c9b2309a5d218de859bdf715eee7ac63b3295ecc5877208","/Users/rexxa/Library/Application Support/orca/codex-accounts/54be5844-95fd-4c46-925c-75327ccd186a/home/generated_images/01a0e095-d875-7253-bbe4-0341e5ccd0db/exec-45a3fd28-0d68-408a-8bdf-f580a06c4f14.png","125b0e0ffbcb51f1f9dc1b1b0a5652b2f55306cbf35445f2356567842b25a8a2","image_gen built-in","not displayed","2026-09-27T02:04:18.377Z","ATTEMPT 1
Use case: historical-scene. ROLE decal / isolated game terrain prop. Southern England 1300–1450, hand-painted isometric city builder. Input images are PROJECT-ONLY style/palette references: grass.png ground palette, rock.png stone material, mudstone_a-v1.png small prop simplicity, forest_fringe_a-v1.png coarse foliage style. Create a single NEW requested prop, not a sheet. 2:1 isometric view, orthographic, soft upper-left light, very short contact shading only. Genuine transparent RGBA background, no checkerboard or ground tile. At final SOURCE_SIZE specified below, keep all visible art within 8px transparent margin on every side; put ground contact at bottom center just above (W/2,H-8). Paint bold simplified forms that read at 0.3 scale: meaningful shape clusters 18–24px, coarse accents 12–20px; no micro-speckle/1–4px texture or tiny individual leaves. Restrained natural reference palette, broad hand painted planes, crisp organic edges, no photographic detail, no white halo, no long shadow, no text, no frame, no watermarks, no animals, no people, no modern items. REPEAT none.
SOURCE_SIZE 128x96. Asset sheep_stone_wall_b-v1. Subject: One short LOW dry stone sheep-field wall section, no sheep. An obtuse bent section with shallow dogleg: short left return and longer right run, interrupted collapsed right end with two fallen stones. Warm grey chalk irregular large rubble, only two-three courses high. Clearly different bent silhouette.","grass.png; rock.png; mudstone_a-v1.png; forest_fringe_a-v1.png","not exposed","1","This revision: none, byte-identical copy. Original processing: Generated alpha preserved. Cropped transparent canvas to alpha>2 bounds (38,373)–(1382,903); single proportional downsample to 111×44; bottom-aligned on exact 128×96 RGBA canvas at (8,44), all-side 8px transparent margins. No procedural art.","AB_2026-09-19_v1","S_England_1300_1450_v1","Astra Wave22 rework","candidate only; no game installation","candidate","User accepted Wave22 original; preserved byte-identical. Selected native candidate for requested structural silhouette, coarse readable masses and project palette.; decal"
"props/fern_bush_a-v1","v1","props/fern_bush_a-v1.png","843664b13d99e78b23174da08bde3cd29449e7b2c798f2fb63d6b5ae357e25b5","/Users/rexxa/Library/Application Support/orca/codex-accounts/54be5844-95fd-4c46-925c-75327ccd186a/home/generated_images/01a0e095-d875-7253-bbe4-0341e5ccd0db/exec-80b910a1-e390-45b3-bf3c-8eb6773e305b.png","fa33ce403aa4303251c303461a62aca2ae583112eedc934828efff7a67fd29d5","image_gen built-in","not displayed","2026-09-27T02:04:57.102Z","ATTEMPT 1
Use case: historical-scene. ROLE decal / isolated game terrain prop. Southern England 1300–1450, hand-painted isometric city builder. Input images are PROJECT-ONLY style/palette references: grass.png ground palette, rock.png stone material, mudstone_a-v1.png small prop simplicity, forest_fringe_a-v1.png coarse foliage style. Create a single NEW requested prop, not a sheet. 2:1 isometric view, orthographic, soft upper-left light, very short contact shading only. Genuine transparent RGBA background, no checkerboard or ground tile. At final SOURCE_SIZE specified below, keep all visible art within 8px transparent margin on every side; put ground contact at bottom center just above (W/2,H-8). Paint bold simplified forms that read at 0.3 scale: meaningful shape clusters 18–24px, coarse accents 12–20px; no micro-speckle/1–4px texture or tiny individual leaves. Restrained natural reference palette, broad hand painted planes, crisp organic edges, no photographic detail, no white halo, no long shadow, no text, no frame, no watermarks, no animals, no people, no modern items. REPEAT none.
SOURCE_SIZE 128x96. Asset fern_bush_a-v1. Subject: A squat fern bush group, THREE broad coarse arching frond fans rising from one left-heavy center, tallest mass on left and lower right fan. Olive and muted moss green, warm brown bases. Large readable lobed fern fronds, NOT grass spears.","grass.png; rock.png; mudstone_a-v1.png; forest_fringe_a-v1.png","not exposed","1","This revision: none, byte-identical copy. Original processing: Generated alpha preserved. Cropped transparent canvas to alpha>2 bounds (115,218)–(1348,910); single proportional downsample to 112×62; bottom-aligned on exact 128×96 RGBA canvas at (8,26), all-side 8px transparent margins. No procedural art.","AB_2026-09-19_v1","S_England_1300_1450_v1","Astra Wave22 rework","candidate only; no game installation","candidate","User accepted Wave22 original; preserved byte-identical. Selected native candidate for requested structural silhouette, coarse readable masses and project palette.; decal"
"props/fern_bush_b-v1","v1","props/fern_bush_b-v1.png","4fdd5d16957c8a8779b62ba05f7bcfd38f944107e43483739dd7469849c00823","/Users/rexxa/Library/Application Support/orca/codex-accounts/54be5844-95fd-4c46-925c-75327ccd186a/home/generated_images/01a0e095-d875-7253-bbe4-0341e5ccd0db/exec-2e4269bc-b115-473d-b600-b59361c6b76b.png","e7d7220a4c4d0e04bfe836b434bfc05418feca94a096c8640dd7cf95a237e4be","image_gen built-in","not displayed","2026-09-27T02:05:50.599Z","ATTEMPT 1
Use case: historical-scene. ROLE decal / isolated game terrain prop. Southern England 1300–1450, hand-painted isometric city builder. Input images are PROJECT-ONLY style/palette references: grass.png ground palette, rock.png stone material, mudstone_a-v1.png small prop simplicity, forest_fringe_a-v1.png coarse foliage style. Create a single NEW requested prop, not a sheet. 2:1 isometric view, orthographic, soft upper-left light, very short contact shading only. Genuine transparent RGBA background, no checkerboard or ground tile. At final SOURCE_SIZE specified below, keep all visible art within 8px transparent margin on every side; put ground contact at bottom center just above (W/2,H-8). Paint bold simplified forms that read at 0.3 scale: meaningful shape clusters 18–24px, coarse accents 12–20px; no micro-speckle/1–4px texture or tiny individual leaves. Restrained natural reference palette, broad hand painted planes, crisp organic edges, no photographic detail, no white halo, no long shadow, no text, no frame, no watermarks, no animals, no people, no modern items. REPEAT none.
SOURCE_SIZE 128x96. Asset fern_bush_b-v1. Subject: A low fern bush group with TWO separated crowns and a visible shallow gap in middle, right crown taller, left fronds spreading nearly horizontal. Broad coarse olive green fern fronds with simple large lobes, warm brown bases.","grass.png; rock.png; mudstone_a-v1.png; forest_fringe_a-v1.png","not exposed","1","This revision: none, byte-identical copy. Original processing: Generated alpha preserved. Cropped transparent canvas to alpha>2 bounds (183,302)–(1338,841); single proportional downsample to 112×52; bottom-aligned on exact 128×96 RGBA canvas at (8,36), all-side 8px transparent margins. No procedural art.","AB_2026-09-19_v1","S_England_1300_1450_v1","Astra Wave22 rework","candidate only; no game installation","candidate","User accepted Wave22 original; preserved byte-identical. Selected native candidate for requested structural silhouette, coarse readable masses and project palette.; decal"
"props/fern_bush_c-v1","v1","props/fern_bush_c-v1.png","7485024738cec64eedebe01b9b61d919f2f4be053968b75277a0b2fb4c30fd70","/Users/rexxa/Library/Application Support/orca/codex-accounts/54be5844-95fd-4c46-925c-75327ccd186a/home/generated_images/01a0e095-d875-7253-bbe4-0341e5ccd0db/exec-98c7adae-7e70-4132-b18a-f785ce57b580.png","2c0291c5f5bfec55fd88b10aaa6dcbd0962f995e8dce18268fc312c24f174d96","image_gen built-in","not displayed","2026-09-27T02:06:26.637Z","ATTEMPT 1
Use case: historical-scene. ROLE decal / isolated game terrain prop. Southern England 1300–1450, hand-painted isometric city builder. Input images are PROJECT-ONLY style/palette references: grass.png ground palette, rock.png stone material, mudstone_a-v1.png small prop simplicity, forest_fringe_a-v1.png coarse foliage style. Create a single NEW requested prop, not a sheet. 2:1 isometric view, orthographic, soft upper-left light, very short contact shading only. Genuine transparent RGBA background, no checkerboard or ground tile. At final SOURCE_SIZE specified below, keep all visible art within 8px transparent margin on every side; put ground contact at bottom center just above (W/2,H-8). Paint bold simplified forms that read at 0.3 scale: meaningful shape clusters 18–24px, coarse accents 12–20px; no micro-speckle/1–4px texture or tiny individual leaves. Restrained natural reference palette, broad hand painted planes, crisp organic edges, no photographic detail, no white halo, no long shadow, no text, no frame, no watermarks, no animals, no people, no modern items. REPEAT none.
SOURCE_SIZE 128x96. Asset fern_bush_c-v1. Subject: A wide low fern bush rosette, FIVE broad drooping frond fans around a low center, central front fan curls outward, nearly level crown without tall shoot. Simple chunky lobed fronds, muted olive green, warm brown base. Clearly different low radial silhouette.","grass.png; rock.png; mudstone_a-v1.png; forest_fringe_a-v1.png","not exposed","1","This revision: none, byte-identical copy. Original processing: Generated alpha preserved. Cropped transparent canvas to alpha>2 bounds (137,390)–(1322,873); single proportional downsample to 112×45; bottom-aligned on exact 128×96 RGBA canvas at (8,43), all-side 8px transparent margins. No procedural art.","AB_2026-09-19_v1","S_England_1300_1450_v1","Astra Wave22 rework","candidate only; no game installation","candidate","User accepted Wave22 original; preserved byte-identical. Selected native candidate for requested structural silhouette, coarse readable masses and project palette.; decal"
"props/gorse_a-v1","v1","props/gorse_a-v1.png","3e4a49502e6c3fbf6607e84d28a45e596e876b34ceebb5e8bbdf1a27255a7895","/Users/rexxa/Library/Application Support/orca/codex-accounts/54be5844-95fd-4c46-925c-75327ccd186a/home/generated_images/01a0e095-d875-7253-bbe4-0341e5ccd0db/exec-fee98359-bd0b-429b-a393-12cab1d02cdc.png","c966d03e0ae3005dc4dcc2379331b7ae67767735b7032bc79510f25eefb2cc30","image_gen built-in","not displayed","2026-09-27T02:07:16.569Z","ATTEMPT 1
Use case: historical-scene. ROLE decal / isolated game terrain prop. Southern England 1300–1450, hand-painted isometric city builder. Input images are PROJECT-ONLY style/palette references: grass.png ground palette, rock.png stone material, mudstone_a-v1.png small prop simplicity, forest_fringe_a-v1.png coarse foliage style. Create a single NEW requested prop, not a sheet. 2:1 isometric view, orthographic, soft upper-left light, very short contact shading only. Genuine transparent RGBA background, no checkerboard or ground tile. At final SOURCE_SIZE specified below, keep all visible art within 8px transparent margin on every side; put ground contact at bottom center just above (W/2,H-8). Paint bold simplified forms that read at 0.3 scale: meaningful shape clusters 18–24px, coarse accents 12–20px; no micro-speckle/1–4px texture or tiny individual leaves. Restrained natural reference palette, broad hand painted planes, crisp organic edges, no photographic detail, no white halo, no long shadow, no text, no frame, no watermarks, no animals, no people, no modern items. REPEAT none.
SOURCE_SIZE 96x64. Asset gorse_a-v1. Subject: A small low GORSE shrub mound, asymmetrical rounded dark dull olive spiky mass taller on left, 3 broad branch clusters with very sparse muted ochre yellow flower patches, about three flower patches total. Coarse thorny silhouette, not individual tiny needle noise.","grass.png; rock.png; mudstone_a-v1.png; forest_fringe_a-v1.png","not exposed","1","This revision: none, byte-identical copy. Original processing: Generated alpha preserved. Cropped transparent canvas to alpha>2 bounds (339,315)–(1168,804); single proportional downsample to 80×47; bottom-aligned on exact 96×64 RGBA canvas at (8,9), all-side 8px transparent margins. No procedural art.","AB_2026-09-19_v1","S_England_1300_1450_v1","Astra Wave22 rework","candidate only; no game installation","candidate","User accepted Wave22 original; preserved byte-identical. Selected native candidate for requested structural silhouette, coarse readable masses and project palette.; decal"
"props/gorse_b-v1","v1","props/gorse_b-v1.png","e08fc9018b60103361c51b1b5edf64c2801bce62a010bd0a833c65a4d9eacdaa","/Users/rexxa/Library/Application Support/orca/codex-accounts/54be5844-95fd-4c46-925c-75327ccd186a/home/generated_images/01a0e095-d875-7253-bbe4-0341e5ccd0db/exec-eaed9c73-9284-45cd-8930-32594424aa56.png","4fe2ea16bc0af45243f72d0105d576f3b3e3e0360564d22d57bd4c102a12a74b","image_gen built-in","not displayed","2026-09-27T02:07:41.596Z","ATTEMPT 1
Use case: historical-scene. ROLE decal / isolated game terrain prop. Southern England 1300–1450, hand-painted isometric city builder. Input images are PROJECT-ONLY style/palette references: grass.png ground palette, rock.png stone material, mudstone_a-v1.png small prop simplicity, forest_fringe_a-v1.png coarse foliage style. Create a single NEW requested prop, not a sheet. 2:1 isometric view, orthographic, soft upper-left light, very short contact shading only. Genuine transparent RGBA background, no checkerboard or ground tile. At final SOURCE_SIZE specified below, keep all visible art within 8px transparent margin on every side; put ground contact at bottom center just above (W/2,H-8). Paint bold simplified forms that read at 0.3 scale: meaningful shape clusters 18–24px, coarse accents 12–20px; no micro-speckle/1–4px texture or tiny individual leaves. Restrained natural reference palette, broad hand painted planes, crisp organic edges, no photographic detail, no white halo, no long shadow, no text, no frame, no watermarks, no animals, no people, no modern items. REPEAT none.
SOURCE_SIZE 96x64. Asset gorse_b-v1. Subject: A small low GORSE shrub consisting of TWO unequal spiky mounds joined by a low woody saddle, taller right crown and a spreading left branch. Dark dull olive green, very sparse dusty ochre yellow flower patches, about two flower patches. Distinct twin-lobed silhouette, no bright yellow carpet.","grass.png; rock.png; mudstone_a-v1.png; forest_fringe_a-v1.png","not exposed","1","This revision: none, byte-identical copy. Original processing: Generated alpha preserved. Cropped transparent canvas to alpha>2 bounds (318,345)–(1228,870); single proportional downsample to 80×46; bottom-aligned on exact 96×64 RGBA canvas at (8,10), all-side 8px transparent margins. No procedural art.","AB_2026-09-19_v1","S_England_1300_1450_v1","Astra Wave22 rework","candidate only; no game installation","candidate","User accepted Wave22 original; preserved byte-identical. Selected native candidate for requested structural silhouette, coarse readable masses and project palette.; decal"
"props/reed_clump_a-v1","v1","props/reed_clump_a-v1.png","68e6b21f59917cff4f429b588a5464f29aa393649eb681e0c07e199804558cbf","/Users/rexxa/Library/Application Support/orca/codex-accounts/54be5844-95fd-4c46-925c-75327ccd186a/home/generated_images/01a0e096-42f8-7400-ac95-e891f5dbd17a/exec-f7127978-f7bc-4474-8afd-cfbdc3cc32b6.png","761c227b3415460ddb834f68321c48cada734520d19c6d7ca3678f37f256385e","Native image_gen; JS Canvas/PNG mechanical normalization","not displayed","2026-09-27T02:00:49.545Z","ATTEMPT 1
ROLE: decal, nonrepeating transparent game sprite. Use case historical-scene. New project asset reed_clump_a-v1. Southern England 1300-1450 hand-painted isometric city-builder. Reference image 1 is project palette/brushwork guide, not an edit target. A single bold fen reed clump, compact left-leaning fan with 5 broad olive leaves and three big tawny blunt seed plumes; strongly connected silhouette. Camera 2:1 isometric from above, no perspective. Target canvas 96x96 pixels; design only large simple masses readable when reduced to 0.3 scale. Main shapes 18-24 target pixels, no granular texture or 1-4px micro-noise. Center object horizontally, ground contact at bottom center with 8 target-pixel fully transparent margin on every side. Genuine transparent RGBA background, no background or tile base. Soft upper-left daylight and only tiny contact shadow. Muted olive, tawny brown and earthy grey project palette. Simplified broad painterly brushwork same as reference. No text, grid, watermark, white halo, blur, long cast shadows. Only one isolated asset, no sheet.","reeds_a-v1.png","not exposed","1","This revision: none, byte-identical copy. Original processing: Alpha bounding-box crop (172,86,963,1045); one high-quality downsample into 96x96 at (11,8,74,80); bottom-center pivot 48,88; enforce 8px transparent margin; 2px transparent RGB bleed. No procedural art or recolor.","AB_2026-09-19_v1","S_England_1300_1450_v1","Astra Wave22 rework","candidate only; no game installation","candidate","User accepted Wave22 original; preserved byte-identical. One native candidate; large distinctive subject silhouette and restrained project palette; final scale reviewed in contact sheet.; decal"
"props/reed_clump_b-v1","v1","props/reed_clump_b-v1.png","6016aaff2ad82b0ad050c0e4289050fa028ca736cc29513aa9fc2b3fdb9be79f","/Users/rexxa/Library/Application Support/orca/codex-accounts/54be5844-95fd-4c46-925c-75327ccd186a/home/generated_images/01a0e096-42f8-7400-ac95-e891f5dbd17a/exec-ea056fa5-b969-46d8-a1f5-ae5523efc7fb.png","2658b346e04248fb66c902a46ee03ae664dec813657457550bfbeeaa51496ee5","Native image_gen; JS Canvas/PNG mechanical normalization","not displayed","2026-09-27T02:02:10.666Z","ATTEMPT 1
ROLE: decal, nonrepeating transparent game sprite. Use case historical-scene. New project asset reed_clump_b-v1. Southern England 1300-1450 hand-painted isometric city-builder. Reference image 1 is project palette/brushwork guide, not an edit target. A single bold fen reed clump, wider V silhouette, four stout upright broad leaves and two tall dark straw plumes on the right, open low center, visibly different from left-leaning fan. Camera 2:1 isometric from above, no perspective. Target canvas 96x96 pixels; design only large simple masses readable when reduced to 0.3 scale. Main shapes 18-24 target pixels, no granular texture or 1-4px micro-noise. Center object horizontally, ground contact at bottom center with 8 target-pixel fully transparent margin on every side. Genuine transparent RGBA background, no background or tile base. Soft upper-left daylight and only tiny contact shadow. Muted olive, tawny brown and earthy grey project palette. Simplified broad painterly brushwork same as reference. No text, grid, watermark, white halo, blur, long cast shadows. Only one isolated asset, no sheet.","reeds_b-v1.png","not exposed","1","This revision: none, byte-identical copy. Original processing: Alpha bounding-box crop (91,301,1093,720); one high-quality downsample into 96x96 at (8,35,80,53); bottom-center pivot 48,88; enforce 8px transparent margin; 2px transparent RGB bleed. No procedural art or recolor.","AB_2026-09-19_v1","S_England_1300_1450_v1","Astra Wave22 rework","candidate only; no game installation","candidate","User accepted Wave22 original; preserved byte-identical. One native candidate; large distinctive subject silhouette and restrained project palette; final scale reviewed in contact sheet.; decal"
"props/reed_clump_c-v1","v1","props/reed_clump_c-v1.png","fe5ca3e48d0dd1003e6f107a5b804a78c787700612a886f428027c6160728724","/Users/rexxa/Library/Application Support/orca/codex-accounts/54be5844-95fd-4c46-925c-75327ccd186a/home/generated_images/01a0e096-42f8-7400-ac95-e891f5dbd17a/exec-c6734589-1433-43db-8987-9f87e10220f1.png","9717df7a25977bc9db098eea13682df87e573cb0ca66a9a20e0dc33a5acf99b3","Native image_gen; JS Canvas/PNG mechanical normalization","not displayed","2026-09-27T02:03:11.779Z","ATTEMPT 1
ROLE: decal, nonrepeating transparent game sprite. Use case historical-scene. New project asset reed_clump_c-v1. Southern England 1300-1450 hand-painted isometric city-builder. Reference image 1 is project palette/brushwork guide, not an edit target. A single bold fen reed clump, low arched spread of six broad olive leaves, one taller central tawny seed plume flanked by two short plumes, broad triangular silhouette. Camera 2:1 isometric from above, no perspective. Target canvas 96x96 pixels; design only large simple masses readable when reduced to 0.3 scale. Main shapes 18-24 target pixels, no granular texture or 1-4px micro-noise. Center object horizontally, ground contact at bottom center with 8 target-pixel fully transparent margin on every side. Genuine transparent RGBA background, no background or tile base. Soft upper-left daylight and only tiny contact shadow. Muted olive, tawny brown and earthy grey project palette. Simplified broad painterly brushwork same as reference. No text, grid, watermark, white halo, blur, long cast shadows. Only one isolated asset, no sheet.","reeds_c-v1.png","not exposed","1","This revision: none, byte-identical copy. Original processing: Alpha bounding-box crop (269,92,739,1040); one high-quality downsample into 96x96 at (20,8,57,80); bottom-center pivot 48,88; enforce 8px transparent margin; 2px transparent RGB bleed. No procedural art or recolor.","AB_2026-09-19_v1","S_England_1300_1450_v1","Astra Wave22 rework","candidate only; no game installation","candidate","User accepted Wave22 original; preserved byte-identical. One native candidate; large distinctive subject silhouette and restrained project palette; final scale reviewed in contact sheet.; decal"
"props/fen_puddle_a-v1","v1","props/fen_puddle_a-v1.png","a76fcaaac669944ee3470f8a4e1fa2b9f114e1899cefab67461e64cbbd64c10c","/Users/rexxa/Library/Application Support/orca/codex-accounts/54be5844-95fd-4c46-925c-75327ccd186a/home/generated_images/01a0e096-42f8-7400-ac95-e891f5dbd17a/exec-9695c777-56dc-4ff4-a8a1-b9f698db56aa.png","8144dad2d65f6e6e627be0658d4e55536a0fa841ca9ecf33cdf05002203dc09b","Native image_gen; JS Canvas/PNG mechanical normalization","not displayed","2026-09-27T02:03:37.942Z","ATTEMPT 1
ROLE: decal, nonrepeating transparent game sprite. Use case historical-scene. New project asset fen_puddle_a-v1. Southern England 1300-1450 hand-painted isometric city-builder. Reference image 1 is project palette/brushwork guide, not an edit target. One low flat irregular kidney-shaped muddy fen puddle with continuous dull grey olive water and thick soft mud lip, small single grass tuft at back. No turquoise, no reflective sky. Camera 2:1 isometric from above, no perspective. Target canvas 128x64 pixels; design only large simple masses readable when reduced to 0.3 scale. Main shapes 18-24 target pixels, no granular texture or 1-4px micro-noise. Center object horizontally, ground contact at bottom center with 8 target-pixel fully transparent margin on every side. Genuine transparent RGBA background, no background or tile base. Soft upper-left daylight and only tiny contact shadow. Muted olive, tawny brown and earthy grey project palette. Simplified broad painterly brushwork same as reference. No text, grid, watermark, white halo, blur, long cast shadows. Only one isolated asset, no sheet.","mudstone_a-v1.png","not exposed","1","This revision: none, byte-identical copy. Original processing: Alpha bounding-box crop (393,270,988,386); one high-quality downsample into 128x64 at (8,12,112,44); bottom-center pivot 64,56; enforce 8px transparent margin; 2px transparent RGB bleed. No procedural art or recolor.","AB_2026-09-19_v1","S_England_1300_1450_v1","Astra Wave22 rework","candidate only; no game installation","candidate","User accepted Wave22 original; preserved byte-identical. One native candidate; large distinctive subject silhouette and restrained project palette; final scale reviewed in contact sheet.; decal"
"props/fen_puddle_b-v1","v1","props/fen_puddle_b-v1.png","3154bdee9b7bfa1e0dcf8a34efc832d35ca22439327635b39622c64f3b4e3f41","/Users/rexxa/Library/Application Support/orca/codex-accounts/54be5844-95fd-4c46-925c-75327ccd186a/home/generated_images/01a0e096-42f8-7400-ac95-e891f5dbd17a/exec-0a79b9e7-9aef-488d-8486-a1cc52b21cd6.png","2b32ef5f3c3537116bc25c54c4f18ff8dee06e315cbbbc94b4ecb37ff8c62da9","Native image_gen; JS Canvas/PNG mechanical normalization","not displayed","2026-09-27T02:04:05.187Z","ATTEMPT 1
ROLE: decal, nonrepeating transparent game sprite. Use case historical-scene. New project asset fen_puddle_b-v1. Southern England 1300-1450 hand-painted isometric city-builder. Reference image 1 is project palette/brushwork guide, not an edit target. One low flat two-lobed shallow fen puddle, unequal lobes connected by narrow neck, muddy olive-grey quiet water, broad dark wet earth lip, sparse short reed leaf at right. Camera 2:1 isometric from above, no perspective. Target canvas 128x64 pixels; design only large simple masses readable when reduced to 0.3 scale. Main shapes 18-24 target pixels, no granular texture or 1-4px micro-noise. Center object horizontally, ground contact at bottom center with 8 target-pixel fully transparent margin on every side. Genuine transparent RGBA background, no background or tile base. Soft upper-left daylight and only tiny contact shadow. Muted olive, tawny brown and earthy grey project palette. Simplified broad painterly brushwork same as reference. No text, grid, watermark, white halo, blur, long cast shadows. Only one isolated asset, no sheet.","mudstone_b-v1.png","not exposed","1","This revision: none, byte-identical copy. Original processing: Alpha bounding-box crop (397,341,1030,318); one high-quality downsample into 128x64 at (8,21,112,35); bottom-center pivot 64,56; enforce 8px transparent margin; 2px transparent RGB bleed. No procedural art or recolor.","AB_2026-09-19_v1","S_England_1300_1450_v1","Astra Wave22 rework","candidate only; no game installation","candidate","User accepted Wave22 original; preserved byte-identical. One native candidate; large distinctive subject silhouette and restrained project palette; final scale reviewed in contact sheet.; decal"
"props/driftwood_a-v1","v1","props/driftwood_a-v1.png","45e19776c878acd51f9139454c837a55651298e74024da8c17aa363a2b972601","/Users/rexxa/Library/Application Support/orca/codex-accounts/54be5844-95fd-4c46-925c-75327ccd186a/home/generated_images/01a0e096-42f8-7400-ac95-e891f5dbd17a/exec-8fcd229d-29dd-4987-90db-c5f690c9f5cc.png","87b3f738d5cc23276dbf0e23980b002ac80a6ad71ab9603d2add61fcc5b5d8a8","Native image_gen; JS Canvas/PNG mechanical normalization","not displayed","2026-09-27T02:04:34.961Z","ATTEMPT 1
ROLE: decal, nonrepeating transparent game sprite. Use case historical-scene. New project asset driftwood_a-v1. Southern England 1300-1450 hand-painted isometric city-builder. Reference image 1 is project palette/brushwork guide, not an edit target. One chunky long weathered driftwood trunk lying diagonally left-back to right-front, blunt split end, one hooked branch stub, irregular bleached warm grey brown surfaces. No leaves. Camera 2:1 isometric from above, no perspective. Target canvas 128x64 pixels; design only large simple masses readable when reduced to 0.3 scale. Main shapes 18-24 target pixels, no granular texture or 1-4px micro-noise. Center object horizontally, ground contact at bottom center with 8 target-pixel fully transparent margin on every side. Genuine transparent RGBA background, no background or tile base. Soft upper-left daylight and only tiny contact shadow. Muted olive, tawny brown and earthy grey project palette. Simplified broad painterly brushwork same as reference. No text, grid, watermark, white halo, blur, long cast shadows. Only one isolated asset, no sheet.","forest_floor.png","not exposed","1","This revision: none, byte-identical copy. Original processing: Alpha bounding-box crop (313,173,1165,553); one high-quality downsample into 128x64 at (14,8,101,48); bottom-center pivot 64,56; enforce 8px transparent margin; 2px transparent RGB bleed. No procedural art or recolor.","AB_2026-09-19_v1","S_England_1300_1450_v1","Astra Wave22 rework","candidate only; no game installation","candidate","User accepted Wave22 original; preserved byte-identical. One native candidate; large distinctive subject silhouette and restrained project palette; final scale reviewed in contact sheet.; decal"
"props/driftwood_b-v1","v1","props/driftwood_b-v1.png","2f20870a21dd13f028c4e04a2930717ad5d317688bed57212be56be440bb6d0e","/Users/rexxa/Library/Application Support/orca/codex-accounts/54be5844-95fd-4c46-925c-75327ccd186a/home/generated_images/01a0e096-42f8-7400-ac95-e891f5dbd17a/exec-f821b008-0d1b-4f81-b5b0-a783cc82c63d.png","81629fd2fa83496547799179486579a6b40a3261af608ae870edf7b2bd6f1c2b","Native image_gen; JS Canvas/PNG mechanical normalization","not displayed","2026-09-27T02:04:59.155Z","ATTEMPT 1
ROLE: decal, nonrepeating transparent game sprite. Use case historical-scene. New project asset driftwood_b-v1. Southern England 1300-1450 hand-painted isometric city-builder. Reference image 1 is project palette/brushwork guide, not an edit target. One weathered driftwood fragment with broad knotted root bulb on right and a tapering broken curved trunk toward left, two thick root prongs, asymmetric fork silhouette clearly distinct from a straight log. Camera 2:1 isometric from above, no perspective. Target canvas 128x64 pixels; design only large simple masses readable when reduced to 0.3 scale. Main shapes 18-24 target pixels, no granular texture or 1-4px micro-noise. Center object horizontally, ground contact at bottom center with 8 target-pixel fully transparent margin on every side. Genuine transparent RGBA background, no background or tile base. Soft upper-left daylight and only tiny contact shadow. Muted olive, tawny brown and earthy grey project palette. Simplified broad painterly brushwork same as reference. No text, grid, watermark, white halo, blur, long cast shadows. Only one isolated asset, no sheet.","forest_floor.png","not exposed","1","This revision: none, byte-identical copy. Original processing: Alpha bounding-box crop (280,192,1236,501); one high-quality downsample into 128x64 at (8,11,112,45); bottom-center pivot 64,56; enforce 8px transparent margin; 2px transparent RGB bleed. No procedural art or recolor.","AB_2026-09-19_v1","S_England_1300_1450_v1","Astra Wave22 rework","candidate only; no game installation","candidate","User accepted Wave22 original; preserved byte-identical. One native candidate; large distinctive subject silhouette and restrained project palette; final scale reviewed in contact sheet.; decal"
"props/rock_pool-v1","v1","props/rock_pool-v1.png","46a0a759dec36867478b55af556fff49aa91bc35dd4df26564bbeca2ee67884f","/Users/rexxa/Library/Application Support/orca/codex-accounts/54be5844-95fd-4c46-925c-75327ccd186a/home/generated_images/01a0e096-42f8-7400-ac95-e891f5dbd17a/exec-182632d1-d8ad-41e8-ab05-dedcadbb0446.png","68ef4bc69a3dbf8a8083e1bb4e7f42773327c438adefdd4750deaccb01099fc1","Native image_gen; JS Canvas/PNG mechanical normalization","not displayed","2026-09-27T02:05:36.133Z","ATTEMPT 1
ROLE: decal, nonrepeating transparent game sprite. Use case historical-scene. New project asset rock_pool-v1. Southern England 1300-1450 hand-painted isometric city-builder. Reference image 1 is project palette/brushwork guide, not an edit target. One low irregular coastal rock pool: five chunky muted warm grey rocks form an incomplete oval rim around a wide dull olive-grey flat water surface. Broad readable rock masses. No blue shining water. Camera 2:1 isometric from above, no perspective. Target canvas 128x64 pixels; design only large simple masses readable when reduced to 0.3 scale. Main shapes 18-24 target pixels, no granular texture or 1-4px micro-noise. Center object horizontally, ground contact at bottom center with 8 target-pixel fully transparent margin on every side. Genuine transparent RGBA background, no background or tile base. Soft upper-left daylight and only tiny contact shadow. Muted olive, tawny brown and earthy grey project palette. Simplified broad painterly brushwork same as reference. No text, grid, watermark, white halo, blur, long cast shadows. Only one isolated asset, no sheet.","rock.png","not exposed","1","This revision: none, byte-identical copy. Original processing: Alpha bounding-box crop (347,144,1088,573); one high-quality downsample into 128x64 at (19,8,91,48); bottom-center pivot 64,56; enforce 8px transparent margin; 2px transparent RGB bleed. No procedural art or recolor.","AB_2026-09-19_v1","S_England_1300_1450_v1","Astra Wave22 rework","candidate only; no game installation","candidate","User accepted Wave22 original; preserved byte-identical. One native candidate; large distinctive subject silhouette and restrained project palette; final scale reviewed in contact sheet.; decal"
"props/fallen_tree-v1","v1","props/fallen_tree-v1.png","f6d138c69720490c391ba6b9d793758df23725eb1dcf82be715eb588cae41db6","/Users/rexxa/Library/Application Support/orca/codex-accounts/54be5844-95fd-4c46-925c-75327ccd186a/home/generated_images/01a0e096-42f8-7400-ac95-e891f5dbd17a/exec-6c212efe-38e3-4743-9dbb-a4910878edb0.png","8186d196040ad8f74af4840705fa30b82f32758fc42008318a6c06ada6646554","Native image_gen; JS Canvas/PNG mechanical normalization","not displayed","2026-09-27T02:06:05.108Z","ATTEMPT 1
ROLE: decal, nonrepeating transparent game sprite. Use case historical-scene. New project asset fallen_tree-v1. Southern England 1300-1450 hand-painted isometric city-builder. Reference image 1 is project palette/brushwork guide, not an edit target. One short thick fallen deciduous tree trunk, dark warm brown, irregular broken end on right and thick root end on left, large quiet olive moss patch along upper bark, two short broken branch stubs. Compact low log, not whole tree. Camera 2:1 isometric from above, no perspective. Target canvas 128x64 pixels; design only large simple masses readable when reduced to 0.3 scale. Main shapes 18-24 target pixels, no granular texture or 1-4px micro-noise. Center object horizontally, ground contact at bottom center with 8 target-pixel fully transparent margin on every side. Genuine transparent RGBA background, no background or tile base. Soft upper-left daylight and only tiny contact shadow. Muted olive, tawny brown and earthy grey project palette. Simplified broad painterly brushwork same as reference. No text, grid, watermark, white halo, blur, long cast shadows. Only one isolated asset, no sheet.","forest_floor.png","not exposed","1","This revision: none, byte-identical copy. Original processing: Alpha bounding-box crop (342,228,1060,420); one high-quality downsample into 128x64 at (8,12,112,44); bottom-center pivot 64,56; enforce 8px transparent margin; 2px transparent RGB bleed. No procedural art or recolor.","AB_2026-09-19_v1","S_England_1300_1450_v1","Astra Wave22 rework","candidate only; no game installation","candidate","User accepted Wave22 original; preserved byte-identical. One native candidate; large distinctive subject silhouette and restrained project palette; final scale reviewed in contact sheet.; decal"
"props/mushrooms-v1","v1","props/mushrooms-v1.png","fa719e4218a201c724fa1d76568f356c2368d33a121a131c40681650bb7eebf3","/Users/rexxa/Library/Application Support/orca/codex-accounts/54be5844-95fd-4c46-925c-75327ccd186a/home/generated_images/01a0e096-42f8-7400-ac95-e891f5dbd17a/exec-3c6a4359-3464-4be3-bf72-054b0030b4a5.png","6607b57c8514d836dd1281ea0f3a338b93e42d0efc196f1b21e1522d2f0f7506","Native image_gen; JS Canvas/PNG mechanical normalization","not displayed","2026-09-27T02:06:38.997Z","ATTEMPT 1
ROLE: decal, nonrepeating transparent game sprite. Use case historical-scene. New project asset mushrooms-v1. Southern England 1300-1450 hand-painted isometric city-builder. Reference image 1 is project palette/brushwork guide, not an edit target. A tiny connected group of exactly three large simple mushrooms, one broad ochre brown cap and two smaller muted tan caps, short thick cream stems, minimal dark earth patch at feet. Unequal caps form broad readable silhouette. No red, spots or fantasy. Camera 2:1 isometric from above, no perspective. Target canvas 64x48 pixels; design only large simple masses readable when reduced to 0.3 scale. Main shapes 18-24 target pixels, no granular texture or 1-4px micro-noise. Center object horizontally, ground contact at bottom center with 8 target-pixel fully transparent margin on every side. Genuine transparent RGBA background, no background or tile base. Soft upper-left daylight and only tiny contact shadow. Muted olive, tawny brown and earthy grey project palette. Simplified broad painterly brushwork same as reference. No text, grid, watermark, white halo, blur, long cast shadows. Only one isolated asset, no sheet.","forest_floor.png","not exposed","1","This revision: none, byte-identical copy. Original processing: Alpha bounding-box crop (365,277,719,535); one high-quality downsample into 64x48 at (11,8,43,32); bottom-center pivot 32,40; enforce 8px transparent margin; 2px transparent RGB bleed. No procedural art or recolor.","AB_2026-09-19_v1","S_England_1300_1450_v1","Astra Wave22 rework","candidate only; no game installation","candidate","User accepted Wave22 original; preserved byte-identical. One native candidate; large distinctive subject silhouette and restrained project palette; final scale reviewed in contact sheet.; decal"
"terrain/chalk_down_summer_a-v2","v2","terrain/chalk_down_summer_a-v2.png","43a00762d9289baec34a66113af18bf7e7570738ed11009ea8168ca493fc63c1","/Users/rexxa/Library/Application Support/orca/codex-accounts/54be5844-95fd-4c46-925c-75327ccd186a/home/generated_images/01a0e14e-2f3a-7c52-9f4d-ec787f34d610/exec-119f4623-77ba-4882-bccd-9eb8613bd594.png","71bf19742ca71c77f45e0d365a974711bdafe4193172d1bf64c8595926d274e9","image_gen.imagegen","not exposed","2026-09-27T05:20:59.735Z","ATTEMPT 1
Use case: stylized-concept. One single seamless terrain base fill for medieval southern England city builder. Reference image grass.png is the exact desired fine, quiet painted ground texture and density. Make chalk down summer BASE ONLY: uniform muted dry grey olive short turf, fine low-contrast tiny interwoven painterly grass strokes, same scale of grain as reference. Type identity ONLY in slightly dry grey olive hue. Absolutely NO exposed chalk, rocks, bare patches, cloud patches, diagonal bands, clumps, plants, flowers, objects, vignettes or lighting gradients. No large brush blobs. This is an unobtrusive statistically uniform background beneath separately placed decals; a 4x4 repeat must not reveal large shapes or grid rhythm. Top down flat opaque rectangular 2:1 texture, target 256x128. X and Y seamless, matching opposite edges, equal local tone throughout including corners. Fine nonphotographic painted grain, very low contrast like reference, no text or border. Soft even ambient light. Variant A.","grass.png","not exposed","1","Native full-rectangle resized once to 256x128; opposing X 16px and Y 12px edge strips symmetrically blended to exact equal endpoints; opaque alpha normalized. RGB chroma about luminance multiplied by 1. No procedural artwork. Pair-level B mean RGB matched to A; shared X/Y edge 8px bands quadratically blended for exact cross-variant endpoint match, no blur filter or new painting.","AB_2026-09-19_v1","S_England_1300_1450_v1","Astra Wave22 rework","candidate only; no game installation","candidate","Selected quiet fine brush grain with no terrain signature patches; independent variant generation.; fill"
"terrain/chalk_down_summer_b-v2","v2","terrain/chalk_down_summer_b-v2.png","0bf229302256bad00389a9cf061ecbe238edae725a1479918b3abcf085d0dc2d","/Users/rexxa/Library/Application Support/orca/codex-accounts/54be5844-95fd-4c46-925c-75327ccd186a/home/generated_images/01a0e14e-2f3a-7c52-9f4d-ec787f34d610/exec-3a15e85a-a689-400c-907b-30ffbf8db2c7.png","24787c7bdd2cbfc1abb0af359ff8e2a38b0595a5203d1e4186e4d904c939ab60","image_gen.imagegen","not exposed","2026-09-27T05:22:39.718Z","ATTEMPT 1
Use case: stylized-concept. One single seamless terrain base fill for medieval southern England city builder. Reference image grass.png is the exact desired fine, quiet painted ground texture and density. Make chalk down summer BASE ONLY: uniform muted dry grey muted olive short turf, fine low-contrast tiny interwoven painterly grass strokes, same scale of grain as reference. Type identity ONLY in slightly dry grey muted olive hue. Absolutely NO exposed chalk, rocks, bare patches, cloud patches, diagonal bands, clumps, plants, flowers, objects, vignettes or lighting gradients. No large brush blobs. This is an unobtrusive statistically uniform background beneath separately placed decals; a 4x4 repeat must not reveal large shapes or grid rhythm. Top down flat opaque rectangular 2:1 texture, target 256x128. X and Y seamless, matching opposite edges, equal local tone throughout including corners. Fine nonphotographic painted grain, very low contrast like reference, no text or border. Soft even ambient light. Variant B. Independently redistribute fine brush grain so not a duplicate; equal mean palette to sibling A. Seasonal change only base hue; no signature objects.","grass.png; chalk_down_summer_a-v2 (native source)","not exposed","1","Native full-rectangle resized once to 256x128; opposing X 16px and Y 12px edge strips symmetrically blended to exact equal endpoints; opaque alpha normalized. RGB chroma about luminance multiplied by 1. No procedural artwork. Pair-level B mean RGB matched to A; shared X/Y edge 8px bands quadratically blended for exact cross-variant endpoint match, no blur filter or new painting.","AB_2026-09-19_v1","S_England_1300_1450_v1","Astra Wave22 rework","candidate only; no game installation","candidate","Selected quiet fine brush grain with no terrain signature patches; independent variant generation.; fill"
"terrain/chalk_down_autumn_a-v2","v2","terrain/chalk_down_autumn_a-v2.png","32ae2bd572fb65e68c4588a437de8d5b7d023dd3d28f091afc15aa5ab9a4b1bc","/Users/rexxa/Library/Application Support/orca/codex-accounts/54be5844-95fd-4c46-925c-75327ccd186a/home/generated_images/01a0e14e-2f3a-7c52-9f4d-ec787f34d610/exec-413a19a7-68ea-4934-8d5b-39bd9d003bf8.png","3e2ee07c8b51098cf648dd122a9759c87e6483cc496a2d505a99f1d12ef25e1a","image_gen.imagegen","not exposed","2026-09-27T05:23:26.641Z","ATTEMPT 1
Use case: stylized-concept. One single seamless terrain base fill for medieval southern England city builder. Reference image grass.png is the exact desired fine, quiet painted ground texture and density. Make chalk down autumn BASE ONLY: uniform muted quiet grey golden brown olive, no red short turf, fine low-contrast tiny interwoven painterly grass strokes, same scale of grain as reference. Type identity ONLY in slightly quiet grey golden brown olive, no red hue. Absolutely NO exposed chalk, rocks, bare patches, cloud patches, diagonal bands, clumps, plants, flowers, objects, vignettes or lighting gradients. No large brush blobs. This is an unobtrusive statistically uniform background beneath separately placed decals; a 4x4 repeat must not reveal large shapes or grid rhythm. Top down flat opaque rectangular 2:1 texture, target 256x128. X and Y seamless, matching opposite edges, equal local tone throughout including corners. Fine nonphotographic painted grain, very low contrast like reference, no text or border. Soft even ambient light. Variant A. Seasonal change only overall base hue; preserve tiny brush grain and uniformity.","grass.png; chalk_down_summer_a-v2 (native source)","not exposed","1","Native full-rectangle resized once to 256x128; opposing X 16px and Y 12px edge strips symmetrically blended to exact equal endpoints; opaque alpha normalized. RGB chroma about luminance multiplied by 0.68. No procedural artwork. Pair-level B mean RGB matched to A; shared X/Y edge 8px bands quadratically blended for exact cross-variant endpoint match, no blur filter or new painting.","AB_2026-09-19_v1","S_England_1300_1450_v1","Astra Wave22 rework","candidate only; no game installation","candidate","Selected quiet fine brush grain with no terrain signature patches; independent variant generation.; fill"
"terrain/chalk_down_autumn_b-v2","v2","terrain/chalk_down_autumn_b-v2.png","ced98bf4c40c7073950aebb0ad5fe14dfea41600bafd8083bf6dbd8f717a4a26","/Users/rexxa/Library/Application Support/orca/codex-accounts/54be5844-95fd-4c46-925c-75327ccd186a/home/generated_images/01a0e14e-2f3a-7c52-9f4d-ec787f34d610/exec-7165f014-3be2-4c44-b0c2-d1bddfc49eac.png","1d42292362949c71d693ead2685cc7ef267463078dad1f7ca7a31062127e67f9","image_gen.imagegen","not exposed","2026-09-27T05:24:05.670Z","ATTEMPT 1
Use case: stylized-concept. One single seamless terrain base fill for medieval southern England city builder. Reference image grass.png is the exact desired fine, quiet painted ground texture and density. Make chalk down autumn BASE ONLY: uniform muted quiet grey golden brown olive, no red short turf, fine low-contrast tiny interwoven painterly grass strokes, same scale of grain as reference. Type identity ONLY in slightly quiet grey golden brown olive, no red hue. Absolutely NO exposed chalk, rocks, bare patches, cloud patches, diagonal bands, clumps, plants, flowers, objects, vignettes or lighting gradients. No large brush blobs. This is an unobtrusive statistically uniform background beneath separately placed decals; a 4x4 repeat must not reveal large shapes or grid rhythm. Top down flat opaque rectangular 2:1 texture, target 256x128. X and Y seamless, matching opposite edges, equal local tone throughout including corners. Fine nonphotographic painted grain, very low contrast like reference, no text or border. Soft even ambient light. Variant B. Seasonal change only overall base hue; preserve tiny brush grain and uniformity. A and B must share same mean hue but independent fine brushstroke arrangement.","grass.png; chalk_down_summer_a-v2 (native source)","not exposed","1","Native full-rectangle resized once to 256x128; opposing X 16px and Y 12px edge strips symmetrically blended to exact equal endpoints; opaque alpha normalized. RGB chroma about luminance multiplied by 0.68. No procedural artwork. Pair-level B mean RGB matched to A; shared X/Y edge 8px bands quadratically blended for exact cross-variant endpoint match, no blur filter or new painting.","AB_2026-09-19_v1","S_England_1300_1450_v1","Astra Wave22 rework","candidate only; no game installation","candidate","Selected quiet fine brush grain with no terrain signature patches; independent variant generation.; fill"
"terrain/chalk_down_winter_a-v2","v2","terrain/chalk_down_winter_a-v2.png","868fe4645be8dd9ef1eb90183c78a2db37b8fa71f4f0b8bf51af04240980dfca","/Users/rexxa/Library/Application Support/orca/codex-accounts/54be5844-95fd-4c46-925c-75327ccd186a/home/generated_images/01a0e14e-2f3a-7c52-9f4d-ec787f34d610/exec-9da136e9-d8a9-421a-a3cf-185433a4a2bd.png","d9f0da1c78e67693d9fc2173ea74bc3f5c3905a753a1fd017250ec2371b3e677","image_gen.imagegen","not exposed","2026-09-27T05:24:34.851Z","ATTEMPT 1
Use case: stylized-concept. One single seamless terrain base fill for medieval southern England city builder. Reference image grass.png is the exact desired fine, quiet painted ground texture and density. Make chalk down winter BASE ONLY: uniform muted dormant pale grey beige olive, thin even frost dust only, no white snow patches short turf, fine low-contrast tiny interwoven painterly grass strokes, same scale of grain as reference. Type identity ONLY in slightly dormant pale grey beige olive, thin even frost dust only, no white snow patches hue. Absolutely NO exposed chalk, rocks, bare patches, cloud patches, diagonal bands, clumps, plants, flowers, objects, vignettes or lighting gradients. No large brush blobs. This is an unobtrusive statistically uniform background beneath separately placed decals; a 4x4 repeat must not reveal large shapes or grid rhythm. Top down flat opaque rectangular 2:1 texture, target 256x128. X and Y seamless, matching opposite edges, equal local tone throughout including corners. Fine nonphotographic painted grain, very low contrast like reference, no text or border. Soft even ambient light. Variant A. Seasonal change only overall base hue; preserve tiny brush grain and uniformity. A and B must share same mean hue but independent fine brushstroke arrangement.","grass.png; chalk_down_summer_a-v2 (native source)","not exposed","1","Native full-rectangle resized once to 256x128; opposing X 16px and Y 12px edge strips symmetrically blended to exact equal endpoints; opaque alpha normalized. RGB chroma about luminance multiplied by 1. No procedural artwork. Pair-level B mean RGB matched to A; shared X/Y edge 8px bands quadratically blended for exact cross-variant endpoint match, no blur filter or new painting.","AB_2026-09-19_v1","S_England_1300_1450_v1","Astra Wave22 rework","candidate only; no game installation","candidate","Selected quiet fine brush grain with no terrain signature patches; independent variant generation.; fill"
"terrain/chalk_down_winter_b-v2","v2","terrain/chalk_down_winter_b-v2.png","1dd9a28893ab5e1eba303d75ce0cc0bc091e161578a5eadfe5a4aef8859e3f23","/Users/rexxa/Library/Application Support/orca/codex-accounts/54be5844-95fd-4c46-925c-75327ccd186a/home/generated_images/01a0e14e-2f3a-7c52-9f4d-ec787f34d610/exec-5ace5693-b876-49b9-a25a-6b29d2d6dfc4.png","f58997af467fc061659429219e1b371da65f59cfb4df30aa617239be76f1972d","image_gen.imagegen","not exposed","2026-09-27T05:24:55.777Z","ATTEMPT 1
Use case: stylized-concept. One single seamless terrain base fill for medieval southern England city builder. Reference image grass.png is the exact desired fine, quiet painted ground texture and density. Make chalk down winter BASE ONLY: uniform muted dormant pale grey beige olive, thin even frost dust only, no white snow patches short turf, fine low-contrast tiny interwoven painterly grass strokes, same scale of grain as reference. Type identity ONLY in slightly dormant pale grey beige olive, thin even frost dust only, no white snow patches hue. Absolutely NO exposed chalk, rocks, bare patches, cloud patches, diagonal bands, clumps, plants, flowers, objects, vignettes or lighting gradients. No large brush blobs. This is an unobtrusive statistically uniform background beneath separately placed decals; a 4x4 repeat must not reveal large shapes or grid rhythm. Top down flat opaque rectangular 2:1 texture, target 256x128. X and Y seamless, matching opposite edges, equal local tone throughout including corners. Fine nonphotographic painted grain, very low contrast like reference, no text or border. Soft even ambient light. Variant B. Seasonal change only overall base hue; preserve tiny brush grain and uniformity. A and B must share same mean hue but independent fine brushstroke arrangement.","grass.png; chalk_down_summer_a-v2 (native source)","not exposed","1","Native full-rectangle resized once to 256x128; opposing X 16px and Y 12px edge strips symmetrically blended to exact equal endpoints; opaque alpha normalized. RGB chroma about luminance multiplied by 1. No procedural artwork. Pair-level B mean RGB matched to A; shared X/Y edge 8px bands quadratically blended for exact cross-variant endpoint match, no blur filter or new painting.","AB_2026-09-19_v1","S_England_1300_1450_v1","Astra Wave22 rework","candidate only; no game installation","candidate","Selected quiet fine brush grain with no terrain signature patches; independent variant generation.; fill"
"terrain/heath_summer_a-v2","v2","terrain/heath_summer_a-v2.png","c3819dd703c927893e8e4fdeeae10e070fc9e3720caab4435d26367e5215a86f","/Users/rexxa/Library/Application Support/orca/codex-accounts/54be5844-95fd-4c46-925c-75327ccd186a/home/generated_images/01a0e14e-2f3a-7c52-9f4d-ec787f34d610/exec-87d6f75a-5ac3-41f9-b1ba-166604780683.png","b4ed323755b83bd4295b736f98360ba5cb6e8ab980cc57d3776074c8f5ebc8e4","image_gen.imagegen","not exposed","2026-09-27T05:25:30.340Z","ATTEMPT 1
Use case: stylized-concept. One single seamless terrain base fill for medieval southern England city builder. Reference image grass.png is the exact desired fine, quiet painted ground texture and density. Make heath summer BASE ONLY: uniform muted dark brown peat olive short turf, fine low-contrast tiny interwoven painterly grass strokes, same scale of grain as reference. Type identity ONLY in slightly dark brown peat olive hue. Absolutely NO exposed chalk, rocks, bare patches, cloud patches, diagonal bands, clumps, plants, flowers, objects, vignettes or lighting gradients. No large brush blobs. This is an unobtrusive statistically uniform background beneath separately placed decals; a 4x4 repeat must not reveal large shapes or grid rhythm. Top down flat opaque rectangular 2:1 texture, target 256x128. X and Y seamless, matching opposite edges, equal local tone throughout including corners. Fine nonphotographic painted grain, very low contrast like reference, no text or border. Soft even ambient light. Variant A. Heath is noticeably darker and browner than chalk, but equal overall contrast and fine quiet paint grain to grass. No heather bushes or flowers; these are separate decals.","grass.png","not exposed","1","Native full-rectangle resized once to 256x128; opposing X 16px and Y 12px edge strips symmetrically blended to exact equal endpoints; opaque alpha normalized. RGB chroma about luminance multiplied by 1. No procedural artwork. Pair-level B mean RGB matched to A; shared X/Y edge 8px bands quadratically blended for exact cross-variant endpoint match, no blur filter or new painting.","AB_2026-09-19_v1","S_England_1300_1450_v1","Astra Wave22 rework","candidate only; no game installation","candidate","Selected quiet fine brush grain with no terrain signature patches; independent variant generation.; fill"
"terrain/heath_summer_b-v2","v2","terrain/heath_summer_b-v2.png","8f6493dae1fb10ee898c88c23a64ec080fc189a854d6360a0bb06ab37a8dd7db","/Users/rexxa/Library/Application Support/orca/codex-accounts/54be5844-95fd-4c46-925c-75327ccd186a/home/generated_images/01a0e14e-2f3a-7c52-9f4d-ec787f34d610/exec-e591f46c-7288-433c-b603-3ae9ddceab1f.png","fa2961b40e1f4837c4543bbd5ea4f84c9023cd958e71714ec06fe9449621bf9d","image_gen.imagegen","not exposed","2026-09-27T05:26:18.455Z","ATTEMPT 1
Use case: stylized-concept. One single seamless terrain base fill for medieval southern England city builder. Reference image grass.png is the exact desired fine, quiet painted ground texture and density. Make heath summer BASE ONLY: uniform muted dark brown peat olive short turf, fine low-contrast tiny interwoven painterly grass strokes, same scale of grain as reference. Type identity ONLY in slightly dark brown peat olive hue. Absolutely NO exposed chalk, rocks, bare patches, cloud patches, diagonal bands, clumps, plants, flowers, objects, vignettes or lighting gradients. No large brush blobs. This is an unobtrusive statistically uniform background beneath separately placed decals; a 4x4 repeat must not reveal large shapes or grid rhythm. Top down flat opaque rectangular 2:1 texture, target 256x128. X and Y seamless, matching opposite edges, equal local tone throughout including corners. Fine nonphotographic painted grain, very low contrast like reference, no text or border. Soft even ambient light. Variant B. Heath remains darker brown than chalk. Seasonal change only overall base hue; preserve fine short strokes and uniformity. A and B must share same mean hue but independent fine brushstroke arrangement. No heather shrubs or purple flowers; those are separate decals.","grass.png; heath_summer_a-v2 (native source)","not exposed","1","Native full-rectangle resized once to 256x128; opposing X 16px and Y 12px edge strips symmetrically blended to exact equal endpoints; opaque alpha normalized. RGB chroma about luminance multiplied by 1. No procedural artwork. Pair-level B mean RGB matched to A; shared X/Y edge 8px bands quadratically blended for exact cross-variant endpoint match, no blur filter or new painting.","AB_2026-09-19_v1","S_England_1300_1450_v1","Astra Wave22 rework","candidate only; no game installation","candidate","Selected quiet fine brush grain with no terrain signature patches; independent variant generation.; fill"
"terrain/heath_autumn_a-v2","v2","terrain/heath_autumn_a-v2.png","79ddb9a7eba3d981d8b3ce4e4e6e04635ee79f9199631f62e67e2a9f2524d4bd","/Users/rexxa/Library/Application Support/orca/codex-accounts/54be5844-95fd-4c46-925c-75327ccd186a/home/generated_images/01a0e14e-2f3a-7c52-9f4d-ec787f34d610/exec-c7704e3f-bcc6-4e0f-aaf9-b0fb47e5a130.png","2c0c40054ffbc6db817fcc2e21b83170c73d89cd5465d951b5c8e9397f51acbe","image_gen.imagegen","not exposed","2026-09-27T05:26:42.744Z","ATTEMPT 1
Use case: stylized-concept. One single seamless terrain base fill for medieval southern England city builder. Reference image grass.png is the exact desired fine, quiet painted ground texture and density. Make heath autumn BASE ONLY: uniform muted dark peat umber brown olive with subdued tawny undertone, no red short turf, fine low-contrast tiny interwoven painterly grass strokes, same scale of grain as reference. Type identity ONLY in slightly dark peat umber brown olive with subdued tawny undertone, no red hue. Absolutely NO exposed chalk, rocks, bare patches, cloud patches, diagonal bands, clumps, plants, flowers, objects, vignettes or lighting gradients. No large brush blobs. This is an unobtrusive statistically uniform background beneath separately placed decals; a 4x4 repeat must not reveal large shapes or grid rhythm. Top down flat opaque rectangular 2:1 texture, target 256x128. X and Y seamless, matching opposite edges, equal local tone throughout including corners. Fine nonphotographic painted grain, very low contrast like reference, no text or border. Soft even ambient light. Variant A. Heath remains darker brown than chalk. Seasonal change only overall base hue; preserve fine short strokes and uniformity. A and B must share same mean hue but independent fine brushstroke arrangement. No heather shrubs or purple flowers; those are separate decals.","grass.png; heath_summer_a-v2 (native source)","not exposed","1","Native full-rectangle resized once to 256x128; opposing X 16px and Y 12px edge strips symmetrically blended to exact equal endpoints; opaque alpha normalized. RGB chroma about luminance multiplied by 0.68. No procedural artwork. Pair-level B mean RGB matched to A; shared X/Y edge 8px bands quadratically blended for exact cross-variant endpoint match, no blur filter or new painting.","AB_2026-09-19_v1","S_England_1300_1450_v1","Astra Wave22 rework","candidate only; no game installation","candidate","Selected quiet fine brush grain with no terrain signature patches; independent variant generation.; fill"
"terrain/heath_autumn_b-v2","v2","terrain/heath_autumn_b-v2.png","83d771544cee18ddce659b56f012f43c2919ee8df244813083c532145459ff7c","/Users/rexxa/Library/Application Support/orca/codex-accounts/54be5844-95fd-4c46-925c-75327ccd186a/home/generated_images/01a0e14e-2f3a-7c52-9f4d-ec787f34d610/exec-b8294f4c-a904-4d1d-bf4a-1dc9968fc6cb.png","130be4df5a905d157ff010eb775a3b012906f9eb153ffd9ca61f492a67e845fd","image_gen.imagegen","not exposed","2026-09-27T05:27:07.363Z","ATTEMPT 1
Use case: stylized-concept. One single seamless terrain base fill for medieval southern England city builder. Reference image grass.png is the exact desired fine, quiet painted ground texture and density. Make heath autumn BASE ONLY: uniform muted dark peat umber brown olive with subdued tawny undertone, no red short turf, fine low-contrast tiny interwoven painterly grass strokes, same scale of grain as reference. Type identity ONLY in slightly dark peat umber brown olive with subdued tawny undertone, no red hue. Absolutely NO exposed chalk, rocks, bare patches, cloud patches, diagonal bands, clumps, plants, flowers, objects, vignettes or lighting gradients. No large brush blobs. This is an unobtrusive statistically uniform background beneath separately placed decals; a 4x4 repeat must not reveal large shapes or grid rhythm. Top down flat opaque rectangular 2:1 texture, target 256x128. X and Y seamless, matching opposite edges, equal local tone throughout including corners. Fine nonphotographic painted grain, very low contrast like reference, no text or border. Soft even ambient light. Variant B. Heath remains darker brown than chalk. Seasonal change only overall base hue; preserve fine short strokes and uniformity. A and B must share same mean hue but independent fine brushstroke arrangement. No heather shrubs or purple flowers; those are separate decals.","grass.png; heath_summer_a-v2 (native source)","not exposed","1","Native full-rectangle resized once to 256x128; opposing X 16px and Y 12px edge strips symmetrically blended to exact equal endpoints; opaque alpha normalized. RGB chroma about luminance multiplied by 0.68. No procedural artwork. Pair-level B mean RGB matched to A; shared X/Y edge 8px bands quadratically blended for exact cross-variant endpoint match, no blur filter or new painting.","AB_2026-09-19_v1","S_England_1300_1450_v1","Astra Wave22 rework","candidate only; no game installation","candidate","Selected quiet fine brush grain with no terrain signature patches; independent variant generation.; fill"
"terrain/heath_winter_a-v2","v2","terrain/heath_winter_a-v2.png","292c05d1e6552ccdc37a93952de7b42e8e9e04a7ad44f8d5e330c36571280f0b","/Users/rexxa/Library/Application Support/orca/codex-accounts/54be5844-95fd-4c46-925c-75327ccd186a/home/generated_images/01a0e14e-2f3a-7c52-9f4d-ec787f34d610/exec-8334f885-c349-4d9f-adba-e187a720cfb6.png","c44d98825c6ad0c272df8abdb8f346c0fe13c752f7fa6b5a2847952e4ff7a6e4","image_gen.imagegen","not exposed","2026-09-27T05:27:27.904Z","ATTEMPT 1
Use case: stylized-concept. One single seamless terrain base fill for medieval southern England city builder. Reference image grass.png is the exact desired fine, quiet painted ground texture and density. Make heath winter BASE ONLY: uniform muted cool muted dark grey peat olive, slight even frost dust tint only, no snow patches short turf, fine low-contrast tiny interwoven painterly grass strokes, same scale of grain as reference. Type identity ONLY in slightly cool muted dark grey peat olive, slight even frost dust tint only, no snow patches hue. Absolutely NO exposed chalk, rocks, bare patches, cloud patches, diagonal bands, clumps, plants, flowers, objects, vignettes or lighting gradients. No large brush blobs. This is an unobtrusive statistically uniform background beneath separately placed decals; a 4x4 repeat must not reveal large shapes or grid rhythm. Top down flat opaque rectangular 2:1 texture, target 256x128. X and Y seamless, matching opposite edges, equal local tone throughout including corners. Fine nonphotographic painted grain, very low contrast like reference, no text or border. Soft even ambient light. Variant A. Heath remains darker brown than chalk. Seasonal change only overall base hue; preserve fine short strokes and uniformity. A and B must share same mean hue but independent fine brushstroke arrangement. No heather shrubs or purple flowers; those are separate decals.","grass.png; heath_summer_a-v2 (native source)","not exposed","1","Native full-rectangle resized once to 256x128; opposing X 16px and Y 12px edge strips symmetrically blended to exact equal endpoints; opaque alpha normalized. RGB chroma about luminance multiplied by 1. No procedural artwork. Pair-level B mean RGB matched to A; shared X/Y edge 8px bands quadratically blended for exact cross-variant endpoint match, no blur filter or new painting.","AB_2026-09-19_v1","S_England_1300_1450_v1","Astra Wave22 rework","candidate only; no game installation","candidate","Selected quiet fine brush grain with no terrain signature patches; independent variant generation.; fill"
"terrain/heath_winter_b-v2","v2","terrain/heath_winter_b-v2.png","2fd5ba349c6609b617d89db3408bd89ac09ec4893e86ea9d3acff74b7edd4153","/Users/rexxa/Library/Application Support/orca/codex-accounts/54be5844-95fd-4c46-925c-75327ccd186a/home/generated_images/01a0e14e-2f3a-7c52-9f4d-ec787f34d610/exec-5c6aa815-6167-4bce-ae0f-91fae63aabc7.png","58f84b8cef273e8e4419b6ec5fa7f59c3fbb36410381ea0d227dc6d727fa2f41","image_gen.imagegen","not exposed","2026-09-27T05:27:49.350Z","ATTEMPT 1
Use case: stylized-concept. One single seamless terrain base fill for medieval southern England city builder. Reference image grass.png is the exact desired fine, quiet painted ground texture and density. Make heath winter BASE ONLY: uniform muted cool muted dark grey peat olive, slight even frost dust tint only, no snow patches short turf, fine low-contrast tiny interwoven painterly grass strokes, same scale of grain as reference. Type identity ONLY in slightly cool muted dark grey peat olive, slight even frost dust tint only, no snow patches hue. Absolutely NO exposed chalk, rocks, bare patches, cloud patches, diagonal bands, clumps, plants, flowers, objects, vignettes or lighting gradients. No large brush blobs. This is an unobtrusive statistically uniform background beneath separately placed decals; a 4x4 repeat must not reveal large shapes or grid rhythm. Top down flat opaque rectangular 2:1 texture, target 256x128. X and Y seamless, matching opposite edges, equal local tone throughout including corners. Fine nonphotographic painted grain, very low contrast like reference, no text or border. Soft even ambient light. Variant B. Heath remains darker brown than chalk. Seasonal change only overall base hue; preserve fine short strokes and uniformity. A and B must share same mean hue but independent fine brushstroke arrangement. No heather shrubs or purple flowers; those are separate decals.","grass.png; heath_summer_a-v2 (native source)","not exposed","1","Native full-rectangle resized once to 256x128; opposing X 16px and Y 12px edge strips symmetrically blended to exact equal endpoints; opaque alpha normalized. RGB chroma about luminance multiplied by 1. No procedural artwork. Pair-level B mean RGB matched to A; shared X/Y edge 8px bands quadratically blended for exact cross-variant endpoint match, no blur filter or new painting.","AB_2026-09-19_v1","S_England_1300_1450_v1","Astra Wave22 rework","candidate only; no game installation","candidate","Selected quiet fine brush grain with no terrain signature patches; independent variant generation.; fill"
"terrain/fen_summer_a-v2","v2","terrain/fen_summer_a-v2.png","68e3b98c6b3bd76c04b12d568613d8e156f44a24d81b61b592a96571171bd3d8","/Users/rexxa/Library/Application Support/orca/codex-accounts/54be5844-95fd-4c46-925c-75327ccd186a/home/generated_images/01a0e14e-71a1-77a0-8809-82f9d0926a36/exec-b829de28-8b51-4a10-a6cb-49eadc5aa7d2.png","c5d5abc9ff49e1fbb3091bd47a48f5b302b5bb43fe9dde95bbc2481452cfcd59","image_gen.imagegen","not exposed","2026-09-27T05:20:58.619Z","ATTEMPT 1
Create ONE seamless opaque top-down game terrain FILL texture for medieval southern English fen summer, 2:1 rectangular 256x128 final tile. Use attached project grass.png as the exact visual target for fine quiet painterly grain scale, uniformity, very low contrast and absence of focal shapes. Fen distinction ONLY subdued cooler grey olive base grass tone and fine damp grass fibers evenly distributed. Absolutely no pools, water, reeds, islands, clumps, moss patches, cloud blotches, large light/dark masses, diagonal ribbons, directional bands, contours or objects. Fill is background color plus small subdued brush grain only. Constant average color and density throughout; no vignette. Must repeat seamlessly BOTH X and Y and look inconspicuous over 4x4 repetitions. No text, border, grid, transparency, photo-real high contrast noise. Summer A variant. Output image only.","grass.png","not exposed","1","Native image resized to 256x128; 8px opposing XY seam strips symmetrically blended; exact opaque alpha; uniform mean RGB palette matched per type/season and local RGB contrast multiplied by0.85. B mean RGB matched to A and 8px perimeter blended to A for mixed chunk compatibility. No procedural artwork.","AB_2026-09-19_v1","S_England_1300_1450_v1","Astra Wave22 rework","candidate only; no game installation","candidate","Fine quiet low-contrast background matching project grass reference; fill"
"terrain/fen_summer_b-v2","v2","terrain/fen_summer_b-v2.png","6788977b77d0cab48f166d437ebf7295a70ae61a4dc7b6c22f782bd7f23fef5e","/Users/rexxa/Library/Application Support/orca/codex-accounts/54be5844-95fd-4c46-925c-75327ccd186a/home/generated_images/01a0e14e-71a1-77a0-8809-82f9d0926a36/exec-0ca4a3a3-cef2-4844-bf88-66451cc5e8e9.png","c7dd868d25861efdcbbd614a3b9157967ade9ca2dcfb2b4674c94ceca501173a","image_gen.imagegen","not exposed","2026-09-27T05:22:34.106Z","ATTEMPT 1
Create ONE opaque seamless top-down terrain fill texture, fen summer B, rectangular 2:1 final256x128. Attached grass is project style reference. Attached fen summer A defines SAME palette and exact tiny understated brush grain density. Make independent rearrangement of only this fine grain; no large identifiable feature or value patches. Uniform subdued grey olive summer grass with fine wet fibers. No water,pools,reeds,islands,bands,clumps,cloudblotches,sand,objects. No vignette. BOTH XY tileable with consistent edge average. Very low contrast, no individual flecks that stand out. Must disappear into quiet background over4x4 and mix seamlessly next to A. No text/grid/transparency.","grass.png; fen_summer_a-v2 (native)","not exposed","1","Native image resized to 256x128; 8px opposing XY seam strips symmetrically blended; exact opaque alpha; uniform mean RGB palette matched per type/season and local RGB contrast multiplied by0.85. B mean RGB matched to A and 8px perimeter blended to A for mixed chunk compatibility. No procedural artwork.","AB_2026-09-19_v1","S_England_1300_1450_v1","Astra Wave22 rework","candidate only; no game installation","candidate","Independent fine grain layout without large patches; fill"
"terrain/fen_autumn_a-v2","v2","terrain/fen_autumn_a-v2.png","7c879ba998d2ae409605b85b6904a55ccbeb37706fb02ba7ea36f08c65202d14","/Users/rexxa/Library/Application Support/orca/codex-accounts/54be5844-95fd-4c46-925c-75327ccd186a/home/generated_images/01a0e14e-71a1-77a0-8809-82f9d0926a36/exec-04650ee2-1e5d-46e3-9d3d-71fa4c1824d2.png","2f74de29b906e38ba8331dcd51fab161cf4203249739531c12407a52ae21a22d","image_gen.imagegen","not exposed","2026-09-27T05:23:35.903Z","ATTEMPT 1
Create ONE opaque seamless top-down game terrain FILL fen autumn A, rectangular2:1 final256x128. Project grass reference defines tiny quiet fine painterly grain, reference fen A defines complete absence of identifiable shapes. Change to muted grey olive brown damp dormant grass, slightly more fine dry straw fibers but uniformly scattered with no leaves or patches. Independent fine grain arrangement for varianta; same-season A/B must share palette and edge averages. No pools,water,reeds,islands,mossclumps,bands,largeclouds,diagonalribbons,sand,objects,shadows orvignette. Uniform very low contrast and consistent average across all areas; BOTH XY seamless, no visible repeating stamp at4x4. No text,border,grid or transparency.","grass.png; fen_summer_a-v2 (native)","not exposed","1","Native image resized to 256x128; 8px opposing XY seam strips symmetrically blended; exact opaque alpha; uniform mean RGB palette matched per type/season and local RGB contrast multiplied by0.85. B mean RGB matched to A and 8px perimeter blended to A for mixed chunk compatibility. No procedural artwork.","AB_2026-09-19_v1","S_England_1300_1450_v1","Astra Wave22 rework","candidate only; no game installation","candidate","Uniform fine seasonal brush grain without conspicuous terrain motifs; fill"
"terrain/fen_autumn_b-v2","v2","terrain/fen_autumn_b-v2.png","485ad555c5b64f810d221781a12b4fd5dc5930fb24c0447bcd09edf0231ff679","/Users/rexxa/Library/Application Support/orca/codex-accounts/54be5844-95fd-4c46-925c-75327ccd186a/home/generated_images/01a0e14e-71a1-77a0-8809-82f9d0926a36/exec-630c0f28-6eae-4af6-a68e-e2efeb1dad96.png","67018580ae2800c0077a147696e38dcbb620660f3568570614337c824bba7a17","image_gen.imagegen","not exposed","2026-09-27T05:24:15.254Z","ATTEMPT 1
Create ONE opaque seamless top-down game terrain FILL fen autumn B, rectangular2:1 final256x128. Project grass reference defines tiny quiet fine painterly grain, reference fen A defines complete absence of identifiable shapes. Change to muted grey olive brown damp dormant grass, slightly more fine dry straw fibers but uniformly scattered with no leaves or patches. Independent fine grain arrangement for variantb; same-season A/B must share palette and edge averages. No pools,water,reeds,islands,mossclumps,bands,largeclouds,diagonalribbons,sand,objects,shadows orvignette. Uniform very low contrast and consistent average across all areas; BOTH XY seamless, no visible repeating stamp at4x4. No text,border,grid or transparency.","grass.png; fen_summer_a-v2 (native)","not exposed","1","Native image resized to 256x128; 8px opposing XY seam strips symmetrically blended; exact opaque alpha; uniform mean RGB palette matched per type/season and local RGB contrast multiplied by0.85. B mean RGB matched to A and 8px perimeter blended to A for mixed chunk compatibility. No procedural artwork.","AB_2026-09-19_v1","S_England_1300_1450_v1","Astra Wave22 rework","candidate only; no game installation","candidate","Uniform fine seasonal brush grain without conspicuous terrain motifs; fill"
"terrain/fen_winter_a-v2","v2","terrain/fen_winter_a-v2.png","cec139c429ce8b6961435f50a6bf12d5be657f48fd24e23a8384ef0bc6c0d5fc","/Users/rexxa/Library/Application Support/orca/codex-accounts/54be5844-95fd-4c46-925c-75327ccd186a/home/generated_images/01a0e14e-71a1-77a0-8809-82f9d0926a36/exec-b9c48258-2e5e-44ec-a2b8-1b18fa34d945.png","3b390796bf9889047bb63c0af997a5e9cf8a31d6393d04c130019f4fcf8d68c4","image_gen.imagegen","not exposed","2026-09-27T05:24:35.310Z","ATTEMPT 1
Create ONE opaque seamless top-down game terrain FILL fen winter A, rectangular2:1 final256x128. Project grass reference defines tiny quiet fine painterly grain, reference fen A defines complete absence of identifiable shapes. Change to cool desaturated grey olive fine dormant grass with extremely thin evenly distributed pale frost dust, no white snow masses or patches; maintain quiet grass grain. Independent fine grain arrangement for varianta; same-season A/B must share palette and edge averages. No pools,water,reeds,islands,mossclumps,bands,largeclouds,diagonalribbons,sand,objects,shadows orvignette. Uniform very low contrast and consistent average across all areas; BOTH XY seamless, no visible repeating stamp at4x4. No text,border,grid or transparency.","grass.png; fen_summer_a-v2 (native)","not exposed","1","Native image resized to 256x128; 8px opposing XY seam strips symmetrically blended; exact opaque alpha; uniform mean RGB palette matched per type/season and local RGB contrast multiplied by0.85. B mean RGB matched to A and 8px perimeter blended to A for mixed chunk compatibility. No procedural artwork.","AB_2026-09-19_v1","S_England_1300_1450_v1","Astra Wave22 rework","candidate only; no game installation","candidate","Uniform fine seasonal brush grain without conspicuous terrain motifs; fill"
"terrain/fen_winter_b-v2","v2","terrain/fen_winter_b-v2.png","2f0f886a15109418746645218ebc6896b78e1d7094ee6a64fcb17b06db8a346f","/Users/rexxa/Library/Application Support/orca/codex-accounts/54be5844-95fd-4c46-925c-75327ccd186a/home/generated_images/01a0e14e-71a1-77a0-8809-82f9d0926a36/exec-cf0e3e81-80c8-4ecf-878c-b4267d67316a.png","408949e7b15edf5e076e8edb43a6138e5d9f9ec24c715964a24d001178cadb74","image_gen.imagegen","not exposed","2026-09-27T05:25:00.977Z","ATTEMPT 1
Create ONE opaque seamless top-down game terrain FILL fen winter B, rectangular2:1 final256x128. Project grass reference defines tiny quiet fine painterly grain, reference fen A defines complete absence of identifiable shapes. Change to cool desaturated grey olive fine dormant grass with extremely thin evenly distributed pale frost dust, no white snow masses or patches; maintain quiet grass grain. Independent fine grain arrangement for variantb; same-season A/B must share palette and edge averages. No pools,water,reeds,islands,mossclumps,bands,largeclouds,diagonalribbons,sand,objects,shadows orvignette. Uniform very low contrast and consistent average across all areas; BOTH XY seamless, no visible repeating stamp at4x4. No text,border,grid or transparency.","grass.png; fen_summer_a-v2 (native)","not exposed","1","Native image resized to 256x128; 8px opposing XY seam strips symmetrically blended; exact opaque alpha; uniform mean RGB palette matched per type/season and local RGB contrast multiplied by0.85. B mean RGB matched to A and 8px perimeter blended to A for mixed chunk compatibility. No procedural artwork.","AB_2026-09-19_v1","S_England_1300_1450_v1","Astra Wave22 rework","candidate only; no game installation","candidate","Uniform fine seasonal brush grain without conspicuous terrain motifs; fill"
"terrain/coastal_grass_summer_a-v2","v2","terrain/coastal_grass_summer_a-v2.png","ce5b7302f4c05d74a17e0131f232ccc6270eb442df42abf8c3e7e945233cb4c7","/Users/rexxa/Library/Application Support/orca/codex-accounts/54be5844-95fd-4c46-925c-75327ccd186a/home/generated_images/01a0e14e-71a1-77a0-8809-82f9d0926a36/exec-a7032ef7-d5a1-4b11-a565-be908004626d.png","ccaea73c3fe3dfd88e54ad38044f12a8f7ecbb928c4cebbb75875e7bf4567763","image_gen.imagegen","not exposed","2026-09-27T05:25:33.745Z","ATTEMPT 1
Create ONE opaque seamless top-down game terrain FILL coastal_grass summer A, 2:1 rectangular final256x128. Attached project grass defines fine quiet tiny brush grain and very low contrast. Render warm pale olive short coastal grass with a uniform sandy beige undertone, absolutely no visible sand patches, dunes, paths, tufts, shells,rocks,objects or distinct shapes. Ground color and minute brush texture ONLY. Flat uniform average across image; no clouds,masses,diagonalbands,vignette or shadows. BOTH XY seamless and invisible repeated4x4. Grain should be subtle and small like reference, not decorative blobs. No text,grid,border,transparency.","grass.png","not exposed","1","Native image resized to 256x128; 8px opposing XY seam strips symmetrically blended; exact opaque alpha; uniform mean RGB palette matched per type/season and local RGB contrast multiplied by0.85. B mean RGB matched to A and 8px perimeter blended to A for mixed chunk compatibility. No procedural artwork.","AB_2026-09-19_v1","S_England_1300_1450_v1","Astra Wave22 rework","candidate only; no game installation","candidate","Fine uniform coastal grass base without sand patches; fill"
"terrain/coastal_grass_summer_b-v2","v2","terrain/coastal_grass_summer_b-v2.png","ebe1ed3b37adda660effdbb4b77e01a452717b258fbc8fe80ec0df832d837f45","/Users/rexxa/Library/Application Support/orca/codex-accounts/54be5844-95fd-4c46-925c-75327ccd186a/home/generated_images/01a0e14e-71a1-77a0-8809-82f9d0926a36/exec-360e9c34-edd1-4088-a8f3-e2ccd3b493eb.png","2b1898038605f4627e789e8aa188a498d33b69d5e18fe1d6af740601415eb939","image_gen.imagegen","not exposed","2026-09-27T05:26:44.636Z","ATTEMPT 1
Create ONE opaque seamless top-down game terrain FILL coastal_grass summer B, rectangular2:1 final256x128. Project grass reference defines tiny quiet fine painterly grain; coastal A defines uniformity. Warm pale olive summer short grass with sandy beige ONLY as uniform base undertone. Independent fine grain layout for variantb; same-season A/B samepalette and edge averages. Absolutely no recognizable sand patches,dunes,paths,tufts,shells,rocks,objects,leaves,cloudblotches,large lightdark shapes,bands,vignettes. Color and minute brush grain only, uniformly very low contrast. BOTH XY seamless; inconspicuous repeated4x4 and mixedAB. No text,grid,transparency.","grass.png; coastal_grass_summer_a-v2 (native)","not exposed","1","Native image resized to 256x128; 8px opposing XY seam strips symmetrically blended; exact opaque alpha; uniform mean RGB palette matched per type/season and local RGB contrast multiplied by0.85. B mean RGB matched to A and 8px perimeter blended to A for mixed chunk compatibility. No procedural artwork.","AB_2026-09-19_v1","S_England_1300_1450_v1","Astra Wave22 rework","candidate only; no game installation","candidate","Fine uniform seasonal coastal grain without sand patches or identifiable features; fill"
"terrain/coastal_grass_autumn_a-v2","v2","terrain/coastal_grass_autumn_a-v2.png","67d3f3eb93bb5cbac257f5770d358044984c99c3d4dfb424d0ba47371eaaa095","/Users/rexxa/Library/Application Support/orca/codex-accounts/54be5844-95fd-4c46-925c-75327ccd186a/home/generated_images/01a0e14e-71a1-77a0-8809-82f9d0926a36/exec-154a93a8-f94a-4084-a0fc-913d006a461d.png","4560ca33a6927dffa2cb59509f3efba778960c9fa78db0d745926ccce7918835","image_gen.imagegen","not exposed","2026-09-27T05:27:07.333Z","ATTEMPT 1
Create ONE opaque seamless top-down game terrain FILL coastal_grass autumn A, rectangular2:1 final256x128. Project grass reference defines tiny quiet fine painterly grain; coastal A defines uniformity. Muted warm beige olive dormant autumn grass, fine dry straw fibers evenly distributed, sandy undertone. No red colors. Independent fine grain layout for varianta; same-season A/B samepalette and edge averages. Absolutely no recognizable sand patches,dunes,paths,tufts,shells,rocks,objects,leaves,cloudblotches,large lightdark shapes,bands,vignettes. Color and minute brush grain only, uniformly very low contrast. BOTH XY seamless; inconspicuous repeated4x4 and mixedAB. No text,grid,transparency.","grass.png; coastal_grass_summer_a-v2 (native)","not exposed","1","Native image resized to 256x128; 8px opposing XY seam strips symmetrically blended; exact opaque alpha; uniform mean RGB palette matched per type/season and local RGB contrast multiplied by0.85. B mean RGB matched to A and 8px perimeter blended to A for mixed chunk compatibility. No procedural artwork.","AB_2026-09-19_v1","S_England_1300_1450_v1","Astra Wave22 rework","candidate only; no game installation","candidate","Fine uniform seasonal coastal grain without sand patches or identifiable features; fill"
"terrain/coastal_grass_autumn_b-v2","v2","terrain/coastal_grass_autumn_b-v2.png","0c5007c58400f5ecceef930c7610aea03f290c6ffb16d0ef6f575b1517281d94","/Users/rexxa/Library/Application Support/orca/codex-accounts/54be5844-95fd-4c46-925c-75327ccd186a/home/generated_images/01a0e14e-71a1-77a0-8809-82f9d0926a36/exec-217d8818-01bb-4810-b654-1573e8609f62.png","fce1d5f64ee9b132162b83ac5f1b980ccd691ff2e21577e1262b33d6febdb857","image_gen.imagegen","not exposed","2026-09-27T05:27:27.498Z","ATTEMPT 1
Create ONE opaque seamless top-down game terrain FILL coastal_grass autumn B, rectangular2:1 final256x128. Project grass reference defines tiny quiet fine painterly grain; coastal A defines uniformity. Muted warm beige olive dormant autumn grass, fine dry straw fibers evenly distributed, sandy undertone. No red colors. Independent fine grain layout for variantb; same-season A/B samepalette and edge averages. Absolutely no recognizable sand patches,dunes,paths,tufts,shells,rocks,objects,leaves,cloudblotches,large lightdark shapes,bands,vignettes. Color and minute brush grain only, uniformly very low contrast. BOTH XY seamless; inconspicuous repeated4x4 and mixedAB. No text,grid,transparency.","grass.png; coastal_grass_summer_a-v2 (native)","not exposed","1","Native image resized to 256x128; 8px opposing XY seam strips symmetrically blended; exact opaque alpha; uniform mean RGB palette matched per type/season and local RGB contrast multiplied by0.85. B mean RGB matched to A and 8px perimeter blended to A for mixed chunk compatibility. No procedural artwork.","AB_2026-09-19_v1","S_England_1300_1450_v1","Astra Wave22 rework","candidate only; no game installation","candidate","Fine uniform seasonal coastal grain without sand patches or identifiable features; fill"
"terrain/coastal_grass_winter_a-v2","v2","terrain/coastal_grass_winter_a-v2.png","a10ca3299e081f9bc6ffb054702a10e8181dcdd7b4a0627d766f42d20ee5a0f7","/Users/rexxa/Library/Application Support/orca/codex-accounts/54be5844-95fd-4c46-925c-75327ccd186a/home/generated_images/01a0e14e-71a1-77a0-8809-82f9d0926a36/exec-167c94af-d1de-45a4-be51-2e0bccfc5fc2.png","288c5721714d6909ed57e853928a2935949442e9b0f1d9757b6333a02b20afa7","image_gen.imagegen","not exposed","2026-09-27T05:27:49.725Z","ATTEMPT 1
Create ONE opaque seamless top-down game terrain FILL coastal_grass winter A, rectangular2:1 final256x128. Project grass reference defines tiny quiet fine painterly grain; coastal A defines uniformity. Cool desaturated pale grey beige winter short grass, extremely thin uniformly dispersed pale frost with no white snow masses. Independent fine grain layout for varianta; same-season A/B samepalette and edge averages. Absolutely no recognizable sand patches,dunes,paths,tufts,shells,rocks,objects,leaves,cloudblotches,large lightdark shapes,bands,vignettes. Color and minute brush grain only, uniformly very low contrast. BOTH XY seamless; inconspicuous repeated4x4 and mixedAB. No text,grid,transparency.","grass.png; coastal_grass_summer_a-v2 (native)","not exposed","1","Native image resized to 256x128; 8px opposing XY seam strips symmetrically blended; exact opaque alpha; uniform mean RGB palette matched per type/season and local RGB contrast multiplied by0.85. B mean RGB matched to A and 8px perimeter blended to A for mixed chunk compatibility. No procedural artwork.","AB_2026-09-19_v1","S_England_1300_1450_v1","Astra Wave22 rework","candidate only; no game installation","candidate","Fine uniform seasonal coastal grain without sand patches or identifiable features; fill"
"terrain/coastal_grass_winter_b-v2","v2","terrain/coastal_grass_winter_b-v2.png","799c4e9da2c1efd7fce40932681afe154f54082c62ab1843f7e258abe4238ca4","/Users/rexxa/Library/Application Support/orca/codex-accounts/54be5844-95fd-4c46-925c-75327ccd186a/home/generated_images/01a0e14e-71a1-77a0-8809-82f9d0926a36/exec-3a196db6-cb72-4fdf-a379-1ccc917ec99a.png","e9933811f829650121ace961fcc0671667e13cfd7e62dafc69608b35f5ae9208","image_gen.imagegen","not exposed","2026-09-27T05:28:11.011Z","ATTEMPT 1
Create ONE opaque seamless top-down game terrain FILL coastal_grass winter B, rectangular2:1 final256x128. Project grass reference defines tiny quiet fine painterly grain; coastal A defines uniformity. Cool desaturated pale grey beige winter short grass, extremely thin uniformly dispersed pale frost with no white snow masses. Independent fine grain layout for variantb; same-season A/B samepalette and edge averages. Absolutely no recognizable sand patches,dunes,paths,tufts,shells,rocks,objects,leaves,cloudblotches,large lightdark shapes,bands,vignettes. Color and minute brush grain only, uniformly very low contrast. BOTH XY seamless; inconspicuous repeated4x4 and mixedAB. No text,grid,transparency.","grass.png; coastal_grass_summer_a-v2 (native)","not exposed","1","Native image resized to 256x128; 8px opposing XY seam strips symmetrically blended; exact opaque alpha; uniform mean RGB palette matched per type/season and local RGB contrast multiplied by0.85. B mean RGB matched to A and 8px perimeter blended to A for mixed chunk compatibility. No procedural artwork.","AB_2026-09-19_v1","S_England_1300_1450_v1","Astra Wave22 rework","candidate only; no game installation","candidate","Fine uniform seasonal coastal grain without sand patches or identifiable features; fill"
"terrain/woodland_floor_summer_a-v2","v2","terrain/woodland_floor_summer_a-v2.png","1c7927a164231a578173d647e0e8ffe0cb7bd09fc98ab572ea7cfdc51a0a7f36","/Users/rexxa/Library/Application Support/orca/codex-accounts/54be5844-95fd-4c46-925c-75327ccd186a/home/generated_images/01a0e14e-afc1-7a23-9f68-661562d146b0/exec-b5a833e0-3f9c-49ed-be29-6582d3657bf9.png","ff4cdedeeaf8c354c8bdd5b58cccadd005222df4ea68c3bc1f803fb47d50aa55","image_gen","not exposed","2026-09-27T05:21:21.691Z","ATTEMPT 1
Use case: stylized-concept. Asset terrain/woodland_floor_summer_a-v2, one seamless ground fill, flat overhead rectangular 2:1 image, opaque full bleed. Project reference 1 grass.png supplies the exact very fine low-contrast brush texture density and homogeneity. Reference 2 forest_floor.png supplies muted warm grey-brown olive earth palette only. Repaint a summer woodland bare soil BASE only, evenly distributed fine quiet brush grain like the grass reference, with no features. Keep almost uniform midtone throughout, no large patches, no clouds, no diagonal strokes or bands, no recognizable leaves, stones, twigs, branches, moss islands, puddles, snow, shadows or objects. Small individual brush marks and tiny subtle soil fibres, but no photographic sharpening or salt pepper specks. All four edges seamless in X and Y, no edge darkening, no light/dark gradient. This tile will repeat 4 by 4 at 256x128 final size and must show NO repeating landmark or macro patch grid. Midtone woodland colour subdued olive warm grey-brown, very low contrast, matching existing medieval English game terrain. No text, no border. One asset only.","grass.png; forest_floor.png","not exposed","1","Native full-rectangle resized once to 256x128; opposing X 16px and Y 12px edge strips symmetrically blended to exact equal endpoints; opaque alpha normalized. RGB chroma about luminance multiplied by 1. No procedural artwork. Per-season A/B RGB mean colour matched by constant channel offset; shared edge profiles blended within X 8px/Y 6px, exact common endpoints, no procedural painting.","AB_2026-09-19_v1","S_England_1300_1450_v1","Astra Wave22 rework","candidate only; no game installation","candidate","Fine homogeneous low contrast brush grain; no terrain landmark or large macro patch.; fill"
"terrain/woodland_floor_summer_b-v2","v2","terrain/woodland_floor_summer_b-v2.png","d6f727456bff3f059e33b36d528613b0623b4fafd2af43fdecb031cf58d9fa61","/Users/rexxa/Library/Application Support/orca/codex-accounts/54be5844-95fd-4c46-925c-75327ccd186a/home/generated_images/01a0e14e-afc1-7a23-9f68-661562d146b0/exec-05c99274-49fc-498f-8e09-7970aaa10bd9.png","41f859eb32b1a4cd59d36cf5e49406453bd0b3312ea261ab47235f9a6ddaf220","image_gen","not exposed","2026-09-27T05:22:49.858Z","ATTEMPT 1
Use case: stylized-concept. Asset terrain/woodland_floor_summer_a-v2, one seamless ground fill, flat overhead rectangular 2:1 image, opaque full bleed. Project reference 1 grass.png supplies the exact very fine low-contrast brush texture density and homogeneity. Reference 2 forest_floor.png supplies muted warm grey-brown olive earth palette only. Repaint a summer woodland bare soil BASE only, evenly distributed fine quiet brush grain like the grass reference, with no features. Keep almost uniform midtone throughout, no large patches, no clouds, no diagonal strokes or bands, no recognizable leaves, stones, twigs, branches, moss islands, puddles, snow, shadows or objects. Small individual brush marks and tiny subtle soil fibres, but no photographic sharpening or salt pepper specks. All four edges seamless in X and Y, no edge darkening, no light/dark gradient. This tile will repeat 4 by 4 at 256x128 final size and must show NO repeating landmark or macro patch grid. Midtone woodland colour subdued olive warm grey-brown, very low contrast, matching existing medieval English game terrain. No text, no border. One asset only.
Variant B: new independent distribution of fine brush grain, different tiny stroke placements from input image3 summerA. Match its exact overall palette, contrast and density for mixing neighbouring chunks. Absolutely no new large motifs or directional patches. Keep same season summer.","grass.png; forest_floor.png; woodland_floor_summer_a-v2 generated source","not exposed","1","Native full-rectangle resized once to 256x128; opposing X 16px and Y 12px edge strips symmetrically blended to exact equal endpoints; opaque alpha normalized. RGB chroma about luminance multiplied by 1. No procedural artwork. Per-season A/B RGB mean colour matched by constant channel offset; shared edge profiles blended within X 8px/Y 6px, exact common endpoints, no procedural painting.","AB_2026-09-19_v1","S_England_1300_1450_v1","Astra Wave22 rework","candidate only; no game installation","candidate","Fine homogeneous low contrast brush grain; no terrain landmark or large macro patch.; fill"
"terrain/woodland_floor_autumn_a-v2","v2","terrain/woodland_floor_autumn_a-v2.png","a58733faa04df765ac3d8c36e8361099482ec8e756563e9ba27f519b26727481","/Users/rexxa/Library/Application Support/orca/codex-accounts/54be5844-95fd-4c46-925c-75327ccd186a/home/generated_images/01a0e14e-afc1-7a23-9f68-661562d146b0/exec-791071cb-e5b8-435e-a84b-1b71c9c03f0d.png","e77208a26d281ca594f06a56eb018696c088b94ca3be60b60d95ec06632c5137","image_gen","not exposed","2026-09-27T05:25:02.482Z","ATTEMPT 1
Use case: lighting-weather. Edit this exact project woodland soil base to autumn, one opaque seamless 2:1 texture. Change only overall season palette to muted warmer umber grey-brown with a very faint tawny undertone. Retain the same fine quiet brush grain, low contrast and almost homogeneous coverage. NO leaves or leaf silhouettes, NO moss islands, NO macro patches, NO objects, NO diagonal bands, NO blotches. This is only a ground base; all leaf litter will be separate decals. Keep exposure uniform, all four edges tileable in X/Y, no vignette. At 256x128 output repeated 4x4 no obvious repeated landmark. Southern England autumn subdued brown/gold, never bright red. No text or border.","woodland_floor_summer_a-v2 generated source","not exposed","1","Native full-rectangle resized once to 256x128; opposing X 16px and Y 12px edge strips symmetrically blended to exact equal endpoints; opaque alpha normalized. RGB chroma about luminance multiplied by 1. No procedural artwork. Per-season A/B RGB mean colour matched by constant channel offset; shared edge profiles blended within X 8px/Y 6px, exact common endpoints, no procedural painting.","AB_2026-09-19_v1","S_England_1300_1450_v1","Astra Wave22 rework","candidate only; no game installation","candidate","Fine homogeneous low contrast brush grain; no terrain landmark or large macro patch.; fill"
"terrain/woodland_floor_autumn_b-v2","v2","terrain/woodland_floor_autumn_b-v2.png","5a427f7e440df12714cd9fbf22f58b8b98feaaa691f54f07ae2bf953edd7b9ed","/Users/rexxa/Library/Application Support/orca/codex-accounts/54be5844-95fd-4c46-925c-75327ccd186a/home/generated_images/01a0e14e-afc1-7a23-9f68-661562d146b0/exec-9edb415e-cf9f-49a2-a163-c9bd9aa56b49.png","39e37f21c37845ebed76931940af157f4f473926273b65ecfd699b7b5e755ee0","image_gen","not exposed","2026-09-27T05:25:02.485Z","ATTEMPT 1
Use case: lighting-weather. Edit this exact project woodland soil base to autumn, one opaque seamless 2:1 texture. Change only overall season palette to muted warmer umber grey-brown with a very faint tawny undertone. Retain the same fine quiet brush grain, low contrast and almost homogeneous coverage. NO leaves or leaf silhouettes, NO moss islands, NO macro patches, NO objects, NO diagonal bands, NO blotches. This is only a ground base; all leaf litter will be separate decals. Keep exposure uniform, all four edges tileable in X/Y, no vignette. At 256x128 output repeated 4x4 no obvious repeated landmark. Southern England autumn subdued brown/gold, never bright red. No text or border. This is B grain variant, preserve B microscopic placement while matching autumn A palette.","woodland_floor_summer_b-v2 generated source","not exposed","1","Native full-rectangle resized once to 256x128; opposing X 16px and Y 12px edge strips symmetrically blended to exact equal endpoints; opaque alpha normalized. RGB chroma about luminance multiplied by 1. No procedural artwork. Per-season A/B RGB mean colour matched by constant channel offset; shared edge profiles blended within X 8px/Y 6px, exact common endpoints, no procedural painting.","AB_2026-09-19_v1","S_England_1300_1450_v1","Astra Wave22 rework","candidate only; no game installation","candidate","Fine homogeneous low contrast brush grain; no terrain landmark or large macro patch.; fill"
"terrain/woodland_floor_winter_a-v2","v2","terrain/woodland_floor_winter_a-v2.png","db73565fdb3c0ea1900a394ead017898201e88054cdde37f20d5d7506d79b673","/Users/rexxa/Library/Application Support/orca/codex-accounts/54be5844-95fd-4c46-925c-75327ccd186a/home/generated_images/01a0e14e-afc1-7a23-9f68-661562d146b0/exec-360d7e3e-a029-4a70-9a96-721f9d823cc7.png","d5eb80a4a7602e5b2be7cef747a2e4f10df4a5b00934a9ba25d22b17894f2170","image_gen","not exposed","2026-09-27T05:25:02.489Z","ATTEMPT 1
Use case: lighting-weather. Edit this exact project woodland soil base to southern England winter, one opaque seamless 2:1 texture. Change only overall season palette to cool muted grey-brown olive, somewhat lighter, as a very thin uniform dry frost over soil, with ground still visible. Keep exactly same fine quiet brush grain and almost homogeneous low contrast coverage. NO snow islands, NO patches of white, NO leaves, NO branches, NO moss features, NO objects, NO diagonal bands, NO large clouds, NO vignette. All features belong on separate decals. X and Y seamless, even exposure edge to edge. At 256x128 final output and 4x4 repetitions must have no repeating landmarks. No text or border.","woodland_floor_summer_a-v2 generated source","not exposed","1","Native full-rectangle resized once to 256x128; opposing X 16px and Y 12px edge strips symmetrically blended to exact equal endpoints; opaque alpha normalized. RGB chroma about luminance multiplied by 1. No procedural artwork. Per-season A/B RGB mean colour matched by constant channel offset; shared edge profiles blended within X 8px/Y 6px, exact common endpoints, no procedural painting.","AB_2026-09-19_v1","S_England_1300_1450_v1","Astra Wave22 rework","candidate only; no game installation","candidate","Fine homogeneous low contrast brush grain; no terrain landmark or large macro patch.; fill"
"terrain/woodland_floor_winter_b-v2","v2","terrain/woodland_floor_winter_b-v2.png","4966004d404c0a316485077bc46a3acfc4c15855c795b7bb8e5a7ce59121ee22","/Users/rexxa/Library/Application Support/orca/codex-accounts/54be5844-95fd-4c46-925c-75327ccd186a/home/generated_images/01a0e14e-afc1-7a23-9f68-661562d146b0/exec-995ec64e-50f7-4f83-be5c-aee04736dd1b.png","af3f23ae52ecb451e44d549ea7661b2dcf777e767f98191e6f72688a535b4a17","image_gen","not exposed","2026-09-27T05:25:02.492Z","ATTEMPT 1
Use case: lighting-weather. Edit this exact project woodland soil base to southern England winter, one opaque seamless 2:1 texture. Change only overall season palette to cool muted grey-brown olive, somewhat lighter, as a very thin uniform dry frost over soil, with ground still visible. Keep exactly same fine quiet brush grain and almost homogeneous low contrast coverage. NO snow islands, NO patches of white, NO leaves, NO branches, NO moss features, NO objects, NO diagonal bands, NO large clouds, NO vignette. All features belong on separate decals. X and Y seamless, even exposure edge to edge. At 256x128 final output and 4x4 repetitions must have no repeating landmarks. No text or border. This is B grain variant, retain variant B fine stroke placements but exactly the same winter palette and contrast as A.","woodland_floor_summer_b-v2 generated source","not exposed","1","Native full-rectangle resized once to 256x128; opposing X 16px and Y 12px edge strips symmetrically blended to exact equal endpoints; opaque alpha normalized. RGB chroma about luminance multiplied by 1. No procedural artwork. Per-season A/B RGB mean colour matched by constant channel offset; shared edge profiles blended within X 8px/Y 6px, exact common endpoints, no procedural painting.","AB_2026-09-19_v1","S_England_1300_1450_v1","Astra Wave22 rework","candidate only; no game installation","candidate","Fine homogeneous low contrast brush grain; no terrain landmark or large macro patch.; fill"
"decals/chalk_exposure_a-v1","v1","decals/chalk_exposure_a-v1.png","69bfb8fb0ef6fd2a79827b5da3ac714c295722815a41f6a1fbca7de5e99cfa8d","/Users/rexxa/Library/Application Support/orca/codex-accounts/54be5844-95fd-4c46-925c-75327ccd186a/home/generated_images/01a0e14e-f8f5-7802-b94e-021c4f4a0d8d/exec-beae38bd-06b8-4736-89b7-46df90caee85.png","bde9082e5b41d1b6ee49c85cce8cdab1afc292189b285a57978f6cb9e31d631c","Native image_gen; JS Canvas/PNG mechanical normalization","not displayed","2026-09-27T05:21:52.040Z","ATTEMPT 1
Create ONE transparent RGBA game ground decal, chalk_exposure_a-v1. Project references shown are style and colour only. Low flat chalk exposure in southern English grassland: three small connected irregular ivory chalk-soil chips lying flush in sparse dull olive short turf. NOT a boulder, not a raised rock, not a complete island or terrain tile. 2:1 isometric ground-plane view, very low relief, natural unequal broken outline, soft top-left light, no long shadow. Painted game art matching reference muted palette; readable broad 8px masses after small reduction, no photoreal speckle. Final canvas64x48 with8px transparent margin, artwork occupies48x32, bottomcenter ground anchor32,40. Compose cleanly centred at this aspect. True transparent background; no text, labels, grid, border, flowers or objects. This is a unique small exposure fragment A; no multiple panels.","chalk_outcrop_a-v1.png; grass.png","not exposed","1","Alpha bounding-box crop (224,343,1011,411); one high-quality downsample into 64x48 at (8,20,48,20); bottom-center pivot 32,40; enforce 8px transparent margin; 2px transparent RGB bleed. No procedural art or recolor.","AB_2026-09-19_v1","S_England_1300_1450_v1","Astra Wave22 rework","candidate only; no game installation","candidate","One native candidate; large distinctive subject silhouette and restrained project palette; final scale reviewed in contact sheet.; decal"
"decals/chalk_exposure_b-v1","v1","decals/chalk_exposure_b-v1.png","ad985d6dd9ce38cec89d382597e3059a9a8fb637423081ab9a6d34248c09e601","/Users/rexxa/Library/Application Support/orca/codex-accounts/54be5844-95fd-4c46-925c-75327ccd186a/home/generated_images/01a0e14e-f8f5-7802-b94e-021c4f4a0d8d/exec-0aed7b6b-eee1-4b0e-ae42-a1385895990b.png","ce20b34711c086d57324e5d23d8843635d60f12f36a6ff46aff389ecdac1de48","Native image_gen; JS Canvas/PNG mechanical normalization","not displayed","2026-09-27T05:23:37.196Z","ATTEMPT 1
Use case: stylized-concept. Create ONE transparent RGBA game ground decal chalk_exposure_b-v1. Project images are colour/paint style references only. Subject: one irregular crescent of flush pale chalk earth with a split bare centre and two tiny olive turf tongues, a low worn soil exposure not rocks. Southern England medieval countryside natural ground feature. This decal is scattered over a separately rendered texture, therefore NOT a rectangular terrain tile, NOT a scene or enclosed island. 2:1 isometric ground plane with almost no height. Muted natural low saturation colours matching project references. Soft top-left daylight, no long shadow, no strong black outline. Hand painted concise broad masses that remain readable at tiny display scale, no photoreal grain or speckled dots. Target canvas 96x64px with transparent8px margin all sides, bottom-centre ground anchor(48,56); artwork occupies at most 80x48. True alpha transparency, no background fill, no text, labels, numbers, border or grid. One single unique composition, not a sprite sheet. No buildings, animals or people.","grass.png; forest_floor.png","not exposed","1","Alpha bounding-box crop (89,204,1359,600); one high-quality downsample into 96x64 at (8,21,80,35); bottom-center pivot 48,56; enforce 8px transparent margin; 2px transparent RGB bleed. No procedural art or recolor.","AB_2026-09-19_v1","S_England_1300_1450_v1","Astra Wave22 rework","candidate only; no game installation","candidate","One native candidate; large distinctive subject silhouette and restrained project palette; final scale reviewed in contact sheet.; decal"
"decals/chalk_exposure_c-v1","v1","decals/chalk_exposure_c-v1.png","8ead025c06f8064cabe0b2e1701a41362814c60205828f6572cce90f68d3d4c1","/Users/rexxa/Library/Application Support/orca/codex-accounts/54be5844-95fd-4c46-925c-75327ccd186a/home/generated_images/01a0e14e-f8f5-7802-b94e-021c4f4a0d8d/exec-6a1e9454-9b0d-4ee7-86f3-004bcf2cce79.png","10259a030de0b1ad1d0f6e62fe98ce3c68a7022075f68e3c0cb0a485bd804d28","Native image_gen; JS Canvas/PNG mechanical normalization","not displayed","2026-09-27T05:24:18.377Z","ATTEMPT 1
Use case: stylized-concept. Create ONE transparent RGBA game ground decal chalk_exposure_c-v1. Project images are colour/paint style references only. Subject: a broad asymmetrical branching fork of exposed pale chalk soil, flat cream earth with three disconnected small edge chips and sparse low olive turf, not raised boulders. Southern England medieval countryside natural ground feature. This decal is scattered over a separately rendered texture, therefore NOT a rectangular terrain tile, NOT a scene or enclosed island. 2:1 isometric ground plane with almost no height. Muted natural low saturation colours matching project references. Soft top-left daylight, no long shadow, no strong black outline. Hand painted concise broad masses that remain readable at tiny display scale, no photoreal grain or speckled dots. Target canvas 128x96px with transparent8px margin all sides, bottom-centre ground anchor(64,88); artwork occupies at most 112x80. True alpha transparency, no background fill, no text, labels, numbers, border or grid. One single unique composition, not a sprite sheet. No buildings, animals or people.","grass.png; forest_floor.png","not exposed","1","Alpha bounding-box crop (82,154,1297,781); one high-quality downsample into 128x96 at (8,21,112,67); bottom-center pivot 64,88; enforce 8px transparent margin; 2px transparent RGB bleed. No procedural art or recolor.","AB_2026-09-19_v1","S_England_1300_1450_v1","Astra Wave22 rework","candidate only; no game installation","candidate","One native candidate; large distinctive subject silhouette and restrained project palette; final scale reviewed in contact sheet.; decal"
"decals/heath_patch_a-v1","v1","decals/heath_patch_a-v1.png","dc24ac33e8869c47977d1adea44ed6a939f94079eb26b4a1d44592ef0ca2576a","/Users/rexxa/Library/Application Support/orca/codex-accounts/54be5844-95fd-4c46-925c-75327ccd186a/home/generated_images/01a0e14e-f8f5-7802-b94e-021c4f4a0d8d/exec-533877bf-432d-4ea3-8a34-1e49c9edb4a1.png","51de4e62d51231b7264d86840eb6fcea1022c5f6d4257946b5c6b30c6e497f27","Native image_gen; JS Canvas/PNG mechanical normalization","not displayed","2026-09-27T05:24:56.983Z","ATTEMPT 1
Use case: stylized-concept. Create ONE transparent RGBA game ground decal heath_patch_a-v1. Project images are colour/paint style references only. Subject: one small low heather mat, muted dusty mauve-brown foliage with two olive fern fans, spreading flat uneven triangular footprint, no tall bush. Southern England medieval countryside natural ground feature. This decal is scattered over a separately rendered texture, therefore NOT a rectangular terrain tile, NOT a scene or enclosed island. 2:1 isometric ground plane with almost no height. Muted natural low saturation colours matching project references. Soft top-left daylight, no long shadow, no strong black outline. Hand painted concise broad masses that remain readable at tiny display scale, no photoreal grain or speckled dots. Target canvas 64x48px with transparent8px margin all sides, bottom-centre ground anchor(32,40); artwork occupies at most 48x32. True alpha transparency, no background fill, no text, labels, numbers, border or grid. One single unique composition, not a sprite sheet. No buildings, animals or people.","grass.png; forest_floor.png","not exposed","1","Alpha bounding-box crop (136,298,1199,486); one high-quality downsample into 64x48 at (8,21,48,19); bottom-center pivot 32,40; enforce 8px transparent margin; 2px transparent RGB bleed. No procedural art or recolor.","AB_2026-09-19_v1","S_England_1300_1450_v1","Astra Wave22 rework","candidate only; no game installation","candidate","One native candidate; large distinctive subject silhouette and restrained project palette; final scale reviewed in contact sheet.; decal"
"decals/heath_patch_b-v1","v1","decals/heath_patch_b-v1.png","8bc85a500ad5de03a34e76f7eadfdda9908217824ba7fb25b41daca56217d565","/Users/rexxa/Library/Application Support/orca/codex-accounts/54be5844-95fd-4c46-925c-75327ccd186a/home/generated_images/01a0e14e-f8f5-7802-b94e-021c4f4a0d8d/exec-26af1a62-0fbf-4806-a9c4-86b1aeb3bf2d.png","c7d413d6b00013cfb7fe9a9165139b890a4846191b2c48b011ddb0121e950db5","Native image_gen; JS Canvas/PNG mechanical normalization","not displayed","2026-09-27T05:25:34.809Z","ATTEMPT 1
Use case: stylized-concept. Create ONE transparent RGBA game ground decal heath_patch_b-v1. Project images are colour/paint style references only. Subject: two separate low heather cushions, one wide left cushion and small right crescent, dusty mauve-brown and olive, tiny restrained flower impression not bright flowers. Southern England medieval countryside natural ground feature. This decal is scattered over a separately rendered texture, therefore NOT a rectangular terrain tile, NOT a scene or enclosed island. 2:1 isometric ground plane with almost no height. Muted natural low saturation colours matching project references. Soft top-left daylight, no long shadow, no strong black outline. Hand painted concise broad masses that remain readable at tiny display scale, no photoreal grain or speckled dots. Target canvas 96x64px with transparent8px margin all sides, bottom-centre ground anchor(48,56); artwork occupies at most 80x48. True alpha transparency, no background fill, no text, labels, numbers, border or grid. One single unique composition, not a sprite sheet. No buildings, animals or people.","grass.png; forest_floor.png","not exposed","1","Alpha bounding-box crop (130,290,1285,433); one high-quality downsample into 96x64 at (8,29,80,27); bottom-center pivot 48,56; enforce 8px transparent margin; 2px transparent RGB bleed. No procedural art or recolor.","AB_2026-09-19_v1","S_England_1300_1450_v1","Astra Wave22 rework","candidate only; no game installation","candidate","One native candidate; large distinctive subject silhouette and restrained project palette; final scale reviewed in contact sheet.; decal"
"decals/heath_patch_c-v1","v1","decals/heath_patch_c-v1.png","4031ebe921cbfdb7cc4fa42905bfaa4b3bf4f255c39d1189fc800be79f2b0458","/Users/rexxa/Library/Application Support/orca/codex-accounts/54be5844-95fd-4c46-925c-75327ccd186a/home/generated_images/01a0e14e-f8f5-7802-b94e-021c4f4a0d8d/exec-71eee2b9-d393-46f2-92ce-bb0904c3ac56.png","64fd265ab693086704841d1cc9d4e13b9e14e042d5fb4ae5a41aa5c44233d18a","Native image_gen; JS Canvas/PNG mechanical normalization","not displayed","2026-09-27T05:26:18.121Z","ATTEMPT 1
Use case: stylized-concept. Create ONE transparent RGBA game ground decal heath_patch_c-v1. Project images are colour/paint style references only. Subject: low sprawling heather and bracken patch with a distinct open centre, three unequal lobes around exposed peat, olive and muted dusty mauve-brown, no tall bush. Southern England medieval countryside natural ground feature. This decal is scattered over a separately rendered texture, therefore NOT a rectangular terrain tile, NOT a scene or enclosed island. 2:1 isometric ground plane with almost no height. Muted natural low saturation colours matching project references. Soft top-left daylight, no long shadow, no strong black outline. Hand painted concise broad masses that remain readable at tiny display scale, no photoreal grain or speckled dots. Target canvas 128x96px with transparent8px margin all sides, bottom-centre ground anchor(64,88); artwork occupies at most 112x80. True alpha transparency, no background fill, no text, labels, numbers, border or grid. One single unique composition, not a sprite sheet. No buildings, animals or people.","grass.png; forest_floor.png","not exposed","1","Alpha bounding-box crop (96,162,1305,774); one high-quality downsample into 128x96 at (8,22,112,66); bottom-center pivot 64,88; enforce 8px transparent margin; 2px transparent RGB bleed. No procedural art or recolor.","AB_2026-09-19_v1","S_England_1300_1450_v1","Astra Wave22 rework","candidate only; no game installation","candidate","One native candidate; large distinctive subject silhouette and restrained project palette; final scale reviewed in contact sheet.; decal"
"decals/fen_pool_a-v1","v1","decals/fen_pool_a-v1.png","2c0ed90f4688037d1dc4b9189f0b8380c883485a2bd3db3b3d37669f1f0b9a97","/Users/rexxa/Library/Application Support/orca/codex-accounts/54be5844-95fd-4c46-925c-75327ccd186a/home/generated_images/01a0e14e-f8f5-7802-b94e-021c4f4a0d8d/exec-a5b73ad7-86d0-461a-ad89-e9e3fae5f56d.png","39ffeb25c3e62af345075fbb40db470e483489b67fdff108c76a24edc8cda8ae","Native image_gen; JS Canvas/PNG mechanical normalization","not displayed","2026-09-27T05:26:52.047Z","ATTEMPT 1
Use case: stylized-concept. Create ONE transparent RGBA game ground decal fen_pool_a-v1. Project images are colour/paint style references only. Subject: one small shallow quiet grey-green water puddle, asymmetric bean footprint, dark damp peat lip only at back with two very short olive grass tufts, no stones or tall reeds. Southern England medieval countryside natural ground feature. This decal is scattered over a separately rendered texture, therefore NOT a rectangular terrain tile, NOT a scene or enclosed island. 2:1 isometric ground plane with almost no height. Muted natural low saturation colours matching project references. Soft top-left daylight, no long shadow, no strong black outline. Hand painted concise broad masses that remain readable at tiny display scale, no photoreal grain or speckled dots. Target canvas 64x48px with transparent8px margin all sides, bottom-centre ground anchor(32,40); artwork occupies at most 48x32. True alpha transparency, no background fill, no text, labels, numbers, border or grid. One single unique composition, not a sprite sheet. No buildings, animals or people.","grass.png; forest_floor.png","not exposed","1","Alpha bounding-box crop (336,319,789,399); one high-quality downsample into 64x48 at (8,16,48,24); bottom-center pivot 32,40; enforce 8px transparent margin; 2px transparent RGB bleed. No procedural art or recolor.","AB_2026-09-19_v1","S_England_1300_1450_v1","Astra Wave22 rework","candidate only; no game installation","candidate","One native candidate; large distinctive subject silhouette and restrained project palette; final scale reviewed in contact sheet.; decal"
"decals/fen_pool_b-v1","v1","decals/fen_pool_b-v1.png","47c76ae3f6ed2a86f59321b723c3f59cf2a80be506ddb31de6f6a773c7ed8cc3","/Users/rexxa/Library/Application Support/orca/codex-accounts/54be5844-95fd-4c46-925c-75327ccd186a/home/generated_images/01a0e14e-f8f5-7802-b94e-021c4f4a0d8d/exec-e8d77033-e249-41eb-a353-a4f558d05ecd.png","feae791ba77de104335c51cd2c2e2642a37ef854e7f4aa98fa25fa85f54efdbb","Native image_gen; JS Canvas/PNG mechanical normalization","not displayed","2026-09-27T05:27:25.466Z","ATTEMPT 1
Use case: stylized-concept. Create ONE transparent RGBA game ground decal fen_pool_b-v1. Project images are colour/paint style references only. Subject: two connected shallow quiet grey-olive water puddles, wide left and narrow right, interrupted earthy bank with one low wetgrass tongue, no waves and no tall reeds. Southern England medieval countryside natural ground feature. This decal is scattered over a separately rendered texture, therefore NOT a rectangular terrain tile, NOT a scene or enclosed island. 2:1 isometric ground plane with almost no height. Muted natural low saturation colours matching project references. Soft top-left daylight, no long shadow, no strong black outline. Hand painted concise broad masses that remain readable at tiny display scale, no photoreal grain or speckled dots. Target canvas 96x64px with transparent8px margin all sides, bottom-centre ground anchor(48,56); artwork occupies at most 80x48. True alpha transparency, no background fill, no text, labels, numbers, border or grid. One single unique composition, not a sprite sheet. No buildings, animals or people.","grass.png; forest_floor.png","not exposed","1","Alpha bounding-box crop (66,284,1406,472); one high-quality downsample into 96x64 at (8,29,80,27); bottom-center pivot 48,56; enforce 8px transparent margin; 2px transparent RGB bleed. No procedural art or recolor.","AB_2026-09-19_v1","S_England_1300_1450_v1","Astra Wave22 rework","candidate only; no game installation","candidate","One native candidate; large distinctive subject silhouette and restrained project palette; final scale reviewed in contact sheet.; decal"
"decals/fen_pool_c-v1","v1","decals/fen_pool_c-v1.png","a1f92ac806e45991d68a4174a369fcce49710d37d69720985a3242252e560bec","/Users/rexxa/Library/Application Support/orca/codex-accounts/54be5844-95fd-4c46-925c-75327ccd186a/home/generated_images/01a0e14e-f8f5-7802-b94e-021c4f4a0d8d/exec-91672666-7043-4c1e-97d9-c07e9750f31d.png","d3b79c15e079beafe1f611ce7e07d47fabeb60850b0373f27629a2a7880254a9","Native image_gen; JS Canvas/PNG mechanical normalization","not displayed","2026-09-27T05:28:05.031Z","ATTEMPT 1
Use case: stylized-concept. Create ONE transparent RGBA game ground decal fen_pool_c-v1. Project images are colour/paint style references only. Subject: one wide shallow still fen pool with two irregular projecting arms and a small peat islet near right edge, subdued grey-green water, low wetgrass only at three edges, no tall reeds. Southern England medieval countryside natural ground feature. This decal is scattered over a separately rendered texture, therefore NOT a rectangular terrain tile, NOT a scene or enclosed island. 2:1 isometric ground plane with almost no height. Muted natural low saturation colours matching project references. Soft top-left daylight, no long shadow, no strong black outline. Hand painted concise broad masses that remain readable at tiny display scale, no photoreal grain or speckled dots. Target canvas 128x96px with transparent8px margin all sides, bottom-centre ground anchor(64,88); artwork occupies at most 112x80. True alpha transparency, no background fill, no text, labels, numbers, border or grid. One single unique composition, not a sprite sheet. No buildings, animals or people.","grass.png; forest_floor.png","not exposed","1","Alpha bounding-box crop (147,222,1213,633); one high-quality downsample into 128x96 at (8,30,112,58); bottom-center pivot 64,88; enforce 8px transparent margin; 2px transparent RGB bleed. No procedural art or recolor.","AB_2026-09-19_v1","S_England_1300_1450_v1","Astra Wave22 rework","candidate only; no game installation","candidate","One native candidate; large distinctive subject silhouette and restrained project palette; final scale reviewed in contact sheet.; decal"
"decals/coastal_sand_a-v1","v1","decals/coastal_sand_a-v1.png","33b98cfafd82ac822b042f5c4f90324ac87460b7168b7b78d19eb196774e8674","/Users/rexxa/Library/Application Support/orca/codex-accounts/54be5844-95fd-4c46-925c-75327ccd186a/home/generated_images/01a0e14e-f8f5-7802-b94e-021c4f4a0d8d/exec-847cdb76-108a-4fde-bb63-7882eb9891ce.png","b1ab0efd474d0594f2ef6c49556ec3222b9bd8d7bd5e88aff826706aba4ee19b","Native image_gen; JS Canvas/PNG mechanical normalization","not displayed","2026-09-27T05:28:40.525Z","ATTEMPT 1
Use case: stylized-concept. Create ONE transparent RGBA game ground decal coastal_sand_a-v1. Project images are colour/paint style references only. Subject: a small low flat irregular pale tan sand trace, split into three connected smears among sparse muted olive shortgrass, not a mound or island. Southern England medieval countryside natural ground feature. This decal is scattered over a separately rendered texture, therefore NOT a rectangular terrain tile, NOT a scene or enclosed island. 2:1 isometric ground plane with almost no height. Muted natural low saturation colours matching project references. Soft top-left daylight, no long shadow, no strong black outline. Hand painted concise broad masses that remain readable at tiny display scale, no photoreal grain or speckled dots. Target canvas 64x48px with transparent8px margin all sides, bottom-centre ground anchor(32,40); artwork occupies at most 48x32. True alpha transparency, no background fill, no text, labels, numbers, border or grid. One single unique composition, not a sprite sheet. No buildings, animals or people.","grass.png; forest_floor.png","not exposed","1","Alpha bounding-box crop (196,296,1078,470); one high-quality downsample into 64x48 at (8,19,48,21); bottom-center pivot 32,40; enforce 8px transparent margin; 2px transparent RGB bleed. No procedural art or recolor.","AB_2026-09-19_v1","S_England_1300_1450_v1","Astra Wave22 rework","candidate only; no game installation","candidate","One native candidate; large distinctive subject silhouette and restrained project palette; final scale reviewed in contact sheet.; decal"
"decals/coastal_sand_b-v1","v1","decals/coastal_sand_b-v1.png","154cfd97f2f352639469435f443056727371f733176dcb7d727a8d1d6076cd9a","/Users/rexxa/Library/Application Support/orca/codex-accounts/54be5844-95fd-4c46-925c-75327ccd186a/home/generated_images/01a0e14e-f8f5-7802-b94e-021c4f4a0d8d/exec-6dec6cff-59d6-4fac-97b2-a8835b432ebd.png","3eb67172b8fc6f31833a42f0790f6fb6bf78eb9a52d029ae685c0d0a532ea340","Native image_gen; JS Canvas/PNG mechanical normalization","not displayed","2026-09-27T05:29:14.515Z","ATTEMPT 1
Use case: stylized-concept. Create ONE transparent RGBA game ground decal coastal_sand_b-v1. Project images are colour/paint style references only. Subject: a long oblique broken sand tongue with a narrow opening and two small detached sandy fragments, light warm grey-tan, a few short olive grass blades, completely flat. Southern England medieval countryside natural ground feature. This decal is scattered over a separately rendered texture, therefore NOT a rectangular terrain tile, NOT a scene or enclosed island. 2:1 isometric ground plane with almost no height. Muted natural low saturation colours matching project references. Soft top-left daylight, no long shadow, no strong black outline. Hand painted concise broad masses that remain readable at tiny display scale, no photoreal grain or speckled dots. Target canvas 96x64px with transparent8px margin all sides, bottom-centre ground anchor(48,56); artwork occupies at most 80x48. True alpha transparency, no background fill, no text, labels, numbers, border or grid. One single unique composition, not a sprite sheet. No buildings, animals or people.","grass.png; forest_floor.png","not exposed","1","Alpha bounding-box crop (126,198,1284,633); one high-quality downsample into 96x64 at (8,17,80,39); bottom-center pivot 48,56; enforce 8px transparent margin; 2px transparent RGB bleed. No procedural art or recolor.","AB_2026-09-19_v1","S_England_1300_1450_v1","Astra Wave22 rework","candidate only; no game installation","candidate","One native candidate; large distinctive subject silhouette and restrained project palette; final scale reviewed in contact sheet.; decal"
"decals/coastal_sand_c-v1","v1","decals/coastal_sand_c-v1.png","dab5c76f3c58d24adc5b0234ad5a635111a800698a24dcaa561be07e6212b80a","/Users/rexxa/Library/Application Support/orca/codex-accounts/54be5844-95fd-4c46-925c-75327ccd186a/home/generated_images/01a0e14e-f8f5-7802-b94e-021c4f4a0d8d/exec-9c9476ff-6bac-4b31-bbf6-10c385ffd50b.png","9548f2534c5237b17bf93a3c1b370a7e559e5ca19727a14f78d3379c0e699847","Native image_gen; JS Canvas/PNG mechanical normalization","not displayed","2026-09-27T05:29:55.175Z","ATTEMPT 1
Use case: stylized-concept. Create ONE transparent RGBA game ground decal coastal_sand_c-v1. Project images are colour/paint style references only. Subject: a broad irregular branching windblown sand trace with deep cut-in gaps and sparse grey-olive grass tufts, asymmetric three-finger footprint, flat grey-tan surface. Southern England medieval countryside natural ground feature. This decal is scattered over a separately rendered texture, therefore NOT a rectangular terrain tile, NOT a scene or enclosed island. 2:1 isometric ground plane with almost no height. Muted natural low saturation colours matching project references. Soft top-left daylight, no long shadow, no strong black outline. Hand painted concise broad masses that remain readable at tiny display scale, no photoreal grain or speckled dots. Target canvas 128x96px with transparent8px margin all sides, bottom-centre ground anchor(64,88); artwork occupies at most 112x80. True alpha transparency, no background fill, no text, labels, numbers, border or grid. One single unique composition, not a sprite sheet. No buildings, animals or people.","grass.png; forest_floor.png","not exposed","1","Alpha bounding-box crop (89,102,1292,852); one high-quality downsample into 128x96 at (8,14,112,74); bottom-center pivot 64,88; enforce 8px transparent margin; 2px transparent RGB bleed. No procedural art or recolor.","AB_2026-09-19_v1","S_England_1300_1450_v1","Astra Wave22 rework","candidate only; no game installation","candidate","One native candidate; large distinctive subject silhouette and restrained project palette; final scale reviewed in contact sheet.; decal"
"decals/woodland_litter_a-v1","v1","decals/woodland_litter_a-v1.png","5a00ce1f7d6bf2dca3998156338d1d4cf6a8d087c2ea4cb93b6a7e9927e08ab5","/Users/rexxa/Library/Application Support/orca/codex-accounts/54be5844-95fd-4c46-925c-75327ccd186a/home/generated_images/01a0e14e-f8f5-7802-b94e-021c4f4a0d8d/exec-d438496c-45d4-4ad0-9e6f-974c1eda362c.png","a2b1ce10f78a050da285f699d1f41e8d8778a7cb8316731decc07137786dfea6","Native image_gen; JS Canvas/PNG mechanical normalization","not displayed","2026-09-27T05:30:29.527Z","ATTEMPT 1
Use case: stylized-concept. Create ONE transparent RGBA game ground decal woodland_litter_a-v1. Project images are colour/paint style references only. Subject: one small asymmetric low patch of muted russet-brown fallen leaf litter with a little dark olive moss, only three or four broad leaf shapes, flat ground decal. Southern England medieval countryside natural ground feature. This decal is scattered over a separately rendered texture, therefore NOT a rectangular terrain tile, NOT a scene or enclosed island. 2:1 isometric ground plane with almost no height. Muted natural low saturation colours matching project references. Soft top-left daylight, no long shadow, no strong black outline. Hand painted concise broad masses that remain readable at tiny display scale, no photoreal grain or speckled dots. Target canvas 64x48px with transparent8px margin all sides, bottom-centre ground anchor(32,40); artwork occupies at most 48x32. True alpha transparency, no background fill, no text, labels, numbers, border or grid. One single unique composition, not a sprite sheet. No buildings, animals or people.","grass.png; forest_floor.png","not exposed","1","Alpha bounding-box crop (258,342,945,388); one high-quality downsample into 64x48 at (8,20,48,20); bottom-center pivot 32,40; enforce 8px transparent margin; 2px transparent RGB bleed. No procedural art or recolor.","AB_2026-09-19_v1","S_England_1300_1450_v1","Astra Wave22 rework","candidate only; no game installation","candidate","One native candidate; large distinctive subject silhouette and restrained project palette; final scale reviewed in contact sheet.; decal"
"decals/woodland_litter_b-v1","v1","decals/woodland_litter_b-v1.png","53f1e78a31f232f606debd0048ef5d78edbd1163d9e2a361e949f22f622206f5","/Users/rexxa/Library/Application Support/orca/codex-accounts/54be5844-95fd-4c46-925c-75327ccd186a/home/generated_images/01a0e14e-f8f5-7802-b94e-021c4f4a0d8d/exec-f9ecc2a5-a1b2-4091-9ceb-dc86cbd55e54.png","e1c5fc4e0f44c44cfbda361e3b8126fb48ceba92204674393c5fdc6fe76ec572","Native image_gen; JS Canvas/PNG mechanical normalization","not displayed","2026-09-27T05:31:07.018Z","ATTEMPT 1
Use case: stylized-concept. Create ONE transparent RGBA game ground decal woodland_litter_b-v1. Project images are colour/paint style references only. Subject: two unequal low clusters of tan brown fallen leaves and subdued olive moss with transparent gap between, broad readable leaf clumps, flat ground decal. Southern England medieval countryside natural ground feature. This decal is scattered over a separately rendered texture, therefore NOT a rectangular terrain tile, NOT a scene or enclosed island. 2:1 isometric ground plane with almost no height. Muted natural low saturation colours matching project references. Soft top-left daylight, no long shadow, no strong black outline. Hand painted concise broad masses that remain readable at tiny display scale, no photoreal grain or speckled dots. Target canvas 96x64px with transparent8px margin all sides, bottom-centre ground anchor(48,56); artwork occupies at most 80x48. True alpha transparency, no background fill, no text, labels, numbers, border or grid. One single unique composition, not a sprite sheet. No buildings, animals or people.","grass.png; forest_floor.png","not exposed","1","Alpha bounding-box crop (88,195,1380,635); one high-quality downsample into 96x64 at (8,19,80,37); bottom-center pivot 48,56; enforce 8px transparent margin; 2px transparent RGB bleed. No procedural art or recolor.","AB_2026-09-19_v1","S_England_1300_1450_v1","Astra Wave22 rework","candidate only; no game installation","candidate","One native candidate; large distinctive subject silhouette and restrained project palette; final scale reviewed in contact sheet.; decal"
"decals/woodland_litter_c-v1","v1","decals/woodland_litter_c-v1.png","73ce5fd24d3236e77c32d0360c4d62ec59f332d074618d2f1c1538b0f69cf8da","/Users/rexxa/Library/Application Support/orca/codex-accounts/54be5844-95fd-4c46-925c-75327ccd186a/home/generated_images/01a0e14e-f8f5-7802-b94e-021c4f4a0d8d/exec-54696c08-a9cc-4383-95a2-c3f4d30d2dc5.png","f9eae0c0eec333eae7c881a59f7ea3c354780681e4d4a62cbbda34271c46b7c8","Native image_gen; JS Canvas/PNG mechanical normalization","not displayed","2026-09-27T05:31:47.585Z","ATTEMPT 1
Use case: stylized-concept. Create ONE transparent RGBA game ground decal woodland_litter_c-v1. Project images are colour/paint style references only. Subject: a low spreading curved trail of muted ochre-brown leaf litter with three moss cushions and exposed dark earth gaps, asymmetric branching footprint, flat ground decal. Southern England medieval countryside natural ground feature. This decal is scattered over a separately rendered texture, therefore NOT a rectangular terrain tile, NOT a scene or enclosed island. 2:1 isometric ground plane with almost no height. Muted natural low saturation colours matching project references. Soft top-left daylight, no long shadow, no strong black outline. Hand painted concise broad masses that remain readable at tiny display scale, no photoreal grain or speckled dots. Target canvas 128x96px with transparent8px margin all sides, bottom-centre ground anchor(64,88); artwork occupies at most 112x80. True alpha transparency, no background fill, no text, labels, numbers, border or grid. One single unique composition, not a sprite sheet. No buildings, animals or people.","grass.png; forest_floor.png","not exposed","1","Alpha bounding-box crop (112,156,1266,749); one high-quality downsample into 128x96 at (8,22,112,66); bottom-center pivot 64,88; enforce 8px transparent margin; 2px transparent RGB bleed. No procedural art or recolor.","AB_2026-09-19_v1","S_England_1300_1450_v1","Astra Wave22 rework","candidate only; no game installation","candidate","One native candidate; large distinctive subject silhouette and restrained project palette; final scale reviewed in contact sheet.; decal"
"shore/sand_beach_a-v2","v2","shore/sand_beach_a-v2.png","7c41101fb27f3fd1df809e627f53aa2fdd62d13570d6da1d7f46bba7fdef58ac","/Users/rexxa/Library/Application Support/orca/codex-accounts/54be5844-95fd-4c46-925c-75327ccd186a/home/generated_images/01a0d17d-1c31-7cf2-8b1e-99595160009b/exec-5d0a6958-2686-46e9-a7b3-ce0343eec599.png","b3cc4f901e9187978a579efc2750949d902a6bbddcd3eb4aeab3ce504397e69c","native image_gen","not exposed","2026-09-27T05:22:29.394Z","ATTEMPT 1
Use case: precise-object-edit. Edit target image1 is project's sand_beach_a-v1. Image2 is accepted sand_beach_b-v1 style and irregularity reference. Make ONE replacement strip road-independent shoreline sand_beach_a-v2, flat topdown 512x96 final asset, horizontal X repetition ONLY, full width, transparent top and bottom 8px blank plus inner soft material alpha fringe. Preserve muted olive land on top, warm sand middle, grey teal water below, same vertical width/values/brush density as accepted B. REPLACE regular scalloped sine-wave shoreline with natural asymmetric shoreline: unevenly spaced shallow incisions, one long almost-straight angled reach, a short narrow spit, varied curve radii; no repeating rhythmic identical waves or scallops. Do not make large deep bays exceeding current sandband thickness. Left and right endpoints seamless in colour and contour with same height. Painterly soft broad understated shore shapes matching project, no micro sand speckles, no stones/trees/objects/text/watermark/grid, no long shadows. True transparent PNG, a single full-length strip not a sheet, no perspective/isometric tilt.","sand_beach_a-v1.png; sand_beach_b-v1.png","not exposed","1","Alpha-supported Y crop; one high-quality resample to full-width strip interior; 8px clear Y margins plus inner 8px alpha fade; 24px X endpoint cross-blend, exact endpoint RGBA equality. No generated art drawn by code.","AB_2026-09-19_v1","S_England_1300_1450_v1","Astra Wave22 rework","candidate only; no game installation","candidate","Irregular asymmetric beach profile replacing regular scallops.; strip"
