assetId,version,runtimePath,runtimeSha256,sourcePath,sourceSha256,tool,model,generatedAt,prompt,referenceInputs,seed,candidates,manualEdits,artBible,historicalProfile,owner,usedIn,status,notes
actor_builder,v1,public/assets/runtime-actors-v1/actor_builder-v1.png,8630e8a3a73cea100a55fc20f66a50d7e1db8edd98e005d6f30b78492ea19070,docs/asset-evidence/runtime-sources/runtime-actors-v1/actor_builder-v1.png,bc55470f88ab76c263e6e559ffcd4c1ecefbb114382a1763f5da485c5f46a95c,unknown,unknown,unknown,unknown,unknown,,,scripted downscale source→runtime (scripts/downscaleRuntimeAssets.py); earlier hand edits unknown,unknown,unknown,unknown,unknown,runtime,Source archived pre-downscale original; scripts/downscaleRuntimeAssets.py records both hashes. No prompt/tool record with a matching hash was found in the repository for this family.
actor_carter,v1,public/assets/runtime-actors-v1/actor_carter-v1.png,bb3aeea0ef2637d96d449961bb566904a2fd544f617a1ae847e8bc66a9d054bc,docs/asset-evidence/runtime-sources/runtime-actors-v1/actor_carter-v1.png,f488cc44fa40e1ae8e96f1a1801e42c81f6676f7bd43dee0e6facd4145b13eeb,unknown,unknown,unknown,unknown,unknown,,,scripted downscale source→runtime (scripts/downscaleRuntimeAssets.py); earlier hand edits unknown,unknown,unknown,unknown,unknown,runtime,Source archived pre-downscale original; scripts/downscaleRuntimeAssets.py records both hashes. No prompt/tool record with a matching hash was found in the repository for this family.
actor_civilian_man,v1,public/assets/runtime-actors-v1/actor_civilian_man-v1.png,6af57236a7983a58a37378a36c6312fe4db6aca4163b85b9e44d37bea3949269,docs/asset-evidence/runtime-sources/runtime-actors-v1/actor_civilian_man-v1.png,a2a9bc625bd590a66a4efb75d0ece0e3fdf125d748ab1b9e001cdbafd4e1cdb8,unknown,unknown,unknown,unknown,unknown,,,scripted downscale source→runtime (scripts/downscaleRuntimeAssets.py); earlier hand edits unknown,unknown,unknown,unknown,unknown,runtime,Source archived pre-downscale original; scripts/downscaleRuntimeAssets.py records both hashes. No prompt/tool record with a matching hash was found in the repository for this family.
actor_civilian_woman,v1,public/assets/runtime-actors-v1/actor_civilian_woman-v1.png,823e3c51dbbcecfc695d1c28c0220677757a888a04b90dbfe491ead5242a15fb,docs/asset-evidence/runtime-sources/runtime-actors-v1/actor_civilian_woman-v1.png,e47bcb380ba57e2cf2440fd191cfcde9bba711d85b93131b0f73c00ac3ed6cd8,unknown,unknown,unknown,unknown,unknown,,,scripted downscale source→runtime (scripts/downscaleRuntimeAssets.py); earlier hand edits unknown,unknown,unknown,unknown,unknown,runtime,Source archived pre-downscale original; scripts/downscaleRuntimeAssets.py records both hashes. No prompt/tool record with a matching hash was found in the repository for this family.
actor_cleric,v3,public/assets/runtime-actors-v1/actor_cleric-v3.png,dd4d71fee131a3ba84148fabe2ac67dd6a1db46d509f8fc5c83b2450749bfeb0,docs/asset-evidence/runtime-sources/runtime-actors-v1/actor_cleric-v3.png,9bf25a1704562da88c2dfa742976e32db70f88c1f2a5b6557a21c2f1427907c1,unknown,unknown,unknown,unknown,unknown,,,scripted downscale source→runtime (scripts/downscaleRuntimeAssets.py); earlier hand edits unknown,unknown,unknown,unknown,unknown,runtime,Source archived pre-downscale original; scripts/downscaleRuntimeAssets.py records both hashes. No prompt/tool record with a matching hash was found in the repository for this family.
actor_farmer,v1,public/assets/runtime-actors-v1/actor_farmer-v1.png,20a96ae1dcc00f4b1338674d50b613714e96f27ca0383b8309e7accff64a9dc8,docs/asset-evidence/runtime-sources/runtime-actors-v1/actor_farmer-v1.png,1c9cc2f988bcd91471c25458ceea02c010c1ccf8a7a97efd2bb6694f7af8f6b3,unknown,unknown,unknown,unknown,unknown,,,scripted downscale source→runtime (scripts/downscaleRuntimeAssets.py); earlier hand edits unknown,unknown,unknown,unknown,unknown,runtime,Source archived pre-downscale original; scripts/downscaleRuntimeAssets.py records both hashes. No prompt/tool record with a matching hash was found in the repository for this family.
actor_guard,v1,public/assets/runtime-actors-v1/actor_guard-v1.png,e941990c59eba4628c1d75fb55cea3586774a2032b369fae02c2a4c35b275328,docs/asset-evidence/runtime-sources/runtime-actors-v1/actor_guard-v1.png,a08239057c37a01497ba5aa252700f91e8305f976395e774cb6a3c9cbcb5e024,unknown,unknown,unknown,unknown,unknown,,,scripted downscale source→runtime (scripts/downscaleRuntimeAssets.py); earlier hand edits unknown,unknown,unknown,unknown,unknown,runtime,Source archived pre-downscale original; scripts/downscaleRuntimeAssets.py records both hashes. No prompt/tool record with a matching hash was found in the repository for this family.
actor_logger,v1,public/assets/runtime-actors-v1/actor_logger-v1.png,df762e1b9cae330cbbefa7430eda08a31dcdff22c4a6ae481390e0e955e7c8f2,docs/asset-evidence/runtime-sources/runtime-actors-v1/actor_logger-v1.png,de8482770b9e0270bd743bf278618e502fbd2a9241dd0ac5d9f6c32446a48c60,unknown,unknown,unknown,unknown,unknown,,,scripted downscale source→runtime (scripts/downscaleRuntimeAssets.py); earlier hand edits unknown,unknown,unknown,unknown,unknown,runtime,Source archived pre-downscale original; scripts/downscaleRuntimeAssets.py records both hashes. No prompt/tool record with a matching hash was found in the repository for this family.
actor_merchant,v1,public/assets/runtime-actors-v1/actor_merchant-v1.png,e98944098ec68531d60bb25f340ec86cf8e2d3b721a92cddad38c0e4d33e2cba,docs/asset-evidence/runtime-sources/runtime-actors-v1/actor_merchant-v1.png,66967eef9aaf54c341258740e99567ca2c106fae7ddfb01e25da9c784bc62836,unknown,unknown,unknown,unknown,unknown,,,scripted downscale source→runtime (scripts/downscaleRuntimeAssets.py); earlier hand edits unknown,unknown,unknown,unknown,unknown,runtime,Source archived pre-downscale original; scripts/downscaleRuntimeAssets.py records both hashes. No prompt/tool record with a matching hash was found in the repository for this family.
barn,v1,public/assets/buildings/barn.png,cf600bf15c6c1c722399acdd687dadb3300e4f52f5dc87b44d988b0ad6eb96b4,docs/asset-evidence/accepted-art/sources/barn.png,10216797d2fd6ad38d876897636e0cab11dbd383c1257da581d83bd09b6dd7ef,scripts/installAcceptedArt.mjs (accepted-art pipeline),unknown,unknown,unknown,unknown,,,unknown,unknown,unknown,unknown,unknown,runtime,docs/asset-evidence/accepted-art/README.md: sourced from the sibling feudal-lord-simulator/output directory via scripts/installAcceptedArt.mjs; no prompt/seed retained for accepted-art sources.
bread,v1,public/assets/runtime-icons-v1/bread.png,d62c61a2696f309354c47bf7095dbf35d459f4fe13edfb44315c1564e29e8c85,unknown,unknown,unknown,unknown,unknown,unknown,unknown,,,unknown,unknown,unknown,unknown,unknown,runtime,No matching evidence record found by any resolution rule; treat as unknown until archived source material is located.
bridge_stone_ne_sw,v2,public/assets/complete-art-v1/water-bridges/bridge_stone_ne_sw-v2.png,af2971f17e217432866bdfaad5c435e17a8a7c116438fa59eaf931ca133db3de,docs/asset-evidence/runtime-sources/complete-art-v1/water-bridges/bridge_stone_ne_sw-v2.png,ed2c432db786c9d539e1057be209bb35750a49f3776644b2adf3550785896d50,unknown,unknown,unknown,unknown,unknown,,,scripted downscale source→runtime (scripts/downscaleRuntimeAssets.py); earlier hand edits unknown,unknown,unknown,unknown,unknown,runtime,Source archived pre-downscale original; scripts/downscaleRuntimeAssets.py records both hashes. No prompt/tool record with a matching hash was found in the repository for this family.
bridge_stone_nw_se,v2,public/assets/complete-art-v1/water-bridges/bridge_stone_nw_se-v2.png,071b667eddc1cd29a1d1b093795a87f3ad49be44d22627cf2940d68ca217655f,docs/asset-evidence/runtime-sources/complete-art-v1/water-bridges/bridge_stone_nw_se-v2.png,bacd35ded05a61860d7dd6af70d318008b71922881af62b7fbb65c55e46356d9,unknown,unknown,unknown,unknown,unknown,,,scripted downscale source→runtime (scripts/downscaleRuntimeAssets.py); earlier hand edits unknown,unknown,unknown,unknown,unknown,runtime,Source archived pre-downscale original; scripts/downscaleRuntimeAssets.py records both hashes. No prompt/tool record with a matching hash was found in the repository for this family.
bridge_wood_ne_sw,v2,public/assets/complete-art-v1/water-bridges/bridge_wood_ne_sw-v2.png,2d793577d5b622e8f4e3989664aa878f02314faeb2a070a7169ccaf517eb5e74,docs/asset-evidence/runtime-sources/complete-art-v1/water-bridges/bridge_wood_ne_sw-v2.png,ab0b3ed257ade583dcf031efcff931c509b11f5fb2f9b71d0a7db01876edb63a,unknown,unknown,unknown,unknown,unknown,,,scripted downscale source→runtime (scripts/downscaleRuntimeAssets.py); earlier hand edits unknown,unknown,unknown,unknown,unknown,runtime,Source archived pre-downscale original; scripts/downscaleRuntimeAssets.py records both hashes. No prompt/tool record with a matching hash was found in the repository for this family.
bridge_wood_nw_se,v2,public/assets/complete-art-v1/water-bridges/bridge_wood_nw_se-v2.png,d2eb498ce4a07b2a2117f140181fd1cdf7cad7848e3226784700de67ae76f6f3,docs/asset-evidence/runtime-sources/complete-art-v1/water-bridges/bridge_wood_nw_se-v2.png,8e7c4dba4dd208c5b874efd77f8e876f7c29154f16aefe9292356cc70bb38378,unknown,unknown,unknown,unknown,unknown,,,scripted downscale source→runtime (scripts/downscaleRuntimeAssets.py); earlier hand edits unknown,unknown,unknown,unknown,unknown,runtime,Source archived pre-downscale original; scripts/downscaleRuntimeAssets.py records both hashes. No prompt/tool record with a matching hash was found in the repository for this family.
cart_hand,v4,public/assets/runtime-actors-v1/cart_hand-v4.png,e32522862491eb85317c089c61c291189837fd92042b8329b840d20e0e62f2e2,docs/asset-evidence/runtime-sources/runtime-actors-v1/cart_hand-v4.png,8b9101a008254bce9878a9791ffc9be06e90adb819393b71926f61acc3bd359e,unknown,unknown,unknown,unknown,unknown,,,scripted downscale source→runtime (scripts/downscaleRuntimeAssets.py); earlier hand edits unknown,unknown,unknown,unknown,unknown,runtime,Source archived pre-downscale original; scripts/downscaleRuntimeAssets.py records both hashes. No prompt/tool record with a matching hash was found in the repository for this family.
cart_ox,v3,public/assets/runtime-actors-v1/cart_ox-v3.png,ce46f3ad9c7b229bc7df5facea8c2d073c81abd73de020028347766969df15af,docs/asset-evidence/runtime-sources/runtime-actors-v1/cart_ox-v3.png,b3b8626bee47b092137beaa4e8c07ed92122c0c05add8b3efccd7bd5b4f2bceb,unknown,unknown,unknown,unknown,unknown,,,scripted downscale source→runtime (scripts/downscaleRuntimeAssets.py); earlier hand edits unknown,unknown,unknown,unknown,unknown,runtime,Source archived pre-downscale original; scripts/downscaleRuntimeAssets.py records both hashes. No prompt/tool record with a matching hash was found in the repository for this family.
chapel,v2,public/assets/buildings/historical-facilities-v1/chapel-v2.png,0876420e8bdf69828b860d3ef808dc6fa22b5f3ac789afe087408391e8e60a87,docs/asset-evidence/runtime-sources/buildings/historical-facilities-v1/chapel-v2.png,f63aaf03643a8d49236efde29f62821ecbc6934b680d0f7e6387134952202ba6,unknown,unknown,unknown,unknown,unknown,,,scripted downscale source→runtime (scripts/downscaleRuntimeAssets.py); earlier hand edits unknown,unknown,unknown,unknown,unknown,runtime,Source archived pre-downscale original; scripts/downscaleRuntimeAssets.py records both hashes. No prompt/tool record with a matching hash was found in the repository for this family.
church,v1,public/assets/buildings/church.png,d327800532a7ef826537530b89f4087d2a4d58b4015fbb9e44183f67facc1075,unknown,unknown,"scripts/generateBuildingCandidates.py (seed/candidate selection, no archived original)",unknown,unknown,unknown,unknown,71300015,candidate 1 selected (see docs/asset-evidence/phase13WorldRelease.json),unknown,unknown,unknown,unknown,unknown,runtime,"README/world_asset_manifest.json record only a seed/candidate index (seed 71300015, candidate 1); no archived original bytes or prompt text for this exact candidate were found in the repository."
church,v2,public/assets/buildings/historical-facilities-v1/church-v2.png,29da562122604d0a324e9be5269558f91781828046bab8cbfe82b16e7e973880,docs/asset-evidence/runtime-sources/buildings/historical-facilities-v1/church-v2.png,67d46668f7cb601d2a3ac13ea4f291c9946e28cf25f8ec6c9d5a40f1a5eb47ae,unknown,unknown,unknown,unknown,unknown,,,scripted downscale source→runtime (scripts/downscaleRuntimeAssets.py); earlier hand edits unknown,unknown,unknown,unknown,unknown,runtime,Source archived pre-downscale original; scripts/downscaleRuntimeAssets.py records both hashes. No prompt/tool record with a matching hash was found in the repository for this family.
coin,v1,public/assets/runtime-icons-v1/coin.png,84e740adb89d7fdbf45c104b2ad08f52144d35ea6a3cedc95205df636c8dbc5b,unknown,unknown,unknown,unknown,unknown,unknown,unknown,,,unknown,unknown,unknown,unknown,unknown,runtime,No matching evidence record found by any resolution rule; treat as unknown until archived source material is located.
condition_decals,v3,public/assets/runtime-construction-v1/condition_decals-v3.png,25718b6aa81d356632b57d68e8247c581adc6a90c8f74a215a1b8182cd75bc1e,docs/asset-evidence/runtime-sources/runtime-construction-v1/condition_decals-v3.png,083ad4569fe13fed19e71eff0d4aa701bc78f8ee8d53471c35a83b4e8e9ee5d6,unknown,unknown,unknown,unknown,unknown,,,scripted downscale source→runtime (scripts/downscaleRuntimeAssets.py); earlier hand edits unknown,unknown,unknown,unknown,unknown,runtime,Source archived pre-downscale original; scripts/downscaleRuntimeAssets.py records both hashes. No prompt/tool record with a matching hash was found in the repository for this family.
construction_foundation,v1,public/assets/runtime-construction-v1/construction_foundation-v1.png,3e41e139cbaec9c26f30a82c5fdd953c360f69589650aae1582d93fe6ea5399f,docs/asset-evidence/runtime-sources/runtime-construction-v1/construction_foundation-v1.png,04aca61715c58ee6a2421270ba3efc6e1a43a61600f65b6811eb89a9f845284e,unknown,unknown,unknown,unknown,unknown,,,scripted downscale source→runtime (scripts/downscaleRuntimeAssets.py); earlier hand edits unknown,unknown,unknown,unknown,unknown,runtime,Source archived pre-downscale original; scripts/downscaleRuntimeAssets.py records both hashes. No prompt/tool record with a matching hash was found in the repository for this family.
construction_roof_frame,v1,public/assets/runtime-construction-v1/construction_roof_frame-v1.png,fc628275cdfd75463ded0e9c53c7a3acfeab3178ab5eb45aaa1866ae69a26893,docs/asset-evidence/runtime-sources/runtime-construction-v1/construction_roof_frame-v1.png,b8d0d142aad8f6c8b7a52065f01ad5316d8f95c434707dc020e2621487a8df39,unknown,unknown,unknown,unknown,unknown,,,scripted downscale source→runtime (scripts/downscaleRuntimeAssets.py); earlier hand edits unknown,unknown,unknown,unknown,unknown,runtime,Source archived pre-downscale original; scripts/downscaleRuntimeAssets.py records both hashes. No prompt/tool record with a matching hash was found in the repository for this family.
construction_salvage,v3,public/assets/runtime-construction-v1/construction_salvage-v3.png,3cfba49e67af9e054ef7b4ebe925be1887c23552a52478617caa45fc286bf8d3,docs/asset-evidence/runtime-sources/runtime-construction-v1/construction_salvage-v3.png,905fb252701cc8f781ed6ce1ef6f5ba38f82a1cd4ce1ff9dd60db1298d91b960,unknown,unknown,unknown,unknown,unknown,,,scripted downscale source→runtime (scripts/downscaleRuntimeAssets.py); earlier hand edits unknown,unknown,unknown,unknown,unknown,runtime,Source archived pre-downscale original; scripts/downscaleRuntimeAssets.py records both hashes. No prompt/tool record with a matching hash was found in the repository for this family.
construction_scaffold,v2,public/assets/runtime-construction-v1/construction_scaffold-v2.png,15806052ffb9cb74cb1db9d7c03c6de8780ad00f19a5250c40a3213150514191,docs/asset-evidence/runtime-sources/runtime-construction-v1/construction_scaffold-v2.png,b72f1d15b255166bca873ecd1ac11cf3f7899ced27d1641d9f4ef1e19f260666,unknown,unknown,unknown,unknown,unknown,,,scripted downscale source→runtime (scripts/downscaleRuntimeAssets.py); earlier hand edits unknown,unknown,unknown,unknown,unknown,runtime,Source archived pre-downscale original; scripts/downscaleRuntimeAssets.py records both hashes. No prompt/tool record with a matching hash was found in the repository for this family.
construction_timber_frame,v2,public/assets/runtime-construction-v1/construction_timber_frame-v2.png,75d39a022a0a22d9bd4319787792fc13e4d8ac7064b03fb18c6c623bc3c9d0e1,docs/asset-evidence/runtime-sources/runtime-construction-v1/construction_timber_frame-v2.png,272ce244175f265ef61e07d4f2d960611ca58f7c515b54cd50c543b3d8a467dd,unknown,unknown,unknown,unknown,unknown,,,scripted downscale source→runtime (scripts/downscaleRuntimeAssets.py); earlier hand edits unknown,unknown,unknown,unknown,unknown,runtime,Source archived pre-downscale original; scripts/downscaleRuntimeAssets.py records both hashes. No prompt/tool record with a matching hash was found in the repository for this family.
construction_wall,v2,public/assets/runtime-construction-v1/construction_wall-v2.png,3de7c8c6a53a10642a067388aea876624361d1ab7502d615edaa715ab0ac1804,docs/asset-evidence/runtime-sources/runtime-construction-v1/construction_wall-v2.png,00ed31473125442ac1696beea83cabc93e6ebd66a5584c642e358fd55e252bec,unknown,unknown,unknown,unknown,unknown,,,scripted downscale source→runtime (scripts/downscaleRuntimeAssets.py); earlier hand edits unknown,unknown,unknown,unknown,unknown,runtime,Source archived pre-downscale original; scripts/downscaleRuntimeAssets.py records both hashes. No prompt/tool record with a matching hash was found in the repository for this family.
crop_growing,v1,public/assets/buildings/historical-farm/layers/crop_growing-v1.png,3c77670208e21b38e9764a5d532de312222340ab571586017d6022b2c70c5f9b,docs/asset-evidence/runtime-sources/buildings/historical-farm/layers/crop_growing-v1.png,95b63bd4dcdf367ccb1b785a5627c95d807b60352b6d1fe0fa54c6ae8c066377,unknown,unknown,unknown,unknown,unknown,,,scripted downscale source→runtime (scripts/downscaleRuntimeAssets.py); earlier hand edits unknown,unknown,unknown,unknown,unknown,runtime,Source archived pre-downscale original; scripts/downscaleRuntimeAssets.py records both hashes. No prompt/tool record with a matching hash was found in the repository for this family.
crop_ripe,v1,public/assets/buildings/historical-farm/layers/crop_ripe-v1.png,c18aef1deec7e6ad6e19cf6f4422dc00a3c753d870a2c412384407a50ff2551c,docs/asset-evidence/runtime-sources/buildings/historical-farm/layers/crop_ripe-v1.png,cd9d1e29526d7e4696f63447a9333b40659213509cf5f79f7e70781f99938dec,unknown,unknown,unknown,unknown,unknown,,,scripted downscale source→runtime (scripts/downscaleRuntimeAssets.py); earlier hand edits unknown,unknown,unknown,unknown,unknown,runtime,Source archived pre-downscale original; scripts/downscaleRuntimeAssets.py records both hashes. No prompt/tool record with a matching hash was found in the repository for this family.
crop_seedling,v1,public/assets/buildings/historical-farm/layers/crop_seedling-v1.png,d0e9af0b93b21c79c0888b77333c57fb95ff6ba7fbd00dc28d1818a721e86ce3,docs/asset-evidence/runtime-sources/buildings/historical-farm/layers/crop_seedling-v1.png,bd8531bf8860099a97a400a8db3fc69f7c3dbe4e07ebbe828901041190f3c00a,unknown,unknown,unknown,unknown,unknown,,,scripted downscale source→runtime (scripts/downscaleRuntimeAssets.py); earlier hand edits unknown,unknown,unknown,unknown,unknown,runtime,Source archived pre-downscale original; scripts/downscaleRuntimeAssets.py records both hashes. No prompt/tool record with a matching hash was found in the repository for this family.
effect_dust,v1,public/assets/runtime-construction-v1/effect_dust-v1.png,4138400489af151923f0edb00af9e7e71eda9fb80111447e86af43d74ed8d476,docs/asset-evidence/runtime-sources/runtime-construction-v1/effect_dust-v1.png,525df5f824535136edbbafcdce402be1335a0ee8234b8a3d33f5fea86398f31a,unknown,unknown,unknown,unknown,unknown,,,scripted downscale source→runtime (scripts/downscaleRuntimeAssets.py); earlier hand edits unknown,unknown,unknown,unknown,unknown,runtime,Source archived pre-downscale original; scripts/downscaleRuntimeAssets.py records both hashes. No prompt/tool record with a matching hash was found in the repository for this family.
effect_smoke,v1,public/assets/runtime-construction-v1/effect_smoke-v1.png,d90f405adac63962bab366599c7d206803b972130aa369e5852f956fddf18b87,docs/asset-evidence/runtime-sources/runtime-construction-v1/effect_smoke-v1.png,f8769754aed607217776554372397b6e764f50591aeb33b66cd6d9ee1fb0168c,unknown,unknown,unknown,unknown,unknown,,,scripted downscale source→runtime (scripts/downscaleRuntimeAssets.py); earlier hand edits unknown,unknown,unknown,unknown,unknown,runtime,Source archived pre-downscale original; scripts/downscaleRuntimeAssets.py records both hashes. No prompt/tool record with a matching hash was found in the repository for this family.
field_stone,v1,public/assets/foliage/field_stone.png,6676cc085afbdf03b3d884da449878914361674283f398e277eb8eec8f887aaf,docs/asset-evidence/accepted-art/sources/field_stone.png,253909dbb4b4e7d6e5f60501f2dc4082c97a9311f4f53e2edfc14694cdf11fba,scripts/installAcceptedArt.mjs (accepted-art pipeline),unknown,unknown,unknown,unknown,,,unknown,unknown,unknown,unknown,unknown,runtime,docs/asset-evidence/accepted-art/README.md: sourced from the sibling feudal-lord-simulator/output directory via scripts/installAcceptedArt.mjs; no prompt/seed retained for accepted-art sources.
ford_gravel,v1,public/assets/complete-art-v1/water-bridges/ford_gravel-v1.png,27afdc92506293b707177dce0d51172b0c03b2b3e8e5fc488306586e39d95b4d,docs/asset-evidence/runtime-sources/complete-art-v1/water-bridges/ford_gravel-v1.png,5e4eee9401dc8876f06175031d09b6376f887280ba5444c73367ab9e20e4516c,unknown,unknown,unknown,unknown,unknown,,,scripted downscale source→runtime (scripts/downscaleRuntimeAssets.py); earlier hand edits unknown,unknown,unknown,unknown,unknown,runtime,Source archived pre-downscale original; scripts/downscaleRuntimeAssets.py records both hashes. No prompt/tool record with a matching hash was found in the repository for this family.
ford_stepping_stones,v1,public/assets/complete-art-v1/water-bridges/ford_stepping_stones-v1.png,4d2a0f2dcb050c5831b366409ca0924ccf90c4764f600e063381a3e62aa91b3c,docs/asset-evidence/runtime-sources/complete-art-v1/water-bridges/ford_stepping_stones-v1.png,ba4553a814cf86466e61a796282cd529fa960e559b39fcbd5314d6fafb4bf4a6,unknown,unknown,unknown,unknown,unknown,,,scripted downscale source→runtime (scripts/downscaleRuntimeAssets.py); earlier hand edits unknown,unknown,unknown,unknown,unknown,runtime,Source archived pre-downscale original; scripts/downscaleRuntimeAssets.py records both hashes. No prompt/tool record with a matching hash was found in the repository for this family.
forest_floor,v1,public/assets/terrain/forest_floor.png,dee8eb3c4c016f92ee212df5f5517a8c16a03e493e57b22a130fb74d347b3799,docs/asset-evidence/accepted-art/sources/forest_floor.png,f3c2eb4f32b3e4f6d3915a047389905d405d33db29602a5efee9a42be51d12c0,scripts/installAcceptedArt.mjs (accepted-art pipeline),unknown,unknown,unknown,unknown,,,unknown,unknown,unknown,unknown,unknown,runtime,docs/asset-evidence/accepted-art/README.md: sourced from the sibling feudal-lord-simulator/output directory via scripts/installAcceptedArt.mjs; no prompt/seed retained for accepted-art sources.
gate_part_doors_closed_ne_sw,v1,public/assets/buildings/historical-gate/gate_part_doors_closed_ne_sw-v1.png,ae221f13d11dd42cbdea324e9aafb01cc048c204d1da11b626736ba333086406,docs/asset-evidence/runtime-sources/buildings/historical-gate/gate_part_doors_closed_ne_sw-v1.png,c96702f0aced972dd96a44ad2fcf3b9ec2eea371409b78af9421781901d14fa6,unknown,unknown,unknown,unknown,unknown,,,scripted downscale source→runtime (scripts/downscaleRuntimeAssets.py); earlier hand edits unknown,unknown,unknown,unknown,unknown,runtime,Source archived pre-downscale original; scripts/downscaleRuntimeAssets.py records both hashes. No prompt/tool record with a matching hash was found in the repository for this family.
gate_part_doors_closed_nw_se,v1,public/assets/buildings/historical-gate/gate_part_doors_closed_nw_se-v1.png,c86942a37a903a5aab4bf2e57fbedc8afd3af6162e77965056bface4fc01a74a,docs/asset-evidence/runtime-sources/buildings/historical-gate/gate_part_doors_closed_nw_se-v1.png,5aca832bb3b69c6547358b8b2e11656b40edda9b8400610d4d987f96313b7483,unknown,unknown,unknown,unknown,unknown,,,scripted downscale source→runtime (scripts/downscaleRuntimeAssets.py); earlier hand edits unknown,unknown,unknown,unknown,unknown,runtime,Source archived pre-downscale original; scripts/downscaleRuntimeAssets.py records both hashes. No prompt/tool record with a matching hash was found in the repository for this family.
gate_part_doors_open_ne_sw,v1,public/assets/buildings/historical-gate/gate_part_doors_open_ne_sw-v1.png,71567324544551ad7149ea6b92e3207842ddf9d48d065c3b82ecb78d65f5c615,docs/asset-evidence/runtime-sources/buildings/historical-gate/gate_part_doors_open_ne_sw-v1.png,346ee8fa5e42064d0ac1fd9fb87fe71d8c913c4eed725c485fe14fcf4bdd59d2,unknown,unknown,unknown,unknown,unknown,,,scripted downscale source→runtime (scripts/downscaleRuntimeAssets.py); earlier hand edits unknown,unknown,unknown,unknown,unknown,runtime,Source archived pre-downscale original; scripts/downscaleRuntimeAssets.py records both hashes. No prompt/tool record with a matching hash was found in the repository for this family.
gate_part_doors_open_nw_se,v1,public/assets/buildings/historical-gate/gate_part_doors_open_nw_se-v1.png,93d29e8e79edb1ce6a625525469cca4c2e47010e6d2ba491b2f2fb5c05eb9c01,docs/asset-evidence/runtime-sources/buildings/historical-gate/gate_part_doors_open_nw_se-v1.png,b535c306f444e4dcf8fc2f864b8dc078989224b59ca9cb59cde9080564c3ed12,unknown,unknown,unknown,unknown,unknown,,,scripted downscale source→runtime (scripts/downscaleRuntimeAssets.py); earlier hand edits unknown,unknown,unknown,unknown,unknown,runtime,Source archived pre-downscale original; scripts/downscaleRuntimeAssets.py records both hashes. No prompt/tool record with a matching hash was found in the repository for this family.
gate_part_stone_arch_ne_sw,v1,public/assets/buildings/historical-gate/gate_part_stone_arch_ne_sw-v1.png,b158d96a3c39c132ff68857ace1f1a8e043a24756082973c6b0505e504ed820c,docs/asset-evidence/runtime-sources/buildings/historical-gate/gate_part_stone_arch_ne_sw-v1.png,42492d8521604e9c30ee55dfa3449cacb70b9b6029d2c5fa87c993f15a9cf4be,unknown,unknown,unknown,unknown,unknown,,,scripted downscale source→runtime (scripts/downscaleRuntimeAssets.py); earlier hand edits unknown,unknown,unknown,unknown,unknown,runtime,Source archived pre-downscale original; scripts/downscaleRuntimeAssets.py records both hashes. No prompt/tool record with a matching hash was found in the repository for this family.
gate_part_stone_arch_nw_se,v1,public/assets/buildings/historical-gate/gate_part_stone_arch_nw_se-v1.png,87617861532cd0491d6ea2daf8cf6b2ab0edd8dcc6b65806b18194c1e659065b,docs/asset-evidence/runtime-sources/buildings/historical-gate/gate_part_stone_arch_nw_se-v1.png,eb6883c9091f70d99096c88be4be0b658986468c1abcf82386d0aaab1c83872f,unknown,unknown,unknown,unknown,unknown,,,scripted downscale source→runtime (scripts/downscaleRuntimeAssets.py); earlier hand edits unknown,unknown,unknown,unknown,unknown,runtime,Source archived pre-downscale original; scripts/downscaleRuntimeAssets.py records both hashes. No prompt/tool record with a matching hash was found in the repository for this family.
gate_part_timber_frame_ne_sw,v1,public/assets/buildings/historical-gate/gate_part_timber_frame_ne_sw-v1.png,98912e97400276a5d9b19fe6ef016267be6ddb8c0a223c2fb498e64f5d916658,docs/asset-evidence/runtime-sources/buildings/historical-gate/gate_part_timber_frame_ne_sw-v1.png,cb897de2fbaaf9949f877e3aef69e0e8726fa66d059779aa95b59eddd5f862a8,unknown,unknown,unknown,unknown,unknown,,,scripted downscale source→runtime (scripts/downscaleRuntimeAssets.py); earlier hand edits unknown,unknown,unknown,unknown,unknown,runtime,Source archived pre-downscale original; scripts/downscaleRuntimeAssets.py records both hashes. No prompt/tool record with a matching hash was found in the repository for this family.
gate_part_timber_frame_nw_se,v1,public/assets/buildings/historical-gate/gate_part_timber_frame_nw_se-v1.png,256798da63b0ad52dbafda7b24c33828c090af332bb96a894fc7e98eac5d467b,docs/asset-evidence/runtime-sources/buildings/historical-gate/gate_part_timber_frame_nw_se-v1.png,57139155f1f42e802de41df04624bfb9b37001bb92a09b6e7690f1d6ff321d23,unknown,unknown,unknown,unknown,unknown,,,scripted downscale source→runtime (scripts/downscaleRuntimeAssets.py); earlier hand edits unknown,unknown,unknown,unknown,unknown,runtime,Source archived pre-downscale original; scripts/downscaleRuntimeAssets.py records both hashes. No prompt/tool record with a matching hash was found in the repository for this family.
grass_tuft,v1,public/assets/foliage/grass_tuft.png,ac9e17381d01aa38bbb5136730acbccdfebe2a9637423fa80c13fb1e146fc4d6,docs/asset-evidence/accepted-art/sources/grass_tuft.png,e3c5fbbfc7a48d55c80102459d94d3e76d0765d478eb28195d7bf6908b497913,scripts/installAcceptedArt.mjs (accepted-art pipeline),unknown,unknown,unknown,unknown,,,unknown,unknown,unknown,unknown,unknown,runtime,docs/asset-evidence/accepted-art/README.md: sourced from the sibling feudal-lord-simulator/output directory via scripts/installAcceptedArt.mjs; no prompt/seed retained for accepted-art sources.
grass,v1,public/assets/terrain/grass.png,8d5dde01bb3822d9934a44b3fab508ef21c6661c6a1eda87ba4acef585601288,docs/asset-evidence/accepted-art/sources/grass.png,f37f99a3a4f996c1cb3a41b38e0559c84ea4bc2acf45e4f75f017ffb21f6e86c,scripts/installAcceptedArt.mjs (accepted-art pipeline),unknown,unknown,unknown,unknown,,,unknown,unknown,unknown,unknown,unknown,runtime,docs/asset-evidence/accepted-art/README.md: sourced from the sibling feudal-lord-simulator/output directory via scripts/installAcceptedArt.mjs; no prompt/seed retained for accepted-art sources.
house_l0-neglected,v1,public/assets/phase16-house-condition/house_l0-neglected-v1.png,ef49a33ba9bd5e7734404f900137574c8d6c79425cacc40064cb3216cfc6b4f0,unknown,unknown,scripts/phase16Art.py (house body + generated condition-overlay composite),unknown,2026-09-20,unknown,"house_l0-v3.png (project-own, runtime asset)",,,scripted composite + downscale (scripts/phase16Art.py); earlier hand edits unknown,AB_2026-09-19_v1,S_England_1300_1450_v1,unknown,unknown,runtime,"Composite of existing house body (house_l0-v3.png, already listed as its own runtime asset row) plus a generated condition overlay, built by scripts/phase16Art.py. No archived file holds the intermediate composite, so sourcePath/sourceSha256 stay unknown rather than point at a file whose bytes would not match. The pre-downscale composite hash a4e9613d6ecde264bac64fa4c1e15cb5dad7e443b9e9b3745d8288982806ffbf is recorded in public/assets/phase16-house-condition/registration.json (see also runtimePath above) for reference."
house_l0-strained,v1,public/assets/phase16-house-condition/house_l0-strained-v1.png,89c39bb18904fb1e04dba130a103b08141502420d3d659e87abd4598972a07c4,unknown,unknown,scripts/phase16Art.py (house body + generated condition-overlay composite),unknown,2026-09-20,unknown,"house_l0-v3.png (project-own, runtime asset)",,,scripted composite + downscale (scripts/phase16Art.py); earlier hand edits unknown,AB_2026-09-19_v1,S_England_1300_1450_v1,unknown,unknown,runtime,"Composite of existing house body (house_l0-v3.png, already listed as its own runtime asset row) plus a generated condition overlay, built by scripts/phase16Art.py. No archived file holds the intermediate composite, so sourcePath/sourceSha256 stay unknown rather than point at a file whose bytes would not match. The pre-downscale composite hash 350aeaaecabbabf463b06167eb37a0e8888d067e86d6a98ebf75480c729ecbae is recorded in public/assets/phase16-house-condition/registration.json (see also runtimePath above) for reference."
house_l0-vacant,v1,public/assets/phase16-house-condition/house_l0-vacant-v1.png,69ce6c84af462014519a8150541aef30f84052a3191da7cd1078ab1c2d70f7a6,unknown,unknown,scripts/phase16Art.py (house body + generated condition-overlay composite),unknown,2026-09-20,unknown,"house_l0-v3.png (project-own, runtime asset)",,,scripted composite + downscale (scripts/phase16Art.py); earlier hand edits unknown,AB_2026-09-19_v1,S_England_1300_1450_v1,unknown,unknown,runtime,"Composite of existing house body (house_l0-v3.png, already listed as its own runtime asset row) plus a generated condition overlay, built by scripts/phase16Art.py. No archived file holds the intermediate composite, so sourcePath/sourceSha256 stay unknown rather than point at a file whose bytes would not match. The pre-downscale composite hash 4993359b1a04790b4788ca4a3798396da7714b5d56d3649bc9749e3ee2bd405b is recorded in public/assets/phase16-house-condition/registration.json (see also runtimePath above) for reference."
house_l0,v1,public/assets/buildings/house_l0.png,41f7e3998a42736acef3758d9deb6064bd255ff29b0e3f825635f47cc76166cd,docs/asset-evidence/accepted-art/sources/house_l0.png,d37eccb230ab7464cbced236cc05409bc8860cf27ad1b05b164c0ec9e14c1243,scripts/installAcceptedArt.mjs (accepted-art pipeline),unknown,unknown,unknown,unknown,,,unknown,unknown,unknown,unknown,unknown,runtime,docs/asset-evidence/accepted-art/README.md: sourced from the sibling feudal-lord-simulator/output directory via scripts/installAcceptedArt.mjs; no prompt/seed retained for accepted-art sources.
house_l0,v3,public/assets/buildings/historical-houses/house_l0-v3.png,fd1bfc4c4f79728490bf8a5c437bc4b9d78cad5ba97015f8ab83f4ebf21ecd09,docs/asset-evidence/runtime-sources/buildings/historical-houses/house_l0-v3.png,6a51abfea2b84e72a3764c4b50ec45668de9c61af660f04840c34bc1e9b9ef6e,unknown,unknown,unknown,unknown,unknown,,,scripted downscale source→runtime (scripts/downscaleRuntimeAssets.py); earlier hand edits unknown,unknown,unknown,unknown,unknown,runtime,Source archived pre-downscale original; scripts/downscaleRuntimeAssets.py records both hashes. No prompt/tool record with a matching hash was found in the repository for this family.
house_l1-neglected,v1,public/assets/phase16-house-condition/house_l1-neglected-v1.png,14f3daeaa4c8552cb5a75d54b6ee6b9327896ce359d4f2df917b499711161a71,unknown,unknown,scripts/phase16Art.py (house body + generated condition-overlay composite),unknown,2026-09-20,unknown,"house_l1-v2.png (project-own, runtime asset)",,,scripted composite + downscale (scripts/phase16Art.py); earlier hand edits unknown,AB_2026-09-19_v1,S_England_1300_1450_v1,unknown,unknown,runtime,"Composite of existing house body (house_l1-v2.png, already listed as its own runtime asset row) plus a generated condition overlay, built by scripts/phase16Art.py. No archived file holds the intermediate composite, so sourcePath/sourceSha256 stay unknown rather than point at a file whose bytes would not match. The pre-downscale composite hash 0b66a80434bd84f5cf8847d5bbf827ff57c683b2168ec77406f149f85946d03e is recorded in public/assets/phase16-house-condition/registration.json (see also runtimePath above) for reference."
house_l1-strained,v1,public/assets/phase16-house-condition/house_l1-strained-v1.png,355a0b2e97aa7bf28dd4b133f0f6a91cf74800c29d4b9213ada4d50ebb1e017a,unknown,unknown,scripts/phase16Art.py (house body + generated condition-overlay composite),unknown,2026-09-20,unknown,"house_l1-v2.png (project-own, runtime asset)",,,scripted composite + downscale (scripts/phase16Art.py); earlier hand edits unknown,AB_2026-09-19_v1,S_England_1300_1450_v1,unknown,unknown,runtime,"Composite of existing house body (house_l1-v2.png, already listed as its own runtime asset row) plus a generated condition overlay, built by scripts/phase16Art.py. No archived file holds the intermediate composite, so sourcePath/sourceSha256 stay unknown rather than point at a file whose bytes would not match. The pre-downscale composite hash cbd5099ff7e89d10673ed0b42d93ce33ee4d5d20c85a9a6e795c97a206942786 is recorded in public/assets/phase16-house-condition/registration.json (see also runtimePath above) for reference."
house_l1-vacant,v1,public/assets/phase16-house-condition/house_l1-vacant-v1.png,e39a26224b24aecc7a69886fbca24a56430b4ebcc0bbd6ae5904e579fa37ebba,unknown,unknown,scripts/phase16Art.py (house body + generated condition-overlay composite),unknown,2026-09-20,unknown,"house_l1-v2.png (project-own, runtime asset)",,,scripted composite + downscale (scripts/phase16Art.py); earlier hand edits unknown,AB_2026-09-19_v1,S_England_1300_1450_v1,unknown,unknown,runtime,"Composite of existing house body (house_l1-v2.png, already listed as its own runtime asset row) plus a generated condition overlay, built by scripts/phase16Art.py. No archived file holds the intermediate composite, so sourcePath/sourceSha256 stay unknown rather than point at a file whose bytes would not match. The pre-downscale composite hash d68d0b7110f89c2a5e1fcdeee6f1ff61eee035d0a817b4ca8ca96e315baad55e is recorded in public/assets/phase16-house-condition/registration.json (see also runtimePath above) for reference."
house_l1,v1,public/assets/buildings/house_l1.png,572eee6d139fc0f6e9c43b7555e8de77b4d7a28c5873ba3fd41a31b497e644df,docs/asset-evidence/accepted-art/sources/house_l1.png,06bb60c2361444d77c40804de31906888cf4c07b29b26b21394c78d93be276e0,scripts/installAcceptedArt.mjs (accepted-art pipeline),unknown,unknown,unknown,unknown,,,unknown,unknown,unknown,unknown,unknown,runtime,docs/asset-evidence/accepted-art/README.md: sourced from the sibling feudal-lord-simulator/output directory via scripts/installAcceptedArt.mjs; no prompt/seed retained for accepted-art sources.
house_l1,v2,public/assets/buildings/historical-houses/house_l1-v2.png,84424c358a5434821146ab7c8c260b3ad807595fface5018aff6b6211f2cd3ac,docs/asset-evidence/runtime-sources/buildings/historical-houses/house_l1-v2.png,58d9f6e465f4e34e6f5b1ecf6bcbdc5953f8f76f166a42ec4ca567f2e1cff6a4,unknown,unknown,unknown,unknown,unknown,,,scripted downscale source→runtime (scripts/downscaleRuntimeAssets.py); earlier hand edits unknown,unknown,unknown,unknown,unknown,runtime,Source archived pre-downscale original; scripts/downscaleRuntimeAssets.py records both hashes. No prompt/tool record with a matching hash was found in the repository for this family.
house_l2-neglected,v1,public/assets/phase16-house-condition/house_l2-neglected-v1.png,848a4359f4b4f4c1dc2115c0169e5c114481895cce765de69dace837d546c850,unknown,unknown,scripts/phase16Art.py (house body + generated condition-overlay composite),unknown,2026-09-20,unknown,"house_l2-v2.png (project-own, runtime asset)",,,scripted composite + downscale (scripts/phase16Art.py); earlier hand edits unknown,AB_2026-09-19_v1,S_England_1300_1450_v1,unknown,unknown,runtime,"Composite of existing house body (house_l2-v2.png, already listed as its own runtime asset row) plus a generated condition overlay, built by scripts/phase16Art.py. No archived file holds the intermediate composite, so sourcePath/sourceSha256 stay unknown rather than point at a file whose bytes would not match. The pre-downscale composite hash da4dc761580807e518ab67e25bd4c8f535af02c2358349d797ba90c5065d9d0c is recorded in public/assets/phase16-house-condition/registration.json (see also runtimePath above) for reference."
house_l2-strained,v1,public/assets/phase16-house-condition/house_l2-strained-v1.png,6d0513755750f62251c9412b0a54c624e27ca2261133e4830f3e7b5404b0105e,unknown,unknown,scripts/phase16Art.py (house body + generated condition-overlay composite),unknown,2026-09-20,unknown,"house_l2-v2.png (project-own, runtime asset)",,,scripted composite + downscale (scripts/phase16Art.py); earlier hand edits unknown,AB_2026-09-19_v1,S_England_1300_1450_v1,unknown,unknown,runtime,"Composite of existing house body (house_l2-v2.png, already listed as its own runtime asset row) plus a generated condition overlay, built by scripts/phase16Art.py. No archived file holds the intermediate composite, so sourcePath/sourceSha256 stay unknown rather than point at a file whose bytes would not match. The pre-downscale composite hash ae4508c9b446750df03290bf637ee15e3725e3e06d193ee0c64641275e193bb6 is recorded in public/assets/phase16-house-condition/registration.json (see also runtimePath above) for reference."
house_l2-vacant,v1,public/assets/phase16-house-condition/house_l2-vacant-v1.png,1a2a0ee175e3f8afefa66c0501cd1c1c337d83fcd5e25dd0fed52f3d1c3ee4e3,unknown,unknown,scripts/phase16Art.py (house body + generated condition-overlay composite),unknown,2026-09-20,unknown,"house_l2-v2.png (project-own, runtime asset)",,,scripted composite + downscale (scripts/phase16Art.py); earlier hand edits unknown,AB_2026-09-19_v1,S_England_1300_1450_v1,unknown,unknown,runtime,"Composite of existing house body (house_l2-v2.png, already listed as its own runtime asset row) plus a generated condition overlay, built by scripts/phase16Art.py. No archived file holds the intermediate composite, so sourcePath/sourceSha256 stay unknown rather than point at a file whose bytes would not match. The pre-downscale composite hash b24dc999a8f0dfec4ad847f81a0b16962e750bbcc554defb45bd60e1fc872b82 is recorded in public/assets/phase16-house-condition/registration.json (see also runtimePath above) for reference."
house_l2,v1,public/assets/buildings/house_l2.png,79a48060ca22047614768b71c132798401890ad008cb8dd672649a777997ccf6,docs/asset-evidence/accepted-art/sources/house_l2.png,12732b3097d438b7fc527bcbe481f9475b55e4d1419f500f23e5ac1c62501aa0,scripts/installAcceptedArt.mjs (accepted-art pipeline),unknown,unknown,unknown,unknown,,,unknown,unknown,unknown,unknown,unknown,runtime,docs/asset-evidence/accepted-art/README.md: sourced from the sibling feudal-lord-simulator/output directory via scripts/installAcceptedArt.mjs; no prompt/seed retained for accepted-art sources.
house_l2,v2,public/assets/buildings/historical-houses/house_l2-v2.png,57c717005bf698a915d2a19c42682a80b48f873c2a9226fc7f6b144a16a0c85e,docs/asset-evidence/runtime-sources/buildings/historical-houses/house_l2-v2.png,8491664d1bb87f717255192f619e3962ceaa86a1d27903055efa2fab13486b47,unknown,unknown,unknown,unknown,unknown,,,scripted downscale source→runtime (scripts/downscaleRuntimeAssets.py); earlier hand edits unknown,unknown,unknown,unknown,unknown,runtime,Source archived pre-downscale original; scripts/downscaleRuntimeAssets.py records both hashes. No prompt/tool record with a matching hash was found in the repository for this family.
house_l3-neglected,v1,public/assets/phase16-house-condition/house_l3-neglected-v1.png,b7325889719bffd985d41f55635444f5b02f01837325bb39bd94f8e2f4986365,unknown,unknown,scripts/phase16Art.py (house body + generated condition-overlay composite),unknown,2026-09-20,unknown,"house_l3-v2.png (project-own, runtime asset)",,,scripted composite + downscale (scripts/phase16Art.py); earlier hand edits unknown,AB_2026-09-19_v1,S_England_1300_1450_v1,unknown,unknown,runtime,"Composite of existing house body (house_l3-v2.png, already listed as its own runtime asset row) plus a generated condition overlay, built by scripts/phase16Art.py. No archived file holds the intermediate composite, so sourcePath/sourceSha256 stay unknown rather than point at a file whose bytes would not match. The pre-downscale composite hash 81af6d7f2aa4abd2b1588f0ef5d6cc697cb912c185b779d6b1e1bb4313644be7 is recorded in public/assets/phase16-house-condition/registration.json (see also runtimePath above) for reference."
house_l3-strained,v1,public/assets/phase16-house-condition/house_l3-strained-v1.png,eee1b995f87024b333fc5aacd76c54fccf0b6e6e3ee903e64081e2b1a75f00b4,unknown,unknown,scripts/phase16Art.py (house body + generated condition-overlay composite),unknown,2026-09-20,unknown,"house_l3-v2.png (project-own, runtime asset)",,,scripted composite + downscale (scripts/phase16Art.py); earlier hand edits unknown,AB_2026-09-19_v1,S_England_1300_1450_v1,unknown,unknown,runtime,"Composite of existing house body (house_l3-v2.png, already listed as its own runtime asset row) plus a generated condition overlay, built by scripts/phase16Art.py. No archived file holds the intermediate composite, so sourcePath/sourceSha256 stay unknown rather than point at a file whose bytes would not match. The pre-downscale composite hash 4f0339141fea3a0af6f8e050346787541f708481eab3a4cd43d3088ae96655a8 is recorded in public/assets/phase16-house-condition/registration.json (see also runtimePath above) for reference."
house_l3-vacant,v1,public/assets/phase16-house-condition/house_l3-vacant-v1.png,742b73b427d5f51c1212fc0127e65dfa847dc689aa341988d29c729f95c33aa6,unknown,unknown,scripts/phase16Art.py (house body + generated condition-overlay composite),unknown,2026-09-20,unknown,"house_l3-v2.png (project-own, runtime asset)",,,scripted composite + downscale (scripts/phase16Art.py); earlier hand edits unknown,AB_2026-09-19_v1,S_England_1300_1450_v1,unknown,unknown,runtime,"Composite of existing house body (house_l3-v2.png, already listed as its own runtime asset row) plus a generated condition overlay, built by scripts/phase16Art.py. No archived file holds the intermediate composite, so sourcePath/sourceSha256 stay unknown rather than point at a file whose bytes would not match. The pre-downscale composite hash 87c44fe6dd549d2b2b9380cd7b901b0616b97d246b28641760dbc85d8f6f887c is recorded in public/assets/phase16-house-condition/registration.json (see also runtimePath above) for reference."
house_l3,v1,public/assets/buildings/house_l3.png,02afde7fe407d45c921653085af1fc0ab836c47576e0abb0aac36c86ae9b3112,docs/asset-evidence/accepted-art/sources/house_l3.png,14a4c2aa996ee15f577720a2e2a0d45b83e49adcc5d20a7b0c37d904d131e596,scripts/installAcceptedArt.mjs (accepted-art pipeline),unknown,unknown,unknown,unknown,,,unknown,unknown,unknown,unknown,unknown,runtime,docs/asset-evidence/accepted-art/README.md: sourced from the sibling feudal-lord-simulator/output directory via scripts/installAcceptedArt.mjs; no prompt/seed retained for accepted-art sources.
house_l3,v2,public/assets/buildings/historical-houses/house_l3-v2.png,2c557c5345a568e1bf80e9ba7fdc9c3bfc5463b6706ffdb9c71e789f320d28dc,docs/asset-evidence/runtime-sources/buildings/historical-houses/house_l3-v2.png,c824f212bcfbcb7a958da4f6b5a7f13e650b9e00f8661c851eeacf15a801e826,unknown,unknown,unknown,unknown,unknown,,,scripted downscale source→runtime (scripts/downscaleRuntimeAssets.py); earlier hand edits unknown,unknown,unknown,unknown,unknown,runtime,Source archived pre-downscale original; scripts/downscaleRuntimeAssets.py records both hashes. No prompt/tool record with a matching hash was found in the repository for this family.
house_l4-neglected,v1,public/assets/phase16-house-condition/house_l4-neglected-v1.png,cf19ddd353b98e3bd5edb6477abeb29e53fb5040f3d5e4444934e42cd20c2fdb,unknown,unknown,scripts/phase16Art.py (house body + generated condition-overlay composite),unknown,2026-09-20,unknown,"house_l4-v2.png (project-own, runtime asset)",,,scripted composite + downscale (scripts/phase16Art.py); earlier hand edits unknown,AB_2026-09-19_v1,S_England_1300_1450_v1,unknown,unknown,runtime,"Composite of existing house body (house_l4-v2.png, already listed as its own runtime asset row) plus a generated condition overlay, built by scripts/phase16Art.py. No archived file holds the intermediate composite, so sourcePath/sourceSha256 stay unknown rather than point at a file whose bytes would not match. The pre-downscale composite hash 8c544b0f45260ed880c1162da4731df7fa3352b94d7a71a9a053a3d9d824a7bd is recorded in public/assets/phase16-house-condition/registration.json (see also runtimePath above) for reference."
house_l4-strained,v1,public/assets/phase16-house-condition/house_l4-strained-v1.png,b601b97e0c25d98e79d7e42769ffb42fa3d9bc6ad82e03d1d397959330cd0704,unknown,unknown,scripts/phase16Art.py (house body + generated condition-overlay composite),unknown,2026-09-20,unknown,"house_l4-v2.png (project-own, runtime asset)",,,scripted composite + downscale (scripts/phase16Art.py); earlier hand edits unknown,AB_2026-09-19_v1,S_England_1300_1450_v1,unknown,unknown,runtime,"Composite of existing house body (house_l4-v2.png, already listed as its own runtime asset row) plus a generated condition overlay, built by scripts/phase16Art.py. No archived file holds the intermediate composite, so sourcePath/sourceSha256 stay unknown rather than point at a file whose bytes would not match. The pre-downscale composite hash 5720261c5753a758e0e5c0f304ce2fd2f2b0d3faba7b8c9db68177b0844afaf3 is recorded in public/assets/phase16-house-condition/registration.json (see also runtimePath above) for reference."
house_l4-vacant,v1,public/assets/phase16-house-condition/house_l4-vacant-v1.png,f3435f134d89a3ed4e397defc1025cbe0631d24dbd31587fe1a69d198743e65a,unknown,unknown,scripts/phase16Art.py (house body + generated condition-overlay composite),unknown,2026-09-20,unknown,"house_l4-v2.png (project-own, runtime asset)",,,scripted composite + downscale (scripts/phase16Art.py); earlier hand edits unknown,AB_2026-09-19_v1,S_England_1300_1450_v1,unknown,unknown,runtime,"Composite of existing house body (house_l4-v2.png, already listed as its own runtime asset row) plus a generated condition overlay, built by scripts/phase16Art.py. No archived file holds the intermediate composite, so sourcePath/sourceSha256 stay unknown rather than point at a file whose bytes would not match. The pre-downscale composite hash 37ec250bb8a3659875d1efef41fe2a3c24013bc78156c2b546537a17c62b5f53 is recorded in public/assets/phase16-house-condition/registration.json (see also runtimePath above) for reference."
house_l4,v1,public/assets/buildings/house_l4.png,f9b62b7a77ece19e6b9330d17d4df16b24b4a21054d139076c621b2018c50af1,docs/asset-evidence/accepted-art/sources/house_l4.png,4a974a6c53b67132fa4068b476ecd81cfefd5ae1c5c7db46b6a7164c54447de3,scripts/installAcceptedArt.mjs (accepted-art pipeline),unknown,unknown,unknown,unknown,,,unknown,unknown,unknown,unknown,unknown,runtime,docs/asset-evidence/accepted-art/README.md: sourced from the sibling feudal-lord-simulator/output directory via scripts/installAcceptedArt.mjs; no prompt/seed retained for accepted-art sources.
house_l4,v2,public/assets/buildings/historical-houses/house_l4-v2.png,b3f7e40cda9de09b2e0af0a596bb8b414b40fb037f46897ab0d4d3cb264d72b8,docs/asset-evidence/runtime-sources/buildings/historical-houses/house_l4-v2.png,6cbba48999acafe2871953a8cdfbb341f81dcfd182539cba8485fadb1c0f50c1,unknown,unknown,unknown,unknown,unknown,,,scripted downscale source→runtime (scripts/downscaleRuntimeAssets.py); earlier hand edits unknown,unknown,unknown,unknown,unknown,runtime,Source archived pre-downscale original; scripts/downscaleRuntimeAssets.py records both hashes. No prompt/tool record with a matching hash was found in the repository for this family.
house_pair_l2_horizontal-neglected,v1,public/assets/phase16-house-condition/house_pair_l2_horizontal-neglected-v1.png,795933547d2b91ebb4ba5db773d6b06135e9dc4e89bab123c30ea2c59fd154e2,unknown,unknown,scripts/phase16Art.py (house body + generated condition-overlay composite),unknown,2026-09-20,unknown,"house_pair_l2_horizontal-v4.png (project-own, runtime asset)",,,scripted composite + downscale (scripts/phase16Art.py); earlier hand edits unknown,AB_2026-09-19_v1,S_England_1300_1450_v1,unknown,unknown,runtime,"Composite of existing house body (house_pair_l2_horizontal-v4.png, already listed as its own runtime asset row) plus a generated condition overlay, built by scripts/phase16Art.py. No archived file holds the intermediate composite, so sourcePath/sourceSha256 stay unknown rather than point at a file whose bytes would not match. The pre-downscale composite hash 09de219273da22fee705502e134862c07e36b66941e2a32271dc6c9bf1e199d5 is recorded in public/assets/phase16-house-condition/registration.json (see also runtimePath above) for reference."
house_pair_l2_horizontal-strained,v1,public/assets/phase16-house-condition/house_pair_l2_horizontal-strained-v1.png,6665530e401bdd9d227be02e29b8762f1c293f3ea61ab80955d6fa89fee0a366,unknown,unknown,scripts/phase16Art.py (house body + generated condition-overlay composite),unknown,2026-09-20,unknown,"house_pair_l2_horizontal-v4.png (project-own, runtime asset)",,,scripted composite + downscale (scripts/phase16Art.py); earlier hand edits unknown,AB_2026-09-19_v1,S_England_1300_1450_v1,unknown,unknown,runtime,"Composite of existing house body (house_pair_l2_horizontal-v4.png, already listed as its own runtime asset row) plus a generated condition overlay, built by scripts/phase16Art.py. No archived file holds the intermediate composite, so sourcePath/sourceSha256 stay unknown rather than point at a file whose bytes would not match. The pre-downscale composite hash 7e15ecd83915d6f85a671357cb09dc106338c992e1ea3127556c7a5ac01d39c4 is recorded in public/assets/phase16-house-condition/registration.json (see also runtimePath above) for reference."
house_pair_l2_horizontal-vacant,v1,public/assets/phase16-house-condition/house_pair_l2_horizontal-vacant-v1.png,5039d77f943902c9c04a21797df977e301a9e5fb991f1bf22dcc6ee5ca5c197c,unknown,unknown,scripts/phase16Art.py (house body + generated condition-overlay composite),unknown,2026-09-20,unknown,"house_pair_l2_horizontal-v4.png (project-own, runtime asset)",,,scripted composite + downscale (scripts/phase16Art.py); earlier hand edits unknown,AB_2026-09-19_v1,S_England_1300_1450_v1,unknown,unknown,runtime,"Composite of existing house body (house_pair_l2_horizontal-v4.png, already listed as its own runtime asset row) plus a generated condition overlay, built by scripts/phase16Art.py. No archived file holds the intermediate composite, so sourcePath/sourceSha256 stay unknown rather than point at a file whose bytes would not match. The pre-downscale composite hash 667807aa1895f9da6eb012970b86c14622e42af6f36341352e1ac51a491405a6 is recorded in public/assets/phase16-house-condition/registration.json (see also runtimePath above) for reference."
house_pair_l2_horizontal,v4,public/assets/buildings/historical-houses/house_pair_l2_horizontal-v4.png,df13aa20e1665e717db5d6075f24e92a9ba16a0f2be27ec66999e832a4023129,docs/asset-evidence/runtime-sources/buildings/historical-houses/house_pair_l2_horizontal-v4.png,b401bba68630d647d26291f854626613cd2cf43e1d4ee93742b0d50753254576,unknown,unknown,unknown,unknown,unknown,,,scripted downscale source→runtime (scripts/downscaleRuntimeAssets.py); earlier hand edits unknown,unknown,unknown,unknown,unknown,runtime,Source archived pre-downscale original; scripts/downscaleRuntimeAssets.py records both hashes. No prompt/tool record with a matching hash was found in the repository for this family.
house_pair_l2_vertical-neglected,v1,public/assets/phase16-house-condition/house_pair_l2_vertical-neglected-v1.png,822defe5308c295782779809aad46ff739a1f47849e6f76d99bae0b2ef879844,unknown,unknown,scripts/phase16Art.py (house body + generated condition-overlay composite),unknown,2026-09-20,unknown,"house_pair_l2_vertical-v2.png (project-own, runtime asset)",,,scripted composite + downscale (scripts/phase16Art.py); earlier hand edits unknown,AB_2026-09-19_v1,S_England_1300_1450_v1,unknown,unknown,runtime,"Composite of existing house body (house_pair_l2_vertical-v2.png, already listed as its own runtime asset row) plus a generated condition overlay, built by scripts/phase16Art.py. No archived file holds the intermediate composite, so sourcePath/sourceSha256 stay unknown rather than point at a file whose bytes would not match. The pre-downscale composite hash 17573ab14faf7ab7ecf77f52e77f69dfe43baf9d6ad8a58463d1821d5d37f650 is recorded in public/assets/phase16-house-condition/registration.json (see also runtimePath above) for reference."
house_pair_l2_vertical-strained,v1,public/assets/phase16-house-condition/house_pair_l2_vertical-strained-v1.png,0378b7155cecccd013be3dda48962370e8033b0fffa6c7cf70fd3bec5edc5da3,unknown,unknown,scripts/phase16Art.py (house body + generated condition-overlay composite),unknown,2026-09-20,unknown,"house_pair_l2_vertical-v2.png (project-own, runtime asset)",,,scripted composite + downscale (scripts/phase16Art.py); earlier hand edits unknown,AB_2026-09-19_v1,S_England_1300_1450_v1,unknown,unknown,runtime,"Composite of existing house body (house_pair_l2_vertical-v2.png, already listed as its own runtime asset row) plus a generated condition overlay, built by scripts/phase16Art.py. No archived file holds the intermediate composite, so sourcePath/sourceSha256 stay unknown rather than point at a file whose bytes would not match. The pre-downscale composite hash b719c0c5aa89b3d338867ced776a3aa4f24e8cbb4f2f080bc9b35e50a11609e9 is recorded in public/assets/phase16-house-condition/registration.json (see also runtimePath above) for reference."
house_pair_l2_vertical-vacant,v1,public/assets/phase16-house-condition/house_pair_l2_vertical-vacant-v1.png,66417d2732cf1cbc9450fd2bf69b57e23dab37cb21ce5473eaae763ff19c98f9,unknown,unknown,scripts/phase16Art.py (house body + generated condition-overlay composite),unknown,2026-09-20,unknown,"house_pair_l2_vertical-v2.png (project-own, runtime asset)",,,scripted composite + downscale (scripts/phase16Art.py); earlier hand edits unknown,AB_2026-09-19_v1,S_England_1300_1450_v1,unknown,unknown,runtime,"Composite of existing house body (house_pair_l2_vertical-v2.png, already listed as its own runtime asset row) plus a generated condition overlay, built by scripts/phase16Art.py. No archived file holds the intermediate composite, so sourcePath/sourceSha256 stay unknown rather than point at a file whose bytes would not match. The pre-downscale composite hash a4fc801d7d65525ffea49aa88c8419ebb590d19de7f36821059df8cf1aca0f78 is recorded in public/assets/phase16-house-condition/registration.json (see also runtimePath above) for reference."
house_pair_l2_vertical,v2,public/assets/buildings/historical-houses/house_pair_l2_vertical-v2.png,2ef3d3d0ca334fa96c6554b7f92aaaf482623c674b1d3de49a36a64996e2c9fe,docs/asset-evidence/runtime-sources/buildings/historical-houses/house_pair_l2_vertical-v2.png,b1b2a3f3dbffd1ada6ba8dbfb28929773b6b693734a07c8ef00a0661dc648db5,unknown,unknown,unknown,unknown,unknown,,,scripted downscale source→runtime (scripts/downscaleRuntimeAssets.py); earlier hand edits unknown,unknown,unknown,unknown,unknown,runtime,Source archived pre-downscale original; scripts/downscaleRuntimeAssets.py records both hashes. No prompt/tool record with a matching hash was found in the repository for this family.
house_pair_l3_horizontal-neglected,v1,public/assets/phase16-house-condition/house_pair_l3_horizontal-neglected-v1.png,f8a38e0aaa2e407ad5c32156d2336029e2f7bf5ecf54c1886501848bd6756069,unknown,unknown,scripts/phase16Art.py (house body + generated condition-overlay composite),unknown,2026-09-20,unknown,"house_pair_l3_horizontal-v2.png (project-own, runtime asset)",,,scripted composite + downscale (scripts/phase16Art.py); earlier hand edits unknown,AB_2026-09-19_v1,S_England_1300_1450_v1,unknown,unknown,runtime,"Composite of existing house body (house_pair_l3_horizontal-v2.png, already listed as its own runtime asset row) plus a generated condition overlay, built by scripts/phase16Art.py. No archived file holds the intermediate composite, so sourcePath/sourceSha256 stay unknown rather than point at a file whose bytes would not match. The pre-downscale composite hash 5ddd01e41a694cc50d3294c651f8fe65467c876b8ea59b31a7415ae5e3750cf3 is recorded in public/assets/phase16-house-condition/registration.json (see also runtimePath above) for reference."
house_pair_l3_horizontal-strained,v1,public/assets/phase16-house-condition/house_pair_l3_horizontal-strained-v1.png,96182fc1e624373be07ca830b0b105b73ff76dbd58f137e3ee0d5e2617ec2e82,unknown,unknown,scripts/phase16Art.py (house body + generated condition-overlay composite),unknown,2026-09-20,unknown,"house_pair_l3_horizontal-v2.png (project-own, runtime asset)",,,scripted composite + downscale (scripts/phase16Art.py); earlier hand edits unknown,AB_2026-09-19_v1,S_England_1300_1450_v1,unknown,unknown,runtime,"Composite of existing house body (house_pair_l3_horizontal-v2.png, already listed as its own runtime asset row) plus a generated condition overlay, built by scripts/phase16Art.py. No archived file holds the intermediate composite, so sourcePath/sourceSha256 stay unknown rather than point at a file whose bytes would not match. The pre-downscale composite hash 1e501bd364fc6103bc3666b301bb0313bd162cdc64e670da9f6d8b478177b08e is recorded in public/assets/phase16-house-condition/registration.json (see also runtimePath above) for reference."
house_pair_l3_horizontal-vacant,v1,public/assets/phase16-house-condition/house_pair_l3_horizontal-vacant-v1.png,4ec297760ec71467d3c119233a70e2cbfb3e76e08006e9b08f70703086f2975b,unknown,unknown,scripts/phase16Art.py (house body + generated condition-overlay composite),unknown,2026-09-20,unknown,"house_pair_l3_horizontal-v2.png (project-own, runtime asset)",,,scripted composite + downscale (scripts/phase16Art.py); earlier hand edits unknown,AB_2026-09-19_v1,S_England_1300_1450_v1,unknown,unknown,runtime,"Composite of existing house body (house_pair_l3_horizontal-v2.png, already listed as its own runtime asset row) plus a generated condition overlay, built by scripts/phase16Art.py. No archived file holds the intermediate composite, so sourcePath/sourceSha256 stay unknown rather than point at a file whose bytes would not match. The pre-downscale composite hash 63cfde555840ba87915ed9325a6234268898a3652f21b49cbe54547d9a79b383 is recorded in public/assets/phase16-house-condition/registration.json (see also runtimePath above) for reference."
house_pair_l3_horizontal,v2,public/assets/buildings/historical-houses/house_pair_l3_horizontal-v2.png,0b9d9bb5a9d70a0982f7aed9a87a85e9bcaa470801f96402d6b04af311abb980,docs/asset-evidence/runtime-sources/buildings/historical-houses/house_pair_l3_horizontal-v2.png,d7fcf22b36a93a747327e7e4f9cafbb84a2c2f0765492196e8d23e1ab6d3b225,unknown,unknown,unknown,unknown,unknown,,,scripted downscale source→runtime (scripts/downscaleRuntimeAssets.py); earlier hand edits unknown,unknown,unknown,unknown,unknown,runtime,Source archived pre-downscale original; scripts/downscaleRuntimeAssets.py records both hashes. No prompt/tool record with a matching hash was found in the repository for this family.
house_pair_l3_vertical-neglected,v1,public/assets/phase16-house-condition/house_pair_l3_vertical-neglected-v1.png,f778af59e574925410b74f816ed66910ce2f4cbb2cb553391da8d611fe034393,unknown,unknown,scripts/phase16Art.py (house body + generated condition-overlay composite),unknown,2026-09-20,unknown,"house_pair_l3_vertical-v2.png (project-own, runtime asset)",,,scripted composite + downscale (scripts/phase16Art.py); earlier hand edits unknown,AB_2026-09-19_v1,S_England_1300_1450_v1,unknown,unknown,runtime,"Composite of existing house body (house_pair_l3_vertical-v2.png, already listed as its own runtime asset row) plus a generated condition overlay, built by scripts/phase16Art.py. No archived file holds the intermediate composite, so sourcePath/sourceSha256 stay unknown rather than point at a file whose bytes would not match. The pre-downscale composite hash dea8902a7fb4a6609208559eb8ef8374d6622b3192a0e2a38cbd782370075861 is recorded in public/assets/phase16-house-condition/registration.json (see also runtimePath above) for reference."
house_pair_l3_vertical-strained,v1,public/assets/phase16-house-condition/house_pair_l3_vertical-strained-v1.png,29086c1ccb4b3fe34d756299e204a4f1745967cfa1dcc024cdfec1894435b6b7,unknown,unknown,scripts/phase16Art.py (house body + generated condition-overlay composite),unknown,2026-09-20,unknown,"house_pair_l3_vertical-v2.png (project-own, runtime asset)",,,scripted composite + downscale (scripts/phase16Art.py); earlier hand edits unknown,AB_2026-09-19_v1,S_England_1300_1450_v1,unknown,unknown,runtime,"Composite of existing house body (house_pair_l3_vertical-v2.png, already listed as its own runtime asset row) plus a generated condition overlay, built by scripts/phase16Art.py. No archived file holds the intermediate composite, so sourcePath/sourceSha256 stay unknown rather than point at a file whose bytes would not match. The pre-downscale composite hash 03e84168a744815a6126cb2c7abb9d70b9d11ec6560a78e1bac659697758f409 is recorded in public/assets/phase16-house-condition/registration.json (see also runtimePath above) for reference."
house_pair_l3_vertical-vacant,v1,public/assets/phase16-house-condition/house_pair_l3_vertical-vacant-v1.png,0146ea6453f2824244092f8fd06aea8fcab3880e7a367a2fdead07e64df997ac,unknown,unknown,scripts/phase16Art.py (house body + generated condition-overlay composite),unknown,2026-09-20,unknown,"house_pair_l3_vertical-v2.png (project-own, runtime asset)",,,scripted composite + downscale (scripts/phase16Art.py); earlier hand edits unknown,AB_2026-09-19_v1,S_England_1300_1450_v1,unknown,unknown,runtime,"Composite of existing house body (house_pair_l3_vertical-v2.png, already listed as its own runtime asset row) plus a generated condition overlay, built by scripts/phase16Art.py. No archived file holds the intermediate composite, so sourcePath/sourceSha256 stay unknown rather than point at a file whose bytes would not match. The pre-downscale composite hash 49d08e445b39f683826ad25c82de877cbf4622b8b104461fe959dc8895de74be is recorded in public/assets/phase16-house-condition/registration.json (see also runtimePath above) for reference."
house_pair_l3_vertical,v2,public/assets/buildings/historical-houses/house_pair_l3_vertical-v2.png,a86fee01caeca604d0fe5b2521d53a5d2310b002bc1907735a3888b52ffb51b9,docs/asset-evidence/runtime-sources/buildings/historical-houses/house_pair_l3_vertical-v2.png,d0455bd92b6de7e6363d57cdd90b24129b35b848cea8506f60d4c75b2760642b,unknown,unknown,unknown,unknown,unknown,,,scripted downscale source→runtime (scripts/downscaleRuntimeAssets.py); earlier hand edits unknown,unknown,unknown,unknown,unknown,runtime,Source archived pre-downscale original; scripts/downscaleRuntimeAssets.py records both hashes. No prompt/tool record with a matching hash was found in the repository for this family.
house_pair_l4_horizontal-neglected,v1,public/assets/phase16-house-condition/house_pair_l4_horizontal-neglected-v1.png,413a6ea8a56c94788243aaf9f0b4f4aa7116e89b858836bb6a59a0601580fc3a,unknown,unknown,scripts/phase16Art.py (house body + generated condition-overlay composite),unknown,2026-09-20,unknown,"house_pair_l4_horizontal-v2.png (project-own, runtime asset)",,,scripted composite + downscale (scripts/phase16Art.py); earlier hand edits unknown,AB_2026-09-19_v1,S_England_1300_1450_v1,unknown,unknown,runtime,"Composite of existing house body (house_pair_l4_horizontal-v2.png, already listed as its own runtime asset row) plus a generated condition overlay, built by scripts/phase16Art.py. No archived file holds the intermediate composite, so sourcePath/sourceSha256 stay unknown rather than point at a file whose bytes would not match. The pre-downscale composite hash 607421b99e32de5ed7ac7ccc44c5c912307b2aaed5da9654c4129fd5b3db034d is recorded in public/assets/phase16-house-condition/registration.json (see also runtimePath above) for reference."
house_pair_l4_horizontal-strained,v1,public/assets/phase16-house-condition/house_pair_l4_horizontal-strained-v1.png,53964d3f83a421c9065a3a81d51d1d4576218f39a205f70fedadc4e5dc005193,unknown,unknown,scripts/phase16Art.py (house body + generated condition-overlay composite),unknown,2026-09-20,unknown,"house_pair_l4_horizontal-v2.png (project-own, runtime asset)",,,scripted composite + downscale (scripts/phase16Art.py); earlier hand edits unknown,AB_2026-09-19_v1,S_England_1300_1450_v1,unknown,unknown,runtime,"Composite of existing house body (house_pair_l4_horizontal-v2.png, already listed as its own runtime asset row) plus a generated condition overlay, built by scripts/phase16Art.py. No archived file holds the intermediate composite, so sourcePath/sourceSha256 stay unknown rather than point at a file whose bytes would not match. The pre-downscale composite hash a9ef1fce2f7848be92cc95126e0f45a9a65a3d4d5497530ce743bea9573ae184 is recorded in public/assets/phase16-house-condition/registration.json (see also runtimePath above) for reference."
house_pair_l4_horizontal-vacant,v1,public/assets/phase16-house-condition/house_pair_l4_horizontal-vacant-v1.png,e40dc2387e78b20bf2380f66b2ea31dc19d767aab9706f099d627f690bdc5cc4,unknown,unknown,scripts/phase16Art.py (house body + generated condition-overlay composite),unknown,2026-09-20,unknown,"house_pair_l4_horizontal-v2.png (project-own, runtime asset)",,,scripted composite + downscale (scripts/phase16Art.py); earlier hand edits unknown,AB_2026-09-19_v1,S_England_1300_1450_v1,unknown,unknown,runtime,"Composite of existing house body (house_pair_l4_horizontal-v2.png, already listed as its own runtime asset row) plus a generated condition overlay, built by scripts/phase16Art.py. No archived file holds the intermediate composite, so sourcePath/sourceSha256 stay unknown rather than point at a file whose bytes would not match. The pre-downscale composite hash 11f092f71517019865a0d77490d4f7a6ba2a52331941808d7b6604706f3bf37c is recorded in public/assets/phase16-house-condition/registration.json (see also runtimePath above) for reference."
house_pair_l4_horizontal,v2,public/assets/buildings/historical-houses/house_pair_l4_horizontal-v2.png,a566dbd2fb48057171d7fca97ab9c63178abe1ccf93d73c825b39b16b8e302c6,docs/asset-evidence/runtime-sources/buildings/historical-houses/house_pair_l4_horizontal-v2.png,6ef95b91b39f8d10bbc911fcb64438d42efeaf620be4d1d7f748ef511a43b40a,unknown,unknown,unknown,unknown,unknown,,,scripted downscale source→runtime (scripts/downscaleRuntimeAssets.py); earlier hand edits unknown,unknown,unknown,unknown,unknown,runtime,Source archived pre-downscale original; scripts/downscaleRuntimeAssets.py records both hashes. No prompt/tool record with a matching hash was found in the repository for this family.
house_pair_l4_vertical-neglected,v1,public/assets/phase16-house-condition/house_pair_l4_vertical-neglected-v1.png,8e04021a30ab0cd838712204a3ee045fd68a3c361723692ddaf5b6ba86103023,unknown,unknown,scripts/phase16Art.py (house body + generated condition-overlay composite),unknown,2026-09-20,unknown,"house_pair_l4_vertical-v2.png (project-own, runtime asset)",,,scripted composite + downscale (scripts/phase16Art.py); earlier hand edits unknown,AB_2026-09-19_v1,S_England_1300_1450_v1,unknown,unknown,runtime,"Composite of existing house body (house_pair_l4_vertical-v2.png, already listed as its own runtime asset row) plus a generated condition overlay, built by scripts/phase16Art.py. No archived file holds the intermediate composite, so sourcePath/sourceSha256 stay unknown rather than point at a file whose bytes would not match. The pre-downscale composite hash 83a00591d4452bdb0e7413912631875a81720d18bd40ed2325f8ea2d7279b085 is recorded in public/assets/phase16-house-condition/registration.json (see also runtimePath above) for reference."
house_pair_l4_vertical-strained,v1,public/assets/phase16-house-condition/house_pair_l4_vertical-strained-v1.png,9718931d1bb8a380a7d1035d507a0c353fa0c3abf4d201cba28b82b852d3e25a,unknown,unknown,scripts/phase16Art.py (house body + generated condition-overlay composite),unknown,2026-09-20,unknown,"house_pair_l4_vertical-v2.png (project-own, runtime asset)",,,scripted composite + downscale (scripts/phase16Art.py); earlier hand edits unknown,AB_2026-09-19_v1,S_England_1300_1450_v1,unknown,unknown,runtime,"Composite of existing house body (house_pair_l4_vertical-v2.png, already listed as its own runtime asset row) plus a generated condition overlay, built by scripts/phase16Art.py. No archived file holds the intermediate composite, so sourcePath/sourceSha256 stay unknown rather than point at a file whose bytes would not match. The pre-downscale composite hash e077c9af7e4346efb4ddbf56e2260c160a195943d95171d17b892bf1a6bb6f0a is recorded in public/assets/phase16-house-condition/registration.json (see also runtimePath above) for reference."
house_pair_l4_vertical-vacant,v1,public/assets/phase16-house-condition/house_pair_l4_vertical-vacant-v1.png,500fb0ab96f185aecdc8aa16c1145150952cf3d0d7721face177885f9f0edcce,unknown,unknown,scripts/phase16Art.py (house body + generated condition-overlay composite),unknown,2026-09-20,unknown,"house_pair_l4_vertical-v2.png (project-own, runtime asset)",,,scripted composite + downscale (scripts/phase16Art.py); earlier hand edits unknown,AB_2026-09-19_v1,S_England_1300_1450_v1,unknown,unknown,runtime,"Composite of existing house body (house_pair_l4_vertical-v2.png, already listed as its own runtime asset row) plus a generated condition overlay, built by scripts/phase16Art.py. No archived file holds the intermediate composite, so sourcePath/sourceSha256 stay unknown rather than point at a file whose bytes would not match. The pre-downscale composite hash 64959c9a33604b355356818ab7af2b4b7bf7998f0cf33b1ae3a76b939436bb81 is recorded in public/assets/phase16-house-condition/registration.json (see also runtimePath above) for reference."
house_pair_l4_vertical,v2,public/assets/buildings/historical-houses/house_pair_l4_vertical-v2.png,b2e76b6e2eaf8a3f8d84998f3dcc851d739fe04c7e841fccafa9057cd31135a9,docs/asset-evidence/runtime-sources/buildings/historical-houses/house_pair_l4_vertical-v2.png,7a635949029ea0226c888c5b89da3cd24d0583a1a838c4e45e7c03a85356f9f1,unknown,unknown,unknown,unknown,unknown,,,scripted downscale source→runtime (scripts/downscaleRuntimeAssets.py); earlier hand edits unknown,unknown,unknown,unknown,unknown,runtime,Source archived pre-downscale original; scripts/downscaleRuntimeAssets.py records both hashes. No prompt/tool record with a matching hash was found in the repository for this family.
keep,v1,public/assets/buildings/keep.png,102774e2c7520bafc308c9cffc6a2cf0db1e20f1d03a04ab56fb4d9f3cd4358e,unknown,unknown,"scripts/generateBuildingCandidates.py (seed/candidate selection, no archived original)",unknown,unknown,unknown,unknown,64054503,candidate 3 selected (see docs/asset-evidence/phase13WorldRelease.json),unknown,unknown,unknown,unknown,unknown,runtime,"README/world_asset_manifest.json record only a seed/candidate index (seed 64054503, candidate 3); no archived original bytes or prompt text for this exact candidate were found in the repository."
keep,v2,public/assets/buildings/historical-facilities-v1/keep-v2.png,e66a5d007dc75492b25481057afb651c7df5e0545de32f16f5ccddc7523dc164,docs/asset-evidence/runtime-sources/buildings/historical-facilities-v1/keep-v2.png,f58a040bae034799e31f51150aa66ee268d8c48af72904da91c1073b0e1d13de,unknown,unknown,unknown,unknown,unknown,,,scripted downscale source→runtime (scripts/downscaleRuntimeAssets.py); earlier hand edits unknown,unknown,unknown,unknown,unknown,runtime,Source archived pre-downscale original; scripts/downscaleRuntimeAssets.py records both hashes. No prompt/tool record with a matching hash was found in the repository for this family.
logging_camp,v1,public/assets/buildings/logging_camp.png,25f04a0badda346f5931d3fd72a531e4a348cc949b6b953f0f02f5c949431516,docs/asset-evidence/accepted-art/sources/logging_camp.png,0c6c8e3cb82643603d8590a9bed51f23b2ce9fb6ff8ea2e32b625c1f97a086c6,scripts/installAcceptedArt.mjs (accepted-art pipeline),unknown,unknown,unknown,unknown,,,unknown,unknown,unknown,unknown,unknown,runtime,docs/asset-evidence/accepted-art/README.md: sourced from the sibling feudal-lord-simulator/output directory via scripts/installAcceptedArt.mjs; no prompt/seed retained for accepted-art sources.
logs,v1,public/assets/runtime-icons-v1/logs.png,949a55260527b91cfa4cb08d124b948fd8e9b176aeb97718fed08d3057461968,unknown,unknown,unknown,unknown,unknown,unknown,unknown,,,unknown,unknown,unknown,unknown,unknown,runtime,No matching evidence record found by any resolution rule; treat as unknown until archived source material is located.
market_active,v2,public/assets/buildings/historical-facilities-v1/market_active-v2.png,c1dda89871ac0270737e607a2bd487a6532088695259444ff32395141a6bc0ef,docs/asset-evidence/runtime-sources/buildings/historical-facilities-v1/market_active-v2.png,1cc7026d2316ee0819c05d39499f4bc14362259fb18be503a85abe26fc00b407,unknown,unknown,unknown,unknown,unknown,,,scripted downscale source→runtime (scripts/downscaleRuntimeAssets.py); earlier hand edits unknown,unknown,unknown,unknown,unknown,runtime,Source archived pre-downscale original; scripts/downscaleRuntimeAssets.py records both hashes. No prompt/tool record with a matching hash was found in the repository for this family.
market_quiet,v2,public/assets/buildings/historical-facilities-v1/market_quiet-v2.png,6db439b052b90d99e12e1de2418f94000942840d64e38e2dc51342154e76e47b,docs/asset-evidence/runtime-sources/buildings/historical-facilities-v1/market_quiet-v2.png,89acafa5626f7377529dbb79f688d11d126cd87f088ff6f522293d18a7ae0533,unknown,unknown,unknown,unknown,unknown,,,scripted downscale source→runtime (scripts/downscaleRuntimeAssets.py); earlier hand edits unknown,unknown,unknown,unknown,unknown,runtime,Source archived pre-downscale original; scripts/downscaleRuntimeAssets.py records both hashes. No prompt/tool record with a matching hash was found in the repository for this family.
market,v1,public/assets/buildings/market.png,49f742f1c794bbc68aeb2bfb41126d5b944f5639ebe4c72b4a7df91262f25066,unknown,unknown,"scripts/generateBuildingCandidates.py (seed/candidate selection, no archived original)",unknown,unknown,unknown,unknown,64054304,candidate 4 selected (see docs/asset-evidence/phase13WorldRelease.json),unknown,unknown,unknown,unknown,unknown,runtime,"README/world_asset_manifest.json record only a seed/candidate index (seed 64054304, candidate 4); no archived original bytes or prompt text for this exact candidate were found in the repository."
masonry,v1,public/assets/buildings/masonry.png,e3b76c2f8ee9232beaeb0f297dbb825423372daacd7b319245e9cc6ba082fe95,unknown,unknown,"scripts/generateBuildingCandidates.py (seed/candidate selection, no archived original)",unknown,unknown,unknown,unknown,64054203,candidate 3 selected (see docs/asset-evidence/phase13WorldRelease.json),unknown,unknown,unknown,unknown,unknown,runtime,"README/world_asset_manifest.json record only a seed/candidate index (seed 64054203, candidate 3); no archived original bytes or prompt text for this exact candidate were found in the repository."
masonry,v2,public/assets/buildings/historical-facilities-v1/masonry-v2.png,6549b1d610fd21a36bd55c85bf61589c4a1d42a34fb25dacae32bbbf09e4592f,docs/asset-evidence/runtime-sources/buildings/historical-facilities-v1/masonry-v2.png,f11bdb7359c9e1e92058456e6238fa527c1a0ee133a94cc579e9684f6c6070d2,unknown,unknown,unknown,unknown,unknown,,,scripted downscale source→runtime (scripts/downscaleRuntimeAssets.py); earlier hand edits unknown,unknown,unknown,unknown,unknown,runtime,Source archived pre-downscale original; scripts/downscaleRuntimeAssets.py records both hashes. No prompt/tool record with a matching hash was found in the repository for this family.
mill_body,v1,public/assets/buildings/runtime-mill-v1/mill_body-v1.png,d4f2bdd0ee85a9ccbdac5322956efc78dd69d55aa26ae814f498088797e75f71,docs/asset-evidence/runtime-sources/buildings/runtime-mill-v1/mill_body-v1.png,f2d06c4bc58f49cb22fc1e6b0c28f4991e9ba06f60882058089dc225277655e0,unknown,unknown,unknown,unknown,unknown,,,scripted downscale source→runtime (scripts/downscaleRuntimeAssets.py); earlier hand edits unknown,unknown,unknown,unknown,unknown,runtime,Source archived pre-downscale original; scripts/downscaleRuntimeAssets.py records both hashes. No prompt/tool record with a matching hash was found in the repository for this family.
mill_sails,v3,public/assets/buildings/runtime-mill-v1/mill_sails-v3.png,ef4e013037847755cd8cc1dcd324f3b3b3772d8195c39386d598722a154b1dc9,docs/asset-evidence/runtime-sources/buildings/runtime-mill-v1/mill_sails-v3.png,c8cabbb902df49619608192bbb4e556d5c8351cf72bd63c3dcb2de24361a0340,unknown,unknown,unknown,unknown,unknown,,,scripted downscale source→runtime (scripts/downscaleRuntimeAssets.py); earlier hand edits unknown,unknown,unknown,unknown,unknown,runtime,Source archived pre-downscale original; scripts/downscaleRuntimeAssets.py records both hashes. No prompt/tool record with a matching hash was found in the repository for this family.
mill,v1,public/assets/buildings/mill.png,ceef83b4a39974478c67442d8526225ef3f13897ba47da0dc24c94e2dcb84969,unknown,unknown,"scripts/generateBuildingCandidates.py (seed/candidate selection, no archived original)",unknown,unknown,unknown,unknown,71300005,candidate 1 selected (see docs/asset-evidence/phase13WorldRelease.json),unknown,unknown,unknown,unknown,unknown,runtime,"README/world_asset_manifest.json record only a seed/candidate index (seed 71300005, candidate 1); no archived original bytes or prompt text for this exact candidate were found in the repository."
mill,v2,public/assets/buildings/historical-facilities-v1/mill-v2.png,e945f13541ebe7ee8ff03ed0a491828fd8a291a2d33833c763aab16ac2861a52,docs/asset-evidence/runtime-sources/buildings/historical-facilities-v1/mill-v2.png,ba012a11fd8810e160f9bab00c0dfa1f7e1ce5ce7ffe0a43778eb7d824e0dc33,unknown,unknown,unknown,unknown,unknown,,,scripted downscale source→runtime (scripts/downscaleRuntimeAssets.py); earlier hand edits unknown,unknown,unknown,unknown,unknown,runtime,Source archived pre-downscale original; scripts/downscaleRuntimeAssets.py records both hashes. No prompt/tool record with a matching hash was found in the repository for this family.
orchard,v1,public/assets/phase16-landscape/orchard.png,d72e8ed839c4c4a481b4c29d3fde11965ecb9b80ad0b205336503dc23b562d7d,docs/asset-evidence/phase16-sources/generated/garden-orchard-v1.png,419114ed00b7620898c7270338a9220ff70fbdefe6e7709ecfcd74526f45e9d2,image_gen.imagegen,unknown,2026-09-20,docs/provenance/prompts/orchard-v1.txt,none,,,unknown,AB_2026-09-19_v1,S_England_1300_1450_v1,unknown,unknown,runtime,Matched via public/assets/phase16-landscape/manifest.json + docs/asset-evidence/phase16-sources/generation.json (hash-verified).
packed_earth_road,v1,public/assets/terrain/packed_earth_road.png,d9c7d7c69424615971e6343e945c5767b9ffca69dda51de8e500913596aca2a9,docs/asset-evidence/accepted-art/sources/packed_earth_road.png,c4c3d7094d0261a00c911ab0f63a9e0b3aaa7bb4978c87e8d102f2846db0fe01,scripts/installAcceptedArt.mjs (accepted-art pipeline),unknown,unknown,unknown,unknown,,,unknown,unknown,unknown,unknown,unknown,runtime,docs/asset-evidence/accepted-art/README.md: sourced from the sibling feudal-lord-simulator/output directory via scripts/installAcceptedArt.mjs; no prompt/seed retained for accepted-art sources.
palisade_straight_nw_se,v1,public/assets/buildings/historical-gate/palisade_straight_nw_se.png,78c29d66e27372c6e451f8850033f3d56925d1df33a206a7dddd5230aba5e689,docs/asset-evidence/runtime-sources/buildings/historical-gate/palisade_straight_nw_se.png,8a1d1d14d64f61697385d4eb74dc10d3b28dbcb1962894630fa7cbb4a5d70e09,unknown,unknown,unknown,unknown,unknown,,,scripted downscale source→runtime (scripts/downscaleRuntimeAssets.py); earlier hand edits unknown,unknown,unknown,unknown,unknown,runtime,Source archived pre-downscale original; scripts/downscaleRuntimeAssets.py records both hashes. No prompt/tool record with a matching hash was found in the repository for this family.
pasture,v1,public/assets/phase16-landscape/pasture.png,78ecfa7f5ba6a41933ac17e31d34d4750522ef26fc2352a9ffdec29e82e01bd9,docs/asset-evidence/phase16-sources/generated/garden-pasture-v1.png,2fbea8a4e54412f09ea9a53c0c663f9a48eaa6e435849ce0b9bb7cd3d776d9a9,image_gen.imagegen,unknown,2026-09-20,docs/provenance/prompts/pasture-v1.txt,none,,,unknown,AB_2026-09-19_v1,S_England_1300_1450_v1,unknown,unknown,runtime,Matched via public/assets/phase16-landscape/manifest.json + docs/asset-evidence/phase16-sources/generation.json (hash-verified).
population,v1,public/assets/runtime-icons-v1/population.png,8b844d20f0e3ca7554302e5259e3d27f3b5b05b923cfe98e24b665310ac12428,unknown,unknown,unknown,unknown,unknown,unknown,unknown,,,unknown,unknown,unknown,unknown,unknown,runtime,No matching evidence record found by any resolution rule; treat as unknown until archived source material is located.
quarry_active,v2,public/assets/buildings/historical-facilities-v1/quarry_active-v2.png,fe32c04b8b27fec240b18c8c3d16e05c327a05f909815eb955cdcf01597dd3da,docs/asset-evidence/runtime-sources/buildings/historical-facilities-v1/quarry_active-v2.png,01e5a0058cf2ab50c2c2b4530ce950f23993b3a0dff15c7c02fe2e1c8f2b9268,unknown,unknown,unknown,unknown,unknown,,,scripted downscale source→runtime (scripts/downscaleRuntimeAssets.py); earlier hand edits unknown,unknown,unknown,unknown,unknown,runtime,Source archived pre-downscale original; scripts/downscaleRuntimeAssets.py records both hashes. No prompt/tool record with a matching hash was found in the repository for this family.
quarry_depleted,v2,public/assets/buildings/historical-facilities-v1/quarry_depleted-v2.png,ac1b40d3650559889745e2c573cd85dec67ef348363e5dcd7cbb51b17961ca9e,docs/asset-evidence/runtime-sources/buildings/historical-facilities-v1/quarry_depleted-v2.png,9b686edcfd10affb1d9185d7febf64a341e2463e42e706cee79a77843c6e8dc3,unknown,unknown,unknown,unknown,unknown,,,scripted downscale source→runtime (scripts/downscaleRuntimeAssets.py); earlier hand edits unknown,unknown,unknown,unknown,unknown,runtime,Source archived pre-downscale original; scripts/downscaleRuntimeAssets.py records both hashes. No prompt/tool record with a matching hash was found in the repository for this family.
quarry_idle,v2,public/assets/buildings/historical-facilities-v1/quarry_idle-v2.png,340e88aa6365c10d676e5cbc7a7f42cf9086331914efbb70f96230cdf0896526,docs/asset-evidence/runtime-sources/buildings/historical-facilities-v1/quarry_idle-v2.png,0a5d0d68cda75e7c580d6f3c64befd46859bc2c1beb60a87cf5ab3a3581aab4e,unknown,unknown,unknown,unknown,unknown,,,scripted downscale source→runtime (scripts/downscaleRuntimeAssets.py); earlier hand edits unknown,unknown,unknown,unknown,unknown,runtime,Source archived pre-downscale original; scripts/downscaleRuntimeAssets.py records both hashes. No prompt/tool record with a matching hash was found in the repository for this family.
quarry,v1,public/assets/buildings/quarry.png,22c777573df6791fa76fe70e5eaf34e95ea65cad291e4cfb859f7e057a13279b,unknown,unknown,"scripts/generateBuildingCandidates.py (seed/candidate selection, no archived original)",unknown,unknown,unknown,unknown,64054102,candidate 2 selected (see docs/asset-evidence/phase13WorldRelease.json),unknown,unknown,unknown,unknown,unknown,runtime,"README/world_asset_manifest.json record only a seed/candidate index (seed 64054102, candidate 2); no archived original bytes or prompt text for this exact candidate were found in the repository."
riverbank_mud,v2,public/assets/complete-art-v1/water-bridges/riverbank_mud-v2.png,fd91e687a822ec9b9e042a0dec8d562c83b6be693b6adb7c9de0334689933259,docs/asset-evidence/runtime-sources/complete-art-v1/water-bridges/riverbank_mud-v2.png,209bf0f1c31d4e1ce731321519d9be60884c1954a802047d9a784138317fcc33,unknown,unknown,unknown,unknown,unknown,,,scripted downscale source→runtime (scripts/downscaleRuntimeAssets.py); earlier hand edits unknown,unknown,unknown,unknown,unknown,runtime,Source archived pre-downscale original; scripts/downscaleRuntimeAssets.py records both hashes. No prompt/tool record with a matching hash was found in the repository for this family.
riverbank_stone,v2,public/assets/complete-art-v1/water-bridges/riverbank_stone-v2.png,0e6024201ccfbabebde19887b7fccc32af857f90551adda8fb93d4d8ba8d7a3f,docs/asset-evidence/runtime-sources/complete-art-v1/water-bridges/riverbank_stone-v2.png,43bf358c72f61b8f83dc7c5bdc18475946088971f3573141480f9ae0166726d3,unknown,unknown,unknown,unknown,unknown,,,scripted downscale source→runtime (scripts/downscaleRuntimeAssets.py); earlier hand edits unknown,unknown,unknown,unknown,unknown,runtime,Source archived pre-downscale original; scripts/downscaleRuntimeAssets.py records both hashes. No prompt/tool record with a matching hash was found in the repository for this family.
rock,v1,public/assets/terrain/rock.png,7b7055de1f931e2a00b3cbbf0963268d44c8781c753fb9a530ed4ff991c68bd1,unknown,unknown,"scripts/generateBuildingCandidates.py (seed/candidate selection, no archived original)",unknown,unknown,unknown,unknown,71300034,candidate 1 selected (see docs/asset-evidence/phase13WorldRelease.json),unknown,unknown,unknown,unknown,unknown,runtime,"README/world_asset_manifest.json record only a seed/candidate index (seed 71300034, candidate 1); no archived original bytes or prompt text for this exact candidate were found in the repository."
sawmill,v1,public/assets/buildings/sawmill.png,89db75390e1abc85c5b0903bf7c4f51159fab62675a2a70dfda17ba4195def8a,docs/asset-evidence/accepted-art/sources/sawmill.png,432a04abc7f197048cf01a00b5f2396cfe1c9b10be3c45fa515e882ca23c8f6d,scripts/installAcceptedArt.mjs (accepted-art pipeline),unknown,unknown,unknown,unknown,,,unknown,unknown,unknown,unknown,unknown,runtime,docs/asset-evidence/accepted-art/README.md: sourced from the sibling feudal-lord-simulator/output directory via scripts/installAcceptedArt.mjs; no prompt/seed retained for accepted-art sources.
sawmill,v2,public/assets/buildings/historical-facilities-v1/sawmill-v2.png,0d62a94c60737434dc5e10318b54f2af14ae97c4c25e6f08f1683383747f2534,docs/asset-evidence/runtime-sources/buildings/historical-facilities-v1/sawmill-v2.png,137b192eb1c1e409f9e5d2e508f06ad5839755af3c6f5ec878abee4bfb2cfac6,unknown,unknown,unknown,unknown,unknown,,,scripted downscale source→runtime (scripts/downscaleRuntimeAssets.py); earlier hand edits unknown,unknown,unknown,unknown,unknown,runtime,Source archived pre-downscale original; scripts/downscaleRuntimeAssets.py records both hashes. No prompt/tool record with a matching hash was found in the repository for this family.
seal_slot,v1,public/assets/ui/seal_slot.png,2ba82a986c35afe0c4e6d1aa5ffa7da24909a5f55e09f380679f6307f1688c91,unknown,unknown,unknown,unknown,unknown,unknown,unknown,,,unknown,unknown,unknown,unknown,unknown,runtime,No matching evidence record found by any resolution rule; treat as unknown until archived source material is located.
shrub_a,v1,public/assets/foliage/shrub_a.png,e4b01ac4219400c1e9740f93c84e34eb40a430826a98f97068b67f731bd28963,docs/asset-evidence/accepted-art/sources/shrub_a.png,52f6a1277f14ec7732c593e32535fdfdb28a2bd477075a2646abf8f8bdae3ea4,scripts/installAcceptedArt.mjs (accepted-art pipeline),unknown,unknown,unknown,unknown,,,unknown,unknown,unknown,unknown,unknown,runtime,docs/asset-evidence/accepted-art/README.md: sourced from the sibling feudal-lord-simulator/output directory via scripts/installAcceptedArt.mjs; no prompt/seed retained for accepted-art sources.
shrub_b,v1,public/assets/foliage/shrub_b.png,f6b0b80859bc72df5b073f03d4a9105d3d82e078f81dd5571ac5f1347dd58926,docs/asset-evidence/accepted-art/sources/shrub_b.png,67443b5e5b0e59ee5eca7c1c1ba7c23473991f1513d44a9d41f79ddc6efdba59,scripts/installAcceptedArt.mjs (accepted-art pipeline),unknown,unknown,unknown,unknown,,,unknown,unknown,unknown,unknown,unknown,runtime,docs/asset-evidence/accepted-art/README.md: sourced from the sibling feudal-lord-simulator/output directory via scripts/installAcceptedArt.mjs; no prompt/seed retained for accepted-art sources.
soil_loam,v1,public/assets/buildings/historical-farm/layers/soil_loam-v1.png,a800dd703cb04df210e44e02545eb2f549b62680390b2076ffc6c4f79a14c928,docs/asset-evidence/runtime-sources/buildings/historical-farm/layers/soil_loam-v1.png,a800dd703cb04df210e44e02545eb2f549b62680390b2076ffc6c4f79a14c928,unknown,unknown,unknown,unknown,unknown,,,scripted downscale source→runtime (scripts/downscaleRuntimeAssets.py); earlier hand edits unknown,unknown,unknown,unknown,unknown,runtime,Source archived pre-downscale original; scripts/downscaleRuntimeAssets.py records both hashes. No prompt/tool record with a matching hash was found in the repository for this family.
stone_raw,v1,public/assets/runtime-icons-v1/stone_raw.png,50ef96cf1d589c5fa659e254b664444de7804af57b1fc0e633c72de48558d4d9,unknown,unknown,unknown,unknown,unknown,unknown,unknown,,,unknown,unknown,unknown,unknown,unknown,runtime,No matching evidence record found by any resolution rule; treat as unknown until archived source material is located.
stone_wall_segment,v1,public/assets/buildings/stone_wall_segment.png,cb0b36132bb3182bebbee21d05029aa37c8e31756b7035f259ca79ef062cb920,unknown,unknown,"scripts/generateBuildingCandidates.py (seed/candidate selection, no archived original)",unknown,unknown,unknown,unknown,64054703,candidate 3 selected (see docs/asset-evidence/phase13WorldRelease.json),unknown,unknown,unknown,unknown,unknown,runtime,"README/world_asset_manifest.json record only a seed/candidate index (seed 64054703, candidate 3); no archived original bytes or prompt text for this exact candidate were found in the repository."
stone_wall_straight_ne_sw,v3,public/assets/buildings/historical-wall/stone_wall_straight_ne_sw-v3.png,f66228efe32ff886c6151116876dc99b28ea6033d2c78ec53215e94ef64e3c7a,docs/asset-evidence/runtime-sources/buildings/historical-wall/stone_wall_straight_ne_sw-v3.png,245b0ad5c567c76acaa07ad50d4e8d5422eca1b87bdca020f660e82f8e1fac0d,unknown,unknown,unknown,unknown,unknown,,,scripted downscale source→runtime (scripts/downscaleRuntimeAssets.py); earlier hand edits unknown,unknown,unknown,unknown,unknown,runtime,Source archived pre-downscale original; scripts/downscaleRuntimeAssets.py records both hashes. No prompt/tool record with a matching hash was found in the repository for this family.
stone_wall_straight_nw_se,v3,public/assets/buildings/historical-wall/stone_wall_straight_nw_se-v3.png,2eb0dcf0c651e10894323e29b9efd984aec573646d6915518a8ea2eba3aae875,docs/asset-evidence/runtime-sources/buildings/historical-wall/stone_wall_straight_nw_se-v3.png,1d7856cd36a1bc5d8c16e9f1fd3a6d95f588bb25cc2f4eaac9b106c1bff71413,unknown,unknown,unknown,unknown,unknown,,,scripted downscale source→runtime (scripts/downscaleRuntimeAssets.py); earlier hand edits unknown,unknown,unknown,unknown,unknown,runtime,Source archived pre-downscale original; scripts/downscaleRuntimeAssets.py records both hashes. No prompt/tool record with a matching hash was found in the repository for this family.
stone,v1,public/assets/runtime-icons-v1/stone.png,2e3b222d2a062a2f6261e724e65d139bab442359665056c855dfa02b6d61fbc8,unknown,unknown,unknown,unknown,unknown,unknown,unknown,,,unknown,unknown,unknown,unknown,unknown,runtime,No matching evidence record found by any resolution rule; treat as unknown until archived source material is located.
storehouse,v1,public/assets/buildings/storehouse.png,34a128ea26c8efff6143d0b816777280757666364e3782bb35696c98db5de782,docs/asset-evidence/accepted-art/sources/storehouse.png,c0da705802350313d299d1280de6cb7a4fe5ef9df5467be976540f753f1d8811,scripts/installAcceptedArt.mjs (accepted-art pipeline),unknown,unknown,unknown,unknown,,,unknown,unknown,unknown,unknown,unknown,runtime,docs/asset-evidence/accepted-art/README.md: sourced from the sibling feudal-lord-simulator/output directory via scripts/installAcceptedArt.mjs; no prompt/seed retained for accepted-art sources.
stump_fresh,v1,public/assets/foliage/stump_fresh.png,9714ec4fc488575df27451216ceee8b33da8bb4704bf5d9ac0087887581356d4,docs/asset-evidence/accepted-art/sources/stump_fresh.png,42b3ddfbdf1602a6d3e318104f84463430abae3ba80d35f0e3217680cc229240,scripts/installAcceptedArt.mjs (accepted-art pipeline),unknown,unknown,unknown,unknown,,,unknown,unknown,unknown,unknown,unknown,runtime,docs/asset-evidence/accepted-art/README.md: sourced from the sibling feudal-lord-simulator/output directory via scripts/installAcceptedArt.mjs; no prompt/seed retained for accepted-art sources.
stump_old,v1,public/assets/foliage/stump_old.png,12439e70858a21e6a3095a964349b54f1e617df79cb7ffa3019a919ded1c9b2f,docs/asset-evidence/accepted-art/sources/stump_old.png,0c045c4bded37e442aca7814de9d922308db452ed2fb3b31ddd4aa17559bbc7d,scripts/installAcceptedArt.mjs (accepted-art pipeline),unknown,unknown,unknown,unknown,,,unknown,unknown,unknown,unknown,unknown,runtime,docs/asset-evidence/accepted-art/README.md: sourced from the sibling feudal-lord-simulator/output directory via scripts/installAcceptedArt.mjs; no prompt/seed retained for accepted-art sources.
timber,v1,public/assets/runtime-icons-v1/timber.png,e21ed5630997e7147de052ab2bf5417d9cdf0af02bc50749c9b41da0474cdfdc,unknown,unknown,unknown,unknown,unknown,unknown,unknown,,,unknown,unknown,unknown,unknown,unknown,runtime,No matching evidence record found by any resolution rule; treat as unknown until archived source material is located.
tree_birch,v1,public/assets/foliage/tree_birch.png,d97dc399fbe522e4a3f499f7610f826cdea258dad9c7ee169dd2e0b6b14f6db8,docs/asset-evidence/accepted-art/sources/tree_birch.png,df2f41d56c081102ef86933276fae5c966fb897c0d4743bd1919bf8f8d1f4712,scripts/installAcceptedArt.mjs (accepted-art pipeline),unknown,unknown,unknown,unknown,,,unknown,unknown,unknown,unknown,unknown,runtime,docs/asset-evidence/accepted-art/README.md: sourced from the sibling feudal-lord-simulator/output directory via scripts/installAcceptedArt.mjs; no prompt/seed retained for accepted-art sources.
tree_dead,v1,public/assets/foliage/tree_dead.png,288aed1fe360bbdb39b2dd27935e7b4a7ae990f59b32908a76423dba1a008a35,docs/asset-evidence/accepted-art/sources/tree_dead.png,2cf28a830e8eed1b63452b71c98f7dd9b354dbe886d3d700d616a3839d36745d,scripts/installAcceptedArt.mjs (accepted-art pipeline),unknown,unknown,unknown,unknown,,,unknown,unknown,unknown,unknown,unknown,runtime,docs/asset-evidence/accepted-art/README.md: sourced from the sibling feudal-lord-simulator/output directory via scripts/installAcceptedArt.mjs; no prompt/seed retained for accepted-art sources.
tree_oak_large,v1,public/assets/foliage/tree_oak_large.png,4447a4a31a64ca9d5282b1c236996d0f81e21ab4ceca63ec3f30dc3dd8ede82f,docs/asset-evidence/accepted-art/sources/tree_oak_large.png,9a3a4e2d96246bc95781310cd0257750638a371f30ad3becb0d74bf12f03a2d6,scripts/installAcceptedArt.mjs (accepted-art pipeline),unknown,unknown,unknown,unknown,,,unknown,unknown,unknown,unknown,unknown,runtime,docs/asset-evidence/accepted-art/README.md: sourced from the sibling feudal-lord-simulator/output directory via scripts/installAcceptedArt.mjs; no prompt/seed retained for accepted-art sources.
tree_oak_small,v1,public/assets/foliage/tree_oak_small.png,5c175f0d07377cff758d41f0e5c8eb807042e4a2fc71a5d15279f63f66bce6a4,docs/asset-evidence/accepted-art/sources/tree_oak_small.png,a116968ed407054c5d908ff7b2d0d143347c8687fd4c98f3b858efc798c51f8b,scripts/installAcceptedArt.mjs (accepted-art pipeline),unknown,unknown,unknown,unknown,,,unknown,unknown,unknown,unknown,unknown,runtime,docs/asset-evidence/accepted-art/README.md: sourced from the sibling feudal-lord-simulator/output directory via scripts/installAcceptedArt.mjs; no prompt/seed retained for accepted-art sources.
tree_pine_short,v1,public/assets/foliage/tree_pine_short.png,1d76034ea71d74970ffd9460f6387280710e12a83d00e2bb479a7549501ce917,docs/asset-evidence/accepted-art/sources/tree_pine_short.png,898d23c4fef439ca2884c5def9ca09a7fed1cce5f8782d5777ac30e4ba5f90dc,scripts/installAcceptedArt.mjs (accepted-art pipeline),unknown,unknown,unknown,unknown,,,unknown,unknown,unknown,unknown,unknown,runtime,docs/asset-evidence/accepted-art/README.md: sourced from the sibling feudal-lord-simulator/output directory via scripts/installAcceptedArt.mjs; no prompt/seed retained for accepted-art sources.
tree_pine_tall,v1,public/assets/foliage/tree_pine_tall.png,d2855edd78af1fbdaad15f2dd3ed6a16515f8f799c2cc0e2a0fca06416f7a6a7,docs/asset-evidence/accepted-art/sources/tree_pine_tall.png,c06153a43a6767f99296d90538dac82bff1f0a3f262213fa4a6201cc9ecab2c1,scripts/installAcceptedArt.mjs (accepted-art pipeline),unknown,unknown,unknown,unknown,,,unknown,unknown,unknown,unknown,unknown,runtime,docs/asset-evidence/accepted-art/README.md: sourced from the sibling feudal-lord-simulator/output directory via scripts/installAcceptedArt.mjs; no prompt/seed retained for accepted-art sources.
vegetable,v1,public/assets/phase16-landscape/vegetable.png,16857f4527e42aaf01f788760f9af2874d9ae8e1864a57bf82948aca13cb845f,docs/asset-evidence/phase16-sources/generated/garden-vegetables-v1.png,39353b2d585c0d9c91cb1952d591c24780442bf437dfe94b92e0e501b5cafd15,image_gen.imagegen,unknown,2026-09-20,docs/provenance/prompts/vegetable-v1.txt,none,,,unknown,AB_2026-09-19_v1,S_England_1300_1450_v1,unknown,unknown,runtime,Matched via public/assets/phase16-landscape/manifest.json + docs/asset-evidence/phase16-sources/generation.json (hash-verified).
water_shallow,v1,public/assets/complete-art-v1/water-bridges/water_shallow-v1.png,56ff067f41c08d206a939b29d77a1042d36a472a3f57b7cb7ef122b0a8c44737,docs/asset-evidence/runtime-sources/complete-art-v1/water-bridges/water_shallow-v1.png,f87efe8dbd8b14bc17de6c6b5feed0d0ba4ef397a0de57efee6b0f2acba55916,unknown,unknown,unknown,unknown,unknown,,,scripted downscale source→runtime (scripts/downscaleRuntimeAssets.py); earlier hand edits unknown,unknown,unknown,unknown,unknown,runtime,Source archived pre-downscale original; scripts/downscaleRuntimeAssets.py records both hashes. No prompt/tool record with a matching hash was found in the repository for this family.
water_surface,v1,public/assets/complete-art-v1/water-bridges/water_surface-v1.png,5cc35c189d16c6f19d27b91188b3783182c1d199bf286df30ffb9a3c76d0f76c,docs/asset-evidence/runtime-sources/complete-art-v1/water-bridges/water_surface-v1.png,7f0fecd2bb2907660ae5082f6ed19822977e74e7e8b4da679171af9600ab92a9,unknown,unknown,unknown,unknown,unknown,,,scripted downscale source→runtime (scripts/downscaleRuntimeAssets.py); earlier hand edits unknown,unknown,unknown,unknown,unknown,runtime,Source archived pre-downscale original; scripts/downscaleRuntimeAssets.py records both hashes. No prompt/tool record with a matching hash was found in the repository for this family.
water,v1,public/assets/terrain/water.png,ff47499c738d90db40052b61fbf75424c8370d9d4ae2d0aa5b8fcc42eaf8b2d7,unknown,unknown,"scripts/generateBuildingCandidates.py (seed/candidate selection, no archived original)",unknown,unknown,unknown,unknown,71010302,candidate 2 selected (see docs/asset-evidence/phase13WorldRelease.json),unknown,unknown,unknown,unknown,unknown,runtime,"README/world_asset_manifest.json record only a seed/candidate index (seed 71010302, candidate 2); no archived original bytes or prompt text for this exact candidate were found in the repository."
well,v1,public/assets/buildings/well.png,8cfeda1db0dcbee81282db95013b411a1456c0eb572361ada361570470a0ad70,docs/asset-evidence/accepted-art/sources/well.png,936816156f791c2d59f64d0fb4c26b62d6183609ebb4d5ef26658fd3733850f2,scripts/installAcceptedArt.mjs (accepted-art pipeline),unknown,unknown,unknown,unknown,,,unknown,unknown,unknown,unknown,unknown,runtime,docs/asset-evidence/accepted-art/README.md: sourced from the sibling feudal-lord-simulator/output directory via scripts/installAcceptedArt.mjs; no prompt/seed retained for accepted-art sources.
wheat_farm_growing,v3,public/assets/buildings/historical-farm/wheat_farm_growing-v3.png,c57cefff4b1eb32921a4aa58592f3eeb1f0c05cfaa447852a0d4cb90da79d4cb,docs/asset-evidence/runtime-sources/buildings/historical-farm/wheat_farm_growing-v3.png,7691896b6cfc93c5a6feb7f9a14501d83b26f65009fb13f9cd5ca6ac891e5dba,unknown,unknown,unknown,unknown,unknown,,,scripted downscale source→runtime (scripts/downscaleRuntimeAssets.py); earlier hand edits unknown,unknown,unknown,unknown,unknown,runtime,Source archived pre-downscale original; scripts/downscaleRuntimeAssets.py records both hashes. No prompt/tool record with a matching hash was found in the repository for this family.
wheat_farm_ripe,v4,public/assets/buildings/historical-farm/wheat_farm_ripe-v4.png,0c954dd543045d5b3717a592aa9eeacd99a86d1b67d87ece40b8c1f5f27d14f2,docs/asset-evidence/runtime-sources/buildings/historical-farm/wheat_farm_ripe-v4.png,3e523386e4b6fa4ea8e30618c89bece5f719e41970f03fe2d0f3386ca27b81ab,unknown,unknown,unknown,unknown,unknown,,,scripted downscale source→runtime (scripts/downscaleRuntimeAssets.py); earlier hand edits unknown,unknown,unknown,unknown,unknown,runtime,Source archived pre-downscale original; scripts/downscaleRuntimeAssets.py records both hashes. No prompt/tool record with a matching hash was found in the repository for this family.
wheat_farm_seedling,v3,public/assets/buildings/historical-farm/wheat_farm_seedling-v3.png,41147c575c7fb02da5941bb3cb7c3e35d58eee36a302eb3d98d9327499faf001,docs/asset-evidence/runtime-sources/buildings/historical-farm/wheat_farm_seedling-v3.png,705d371c2dc23dcb38c6b8002d67c1638e3885034b012bfd958f6803430a1298,unknown,unknown,unknown,unknown,unknown,,,scripted downscale source→runtime (scripts/downscaleRuntimeAssets.py); earlier hand edits unknown,unknown,unknown,unknown,unknown,runtime,Source archived pre-downscale original; scripts/downscaleRuntimeAssets.py records both hashes. No prompt/tool record with a matching hash was found in the repository for this family.
wheat_farm_worked,v3,public/assets/buildings/historical-farm/wheat_farm_worked-v3.png,4a0b04162c44db697a376d7df48f491f7d08eb4349d341ec5bd0f9513ddb259f,docs/asset-evidence/runtime-sources/buildings/historical-farm/wheat_farm_worked-v3.png,71b8492c09fb36cc95da1a4f0e1c3ee05420dad0fc295195af5ae88abe67648a,unknown,unknown,unknown,unknown,unknown,,,scripted downscale source→runtime (scripts/downscaleRuntimeAssets.py); earlier hand edits unknown,unknown,unknown,unknown,unknown,runtime,Source archived pre-downscale original; scripts/downscaleRuntimeAssets.py records both hashes. No prompt/tool record with a matching hash was found in the repository for this family.
wheat_farm,v1,public/assets/buildings/wheat_farm.png,bafb0ce1a93d9467f9f02b8efde14f9b9218ab3d806d2f4d1f2b311ebbb4c59e,unknown,unknown,"scripts/generateBuildingCandidates.py (seed/candidate selection, no archived original)",unknown,unknown,unknown,unknown,64050602,candidate 2 selected (see docs/asset-evidence/phase13WorldRelease.json),unknown,unknown,unknown,unknown,unknown,runtime,"README/world_asset_manifest.json record only a seed/candidate index (seed 64050602, candidate 2); no archived original bytes or prompt text for this exact candidate were found in the repository."
wheat,v1,public/assets/runtime-icons-v1/wheat.png,74025db73bc1c8411f2d39702f08d7fbff62ddbf56797741112ea73ce43710a1,unknown,unknown,unknown,unknown,unknown,unknown,unknown,,,unknown,unknown,unknown,unknown,unknown,runtime,No matching evidence record found by any resolution rule; treat as unknown until archived source material is located.
