wave,file,sha256,status,replaced_by,verdict_note,installed_by
asset-trial,asset-trial/trial-v1/assets/asset-comparison.png,d2c3ede2057cc927514c5cc74bb4edad6647495ade4cf54d7fd2de3a9d1a3c21,confirmed,,규칙 3(방식 시험): 방식 시험의 비교 그림 — 확인 그림 (2026-09-27 정리),
asset-trial,asset-trial/trial-v1/assets/baseline/grass.png,e147750c2a0136f20a204aadcc666c861e06bd43094ca91ed3a02cfaeb69fb75,rejected,,"규칙 3(방식 시험): 방식 시험용, 제품 아님 (2026-09-27 정리)",
asset-trial,asset-trial/trial-v1/assets/baseline/house_l0.png,900db13bfa53896ba4f813a1d5cf1e939acd27d174e6c441226dcea8a278614e,rejected,,"규칙 3(방식 시험): 방식 시험용, 제품 아님 (2026-09-27 정리)",
asset-trial,asset-trial/trial-v1/assets/baseline/tree_oak_large.png,79874deb41d142dd0ec2e2f891df6e943d27e9d506da9eeca53c9457c1b94056,rejected,,"규칙 3(방식 시험): 방식 시험용, 제품 아님 (2026-09-27 정리)",
asset-trial,asset-trial/trial-v1/assets/candidates/grass.png,86332f0ed37e93811f2ffc6d5043da5750fa4a3f11bf5745ca422f54dbcdb975,rejected,,"규칙 3(방식 시험): 방식 시험용, 제품 아님 (2026-09-27 정리)",
asset-trial,asset-trial/trial-v1/assets/candidates/house_l0.png,38c2201a93274836474888e1bee6be1b321f470faa713f3d370e7281f88b5809,rejected,,"규칙 3(방식 시험): 방식 시험용, 제품 아님 (2026-09-27 정리)",
asset-trial,asset-trial/trial-v1/assets/candidates/tree_oak_large.png,532fef39052f4dc62bdd140802e6640b1c7a459faef2e54ddb1913258d84366f,rejected,,"규칙 3(방식 시험): 방식 시험용, 제품 아님 (2026-09-27 정리)",
asset-trial,asset-trial/trial-v1/assets/comparison.png,a635252762264959598fc7fce615fe73c41f27c7b88fbd51a89095d5e4e76854,confirmed,,규칙 3(방식 시험): 방식 시험의 비교 그림 — 확인 그림 (2026-09-27 정리),
asset-trial,asset-trial/trial-v1/assets/evidence/baseline-1440-hover.png,1bfccc07b9b9d61729b65b71515dc42efdb38de2af44301e067ee136a5336cb3,rejected,,"규칙 3(방식 시험): 방식 시험용, 제품 아님 (2026-09-27 정리)",
asset-trial,asset-trial/trial-v1/assets/evidence/baseline-1440-outline.png,8d1cbcf636715800584eb496bd7866b34fb7e039e383bf34cc56712b0aa6068c,rejected,,"규칙 3(방식 시험): 방식 시험용, 제품 아님 (2026-09-27 정리)",
asset-trial,asset-trial/trial-v1/assets/evidence/baseline-1440.png,6f2ada943e85ebc1a1bab34aa757a9cafa51533ba78d913b1df01e4a5ae150a2,rejected,,"규칙 3(방식 시험): 방식 시험용, 제품 아님 (2026-09-27 정리)",
asset-trial,asset-trial/trial-v1/assets/evidence/baseline-375.png,e65a3a253e00289fe8297e18f90de5b2484fa9f764eef6f9fc6564d9970552e1,rejected,,"규칙 3(방식 시험): 방식 시험용, 제품 아님 (2026-09-27 정리)",
asset-trial,asset-trial/trial-v1/assets/evidence/baseline-768.png,3e82ef5ca767a776ec0210281ac432f01aa5a892461e2ac900892bf36d8b49c3,rejected,,"규칙 3(방식 시험): 방식 시험용, 제품 아님 (2026-09-27 정리)",
asset-trial,asset-trial/trial-v1/assets/evidence/baseline-grass-3x3.png,ff241f295b460034475079a82dd3ca1d9627339d22ae6326762d95021b8d244d,rejected,,"규칙 3(방식 시험): 방식 시험용, 제품 아님 (2026-09-27 정리)",
asset-trial,asset-trial/trial-v1/assets/evidence/candidate-1440-hover.png,ae2b3a6465c7d52fb287ecc38507dbb3fa4d1e72c4984726de996fffb81b04a0,rejected,,"규칙 3(방식 시험): 방식 시험용, 제품 아님 (2026-09-27 정리)",
asset-trial,asset-trial/trial-v1/assets/evidence/candidate-1440-outline.png,a944a6c6a46431b67bcc1be74501050141ed5445ae4c036474a188933186fc58,rejected,,"규칙 3(방식 시험): 방식 시험용, 제품 아님 (2026-09-27 정리)",
asset-trial,asset-trial/trial-v1/assets/evidence/candidate-1440.png,bd04e7f3ab8bfd4aa86b2877307040a9ba85dc2443bd3533d03b2425558d7268,rejected,,"규칙 3(방식 시험): 방식 시험용, 제품 아님 (2026-09-27 정리)",
asset-trial,asset-trial/trial-v1/assets/evidence/candidate-375.png,8fa6326edfb11a3604aec24ee857bd00995f14995d1a297e49bd83f868951618,rejected,,"규칙 3(방식 시험): 방식 시험용, 제품 아님 (2026-09-27 정리)",
asset-trial,asset-trial/trial-v1/assets/evidence/candidate-768.png,7d1c52a1cabdcfe68d6605a4bbaf3ebedbe36c6a9dcc825d3a92ab601b29928e,rejected,,"규칙 3(방식 시험): 방식 시험용, 제품 아님 (2026-09-27 정리)",
asset-trial,asset-trial/trial-v1/assets/evidence/candidates-grass-3x3.png,9bb2ec05ac5254865ac77c29580472eb73d9f4d10625f73c44c056fb9093e163,rejected,,"규칙 3(방식 시험): 방식 시험용, 제품 아님 (2026-09-27 정리)",
asset-trial,asset-trial/trial-v1/assets/raw/grass.png,ad3318bdb969f0729aa9ccf09b3375698c5b6c0c7095b2d61d0478455893062d,rejected,,"규칙 3(방식 시험): 방식 시험용, 제품 아님 (2026-09-27 정리)",
asset-trial,asset-trial/trial-v1/assets/raw/house.png,da4dde46df40a04235b616b19412c6c34abfdc0d8e9e7bcfa7f35cb59b570fb7,rejected,,"규칙 3(방식 시험): 방식 시험용, 제품 아님 (2026-09-27 정리)",
asset-trial,asset-trial/trial-v1/assets/raw/oak.png,d49b5886aa93f287811a1ff060134b1525934ef31d9d7c44a3332cc0a8c688b4,rejected,,"규칙 3(방식 시험): 방식 시험용, 제품 아님 (2026-09-27 정리)",
d1,d1/assets-20260924/proofs/checks/01-strip-repeat.png,dcd3cad9cd3bca793b3c849966fc8867191b6804efb0fc91e17db829c80140a8,confirmed,,확인 그림 (2026-09-27 판정) · 정리 때 비고: 규칙 밖: 확정된 묶음의 확인·기록 그림(설치 대상 아님) — confirmed 제안 · 확인 그림 · 이전 비고: 판정 기록 없음 — 본선 public/assets에서 같은 바이트 미발견,
d1,d1/assets-20260924/proofs/checks/02-game-scale-preview.png,9921128057269a2d0e699f3336f6ca55a9bfacfb106dffbc77e2601c06584bd4,confirmed,,확인 그림 (2026-09-27 판정) · 정리 때 비고: 규칙 밖: 확정된 묶음의 확인·기록 그림(설치 대상 아님) — confirmed 제안 · 확인 그림 · 이전 비고: 판정 기록 없음 — 본선 public/assets에서 같은 바이트 미발견,
d1,d1/boundary/field_furrow-v1.png,f52da52c9a5ad18d7ab770700eb10ec24d78c55393128b01692403e9ed2c7ad7,confirmed,,설치됨 · 설치 확인: public/assets/boundary/field_furrow-v1.png,D1a
d1,d1/boundary/forest_fringe_a-v1.png,6393ecd9131b4b77a671d462a4b531f86294c70bd2e08f1bca3e8bb6a5b6eac1,confirmed,,설치됨 · 설치 확인: public/assets/boundary/forest_fringe_a-v1.png,D1a
d1,d1/boundary/forest_fringe_b-v1.png,b40ddd959a4db9d698429422a7788af92f3d2a6723667e47efaa24b717c4b465,confirmed,,설치됨 · 설치 확인: public/assets/boundary/forest_fringe_b-v1.png,D1a
d1,d1/boundary/grass_edge-v1.png,0e4041fc88707cca46243b004af70d5e5c62364ccf30a38c93aa99f31369e5ae,confirmed,,설치됨 · 설치 확인: public/assets/boundary/grass_edge-v1.png,D1a
d1,d1/road/earth_strip-v1.png,63ad1612eabc38c52a522d20bc6cb72504337f91eab51ac42b937812639b732f,confirmed,,설치됨 · 설치 확인: public/assets/road/earth_strip-v1.png,D1a
d1b,d1b/assets-20260924/proofs/checks/01-stone-repeat-transition.png,e6ca1cc08e49477e261e8cc5dc6052777371baf1c630f15ae6daf27f0c3955a7,confirmed,,확인 그림 (2026-09-27 판정) · 정리 때 비고: 규칙 밖: 확정된 묶음의 확인·기록 그림(설치 대상 아님) — confirmed 제안 · 확인 그림 · 이전 비고: 판정 기록 없음 — 본선 public/assets에서 같은 바이트 미발견,
d1b,d1b/assets-20260924/proofs/checks/02-forest-sequence.png,c61c15aa2832b42d0fae2ceb0748b1c8630cee6f27fe65c4d56dd7cb6dcb8d31,confirmed,,확인 그림 (2026-09-27 판정) · 정리 때 비고: 규칙 밖: 확정된 묶음의 확인·기록 그림(설치 대상 아님) — confirmed 제안 · 확인 그림 · 이전 비고: 판정 기록 없음 — 본선 public/assets에서 같은 바이트 미발견,
d1b,d1b/boundary/forest_fringe_c-v1.png,a36884d9fec0176f8e5177d2c8412393395c31a734c6c76ee43317c0620ba6fb,confirmed,,설치됨 · 설치 확인: public/assets/boundary/forest_fringe_c-v1.png,D1a
d1b,d1b/road/stone_strip-v1.png,dff9499a42112e79900cb009dbf49894cf0e6f687e178a9a3ab2d3322290a83d,confirmed,,설치됨 · 설치 확인: public/assets/road/stone_strip-v1.png,D1a
derived-templates,derived-templates/actor_child_template_f-v1.png,7261328d417fa7b614575190cac8ad11241aeeb65a216e9c16ef3f97a6deec81,confirmed,,"스크립트 파생 참조 템플릿(Astra 산출물 아님, 설치 안 함)",
derived-templates,derived-templates/actor_child_template_m-v1.png,650c7b66d5284ed76f416f6195aecfc515f7a138b3f549d2c0b9282109363cc8,confirmed,,"스크립트 파생 참조 템플릿(Astra 산출물 아님, 설치 안 함)",
derived-templates,derived-templates/actor_elder_template_f-v1.png,6a38760f141748164e992eec208c015ecd2dd5b91bd0c972504c109a5af9e3b9,confirmed,,"스크립트 파생 참조 템플릿(Astra 산출물 아님, 설치 안 함)",
derived-templates,derived-templates/actor_elder_template_m-v1.png,7221d225988a2c5feca5fa19fcc2940182029d418849f6623e98cfdface59a2d,confirmed,,"스크립트 파생 참조 템플릿(Astra 산출물 아님, 설치 안 함)",
derived-templates,derived-templates/checks/derived-vs-adult.png,2805a061ce2f58337516740d42a5d31dac0a5b9fdd560915d3188116bdd0d2de,confirmed,,"스크립트 파생 참조 템플릿(Astra 산출물 아님, 설치 안 함)",
endings-manors,endings-manors/candidates-20260930/assets/endings/campaign_ending_family_city-v1.jpg,51422427579a22ec04f11d88aa027cab3b4d1d3a39cd9f497ab44358608d1d17,confirmed,,캠페인 결말 삽화 확정(판정 2026-09-30),INSTALL-33
endings-manors,endings-manors/candidates-20260930/assets/endings/campaign_ending_lords_city-v1.jpg,d1649cecc46ac9062a8161b13d38576ca4fff8fab65be14b8779536285e7ca34,confirmed,,캠페인 결말 삽화 확정(판정 2026-09-30),INSTALL-33
endings-manors,endings-manors/candidates-20260930/assets/endings/campaign_ending_merchants_chantry-v1.jpg,945c1bbfcbdd0ae029aa8a96b6c1cc582924a853506eb695a47cd8b0b09feb1f,confirmed,,캠페인 결말 삽화 확정(판정 2026-09-30),INSTALL-33
endings-manors,endings-manors/candidates-20260930/assets/endings/campaign_ending_pilgrims_city-v1.jpg,c5b6905706251161a098726e8a29ebab365944e5b445376a26bde0a538381971,confirmed,,캠페인 결말 삽화 확정(판정 2026-09-30),INSTALL-33
endings-manors,endings-manors/candidates-20260930/assets/endings/campaign_ending_remembered_lineage-v1.jpg,9f58d061a4a144c1a4f2b4e1bc2daf70875fd480ae85116bc53bc0412ef11f71,confirmed,,캠페인 결말 삽화 확정(판정 2026-09-30),INSTALL-33
endings-manors,endings-manors/candidates-20260930/assets/endings/campaign_ending_self_governing_city-v1.jpg,d7e297cb7e050ee7c7fffd4da6db0868f3d17edac8c5231474b1ccdaff5b9e6c,confirmed,,캠페인 결말 삽화 확정(판정 2026-09-30),INSTALL-33
endings-manors,endings-manors/candidates-20260930/assets/manors/manor_house_a_empty-v1.png,ad0b755915052398b438a754e1ae57f1ca66b72b989d66494afcb98d8c0ab9d8,confirmed,,빈 영주관 확정(판정 2026-09-30),
endings-manors,endings-manors/candidates-20260930/assets/manors/manor_house_b_empty-v1.png,80e99ee14f83150401ea4be3ce6485109c651eeead2bd9017774334473ec724c,superseded,endings-manors/manor-b-rework-20260930/assets/manors/manor_house_b_empty-v2.png,재작업판 v2로 대체(판정 2026-09-30) · 이전 비고: 원본에 없는 짙은 외곽선(판정 2026-09-30) · 빈 영주관,
endings-manors,endings-manors/candidates-20260930/proofs/01-six-endings.jpg,9056f08a1c8eac0ffbba9b163a3900008bb5a13ee04afbfacc683058a6538fba,confirmed,,결말·빈 영주관 확인 그림(판정 2026-09-30),
endings-manors,endings-manors/candidates-20260930/proofs/02-manor-alignment.png,775bc8a0b715d3b058f6b37d01464cba8459e96a077817ece6289f5b9ffb1e47,confirmed,,결말·빈 영주관 확인 그림(판정 2026-09-30),
endings-manors,endings-manors/manor-b-rework-20260930/assets/manors/manor_house_b_empty-v2.png,11e60c5363b9461d088b5cf05e956cf91b0bb1f9c1157bdac7a42e111a339f63,confirmed,,"빈 영주관 B 재작업 v2 확정 — 닫힌 덧창·문 빗장·마당 풀만 원본에 합성, 외곽은 원본과 같음(판정 2026-09-30)",
endings-manors,endings-manors/manor-b-rework-20260930/proofs/01-original-empty-overlay.png,437f230fa66e9aee9ab406b36f17412f5fa09fa61942dc8a72a160d26e3783cd,confirmed,,빈 영주관 B 재작업 확인 그림(판정 2026-09-30),
experiments,experiments/wave36-building-kit-pilot-20260930/assets/add_firewood.png,91a4ab4bf804d6c7cbc16f83b767f67697eccbe3ed5391aad609662660aa79c8,rejected,,"조합형 파일럿 실패 — 눈가림 100%·어색 72/216, 윤곽 통일이 다양성을 없앰, 기록 보관(판정 2026-09-30) · Wave 36 조합형 집 키트 부품",
experiments,experiments/wave36-building-kit-pilot-20260930/assets/add_lean_to.png,6073670511e5398a1e62f8a0d3922997a1743a66a8ef10220e3ba86418303a32,rejected,,"조합형 파일럿 실패 — 눈가림 100%·어색 72/216, 윤곽 통일이 다양성을 없앰, 기록 보관(판정 2026-09-30) · Wave 36 조합형 집 키트 부품",
experiments,experiments/wave36-building-kit-pilot-20260930/assets/add_porch.png,507f1e168366bd6f8156f92aa85c81dcbd77c67631d3f5f5ca674ac8a545b264,rejected,,"조합형 파일럿 실패 — 눈가림 100%·어색 72/216, 윤곽 통일이 다양성을 없앰, 기록 보관(판정 2026-09-30) · Wave 36 조합형 집 키트 부품",
experiments,experiments/wave36-building-kit-pilot-20260930/assets/add_shutters.png,a693ef2899823ec5153fc751ff81d28f45111d637367b7182d7073496f7cc10a,rejected,,"조합형 파일럿 실패 — 눈가림 100%·어색 72/216, 윤곽 통일이 다양성을 없앰, 기록 보관(판정 2026-09-30) · Wave 36 조합형 집 키트 부품",
experiments,experiments/wave36-building-kit-pilot-20260930/assets/add_steps.png,15fc0ec2dd80c401d88ef429f328baa98d01b4fa2483e0a736d8f417cc015277,rejected,,"조합형 파일럿 실패 — 눈가림 100%·어색 72/216, 윤곽 통일이 다양성을 없앰, 기록 보관(판정 2026-09-30) · Wave 36 조합형 집 키트 부품",
experiments,experiments/wave36-building-kit-pilot-20260930/assets/body_boarded.png,63b7b60ad2b78536b44951c1be60b0c4111704db5810246b3176e0a7b825e099,rejected,,"조합형 파일럿 실패 — 눈가림 100%·어색 72/216, 윤곽 통일이 다양성을 없앰, 기록 보관(판정 2026-09-30) · Wave 36 조합형 집 키트 부품",
experiments,experiments/wave36-building-kit-pilot-20260930/assets/body_cracked.png,8402f33c8e9343ae34cee1f808dda8f6296ee15a4db2193f4e531834a1f66f46,rejected,,"조합형 파일럿 실패 — 눈가림 100%·어색 72/216, 윤곽 통일이 다양성을 없앰, 기록 보관(판정 2026-09-30) · Wave 36 조합형 집 키트 부품",
experiments,experiments/wave36-building-kit-pilot-20260930/assets/body_curved.png,d6fd0f5e530312f1883665dcfe4ab621c0d6d0ef8f061e852428c84e66cf1551,rejected,,"조합형 파일럿 실패 — 눈가림 100%·어색 72/216, 윤곽 통일이 다양성을 없앰, 기록 보관(판정 2026-09-30) · Wave 36 조합형 집 키트 부품",
experiments,experiments/wave36-building-kit-pilot-20260930/assets/body_scaffold.png,16658d40c92e1c791362829af1ce018bc324894e59df87bd6241d0660c71771b,rejected,,"조합형 파일럿 실패 — 눈가림 100%·어색 72/216, 윤곽 통일이 다양성을 없앰, 기록 보관(판정 2026-09-30) · Wave 36 조합형 집 키트 부품",
experiments,experiments/wave36-building-kit-pilot-20260930/assets/body_square.png,587ffac0af54d12cd919a3add644a692c097ada3469a7a5651ce82614d777ae9,rejected,,"조합형 파일럿 실패 — 눈가림 100%·어색 72/216, 윤곽 통일이 다양성을 없앰, 기록 보관(판정 2026-09-30) · Wave 36 조합형 집 키트 부품",
experiments,experiments/wave36-building-kit-pilot-20260930/assets/body_vertical.png,300a6118ab1eea950a39f5c0428573f46707317d25b339b28ed745ccc4572a5d,rejected,,"조합형 파일럿 실패 — 눈가림 100%·어색 72/216, 윤곽 통일이 다양성을 없앰, 기록 보관(판정 2026-09-30) · Wave 36 조합형 집 키트 부품",
experiments,experiments/wave36-building-kit-pilot-20260930/assets/roof_fresh.png,033ae60b8e39e23a21f531ef15531463ea8751dc6c5931a92ed9827319791e27,rejected,,"조합형 파일럿 실패 — 눈가림 100%·어색 72/216, 윤곽 통일이 다양성을 없앰, 기록 보관(판정 2026-09-30) · Wave 36 조합형 집 키트 부품",
experiments,experiments/wave36-building-kit-pilot-20260930/assets/roof_moss.png,795d1b39ceb93791c7e751320b7a3b03334d5e4bd740cc75ceb015c3e6686e29,rejected,,"조합형 파일럿 실패 — 눈가림 100%·어색 72/216, 윤곽 통일이 다양성을 없앰, 기록 보관(판정 2026-09-30) · Wave 36 조합형 집 키트 부품",
experiments,experiments/wave36-building-kit-pilot-20260930/assets/roof_snow.png,17ac669391faa441e747e2d55140a34fe57c89b0568459eebd0d7cef9b7bf482,rejected,,"조합형 파일럿 실패 — 눈가림 100%·어색 72/216, 윤곽 통일이 다양성을 없앰, 기록 보관(판정 2026-09-30) · Wave 36 조합형 집 키트 부품",
experiments,experiments/wave36-building-kit-pilot-20260930/assets/roof_soot.png,ad7997ca87436349129070883f1fa5ddcf3c734d81172fa89276e668a82edf47,rejected,,"조합형 파일럿 실패 — 눈가림 100%·어색 72/216, 윤곽 통일이 다양성을 없앰, 기록 보관(판정 2026-09-30) · Wave 36 조합형 집 키트 부품",
experiments,experiments/wave36-building-kit-pilot-20260930/assets/roof_stone.png,e5bbfc8ce6c8068e35d90b407b70a33692633ee90a21d9bcf84e8ef2db758d72,rejected,,"조합형 파일럿 실패 — 눈가림 100%·어색 72/216, 윤곽 통일이 다양성을 없앰, 기록 보관(판정 2026-09-30) · Wave 36 조합형 집 키트 부품",
experiments,experiments/wave36-building-kit-pilot-20260930/assets/roof_thatch.png,c268a1e691b4b1cbe7bbffa231e90cbfcbb3bafa739e69a410430d2a62e6c930,rejected,,"조합형 파일럿 실패 — 눈가림 100%·어색 72/216, 윤곽 통일이 다양성을 없앰, 기록 보관(판정 2026-09-30) · Wave 36 조합형 집 키트 부품",
experiments,experiments/wave36-building-kit-pilot-20260930/assets/roof_tile.png,a7901e6576a41369be90c9a075766fe63736fdc51bab4645b3fd5b458b0a2ac1,rejected,,"조합형 파일럿 실패 — 눈가림 100%·어색 72/216, 윤곽 통일이 다양성을 없앰, 기록 보관(판정 2026-09-30) · Wave 36 조합형 집 키트 부품",
experiments,experiments/wave36-building-kit-pilot-20260930/assets/shadow.png,85ae030309cc01497655d3392249c8ec17c7bc278083470ebae108d7c336cf83,rejected,,"조합형 파일럿 실패 — 눈가림 100%·어색 72/216, 윤곽 통일이 다양성을 없앰, 기록 보관(판정 2026-09-30) · Wave 36 조합형 집 키트 부품",
experiments,experiments/wave36-building-kit-pilot-20260930/assets/sign_ale.png,d5dc189eb3e5eefc1de5bc57a82c12bfa1dfa69da7a978d4cdfa7c1a6602e076,rejected,,"조합형 파일럿 실패 — 눈가림 100%·어색 72/216, 윤곽 통일이 다양성을 없앰, 기록 보관(판정 2026-09-30) · Wave 36 조합형 집 키트 부품",
experiments,experiments/wave36-building-kit-pilot-20260930/assets/sign_bread.png,0fa7ff7fb44797918868c6e7dbba54a14c86675befa7c1511b7e9552e0e37f7a,rejected,,"조합형 파일럿 실패 — 눈가림 100%·어색 72/216, 윤곽 통일이 다양성을 없앰, 기록 보관(판정 2026-09-30) · Wave 36 조합형 집 키트 부품",
experiments,experiments/wave36-building-kit-pilot-20260930/assets/sign_merchant.png,ce03b3528f6f0c31df592ce30f04befbaea6048fd9020f6033aa19756dd162b3,rejected,,"조합형 파일럿 실패 — 눈가림 100%·어색 72/216, 윤곽 통일이 다양성을 없앰, 기록 보관(판정 2026-09-30) · Wave 36 조합형 집 키트 부품",
experiments,experiments/wave36-building-kit-pilot-20260930/assets/sign_smith.png,31c9620dc9e63f2829ed67230600d4a05ab5ef78969f763baebf4cd00c7b939a,rejected,,"조합형 파일럿 실패 — 눈가림 100%·어색 72/216, 윤곽 통일이 다양성을 없앰, 기록 보관(판정 2026-09-30) · Wave 36 조합형 집 키트 부품",
experiments,experiments/wave36-building-kit-pilot-20260930/assets/sign_textile.png,074d31f3c67cb2a1b8d8d6a2615fb2cd2a4de4bd9bc1dbfd5075b0d2dc34c28a,rejected,,"조합형 파일럿 실패 — 눈가림 100%·어색 72/216, 윤곽 통일이 다양성을 없앰, 기록 보관(판정 2026-09-30) · Wave 36 조합형 집 키트 부품",
experiments,experiments/wave36-building-kit-pilot-20260930/proofs/01-combinations-36.jpg,090b3a50122d6ad80b9f73cfe804aeccfa1ad4cefd82e9d2a285a0f7eb01cbfe,confirmed,,Wave 36 조합형 파일럿 확인 그림(기록 그림)(판정 2026-09-30),
experiments,experiments/wave36-building-kit-pilot-20260930/proofs/02-shared-states.jpg,8f2dd330d827caab1b6c64913e2d7651bcc7081c8c1b8e4345c59f378d3ee170,confirmed,,Wave 36 조합형 파일럿 확인 그림(기록 그림)(판정 2026-09-30),
experiments,experiments/wave36-building-kit-pilot-20260930/proofs/03-wave26-quality-comparison.jpg,88eed055f485685db95c4295cbd3f071cb36d0322e4a9c77efba7a0d915da085,confirmed,,Wave 36 조합형 파일럿 확인 그림(기록 그림)(판정 2026-09-30),
experiments,experiments/wave36-building-kit-pilot-20260930/records/blind/48-blind.jpg,efc55f1505921798e81512c9dfd997ddcd6280a96114f7f6bdd930b2c914fd37,confirmed,,Wave 36 눈가림 48채 시트(기록 그림)(판정 2026-09-30),
experiments,experiments/wave36-building-kit-pilot-20260930/records/masks/add_firewood.png,26dd47637788558b1c3916886d290eaef618866dac0911c3c5c646763b9cb72d,confirmed,,Wave 36 조합형 파일럿 마스크(기록)(판정 2026-09-30),
experiments,experiments/wave36-building-kit-pilot-20260930/records/masks/add_lean_to.png,f1b17e5bcb91c383749ff147ddeff039fd2efb99646d19e1730466b2a1ea5186,confirmed,,Wave 36 조합형 파일럿 마스크(기록)(판정 2026-09-30),
experiments,experiments/wave36-building-kit-pilot-20260930/records/masks/add_porch.png,5fa94e6a24b676ce7b861212b9c1d5c394d1fd6cf25b217ff27b745c058a3450,confirmed,,Wave 36 조합형 파일럿 마스크(기록)(판정 2026-09-30),
experiments,experiments/wave36-building-kit-pilot-20260930/records/masks/add_shutters.png,6ab6ec03ec082f02d7bd974af4c74ffe8f43d5b5e0a29802dcaa4c68f068bdbf,confirmed,,Wave 36 조합형 파일럿 마스크(기록)(판정 2026-09-30),
experiments,experiments/wave36-building-kit-pilot-20260930/records/masks/add_steps.png,62297e873fdb52f43d235c5514d525de7e89cebea8f604b9fb00336d925c4f8f,confirmed,,Wave 36 조합형 파일럿 마스크(기록)(판정 2026-09-30),
experiments,experiments/wave36-building-kit-pilot-20260930/records/masks/body_boarded.png,917ef585c7b7f7ab92fb6633d94d1c2e13be82d2d7a29dc3902bcc4e8c007547,confirmed,,Wave 36 조합형 파일럿 마스크(기록)(판정 2026-09-30),
experiments,experiments/wave36-building-kit-pilot-20260930/records/masks/body_canonical.png,ec5ee2b10fc252d8e0962e12515112d6165b6fdf815ee3f93636995c07f34d54,confirmed,,Wave 36 조합형 파일럿 마스크(기록)(판정 2026-09-30),
experiments,experiments/wave36-building-kit-pilot-20260930/records/masks/body_cracked.png,f3192ef687df671947a6762376e9b5a3d5a7a03ee6444118bf014655bf41cc24,confirmed,,Wave 36 조합형 파일럿 마스크(기록)(판정 2026-09-30),
experiments,experiments/wave36-building-kit-pilot-20260930/records/masks/body_curved.png,69fd6000ed4197ccbbf64803003805dab49c38c2b4d3a6dbc5d5f94da5b85214,confirmed,,Wave 36 조합형 파일럿 마스크(기록)(판정 2026-09-30),
experiments,experiments/wave36-building-kit-pilot-20260930/records/masks/body_scaffold.png,2b2884db29dd64552614ee29448348df1e14a1634e3144b1e832bedeeae32d4d,confirmed,,Wave 36 조합형 파일럿 마스크(기록)(판정 2026-09-30),
experiments,experiments/wave36-building-kit-pilot-20260930/records/masks/body_square.png,37604e5f2c274ab33a4ea9432f3b478af4be5c63480b6bd3a34bd7393371fc91,confirmed,,Wave 36 조합형 파일럿 마스크(기록)(판정 2026-09-30),
experiments,experiments/wave36-building-kit-pilot-20260930/records/masks/body_vertical.png,fe85f40807f72e6eb6badf0d1ebb9c3f710c6e9db272200f549b48892aeb7326,confirmed,,Wave 36 조합형 파일럿 마스크(기록)(판정 2026-09-30),
experiments,experiments/wave36-building-kit-pilot-20260930/records/masks/roof_canonical.png,64df4bf615d56114ed32c333cdac309566d0558ae48e24aca7d7a4250516263e,confirmed,,Wave 36 조합형 파일럿 마스크(기록)(판정 2026-09-30),
experiments,experiments/wave36-building-kit-pilot-20260930/records/masks/roof_expected.png,fe34c73e675c0b70b6389bb3ccda0670dcd3e311ac066a5d0e2c14b26121867c,confirmed,,Wave 36 조합형 파일럿 마스크(기록)(판정 2026-09-30),
experiments,experiments/wave36-building-kit-pilot-20260930/records/masks/roof_fresh.png,a91f02314c47be68f9feeb7284641e230ca235393acd8b82b5419b631dda17db,confirmed,,Wave 36 조합형 파일럿 마스크(기록)(판정 2026-09-30),
experiments,experiments/wave36-building-kit-pilot-20260930/records/masks/roof_moss.png,a6954bc27954564ca45f4c2e27c0b40d0091dcb186fe863cf2f1f3fb6244d3c2,confirmed,,Wave 36 조합형 파일럿 마스크(기록)(판정 2026-09-30),
experiments,experiments/wave36-building-kit-pilot-20260930/records/masks/roof_snow.png,f1699ebaf2084ac43308cd33d25ef3e2f61d55af6c6dd656db69acbf25aa9663,confirmed,,Wave 36 조합형 파일럿 마스크(기록)(판정 2026-09-30),
experiments,experiments/wave36-building-kit-pilot-20260930/records/masks/roof_soot.png,c9bb72193fd87af16584334578a6002d90025d457e944478d685ab0d1e6aa670,confirmed,,Wave 36 조합형 파일럿 마스크(기록)(판정 2026-09-30),
experiments,experiments/wave36-building-kit-pilot-20260930/records/masks/shadow.png,3ac43f2c238cfb7fb9c04201137768a5558603fecf1bc601be5757bbe42d126d,confirmed,,Wave 36 조합형 파일럿 마스크(기록)(판정 2026-09-30),
experiments,experiments/wave36-building-kit-pilot-20260930/records/masks/sign_ale.png,00a6f211b44ed8c0f62410a4c8313af18ec54b7bfe0ab4cdcf3a79a54bd8383e,confirmed,,Wave 36 조합형 파일럿 마스크(기록)(판정 2026-09-30),
experiments,experiments/wave36-building-kit-pilot-20260930/records/masks/sign_bread.png,0bbbe7d16518a4408cd2e3dae14b141acbf0a54912817aa41487d623bb429970,confirmed,,Wave 36 조합형 파일럿 마스크(기록)(판정 2026-09-30),
experiments,experiments/wave36-building-kit-pilot-20260930/records/masks/sign_merchant.png,0825d282b0aabca7a52069170d756f17ceb3ae24240dca25527469c818503b76,confirmed,,Wave 36 조합형 파일럿 마스크(기록)(판정 2026-09-30),
experiments,experiments/wave36-building-kit-pilot-20260930/records/masks/sign_smith.png,007dce7d0ca239ee9b75e7d541e1a3056767bc007de5e0fbe62dcc2f3c7a8fbf,confirmed,,Wave 36 조합형 파일럿 마스크(기록)(판정 2026-09-30),
experiments,experiments/wave36-building-kit-pilot-20260930/records/masks/sign_textile.png,64cf4fc15151a48ec1f25b18b6ad01302ec0e65c6c2adcee17e60e9ab4ad12ad,confirmed,,Wave 36 조합형 파일럿 마스크(기록)(판정 2026-09-30),
experiments,experiments/wave36-building-kit-pilot-20260930/records/masks/wall_body_curved.png,3e658e46838d6ada28bad9d7b99f954df5e5f58450ad84a3992f5dda31cfdc08,confirmed,,Wave 36 조합형 파일럿 마스크(기록)(판정 2026-09-30),
experiments,experiments/wave36-building-kit-pilot-20260930/records/masks/wall_body_square.png,6904321ddf0f7ec7823dbf7c8073ac333903180570a45abe2f590b916f63fa21,confirmed,,Wave 36 조합형 파일럿 마스크(기록)(판정 2026-09-30),
experiments,experiments/wave36-building-kit-pilot-20260930/records/masks/wall_body_vertical.png,91b74b5408405a1ce5328c2f3aafbf5fd7c1cee026cfe5d48d8550613cb7cc5e,confirmed,,Wave 36 조합형 파일럿 마스크(기록)(판정 2026-09-30),
experiments,experiments/wave36-building-kit-pilot-20260930/records/qa/all-216-1.jpg,240a45e416454abca8f685eba6c85914eb35da2d77a78caede502238d6725550,confirmed,,Wave 36 조합형 파일럿 검수 그림(기록)(판정 2026-09-30),
experiments,experiments/wave36-building-kit-pilot-20260930/records/qa/all-216-2.jpg,3f3ac680a9b7a239a90b6540b3ab9d0d33b5d060b044ebf93927520f23f0632e,confirmed,,Wave 36 조합형 파일럿 검수 그림(기록)(판정 2026-09-30),
experiments,experiments/wave36-building-kit-pilot-20260930/records/qa/all-216-3.jpg,ca30e4deabfa453c23eb2cb8bebbe90f30ee4b830a1f8fff322f0c29e367fcc2,confirmed,,Wave 36 조합형 파일럿 검수 그림(기록)(판정 2026-09-30),
experiments,experiments/wave36-building-kit-pilot-20260930/records/qa/all-216-4.jpg,9e1689a5f3d3b4962ffaa6e16beab6bef726b24bc8c16edb8e7e89410601f34d,confirmed,,Wave 36 조합형 파일럿 검수 그림(기록)(판정 2026-09-30),
experiments,experiments/wave36-building-kit-pilot-20260930/records/qa/all-216-5.jpg,a1b6448fee114ef35fffef882a65a109ac9da4ac6682f99422896a132c8cc1ee,confirmed,,Wave 36 조합형 파일럿 검수 그림(기록)(판정 2026-09-30),
experiments,experiments/wave36-building-kit-pilot-20260930/records/qa/all-216-6.jpg,766a1de109e55df0768b74c7742f1cd7fcc93bcb5e49e27721a717513209a355,confirmed,,Wave 36 조합형 파일럿 검수 그림(기록)(판정 2026-09-30),
experiments,experiments/wave36-building-kit-pilot-20260930/records/qa/anchor-annotations.png,08df247f9a732161bb2031e19864da8af7558e8ef1cc0ac614cf3eb3aa6ebfd1,confirmed,,Wave 36 조합형 파일럿 검수 그림(기록)(판정 2026-09-30),
experiments,experiments/wave36-building-kit-pilot-20260930/records/qa/city-before-after.jpg,bd9f08a9fd445394262212c62d5eb75157b3de5e1d22b7699031df096c6b881c,confirmed,,Wave 36 조합형 파일럿 검수 그림(기록)(판정 2026-09-30),
experiments,experiments/wave36-building-kit-pilot-20260930/records/qa/city-context-after.jpg,30dbf486f319e55a13194304afecb653b14ba431e2703ec9f9d3f163c6875033,confirmed,,Wave 36 조합형 파일럿 검수 그림(기록)(판정 2026-09-30),
experiments,experiments/wave36-building-kit-pilot-20260930/records/qa/core-source-contact.png,ec8741bf9e107977ce497765b8df2d5440e3d1c84e7ce77ec4a1f80dc6ba67b5,confirmed,,Wave 36 조합형 파일럿 검수 그림(기록)(판정 2026-09-30),
experiments,experiments/wave36-building-kit-pilot-20260930/records/qa/parts-contact.jpg,0729ce5afb1cdd91d9c406a9f8bffcc5fc3e5a1f3b32d456ffb8c6bb50994cc8,confirmed,,Wave 36 조합형 파일럿 검수 그림(기록)(판정 2026-09-30),
experiments,experiments/wave36-building-kit-pilot-20260930/records/qa/profession-attachments.jpg,eaf30cb4a4902cd009f10c13e338cfe03561b1db84cdd0d43bf13983be7c3bed,confirmed,,Wave 36 조합형 파일럿 검수 그림(기록)(판정 2026-09-30),
experiments,experiments/wave36-building-kit-pilot-20260930/records/qa/props-source-contact.png,736ccf2e8ee3dadaf4502ea1d20d09ee6b84c262a2a4cf02dbb0df10192cdd06,confirmed,,Wave 36 조합형 파일럿 검수 그림(기록)(판정 2026-09-30),
experiments,experiments/wave36-building-kit-pilot-20260930/records/qa/reference-4x.png,bcf845fed1cd3fbfd04d27e31d4fa2679d1ba5895b5b2055dc10203f12c519fc,confirmed,,Wave 36 조합형 파일럿 검수 그림(기록)(판정 2026-09-30),
experiments,experiments/wave36-building-kit-pilot-20260930/records/qa/seams-addition-200-400.jpg,4bbc306276c41bd5a490dca3e0b548f4637ddb03a77c537fcb9d22c4920bbdd3,confirmed,,Wave 36 조합형 파일럿 검수 그림(기록)(판정 2026-09-30),
experiments,experiments/wave36-building-kit-pilot-20260930/records/qa/seams-roof-200-400.jpg,64c9e6aa7478e5978ff5c0230ba2660f42b43fbfdb7b9ed217275eff5274be6f,confirmed,,Wave 36 조합형 파일럿 검수 그림(기록)(판정 2026-09-30),
experiments,experiments/wave36-building-kit-pilot-20260930/records/qa/seams-sign-200-400.jpg,fabdf73a30b04f306c7abe532617c24f8e4c979bfef587522360d0a0187450a7,confirmed,,Wave 36 조합형 파일럿 검수 그림(기록)(판정 2026-09-30),
experiments,experiments/wave36-building-kit-pilot-20260930/records/qa/states-all-1.jpg,8d0a5560d0fba44192708f4fba9e21f1d311992a32ed68ceed190d98b29c1d7c,confirmed,,Wave 36 조합형 파일럿 검수 그림(기록)(판정 2026-09-30),
experiments,experiments/wave36-building-kit-pilot-20260930/records/qa/states-all-2.jpg,0d5bd1e3b2bc95f0f07c786a992e0eefac02c6532646bee9661620a633fc43b8,confirmed,,Wave 36 조합형 파일럿 검수 그림(기록)(판정 2026-09-30),
experiments,experiments/wave36-building-kit-pilot-20260930/records/qa/states-all-3.jpg,cac282aecec07e3a21964709c87735d0fe5790d5c5b4712afd4d1864a717f5d2,confirmed,,Wave 36 조합형 파일럿 검수 그림(기록)(판정 2026-09-30),
experiments,experiments/wave36-building-kit-pilot-20260930/records/qa/states-all-4.jpg,8b8f6c174ebb612dc73598d271c7fed793e9e5add705645dd89e52be9937818c,confirmed,,Wave 36 조합형 파일럿 검수 그림(기록)(판정 2026-09-30),
experiments,experiments/wave36-building-kit-pilot-20260930/records/qa/states-all-5.jpg,4ac9a4c7a4f86213fe4d1d3c42266d62dcb08de4fd93bc6ea50a11e3b893051e,confirmed,,Wave 36 조합형 파일럿 검수 그림(기록)(판정 2026-09-30),
experiments,experiments/wave36-building-kit-pilot-20260930/records/qa/states-all-6.jpg,d2a5e653d0b4f819df6068112ebc7808dc3c25015b370af6243a235e0111d25e,confirmed,,Wave 36 조합형 파일럿 검수 그림(기록)(판정 2026-09-30),
l1-tile,l1-tile/tile-v1/assets/house_l1_tile-v1.png,3ae4137b5fc09dae322b41fd88626cd0ab635557c371471e9feae39d0712d4a0,confirmed,,판정표에 없음 — 판정 필요 · 설치 확인: public/assets/buildings/variants-wave2/house_l1_tile-v1.png,622e588
lineage-pilot,lineage-pilot/pilot1-20260928/assets/common/L0_001_baby.png,99ca68e4d3a828fb37a10a3671e2f327a12bcef04c935ffafa03dd10f8feb37d,rejected,,"본 제작 공통 풀로 대체(판정 2026-09-28) · 이전 비고: 본 제작 1차 공통 풀과 함께 판정(판정 2026-09-28) · 이전 비고: 파일럿 1 — 가족 묶기 통과, 형제 구별 실패, 파일럿 2 대기 · 아기·어린이 공통 풀 — 파일럿 2 결과와 함께 판정",
lineage-pilot,lineage-pilot/pilot1-20260928/assets/common/L0_002_baby.png,1f0b86c0ba3dde14d98ebe0530ae4b58beba76a7373e7c8713516f912d13fae1,rejected,,"본 제작 공통 풀로 대체(판정 2026-09-28) · 이전 비고: 본 제작 1차 공통 풀과 함께 판정(판정 2026-09-28) · 이전 비고: 파일럿 1 — 가족 묶기 통과, 형제 구별 실패, 파일럿 2 대기 · 아기·어린이 공통 풀 — 파일럿 2 결과와 함께 판정",
lineage-pilot,lineage-pilot/pilot1-20260928/assets/common/L0_003_baby.png,32070e4e3896547c3ba85e240bb0446ba8379d4812d429c9599bb41ee7181091,rejected,,"본 제작 공통 풀로 대체(판정 2026-09-28) · 이전 비고: 본 제작 1차 공통 풀과 함께 판정(판정 2026-09-28) · 이전 비고: 파일럿 1 — 가족 묶기 통과, 형제 구별 실패, 파일럿 2 대기 · 아기·어린이 공통 풀 — 파일럿 2 결과와 함께 판정",
lineage-pilot,lineage-pilot/pilot1-20260928/assets/common/L0_004_baby.png,dc4bf4e7ea856e35b0d1a53869bcb5218381dbdbe4a163a3162f732834057e87,rejected,,"본 제작 공통 풀로 대체(판정 2026-09-28) · 이전 비고: 본 제작 1차 공통 풀과 함께 판정(판정 2026-09-28) · 이전 비고: 파일럿 1 — 가족 묶기 통과, 형제 구별 실패, 파일럿 2 대기 · 아기·어린이 공통 풀 — 파일럿 2 결과와 함께 판정",
lineage-pilot,lineage-pilot/pilot1-20260928/assets/common/L0_005_toddler.png,baafc2dabec580002fceb27e42dc247dfb0063ea18f1445b53f822e8f741ea3c,confirmed,,"본 제작 공통 풀에 재사용되어 확정 — 같은 바이트 lineage/prod1-20260928/assets/common/C_toddler_02.png(판정 2026-09-28) · 이전 비고: 본 제작 1차 공통 풀과 함께 판정(판정 2026-09-28) · 이전 비고: 파일럿 1 — 가족 묶기 통과, 형제 구별 실패, 파일럿 2 대기 · 아기·어린이 공통 풀 — 파일럿 2 결과와 함께 판정",PERSON-1a
lineage-pilot,lineage-pilot/pilot1-20260928/assets/common/L0_006_toddler.png,6e1e04b1b3d9192558ccdc3f9636fdbf602343878296f246a40ca090d935f3c1,confirmed,,"본 제작 공통 풀에 재사용되어 확정 — 같은 바이트 lineage/prod1-20260928/assets/common/C_toddler_01.png(판정 2026-09-28) · 이전 비고: 본 제작 1차 공통 풀과 함께 판정(판정 2026-09-28) · 이전 비고: 파일럿 1 — 가족 묶기 통과, 형제 구별 실패, 파일럿 2 대기 · 아기·어린이 공통 풀 — 파일럿 2 결과와 함께 판정",PERSON-1a
lineage-pilot,lineage-pilot/pilot1-20260928/assets/common/L0_007_toddler.png,be9d696d8d65de2ad490f6e3afe06557fd4f9fd51eb7ab204f24e03d17cd4c37,rejected,,"본 제작 공통 풀로 대체(판정 2026-09-28) · 이전 비고: 본 제작 1차 공통 풀과 함께 판정(판정 2026-09-28) · 이전 비고: 파일럿 1 — 가족 묶기 통과, 형제 구별 실패, 파일럿 2 대기 · 아기·어린이 공통 풀 — 파일럿 2 결과와 함께 판정",
lineage-pilot,lineage-pilot/pilot1-20260928/assets/common/L0_008_toddler.png,eb55227efcc829f9c107f1174f6e896f0df38de549ef954e2bca3999e70b2333,confirmed,,"본 제작 공통 풀에 재사용되어 확정 — 같은 바이트 lineage/prod1-20260928/assets/common/C_toddler_03.png(판정 2026-09-28) · 이전 비고: 본 제작 1차 공통 풀과 함께 판정(판정 2026-09-28) · 이전 비고: 파일럿 1 — 가족 묶기 통과, 형제 구별 실패, 파일럿 2 대기 · 아기·어린이 공통 풀 — 파일럿 2 결과와 함께 판정",PERSON-1a
lineage-pilot,lineage-pilot/pilot1-20260928/assets/common/L0_009_child.png,700358a36406548ea30baf2d84bbdecd7c456ac0d8c732407be74af60bdd7917,rejected,,"본 제작 공통 풀로 대체(판정 2026-09-28) · 이전 비고: 본 제작 1차 공통 풀과 함께 판정(판정 2026-09-28) · 이전 비고: 파일럿 1 — 가족 묶기 통과, 형제 구별 실패, 파일럿 2 대기 · 아기·어린이 공통 풀 — 파일럿 2 결과와 함께 판정",
lineage-pilot,lineage-pilot/pilot1-20260928/assets/common/L0_010_child.png,6aab69099c1ea2a4f6249ad54ad9ff886133fac1c5103ac7c29a6c0232de89ae,rejected,,"본 제작 공통 풀로 대체(판정 2026-09-28) · 이전 비고: 본 제작 1차 공통 풀과 함께 판정(판정 2026-09-28) · 이전 비고: 파일럿 1 — 가족 묶기 통과, 형제 구별 실패, 파일럿 2 대기 · 아기·어린이 공통 풀 — 파일럿 2 결과와 함께 판정",
lineage-pilot,lineage-pilot/pilot1-20260928/assets/common/L0_011_child.png,f522e81c4f61c8128466797337731f5d162108923f217741c54c8c528a8c19bc,confirmed,,"본 제작 공통 풀에 재사용되어 확정 — 같은 바이트 lineage/prod1-20260928/assets/common/C_child_01.png(판정 2026-09-28) · 이전 비고: 본 제작 1차 공통 풀과 함께 판정(판정 2026-09-28) · 이전 비고: 파일럿 1 — 가족 묶기 통과, 형제 구별 실패, 파일럿 2 대기 · 아기·어린이 공통 풀 — 파일럿 2 결과와 함께 판정",PERSON-1a
lineage-pilot,lineage-pilot/pilot1-20260928/assets/common/L0_012_child.png,32b8fc0706cf8392e06ee713f6c2a17cd64497f4cea886f7ef8b399130e6df08,rejected,,"본 제작 공통 풀로 대체(판정 2026-09-28) · 이전 비고: 본 제작 1차 공통 풀과 함께 판정(판정 2026-09-28) · 이전 비고: 파일럿 1 — 가족 묶기 통과, 형제 구별 실패, 파일럿 2 대기 · 아기·어린이 공통 풀 — 파일럿 2 결과와 함께 판정",
lineage-pilot,lineage-pilot/pilot1-20260928/assets/lineage1/L1_101_mature.png,d8c857e8827effddcf34709934e0dc11ff4a086c20e137906fe62b7083f786c4,confirmed,,"가족 구분 통과 인물·가계도 인물 확정(판정 2026-09-28) · 이전 비고: 파일럿 1 — 가족 묶기 통과, 형제 구별 실패, 파일럿 2 대기",PERSON-1a
lineage-pilot,lineage-pilot/pilot1-20260928/assets/lineage1/L1_101_old.png,0c886298ef14d688465e8b53c6c431069ea60a0cfd0f800be4ea16b436103a36,confirmed,,"가족 구분 통과 인물·가계도 인물 확정(판정 2026-09-28) · 이전 비고: 파일럿 1 — 가족 묶기 통과, 형제 구별 실패, 파일럿 2 대기",PERSON-1a
lineage-pilot,lineage-pilot/pilot1-20260928/assets/lineage1/L1_102_mature.png,7606231f6c143ddffc167eaa3dc0cd3ac26494e41ea0c455653198f0b0a28217,confirmed,,"가족 구분 통과 인물·가계도 인물 확정(판정 2026-09-28) · 이전 비고: 파일럿 1 — 가족 묶기 통과, 형제 구별 실패, 파일럿 2 대기",PERSON-1a
lineage-pilot,lineage-pilot/pilot1-20260928/assets/lineage1/L1_102_old.png,6deb5b7c4a57326ef203b2a9db3c31dc70cf566d8183399991ff53abe189ea97,confirmed,,"가족 구분 통과 인물·가계도 인물 확정(판정 2026-09-28) · 이전 비고: 파일럿 1 — 가족 묶기 통과, 형제 구별 실패, 파일럿 2 대기",PERSON-1a
lineage-pilot,lineage-pilot/pilot1-20260928/assets/lineage1/L1_201_baby.png,089d1e1c7bf5fb41b0a986021136540142ea81abc05350e7a554f843d8765daf,confirmed,,"아기 단계 확정 — 파일럿 1 아기가 기준(판정 2026-09-28) · 이전 비고: 파일럿 1 — 가족 묶기 통과, 형제 구별 실패, 파일럿 2 대기 · 아기 → 청년 사슬 — 파일럿 2 결과와 함께 판정",PERSON-1a
lineage-pilot,lineage-pilot/pilot1-20260928/assets/lineage1/L1_201_child.png,7ad77be2e540d48a7411a7fce90a62902a90df53603268a68820ba54f362e51b,confirmed,,"가족 구분 통과 인물·가계도 인물 확정(판정 2026-09-28) · 이전 비고: 파일럿 1 — 가족 묶기 통과, 형제 구별 실패, 파일럿 2 대기 · 아기 → 청년 사슬 — 파일럿 2 결과와 함께 판정",PERSON-1a
lineage-pilot,lineage-pilot/pilot1-20260928/assets/lineage1/L1_201_mature.png,2c4ec624abd77c490ea5a7e10fa752c150515bd2ce278e1716076eab0f17ad8d,confirmed,,"가족 구분 통과 인물·가계도 인물 확정(판정 2026-09-28) · 이전 비고: 파일럿 1 — 가족 묶기 통과, 형제 구별 실패, 파일럿 2 대기",PERSON-1a
lineage-pilot,lineage-pilot/pilot1-20260928/assets/lineage1/L1_201_young.png,b3999905387d14be2ec60bf52be413386f19a7ae66a7dc9216d3412087ec45b8,confirmed,,"가족 구분 통과 인물·가계도 인물 확정(판정 2026-09-28) · 이전 비고: 파일럿 1 — 가족 묶기 통과, 형제 구별 실패, 파일럿 2 대기 · 아기 → 청년 사슬 — 파일럿 2 결과와 함께 판정",PERSON-1a
lineage-pilot,lineage-pilot/pilot1-20260928/assets/lineage1/L1_202_baby.png,480247d7ba84d34b82fb245592ecb9ed89c2a34a33d275e1a86398437c599f36,confirmed,,"아기 단계 확정 — 파일럿 1 아기가 기준(판정 2026-09-28) · 이전 비고: 파일럿 1 — 가족 묶기 통과, 형제 구별 실패, 파일럿 2 대기 · 아기 → 청년 사슬 — 파일럿 2 결과와 함께 판정",PERSON-1a
lineage-pilot,lineage-pilot/pilot1-20260928/assets/lineage1/L1_202_child.png,ebbd1b2e22869568f458db1afd3e6180d908b1e91b713e1c19f0b38289664ff3,confirmed,,"가족 구분 통과 인물·가계도 인물 확정(판정 2026-09-28) · 이전 비고: 파일럿 1 — 가족 묶기 통과, 형제 구별 실패, 파일럿 2 대기 · 아기 → 청년 사슬 — 파일럿 2 결과와 함께 판정",PERSON-1a
lineage-pilot,lineage-pilot/pilot1-20260928/assets/lineage1/L1_202_mature.png,8946bb91f41a7ccbcf16846e12adad44027dfa36139cf09cc6d8386e3a34bd43,confirmed,,"가족 구분 통과 인물·가계도 인물 확정(판정 2026-09-28) · 이전 비고: 파일럿 1 — 가족 묶기 통과, 형제 구별 실패, 파일럿 2 대기",PERSON-1a
lineage-pilot,lineage-pilot/pilot1-20260928/assets/lineage1/L1_202_young.png,5248fd88643d56a1d18a3542a2f474a20287f88218e429ea1a0636855a09247b,confirmed,,"가족 구분 통과 인물·가계도 인물 확정(판정 2026-09-28) · 이전 비고: 파일럿 1 — 가족 묶기 통과, 형제 구별 실패, 파일럿 2 대기 · 아기 → 청년 사슬 — 파일럿 2 결과와 함께 판정",PERSON-1a
lineage-pilot,lineage-pilot/pilot1-20260928/assets/lineage1/L1_203_baby.png,62a3f966b40a526e520fcae1d37fccabc2fa9c252b90507e4c14ce7b327a6dec,superseded,lineage/prod1-20260928/assets/pilot2-baby/L1_203_baby-v2.png,"같은 인물의 파일럿 2 판으로 대체(판정 2026-09-28) · 이전 비고: 파일럿 1 — 가족 묶기 통과, 형제 구별 실패, 파일럿 2 대기 · 아기 → 청년 사슬 — 파일럿 2 결과와 함께 판정 · replaced_by를 파일럿 2 아기 v2로 옮김(2026-09-28)",
lineage-pilot,lineage-pilot/pilot1-20260928/assets/lineage1/L1_203_child.png,51472e3283c10c2a0c848ac30f7d9852cd12322042ecc04709675fd8dfb8a189,superseded,lineage-pilot/pilot2-20260928/assets/gentry/L1_203_child.png,"같은 인물의 파일럿 2 판으로 대체(판정 2026-09-28) · 이전 비고: 파일럿 1 — 가족 묶기 통과, 형제 구별 실패, 파일럿 2 대기 · 아기 → 청년 사슬 — 파일럿 2 결과와 함께 판정",
lineage-pilot,lineage-pilot/pilot1-20260928/assets/lineage1/L1_203_mature.png,7e1096ef1197a74867e6d8c1ef87acb9831f4ead96c860e67bf208bc6a5c3f4d,superseded,lineage-pilot/pilot2-20260928/assets/gentry/L1_203_mature.png,"같은 인물의 파일럿 2 판으로 대체(판정 2026-09-28) · 이전 비고: 파일럿 1 — 가족 묶기 통과, 형제 구별 실패, 파일럿 2 대기",
lineage-pilot,lineage-pilot/pilot1-20260928/assets/lineage1/L1_203_young.png,70dbc44aca405dda7aefecc9816b259c1b893f4afdbf4a502a72a6b26b0ffad1,superseded,lineage-pilot/pilot2-20260928/assets/gentry/L1_203_young.png,"같은 인물의 파일럿 2 판으로 대체(판정 2026-09-28) · 이전 비고: 파일럿 1 — 가족 묶기 통과, 형제 구별 실패, 파일럿 2 대기 · 아기 → 청년 사슬 — 파일럿 2 결과와 함께 판정",
lineage-pilot,lineage-pilot/pilot1-20260928/assets/lineage1/L1_204_baby.png,b8276b3200c2cd4d8eadae3e9fb973a6dadb5be599f9a996188e9c8a8baf4003,superseded,lineage/prod1-20260928/assets/pilot2-baby/L1_204_baby-v2.png,"같은 인물의 파일럿 2 판으로 대체(판정 2026-09-28) · 이전 비고: 파일럿 1 — 가족 묶기 통과, 형제 구별 실패, 파일럿 2 대기 · 아기 → 청년 사슬 — 파일럿 2 결과와 함께 판정 · replaced_by를 파일럿 2 아기 v2로 옮김(2026-09-28)",
lineage-pilot,lineage-pilot/pilot1-20260928/assets/lineage1/L1_204_child.png,cfc94434b9291684b3573fc53decb40bd6c8f8ad3cd815195ab70c0495299100,superseded,lineage-pilot/pilot2-20260928/assets/gentry/L1_204_child.png,"같은 인물의 파일럿 2 판으로 대체(판정 2026-09-28) · 이전 비고: 파일럿 1 — 가족 묶기 통과, 형제 구별 실패, 파일럿 2 대기 · 아기 → 청년 사슬 — 파일럿 2 결과와 함께 판정",
lineage-pilot,lineage-pilot/pilot1-20260928/assets/lineage1/L1_204_mature.png,48c7181dd9468b648cec5feef7cfac4ce2290b944606e2b43c6211971b27b761,superseded,lineage-pilot/pilot2-20260928/assets/gentry/L1_204_mature.png,"같은 인물의 파일럿 2 판으로 대체(판정 2026-09-28) · 이전 비고: 파일럿 1 — 가족 묶기 통과, 형제 구별 실패, 파일럿 2 대기",
lineage-pilot,lineage-pilot/pilot1-20260928/assets/lineage1/L1_204_young.png,2cceeab050a5db464668d1e79c41635b158e32d6db088a487539eec478f2ced7,superseded,lineage-pilot/pilot2-20260928/assets/gentry/L1_204_young.png,"같은 인물의 파일럿 2 판으로 대체(판정 2026-09-28) · 이전 비고: 파일럿 1 — 가족 묶기 통과, 형제 구별 실패, 파일럿 2 대기 · 아기 → 청년 사슬 — 파일럿 2 결과와 함께 판정",
lineage-pilot,lineage-pilot/pilot1-20260928/assets/lineage1/L1_2S1_young.png,f7af01f93e17bf8a06e70f5ed184f8b13ad77afb5d90e75beb8593c80cbd0b0d,confirmed,,"가족 구분 통과 인물·가계도 인물 확정(판정 2026-09-28) · 이전 비고: 파일럿 1 — 가족 묶기 통과, 형제 구별 실패, 파일럿 2 대기",PERSON-1a
lineage-pilot,lineage-pilot/pilot1-20260928/assets/lineage1/L1_2S2_young.png,49b572b9d827c6b2091771cc1b8a7343ffd771da2f0c1af1c9e121a1adb9334a,confirmed,,"가족 구분 통과 인물·가계도 인물 확정(판정 2026-09-28) · 이전 비고: 파일럿 1 — 가족 묶기 통과, 형제 구별 실패, 파일럿 2 대기",PERSON-1a
lineage-pilot,lineage-pilot/pilot1-20260928/assets/lineage1/L1_301_baby.png,43d99c32e7ebacda7c2864c46bbb430c422bd56b03027f9da6b5b5ecfedaaf49,confirmed,,"아기 단계 확정 — 파일럿 1 아기가 기준(판정 2026-09-28) · 이전 비고: 파일럿 1 — 가족 묶기 통과, 형제 구별 실패, 파일럿 2 대기 · 아기 → 청년 사슬 — 파일럿 2 결과와 함께 판정",PERSON-1a
lineage-pilot,lineage-pilot/pilot1-20260928/assets/lineage1/L1_301_child.png,3345f49a472079a48b5b316403b9c7ead2221a0a3770dfc90a1e2d80c49c3522,confirmed,,"가족 구분 통과 인물·가계도 인물 확정(판정 2026-09-28) · 이전 비고: 파일럿 1 — 가족 묶기 통과, 형제 구별 실패, 파일럿 2 대기 · 아기 → 청년 사슬 — 파일럿 2 결과와 함께 판정",PERSON-1a
lineage-pilot,lineage-pilot/pilot1-20260928/assets/lineage1/L1_301_young.png,c30a56dc546dd0af32847ee7a780c40d04c24b861f0b0274bf38cdfec936b112,confirmed,,"가족 구분 통과 인물·가계도 인물 확정(판정 2026-09-28) · 이전 비고: 파일럿 1 — 가족 묶기 통과, 형제 구별 실패, 파일럿 2 대기 · 아기 → 청년 사슬 — 파일럿 2 결과와 함께 판정",PERSON-1a
lineage-pilot,lineage-pilot/pilot1-20260928/assets/lineage1/L1_302_baby.png,2ba4c07d9e033acc31bc24a17fa0601fc50c33e579ce8d59d8138e226c1e04b5,confirmed,,"아기 단계 확정 — 파일럿 1 아기가 기준(판정 2026-09-28) · 이전 비고: 파일럿 1 — 가족 묶기 통과, 형제 구별 실패, 파일럿 2 대기 · 아기 → 청년 사슬 — 파일럿 2 결과와 함께 판정",PERSON-1a
lineage-pilot,lineage-pilot/pilot1-20260928/assets/lineage1/L1_302_child.png,8436ec5c28dc151e2a13ad3b772aa2e02cc59f67ca5767c6fb973af8b70e2617,confirmed,,"가족 구분 통과 인물·가계도 인물 확정(판정 2026-09-28) · 이전 비고: 파일럿 1 — 가족 묶기 통과, 형제 구별 실패, 파일럿 2 대기 · 아기 → 청년 사슬 — 파일럿 2 결과와 함께 판정",PERSON-1a
lineage-pilot,lineage-pilot/pilot1-20260928/assets/lineage1/L1_302_young.png,e0823f322f20fd5ecf5d6d6e449de4c11c0215789a39929b1990057bb39dae46,confirmed,,"가족 구분 통과 인물·가계도 인물 확정(판정 2026-09-28) · 이전 비고: 파일럿 1 — 가족 묶기 통과, 형제 구별 실패, 파일럿 2 대기 · 아기 → 청년 사슬 — 파일럿 2 결과와 함께 판정",PERSON-1a
lineage-pilot,lineage-pilot/pilot1-20260928/assets/lineage1/L1_303_baby.png,7483fc1294d507314ccfe2cc8e9f41c8dff3f797b6e006cff94bc17ed806e9f1,confirmed,,"아기 단계 확정 — 파일럿 1 아기가 기준(판정 2026-09-28) · 이전 비고: 파일럿 1 — 가족 묶기 통과, 형제 구별 실패, 파일럿 2 대기 · 아기 → 청년 사슬 — 파일럿 2 결과와 함께 판정",PERSON-1a
lineage-pilot,lineage-pilot/pilot1-20260928/assets/lineage1/L1_303_child.png,881b8136db88faa447c97b996c7e25740bdaa59a8a16ac8e07b8e2e158ad65d1,confirmed,,"가족 구분 통과 인물·가계도 인물 확정(판정 2026-09-28) · 이전 비고: 파일럿 1 — 가족 묶기 통과, 형제 구별 실패, 파일럿 2 대기 · 아기 → 청년 사슬 — 파일럿 2 결과와 함께 판정",PERSON-1a
lineage-pilot,lineage-pilot/pilot1-20260928/assets/lineage1/L1_303_young.png,cf1544b8a07da209c3cd9e2aeff8cd062266802402057b18fd8326fec8e455b4,confirmed,,"가족 구분 통과 인물·가계도 인물 확정(판정 2026-09-28) · 이전 비고: 파일럿 1 — 가족 묶기 통과, 형제 구별 실패, 파일럿 2 대기 · 아기 → 청년 사슬 — 파일럿 2 결과와 함께 판정",PERSON-1a
lineage-pilot,lineage-pilot/pilot1-20260928/assets/lineage1/L1_304_baby.png,9e64db1723eba4899470de5d5f92ff4e79b56a4fc797f35553a7c42ccc803540,confirmed,,"아기 단계 확정 — 파일럿 1 아기가 기준(판정 2026-09-28) · 이전 비고: 파일럿 1 — 가족 묶기 통과, 형제 구별 실패, 파일럿 2 대기 · 아기 → 청년 사슬 — 파일럿 2 결과와 함께 판정",PERSON-1a
lineage-pilot,lineage-pilot/pilot1-20260928/assets/lineage1/L1_304_child.png,12ef0ff76b6f31541e7e52b297de4711456a9001f9e84f89dee671c87651b439,confirmed,,"가족 구분 통과 인물·가계도 인물 확정(판정 2026-09-28) · 이전 비고: 파일럿 1 — 가족 묶기 통과, 형제 구별 실패, 파일럿 2 대기 · 아기 → 청년 사슬 — 파일럿 2 결과와 함께 판정",PERSON-1a
lineage-pilot,lineage-pilot/pilot1-20260928/assets/lineage1/L1_304_young.png,9f922a4d1e1c06ca63b5d749713970879ab6e66a08700645a3a7920ea2369a02,confirmed,,"가족 구분 통과 인물·가계도 인물 확정(판정 2026-09-28) · 이전 비고: 파일럿 1 — 가족 묶기 통과, 형제 구별 실패, 파일럿 2 대기 · 아기 → 청년 사슬 — 파일럿 2 결과와 함께 판정",PERSON-1a
lineage-pilot,lineage-pilot/pilot1-20260928/assets/lineage2/L2_101_mature.png,3d16c77ac0391e699e976a4f69677199703d887b703ef60bc87ba45890aee10c,confirmed,,"가족 구분 통과 인물·가계도 인물 확정(판정 2026-09-28) · 이전 비고: 파일럿 1 — 가족 묶기 통과, 형제 구별 실패, 파일럿 2 대기",PERSON-1a
lineage-pilot,lineage-pilot/pilot1-20260928/assets/lineage2/L2_101_old.png,6e0bfc25380913cd7630349c06c24e38b18dec188febccf893e994a4ef0608b6,confirmed,,"가족 구분 통과 인물·가계도 인물 확정(판정 2026-09-28) · 이전 비고: 파일럿 1 — 가족 묶기 통과, 형제 구별 실패, 파일럿 2 대기",PERSON-1a
lineage-pilot,lineage-pilot/pilot1-20260928/assets/lineage2/L2_102_mature.png,a601915bf870e448aed838958794c23d3791bca02f645d5d545b90960d9c1852,confirmed,,"가족 구분 통과 인물·가계도 인물 확정(판정 2026-09-28) · 이전 비고: 파일럿 1 — 가족 묶기 통과, 형제 구별 실패, 파일럿 2 대기",PERSON-1a
lineage-pilot,lineage-pilot/pilot1-20260928/assets/lineage2/L2_102_old.png,4b7379b9e1b46086bfe83c694f2698fdca114d1b658445b9d46e5c29fdf0fe42,confirmed,,"가족 구분 통과 인물·가계도 인물 확정(판정 2026-09-28) · 이전 비고: 파일럿 1 — 가족 묶기 통과, 형제 구별 실패, 파일럿 2 대기",PERSON-1a
lineage-pilot,lineage-pilot/pilot1-20260928/assets/lineage2/L2_201_baby.png,800d5dbbff500fb59e0fdbcb9029a33e1d97c8d670333625c0e2858fd133708d,superseded,lineage/prod1-20260928/assets/pilot2-baby/L2_201_baby-v2.png,"같은 인물의 파일럿 2 판으로 대체(판정 2026-09-28) · 이전 비고: 파일럿 1 — 가족 묶기 통과, 형제 구별 실패, 파일럿 2 대기 · 아기 → 청년 사슬 — 파일럿 2 결과와 함께 판정 · replaced_by를 파일럿 2 아기 v2로 옮김(2026-09-28)",
lineage-pilot,lineage-pilot/pilot1-20260928/assets/lineage2/L2_201_child.png,618d900294f0841e68c9513493b4c6651a475154bed6f05d1682e0a209500175,superseded,lineage-pilot/pilot2-20260928/assets/brothers/L2_201_child.png,"같은 인물의 파일럿 2 판으로 대체(판정 2026-09-28) · 이전 비고: 파일럿 1 — 가족 묶기 통과, 형제 구별 실패, 파일럿 2 대기 · 아기 → 청년 사슬 — 파일럿 2 결과와 함께 판정",
lineage-pilot,lineage-pilot/pilot1-20260928/assets/lineage2/L2_201_mature.png,81a61c9766ccda4db5f91516201eca8e599dccfdb2a7aa985087b1a9ef25b111,superseded,lineage-pilot/pilot2-20260928/assets/brothers/L2_201_mature.png,"같은 인물의 파일럿 2 판으로 대체(판정 2026-09-28) · 이전 비고: 파일럿 1 — 가족 묶기 통과, 형제 구별 실패, 파일럿 2 대기",
lineage-pilot,lineage-pilot/pilot1-20260928/assets/lineage2/L2_201_young.png,6237b7185c274d9704204d8d839236848eca419da40492aa5090d5d8caa367b0,superseded,lineage-pilot/pilot2-20260928/assets/brothers/L2_201_young.png,"같은 인물의 파일럿 2 판으로 대체(판정 2026-09-28) · 이전 비고: 파일럿 1 — 가족 묶기 통과, 형제 구별 실패, 파일럿 2 대기 · 아기 → 청년 사슬 — 파일럿 2 결과와 함께 판정",
lineage-pilot,lineage-pilot/pilot1-20260928/assets/lineage2/L2_202_baby.png,25cd3c68639dbb95a7d42f22b1673f893cf695a0434bbdaf598c37f2c9d22c3b,superseded,lineage/prod1-20260928/assets/pilot2-baby/L2_202_baby-v2.png,"같은 인물의 파일럿 2 판으로 대체(판정 2026-09-28) · 이전 비고: 파일럿 1 — 가족 묶기 통과, 형제 구별 실패, 파일럿 2 대기 · 아기 → 청년 사슬 — 파일럿 2 결과와 함께 판정 · replaced_by를 파일럿 2 아기 v2로 옮김(2026-09-28)",
lineage-pilot,lineage-pilot/pilot1-20260928/assets/lineage2/L2_202_child.png,6d9f0563ce7d09ce55ec6f65f0d7adcb3e85455eeb0fbe0540553f24a4ee4cd0,superseded,lineage-pilot/pilot2-20260928/assets/brothers/L2_202_child.png,"같은 인물의 파일럿 2 판으로 대체(판정 2026-09-28) · 이전 비고: 파일럿 1 — 가족 묶기 통과, 형제 구별 실패, 파일럿 2 대기 · 아기 → 청년 사슬 — 파일럿 2 결과와 함께 판정",
lineage-pilot,lineage-pilot/pilot1-20260928/assets/lineage2/L2_202_mature.png,aa56e4c7c6db76c32162c6dfd3e3f9e070803c98d155eebcfe33b18f1df9af7b,superseded,lineage-pilot/pilot2-20260928/assets/brothers/L2_202_mature.png,"같은 인물의 파일럿 2 판으로 대체(판정 2026-09-28) · 이전 비고: 파일럿 1 — 가족 묶기 통과, 형제 구별 실패, 파일럿 2 대기",
lineage-pilot,lineage-pilot/pilot1-20260928/assets/lineage2/L2_202_young.png,6d7540348a7e949024b38fb66ff28316b2cf8fea718f0edc31ac96a019d735e6,superseded,lineage-pilot/pilot2-20260928/assets/brothers/L2_202_young.png,"같은 인물의 파일럿 2 판으로 대체(판정 2026-09-28) · 이전 비고: 파일럿 1 — 가족 묶기 통과, 형제 구별 실패, 파일럿 2 대기 · 아기 → 청년 사슬 — 파일럿 2 결과와 함께 판정",
lineage-pilot,lineage-pilot/pilot1-20260928/assets/lineage2/L2_203_baby.png,b4e2b27e1b43f0d4733b65b7f7153410ad8672ddfaec1f8a24af4e489adf09b6,superseded,lineage/prod1-20260928/assets/pilot2-baby/L2_203_baby-v2.png,"같은 인물의 파일럿 2 판으로 대체(판정 2026-09-28) · 이전 비고: 파일럿 1 — 가족 묶기 통과, 형제 구별 실패, 파일럿 2 대기 · 아기 → 청년 사슬 — 파일럿 2 결과와 함께 판정 · replaced_by를 파일럿 2 아기 v2로 옮김(2026-09-28)",
lineage-pilot,lineage-pilot/pilot1-20260928/assets/lineage2/L2_203_child.png,c001ddcc1d4e934087f40e1ff5aacc9f7e810235ffc5fac83491d58d93c6c114,superseded,lineage-pilot/pilot2-20260928/assets/sisters/L2_203_child.png,"같은 인물의 파일럿 2 판으로 대체(판정 2026-09-28) · 이전 비고: 파일럿 1 — 가족 묶기 통과, 형제 구별 실패, 파일럿 2 대기 · 아기 → 청년 사슬 — 파일럿 2 결과와 함께 판정",
lineage-pilot,lineage-pilot/pilot1-20260928/assets/lineage2/L2_203_mature.png,7756bba6b54c8d5a04ebd91e1f88b4397654af5ba0ce8d7d2b53b29d367e758d,superseded,lineage-pilot/pilot2-20260928/assets/sisters/L2_203_mature.png,"같은 인물의 파일럿 2 판으로 대체(판정 2026-09-28) · 이전 비고: 파일럿 1 — 가족 묶기 통과, 형제 구별 실패, 파일럿 2 대기",
lineage-pilot,lineage-pilot/pilot1-20260928/assets/lineage2/L2_203_young.png,18d29211d2f87e47cc5fcc472e01f60e3c23b89b0e76f1e3d431269d825ec72a,superseded,lineage-pilot/pilot2-20260928/assets/sisters/L2_203_young.png,"같은 인물의 파일럿 2 판으로 대체(판정 2026-09-28) · 이전 비고: 파일럿 1 — 가족 묶기 통과, 형제 구별 실패, 파일럿 2 대기 · 아기 → 청년 사슬 — 파일럿 2 결과와 함께 판정",
lineage-pilot,lineage-pilot/pilot1-20260928/assets/lineage2/L2_204_baby.png,a8d530b6e7df63039bfb67d8dc59ed649c8ff12a157f11641099dca974d9d084,superseded,lineage/prod1-20260928/assets/pilot2-baby/L2_204_baby-v2.png,"같은 인물의 파일럿 2 판으로 대체(판정 2026-09-28) · 이전 비고: 파일럿 1 — 가족 묶기 통과, 형제 구별 실패, 파일럿 2 대기 · 아기 → 청년 사슬 — 파일럿 2 결과와 함께 판정 · replaced_by를 파일럿 2 아기 v2로 옮김(2026-09-28)",
lineage-pilot,lineage-pilot/pilot1-20260928/assets/lineage2/L2_204_child.png,d5d5c2bb67619acc326585d8e21191b3d75955786d863fc80c0fc81970bbe80f,superseded,lineage-pilot/pilot2-20260928/assets/sisters/L2_204_child.png,"같은 인물의 파일럿 2 판으로 대체(판정 2026-09-28) · 이전 비고: 파일럿 1 — 가족 묶기 통과, 형제 구별 실패, 파일럿 2 대기 · 아기 → 청년 사슬 — 파일럿 2 결과와 함께 판정",
lineage-pilot,lineage-pilot/pilot1-20260928/assets/lineage2/L2_204_mature.png,95f9a3b271b115af227e2f1447e1a5d7ed1eb7201724054b3825bff1eb68a233,superseded,lineage-pilot/pilot2-20260928/assets/sisters/L2_204_mature.png,"같은 인물의 파일럿 2 판으로 대체(판정 2026-09-28) · 이전 비고: 파일럿 1 — 가족 묶기 통과, 형제 구별 실패, 파일럿 2 대기",
lineage-pilot,lineage-pilot/pilot1-20260928/assets/lineage2/L2_204_young.png,0a89d55994e6747cbd9e57688a67136a081bd3254cd4cdbcd482cecbfc085f95,superseded,lineage-pilot/pilot2-20260928/assets/sisters/L2_204_young.png,"같은 인물의 파일럿 2 판으로 대체(판정 2026-09-28) · 이전 비고: 파일럿 1 — 가족 묶기 통과, 형제 구별 실패, 파일럿 2 대기 · 아기 → 청년 사슬 — 파일럿 2 결과와 함께 판정",
lineage-pilot,lineage-pilot/pilot1-20260928/assets/lineage2/L2_2S1_young.png,ff878c5e01ea7c1bce588d3c3ec33e016c740d78ee6336897610c2839666879d,confirmed,,"가족 구분 통과 인물·가계도 인물 확정(판정 2026-09-28) · 이전 비고: 파일럿 1 — 가족 묶기 통과, 형제 구별 실패, 파일럿 2 대기",PERSON-1a
lineage-pilot,lineage-pilot/pilot1-20260928/assets/lineage2/L2_2S2_young.png,82501b935679937371b98724431af7f6f6d9cde6e0b2a1bf1d4bd76e6995db62,confirmed,,"가족 구분 통과 인물·가계도 인물 확정(판정 2026-09-28) · 이전 비고: 파일럿 1 — 가족 묶기 통과, 형제 구별 실패, 파일럿 2 대기",PERSON-1a
lineage-pilot,lineage-pilot/pilot1-20260928/assets/lineage2/L2_301_baby.png,d614cbce76777c71197ee0cac27abaa9e394d7948d99b3395ae0f51ce549340e,confirmed,,"아기 단계 확정 — 파일럿 1 아기가 기준(판정 2026-09-28) · 이전 비고: 파일럿 1 — 가족 묶기 통과, 형제 구별 실패, 파일럿 2 대기 · 아기 → 청년 사슬 — 파일럿 2 결과와 함께 판정",PERSON-1a
lineage-pilot,lineage-pilot/pilot1-20260928/assets/lineage2/L2_301_child.png,f14eef702849e85e080fa32593ef7a46a39db7ef76bace3c0164c2ef44a31cd6,confirmed,,"가족 구분 통과 인물·가계도 인물 확정(판정 2026-09-28) · 이전 비고: 파일럿 1 — 가족 묶기 통과, 형제 구별 실패, 파일럿 2 대기 · 아기 → 청년 사슬 — 파일럿 2 결과와 함께 판정",PERSON-1a
lineage-pilot,lineage-pilot/pilot1-20260928/assets/lineage2/L2_301_young.png,52fba880a60a3430eed1ad01259f5058767f1e7b1ebc456c71ac37426d0018e7,confirmed,,"가족 구분 통과 인물·가계도 인물 확정(판정 2026-09-28) · 이전 비고: 파일럿 1 — 가족 묶기 통과, 형제 구별 실패, 파일럿 2 대기 · 아기 → 청년 사슬 — 파일럿 2 결과와 함께 판정",PERSON-1a
lineage-pilot,lineage-pilot/pilot1-20260928/assets/lineage2/L2_302_baby.png,cdf697478a1466eb6f128ba6925581a048cc3da4b245146c3de00e1c9b0899b6,confirmed,,"아기 단계 확정 — 파일럿 1 아기가 기준(판정 2026-09-28) · 이전 비고: 파일럿 1 — 가족 묶기 통과, 형제 구별 실패, 파일럿 2 대기 · 아기 → 청년 사슬 — 파일럿 2 결과와 함께 판정",PERSON-1a
lineage-pilot,lineage-pilot/pilot1-20260928/assets/lineage2/L2_302_child.png,b9e750a02a6e604658852d06acc53f67a0e52e9729205113fa757992e068a155,confirmed,,"가족 구분 통과 인물·가계도 인물 확정(판정 2026-09-28) · 이전 비고: 파일럿 1 — 가족 묶기 통과, 형제 구별 실패, 파일럿 2 대기 · 아기 → 청년 사슬 — 파일럿 2 결과와 함께 판정",PERSON-1a
lineage-pilot,lineage-pilot/pilot1-20260928/assets/lineage2/L2_302_young.png,7872e0db7d86ec7838ac3cbdbcff8c65aec140d07969c5d510cfba33a90569b0,confirmed,,"가족 구분 통과 인물·가계도 인물 확정(판정 2026-09-28) · 이전 비고: 파일럿 1 — 가족 묶기 통과, 형제 구별 실패, 파일럿 2 대기 · 아기 → 청년 사슬 — 파일럿 2 결과와 함께 판정",PERSON-1a
lineage-pilot,lineage-pilot/pilot1-20260928/assets/lineage2/L2_303_baby.png,6eeea4dfb65f8f212a095293d2e9d34b467257a1aafcf1ebcccbccae84879ed7,confirmed,,"아기 단계 확정 — 파일럿 1 아기가 기준(판정 2026-09-28) · 이전 비고: 파일럿 1 — 가족 묶기 통과, 형제 구별 실패, 파일럿 2 대기 · 아기 → 청년 사슬 — 파일럿 2 결과와 함께 판정",PERSON-1a
lineage-pilot,lineage-pilot/pilot1-20260928/assets/lineage2/L2_303_child.png,671857d2aed710bd70d8b5beeda08cb9d15bc96282b3ec5fa3d53414bedafdbe,confirmed,,"가족 구분 통과 인물·가계도 인물 확정(판정 2026-09-28) · 이전 비고: 파일럿 1 — 가족 묶기 통과, 형제 구별 실패, 파일럿 2 대기 · 아기 → 청년 사슬 — 파일럿 2 결과와 함께 판정",PERSON-1a
lineage-pilot,lineage-pilot/pilot1-20260928/assets/lineage2/L2_303_young.png,8270ffaa7b3ef0c071e8c85034a47ee2f3a42c07187ef627d05497294eb0e170,confirmed,,"가족 구분 통과 인물·가계도 인물 확정(판정 2026-09-28) · 이전 비고: 파일럿 1 — 가족 묶기 통과, 형제 구별 실패, 파일럿 2 대기 · 아기 → 청년 사슬 — 파일럿 2 결과와 함께 판정",PERSON-1a
lineage-pilot,lineage-pilot/pilot1-20260928/assets/lineage2/L2_304_baby.png,a0b8c0b0b2735da7ba3e542be4e0bebbbfa69c69c472fcfc7d45c0bc6493472e,confirmed,,"아기 단계 확정 — 파일럿 1 아기가 기준(판정 2026-09-28) · 이전 비고: 파일럿 1 — 가족 묶기 통과, 형제 구별 실패, 파일럿 2 대기 · 아기 → 청년 사슬 — 파일럿 2 결과와 함께 판정",PERSON-1a
lineage-pilot,lineage-pilot/pilot1-20260928/assets/lineage2/L2_304_child.png,f37231ad8404dc871f559d95bcc5862e5688f3cd2b42408a748432c3bc4797f1,confirmed,,"가족 구분 통과 인물·가계도 인물 확정(판정 2026-09-28) · 이전 비고: 파일럿 1 — 가족 묶기 통과, 형제 구별 실패, 파일럿 2 대기 · 아기 → 청년 사슬 — 파일럿 2 결과와 함께 판정",PERSON-1a
lineage-pilot,lineage-pilot/pilot1-20260928/assets/lineage2/L2_304_young.png,16fd633bd5c8665abaaecd223a09be227aef1da5968eece25b584652632e849c,confirmed,,"가족 구분 통과 인물·가계도 인물 확정(판정 2026-09-28) · 이전 비고: 파일럿 1 — 가족 묶기 통과, 형제 구별 실패, 파일럿 2 대기 · 아기 → 청년 사슬 — 파일럿 2 결과와 함께 판정",PERSON-1a
lineage-pilot,lineage-pilot/pilot1-20260928/proofs/01-family-trees.png,460e4b06059b7ca15ff369939a0faa0a0c4d32033e3d0d44fa0ab03dd172b278,confirmed,,"확인 그림(판정 2026-09-28) · 이전 비고: 파일럿 1 — 가족 묶기 통과, 형제 구별 실패, 파일럿 2 대기 · 확인 그림",
lineage-pilot,lineage-pilot/pilot1-20260928/proofs/02-blind-family-test.png,5e94d9d898c4b8fed45440e62c4d47604d242ea743cb62b9fb12e3b107222896,confirmed,,"확인 그림(판정 2026-09-28) · 이전 비고: 파일럿 1 — 가족 묶기 통과, 형제 구별 실패, 파일럿 2 대기 · 확인 그림",
lineage-pilot,lineage-pilot/pilot1-20260928/proofs/03-siblings.png,4207eb90ec1b97770e9afdf65dfe6fd4f4ea0eb952498fb206058377b490c11b,confirmed,,"확인 그림(판정 2026-09-28) · 이전 비고: 파일럿 1 — 가족 묶기 통과, 형제 구별 실패, 파일럿 2 대기 · 확인 그림",
lineage-pilot,lineage-pilot/pilot1-20260928/proofs/04-age-chains.png,9d8a011437600cca57fc6f30ab07f537ab8634ed283bb66d635ada9655048c51,confirmed,,"확인 그림(판정 2026-09-28) · 이전 비고: 파일럿 1 — 가족 묶기 통과, 형제 구별 실패, 파일럿 2 대기 · 확인 그림",
lineage-pilot,lineage-pilot/pilot1-20260928/records/blind-face.png,4893977bcdbd623cd1807842da96e2e32949150876f601fa167c0fc564463975,confirmed,,"기록 그림(판정 2026-09-28) · 이전 비고: 파일럿 1 — 가족 묶기 통과, 형제 구별 실패, 파일럿 2 대기 · 기록 그림",
lineage-pilot,lineage-pilot/pilot1-20260928/records/blind-full.png,59754cc630a67e9c8cbae0dc63c95518ad95938ffbd329502b59e6f1c2fe0bb0,confirmed,,"기록 그림(판정 2026-09-28) · 이전 비고: 파일럿 1 — 가족 묶기 통과, 형제 구별 실패, 파일럿 2 대기 · 기록 그림",
lineage-pilot,lineage-pilot/pilot1-20260928/records/commoncontact.png,ebb8c988cc5ef27b472743dce28c445e138995a4a3b4e8a50ccd074910d125c8,confirmed,,"기록 그림(판정 2026-09-28) · 이전 비고: 파일럿 1 — 가족 묶기 통과, 형제 구별 실패, 파일럿 2 대기 · 기록 그림",
lineage-pilot,lineage-pilot/pilot1-20260928/records/commoncontact96.png,288b10583e8ec834b932ff80e7f9c560192ba1fd8c111de85da8d2c939b84d21,confirmed,,"기록 그림(판정 2026-09-28) · 이전 비고: 파일럿 1 — 가족 묶기 통과, 형제 구별 실패, 파일럿 2 대기 · 기록 그림",
lineage-pilot,lineage-pilot/pilot1-20260928/records/contact-lineage1.png,85f94b0ffff58cd97052f2a76dfbce2625dbb00e314044c9d6c244c454dc7711,confirmed,,"기록 그림(판정 2026-09-28) · 이전 비고: 파일럿 1 — 가족 묶기 통과, 형제 구별 실패, 파일럿 2 대기 · 기록 그림",
lineage-pilot,lineage-pilot/pilot1-20260928/records/contact-lineage2.png,e2ab0cc83ea5fc3ae1955665d5c46db4eb935dda9e3371214e00e981d6ab6d7b,confirmed,,"기록 그림(판정 2026-09-28) · 이전 비고: 파일럿 1 — 가족 묶기 통과, 형제 구별 실패, 파일럿 2 대기 · 기록 그림",
lineage-pilot,lineage-pilot/pilot2-20260928/assets/brothers/L2_201_baby.png,117eb06809120c9fad5f23a706fa429ed25530c95361b4f04417fa274ab4fa62,superseded,lineage/prod1-20260928/assets/pilot2-baby/L2_201_baby-v2.png,"0~2살 재작업 v2로 대체(판정 2026-09-28) · 이전 비고: 3~5살로 보임 — 파일럿 2 얼굴에 맞춘 0~2살 아기로 재작업(판정 2026-09-28) · 이전 비고: 파일럿 2 — 실패한 형제 3쌍(L1_203·204, L2_201·202, L2_203·204) 재제작, 동일인 구별 12/12 통과 · 확정(판정 2026-09-28)",
lineage-pilot,lineage-pilot/pilot2-20260928/assets/brothers/L2_201_child.png,561fab508bfa3ecec14f8b3bc6e664545e3b5b44b0e97d926781bf5bd958aa37,confirmed,,"파일럿 2 — 실패한 형제 3쌍(L1_203·204, L2_201·202, L2_203·204) 재제작, 동일인 구별 12/12 통과 · 확정(판정 2026-09-28)",PERSON-1a
lineage-pilot,lineage-pilot/pilot2-20260928/assets/brothers/L2_201_mature.png,55a6051331c729020a3bc9b8941b8073349ad802cbc3b8e23918effc14b96b3b,confirmed,,"파일럿 2 — 실패한 형제 3쌍(L1_203·204, L2_201·202, L2_203·204) 재제작, 동일인 구별 12/12 통과 · 확정(판정 2026-09-28)",PERSON-1a
lineage-pilot,lineage-pilot/pilot2-20260928/assets/brothers/L2_201_young.png,b324ee60b576b4095d2effa9666971d244cba63ec25c55b6ec2c5f7bb16ba779,confirmed,,"파일럿 2 — 실패한 형제 3쌍(L1_203·204, L2_201·202, L2_203·204) 재제작, 동일인 구별 12/12 통과 · 확정(판정 2026-09-28)",PERSON-1a
lineage-pilot,lineage-pilot/pilot2-20260928/assets/brothers/L2_202_baby.png,69d20692a5f19ed16875fb5b24ce1d5cbb8cc744a28de87c51468b701785c301,superseded,lineage/prod1-20260928/assets/pilot2-baby/L2_202_baby-v2.png,"0~2살 재작업 v2로 대체(판정 2026-09-28) · 이전 비고: 3~5살로 보임 — 파일럿 2 얼굴에 맞춘 0~2살 아기로 재작업(판정 2026-09-28) · 이전 비고: 파일럿 2 — 실패한 형제 3쌍(L1_203·204, L2_201·202, L2_203·204) 재제작, 동일인 구별 12/12 통과 · 확정(판정 2026-09-28)",
lineage-pilot,lineage-pilot/pilot2-20260928/assets/brothers/L2_202_child.png,2588e3ddf9961cae8661c45020239c763bbb04dc61495e90fd6337864b8ee8fc,confirmed,,"파일럿 2 — 실패한 형제 3쌍(L1_203·204, L2_201·202, L2_203·204) 재제작, 동일인 구별 12/12 통과 · 확정(판정 2026-09-28)",PERSON-1a
lineage-pilot,lineage-pilot/pilot2-20260928/assets/brothers/L2_202_mature.png,5c580463224d67b2addb7c46f40cba833c5249407cdf0b061d4b94a6d1f11a2c,confirmed,,"파일럿 2 — 실패한 형제 3쌍(L1_203·204, L2_201·202, L2_203·204) 재제작, 동일인 구별 12/12 통과 · 확정(판정 2026-09-28)",PERSON-1a
lineage-pilot,lineage-pilot/pilot2-20260928/assets/brothers/L2_202_young.png,3013146edf2afff32a8b283db53e164e5f7afdc96e7b5610b4311ad2f6ee6c8a,confirmed,,"파일럿 2 — 실패한 형제 3쌍(L1_203·204, L2_201·202, L2_203·204) 재제작, 동일인 구별 12/12 통과 · 확정(판정 2026-09-28)",PERSON-1a
lineage-pilot,lineage-pilot/pilot2-20260928/assets/gentry/L1_203_baby.png,2100561ad6964a812afa0936bdb031b0ff2963987d1d2a5b8b20e1675fc5d8be,superseded,lineage/prod1-20260928/assets/pilot2-baby/L1_203_baby-v2.png,"0~2살 재작업 v2로 대체(판정 2026-09-28) · 이전 비고: 3~5살로 보임 — 파일럿 2 얼굴에 맞춘 0~2살 아기로 재작업(판정 2026-09-28) · 이전 비고: 파일럿 2 — 실패한 형제 3쌍(L1_203·204, L2_201·202, L2_203·204) 재제작, 동일인 구별 12/12 통과 · 확정(판정 2026-09-28)",
lineage-pilot,lineage-pilot/pilot2-20260928/assets/gentry/L1_203_child.png,05e4bb9b9bb02dfa3ab14dde08727cbe934ccb296b8c20442d7310e67cc09b3a,confirmed,,"파일럿 2 — 실패한 형제 3쌍(L1_203·204, L2_201·202, L2_203·204) 재제작, 동일인 구별 12/12 통과 · 확정(판정 2026-09-28)",PERSON-1a
lineage-pilot,lineage-pilot/pilot2-20260928/assets/gentry/L1_203_mature.png,51687115b3139710ac7cbc5cbf7eb55d86297b8953d40cdd8dc0cb05764d9603,confirmed,,"파일럿 2 — 실패한 형제 3쌍(L1_203·204, L2_201·202, L2_203·204) 재제작, 동일인 구별 12/12 통과 · 확정(판정 2026-09-28)",PERSON-1a
lineage-pilot,lineage-pilot/pilot2-20260928/assets/gentry/L1_203_young.png,39dfb7329555038cc9962b0b65af88db863d079a65785025732c1ab36b88f830,confirmed,,"파일럿 2 — 실패한 형제 3쌍(L1_203·204, L2_201·202, L2_203·204) 재제작, 동일인 구별 12/12 통과 · 확정(판정 2026-09-28)",PERSON-1a
lineage-pilot,lineage-pilot/pilot2-20260928/assets/gentry/L1_204_baby.png,c7c6e26f2870c8438e4bb3f3fef6d07556bef3537c9197dc4c210c3f9ad63981,superseded,lineage/prod1-20260928/assets/pilot2-baby/L1_204_baby-v2.png,"0~2살 재작업 v2로 대체(판정 2026-09-28) · 이전 비고: 3~5살로 보임 — 파일럿 2 얼굴에 맞춘 0~2살 아기로 재작업(판정 2026-09-28) · 이전 비고: 파일럿 2 — 실패한 형제 3쌍(L1_203·204, L2_201·202, L2_203·204) 재제작, 동일인 구별 12/12 통과 · 확정(판정 2026-09-28)",
lineage-pilot,lineage-pilot/pilot2-20260928/assets/gentry/L1_204_child.png,ec71123129023d9e9b331f99a2648c89d404d2ece6f8548b611a3a5677ae9d29,confirmed,,"파일럿 2 — 실패한 형제 3쌍(L1_203·204, L2_201·202, L2_203·204) 재제작, 동일인 구별 12/12 통과 · 확정(판정 2026-09-28)",PERSON-1a
lineage-pilot,lineage-pilot/pilot2-20260928/assets/gentry/L1_204_mature.png,056c13125c132e3497bbe6a6a22b42271aca40b406b4c06194fb68e8037e396e,confirmed,,"파일럿 2 — 실패한 형제 3쌍(L1_203·204, L2_201·202, L2_203·204) 재제작, 동일인 구별 12/12 통과 · 확정(판정 2026-09-28)",PERSON-1a
lineage-pilot,lineage-pilot/pilot2-20260928/assets/gentry/L1_204_young.png,3a67fa18e7738d1bdd68d98eda081348969614f7fe007eda38fd8f983fd4093c,confirmed,,"파일럿 2 — 실패한 형제 3쌍(L1_203·204, L2_201·202, L2_203·204) 재제작, 동일인 구별 12/12 통과 · 확정(판정 2026-09-28)",PERSON-1a
lineage-pilot,lineage-pilot/pilot2-20260928/assets/sisters/L2_203_baby.png,3f60fdf9701ca12922c344e7379aa4faa9ae24b1b7fe2b482df93e6a9b4c33b5,superseded,lineage/prod1-20260928/assets/pilot2-baby/L2_203_baby-v2.png,"0~2살 재작업 v2로 대체(판정 2026-09-28) · 이전 비고: 3~5살로 보임 — 파일럿 2 얼굴에 맞춘 0~2살 아기로 재작업(판정 2026-09-28) · 이전 비고: 파일럿 2 — 실패한 형제 3쌍(L1_203·204, L2_201·202, L2_203·204) 재제작, 동일인 구별 12/12 통과 · 확정(판정 2026-09-28)",
lineage-pilot,lineage-pilot/pilot2-20260928/assets/sisters/L2_203_child.png,3089c8e6cc476327109803cfcee9bf4ab2f8b39e0573b9e9d73d95222c2dec30,confirmed,,"파일럿 2 — 실패한 형제 3쌍(L1_203·204, L2_201·202, L2_203·204) 재제작, 동일인 구별 12/12 통과 · 확정(판정 2026-09-28)",PERSON-1a
lineage-pilot,lineage-pilot/pilot2-20260928/assets/sisters/L2_203_mature.png,841f991821173b1e0db5d738662ac92cec3cfb02d176335d6cd539d0005589d2,confirmed,,"파일럿 2 — 실패한 형제 3쌍(L1_203·204, L2_201·202, L2_203·204) 재제작, 동일인 구별 12/12 통과 · 확정(판정 2026-09-28)",PERSON-1a
lineage-pilot,lineage-pilot/pilot2-20260928/assets/sisters/L2_203_young.png,62d8f89a4bbba20feadd844139785e55d23fb1419a1092616a56f4ffc1c9fe68,confirmed,,"파일럿 2 — 실패한 형제 3쌍(L1_203·204, L2_201·202, L2_203·204) 재제작, 동일인 구별 12/12 통과 · 확정(판정 2026-09-28)",PERSON-1a
lineage-pilot,lineage-pilot/pilot2-20260928/assets/sisters/L2_204_baby.png,185334bd9441ebe325884c89829db0ec5a1515055a2d44cb3359f2d0fd4412ed,superseded,lineage/prod1-20260928/assets/pilot2-baby/L2_204_baby-v2.png,"0~2살 재작업 v2로 대체(판정 2026-09-28) · 이전 비고: 3~5살로 보임 — 파일럿 2 얼굴에 맞춘 0~2살 아기로 재작업(판정 2026-09-28) · 이전 비고: 파일럿 2 — 실패한 형제 3쌍(L1_203·204, L2_201·202, L2_203·204) 재제작, 동일인 구별 12/12 통과 · 확정(판정 2026-09-28)",
lineage-pilot,lineage-pilot/pilot2-20260928/assets/sisters/L2_204_child.png,c23316ee10a1ad782968dad0ee644aa6ff122ab88139edf2960903682dadea68,confirmed,,"파일럿 2 — 실패한 형제 3쌍(L1_203·204, L2_201·202, L2_203·204) 재제작, 동일인 구별 12/12 통과 · 확정(판정 2026-09-28)",PERSON-1a
lineage-pilot,lineage-pilot/pilot2-20260928/assets/sisters/L2_204_mature.png,013c272ecf1b604b2aa8b7bcf279d6ccff4f704ad77a04bbf44bdef17688aa4c,confirmed,,"파일럿 2 — 실패한 형제 3쌍(L1_203·204, L2_201·202, L2_203·204) 재제작, 동일인 구별 12/12 통과 · 확정(판정 2026-09-28)",PERSON-1a
lineage-pilot,lineage-pilot/pilot2-20260928/assets/sisters/L2_204_young.png,0d9f24d7943e6c8a7a24bfe39bb12dce6a29551089d1046f8ee90a9ffb619e87,confirmed,,"파일럿 2 — 실패한 형제 3쌍(L1_203·204, L2_201·202, L2_203·204) 재제작, 동일인 구별 12/12 통과 · 확정(판정 2026-09-28)",PERSON-1a
lineage-pilot,lineage-pilot/pilot2-20260928/proofs/01-same-person-blind.png,7de105d26d518a95b014d0a27f77f958d67dc6c1ef77738ad6f4a5c7272b506b,confirmed,,파일럿 2 확인 그림 · 확정(판정 2026-09-28),
lineage-pilot,lineage-pilot/pilot2-20260928/proofs/02-age-chains.png,4a5c10cc269d2644cb5ccae18c860da38df0fa89dd91f5fe76972b22b5870031,confirmed,,파일럿 2 확인 그림 · 확정(판정 2026-09-28),
lineage-pilot,lineage-pilot/pilot2-20260928/proofs/03-before-after.png,e76a301869ccf6692df2a4390e546ebedb24d81b436e7065778d0df4540fb807,confirmed,,파일럿 2 확인 그림 · 확정(판정 2026-09-28),
lineage,lineage/prod1-20260928/assets/L3/L3_101_mature.png,e4977c2efdb45727b02434d612a1e2a52c69d8887483d15ac67670f6e5e41266,confirmed,,본 제작 1차 L3 영주 가문 A 확정(판정 2026-09-28),PERSON-1a
lineage,lineage/prod1-20260928/assets/L3/L3_101_old.png,ba857dc241a3ba6b8a5297ee5a309c00cd30641d1e06c91861ba14037dc29ab0,confirmed,,본 제작 1차 L3 영주 가문 A 확정(판정 2026-09-28),PERSON-1a
lineage,lineage/prod1-20260928/assets/L3/L3_101_young.png,f122f7cd0e39024feac3b6e7ac256a6fb114747987c05748d952b3ec24059e74,confirmed,,본 제작 1차 L3 영주 가문 A 확정(판정 2026-09-28),PERSON-1a
lineage,lineage/prod1-20260928/assets/L3/L3_102_mature.png,a7a070dc7f0d5c7b0104a8dc0a5a9773125e4904d95f94a3d1bbcc7a5f68098e,confirmed,,본 제작 1차 L3 영주 가문 A 확정(판정 2026-09-28),PERSON-1a
lineage,lineage/prod1-20260928/assets/L3/L3_102_old.png,f00d96c59783cf3d62e1f74d10aad586e0658f508365c325a56a798778e417d4,confirmed,,본 제작 1차 L3 영주 가문 A 확정(판정 2026-09-28),PERSON-1a
lineage,lineage/prod1-20260928/assets/L3/L3_102_young.png,86022fda522ad7a327be8a60650ab84563f3af48278192ead14f3dd253a91528,confirmed,,본 제작 1차 L3 영주 가문 A 확정(판정 2026-09-28),PERSON-1a
lineage,lineage/prod1-20260928/assets/L3/L3_201_baby.png,c667bfb982873069b69e9fe3cb2fc1ddc5b2917e60f21d81be720536b028e3b4,confirmed,,본 제작 1차 L3 영주 가문 A 확정(판정 2026-09-28),PERSON-1a
lineage,lineage/prod1-20260928/assets/L3/L3_201_child.png,449992b7d30bd1fc525d7947a279a4ea662c1d73e75c73ae0e0affc18cc02606,confirmed,,본 제작 1차 L3 영주 가문 A 확정(판정 2026-09-28),PERSON-1a
lineage,lineage/prod1-20260928/assets/L3/L3_201_mature.png,8a90e8b157635e00443ee214504661a9c59a02f890714f58d5899073aa9b8e33,confirmed,,본 제작 1차 L3 영주 가문 A 확정(판정 2026-09-28),PERSON-1a
lineage,lineage/prod1-20260928/assets/L3/L3_201_young.png,761a3ab2cab02e5b677726e918c2867aee1ab8d8eb5ee76bbafe210f194c32f4,confirmed,,본 제작 1차 L3 영주 가문 A 확정(판정 2026-09-28),PERSON-1a
lineage,lineage/prod1-20260928/assets/L3/L3_202_baby.png,35b9c14af6b4f92d3fcc638580c50f4da8f3b9b7aef994cfbbafea65ebe59510,confirmed,,본 제작 1차 L3 영주 가문 A 확정(판정 2026-09-28),PERSON-1a
lineage,lineage/prod1-20260928/assets/L3/L3_202_child.png,10d6d3dd8152f489a443561b3e287b80f9e8929c0b8e4efa55cf34cf041dfe8a,confirmed,,본 제작 1차 L3 영주 가문 A 확정(판정 2026-09-28),PERSON-1a
lineage,lineage/prod1-20260928/assets/L3/L3_202_mature.png,0587ea7ec9f7d98a43be70675c15af8359197ad9a17ee9a753f6b22cd9d40f2a,confirmed,,본 제작 1차 L3 영주 가문 A 확정(판정 2026-09-28),PERSON-1a
lineage,lineage/prod1-20260928/assets/L3/L3_202_young.png,8d110442c5eb6b59f82ab9b8e4f2cd06047abdbbd969fbb34e38ab6e3026a9e9,confirmed,,본 제작 1차 L3 영주 가문 A 확정(판정 2026-09-28),PERSON-1a
lineage,lineage/prod1-20260928/assets/L3/L3_203_baby.png,5c30d35c47cb1849c4e547e57652513e3ae7db211ec4fbf457fa54a0dc15153d,confirmed,,본 제작 1차 L3 영주 가문 A 확정(판정 2026-09-28),PERSON-1a
lineage,lineage/prod1-20260928/assets/L3/L3_203_child.png,b5af232976ad846de58c11d66560f34bdff55a0663f033649e30ad43a06f535a,confirmed,,본 제작 1차 L3 영주 가문 A 확정(판정 2026-09-28),PERSON-1a
lineage,lineage/prod1-20260928/assets/L3/L3_203_mature.png,6079f40725a4c829bfb4f906ebbe8b781236171247e261065af2787780a9d276,confirmed,,본 제작 1차 L3 영주 가문 A 확정(판정 2026-09-28),PERSON-1a
lineage,lineage/prod1-20260928/assets/L3/L3_203_young.png,f740f05bf9d588c65f09fa434a298c6c9ce2aebda63064a1d0be1e9c448cbe09,confirmed,,본 제작 1차 L3 영주 가문 A 확정(판정 2026-09-28),PERSON-1a
lineage,lineage/prod1-20260928/assets/L3/L3_204_baby.png,95c5113433faed0d42944d07960a64551fb36ddb243d801ecbcbe0cedab599c5,confirmed,,본 제작 1차 L3 영주 가문 A 확정(판정 2026-09-28),PERSON-1a
lineage,lineage/prod1-20260928/assets/L3/L3_204_child.png,67728198c3ef3b47011c2f13ebdd2a9333367fc34f6379bd0ddc6e66c648b77a,confirmed,,본 제작 1차 L3 영주 가문 A 확정(판정 2026-09-28),PERSON-1a
lineage,lineage/prod1-20260928/assets/L3/L3_204_mature.png,ed042f4946ccf45f6abc4f36fd80eaa2a64b7955139c10ca549aa164360a1b53,confirmed,,본 제작 1차 L3 영주 가문 A 확정(판정 2026-09-28),PERSON-1a
lineage,lineage/prod1-20260928/assets/L3/L3_204_young.png,b14ddd0e147e3f01d53fd2b72720dcf8de118c4c6d49f773af41fd47e9959593,confirmed,,본 제작 1차 L3 영주 가문 A 확정(판정 2026-09-28),PERSON-1a
lineage,lineage/prod1-20260928/assets/L3/L3_205_mature.png,bea49faef4aca0da970746d5d92b24766641550fa188bd5c4c8538fa34d7b410,confirmed,,본 제작 1차 L3 영주 가문 A 확정(판정 2026-09-28),PERSON-1a
lineage,lineage/prod1-20260928/assets/L3/L3_205_young.png,e9813ba1c2a6db5b131489a4f51632b1c7cc6b899c8c947454fbd8e0728b25c3,confirmed,,본 제작 1차 L3 영주 가문 A 확정(판정 2026-09-28),PERSON-1a
lineage,lineage/prod1-20260928/assets/L3/L3_206_mature.png,818332744c890aa12ca68fff970571a1a6329c18dfb9f258ebd57c50b68dd44c,confirmed,,본 제작 1차 L3 영주 가문 A 확정(판정 2026-09-28),PERSON-1a
lineage,lineage/prod1-20260928/assets/L3/L3_206_young.png,6d67d2cf2edfe0de4142a28067e31d047e9fb2386a59c13e4d70b81fc005d9de,confirmed,,본 제작 1차 L3 영주 가문 A 확정(판정 2026-09-28),PERSON-1a
lineage,lineage/prod1-20260928/assets/L3/L3_301_baby.png,e561d410c90ccd75f8fcb275529dbf4147db40bd713e8c0990595aa7a1a0d33d,confirmed,,본 제작 1차 L3 영주 가문 A 확정(판정 2026-09-28),PERSON-1a
lineage,lineage/prod1-20260928/assets/L3/L3_301_child.png,e00d02ba13b32ff4e74ea2d614423adc35fc10c51b2f7ceaee28df1001abea05,confirmed,,본 제작 1차 L3 영주 가문 A 확정(판정 2026-09-28),PERSON-1a
lineage,lineage/prod1-20260928/assets/L3/L3_301_young.png,afebeb0283da96ae8662f5e49258209838269705f1bdc859fe5668972cba01d4,confirmed,,본 제작 1차 L3 영주 가문 A 확정(판정 2026-09-28),PERSON-1a
lineage,lineage/prod1-20260928/assets/L3/L3_302_baby.png,3cca953cefb1629ca3d471bcd793e9c26475d909a9a2806ee789de0220bf8cb2,confirmed,,본 제작 1차 L3 영주 가문 A 확정(판정 2026-09-28),PERSON-1a
lineage,lineage/prod1-20260928/assets/L3/L3_302_child.png,9edbc0e51ef586b9598249cb79514ea1c14e7de18cf741451c4a9e73999e6d5c,confirmed,,본 제작 1차 L3 영주 가문 A 확정(판정 2026-09-28),PERSON-1a
lineage,lineage/prod1-20260928/assets/L3/L3_302_young.png,1c85423a9ef2c9a3ca219493dc83c74acd3bf79e00b11032a6128362641b97fd,confirmed,,본 제작 1차 L3 영주 가문 A 확정(판정 2026-09-28),PERSON-1a
lineage,lineage/prod1-20260928/assets/L3/L3_303_baby.png,485b682b514370a561efabb4314293ee20eefe33f4a44a8c8c222663633ba32d,confirmed,,본 제작 1차 L3 영주 가문 A 확정(판정 2026-09-28),PERSON-1a
lineage,lineage/prod1-20260928/assets/L3/L3_303_child.png,8413de64a278907d87a19f3dee2b7f7a460c14a68450de2a7c5e0fc9c5abc0ea,confirmed,,본 제작 1차 L3 영주 가문 A 확정(판정 2026-09-28),PERSON-1a
lineage,lineage/prod1-20260928/assets/L3/L3_303_young.png,d8e24cb74f9a7dc014cce6002015086c99e9c6b545934c2c117bff164d09df4f,confirmed,,본 제작 1차 L3 영주 가문 A 확정(판정 2026-09-28),PERSON-1a
lineage,lineage/prod1-20260928/assets/L3/L3_304_baby.png,f144bc4b6ab2ab0d4a3ca37771ec5d755089f4344084e2d83a55e71b33219967,confirmed,,본 제작 1차 L3 영주 가문 A 확정(판정 2026-09-28),PERSON-1a
lineage,lineage/prod1-20260928/assets/L3/L3_304_child.png,c5a6df7577d4f9ecca057576fb712fef6be4e3cc67f70a44e188b0e52870fbbe,confirmed,,본 제작 1차 L3 영주 가문 A 확정(판정 2026-09-28),PERSON-1a
lineage,lineage/prod1-20260928/assets/L3/L3_304_young.png,37bc840cd47f785f0d9b12ba171ae64c0b9089fab41e81631ad11fdd958b90f8,confirmed,,본 제작 1차 L3 영주 가문 A 확정(판정 2026-09-28),PERSON-1a
lineage,lineage/prod1-20260928/assets/L4/L4_101_mature.png,379f4f07efbc5cef632c487f442ec2557a732db4302af58bdae5ac385149ac4e,superseded,lineage/prod1-costume-v2-20260928/assets/L4/L4_101_mature.png,복식 교정 v2로 대체(판정 2026-09-28) · 이전 비고: 상인 복식 재작업(판정 2026-09-28) · 본 제작 1차 L4 양모·직물 상인 가문,
lineage,lineage/prod1-20260928/assets/L4/L4_101_old.png,a9260f1e99015fa25fc47267e05dcda24f39c1f244af3b077bc8378b8641838f,superseded,lineage/prod1-costume-v2-20260928/assets/L4/L4_101_old.png,복식 교정 v2로 대체(판정 2026-09-28) · 이전 비고: 상인 복식 재작업(판정 2026-09-28) · 본 제작 1차 L4 양모·직물 상인 가문,
lineage,lineage/prod1-20260928/assets/L4/L4_101_young.png,db0b98b42de9d4a49e8f4e772e18cffb0195c8f20ebfe3e78e5066b2a5004824,superseded,lineage/prod1-costume-v2-20260928/assets/L4/L4_101_young.png,복식 교정 v2로 대체(판정 2026-09-28) · 이전 비고: 상인 복식 재작업(판정 2026-09-28) · 본 제작 1차 L4 양모·직물 상인 가문,
lineage,lineage/prod1-20260928/assets/L4/L4_102_mature.png,e13d83c2434098038e174b8749067d3ef4f21ae306275b8dbebc18402314c2a3,superseded,lineage/prod1-costume-v2-20260928/assets/L4/L4_102_mature.png,복식 교정 v2로 대체(판정 2026-09-28) · 이전 비고: 상인 복식 재작업(판정 2026-09-28) · 본 제작 1차 L4 양모·직물 상인 가문,
lineage,lineage/prod1-20260928/assets/L4/L4_102_old.png,2e63eeb999fc2111fb4692b2753915991b599f2cdc4e56a15ec6b237b5022bde,superseded,lineage/prod1-costume-v2-20260928/assets/L4/L4_102_old.png,복식 교정 v2로 대체(판정 2026-09-28) · 이전 비고: 상인 복식 재작업(판정 2026-09-28) · 본 제작 1차 L4 양모·직물 상인 가문,
lineage,lineage/prod1-20260928/assets/L4/L4_102_young.png,48811d7fca35860c7d13415af9e91650a877c9430a06ef908c2bec83457ecfe3,superseded,lineage/prod1-costume-v2-20260928/assets/L4/L4_102_young.png,복식 교정 v2로 대체(판정 2026-09-28) · 이전 비고: 상인 복식 재작업(판정 2026-09-28) · 본 제작 1차 L4 양모·직물 상인 가문,
lineage,lineage/prod1-20260928/assets/L4/L4_201_baby.png,67027fdd46b8da15a72e12edadeba72d845f0c3cd75faee967e02fdd1519316a,superseded,lineage/prod1-costume-v2-20260928/assets/L4/L4_201_baby.png,복식 교정 v2로 대체(판정 2026-09-28) · 이전 비고: 상인 복식 재작업(판정 2026-09-28) · 본 제작 1차 L4 양모·직물 상인 가문,
lineage,lineage/prod1-20260928/assets/L4/L4_201_child.png,2fa927a6c6997c4da99d4bf7a9d46bc8fd8b79faa13a5631f9bc045fa3b11ffd,superseded,lineage/prod1-costume-v2-20260928/assets/L4/L4_201_child.png,복식 교정 v2로 대체(판정 2026-09-28) · 이전 비고: 상인 복식 재작업(판정 2026-09-28) · 본 제작 1차 L4 양모·직물 상인 가문,
lineage,lineage/prod1-20260928/assets/L4/L4_201_mature.png,edd3581f711fb7fba4563af643d6c1408037e87e091bae74436fc4f011b00e9c,superseded,lineage/prod1-costume-v2-20260928/assets/L4/L4_201_mature.png,복식 교정 v2로 대체(판정 2026-09-28) · 이전 비고: 상인 복식 재작업(판정 2026-09-28) · 본 제작 1차 L4 양모·직물 상인 가문,
lineage,lineage/prod1-20260928/assets/L4/L4_201_young.png,52ef358223db06edf6ac2b39a4ec421cf7c06e61d6cf098cf45c6664607193f8,superseded,lineage/prod1-costume-v2-20260928/assets/L4/L4_201_young.png,복식 교정 v2로 대체(판정 2026-09-28) · 이전 비고: 상인 복식 재작업(판정 2026-09-28) · 본 제작 1차 L4 양모·직물 상인 가문,
lineage,lineage/prod1-20260928/assets/L4/L4_202_baby.png,f1c7e82385a52b4e4976f2f89d98a221310f2603ab421b5097aa0ba8afb2031c,superseded,lineage/prod1-costume-v2-20260928/assets/L4/L4_202_baby.png,복식 교정 v2로 대체(판정 2026-09-28) · 이전 비고: 상인 복식 재작업(판정 2026-09-28) · 본 제작 1차 L4 양모·직물 상인 가문,
lineage,lineage/prod1-20260928/assets/L4/L4_202_child.png,ea43b344c888ad7ca48c483c2713d5010e776d15f5edbd459793cab4bfeb127e,superseded,lineage/prod1-costume-v2-20260928/assets/L4/L4_202_child.png,복식 교정 v2로 대체(판정 2026-09-28) · 이전 비고: 상인 복식 재작업(판정 2026-09-28) · 본 제작 1차 L4 양모·직물 상인 가문,
lineage,lineage/prod1-20260928/assets/L4/L4_202_mature.png,20b8e55bb7e1725715913bfec9daa63be4db9ff50c77afcd1edd63754d6946fb,superseded,lineage/prod1-costume-v2-20260928/assets/L4/L4_202_mature.png,복식 교정 v2로 대체(판정 2026-09-28) · 이전 비고: 상인 복식 재작업(판정 2026-09-28) · 본 제작 1차 L4 양모·직물 상인 가문,
lineage,lineage/prod1-20260928/assets/L4/L4_202_young.png,d4f24fdaf777e78dc4a4c8eecdd4f8aeed7c4cfc22122d2aa2afb8818bf3f439,superseded,lineage/prod1-costume-v2-20260928/assets/L4/L4_202_young.png,복식 교정 v2로 대체(판정 2026-09-28) · 이전 비고: 상인 복식 재작업(판정 2026-09-28) · 본 제작 1차 L4 양모·직물 상인 가문,
lineage,lineage/prod1-20260928/assets/L4/L4_203_baby.png,d7800e6b1d512d4fac1f648f1b8e35d34f687855510a65aa6bb8e3d1173d9a27,superseded,lineage/prod1-costume-v2-20260928/assets/L4/L4_203_baby.png,복식 교정 v2로 대체(판정 2026-09-28) · 이전 비고: 상인 복식 재작업(판정 2026-09-28) · 본 제작 1차 L4 양모·직물 상인 가문,
lineage,lineage/prod1-20260928/assets/L4/L4_203_child.png,51008f9c6cff788624f71fa2770435d8b7c93db3d9a58ad8e49003c4a55f737d,superseded,lineage/prod1-costume-v2-20260928/assets/L4/L4_203_child.png,복식 교정 v2로 대체(판정 2026-09-28) · 이전 비고: 상인 복식 재작업(판정 2026-09-28) · 본 제작 1차 L4 양모·직물 상인 가문,
lineage,lineage/prod1-20260928/assets/L4/L4_203_mature.png,319aebed8d7c4fcaba61652138dcfffd2738dc8982eb72cdd93ed51b9a92d9c7,superseded,lineage/prod1-costume-v2-20260928/assets/L4/L4_203_mature.png,복식 교정 v2로 대체(판정 2026-09-28) · 이전 비고: 상인 복식 재작업(판정 2026-09-28) · 본 제작 1차 L4 양모·직물 상인 가문,
lineage,lineage/prod1-20260928/assets/L4/L4_203_young.png,7193962f146973810a4740ca5688e8da49f1cc3549d287f0f51830d6e433df86,superseded,lineage/prod1-costume-v2-20260928/assets/L4/L4_203_young.png,복식 교정 v2로 대체(판정 2026-09-28) · 이전 비고: 상인 복식 재작업(판정 2026-09-28) · 본 제작 1차 L4 양모·직물 상인 가문,
lineage,lineage/prod1-20260928/assets/L4/L4_204_baby.png,9249b22c00086f02a75bd7bb4e9764fec8236aa4a46061e837db7f1ddaa0f33a,superseded,lineage/prod1-costume-v2-20260928/assets/L4/L4_204_baby.png,복식 교정 v2로 대체(판정 2026-09-28) · 이전 비고: 상인 복식 재작업(판정 2026-09-28) · 본 제작 1차 L4 양모·직물 상인 가문,
lineage,lineage/prod1-20260928/assets/L4/L4_204_child.png,4c364d5811dfe3d006e7c7709908fb9cc7ba7dffc5ff283430e314ee271bfb45,superseded,lineage/prod1-costume-v2-20260928/assets/L4/L4_204_child.png,복식 교정 v2로 대체(판정 2026-09-28) · 이전 비고: 상인 복식 재작업(판정 2026-09-28) · 본 제작 1차 L4 양모·직물 상인 가문,
lineage,lineage/prod1-20260928/assets/L4/L4_204_mature.png,9d4e136b0b8e7022ebc39e1fd14f0da09ed57a3734a7c4a1741d016acb3bfcc8,superseded,lineage/prod1-costume-v2-20260928/assets/L4/L4_204_mature.png,복식 교정 v2로 대체(판정 2026-09-28) · 이전 비고: 상인 복식 재작업(판정 2026-09-28) · 본 제작 1차 L4 양모·직물 상인 가문,
lineage,lineage/prod1-20260928/assets/L4/L4_204_young.png,26623e7844158da65e5ef2bac1d38992b4652276dc62d183294957efb41b0ba0,superseded,lineage/prod1-costume-v2-20260928/assets/L4/L4_204_young.png,복식 교정 v2로 대체(판정 2026-09-28) · 이전 비고: 상인 복식 재작업(판정 2026-09-28) · 본 제작 1차 L4 양모·직물 상인 가문,
lineage,lineage/prod1-20260928/assets/L4/L4_205_mature.png,3eefc836b18696e465b0ae261b3bae179c17a283daaded92f41f04fbf116d29e,superseded,lineage/prod1-costume-v2-20260928/assets/L4/L4_205_mature.png,복식 교정 v2로 대체(판정 2026-09-28) · 이전 비고: 상인 복식 재작업(판정 2026-09-28) · 본 제작 1차 L4 양모·직물 상인 가문,
lineage,lineage/prod1-20260928/assets/L4/L4_205_young.png,d46c43790006f32884c3e2ab7b9240509115871b5808203508426a9c4473dbfe,superseded,lineage/prod1-costume-v2-20260928/assets/L4/L4_205_young.png,복식 교정 v2로 대체(판정 2026-09-28) · 이전 비고: 상인 복식 재작업(판정 2026-09-28) · 본 제작 1차 L4 양모·직물 상인 가문,
lineage,lineage/prod1-20260928/assets/L4/L4_206_mature.png,d991429f372a234e595efc714186d6efeb4a5afdc280bec4ace70f06a0035774,superseded,lineage/prod1-costume-v2-20260928/assets/L4/L4_206_mature.png,복식 교정 v2로 대체(판정 2026-09-28) · 이전 비고: 상인 복식 재작업(판정 2026-09-28) · 본 제작 1차 L4 양모·직물 상인 가문,
lineage,lineage/prod1-20260928/assets/L4/L4_206_young.png,1befe57b4d15e0e0dcc6bf2b79266c91e33215666bb270f5e7e73d8535b2dc59,superseded,lineage/prod1-costume-v2-20260928/assets/L4/L4_206_young.png,복식 교정 v2로 대체(판정 2026-09-28) · 이전 비고: 상인 복식 재작업(판정 2026-09-28) · 본 제작 1차 L4 양모·직물 상인 가문,
lineage,lineage/prod1-20260928/assets/L4/L4_301_baby.png,a45e79ccb8cef0d9e2c40b8e0f74a68bfe3a281bae7d4ad0b8fcac742c313ba4,superseded,lineage/prod1-costume-v2-20260928/assets/L4/L4_301_baby.png,복식 교정 v2로 대체(판정 2026-09-28) · 이전 비고: 상인 복식 재작업(판정 2026-09-28) · 본 제작 1차 L4 양모·직물 상인 가문,
lineage,lineage/prod1-20260928/assets/L4/L4_301_child.png,d7a71a69500f9d664a6a73a4d018856c6ce5ee9cac9485ed2b17454362d41d69,superseded,lineage/prod1-costume-v2-20260928/assets/L4/L4_301_child.png,복식 교정 v2로 대체(판정 2026-09-28) · 이전 비고: 상인 복식 재작업(판정 2026-09-28) · 본 제작 1차 L4 양모·직물 상인 가문,
lineage,lineage/prod1-20260928/assets/L4/L4_301_young.png,c19103978fdff8da2ada8b745637245022f2afc21055c020c2c66eef644fbd65,superseded,lineage/prod1-costume-v2-20260928/assets/L4/L4_301_young.png,복식 교정 v2로 대체(판정 2026-09-28) · 이전 비고: 상인 복식 재작업(판정 2026-09-28) · 본 제작 1차 L4 양모·직물 상인 가문,
lineage,lineage/prod1-20260928/assets/L4/L4_302_baby.png,936ea1760987da4e5269eb0b7a312e64ffce4bca3a33d27c049a721bf277337c,superseded,lineage/prod1-costume-v2-20260928/assets/L4/L4_302_baby.png,복식 교정 v2로 대체(판정 2026-09-28) · 이전 비고: 상인 복식 재작업(판정 2026-09-28) · 본 제작 1차 L4 양모·직물 상인 가문,
lineage,lineage/prod1-20260928/assets/L4/L4_302_child.png,399f83727f73356ad5529865033a71c13ce18605574416b91b613f7cafada6a0,superseded,lineage/prod1-costume-v2-20260928/assets/L4/L4_302_child.png,복식 교정 v2로 대체(판정 2026-09-28) · 이전 비고: 상인 복식 재작업(판정 2026-09-28) · 본 제작 1차 L4 양모·직물 상인 가문,
lineage,lineage/prod1-20260928/assets/L4/L4_302_young.png,8dd53d9acb862bded7a9ccd7c802a2ee29a3297376bd7092fea7f86f0546a5ad,superseded,lineage/prod1-costume-v2-20260928/assets/L4/L4_302_young.png,복식 교정 v2로 대체(판정 2026-09-28) · 이전 비고: 상인 복식 재작업(판정 2026-09-28) · 본 제작 1차 L4 양모·직물 상인 가문,
lineage,lineage/prod1-20260928/assets/L4/L4_303_baby.png,26abd9805b71b42c6190672c11804d14d58cff663b68686fb3dd072e45628319,superseded,lineage/prod1-costume-v2-20260928/assets/L4/L4_303_baby.png,복식 교정 v2로 대체(판정 2026-09-28) · 이전 비고: 상인 복식 재작업(판정 2026-09-28) · 본 제작 1차 L4 양모·직물 상인 가문,
lineage,lineage/prod1-20260928/assets/L4/L4_303_child.png,ee3d74234ea63d347935a37933961beacef7c721cd92eb47f3d59a942541e6b6,superseded,lineage/prod1-costume-v2-20260928/assets/L4/L4_303_child.png,복식 교정 v2로 대체(판정 2026-09-28) · 이전 비고: 상인 복식 재작업(판정 2026-09-28) · 본 제작 1차 L4 양모·직물 상인 가문,
lineage,lineage/prod1-20260928/assets/L4/L4_303_young.png,aba59df4e99ad792657f9ebc40e6ccc69d0ed8e048a2880545cc194e1a64b1bc,superseded,lineage/prod1-costume-v2-20260928/assets/L4/L4_303_young.png,복식 교정 v2로 대체(판정 2026-09-28) · 이전 비고: 상인 복식 재작업(판정 2026-09-28) · 본 제작 1차 L4 양모·직물 상인 가문,
lineage,lineage/prod1-20260928/assets/L4/L4_304_baby.png,9fc45050819ff9e9610ad86569a969fb07c051637c6ba08226ed2f78e32fc395,superseded,lineage/prod1-costume-v2-20260928/assets/L4/L4_304_baby.png,복식 교정 v2로 대체(판정 2026-09-28) · 이전 비고: 상인 복식 재작업(판정 2026-09-28) · 본 제작 1차 L4 양모·직물 상인 가문,
lineage,lineage/prod1-20260928/assets/L4/L4_304_child.png,72072616f175aa6fa6d6995ade857cbd4072b5bcfb0b3a7282b26e56cfe9a433,superseded,lineage/prod1-costume-v2-20260928/assets/L4/L4_304_child.png,복식 교정 v2로 대체(판정 2026-09-28) · 이전 비고: 상인 복식 재작업(판정 2026-09-28) · 본 제작 1차 L4 양모·직물 상인 가문,
lineage,lineage/prod1-20260928/assets/L4/L4_304_young.png,3b34bb57f4bf8eebe250f710713c1d6ead7a3d37c3a260d77a4c1dc31eee128a,superseded,lineage/prod1-costume-v2-20260928/assets/L4/L4_304_young.png,복식 교정 v2로 대체(판정 2026-09-28) · 이전 비고: 상인 복식 재작업(판정 2026-09-28) · 본 제작 1차 L4 양모·직물 상인 가문,
lineage,lineage/prod1-20260928/assets/L5/L5_101_mature.png,dfa5afd4ac7c9fbcb60ff882516eba25fe590ece4de7ba9a0f4ed69067f6e79c,confirmed,,본 제작 1차 L5 reeve 가문 확정(판정 2026-09-28),PERSON-1a
lineage,lineage/prod1-20260928/assets/L5/L5_101_old.png,432c4a1fdab50818316cdbd23be44b8438db03d45c2750f0b24b4cd188b3e89c,confirmed,,본 제작 1차 L5 reeve 가문 확정(판정 2026-09-28),PERSON-1a
lineage,lineage/prod1-20260928/assets/L5/L5_101_young.png,78d2fe5430c7881bba6ed8ea70eb7cea8f21e738863371a4493cc74c365824dd,confirmed,,본 제작 1차 L5 reeve 가문 확정(판정 2026-09-28),PERSON-1a
lineage,lineage/prod1-20260928/assets/L5/L5_102_mature.png,cdeb98c090cb2ceaa01e6004c7bbcb811a89c796670898dbc9842ccb247a04de,superseded,lineage/prod1-costume-v2-20260928/assets/L5/L5_102_mature.png,복식 교정 v2로 대체(판정 2026-09-28) · 이전 비고: 본 제작 1차 L5 reeve 가문 확정(판정 2026-09-28),
lineage,lineage/prod1-20260928/assets/L5/L5_102_old.png,b4fca3213c20e6e716e5ac75289f0575b0ac769c12946c5e641b59fabd992e89,superseded,lineage/prod1-costume-v2-20260928/assets/L5/L5_102_old.png,복식 교정 v2로 대체(판정 2026-09-28) · 이전 비고: 본 제작 1차 L5 reeve 가문 확정(판정 2026-09-28),
lineage,lineage/prod1-20260928/assets/L5/L5_102_young.png,6ce61241b7d07b5ec5cfa1aff52ce724ddefd2517c2f4132db47533dfeae04b4,superseded,lineage/prod1-costume-v2-20260928/assets/L5/L5_102_young.png,복식 교정 v2로 대체(판정 2026-09-28) · 이전 비고: 본 제작 1차 L5 reeve 가문 확정(판정 2026-09-28),
lineage,lineage/prod1-20260928/assets/L5/L5_201_baby.png,da7ddb508e32518ef3d804ee0304917288be89383039afdffaf5fbd0c2ec0691,confirmed,,본 제작 1차 L5 reeve 가문 확정(판정 2026-09-28),PERSON-1a
lineage,lineage/prod1-20260928/assets/L5/L5_201_child.png,32827296ece8c3b5a02eb0647d195545f31dfcd7ae4e34017056f9bc32dd8b7e,confirmed,,본 제작 1차 L5 reeve 가문 확정(판정 2026-09-28),PERSON-1a
lineage,lineage/prod1-20260928/assets/L5/L5_201_mature.png,c7bcf559c23fa86300335da82933902b3df9d0152f2ab8b2384e91fff18cba8c,confirmed,,본 제작 1차 L5 reeve 가문 확정(판정 2026-09-28),PERSON-1a
lineage,lineage/prod1-20260928/assets/L5/L5_201_young.png,c0e2056ad4023081c8de9c3c5970d018122d712042f172f4259e0b2b1c28ac7b,confirmed,,본 제작 1차 L5 reeve 가문 확정(판정 2026-09-28),PERSON-1a
lineage,lineage/prod1-20260928/assets/L5/L5_202_baby.png,c3fad8edc60f372f584997d240272815b11e13d470559f5db2841ad8a0a8ec53,confirmed,,본 제작 1차 L5 reeve 가문 확정(판정 2026-09-28),PERSON-1a
lineage,lineage/prod1-20260928/assets/L5/L5_202_child.png,905ac1279910f83c77a0683921f85e061ee0eeadc94ef9d3207de1cc580eded7,confirmed,,본 제작 1차 L5 reeve 가문 확정(판정 2026-09-28),PERSON-1a
lineage,lineage/prod1-20260928/assets/L5/L5_202_mature.png,a1a4c7da26cd3cb71a4c96cac374164d4d97d52301c9be2e4f739f881060de12,confirmed,,본 제작 1차 L5 reeve 가문 확정(판정 2026-09-28),PERSON-1a
lineage,lineage/prod1-20260928/assets/L5/L5_202_young.png,04b54667e5b3a5dc65569dcf78fd777ac93453bad49df7dea2d9e6e56f671a7c,confirmed,,본 제작 1차 L5 reeve 가문 확정(판정 2026-09-28),PERSON-1a
lineage,lineage/prod1-20260928/assets/L5/L5_203_baby.png,b8b9ec693b986d3d1a20121f37b724ec344903ca5c54f17858da3f3682d02e49,confirmed,,본 제작 1차 L5 reeve 가문 확정(판정 2026-09-28),PERSON-1a
lineage,lineage/prod1-20260928/assets/L5/L5_203_child.png,48600b78a29ffecd328fc8bea791411829610abc173a51ae8c354dec500538b7,confirmed,,본 제작 1차 L5 reeve 가문 확정(판정 2026-09-28),PERSON-1a
lineage,lineage/prod1-20260928/assets/L5/L5_203_mature.png,30346ca20e5c9a5d503e7e4938aa163b03b34346c13f780ada72c86f7aaf1705,confirmed,,본 제작 1차 L5 reeve 가문 확정(판정 2026-09-28),PERSON-1a
lineage,lineage/prod1-20260928/assets/L5/L5_203_young.png,743c7261a8369d15f328d894a61d66258bdcdb9e1663b71e99d103547c9dd741,confirmed,,본 제작 1차 L5 reeve 가문 확정(판정 2026-09-28),PERSON-1a
lineage,lineage/prod1-20260928/assets/L5/L5_204_baby.png,d439609640401b50c43083242ddde5fe9a022c98054faf8bc2d4c863b2a92cdd,confirmed,,본 제작 1차 L5 reeve 가문 확정(판정 2026-09-28),PERSON-1a
lineage,lineage/prod1-20260928/assets/L5/L5_204_child.png,9d00562f3860d3d6ef8899353f11385bbe8fbf857659b335f7705015af909e18,confirmed,,본 제작 1차 L5 reeve 가문 확정(판정 2026-09-28),PERSON-1a
lineage,lineage/prod1-20260928/assets/L5/L5_204_mature.png,1f3eee0e400cdbfbe4c63daf4c31a3033e25bb629546f15516695ad7c45a2a9a,confirmed,,본 제작 1차 L5 reeve 가문 확정(판정 2026-09-28),PERSON-1a
lineage,lineage/prod1-20260928/assets/L5/L5_204_young.png,857b44c17b60ebb49ddf60fbb6a8d12fd3bb2bf0a3e611d48246beb88cfd7d28,confirmed,,본 제작 1차 L5 reeve 가문 확정(판정 2026-09-28),PERSON-1a
lineage,lineage/prod1-20260928/assets/L5/L5_205_mature.png,049dc5e60390502ce6324049be588131d82c504c0c15604bdbd6598ffe3186e3,confirmed,,본 제작 1차 L5 reeve 가문 확정(판정 2026-09-28),PERSON-1a
lineage,lineage/prod1-20260928/assets/L5/L5_205_young.png,b82a7bf102d62aa4c4ce59d20e3668018749eb07e3b22ae01bb510cb9a3467c9,confirmed,,본 제작 1차 L5 reeve 가문 확정(판정 2026-09-28),PERSON-1a
lineage,lineage/prod1-20260928/assets/L5/L5_206_mature.png,d54155ca8256da6edee6d7b7230f959cee1bb141d668532d3e036374067d1f29,confirmed,,본 제작 1차 L5 reeve 가문 확정(판정 2026-09-28),PERSON-1a
lineage,lineage/prod1-20260928/assets/L5/L5_206_young.png,b35bb6c873dec57ed9a5c572676b77ac5fefc626fcb3ce1fc4f2b3ca0c6162eb,confirmed,,본 제작 1차 L5 reeve 가문 확정(판정 2026-09-28),PERSON-1a
lineage,lineage/prod1-20260928/assets/L5/L5_301_baby.png,abdcc410b2e3f59b48170f631474984485289e4001fe42782fd43ca88b35ecd6,confirmed,,본 제작 1차 L5 reeve 가문 확정(판정 2026-09-28),PERSON-1a
lineage,lineage/prod1-20260928/assets/L5/L5_301_child.png,bd48cd7a1ff60472bfcbc9e837779e404153315a16e21926429ac39d68c9dbe5,confirmed,,본 제작 1차 L5 reeve 가문 확정(판정 2026-09-28),PERSON-1a
lineage,lineage/prod1-20260928/assets/L5/L5_301_young.png,de56b7562edcb577b2e4994d85f121bb79593dbca548dfd125bf2402607e0cd8,confirmed,,본 제작 1차 L5 reeve 가문 확정(판정 2026-09-28),PERSON-1a
lineage,lineage/prod1-20260928/assets/L5/L5_302_baby.png,9470f4a030f7877b20fed5daf30550db80ed68b89041a4e1330c796a58126d2b,confirmed,,본 제작 1차 L5 reeve 가문 확정(판정 2026-09-28),PERSON-1a
lineage,lineage/prod1-20260928/assets/L5/L5_302_child.png,5899eb397e7985ad9a23bffd1f1792d8e7c95befa6538178aac813069e5893fd,confirmed,,본 제작 1차 L5 reeve 가문 확정(판정 2026-09-28),PERSON-1a
lineage,lineage/prod1-20260928/assets/L5/L5_302_young.png,0d08de49b8d96451c2ff72d310eab486a854d9dc2caaabad31f8d8fd9eec2a4c,confirmed,,본 제작 1차 L5 reeve 가문 확정(판정 2026-09-28),PERSON-1a
lineage,lineage/prod1-20260928/assets/L5/L5_303_baby.png,d22642cbfa6de169905557075ae55763a7c2942c986809fcaea40798ac0b1a3a,confirmed,,본 제작 1차 L5 reeve 가문 확정(판정 2026-09-28),PERSON-1a
lineage,lineage/prod1-20260928/assets/L5/L5_303_child.png,d260354b8fa60269fd76e14d57b7c73a429e2890991990e516f0fdf4d872538e,confirmed,,본 제작 1차 L5 reeve 가문 확정(판정 2026-09-28),PERSON-1a
lineage,lineage/prod1-20260928/assets/L5/L5_303_young.png,2a465cbcd2231b95e23fa1aebda2a8e4e7145f21386f71a446755af5ca0c3b03,confirmed,,본 제작 1차 L5 reeve 가문 확정(판정 2026-09-28),PERSON-1a
lineage,lineage/prod1-20260928/assets/L5/L5_304_baby.png,4b6af62a1a4f701197caf0513fb025faa3d09bf8b3f8e3afb61544702c074d42,confirmed,,본 제작 1차 L5 reeve 가문 확정(판정 2026-09-28),PERSON-1a
lineage,lineage/prod1-20260928/assets/L5/L5_304_child.png,d722326d64a8dcc5d349cf68919e77093763b9aa2170eb13bdea92f1216a8501,confirmed,,본 제작 1차 L5 reeve 가문 확정(판정 2026-09-28),PERSON-1a
lineage,lineage/prod1-20260928/assets/L5/L5_304_young.png,89122f549f1d8681e56dfbb2459db0074add86e41108de36d331784b43bf11f3,confirmed,,본 제작 1차 L5 reeve 가문 확정(판정 2026-09-28),PERSON-1a
lineage,lineage/prod1-20260928/assets/common/C_baby_01.png,b3002fabefd1a087321bc88d43f9864f13bd1168cf4dcb76ec5d763eb50220bd,confirmed,,본 제작 1차 공통 풀 확정(판정 2026-09-28),PERSON-1a
lineage,lineage/prod1-20260928/assets/common/C_baby_02.png,68117c15ef9ab7850ab7ffafc02eeb7b9a6a45bcd4233c56be88678de4c60343,confirmed,,본 제작 1차 공통 풀 확정(판정 2026-09-28),PERSON-1a
lineage,lineage/prod1-20260928/assets/common/C_baby_03.png,6d7f286fca8792e39ce68b783fc9c18af86fa5487ec3f91fbb1ebce59b50447d,confirmed,,본 제작 1차 공통 풀 확정(판정 2026-09-28),PERSON-1a
lineage,lineage/prod1-20260928/assets/common/C_baby_04.png,e2f657bbd11aaf859bdebf788c7c71813f1af671025a020f55ae08fff730f3d1,confirmed,,본 제작 1차 공통 풀 확정(판정 2026-09-28),PERSON-1a
lineage,lineage/prod1-20260928/assets/common/C_baby_05.png,ad438920cfe8ff19db8e9f4db3aa91171d8eb504f3fb8aebc7e7f9b3fb7e7067,confirmed,,본 제작 1차 공통 풀 확정(판정 2026-09-28),PERSON-1a
lineage,lineage/prod1-20260928/assets/common/C_baby_06.png,5374644551d918b972dd02449fe0ed710a34b4d1415d6a619efe457e9ec89257,confirmed,,본 제작 1차 공통 풀 확정(판정 2026-09-28),PERSON-1a
lineage,lineage/prod1-20260928/assets/common/C_baby_07.png,5b6cd1ea8a16089de83344fe407cdb30453f0eaed6ae5959be15657cb7549b81,confirmed,,본 제작 1차 공통 풀 확정(판정 2026-09-28),PERSON-1a
lineage,lineage/prod1-20260928/assets/common/C_baby_08.png,78d47c1ffb284a8386cde7f98957c3c4fb5fd5c4fd427fd6580a750663a4ecdf,confirmed,,본 제작 1차 공통 풀 확정(판정 2026-09-28),PERSON-1a
lineage,lineage/prod1-20260928/assets/common/C_baby_09.png,33bfaa86cb77a722ec435c8de4d04e2ab7c7321c9190250ad79d5079e1d6b199,confirmed,,본 제작 1차 공통 풀 확정(판정 2026-09-28),PERSON-1a
lineage,lineage/prod1-20260928/assets/common/C_baby_10.png,fbc5523f697eef64d5adc4fcf1a7e3a5f565f322afbe63b6ac435e5ba4e79e5a,confirmed,,본 제작 1차 공통 풀 확정(판정 2026-09-28),PERSON-1a
lineage,lineage/prod1-20260928/assets/common/C_baby_11.png,eff74803ec7249486945cd0b6861c9dfaadda64419084e380c1f735faca9ac9c,confirmed,,본 제작 1차 공통 풀 확정(판정 2026-09-28),PERSON-1a
lineage,lineage/prod1-20260928/assets/common/C_baby_12.png,c0373453c217cb2250a08be12f9a1355c4c09275ff42b89c80d37feb72979594,confirmed,,본 제작 1차 공통 풀 확정(판정 2026-09-28),PERSON-1a
lineage,lineage/prod1-20260928/assets/common/C_baby_13.png,203460956ba29ac5a0552b58ede38c4f3342f363bd83b7f1a09da9483794e07f,confirmed,,본 제작 1차 공통 풀 확정(판정 2026-09-28),PERSON-1a
lineage,lineage/prod1-20260928/assets/common/C_baby_14.png,5bf60cb388b8e64ee8c12b2e5779ad6ebc936ee12fde62316569f052a92004eb,confirmed,,본 제작 1차 공통 풀 확정(판정 2026-09-28),PERSON-1a
lineage,lineage/prod1-20260928/assets/common/C_child_01.png,f522e81c4f61c8128466797337731f5d162108923f217741c54c8c528a8c19bc,confirmed,,본 제작 1차 공통 풀 확정(판정 2026-09-28) · 파일럿 1 L0_011_child.png와 같은 바이트(재사용) · L0_011_child.png와 동일 바이트(정본: lineage-pilot/pilot1-20260928/assets/common/L0_011_child.png),PERSON-1a
lineage,lineage/prod1-20260928/assets/common/C_child_02.png,efc9e2f45e33e1a3df04e9917d3d9e9254409f0e7a819d5769fa812262612562,confirmed,,본 제작 1차 공통 풀 확정(판정 2026-09-28),PERSON-1a
lineage,lineage/prod1-20260928/assets/common/C_child_03.png,2b9340cd1df40b785205ae70c295fce14ee2254ecd63eede4d38a1daf464771b,confirmed,,본 제작 1차 공통 풀 확정(판정 2026-09-28),PERSON-1a
lineage,lineage/prod1-20260928/assets/common/C_child_04.png,aa02178f4875bbaeb21aa504fc4a6f261b6a65f65b199cd07e18f6c8010c9c23,confirmed,,본 제작 1차 공통 풀 확정(판정 2026-09-28),PERSON-1a
lineage,lineage/prod1-20260928/assets/common/C_child_05.png,fd9e271a6b553aeff50ee14f3dad6c8ec3c749003c7f396e87e3c4caf527d60a,confirmed,,본 제작 1차 공통 풀 확정(판정 2026-09-28),PERSON-1a
lineage,lineage/prod1-20260928/assets/common/C_child_06.png,518378d6a56f0b054d259f7cdd73223bb5ddb7f3f6650118b2d7538dd2123ec2,confirmed,,본 제작 1차 공통 풀 확정(판정 2026-09-28),PERSON-1a
lineage,lineage/prod1-20260928/assets/common/C_child_07.png,86512c2b05f778ea70eb320a7a5eccd8df7642906472757865b4a2e938af20c3,confirmed,,본 제작 1차 공통 풀 확정(판정 2026-09-28),PERSON-1a
lineage,lineage/prod1-20260928/assets/common/C_child_08.png,0314d32e9079aac0ccb15cd0335cb414f13820e5022e3b42424aee0c43da92b3,confirmed,,본 제작 1차 공통 풀 확정(판정 2026-09-28),PERSON-1a
lineage,lineage/prod1-20260928/assets/common/C_child_09.png,2a82c308bfb70cc7fff2cc5bd9034238c095a9e833a7532ac6678d2d46758071,confirmed,,본 제작 1차 공통 풀 확정(판정 2026-09-28),PERSON-1a
lineage,lineage/prod1-20260928/assets/common/C_child_10.png,c02b163c347840228fd2e14b575d16a4c383b53248f9ebc777cebe61b71cd049,confirmed,,본 제작 1차 공통 풀 확정(판정 2026-09-28),PERSON-1a
lineage,lineage/prod1-20260928/assets/common/C_child_11.png,a37fd1421dc90316af4e6405b13d9765961d4ed9713d607118a6d56265b111f3,confirmed,,본 제작 1차 공통 풀 확정(판정 2026-09-28),PERSON-1a
lineage,lineage/prod1-20260928/assets/common/C_child_12.png,2239a10089183d47f82c6b33647ce3b567218285c34c88efb042647fbf001ea3,confirmed,,본 제작 1차 공통 풀 확정(판정 2026-09-28),PERSON-1a
lineage,lineage/prod1-20260928/assets/common/C_child_13.png,ac0427dad38c2ec15a1e59a6351f7aba36392854ba1535dc21733fcace5775e8,confirmed,,본 제작 1차 공통 풀 확정(판정 2026-09-28),PERSON-1a
lineage,lineage/prod1-20260928/assets/common/C_child_14.png,05b3bf75772869922d17cdf86499eedce4d7f0e1f612934441e1e8e870900dfe,confirmed,,본 제작 1차 공통 풀 확정(판정 2026-09-28),PERSON-1a
lineage,lineage/prod1-20260928/assets/common/C_toddler_01.png,6e1e04b1b3d9192558ccdc3f9636fdbf602343878296f246a40ca090d935f3c1,confirmed,,본 제작 1차 공통 풀 확정(판정 2026-09-28) · 파일럿 1 L0_006_toddler.png와 같은 바이트(재사용) · L0_006_toddler.png와 동일 바이트(정본: lineage-pilot/pilot1-20260928/assets/common/L0_006_toddler.png),PERSON-1a
lineage,lineage/prod1-20260928/assets/common/C_toddler_02.png,baafc2dabec580002fceb27e42dc247dfb0063ea18f1445b53f822e8f741ea3c,confirmed,,본 제작 1차 공통 풀 확정(판정 2026-09-28) · 파일럿 1 L0_005_toddler.png와 같은 바이트(재사용) · L0_005_toddler.png와 동일 바이트(정본: lineage-pilot/pilot1-20260928/assets/common/L0_005_toddler.png),PERSON-1a
lineage,lineage/prod1-20260928/assets/common/C_toddler_03.png,eb55227efcc829f9c107f1174f6e896f0df38de549ef954e2bca3999e70b2333,confirmed,,본 제작 1차 공통 풀 확정(판정 2026-09-28) · 파일럿 1 L0_008_toddler.png와 같은 바이트(재사용) · L0_008_toddler.png와 동일 바이트(정본: lineage-pilot/pilot1-20260928/assets/common/L0_008_toddler.png),PERSON-1a
lineage,lineage/prod1-20260928/assets/common/C_toddler_04.png,dce06845389078206f6a4d2f177d8d72317601e504eeb87f5deccf2e0e71271b,confirmed,,본 제작 1차 공통 풀 확정(판정 2026-09-28),PERSON-1a
lineage,lineage/prod1-20260928/assets/common/C_toddler_05.png,ed384bd15dc6db48d8c12b08995f9c313447dee4ba60abbd2c52c6cddccecde0,confirmed,,본 제작 1차 공통 풀 확정(판정 2026-09-28),PERSON-1a
lineage,lineage/prod1-20260928/assets/common/C_toddler_06.png,cc60eb37e3422f9d53b662f294faaf875b2944e41155f9e4a7d359dde48d177a,confirmed,,본 제작 1차 공통 풀 확정(판정 2026-09-28),PERSON-1a
lineage,lineage/prod1-20260928/assets/common/C_toddler_07.png,cb4212e4b1df174ef175754560efba18e42b189291df3645da6eb2e99a2a4e34,confirmed,,본 제작 1차 공통 풀 확정(판정 2026-09-28),PERSON-1a
lineage,lineage/prod1-20260928/assets/common/C_toddler_08.png,b94d171e2274b5b1cee8e7e9388558253550b8617e467522e3c5925178c0c3fb,confirmed,,본 제작 1차 공통 풀 확정(판정 2026-09-28),PERSON-1a
lineage,lineage/prod1-20260928/assets/common/C_toddler_09.png,99609d6f2914bc6c28526fceea30a1cb8c25f6edf22e49662fcf5be106c30cb2,confirmed,,본 제작 1차 공통 풀 확정(판정 2026-09-28),PERSON-1a
lineage,lineage/prod1-20260928/assets/common/C_toddler_10.png,548aa984cd6e977a2e1818dc7a86b6904a15d9e52c2ae74ec3d790f770d7fc37,confirmed,,본 제작 1차 공통 풀 확정(판정 2026-09-28),PERSON-1a
lineage,lineage/prod1-20260928/assets/common/C_toddler_11.png,24798976cccdaebc41cec741e0e7757028af4de67c4c6fecce0f1424452b3239,confirmed,,본 제작 1차 공통 풀 확정(판정 2026-09-28),PERSON-1a
lineage,lineage/prod1-20260928/assets/common/C_toddler_12.png,5d4c3ab8008ab94514114f047548be67e6da9ee856cfe423646f08e3e22381c5,confirmed,,본 제작 1차 공통 풀 확정(판정 2026-09-28),PERSON-1a
lineage,lineage/prod1-20260928/assets/pilot2-baby/L1_203_baby-v2.png,d7b9d9a2f03646014ad68151a211003cd0b62eb67b9e952cef5996852ac2118d,confirmed,,본 제작 1차 파일럿 2 아기 v2 확정(판정 2026-09-28) · 0~2살 아기로 재작업한 판,PERSON-1a
lineage,lineage/prod1-20260928/assets/pilot2-baby/L1_204_baby-v2.png,147d9bfe77c26f2fb5e4f12711a0631d5a021929eb264cfd9be9d9476cf32c1b,confirmed,,본 제작 1차 파일럿 2 아기 v2 확정(판정 2026-09-28) · 0~2살 아기로 재작업한 판,PERSON-1a
lineage,lineage/prod1-20260928/assets/pilot2-baby/L2_201_baby-v2.png,cf097647507d63b7db6bb79a9b65534939109d2ba1743b1e19bf8378622cf70e,confirmed,,본 제작 1차 파일럿 2 아기 v2 확정(판정 2026-09-28) · 0~2살 아기로 재작업한 판,PERSON-1a
lineage,lineage/prod1-20260928/assets/pilot2-baby/L2_202_baby-v2.png,b32777e354e8a684eb0b20409c2d08821666957d9dbad5b96b6cf7da88ebbdf1,confirmed,,본 제작 1차 파일럿 2 아기 v2 확정(판정 2026-09-28) · 0~2살 아기로 재작업한 판,PERSON-1a
lineage,lineage/prod1-20260928/assets/pilot2-baby/L2_203_baby-v2.png,79088c511b9a34f94e65f7051e1a981b5df797c1d1899b206a6cc22d56a884a1,confirmed,,본 제작 1차 파일럿 2 아기 v2 확정(판정 2026-09-28) · 0~2살 아기로 재작업한 판,PERSON-1a
lineage,lineage/prod1-20260928/assets/pilot2-baby/L2_204_baby-v2.png,ce4799c918dbae644b4a84a1f46a2ee6817013686e8522eb766f4af5e03458c1,confirmed,,본 제작 1차 파일럿 2 아기 v2 확정(판정 2026-09-28) · 0~2살 아기로 재작업한 판,PERSON-1a
lineage,lineage/prod1-20260928/proofs/01-family-trees.png,352a5ecd4ded60849d5042a0a759cc54a6c4911071be9dd24a9b6956e98ae9da,confirmed,,본 제작 1차 확인 그림(판정 2026-09-28),
lineage,lineage/prod1-20260928/proofs/02-family-blind.png,239abbc319055f00fcba397c1016fc5941f1ae51db56b5bac47a37a909783941,confirmed,,본 제작 1차 확인 그림(판정 2026-09-28),
lineage,lineage/prod1-20260928/proofs/03-same-person-blind.png,f7f44e05ce35da4d9640ed01f307f1e7192112edfdc730a6aa8ac89503922cfb,confirmed,,본 제작 1차 확인 그림(판정 2026-09-28),
lineage,lineage/prod1-20260928/proofs/04-common-pool.png,5a2959050e02b4ce663860c14e8967b564727dfae89ae5adb0cb7af2c5952f58,confirmed,,본 제작 1차 확인 그림(판정 2026-09-28),
lineage,lineage/prod1-20260928/records/L3-adult-independent256.png,1d7e330ebea5dc4b34c746ef21f475683ae062a16588b87c8dcd3712c4e7cdf7,confirmed,,본 제작 1차 기록 그림(판정 2026-09-28),
lineage,lineage/prod1-20260928/records/L3-adult-independent96.png,f89958865825e69c8cb2bcf0cd3475bf4534844382dc4433333fb793a65a2f31,confirmed,,본 제작 1차 기록 그림(판정 2026-09-28),
lineage,lineage/prod1-20260928/records/L3-youth-independent256.png,15634968843f485f2a377721189f0868ef583c257a5727eed09bb8a4722b984f,confirmed,,본 제작 1차 기록 그림(판정 2026-09-28),
lineage,lineage/prod1-20260928/records/L3-youth-independent96.png,bfbe76e52c95d36e8019da29448cb516577148e14b44946d8a5c564730213e88,confirmed,,본 제작 1차 기록 그림(판정 2026-09-28),
lineage,lineage/prod1-20260928/records/L4-final-adults-contact.png,1f3641fafcf34b64d9e7524689a33a15899e020b01daa8eb4e49591fe10ddd69,confirmed,,본 제작 1차 기록 그림(판정 2026-09-28),
lineage,lineage/prod1-20260928/records/L4-final-grandchildren-contact.png,99b766b1b54f04f7f33cb512efd26672ed969ae1038b57822da82c687d4f89bb,confirmed,,본 제작 1차 기록 그림(판정 2026-09-28),
lineage,lineage/prod1-20260928/records/L5-review-adults.png,a772401cd0f7331899a46d1b4e7303c42792bed102b60479030f28425c663aff,confirmed,,본 제작 1차 기록 그림(판정 2026-09-28),
lineage,lineage/prod1-20260928/records/L5-review-grandyoung.png,5359cd63478a7b1f57f50f28568eaf88d8926d086fb96010ae433239e22f6d0e,confirmed,,본 제작 1차 기록 그림(판정 2026-09-28),
lineage,lineage/prod1-20260928/records/L5-review-youth-96.png,4c304477449070a736e4d68f968e10407946a3d28acf616d38e3e89885443ee1,confirmed,,본 제작 1차 기록 그림(판정 2026-09-28),
lineage,lineage/prod1-20260928/records/L5-review-youth.png,eb95225f6eb7bd8b6239fcb935d392b839295b7e27312983a0184547e5b9f10e,confirmed,,본 제작 1차 기록 그림(판정 2026-09-28),
lineage,lineage/prod1-20260928/records/common-baby-contact.png,f3d0c157948fbbd4ae2bfa400517719c1949a60ff56313c82495349767663c9e,confirmed,,본 제작 1차 기록 그림(판정 2026-09-28),
lineage,lineage/prod1-20260928/records/common-children-02-06-96.png,bf4a9e590425ad2badf86729542ae0e5e5347a3a579dc008ed8e622f3e7af879,confirmed,,본 제작 1차 기록 그림(판정 2026-09-28),
lineage,lineage/prod1-20260928/records/common-children-07-13-age96.png,88c01123e02c1f9095d4a471e5b8403750ea5d8dd03c1e8487645238644f6991,confirmed,,본 제작 1차 기록 그림(판정 2026-09-28),
lineage,lineage/prod1-20260928/records/common-children-contact.png,98236b8747256c9b9b964f302c317433313de28cb0b24561c37311c6695964b6,confirmed,,본 제작 1차 기록 그림(판정 2026-09-28),
lineage,lineage/prod1-20260928/records/common-children-independent96.png,309565b50fb3dcd4733eb037f5dd9e8bd9514cd30c3dbf89177ef8eb84f35032,confirmed,,본 제작 1차 기록 그림(판정 2026-09-28),
lineage,lineage/prod1-20260928/records/family-age-followup-0.png,026c0afeca97ede5152f10cc73cf3bd775b281badfd3c86be7282adf3f464176,confirmed,,본 제작 1차 기록 그림(판정 2026-09-28),
lineage,lineage/prod1-20260928/records/family-age-followup-1.png,2c6cac656bdf7880701b6924705e8d9762c0fa9525d682148c4e8f35470f2a13,confirmed,,본 제작 1차 기록 그림(판정 2026-09-28),
lineage,lineage/prod1-20260928/records/family-age-followup96.png,8bab4040cf64ba5f58adc4641fa26233b14f201c644d4a2c71a84d84099d84ce,confirmed,,본 제작 1차 기록 그림(판정 2026-09-28),
lineage,lineage/prod1-20260928/records/family-age-partial-review96.png,153b4ce486421e75a69cea71d695a7b6a9da42d75a931299de53e4c281a98614,confirmed,,본 제작 1차 기록 그림(판정 2026-09-28),
lineage,lineage/prod1-20260928/records/final-child-refinement96.png,f2c82c560b5c8518bc0eaf9346aeed8a703bd75b4511d4808810869bba57626f,confirmed,,본 제작 1차 기록 그림(판정 2026-09-28),
lineage,lineage/prod1-20260928/records/independent-mature-corrections96.png,4702a72e45ae06309991b76af60c2406432687e5b88eb2bbcbeb0b883e3070d9,confirmed,,본 제작 1차 기록 그림(판정 2026-09-28),
lineage,lineage/prod1-20260928/records/pilot2-baby-comparison.png,dce612c9d81dbe12e3e66c02b868fe8d776cd764402ecc9493140dd7a25e17ff,confirmed,,본 제작 1차 기록 그림(판정 2026-09-28),
lineage,lineage/prod1-20260928/records/proof-family-blind-96.png,f967dc2e1d191cb46c51adc32a1528c65cf9214fe7911932e145c3043f96b3f2,confirmed,,본 제작 1차 기록 그림(판정 2026-09-28),
lineage,lineage/prod1-20260928/records/proof-identity-blind-96.png,baa797f5c9e67134702e4b7a21a1112d504ccf56df64613cb262be26ab7ff696,confirmed,,본 제작 1차 기록 그림(판정 2026-09-28),
lineage,lineage/prod1-20260928/records/proof-work/partial-family-trees.png,8d7fe3d425abf0a6691ebaa14d4ae603e3bc2b20e032abb94b7ec885ae09f76c,confirmed,,본 제작 1차 기록 그림(판정 2026-09-28),
lineage,lineage/prod1-20260928/records/proof-work/review-01.png,828ef797b9cd300dec9d0afee53879af99d7c6bf32c73d166f965b71f1878e73,confirmed,,본 제작 1차 기록 그림(판정 2026-09-28),
lineage,lineage/prod1-20260928/records/young-current.png,5d74ffe16130a36ffe6d5a4d53e33dfefb3d7d2f6a9bbd379c54b2af97a62ae4,confirmed,,본 제작 1차 기록 그림(판정 2026-09-28),
lineage,lineage/prod1-costume-v2-20260928/assets/L4/L4_101_mature.png,ae5cd87504c0aebf2a1f965d72a154febd6dad3b244a54518cdea0fe3de8c887,confirmed,,본 제작 1차 L4 상인 가문 복식 교정 v2 확정(판정 2026-09-28) · 청·자주 고운 모직·모피 깃·후드/혼인별 머리쓰개,PERSON-1a
lineage,lineage/prod1-costume-v2-20260928/assets/L4/L4_101_old.png,e8a65723991e43924227a8dedf9dce3a2c7656584e81af30deb60c5d045a1786,confirmed,,본 제작 1차 L4 상인 가문 복식 교정 v2 확정(판정 2026-09-28) · 청·자주 고운 모직·모피 깃·후드/혼인별 머리쓰개,PERSON-1a
lineage,lineage/prod1-costume-v2-20260928/assets/L4/L4_101_young.png,211f085c3767dec8bfafc9376a7de5e11011232ef1e2f43b7169b7003e4ed31b,confirmed,,본 제작 1차 L4 상인 가문 복식 교정 v2 확정(판정 2026-09-28) · 청·자주 고운 모직·모피 깃·후드/혼인별 머리쓰개,PERSON-1a
lineage,lineage/prod1-costume-v2-20260928/assets/L4/L4_102_mature.png,f32d8e90e8d9b3a88911fa28e28f1f560760c2c9d37be29dfc897ad3b8b26dda,confirmed,,본 제작 1차 L4 상인 가문 복식 교정 v2 확정(판정 2026-09-28) · 청·자주 고운 모직·모피 깃·후드/혼인별 머리쓰개,PERSON-1a
lineage,lineage/prod1-costume-v2-20260928/assets/L4/L4_102_old.png,09235eb2b5ec08b13aede89a35b02c0b746df615ac11f77a5a5f4e8b1ca2ae4e,confirmed,,본 제작 1차 L4 상인 가문 복식 교정 v2 확정(판정 2026-09-28) · 청·자주 고운 모직·모피 깃·후드/혼인별 머리쓰개,PERSON-1a
lineage,lineage/prod1-costume-v2-20260928/assets/L4/L4_102_young.png,0c8d42d0c418a3a8b6d8dcf348f7e290f7108b0dc1acaa343e5bcd214458caae,confirmed,,본 제작 1차 L4 상인 가문 복식 교정 v2 확정(판정 2026-09-28) · 청·자주 고운 모직·모피 깃·후드/혼인별 머리쓰개,PERSON-1a
lineage,lineage/prod1-costume-v2-20260928/assets/L4/L4_201_baby.png,08bbf92037643a7a2dc72735b47fec6347ac195a33a2855b55cf23a94eadb0e5,confirmed,,본 제작 1차 L4 상인 가문 복식 교정 v2 확정(판정 2026-09-28) · 청·자주 고운 모직·모피 깃·후드/혼인별 머리쓰개,PERSON-1a
lineage,lineage/prod1-costume-v2-20260928/assets/L4/L4_201_child.png,4d4d7109c1756cfcb8628a90f73add8da0667a5c21ad9f2f89aa4a6cf57051cf,confirmed,,본 제작 1차 L4 상인 가문 복식 교정 v2 확정(판정 2026-09-28) · 청·자주 고운 모직·모피 깃·후드/혼인별 머리쓰개,PERSON-1a
lineage,lineage/prod1-costume-v2-20260928/assets/L4/L4_201_mature.png,4465f5a9e065e158073e876905bccddecbae872a51c4fe2e2bb6652a4ad20786,confirmed,,본 제작 1차 L4 상인 가문 복식 교정 v2 확정(판정 2026-09-28) · 청·자주 고운 모직·모피 깃·후드/혼인별 머리쓰개,PERSON-1a
lineage,lineage/prod1-costume-v2-20260928/assets/L4/L4_201_young.png,f4f5430f0c19055950427ab5d4e883d60f4205a623cb1c4aadda05eaf95f0d00,confirmed,,본 제작 1차 L4 상인 가문 복식 교정 v2 확정(판정 2026-09-28) · 청·자주 고운 모직·모피 깃·후드/혼인별 머리쓰개,PERSON-1a
lineage,lineage/prod1-costume-v2-20260928/assets/L4/L4_202_baby.png,b9c96d03d9b42bc6c64b132d364fcda7226677b2a02865a96ebeaadd5a1d1d5e,confirmed,,본 제작 1차 L4 상인 가문 복식 교정 v2 확정(판정 2026-09-28) · 청·자주 고운 모직·모피 깃·후드/혼인별 머리쓰개,PERSON-1a
lineage,lineage/prod1-costume-v2-20260928/assets/L4/L4_202_child.png,ac5922a53d865655640edb5a742564f915f0e0ebd019c44d11d40bd4dd935a81,confirmed,,본 제작 1차 L4 상인 가문 복식 교정 v2 확정(판정 2026-09-28) · 청·자주 고운 모직·모피 깃·후드/혼인별 머리쓰개,PERSON-1a
lineage,lineage/prod1-costume-v2-20260928/assets/L4/L4_202_mature.png,b458211764606d6c4ce35f93f82026ffabc441894314a92e15eb55f7e031631e,confirmed,,본 제작 1차 L4 상인 가문 복식 교정 v2 확정(판정 2026-09-28) · 청·자주 고운 모직·모피 깃·후드/혼인별 머리쓰개,PERSON-1a
lineage,lineage/prod1-costume-v2-20260928/assets/L4/L4_202_young.png,8bf5094af700489c886cb715258e2e965a25c70f8d69096ae4cffe3fef8ebf13,confirmed,,본 제작 1차 L4 상인 가문 복식 교정 v2 확정(판정 2026-09-28) · 청·자주 고운 모직·모피 깃·후드/혼인별 머리쓰개,PERSON-1a
lineage,lineage/prod1-costume-v2-20260928/assets/L4/L4_203_baby.png,e0c67f48ae5f60d385c580b3e8bf225f49b11e04cdf4e42a891979caf1275b43,confirmed,,본 제작 1차 L4 상인 가문 복식 교정 v2 확정(판정 2026-09-28) · 청·자주 고운 모직·모피 깃·후드/혼인별 머리쓰개,PERSON-1a
lineage,lineage/prod1-costume-v2-20260928/assets/L4/L4_203_child.png,db3f165f8d4aeb2a4995f046de9543ebf4a49bd111563a1accfa51a3e5a9df01,confirmed,,본 제작 1차 L4 상인 가문 복식 교정 v2 확정(판정 2026-09-28) · 청·자주 고운 모직·모피 깃·후드/혼인별 머리쓰개,PERSON-1a
lineage,lineage/prod1-costume-v2-20260928/assets/L4/L4_203_mature.png,93b9a5659e8d72e7dc4e981542c9e5db6b4498a7008d4c3bc68e4d47a27e4696,confirmed,,본 제작 1차 L4 상인 가문 복식 교정 v2 확정(판정 2026-09-28) · 청·자주 고운 모직·모피 깃·후드/혼인별 머리쓰개,PERSON-1a
lineage,lineage/prod1-costume-v2-20260928/assets/L4/L4_203_young.png,b89891702828726e55db28f3e41b7758fd7ba59e92b6eb746593fb50e1776ec5,confirmed,,본 제작 1차 L4 상인 가문 복식 교정 v2 확정(판정 2026-09-28) · 청·자주 고운 모직·모피 깃·후드/혼인별 머리쓰개,PERSON-1a
lineage,lineage/prod1-costume-v2-20260928/assets/L4/L4_204_baby.png,9547a60bf629dba4a5dccca5bc26a966c12cbbb01445f3ec9d655e9643ceedc3,confirmed,,본 제작 1차 L4 상인 가문 복식 교정 v2 확정(판정 2026-09-28) · 청·자주 고운 모직·모피 깃·후드/혼인별 머리쓰개,PERSON-1a
lineage,lineage/prod1-costume-v2-20260928/assets/L4/L4_204_child.png,5d9c868e9477a784c394e39dc995a49cbaa4e73b664b4fd14dcef3fa6695d1ea,confirmed,,본 제작 1차 L4 상인 가문 복식 교정 v2 확정(판정 2026-09-28) · 청·자주 고운 모직·모피 깃·후드/혼인별 머리쓰개,PERSON-1a
lineage,lineage/prod1-costume-v2-20260928/assets/L4/L4_204_mature.png,5138ea82866cb11b5a716f72a7f2be7a32f37da050ad37118cec4431da2a3887,confirmed,,본 제작 1차 L4 상인 가문 복식 교정 v2 확정(판정 2026-09-28) · 청·자주 고운 모직·모피 깃·후드/혼인별 머리쓰개,PERSON-1a
lineage,lineage/prod1-costume-v2-20260928/assets/L4/L4_204_young.png,eaebaa24b59001e9f370296fadc610d892506c947285ebf43a9edb987e597467,confirmed,,본 제작 1차 L4 상인 가문 복식 교정 v2 확정(판정 2026-09-28) · 청·자주 고운 모직·모피 깃·후드/혼인별 머리쓰개,PERSON-1a
lineage,lineage/prod1-costume-v2-20260928/assets/L4/L4_205_mature.png,935804b6248cd30163bb251da274463c972dcabb6f24aa75b4d8a5ddd706b73b,confirmed,,본 제작 1차 L4 상인 가문 복식 교정 v2 확정(판정 2026-09-28) · 청·자주 고운 모직·모피 깃·후드/혼인별 머리쓰개,PERSON-1a
lineage,lineage/prod1-costume-v2-20260928/assets/L4/L4_205_young.png,b9b948e09f32717296e8ce98df0055d4273d63032a44eae1474b3bff2407f069,confirmed,,본 제작 1차 L4 상인 가문 복식 교정 v2 확정(판정 2026-09-28) · 청·자주 고운 모직·모피 깃·후드/혼인별 머리쓰개,PERSON-1a
lineage,lineage/prod1-costume-v2-20260928/assets/L4/L4_206_mature.png,f9cafc4d2e0ecfd33a8605618be984381008425350faeddcc7b1ee7de878e459,confirmed,,본 제작 1차 L4 상인 가문 복식 교정 v2 확정(판정 2026-09-28) · 청·자주 고운 모직·모피 깃·후드/혼인별 머리쓰개,PERSON-1a
lineage,lineage/prod1-costume-v2-20260928/assets/L4/L4_206_young.png,32dbf55dbb3f5489fec69eb635baf666e6f89233f60abd6292194a52ff2d9c90,confirmed,,본 제작 1차 L4 상인 가문 복식 교정 v2 확정(판정 2026-09-28) · 청·자주 고운 모직·모피 깃·후드/혼인별 머리쓰개,PERSON-1a
lineage,lineage/prod1-costume-v2-20260928/assets/L4/L4_301_baby.png,252b729bc4d2e9851aa0ea293cfdb282adbf7dcf7e2e5883415ecdbd1f74bc0f,confirmed,,본 제작 1차 L4 상인 가문 복식 교정 v2 확정(판정 2026-09-28) · 청·자주 고운 모직·모피 깃·후드/혼인별 머리쓰개,PERSON-1a
lineage,lineage/prod1-costume-v2-20260928/assets/L4/L4_301_child.png,2116bd2195ec49bf8fec152e18ea4e24526c831f03444cd76ad6f7927f50bbdb,confirmed,,본 제작 1차 L4 상인 가문 복식 교정 v2 확정(판정 2026-09-28) · 청·자주 고운 모직·모피 깃·후드/혼인별 머리쓰개,PERSON-1a
lineage,lineage/prod1-costume-v2-20260928/assets/L4/L4_301_young.png,7386276961896e79de6dd5c1dfdd1af23cfb62affa08f3b3e9b67f95fe4e4d37,confirmed,,본 제작 1차 L4 상인 가문 복식 교정 v2 확정(판정 2026-09-28) · 청·자주 고운 모직·모피 깃·후드/혼인별 머리쓰개,PERSON-1a
lineage,lineage/prod1-costume-v2-20260928/assets/L4/L4_302_baby.png,76137708d635393763003a11a811ee50ba61e0d3936d9ed9146c31f85e81d8a4,confirmed,,본 제작 1차 L4 상인 가문 복식 교정 v2 확정(판정 2026-09-28) · 청·자주 고운 모직·모피 깃·후드/혼인별 머리쓰개,PERSON-1a
lineage,lineage/prod1-costume-v2-20260928/assets/L4/L4_302_child.png,df402f00dc8a10b8938be6687fdd803cc892a5ebb963925ec4c16c7fe8d95ea8,confirmed,,본 제작 1차 L4 상인 가문 복식 교정 v2 확정(판정 2026-09-28) · 청·자주 고운 모직·모피 깃·후드/혼인별 머리쓰개,PERSON-1a
lineage,lineage/prod1-costume-v2-20260928/assets/L4/L4_302_young.png,5a5e6f10565791401e230481abf5c4e0c44d22eada880f3d1cf323924e1554a9,confirmed,,본 제작 1차 L4 상인 가문 복식 교정 v2 확정(판정 2026-09-28) · 청·자주 고운 모직·모피 깃·후드/혼인별 머리쓰개,PERSON-1a
lineage,lineage/prod1-costume-v2-20260928/assets/L4/L4_303_baby.png,5f5f6961b018256696522522cc4784ec2cac8b4d8c4b3159066ed27b7935cba8,confirmed,,본 제작 1차 L4 상인 가문 복식 교정 v2 확정(판정 2026-09-28) · 청·자주 고운 모직·모피 깃·후드/혼인별 머리쓰개,PERSON-1a
lineage,lineage/prod1-costume-v2-20260928/assets/L4/L4_303_child.png,4e5e17f3bb8b74c44e336e3083fb7874c5fcba5b2307633f4dadf1cf7bf4a94a,confirmed,,본 제작 1차 L4 상인 가문 복식 교정 v2 확정(판정 2026-09-28) · 청·자주 고운 모직·모피 깃·후드/혼인별 머리쓰개,PERSON-1a
lineage,lineage/prod1-costume-v2-20260928/assets/L4/L4_303_young.png,6faaaa9c558f4e3ce340d3065f2a616b2a6914ff16df8da0073c6ea06a6913fc,confirmed,,본 제작 1차 L4 상인 가문 복식 교정 v2 확정(판정 2026-09-28) · 청·자주 고운 모직·모피 깃·후드/혼인별 머리쓰개,PERSON-1a
lineage,lineage/prod1-costume-v2-20260928/assets/L4/L4_304_baby.png,8fafa6a19d70a1ba51b57e301117951908bb529079837db81ec6e202023dbd75,confirmed,,본 제작 1차 L4 상인 가문 복식 교정 v2 확정(판정 2026-09-28) · 청·자주 고운 모직·모피 깃·후드/혼인별 머리쓰개,PERSON-1a
lineage,lineage/prod1-costume-v2-20260928/assets/L4/L4_304_child.png,b0edf87606e330fac9f034b47f5cf68a23fe0e477073cf0f700cc74830ef8878,confirmed,,본 제작 1차 L4 상인 가문 복식 교정 v2 확정(판정 2026-09-28) · 청·자주 고운 모직·모피 깃·후드/혼인별 머리쓰개,PERSON-1a
lineage,lineage/prod1-costume-v2-20260928/assets/L4/L4_304_young.png,29e54db4513c78b7ea2dbdfe6dff258bd7e49f812c550b5ae248e3ee0633f5df,confirmed,,본 제작 1차 L4 상인 가문 복식 교정 v2 확정(판정 2026-09-28) · 청·자주 고운 모직·모피 깃·후드/혼인별 머리쓰개,PERSON-1a
lineage,lineage/prod1-costume-v2-20260928/assets/L5/L5_102_mature.png,b2280cab01c42c2f9403f0bfd64fd42b6b8de5c361d26ec2af57e533dc3a7f97,confirmed,,"본 제작 1차 L5_102 구별 교정 v2 확정(판정 2026-09-28) · 올리브 모직·황토빛 머리수건·긴 하안면, 주근깨 제거",PERSON-1a
lineage,lineage/prod1-costume-v2-20260928/assets/L5/L5_102_old.png,08b0b1289999bd422e1ba111cacdf1705d08dafee4e2fe65a9e0612094c61860,confirmed,,"본 제작 1차 L5_102 구별 교정 v2 확정(판정 2026-09-28) · 올리브 모직·황토빛 머리수건·긴 하안면, 주근깨 제거",PERSON-1a
lineage,lineage/prod1-costume-v2-20260928/assets/L5/L5_102_young.png,ce221c2eaf67024260b8291c7367da34be33d768631273bc6555c4ba3a29fcb8,confirmed,,"본 제작 1차 L5_102 구별 교정 v2 확정(판정 2026-09-28) · 올리브 모직·황토빛 머리수건·긴 하안면, 주근깨 제거",PERSON-1a
lineage,lineage/prod1-costume-v2-20260928/proofs/01-three-families.png,9b73c0dba921b1d1833dadb3b9482b581b01a4684325c4db20dd22c605c0462c,confirmed,,복식 교정 확인 그림(판정 2026-09-28),
lineage,lineage/prod1-costume-v2-20260928/proofs/02-clothes-only-blind.png,fad4c321e00d34ad2fa302cd9d3be2c12f08f3c9c64fdd647b515834d5673783,confirmed,,복식 교정 확인 그림(판정 2026-09-28),
lineage,lineage/prod1-costume-v2-20260928/proofs/03-mothers-before-after.png,7422efddd419bd330f881c56ea5813d5d64e8ccac6881d8eedd5c937cadb571c,confirmed,,복식 교정 확인 그림(판정 2026-09-28),
lineage,lineage/prod1-costume-v2-20260928/proofs/04-L4-before-after96.png,35dc75b440608e10d50b7b00facd1f01c6e2459babaa65e4c66bb2dcfeaf1e0d,confirmed,,복식 교정 확인 그림(판정 2026-09-28),
lineage,lineage/prod2-20260928/assets/L6/L6_201_baby.png,62ee88cd8e5a243b7dba56085bd7c13ae266c923cecd7ccde797a0db37c79245,confirmed,,본 제작 2차 L6 백작 가문 확정(판정 2026-09-28),PERSON-1a
lineage,lineage/prod2-20260928/assets/L6/L6_201_child.png,4899c7ad4f82dc9222f8bce50bdc8ea1654602c20c1811d503f79e8108408df6,confirmed,,본 제작 2차 L6 백작 가문 확정(판정 2026-09-28),PERSON-1a
lineage,lineage/prod2-20260928/assets/L6/L6_202_baby.png,491eb96a117eee9b4e3b9449bf3b960f3aeb3d8aec3da29d15528db40c6443e0,confirmed,,본 제작 2차 L6 백작 가문 확정(판정 2026-09-28),PERSON-1a
lineage,lineage/prod2-20260928/assets/L6/L6_202_child.png,5239773f80089536711a74755a7b0996cf4f69404bb8d378f4ae3822e2b01f4b,confirmed,,본 제작 2차 L6 백작 가문 확정(판정 2026-09-28),PERSON-1a
lineage,lineage/prod2-20260928/assets/L6/L6_202_mature.png,e6deb600e90fd7a5be241f0defff20d30a0ec11b96f8814a265700141b313061,confirmed,,본 제작 2차 L6 백작 가문 확정(판정 2026-09-28),PERSON-1a
lineage,lineage/prod2-20260928/assets/L6/L6_202_young.png,f78b0a6cabf878df673cbc83d4de2b93e1a2dd3e2e28c81500c0409b209f019f,confirmed,,본 제작 2차 L6 백작 가문 확정(판정 2026-09-28),PERSON-1a
lineage,lineage/prod2-20260928/assets/L6/L6_203_baby.png,ea757264160be58eb02239ad5597ab74f330efc31e67a88b533a3da7bf20eb07,confirmed,,본 제작 2차 L6 백작 가문 확정(판정 2026-09-28),PERSON-1a
lineage,lineage/prod2-20260928/assets/L6/L6_203_child.png,b420f9edc4e83ae3c415f9a15be7151e6d249504a072175b83d8c4130039a409,confirmed,,본 제작 2차 L6 백작 가문 확정(판정 2026-09-28),PERSON-1a
lineage,lineage/prod2-20260928/assets/L6/L6_203_mature.png,7a82dab728e631cb5a5236676a95898123f4039a05f2864897db4755b7609c43,confirmed,,본 제작 2차 L6 백작 가문 확정(판정 2026-09-28),PERSON-1a
lineage,lineage/prod2-20260928/assets/L6/L6_203_young.png,72d94d698c1328e02955e4577817e07348a5c361cede76f1326f3ef5a4fc2632,confirmed,,본 제작 2차 L6 백작 가문 확정(판정 2026-09-28),PERSON-1a
lineage,lineage/prod2-20260928/assets/L6/L6_204_baby.png,8ad964b525dbc6369375e35d5e8652b627ee20624030fcb1a644bfd7242852ec,confirmed,,본 제작 2차 L6 백작 가문 확정(판정 2026-09-28),PERSON-1a
lineage,lineage/prod2-20260928/assets/L6/L6_204_child.png,1b66ed0be915f3a3d0c4275fadc589460df724565156e1b24f6b73f1523f34c2,confirmed,,본 제작 2차 L6 백작 가문 확정(판정 2026-09-28),PERSON-1a
lineage,lineage/prod2-20260928/assets/L6/L6_204_mature.png,777c8476947fe3ee50ebac7237b21b9eb53bf0634157b18a87292dcaa0afef88,confirmed,,본 제작 2차 L6 백작 가문 확정(판정 2026-09-28),PERSON-1a
lineage,lineage/prod2-20260928/assets/L6/L6_204_young.png,3ad51b4d7b22d72a803912316aac360ac27203def5a139dc1f976f4d2c7369c9,confirmed,,본 제작 2차 L6 백작 가문 확정(판정 2026-09-28),PERSON-1a
lineage,lineage/prod2-20260928/assets/L6/L6_205_mature.png,49b16673c14336ea0ef2993d713c0a18ec8923b7edcec32f1581377707aded0e,confirmed,,본 제작 2차 L6 백작 가문 확정(판정 2026-09-28),PERSON-1a
lineage,lineage/prod2-20260928/assets/L6/L6_205_young.png,f2864108728ca3fe193eebca9265f4bf85a161356ed2ed329b9e05491a9f4539,confirmed,,본 제작 2차 L6 백작 가문 확정(판정 2026-09-28),PERSON-1a
lineage,lineage/prod2-20260928/assets/L6/L6_206_mature.png,8c752a1f0fe13b8d625b7e0555e002e1a120af73817660be9d724cc56749c651,confirmed,,본 제작 2차 L6 백작 가문 확정(판정 2026-09-28),PERSON-1a
lineage,lineage/prod2-20260928/assets/L6/L6_206_young.png,1d9668aa18797b9e5f2ea97394032cd25728ae0b58f8d9a21e30f3dd1b8852ec,confirmed,,본 제작 2차 L6 백작 가문 확정(판정 2026-09-28),PERSON-1a
lineage,lineage/prod2-20260928/assets/L6/L6_301_baby.png,95ac6613a72aedcc133467449636c8f744b0e4cf0fc4c789a9c998566a45b1a3,confirmed,,본 제작 2차 L6 백작 가문 확정(판정 2026-09-28),PERSON-1a
lineage,lineage/prod2-20260928/assets/L6/L6_301_child.png,a2f4dd4780c210e8c480920c5397941f6f8597343a79d29900ccb583e438f0d0,confirmed,,본 제작 2차 L6 백작 가문 확정(판정 2026-09-28),PERSON-1a
lineage,lineage/prod2-20260928/assets/L6/L6_301_young.png,73b38672ccb7ebcdfe352020797e896a85b0c067ed2cca637ecdc89016a56a65,confirmed,,본 제작 2차 L6 백작 가문 확정(판정 2026-09-28),PERSON-1a
lineage,lineage/prod2-20260928/assets/L6/L6_302_baby.png,2001079e74553a45a3fce632319c2df2f2ffdec418aad0706e8d7e91cab2e751,confirmed,,본 제작 2차 L6 백작 가문 확정(판정 2026-09-28),PERSON-1a
lineage,lineage/prod2-20260928/assets/L6/L6_302_child.png,4d836ff0ff7962160a4004e74dd989a3707f3215971752885f285e47fa83d165,confirmed,,본 제작 2차 L6 백작 가문 확정(판정 2026-09-28),PERSON-1a
lineage,lineage/prod2-20260928/assets/L6/L6_302_young.png,60187f2f8c37e9f43f9768ef569550f7dbf2fb9d30377511fcfdac5979f6984c,confirmed,,본 제작 2차 L6 백작 가문 확정(판정 2026-09-28),PERSON-1a
lineage,lineage/prod2-20260928/assets/L6/L6_303_baby.png,fafad2ed1a2c2b2d5337373ac060272d4fc8ae057d570a92d1f57527d1c81e49,confirmed,,본 제작 2차 L6 백작 가문 확정(판정 2026-09-28),PERSON-1a
lineage,lineage/prod2-20260928/assets/L6/L6_303_child.png,55aa4b27a6af8165ee99fcee6ca906858d50ae1fbf6b557bfb3ef4ba5e0cf9af,confirmed,,본 제작 2차 L6 백작 가문 확정(판정 2026-09-28),PERSON-1a
lineage,lineage/prod2-20260928/assets/L6/L6_303_young.png,be5018dd0014d8802aee8f1f9b1678fada73c8e319a7ae4b8f8b2702fe08695b,confirmed,,본 제작 2차 L6 백작 가문 확정(판정 2026-09-28),PERSON-1a
lineage,lineage/prod2-20260928/assets/L6/L6_304_baby.png,a32eaed18c1d8cf31f3d269d4e0f14c7050900e6837bdfcef8d9d7394e762c9f,confirmed,,본 제작 2차 L6 백작 가문 확정(판정 2026-09-28),PERSON-1a
lineage,lineage/prod2-20260928/assets/L6/L6_304_child.png,63c937b0480b819e2b0843c4aaf9de5a2ebf9e7407615b68a0ae8011b54a1b6a,confirmed,,본 제작 2차 L6 백작 가문 확정(판정 2026-09-28),PERSON-1a
lineage,lineage/prod2-20260928/assets/L6/L6_304_young.png,c7dc0cae44b3412bf1be8f9aa77e7c22eaadf489aef28d6b1ea5e97e726dd8f9,confirmed,,본 제작 2차 L6 백작 가문 확정(판정 2026-09-28),PERSON-1a
lineage,lineage/prod2-20260928/assets/L7/L7_201_baby.png,28234a308b94a1eaf3eee0ba7d844dd9a3d48b71c276f991a4f8c918c1136acf,confirmed,,본 제작 2차 L7 인접 기사 가문 확정(판정 2026-09-28),PERSON-1a
lineage,lineage/prod2-20260928/assets/L7/L7_201_child.png,a0158fa04f2814f15def7fd1e33c0656921461cdddc854ac278a4a55605bbccc,confirmed,,본 제작 2차 L7 인접 기사 가문 확정(판정 2026-09-28),PERSON-1a
lineage,lineage/prod2-20260928/assets/L7/L7_201_mature.png,86f1478d1452f6ec9205d355d00d4080459e9403c44f8a0d3d8870e3555cb4f9,confirmed,,본 제작 2차 L7 인접 기사 가문 확정(판정 2026-09-28),PERSON-1a
lineage,lineage/prod2-20260928/assets/L7/L7_201_young.png,50c18146195cacbcc97c693b985404392ba59267c7cdcf568666dd768ef30cb4,confirmed,,본 제작 2차 L7 인접 기사 가문 확정(판정 2026-09-28),PERSON-1a
lineage,lineage/prod2-20260928/assets/L7/L7_202_baby.png,c5b4cb9b2bd6a92b0ea7efad0f798eee50d9cc26e69b8e9e374064d38e02d7e6,confirmed,,본 제작 2차 L7 인접 기사 가문 확정(판정 2026-09-28),PERSON-1a
lineage,lineage/prod2-20260928/assets/L7/L7_202_child.png,eaf322cd81cccd4bdd8ffa1d11584f09288f3627b4915cc49363d8e1b0398b5b,confirmed,,본 제작 2차 L7 인접 기사 가문 확정(판정 2026-09-28),PERSON-1a
lineage,lineage/prod2-20260928/assets/L7/L7_202_mature.png,7c8b8d5bcbbc4af0d214d61038c2a1bcf0acc484bb752df5c984f8d121041781,confirmed,,본 제작 2차 L7 인접 기사 가문 확정(판정 2026-09-28),PERSON-1a
lineage,lineage/prod2-20260928/assets/L7/L7_202_young.png,28b1bb8120213d48279590c05cbd9fd973322e8ede1bb9763e4c304571db11f4,confirmed,,본 제작 2차 L7 인접 기사 가문 확정(판정 2026-09-28),PERSON-1a
lineage,lineage/prod2-20260928/assets/L7/L7_203_baby.png,7859d54cb81a49846d22a6e7f5da24faade6b45984635668554b8851eb82e98f,confirmed,,본 제작 2차 L7 인접 기사 가문 확정(판정 2026-09-28),PERSON-1a
lineage,lineage/prod2-20260928/assets/L7/L7_203_child.png,8994907f24661cf90335ea25bbcbdb6bd54afcedc42f75f4dbf34f3be43b716c,confirmed,,본 제작 2차 L7 인접 기사 가문 확정(판정 2026-09-28),PERSON-1a
lineage,lineage/prod2-20260928/assets/L7/L7_203_mature.png,09138fb88f2db9e2fdd48fa2d8b01ac5aaff063f6c06ae791a2102180ac4bee9,confirmed,,본 제작 2차 L7 인접 기사 가문 확정(판정 2026-09-28),PERSON-1a
lineage,lineage/prod2-20260928/assets/L7/L7_203_young.png,c4901feae0c0d6abd7029d34993a9a6e76b7d2b17b31004d13784bdcd7e637ab,confirmed,,본 제작 2차 L7 인접 기사 가문 확정(판정 2026-09-28),PERSON-1a
lineage,lineage/prod2-20260928/assets/L7/L7_204_baby.png,5419b186139f7b00b034d6155a47745febdf1289876caa25df4f1bda0f1a841e,confirmed,,본 제작 2차 L7 인접 기사 가문 확정(판정 2026-09-28),PERSON-1a
lineage,lineage/prod2-20260928/assets/L7/L7_204_child.png,3a75c16e7eb66ba73167eb793b28a0be40abe4b96cd6108bb8316e758efcdc1e,confirmed,,본 제작 2차 L7 인접 기사 가문 확정(판정 2026-09-28),PERSON-1a
lineage,lineage/prod2-20260928/assets/L7/L7_204_mature.png,5420571337349ab741e25adaf84e30b528427e4d9cfafd582080830263d15ce7,confirmed,,본 제작 2차 L7 인접 기사 가문 확정(판정 2026-09-28),PERSON-1a
lineage,lineage/prod2-20260928/assets/L7/L7_204_young.png,a276b5ca7d5f9eecd1b90c626f7bf926b2d688097cc62168093926ebedbfc3db,confirmed,,본 제작 2차 L7 인접 기사 가문 확정(판정 2026-09-28),PERSON-1a
lineage,lineage/prod2-20260928/assets/L7/L7_205_mature.png,1b5f136ce3663452fb68b99982ec58ed6b7bcfe773b43009939ea3241df6b650,confirmed,,본 제작 2차 L7 인접 기사 가문 확정(판정 2026-09-28),PERSON-1a
lineage,lineage/prod2-20260928/assets/L7/L7_205_young.png,3266b2f9f465bbe42d181bb10a72cbe30cab63c39c6735a068921aa0c21f57ab,confirmed,,본 제작 2차 L7 인접 기사 가문 확정(판정 2026-09-28),PERSON-1a
lineage,lineage/prod2-20260928/assets/L7/L7_206_mature.png,8cf91cceaaabc91ba5e79cb2bdb2dd6f76ee4abc1f06235e87ebade98667ec05,confirmed,,본 제작 2차 L7 인접 기사 가문 확정(판정 2026-09-28),PERSON-1a
lineage,lineage/prod2-20260928/assets/L7/L7_206_young.png,600a6881bfcbc4c9b8a3e600904f0f4a07fb7900410f45d94e88fdb362045957,confirmed,,본 제작 2차 L7 인접 기사 가문 확정(판정 2026-09-28),PERSON-1a
lineage,lineage/prod2-20260928/assets/L7/L7_301_baby.png,2aa01cebbc1c76b15667545021cc7169b311d4cad4a26d1095a8ea7603693fb6,confirmed,,본 제작 2차 L7 인접 기사 가문 확정(판정 2026-09-28),PERSON-1a
lineage,lineage/prod2-20260928/assets/L7/L7_301_child.png,1e8ae0a0778dccd744dfea27e67d14d97ee2475e68ec0f8fd55fd4f992a0c6e8,confirmed,,본 제작 2차 L7 인접 기사 가문 확정(판정 2026-09-28),PERSON-1a
lineage,lineage/prod2-20260928/assets/L7/L7_301_young.png,deebb2d7e7064ff0c3fc4d0b49795f91dfdcfe07dbc9c6bdf1528ae679cc1adc,confirmed,,본 제작 2차 L7 인접 기사 가문 확정(판정 2026-09-28),PERSON-1a
lineage,lineage/prod2-20260928/assets/L7/L7_302_baby.png,993b017d8dded76eb12533accca1f3767e66c587be4cfa784686637be94be992,confirmed,,본 제작 2차 L7 인접 기사 가문 확정(판정 2026-09-28),PERSON-1a
lineage,lineage/prod2-20260928/assets/L7/L7_302_child.png,871dd337b5a247d2120327362fd2213a165b9123d83d37525e831fd9a671aacb,confirmed,,본 제작 2차 L7 인접 기사 가문 확정(판정 2026-09-28),PERSON-1a
lineage,lineage/prod2-20260928/assets/L7/L7_302_young.png,390f6f515fd56a1f64282778ffc464b589632d49b0e7a094c342a2995a9ecacf,confirmed,,본 제작 2차 L7 인접 기사 가문 확정(판정 2026-09-28),PERSON-1a
lineage,lineage/prod2-20260928/assets/L7/L7_303_baby.png,58dded9a67f8bdab3c34ae5e0558f60d5d1f1fc260f70f7668e1819aa198e7db,confirmed,,본 제작 2차 L7 인접 기사 가문 확정(판정 2026-09-28),PERSON-1a
lineage,lineage/prod2-20260928/assets/L7/L7_303_child.png,62131df9aae055825c5f27b517261a72fcdb546f656948222545775597d75b27,confirmed,,본 제작 2차 L7 인접 기사 가문 확정(판정 2026-09-28),PERSON-1a
lineage,lineage/prod2-20260928/assets/L7/L7_303_young.png,9c764cb17be68c26c4a6a393ab7295fa7d190832335c4b5bf247162e5410c172,confirmed,,본 제작 2차 L7 인접 기사 가문 확정(판정 2026-09-28),PERSON-1a
lineage,lineage/prod2-20260928/assets/L7/L7_304_baby.png,64b1fb98e969bd3b0f9224a43bc1a1c39247078ee4be5a79ef99be2ec99eec57,confirmed,,본 제작 2차 L7 인접 기사 가문 확정(판정 2026-09-28),PERSON-1a
lineage,lineage/prod2-20260928/assets/L7/L7_304_child.png,ae7120a0933fcafcefce19a03278ab86d36c8ef32403b8e06c4b6bc1b2411e55,confirmed,,본 제작 2차 L7 인접 기사 가문 확정(판정 2026-09-28),PERSON-1a
lineage,lineage/prod2-20260928/assets/L7/L7_304_young.png,e5c1446713ff78167fec4ba6741e508c2e227f0860e853fcfea903103d084d1d,confirmed,,본 제작 2차 L7 인접 기사 가문 확정(판정 2026-09-28),PERSON-1a
lineage,lineage/prod2-20260928/assets/L8/L8_101_mature.png,9d28ff4ac3c91673d40cb26997be75e6976be9fe0e2772e924744ab9d2bc4afe,confirmed,,본 제작 2차 L8 방앗간 가문 확정(판정 2026-09-28),PERSON-1a
lineage,lineage/prod2-20260928/assets/L8/L8_101_old.png,063a47b5aa476318c19b4e5a5d17d151e2484b35924da5adebb3a9761fe81530,confirmed,,본 제작 2차 L8 방앗간 가문 확정(판정 2026-09-28),PERSON-1a
lineage,lineage/prod2-20260928/assets/L8/L8_101_young.png,82726652b309558d0a68db73916e0cff075f4c8fecfd4b19137dd00a5515c20f,confirmed,,본 제작 2차 L8 방앗간 가문 확정(판정 2026-09-28),PERSON-1a
lineage,lineage/prod2-20260928/assets/L8/L8_102_mature.png,5add8aa750d9136cf3d4b5a600425ae926d6b79d839aebb9c50f46102168d13e,confirmed,,본 제작 2차 L8 방앗간 가문 확정(판정 2026-09-28),PERSON-1a
lineage,lineage/prod2-20260928/assets/L8/L8_102_old.png,46a65ed875a909b4121e3308bdc81bc98b34e71814fe2245c1800c0a5c5bc802,confirmed,,본 제작 2차 L8 방앗간 가문 확정(판정 2026-09-28),PERSON-1a
lineage,lineage/prod2-20260928/assets/L8/L8_102_young.png,fa45dbb033ef475a7d2ae2c70071ccaecceeca93ff5a6992ed59f23ff852e31a,confirmed,,본 제작 2차 L8 방앗간 가문 확정(판정 2026-09-28),PERSON-1a
lineage,lineage/prod2-20260928/assets/L8/L8_201_baby.png,07756333d9ae276d103d814e212bc51cd045195d04df72008a60648ca048e1fb,confirmed,,본 제작 2차 L8 방앗간 가문 확정(판정 2026-09-28),PERSON-1a
lineage,lineage/prod2-20260928/assets/L8/L8_201_child.png,fe2804124a4450dfeafa85532407c7e026bf3b0ad04cafeb9f026856bf0a90a4,confirmed,,본 제작 2차 L8 방앗간 가문 확정(판정 2026-09-28),PERSON-1a
lineage,lineage/prod2-20260928/assets/L8/L8_201_mature.png,b5d1f81f4b05ed2c6f1e67be4a57b3da22dc7e1355e47604b371dc0a5f4ed27a,confirmed,,본 제작 2차 L8 방앗간 가문 확정(판정 2026-09-28),PERSON-1a
lineage,lineage/prod2-20260928/assets/L8/L8_201_young.png,0dda01e91d81ed265437ae089f210006e15ca75fbbb0e1dba1cf1fbba71f190f,confirmed,,본 제작 2차 L8 방앗간 가문 확정(판정 2026-09-28),PERSON-1a
lineage,lineage/prod2-20260928/assets/L8/L8_202_baby.png,4ac6431e4b194bd133bfe620e49bf5f5e165226e5e996d1ad1eda9c1010887b1,confirmed,,본 제작 2차 L8 방앗간 가문 확정(판정 2026-09-28),PERSON-1a
lineage,lineage/prod2-20260928/assets/L8/L8_202_child.png,8ee0e14a3b0b02e1d81104d84522e1063f89a87bbe88d6857ab03c73573d617f,confirmed,,본 제작 2차 L8 방앗간 가문 확정(판정 2026-09-28),PERSON-1a
lineage,lineage/prod2-20260928/assets/L8/L8_202_mature.png,e11be0bf51bfdd6e4389cad2592b465f2e37e41f69cf86c6a1e1d743c503f4d5,confirmed,,본 제작 2차 L8 방앗간 가문 확정(판정 2026-09-28),PERSON-1a
lineage,lineage/prod2-20260928/assets/L8/L8_202_young.png,2989998c28b53b1e49b15cafe15928abd66d68fd618193bbf9bf9ac31585ebfc,confirmed,,본 제작 2차 L8 방앗간 가문 확정(판정 2026-09-28),PERSON-1a
lineage,lineage/prod2-20260928/assets/L8/L8_203_baby.png,b3eb0e95db1a2359573f655e62419ffbdb3d1b3120ad9ab3ec63841968d16609,confirmed,,본 제작 2차 L8 방앗간 가문 확정(판정 2026-09-28),PERSON-1a
lineage,lineage/prod2-20260928/assets/L8/L8_203_child.png,80606ccaae8fdb0e57a99bc9f1209cc76a998b46a8a0472e976f53bce47f3423,confirmed,,본 제작 2차 L8 방앗간 가문 확정(판정 2026-09-28),PERSON-1a
lineage,lineage/prod2-20260928/assets/L8/L8_203_mature.png,2ec5c6e78634416f1abb360297513b0f1a6e313d1110dec0d8226316b554845f,confirmed,,본 제작 2차 L8 방앗간 가문 확정(판정 2026-09-28),PERSON-1a
lineage,lineage/prod2-20260928/assets/L8/L8_203_young.png,12567def4677636a5eda6ba2059c8487a557264b2ea532ea362d8b6bcfd0c39e,confirmed,,본 제작 2차 L8 방앗간 가문 확정(판정 2026-09-28),PERSON-1a
lineage,lineage/prod2-20260928/assets/L8/L8_204_baby.png,06595f06aa880b36479f032456464b1b2a5b2db6e77c9f743d4dcd5efd6df7f9,confirmed,,본 제작 2차 L8 방앗간 가문 확정(판정 2026-09-28),PERSON-1a
lineage,lineage/prod2-20260928/assets/L8/L8_204_child.png,8735a80594bee6786fcdf5c75c97c6bb4a3749a6f7d1c0d2110ede34571e2c7d,confirmed,,본 제작 2차 L8 방앗간 가문 확정(판정 2026-09-28),PERSON-1a
lineage,lineage/prod2-20260928/assets/L8/L8_204_mature.png,dbbd97ab937ba08089f8d0ef9613be9fc0aaf2d9affa9f9ac6d1f54140e3cf54,confirmed,,본 제작 2차 L8 방앗간 가문 확정(판정 2026-09-28),PERSON-1a
lineage,lineage/prod2-20260928/assets/L8/L8_204_young.png,a8e9c4a9d20130a36e4037d0a73cdc5a4fe99add8b346e42aea0fea8436ea07d,confirmed,,본 제작 2차 L8 방앗간 가문 확정(판정 2026-09-28),PERSON-1a
lineage,lineage/prod2-20260928/assets/L8/L8_205_mature.png,63fd16d541df6ef3ef3563416c18c4c52438262d92cff50db3d0da1a0e844c05,confirmed,,본 제작 2차 L8 방앗간 가문 확정(판정 2026-09-28),PERSON-1a
lineage,lineage/prod2-20260928/assets/L8/L8_205_young.png,72aca678039f92f9e98a959d086aeb4329743926d82a6ec42b6eac2ac9f124a4,confirmed,,본 제작 2차 L8 방앗간 가문 확정(판정 2026-09-28),PERSON-1a
lineage,lineage/prod2-20260928/assets/L8/L8_206_mature.png,5ed1aae3ff77c433b92a8152928a7d2fcae0fd334240ea7d965fb83d46175306,confirmed,,본 제작 2차 L8 방앗간 가문 확정(판정 2026-09-28),PERSON-1a
lineage,lineage/prod2-20260928/assets/L8/L8_206_young.png,c1824fbbb4b981adc31491ca285337c5a97d844a8944254dbcb3a43a9aba90f8,confirmed,,본 제작 2차 L8 방앗간 가문 확정(판정 2026-09-28),PERSON-1a
lineage,lineage/prod2-20260928/assets/L8/L8_301_baby.png,489f444c72ec2441ac19d154840d0938931180eb8915a2ffc5f80b73dd5e195b,confirmed,,본 제작 2차 L8 방앗간 가문 확정(판정 2026-09-28),PERSON-1a
lineage,lineage/prod2-20260928/assets/L8/L8_301_child.png,f7824e43e0f11b210cab2d03ad62786610792438adc43ba175572655c087626c,confirmed,,본 제작 2차 L8 방앗간 가문 확정(판정 2026-09-28),PERSON-1a
lineage,lineage/prod2-20260928/assets/L8/L8_301_young.png,d1871b20612bbe3011a1b38cb8ea9d19d8800cbadda43cb627586f98fb2e1e41,confirmed,,본 제작 2차 L8 방앗간 가문 확정(판정 2026-09-28),PERSON-1a
lineage,lineage/prod2-20260928/assets/L8/L8_302_baby.png,32e2e40ef07db1abb78dc6ae1d9da066f7d1a3282644b5d4d3e78ad2bd3257ca,confirmed,,본 제작 2차 L8 방앗간 가문 확정(판정 2026-09-28),PERSON-1a
lineage,lineage/prod2-20260928/assets/L8/L8_302_child.png,31f3991e606d1d8b4eecd465dbf8e35bf7a1f009058d5b93c806248bebbc39b8,confirmed,,본 제작 2차 L8 방앗간 가문 확정(판정 2026-09-28),PERSON-1a
lineage,lineage/prod2-20260928/assets/L8/L8_302_young.png,3b837b0812149f45782561e8d8ac8da138e019f583df607d80ce1e583fac7ec4,confirmed,,본 제작 2차 L8 방앗간 가문 확정(판정 2026-09-28),PERSON-1a
lineage,lineage/prod2-20260928/assets/L8/L8_303_baby.png,ce77731a498809d88b4d3d805b303585125e5203f95a52d5c487fce69f3ca205,confirmed,,본 제작 2차 L8 방앗간 가문 확정(판정 2026-09-28),PERSON-1a
lineage,lineage/prod2-20260928/assets/L8/L8_303_child.png,d0de87c26e88c6b3a8faf62b62d907ac0b1932e094f7ed721471d686ef814fbd,confirmed,,본 제작 2차 L8 방앗간 가문 확정(판정 2026-09-28),PERSON-1a
lineage,lineage/prod2-20260928/assets/L8/L8_303_young.png,96377a65dfa195e464d45e0359216459a4a9ab94a378dddd4689d590fa7416a9,confirmed,,본 제작 2차 L8 방앗간 가문 확정(판정 2026-09-28),PERSON-1a
lineage,lineage/prod2-20260928/assets/L8/L8_304_baby.png,1eeed3fd55796223b239e7bca4533ccb982f9ca171f7b315e23da1b619b0d5bb,confirmed,,본 제작 2차 L8 방앗간 가문 확정(판정 2026-09-28),PERSON-1a
lineage,lineage/prod2-20260928/assets/L8/L8_304_child.png,71177868e217e30278c06e9171355286700661f24fabefdaca09565dce6f6876,confirmed,,본 제작 2차 L8 방앗간 가문 확정(판정 2026-09-28),PERSON-1a
lineage,lineage/prod2-20260928/assets/L8/L8_304_young.png,e34b15fde8274e6da4104b68171a349c078b9cfb75c6fa0729a298db0856b9ee,confirmed,,본 제작 2차 L8 방앗간 가문 확정(판정 2026-09-28),PERSON-1a
lineage,lineage/prod2-20260928/proofs/01-family-trees.png,73c47b11482659f963a2db361aa6cdbb1c60160e632373effd17dca85e353f0f,confirmed,,본 제작 2차 확인 그림(판정 2026-09-28),
lineage,lineage/prod2-20260928/proofs/02-family-blind.png,40564a7166c00a22f64ba69c369b8a291bcbf3ef3aa3e1c9d061c87cb5e167c1,confirmed,,본 제작 2차 확인 그림(판정 2026-09-28),
lineage,lineage/prod2-20260928/proofs/03-same-person-blind.png,b228e47a8c094fbfff1481849b586090f1128a86f97404c6c4f3c54992b06f26,confirmed,,본 제작 2차 확인 그림(판정 2026-09-28),
lineage,lineage/prod2-20260928/proofs/04-clothes-only-blind.png,94c69025a1144c40c23cb8420462b71d5d11798a3b57bb3cd14a540198559758,confirmed,,본 제작 2차 확인 그림(판정 2026-09-28),
lineage,lineage/prod2-20260928/records/L6-review96.png,66485a3cc20133a36a178318f10485b053a17858297b1d77139b1a4713bc3dc9,confirmed,,본 제작 2차 기록 그림(판정 2026-09-28),
lineage,lineage/prod2-20260928/records/L7_201_child-attempt1.png,5351cb7688dd3127fe2da2ecdf8d46fb356a5f78c21026512e10a70a87fff777,confirmed,,본 제작 2차 기록 그림(판정 2026-09-28),
lineage,lineage/prod2-20260928/records/L7_201_mature-attempt1.png,39faf1017ea56eb3b522cf2e1fe3db0083778ff07a1b466f2c8610d0ccacc6a7,confirmed,,본 제작 2차 기록 그림(판정 2026-09-28),
lineage,lineage/prod2-20260928/records/L7_202_child-attempt1.png,88daccd61a8e11b01589de66811651ffb742e11b2e7149eae5af96525f7e04f4,confirmed,,본 제작 2차 기록 그림(판정 2026-09-28),
lineage,lineage/prod2-20260928/records/L7_202_mature-attempt1.png,a9fda5902589609027ee06a703316f74dd752cb39b2484f44ed3658e514a126a,confirmed,,본 제작 2차 기록 그림(판정 2026-09-28),
lineage,lineage/prod2-20260928/records/L7_203_child-attempt1.png,3766a2b4a4e1494eef877143a4cacfd3aae7cac5029b1023820010358a4e0a62,confirmed,,본 제작 2차 기록 그림(판정 2026-09-28),
lineage,lineage/prod2-20260928/records/L7_203_mature-attempt1.png,6332e849db9e74ef1da7d9c098b684a5da7a7afc0deda73be380c48a3f420475,confirmed,,본 제작 2차 기록 그림(판정 2026-09-28),
lineage,lineage/prod2-20260928/records/L7_204_child-attempt1.png,e7213591057ded880b7c3c3811bf7f4ae544654ce736ece7f135ed405ae9c779,confirmed,,본 제작 2차 기록 그림(판정 2026-09-28),
lineage,lineage/prod2-20260928/records/L7_205_mature-attempt1.png,e1b733110ec6ffd9bfe20cba3336c182abf9d472b6f1142a24a72289b163e8e3,confirmed,,본 제작 2차 기록 그림(판정 2026-09-28),
lineage,lineage/prod2-20260928/records/L7_206_mature-attempt1.png,5bab7be1c9882d16fd74a0b9483938def3d57b86cba6b652f29b5695728ea823,confirmed,,본 제작 2차 기록 그림(판정 2026-09-28),
lineage,lineage/prod2-20260928/records/L7_301_child-attempt1.png,3f3d6ac8ab99da6a026355033b718d6224d7feadffa94acaaa77c9032cbd556b,confirmed,,본 제작 2차 기록 그림(판정 2026-09-28),
lineage,lineage/prod2-20260928/records/L7_302_child-attempt1.png,b77a6e5f45c3203efecb18593064c21df9012a006c056456837a0b263b8ec30c,confirmed,,본 제작 2차 기록 그림(판정 2026-09-28),
lineage,lineage/prod2-20260928/records/L7_303_child-attempt1.png,babf53d4e4be78968dd674d40ba48e97f7957eeacb6245561ba665d274d18485,confirmed,,본 제작 2차 기록 그림(판정 2026-09-28),
lineage,lineage/prod2-20260928/records/L7_303_young-rejected.png,aed6d05c3c8e410722f176bee85a972c55134af3377ee43ba3d2126716004d3c,confirmed,,본 제작 2차 기록 그림(판정 2026-09-28),
lineage,lineage/prod2-20260928/records/L7_304_child-attempt1.png,291a12d7fad4bbb1e2f995d9c2828f0c2dbe46f1a1f194cb18bf2b8548d7f61a,confirmed,,본 제작 2차 기록 그림(판정 2026-09-28),
lineage,lineage/prod2-20260928/records/L8-contact96.png,8743d5dc80fa716bf669911cc9e2728fcbe1afb6cfa48787ec8dd67a65b619c3,confirmed,,본 제작 2차 기록 그림(판정 2026-09-28),
lineage,lineage/prod2-20260928/records/age-contact-206-final.png,fe3f3dc553eab46eb9b72ecd1dbdcf226d1773a629f73ea54b8e9df5cbe76d32,confirmed,,본 제작 2차 기록 그림(판정 2026-09-28),
lineage,lineage/prod2-20260928/records/age-contact-L6.png,d81a1441cf2a867eaa3054b25076ffb6183a642196e4b6c85ad1e34e5a4129ce,confirmed,,본 제작 2차 기록 그림(판정 2026-09-28),
lineage,lineage/prod2-20260928/records/age-contact-L7.png,896c152322e95ece6fdbf61647ffa0366f5620f722964f5e5ddafd44575e698a,confirmed,,본 제작 2차 기록 그림(판정 2026-09-28),
lineage,lineage/prod2-20260928/records/age-contact-L8.png,c2c62da829e42b04d3d988f62ffa0ef1a18675941aad07e0f540e9e054d7b275,confirmed,,본 제작 2차 기록 그림(판정 2026-09-28),
lineage,lineage/prod2-20260928/records/age-contact-new.png,427c5ecad4ec6b830445bd25e2f650d4bcdd0d7d79f673cd323b87913946faec,confirmed,,본 제작 2차 기록 그림(판정 2026-09-28),
lineage,lineage/prod2-20260928/records/age-contact-new2.png,ddb9640b1ed6096958b3ef2ad9750ccfc9d9bed56d8a077e065f9add3ec032d2,confirmed,,본 제작 2차 기록 그림(판정 2026-09-28),
lineage,lineage/prod2-20260928/records/age-contact-new3.png,ab9db6f4fce10fec2b44e1f50841086d15e98158fd793ea4208fff330aeda7b7,confirmed,,본 제작 2차 기록 그림(판정 2026-09-28),
lineage,lineage/prod2-20260928/records/age-contact-new4.png,8aff400aac487295e0430270412d387a161a5900a1924e9f6679ea8c6b347d17,confirmed,,본 제작 2차 기록 그림(판정 2026-09-28),
lineage,lineage/prod2-20260928/records/age-contact-new5.png,04facc3433f6a4410f132cfac6093d2673b6be523d977655a1d61fcf1add66bb,confirmed,,본 제작 2차 기록 그림(판정 2026-09-28),
lineage,lineage/prod2-20260928/records/age-contact-new6.png,642f301d4b38b2313340b145e880af7a43ea88d76e65d9a599f4704ae7a406a1,confirmed,,본 제작 2차 기록 그림(판정 2026-09-28),
lineage,lineage/prod2-20260928/records/age-contact-new7.png,5e16ce16c454cc6460b6af706d05961993668871dfca387200bcb84ff023ce21,confirmed,,본 제작 2차 기록 그림(판정 2026-09-28),
lineage,lineage/prod2-20260928/records/age-contact-new8.png,4036260b0e704407a3897da0a6706b50bcb2ab85d6f5c3637e00446409508c3f,confirmed,,본 제작 2차 기록 그림(판정 2026-09-28),
lineage,lineage/prod2-20260928/records/proof-family-blind-96.png,5277928cfc20574ead2a7f8c7210733f8aae457ecc5f764a9081dd06a6d9b990,confirmed,,본 제작 2차 기록 그림(판정 2026-09-28),
lineage,lineage/prod2-20260928/records/proof-identity-blind-96.png,69c83e306432299f440f98286f3da171474011ce3ba9c674dd49b2d7389c5d4f,confirmed,,본 제작 2차 기록 그림(판정 2026-09-28),
lineage,lineage/prod2-20260928/records/proof-six-family-rows.png,0208b5258d2d09cfd5a529c613692dd07cb0c3274395795f6783aa96245f1ed5,confirmed,,본 제작 2차 기록 그림(판정 2026-09-28),
lineage,lineage/prod2-20260928/records/proof-work/costume-crop-audit.png,fba93c2c44dc60e375e31c02a74e9b16ef533d6e370e09f01bda0414816cd032,confirmed,,본 제작 2차 기록 그림(판정 2026-09-28) · 작업 폴더에만 있던 확인 작업 그림(records/proof-work),
lineage,lineage/prod2-20260928/records/proof-work/partial-family-trees.png,ab052484e38028316e7fb8fb0b0da3d7295b6fa41373237dda22a7f8ffc2f462,confirmed,,본 제작 2차 기록 그림(판정 2026-09-28) · 작업 폴더에만 있던 확인 작업 그림(records/proof-work),
lineage,lineage/prod2-20260928/records/proof-work/prior-crop-audit.png,550e109b07f7c22ea7c83bac41b94f7322815cb1b305a88c79532c0e842e1cd1,confirmed,,본 제작 2차 기록 그림(판정 2026-09-28) · 작업 폴더에만 있던 확인 작업 그림(records/proof-work),
people-pilot1,people-pilot1/candidates-v1/assets/masters/wk_pilot_P1-v1-148.png,7313ddabee73a5a15c8daf18389201c515ba57c85ce8b190edfcc3afff132ed1,rejected,,워커 보행 교대 실패(판정표),
people-pilot1,people-pilot1/candidates-v1/assets/masters/wk_pilot_P2-v1-148.png,62c8082c9164107d3de270de30c1cb1636071d400cdd2d469dee722c0a6a39a7,rejected,,워커 보행 교대 실패(판정표),
people-pilot1,people-pilot1/candidates-v1/assets/masters/wk_pilot_P3-v1-148.png,e2698c8460085f03d3c6adae4420f013f55caff714d388ba803a32b5a0bfab8e,rejected,,워커 보행 교대 실패(판정표),
people-pilot1,people-pilot1/candidates-v1/assets/masters/wk_pilot_P4-v1-148.png,93165fa91c706e269464750e568c46a20797e49867a7a3d2ecc9b7e2bcfa7571,rejected,,워커 보행 교대 실패(판정표),
people-pilot1,people-pilot1/candidates-v1/assets/masters/wk_pilot_P5-v1-148.png,ee8251d022ecc2b88ebe2438195f866157aa5546cae1920c79975c3d108081ac,rejected,,워커 보행 교대 실패(판정표),
people-pilot1,people-pilot1/candidates-v1/assets/masters/wk_pilot_P6-v1-148.png,84ab6af051776df14bab13db76f3c8f0a176b3e2cedc130898a0d0a88d34fb20,rejected,,워커 보행 교대 실패(판정표),
people-pilot1,people-pilot1/candidates-v1/assets/portraits/pt_pilot_P1-v1.png,4fe32158e0ecdb7c4855d1d554a586e112f4bf6f5dd58c08a6cd18442870eaef,confirmed,,초상 E단계 확정(판정표),
people-pilot1,people-pilot1/candidates-v1/assets/portraits/pt_pilot_P1-v1_128.png,e2155347e2a57650cbb5483c684ced91aae6cd14fbc4832c527dea4545a92baa,confirmed,,초상 E단계 확정(판정표),
people-pilot1,people-pilot1/candidates-v1/assets/portraits/pt_pilot_P1-v1_96.png,ca447ed4e84e5bdb0e625b2ab3d9c498fd446b32378077afa9e7d08a960d165e,confirmed,,초상 E단계 확정(판정표),
people-pilot1,people-pilot1/candidates-v1/assets/portraits/pt_pilot_P2-v1.png,ed135a79818c45849c1183b52171e9b1df2dd3308e74344a8d62b4cdc6e75de8,confirmed,,초상 E단계 확정(판정표),
people-pilot1,people-pilot1/candidates-v1/assets/portraits/pt_pilot_P2-v1_128.png,6e9a48398354ea3bcf5ca1efd4a54512a097cc2182d8ec928c35c3fd6a9e0144,confirmed,,초상 E단계 확정(판정표),
people-pilot1,people-pilot1/candidates-v1/assets/portraits/pt_pilot_P2-v1_96.png,2371184b891267dc8dacb9755a84c5ed7331050dbd637b553c262bbb89916a38,confirmed,,초상 E단계 확정(판정표),
people-pilot1,people-pilot1/candidates-v1/assets/portraits/pt_pilot_P3-v1.png,0746eda8ed908e17c462eb47432af741bd06940bcaedff54ba96d88c02d7fd4d,confirmed,,초상 E단계 확정(판정표),
people-pilot1,people-pilot1/candidates-v1/assets/portraits/pt_pilot_P3-v1_128.png,fb03c4e52092e9bd57f47abe02a2057ae30c1cd312e2c1b30f0e9a8bc49e1286,confirmed,,초상 E단계 확정(판정표),
people-pilot1,people-pilot1/candidates-v1/assets/portraits/pt_pilot_P3-v1_96.png,50a84892150e2ca77f947029e1ae0a6a37d505829151924ed5b1835a9bf2cff2,confirmed,,초상 E단계 확정(판정표),
people-pilot1,people-pilot1/candidates-v1/assets/portraits/pt_pilot_P4-v1.png,d54d2f383d119f85667c5b4993b7fd607e3bc3be9c8fd7bbb9a6f81848b6b2be,confirmed,,초상 E단계 확정(판정표),
people-pilot1,people-pilot1/candidates-v1/assets/portraits/pt_pilot_P4-v1_128.png,eec31850fd8e691204c8402c28332a6e49157e53560b9b12389e3a5ddfcd394d,confirmed,,초상 E단계 확정(판정표),
people-pilot1,people-pilot1/candidates-v1/assets/portraits/pt_pilot_P4-v1_96.png,dfaa08cd5e174178de3e9cb4c294e42d750d3e69d10021a5767fb37dd0f25c1b,confirmed,,초상 E단계 확정(판정표),
people-pilot1,people-pilot1/candidates-v1/assets/portraits/pt_pilot_P5-v1.png,f38fd1c9242ed411811e112d400903aac4940a7f93ee3364d6527fad9c95deac,confirmed,,초상 E단계 확정(판정표),
people-pilot1,people-pilot1/candidates-v1/assets/portraits/pt_pilot_P5-v1_128.png,9f8c97e03fd4e696ec49263a79c2d6e29c726f83e7c046448a4291e0771bf417,confirmed,,초상 E단계 확정(판정표),
people-pilot1,people-pilot1/candidates-v1/assets/portraits/pt_pilot_P5-v1_96.png,725c5d3876aaa968e8e7ffbd55f2d21e45f9599dc4c1eea7816ac83c9e6dbc80,confirmed,,초상 E단계 확정(판정표),
people-pilot1,people-pilot1/candidates-v1/assets/portraits/pt_pilot_P6-v1.png,de4de4daeb5e69207222a693498fabc2c4054b2e96e4a491415f3a0e85db00ad,confirmed,,초상 E단계 확정(판정표),
people-pilot1,people-pilot1/candidates-v1/assets/portraits/pt_pilot_P6-v1_128.png,ae72a0ad8f8e461f0a475923b9f7545b38a44443773436958e4e32930cdd945d,confirmed,,초상 E단계 확정(판정표),
people-pilot1,people-pilot1/candidates-v1/assets/portraits/pt_pilot_P6-v1_96.png,5678c192c208b8ecf1fb78bfa22f9d674bd39dee551e82d6c899468bb5957fdb,confirmed,,초상 E단계 확정(판정표),
people-pilot1,people-pilot1/candidates-v1/assets/workers/wk_pilot_P1-v1.png,88f72fb4ee3f674522e8b6a8d6957a59ad6df48dfba96bedab133c43cd9f3349,rejected,,워커 보행 교대 실패(판정표),
people-pilot1,people-pilot1/candidates-v1/assets/workers/wk_pilot_P2-v1.png,66205313a69456653719685a6bb0ac768e8e9c53d288e1d385ea581e128ab7e1,rejected,,워커 보행 교대 실패(판정표),
people-pilot1,people-pilot1/candidates-v1/assets/workers/wk_pilot_P3-v1.png,dc9e697bca5cc73bd32e6d08ea6e796bd212b361bbff4394cadbe4f4a8884ca6,rejected,,워커 보행 교대 실패(판정표),
people-pilot1,people-pilot1/candidates-v1/assets/workers/wk_pilot_P4-v1.png,14fa4edfc84bf158420768f47618f55233ac67fcc453101e65ba5d24687bc559,rejected,,워커 보행 교대 실패(판정표),
people-pilot1,people-pilot1/candidates-v1/assets/workers/wk_pilot_P5-v1.png,5118e09c3b61c66676424f14fba1ce09fb1e1cb1c4dd102a7d9a023e8ba26eff,rejected,,워커 보행 교대 실패(판정표),
people-pilot1,people-pilot1/candidates-v1/assets/workers/wk_pilot_P6-v1.png,435212021d13e82e53fee6bb5c61e7703d94dacd4e508709a302a5872d606aaa,rejected,,워커 보행 교대 실패(판정표),
people-pilot1,people-pilot1/candidates-v1/proofs/01-portraits.png,1dcf04abb4f9a60e470d75fd9bc63a721d67fb039dba1c1e873d746578471572,confirmed,,확인 그림,
people-pilot1,people-pilot1/candidates-v1/proofs/02-portrait-worker-pairs.png,dce95bd31a9796f090036ea1c6aca0637dd9f2cb8b8d75930d6a099abe05b96f,confirmed,,확인 그림,
people-pilot1,people-pilot1/candidates-v1/proofs/03-street-scene.png,657f0fe7b2dee1ad523b11af0bcb452f11d58aa2bcb6472d97defea3060e6db3,confirmed,,확인 그림,
portrait-pool,portrait-pool/pivot-pilot-20260926/assets/aging/P01_mature.png,31474da8638ae80b6aa01c09f495c3ab252512897f90b509eb2cf0b359e5375b,confirmed,,초상 풀 첫 묶음(방식 전환 파일럿) 확정(판정 2026-09-26),CHRON-1
portrait-pool,portrait-pool/pivot-pilot-20260926/assets/aging/P01_old.png,cb25dd95ff20098337e057024c63a8d0e9bb1d960bd4cc831d0b5e149f77668d,confirmed,,초상 풀 첫 묶음(방식 전환 파일럿) 확정(판정 2026-09-26),CHRON-1
portrait-pool,portrait-pool/pivot-pilot-20260926/assets/aging/P01_young.png,4d5fbcfefa9fb22364106d9f76f20e3d8f28b1c78e8ed8257786e131b664dc3f,confirmed,,초상 풀 첫 묶음(방식 전환 파일럿) 확정(판정 2026-09-26) · P01.png와 동일 바이트(정본: portrait-pool/pivot-pilot-20260926/assets/portraits/P01.png),CHRON-1
portrait-pool,portrait-pool/pivot-pilot-20260926/assets/aging/P08_mature.png,961aa7321051826c8a3f44bbe2f13cbdc3a40b42c4486f65a4cf7e1f3be0feae,confirmed,,초상 풀 첫 묶음(방식 전환 파일럿) 확정(판정 2026-09-26),CHRON-1
portrait-pool,portrait-pool/pivot-pilot-20260926/assets/aging/P08_old.png,29266e76058ee812a639c33ad530fbcd0f62e11357d3740e753c5da0ecc1048c,confirmed,,초상 풀 첫 묶음(방식 전환 파일럿) 확정(판정 2026-09-26),CHRON-1
portrait-pool,portrait-pool/pivot-pilot-20260926/assets/aging/P08_young.png,9842ffffb28188c951e7a588686bd2fa0c1a556124e45ec7c3bff838af008a10,confirmed,,초상 풀 첫 묶음(방식 전환 파일럿) 확정(판정 2026-09-26) · P08.png와 동일 바이트(정본: portrait-pool/pivot-pilot-20260926/assets/portraits/P08.png),CHRON-1
portrait-pool,portrait-pool/pivot-pilot-20260926/assets/aging/P14_mature.png,e9c85e8ceb8acb2b7e860d1310cf26343f73e141b5489b42bd7eb69b1eeec00b,confirmed,,초상 풀 첫 묶음(방식 전환 파일럿) 확정(판정 2026-09-26),CHRON-1
portrait-pool,portrait-pool/pivot-pilot-20260926/assets/aging/P14_old.png,143b63cd7c445b42f98bad8e5504d7329364c74e15054b148132151bdf80c780,confirmed,,초상 풀 첫 묶음(방식 전환 파일럿) 확정(판정 2026-09-26),CHRON-1
portrait-pool,portrait-pool/pivot-pilot-20260926/assets/aging/P14_young.png,837bc37f4bfa5fb5ba7c6af22708458bc031afff5a5070acadd3d51b5675817f,confirmed,,초상 풀 첫 묶음(방식 전환 파일럿) 확정(판정 2026-09-26) · P14.png와 동일 바이트(정본: portrait-pool/pivot-pilot-20260926/assets/portraits/P14.png),CHRON-1
portrait-pool,portrait-pool/pivot-pilot-20260926/assets/aging/P20_mature.png,6cd6e4180499bac3e03f0c1e1152df4f330d7a55ea39c0c7d663a59fddbbe188,confirmed,,초상 풀 첫 묶음(방식 전환 파일럿) 확정(판정 2026-09-26),CHRON-1
portrait-pool,portrait-pool/pivot-pilot-20260926/assets/aging/P20_old.png,25eb86f49d5bd60c0554d2c8ef3cdadd102a9e89644e35607eca4fb0ad752b84,confirmed,,초상 풀 첫 묶음(방식 전환 파일럿) 확정(판정 2026-09-26),CHRON-1
portrait-pool,portrait-pool/pivot-pilot-20260926/assets/aging/P20_young.png,113d19e7b7ee5982f62aa341cf50ea4963efc379d4709005e21cf4b7af4266cb,confirmed,,초상 풀 첫 묶음(방식 전환 파일럿) 확정(판정 2026-09-26) · P20.png와 동일 바이트(정본: portrait-pool/pivot-pilot-20260926/assets/portraits/P20.png),CHRON-1
portrait-pool,portrait-pool/pivot-pilot-20260926/assets/portraits/P01.png,4d5fbcfefa9fb22364106d9f76f20e3d8f28b1c78e8ed8257786e131b664dc3f,confirmed,,초상 풀 첫 묶음(방식 전환 파일럿) 확정(판정 2026-09-26),CHRON-1
portrait-pool,portrait-pool/pivot-pilot-20260926/assets/portraits/P02.png,56d08f44c8283a9b6a87c20a79f4b128e44feb38999fec156b202a84ade78068,confirmed,,초상 풀 첫 묶음(방식 전환 파일럿) 확정(판정 2026-09-26),CHRON-1
portrait-pool,portrait-pool/pivot-pilot-20260926/assets/portraits/P03.png,26b3344a4f3a5e6d2e3a2aa17067e8805156f68d948ad19f9feaff45f0fc8afb,confirmed,,초상 풀 첫 묶음(방식 전환 파일럿) 확정(판정 2026-09-26),CHRON-1
portrait-pool,portrait-pool/pivot-pilot-20260926/assets/portraits/P04.png,c6bd7d5c3f3a3756c57bbdecba4e8b4a5b3d8421f7efb0eca6f1e3a6693ad2b7,confirmed,,초상 풀 첫 묶음(방식 전환 파일럿) 확정(판정 2026-09-26),CHRON-1
portrait-pool,portrait-pool/pivot-pilot-20260926/assets/portraits/P05.png,3ca0c80672369f038526e238a5c609000affe285a7ae4942b382229b64f42de0,confirmed,,초상 풀 첫 묶음(방식 전환 파일럿) 확정(판정 2026-09-26),CHRON-1
portrait-pool,portrait-pool/pivot-pilot-20260926/assets/portraits/P06.png,6875ab687593d2f644c4256c1d1d908343e3b97fc206742d7531ef75f3e4084f,confirmed,,초상 풀 첫 묶음(방식 전환 파일럿) 확정(판정 2026-09-26),CHRON-1
portrait-pool,portrait-pool/pivot-pilot-20260926/assets/portraits/P07.png,8a1f8e1f669c1b6493ff3b52d0c53bcec7f398c25fbdca8a87cee5dc093d76df,confirmed,,초상 풀 첫 묶음(방식 전환 파일럿) 확정(판정 2026-09-26),CHRON-1
portrait-pool,portrait-pool/pivot-pilot-20260926/assets/portraits/P08.png,9842ffffb28188c951e7a588686bd2fa0c1a556124e45ec7c3bff838af008a10,confirmed,,초상 풀 첫 묶음(방식 전환 파일럿) 확정(판정 2026-09-26),CHRON-1
portrait-pool,portrait-pool/pivot-pilot-20260926/assets/portraits/P09.png,00febe551bfbbdf03004957826c16bce518284cc6d8c70f83f98b1d46748f704,confirmed,,초상 풀 첫 묶음(방식 전환 파일럿) 확정(판정 2026-09-26),CHRON-1
portrait-pool,portrait-pool/pivot-pilot-20260926/assets/portraits/P10.png,f7bc8e72f46953b8202ef55741f74ba6fd9cfd943569df4d1416a90aae57038a,confirmed,,초상 풀 첫 묶음(방식 전환 파일럿) 확정(판정 2026-09-26),CHRON-1
portrait-pool,portrait-pool/pivot-pilot-20260926/assets/portraits/P11.png,ccd6cc5dccac45b6bbf9f70bbe5da47fc49d39e45e44327046028227662f1bbb,confirmed,,초상 풀 첫 묶음(방식 전환 파일럿) 확정(판정 2026-09-26),CHRON-1
portrait-pool,portrait-pool/pivot-pilot-20260926/assets/portraits/P12.png,e3d51a565484263f3f95011eba8f692da514ec7685c4b10bed931825b6ec67db,confirmed,,초상 풀 첫 묶음(방식 전환 파일럿) 확정(판정 2026-09-26),CHRON-1
portrait-pool,portrait-pool/pivot-pilot-20260926/assets/portraits/P13.png,ea06565c12a7d8110a8f3815b9d8c23e3cffac63cc7b0130fbc0e016746ae801,confirmed,,초상 풀 첫 묶음(방식 전환 파일럿) 확정(판정 2026-09-26),CHRON-1
portrait-pool,portrait-pool/pivot-pilot-20260926/assets/portraits/P14.png,837bc37f4bfa5fb5ba7c6af22708458bc031afff5a5070acadd3d51b5675817f,confirmed,,초상 풀 첫 묶음(방식 전환 파일럿) 확정(판정 2026-09-26),CHRON-1
portrait-pool,portrait-pool/pivot-pilot-20260926/assets/portraits/P15.png,ef404dc44688fc40d2cb69a68988df72a8aec6dc6242dda1f9606911cb3d5429,confirmed,,초상 풀 첫 묶음(방식 전환 파일럿) 확정(판정 2026-09-26),CHRON-1
portrait-pool,portrait-pool/pivot-pilot-20260926/assets/portraits/P16.png,53d4f4b6adad69856c86e1e2b058466d0f24a027f16bb626f4a434d7e4e24075,confirmed,,초상 풀 첫 묶음(방식 전환 파일럿) 확정(판정 2026-09-26),CHRON-1
portrait-pool,portrait-pool/pivot-pilot-20260926/assets/portraits/P17.png,f675f9bbd573fac2972458f9fe591ff3767f7ae12bb91364845c6f4afa022e04,confirmed,,초상 풀 첫 묶음(방식 전환 파일럿) 확정(판정 2026-09-26),CHRON-1
portrait-pool,portrait-pool/pivot-pilot-20260926/assets/portraits/P18.png,255d7d43e062a9e7af277714b6e51f2e3668e3e77062b267eac9d113fc0a271f,confirmed,,초상 풀 첫 묶음(방식 전환 파일럿) 확정(판정 2026-09-26),CHRON-1
portrait-pool,portrait-pool/pivot-pilot-20260926/assets/portraits/P19.png,c063505226cb291b77c55f89a9963daac10dd28a81c5e7a6367c706dbfe6738e,confirmed,,초상 풀 첫 묶음(방식 전환 파일럿) 확정(판정 2026-09-26),CHRON-1
portrait-pool,portrait-pool/pivot-pilot-20260926/assets/portraits/P20.png,113d19e7b7ee5982f62aa341cf50ea4963efc379d4709005e21cf4b7af4266cb,confirmed,,초상 풀 첫 묶음(방식 전환 파일럿) 확정(판정 2026-09-26),CHRON-1
portrait-pool,portrait-pool/pivot-pilot-20260926/assets/portraits/P21.png,11ce6af48f477bb8a1011eb5a64c4036567df4e723a85f6eacf2870b33f039d7,confirmed,,초상 풀 첫 묶음(방식 전환 파일럿) 확정(판정 2026-09-26),CHRON-1
portrait-pool,portrait-pool/pivot-pilot-20260926/assets/portraits/P22.png,3b7c29fc2dbd1ed31c7b29532b9dec1f4a5402fe556addbc1537146bc0b40d1f,confirmed,,초상 풀 첫 묶음(방식 전환 파일럿) 확정(판정 2026-09-26),CHRON-1
portrait-pool,portrait-pool/pivot-pilot-20260926/assets/portraits/P23.png,100b1298800b91b6e99c60c80939f257550e7401f261e90bff43f723b7e66a79,confirmed,,초상 풀 첫 묶음(방식 전환 파일럿) 확정(판정 2026-09-26),CHRON-1
portrait-pool,portrait-pool/pivot-pilot-20260926/assets/portraits/P24.png,e874958918220a002325e86a0c8dcd3a35a39a27b39d7c4efe787db53df93cef,confirmed,,초상 풀 첫 묶음(방식 전환 파일럿) 확정(판정 2026-09-26),CHRON-1
portrait-pool,portrait-pool/pivot-pilot-20260926/assets/portraits/P25.png,1ce0c058c96f4eddab6438d3ffa23d2541a545bdb3fb30a570c510a570b4c126,confirmed,,초상 풀 첫 묶음(방식 전환 파일럿) 확정(판정 2026-09-26),CHRON-1
portrait-pool,portrait-pool/pivot-pilot-20260926/assets/portraits/P26.png,412829ea5e127222b40ed25b8d2d94ee8792212dee834298f0c881d98f61efbf,confirmed,,초상 풀 첫 묶음(방식 전환 파일럿) 확정(판정 2026-09-26),CHRON-1
portrait-pool,portrait-pool/pivot-pilot-20260926/assets/portraits/P27.png,30ad11436ce70f267135303962d5324322507ed0863b1a6b123a6ac2202248bd,confirmed,,초상 풀 첫 묶음(방식 전환 파일럿) 확정(판정 2026-09-26),CHRON-1
portrait-pool,portrait-pool/pivot-pilot-20260926/assets/portraits/P28.png,7a22b0f148d47f79991d1fca91839444e91acc7efe63e200207501bfeb440350,confirmed,,초상 풀 첫 묶음(방식 전환 파일럿) 확정(판정 2026-09-26),CHRON-1
portrait-pool,portrait-pool/pivot-pilot-20260926/assets/portraits/P29.png,e8cbbcf52582a69a42157ded2b783bcf28fd5df827004fa74cd9531e19796812,confirmed,,초상 풀 첫 묶음(방식 전환 파일럿) 확정(판정 2026-09-26),CHRON-1
portrait-pool,portrait-pool/pivot-pilot-20260926/assets/portraits/P30.png,12d323745bba42cbcf762ec530e10df7caa7f469838ea23bb93211eccc356f0d,confirmed,,초상 풀 첫 묶음(방식 전환 파일럿) 확정(판정 2026-09-26),CHRON-1
portrait-pool,portrait-pool/pivot-pilot-20260926/assets/portraits/P31.png,8c02ee5619d218900dfcbe72da7f38c1a8f8ca2e1c8f92eaa4a4088f42a40ded,confirmed,,초상 풀 첫 묶음(방식 전환 파일럿) 확정(판정 2026-09-26),CHRON-1
portrait-pool,portrait-pool/pivot-pilot-20260926/assets/portraits/P32.png,f2134371d258debad517de865468e7d2924e9b501d07ed8e6ce3fc17bdbb8338,confirmed,,초상 풀 첫 묶음(방식 전환 파일럿) 확정(판정 2026-09-26),CHRON-1
portrait-pool,portrait-pool/pivot-pilot-20260926/assets/portraits/P33.png,eaadc7352926ed276cb3339c9deb3d9ce475c0a319c345a6daf7df824eb6fae6,confirmed,,초상 풀 첫 묶음(방식 전환 파일럿) 확정(판정 2026-09-26),CHRON-1
portrait-pool,portrait-pool/pivot-pilot-20260926/assets/portraits/P34.png,e1ee44defd57c3a3cc37b96e2ccec1de4817e78405b7e34612bc71608cb569b9,confirmed,,초상 풀 첫 묶음(방식 전환 파일럿) 확정(판정 2026-09-26),CHRON-1
portrait-pool,portrait-pool/pivot-pilot-20260926/assets/portraits/P35.png,fb58d2ede96cb4a3b29b1bd4bc2e52e66539693e8fbfd498e76eaa78d0055b10,confirmed,,초상 풀 첫 묶음(방식 전환 파일럿) 확정(판정 2026-09-26),CHRON-1
portrait-pool,portrait-pool/pivot-pilot-20260926/assets/portraits/P36.png,86ba3887e8c9cd33a1a022e0fb477ebdb6c8fbbab61be635c1350e3457ba6f18,confirmed,,초상 풀 첫 묶음(방식 전환 파일럿) 확정(판정 2026-09-26),CHRON-1
portrait-pool,portrait-pool/pivot-pilot-20260926/proofs/checks/01-pool-36-256-and-96.png,5ed667301e935f77ec14be1032ababa6e86ac063b9a9d7bd4fcba44499fb3012,confirmed,,초상 풀 첫 묶음(방식 전환 파일럿) 확정(판정 2026-09-26) · 확인 그림,
portrait-pool,portrait-pool/pivot-pilot-20260926/proofs/checks/02-aging-four-chains.png,05a31722edce85ba46a882c6f1bce8025c9d27476893614b1edadd75fb8f3afa,confirmed,,초상 풀 첫 묶음(방식 전환 파일럿) 확정(판정 2026-09-26) · 확인 그림,
portrait-pool,portrait-pool/pivot-pilot-20260926/proofs/checks/03-ui-96-eight-people.png,4856b1650928e98e13117e9ef27d3b48271c21c7a1f59f45898c6460c8020839,confirmed,,초상 풀 첫 묶음(방식 전환 파일럿) 확정(판정 2026-09-26) · 확인 그림,
portrait-pool,portrait-pool/pool1-20260926/assets/portraits/I037_mature.png,edbec1c654c033299e84a253e1b16a5d6ff57b8ef4f38f973e0128f642361ac8,confirmed,,초상 풀 1차 확정(판정 2026-09-26),CHRON-1
portrait-pool,portrait-pool/pool1-20260926/assets/portraits/I037_old.png,fd69e6010c0819a0fdb5a3f1407bbddbd7a35abd3e7552a5feb57dea480d258e,confirmed,,초상 풀 1차 확정(판정 2026-09-26),CHRON-1
portrait-pool,portrait-pool/pool1-20260926/assets/portraits/I037_young.png,62120dd567153893ca82bc7ad7a223952457fe81fc71b5445eef429baad7a878,confirmed,,초상 풀 1차 확정(판정 2026-09-26),CHRON-1
portrait-pool,portrait-pool/pool1-20260926/assets/portraits/I038_mature.png,e1c8124ff3f7ef3beffea9dee514b1089c5a5d36ef3a060d0e8e1f47104f4139,confirmed,,초상 풀 1차 확정(판정 2026-09-26),CHRON-1
portrait-pool,portrait-pool/pool1-20260926/assets/portraits/I038_old.png,bca5ac6a781f2290ea12e40503abe977622a70b968315bd6c684989f8f001a16,confirmed,,초상 풀 1차 확정(판정 2026-09-26),CHRON-1
portrait-pool,portrait-pool/pool1-20260926/assets/portraits/I038_young.png,03f1b3f11d43aa3870fcc1e7438ef3bf6b6e8569775ba246569279bd851649db,confirmed,,초상 풀 1차 확정(판정 2026-09-26),CHRON-1
portrait-pool,portrait-pool/pool1-20260926/assets/portraits/I039_mature.png,234e8233a6914a09b480d7f4676abaecf785113f584f9c870586a090a8d55bbf,confirmed,,초상 풀 1차 확정(판정 2026-09-26),CHRON-1
portrait-pool,portrait-pool/pool1-20260926/assets/portraits/I039_old.png,dc3643b8a175f0a9cdd1bb159c97b99d059401e79df6b520d52c60b173766006,confirmed,,초상 풀 1차 확정(판정 2026-09-26),CHRON-1
portrait-pool,portrait-pool/pool1-20260926/assets/portraits/I039_young.png,dfc543036a13431d79a7e4b5b2448e7ba86e300711503c5f18528feb1f77ce1c,confirmed,,초상 풀 1차 확정(판정 2026-09-26),CHRON-1
portrait-pool,portrait-pool/pool1-20260926/assets/portraits/I040_mature.png,bf253bb85ba882b6c03548084ca69b313a016b55ec15ebcc19de577fe1f8db33,confirmed,,초상 풀 1차 확정(판정 2026-09-26),CHRON-1
portrait-pool,portrait-pool/pool1-20260926/assets/portraits/I040_old.png,dd3651bb7e49aede4b2cff7ed5980f04a93d90d4fa9d660b04eeba3aca4dfaa8,confirmed,,초상 풀 1차 확정(판정 2026-09-26),CHRON-1
portrait-pool,portrait-pool/pool1-20260926/assets/portraits/I040_young.png,47c6db4446d99c06ebf298528f8f7b0a97d52907319d8d3a5acc3acc48b256da,confirmed,,초상 풀 1차 확정(판정 2026-09-26),CHRON-1
portrait-pool,portrait-pool/pool1-20260926/assets/portraits/I041_mature.png,de8d6211c55d8d0b99705566b2e80438142a2396d51fb727aa6f2ac2237c9793,confirmed,,초상 풀 1차 확정(판정 2026-09-26),CHRON-1
portrait-pool,portrait-pool/pool1-20260926/assets/portraits/I041_old.png,186b4d765c0e612156c008a721572692491266a174df9e92136101b933679178,confirmed,,초상 풀 1차 확정(판정 2026-09-26),CHRON-1
portrait-pool,portrait-pool/pool1-20260926/assets/portraits/I041_young.png,6619dd413e360e700a7ba0baccfed2a6f72ce6f19c3f5ec621de3a6c51917056,confirmed,,초상 풀 1차 확정(판정 2026-09-26),CHRON-1
portrait-pool,portrait-pool/pool1-20260926/assets/portraits/I042_mature.png,5e54ef05df9e42e3e346c5432280494aec025b570b6da972532947f10810951a,confirmed,,초상 풀 1차 확정(판정 2026-09-26),CHRON-1
portrait-pool,portrait-pool/pool1-20260926/assets/portraits/I042_old.png,3f65cb8ef36e548a053994307b991dbca8b3a9239cdb45e116551003791a5138,confirmed,,초상 풀 1차 확정(판정 2026-09-26),CHRON-1
portrait-pool,portrait-pool/pool1-20260926/assets/portraits/I042_young.png,23b917cef14535874ecb59cabc575cb52bf9c39543133403e4b3708d3f642daa,confirmed,,초상 풀 1차 확정(판정 2026-09-26),CHRON-1
portrait-pool,portrait-pool/pool1-20260926/assets/portraits/I043_mature.png,2bc7849dac80cf564da01c6d516300c4db788208943f1b98b5ce0c2d6730de2b,confirmed,,초상 풀 1차 확정(판정 2026-09-26),CHRON-1
portrait-pool,portrait-pool/pool1-20260926/assets/portraits/I043_old.png,5adc9e8786a0b6765b1bc519873b4a8a3c547563b3c27e88dc19986fa0b8eae7,confirmed,,초상 풀 1차 확정(판정 2026-09-26),CHRON-1
portrait-pool,portrait-pool/pool1-20260926/assets/portraits/I043_young.png,7d46fc544ecc2464bfeaf4ddbb8837f283fc0c688b20dd07ceff231f7883fe63,confirmed,,초상 풀 1차 확정(판정 2026-09-26),CHRON-1
portrait-pool,portrait-pool/pool1-20260926/assets/portraits/I044_mature.png,26b6e372e666712c34d303cac83fceab7a48fb47fa9a38eb4991a690a121ff14,confirmed,,초상 풀 1차 확정(판정 2026-09-26),CHRON-1
portrait-pool,portrait-pool/pool1-20260926/assets/portraits/I044_old.png,313bc37d35b2840f228f775e9b5ba62fe64fc4b9ab6292a4bd2257f8641df3fb,confirmed,,초상 풀 1차 확정(판정 2026-09-26),CHRON-1
portrait-pool,portrait-pool/pool1-20260926/assets/portraits/I044_young.png,9e1bf448649b4653cdde9b94be4271f722a4f516ee75915eb1f3eb3993408f35,confirmed,,초상 풀 1차 확정(판정 2026-09-26),CHRON-1
portrait-pool,portrait-pool/pool1-20260926/assets/portraits/I045_mature.png,49c20042115f22e698b42c80274041ed551424dccb4796ca3dfe07237c4ee5d5,confirmed,,초상 풀 1차 확정(판정 2026-09-26),CHRON-1
portrait-pool,portrait-pool/pool1-20260926/assets/portraits/I045_old.png,2d4a204c252eaee4e25d801d38f31d9afb4c7e5367b547acf88e75eb7a109346,confirmed,,초상 풀 1차 확정(판정 2026-09-26),CHRON-1
portrait-pool,portrait-pool/pool1-20260926/assets/portraits/I045_young.png,ffb85a1746c61fda094d538f56e3494ac6f5494a015ea2e8ba82c69fed048ee2,confirmed,,초상 풀 1차 확정(판정 2026-09-26),CHRON-1
portrait-pool,portrait-pool/pool1-20260926/assets/portraits/I046_mature.png,8d43bb689341fa5a898ebf7cf09057be011333f0571b867417a54dfde9509175,confirmed,,초상 풀 1차 확정(판정 2026-09-26),CHRON-1
portrait-pool,portrait-pool/pool1-20260926/assets/portraits/I046_old.png,06aeb9f99327315e7fead9ea5a5725d24741b8c6a799d24b0c5473915f837786,confirmed,,초상 풀 1차 확정(판정 2026-09-26),CHRON-1
portrait-pool,portrait-pool/pool1-20260926/assets/portraits/I046_young.png,0c51defb5d102a95414175456fd574e58b5fe50649961cfdb78ecdb8be91289d,confirmed,,초상 풀 1차 확정(판정 2026-09-26),CHRON-1
portrait-pool,portrait-pool/pool1-20260926/assets/portraits/I047_mature.png,0ced77def3fe4eeee2d290c04e787ee30c41a7e05b66fdf0750bba57ae8523ae,confirmed,,초상 풀 1차 확정(판정 2026-09-26),CHRON-1
portrait-pool,portrait-pool/pool1-20260926/assets/portraits/I047_old.png,87122908aa15954708537bc76b2a7e2df38a97808838a521d6f03e742df5a6c1,confirmed,,초상 풀 1차 확정(판정 2026-09-26),CHRON-1
portrait-pool,portrait-pool/pool1-20260926/assets/portraits/I047_young.png,3d3e8b247d30e04b0e27c431cb1264cf51e8aceafde096c6ff64de9e49daa678,confirmed,,초상 풀 1차 확정(판정 2026-09-26),CHRON-1
portrait-pool,portrait-pool/pool1-20260926/assets/portraits/I048_mature.png,943f072a978afbca82578ee6870e9146c4ab7a706d39653534e980d2b691dcd1,confirmed,,초상 풀 1차 확정(판정 2026-09-26),CHRON-1
portrait-pool,portrait-pool/pool1-20260926/assets/portraits/I048_old.png,944ea80602bba0b919268637249c3c5083271d9ff5eedb10e7e8322ddb8d7ee3,confirmed,,초상 풀 1차 확정(판정 2026-09-26),CHRON-1
portrait-pool,portrait-pool/pool1-20260926/assets/portraits/I048_young.png,5ea9f67d56f7c1d7ac9adfdf1d325307d8a6b7518c3e97d77252933f271888b7,confirmed,,초상 풀 1차 확정(판정 2026-09-26),CHRON-1
portrait-pool,portrait-pool/pool1-20260926/assets/portraits/I049_mature.png,3bf7eb26555099f1d7d3f93cdb12fae68cf1120d1bb8c6aecf458eba52dc3460,confirmed,,초상 풀 1차 확정(판정 2026-09-26),CHRON-1
portrait-pool,portrait-pool/pool1-20260926/assets/portraits/I049_old.png,48daf895014edf9063e3682a2efb56e5b4f63a8bbdf5c28d44125c81ef29e77d,confirmed,,초상 풀 1차 확정(판정 2026-09-26),CHRON-1
portrait-pool,portrait-pool/pool1-20260926/assets/portraits/I049_young.png,c6642989af96120a29719109b2a85e77790fa5756fdd4be90c65c622a4b5ed1d,confirmed,,초상 풀 1차 확정(판정 2026-09-26),CHRON-1
portrait-pool,portrait-pool/pool1-20260926/assets/portraits/I050_mature.png,8af64fe5453bb4d8cf672a9077ae04bb1621efe654b8d8cfc1e5e15241203502,confirmed,,초상 풀 1차 확정(판정 2026-09-26),CHRON-1
portrait-pool,portrait-pool/pool1-20260926/assets/portraits/I050_old.png,66157a5335e1e64afc939b6a6bcb4d41c28af6cb7b0134de2d9561d76dee22e9,confirmed,,초상 풀 1차 확정(판정 2026-09-26),CHRON-1
portrait-pool,portrait-pool/pool1-20260926/assets/portraits/I050_young.png,75615c1fdd075d881976c23499f81bdddacb60749221c8d0da79f7cd4bf91b89,confirmed,,초상 풀 1차 확정(판정 2026-09-26),CHRON-1
portrait-pool,portrait-pool/pool1-20260926/assets/portraits/I051_mature.png,05fd80df5ad03fd228bc79a55f01d506ad4c618e121fb562a0a829a1c3dc03c5,confirmed,,초상 풀 1차 확정(판정 2026-09-26),CHRON-1
portrait-pool,portrait-pool/pool1-20260926/assets/portraits/I051_old.png,3a1369adbd8956d4d6c025026a4a6ed49826f303f40df47cfb4f3611c5f59784,confirmed,,초상 풀 1차 확정(판정 2026-09-26),CHRON-1
portrait-pool,portrait-pool/pool1-20260926/assets/portraits/I051_young.png,8ea290039ccef37e5ad8e1847e79aba54c75b0a4a3cc14441fb1c0ee911e8894,confirmed,,초상 풀 1차 확정(판정 2026-09-26),CHRON-1
portrait-pool,portrait-pool/pool1-20260926/assets/portraits/I052_mature.png,22f20b513c0995df2c495a634056e4308589b1f6f97abfe500a2fa51b9ee6584,confirmed,,초상 풀 1차 확정(판정 2026-09-26),CHRON-1
portrait-pool,portrait-pool/pool1-20260926/assets/portraits/I052_old.png,fe2c9aee2061b1b5795f483cc2ec31fce1161dae8b90afbf4644f5b2bd580720,confirmed,,초상 풀 1차 확정(판정 2026-09-26),CHRON-1
portrait-pool,portrait-pool/pool1-20260926/assets/portraits/I052_young.png,bb503401913dea946ef19e255565fd7fd7e02d570097ca552fb3630be9512ec6,confirmed,,초상 풀 1차 확정(판정 2026-09-26),CHRON-1
portrait-pool,portrait-pool/pool1-20260926/assets/portraits/I053_mature.png,c905e51dc15700d141109d42b919bec1db1b76e223bf1c7f40538a1576359052,confirmed,,초상 풀 1차 확정(판정 2026-09-26),CHRON-1
portrait-pool,portrait-pool/pool1-20260926/assets/portraits/I053_old.png,7b4cefa42573b1897f20f32f4a8dc0391a86537f75c74ea1989258529971cc03,confirmed,,초상 풀 1차 확정(판정 2026-09-26),CHRON-1
portrait-pool,portrait-pool/pool1-20260926/assets/portraits/I053_young.png,ffb952af59988ea17068c394435daeb7ebc8d723e2131b8e0dcfa0ecc8b3b710,confirmed,,초상 풀 1차 확정(판정 2026-09-26),CHRON-1
portrait-pool,portrait-pool/pool1-20260926/assets/portraits/I054_mature.png,6de0e43058ceef8b4ddff3fc81a73434865be0eb6df4f36b3a4b193fc95b9b1d,confirmed,,초상 풀 1차 확정(판정 2026-09-26),CHRON-1
portrait-pool,portrait-pool/pool1-20260926/assets/portraits/I054_old.png,37b80fc97c684c0321cff750f7755618fc9d64d5729ec965b99d2f8518aece16,confirmed,,초상 풀 1차 확정(판정 2026-09-26),CHRON-1
portrait-pool,portrait-pool/pool1-20260926/assets/portraits/I054_young.png,d4eb231f952b4a78f700e7da4617b56db0c3607f53d6d48956acdce00b1c23e6,confirmed,,초상 풀 1차 확정(판정 2026-09-26),CHRON-1
portrait-pool,portrait-pool/pool1-20260926/assets/portraits/I055_mature.png,7461e91fde12f8e8d45d8c0e24b5482ac4901f01460e464cc5bbbe931ca64b8a,confirmed,,초상 풀 1차 확정(판정 2026-09-26),CHRON-1
portrait-pool,portrait-pool/pool1-20260926/assets/portraits/I055_old.png,b2228c50dcb8ad08eef8bc5eda6b40ad94032e8d42c655c264d61a7210461846,confirmed,,초상 풀 1차 확정(판정 2026-09-26),CHRON-1
portrait-pool,portrait-pool/pool1-20260926/assets/portraits/I055_young.png,6c0e20a71dcb8c68a0901704d1df348dd70cb70227882bc86222e72bff0dec6b,confirmed,,초상 풀 1차 확정(판정 2026-09-26),CHRON-1
portrait-pool,portrait-pool/pool1-20260926/assets/portraits/I056_mature.png,61b60f093df3cc4564192731abcb9cac954dd33342934a2a3376a14c4bf8152b,confirmed,,초상 풀 1차 확정(판정 2026-09-26),CHRON-1
portrait-pool,portrait-pool/pool1-20260926/assets/portraits/I056_old.png,af2578586a2850f887e5f1df0df0ee2002ba63262ede7727f5aa36a207a898c8,confirmed,,초상 풀 1차 확정(판정 2026-09-26),CHRON-1
portrait-pool,portrait-pool/pool1-20260926/assets/portraits/I056_young.png,2bf9fb9e6e241d8b3f9a8d0eae4040caf76e6481c72215b720eff7de93c71846,confirmed,,초상 풀 1차 확정(판정 2026-09-26),CHRON-1
portrait-pool,portrait-pool/pool1-20260926/assets/portraits/I057_mature.png,1bf7ce58d413d23542564dfde80be75592c83625cf9623030b76cbd2857b6fa7,confirmed,,초상 풀 1차 확정(판정 2026-09-26),CHRON-1
portrait-pool,portrait-pool/pool1-20260926/assets/portraits/I057_old.png,7add01fe464278cf88af2b4931377cfc978d1739722db81b04fd6455e475019d,confirmed,,초상 풀 1차 확정(판정 2026-09-26),CHRON-1
portrait-pool,portrait-pool/pool1-20260926/assets/portraits/I057_young.png,be7bff38234dd51b7c03ff68b64c5f48ab23d9af884670cad1737454db7edfe6,confirmed,,초상 풀 1차 확정(판정 2026-09-26),CHRON-1
portrait-pool,portrait-pool/pool1-20260926/assets/portraits/I058_mature.png,bed3326b2b4ca149f9adaf954a3484c1cd840c1259562fffbe5a5f3130ef4459,confirmed,,초상 풀 1차 확정(판정 2026-09-26),CHRON-1
portrait-pool,portrait-pool/pool1-20260926/assets/portraits/I058_old.png,50a04cd82aa5fb8869efab929fab313e71b2ba7590a9f6506285ceef8b2fd6c5,confirmed,,초상 풀 1차 확정(판정 2026-09-26),CHRON-1
portrait-pool,portrait-pool/pool1-20260926/assets/portraits/I058_young.png,a77798968b4d5f100b48c85b2f1b9806ab9cea74be36d666106531c72d483795,confirmed,,초상 풀 1차 확정(판정 2026-09-26),CHRON-1
portrait-pool,portrait-pool/pool1-20260926/assets/portraits/I059_mature.png,330568a8db005d9367c85fc0950240b9b272d079bd6787e1ff9cad236f8b1fc7,confirmed,,초상 풀 1차 확정(판정 2026-09-26),CHRON-1
portrait-pool,portrait-pool/pool1-20260926/assets/portraits/I059_old.png,8f8a6c9003978f7d54d9d36668e971353a0512ec2249a5ae38408eb80550ffc0,confirmed,,초상 풀 1차 확정(판정 2026-09-26),CHRON-1
portrait-pool,portrait-pool/pool1-20260926/assets/portraits/I059_young.png,951db4158c37e28c6c9db4e82b84cd27911d377e2710eae479015bc2b5632293,confirmed,,초상 풀 1차 확정(판정 2026-09-26),CHRON-1
portrait-pool,portrait-pool/pool1-20260926/assets/portraits/I060_mature.png,d61100488db2c10f8f214378201fab3398afe024f56f28f6d936391075fef4e0,confirmed,,초상 풀 1차 확정(판정 2026-09-26),CHRON-1
portrait-pool,portrait-pool/pool1-20260926/assets/portraits/I060_old.png,f0624697a97cdedfcf605826a7ba10226fc223945e659ddbdbef71f01be6b90f,confirmed,,초상 풀 1차 확정(판정 2026-09-26),CHRON-1
portrait-pool,portrait-pool/pool1-20260926/assets/portraits/I060_young.png,e7b1bc2af848dbeecc80cec64c931ed4b55bc0329c1c98f74fd73e043c990ca6,confirmed,,초상 풀 1차 확정(판정 2026-09-26),CHRON-1
portrait-pool,portrait-pool/pool1-20260926/assets/portraits/I061_mature.png,d596109a7f5d7811802f7b218e96d402a079a88d7ca087445717264c9f93ed39,confirmed,,초상 풀 1차 확정(판정 2026-09-26),CHRON-1
portrait-pool,portrait-pool/pool1-20260926/assets/portraits/I061_old.png,68478bdd4e06a717df950fc1d8523fe69520d01152f10decb3c9130fc21b80fc,confirmed,,초상 풀 1차 확정(판정 2026-09-26),CHRON-1
portrait-pool,portrait-pool/pool1-20260926/assets/portraits/I061_young.png,57ef4fbe0873eb98c66b5dc3bfb34a1d70e354bbf8afc93ccdd9c147df531586,confirmed,,초상 풀 1차 확정(판정 2026-09-26),CHRON-1
portrait-pool,portrait-pool/pool1-20260926/assets/portraits/I062_mature.png,08a9b3e18fb75b7f9112c7238db64a19632fbe4b8058c528eb8ec80045a4ad7a,confirmed,,초상 풀 1차 확정(판정 2026-09-26),CHRON-1
portrait-pool,portrait-pool/pool1-20260926/assets/portraits/I062_old.png,360c1fc8339bd20043545e5448067f5a6533838d905d28f3be3c218792f4d129,confirmed,,초상 풀 1차 확정(판정 2026-09-26),CHRON-1
portrait-pool,portrait-pool/pool1-20260926/assets/portraits/I062_young.png,641d892eaafd4d7f2b178bd1e90acc03096ce6c76188238a046b4cc6b51ccdb5,confirmed,,초상 풀 1차 확정(판정 2026-09-26),CHRON-1
portrait-pool,portrait-pool/pool1-20260926/assets/portraits/I063_mature.png,57afab5f6c4f7534569d2074d6c65b70ecb8c8c9b8aea5a1d5623b66aa8ca30e,confirmed,,초상 풀 1차 확정(판정 2026-09-26),CHRON-1
portrait-pool,portrait-pool/pool1-20260926/assets/portraits/I063_old.png,9f395e8ce9eb2e159accb7b735b9400eb8b11cac260120decf08fa43a3ddf215,confirmed,,초상 풀 1차 확정(판정 2026-09-26),CHRON-1
portrait-pool,portrait-pool/pool1-20260926/assets/portraits/I063_young.png,909edaf289b61251d966b60eb06194ff440ea0d30458f18903873665ad4e9276,confirmed,,초상 풀 1차 확정(판정 2026-09-26),CHRON-1
portrait-pool,portrait-pool/pool1-20260926/assets/portraits/I064_mature.png,d87fbcde6c0ee163d9e39a62adcad159235eef73d400b5eee7f00879d8e44117,confirmed,,초상 풀 1차 확정(판정 2026-09-26),CHRON-1
portrait-pool,portrait-pool/pool1-20260926/assets/portraits/I064_old.png,a638fc1ad88d93ba43192a95af0af11be17b7ff7cce39e596c1506e96246501d,confirmed,,초상 풀 1차 확정(판정 2026-09-26),CHRON-1
portrait-pool,portrait-pool/pool1-20260926/assets/portraits/I064_young.png,ea8e13d3629bd65016167bbb62a9fb44167c210a4a33fa29357f3eb790d6c1aa,confirmed,,초상 풀 1차 확정(판정 2026-09-26),CHRON-1
portrait-pool,portrait-pool/pool1-20260926/assets/portraits/I065_child.png,695d51841bb74edc40880459cca4d99956465a2cd78df3647f562e0958462c93,confirmed,,초상 풀 1차 확정(판정 2026-09-26),CHRON-1
portrait-pool,portrait-pool/pool1-20260926/assets/portraits/I065_young.png,805e11330abd1970f94c2bb7ee617634a1010d48af0000b0bb151eac24455d82,confirmed,,초상 풀 1차 확정(판정 2026-09-26),CHRON-1
portrait-pool,portrait-pool/pool1-20260926/assets/portraits/I066_child.png,2cb10e3163fac8484db8e14eb4c81490f24d958515ba35fada5271ddca2aa12a,confirmed,,초상 풀 1차 확정(판정 2026-09-26),CHRON-1
portrait-pool,portrait-pool/pool1-20260926/assets/portraits/I066_young.png,1c97a529bf85823fbfb37d7c15ad48b4af8c0ea36eef97c8027d1e74dc950806,confirmed,,초상 풀 1차 확정(판정 2026-09-26),CHRON-1
portrait-pool,portrait-pool/pool1-20260926/assets/portraits/I067_child.png,c9fff2e86f7f97d09a4d95abd1984b6e4d6a8e8316691146e836222a05fb4286,confirmed,,초상 풀 1차 확정(판정 2026-09-26),CHRON-1
portrait-pool,portrait-pool/pool1-20260926/assets/portraits/I067_young.png,a1b7537c32b4cdf74e23363f49d80d440d15c45d23ce08af63a9e8c6e323b58e,confirmed,,초상 풀 1차 확정(판정 2026-09-26),CHRON-1
portrait-pool,portrait-pool/pool1-20260926/assets/portraits/I068_child.png,e54b1dabed80331169479ef6971e8ce3df0d1701601723ccc8e09a720b89c748,confirmed,,초상 풀 1차 확정(판정 2026-09-26),CHRON-1
portrait-pool,portrait-pool/pool1-20260926/assets/portraits/I068_young.png,f3b96f0c6c7353c5478afb9ee9a62222cea38bf038ad896e83a7cac57d5246a6,confirmed,,초상 풀 1차 확정(판정 2026-09-26),CHRON-1
portrait-pool,portrait-pool/pool1-20260926/proofs/checks/01-all-92-256-and-96.png,a8e7fc974000842de671a2823d6bd47dc96704402152f732db7a78ab64517e50,confirmed,,초상 풀 1차 확정(판정 2026-09-26) · 확인 그림,
portrait-pool,portrait-pool/pool1-20260926/proofs/checks/02-pilot-and-new-68.png,cbde46a66097b5ed231ff43ef948a8ebc209e2af095d2cd853a70928e7f71926,confirmed,,초상 풀 1차 확정(판정 2026-09-26) · 확인 그림,
portrait-pool,portrait-pool/pool1-20260926/proofs/checks/03-all-32-aging-chains.png,2639682e15a0e8ed9c6e7cf6508fac3c8ec520bdcc223158e4b692973e88f571,confirmed,,초상 풀 1차 확정(판정 2026-09-26) · 확인 그림,
portrait-pool,portrait-pool/pool1-20260926/proofs/checks/04-ui-96-cards.png,e022ed4d877018b972ab8b1ac62f1889961f3b02fcf5ef05e636c388b594e7d2,confirmed,,초상 풀 1차 확정(판정 2026-09-26) · 확인 그림,
portrait-pool,portrait-pool/pool2-20260926/assets/portraits/I069_mature.png,0ffbd1d0085fe1f6a0c4b726e9acfd8ab3cb0a5cf5fdc58334bff4f613b1a22e,confirmed,,초상 풀 2차 확정(판정 2026-09-27),CHRON-1
portrait-pool,portrait-pool/pool2-20260926/assets/portraits/I069_old.png,d7a5ce48231eba4619f8d2e6ae9316509232d54649d504d5b4c2d9cbb56e2981,confirmed,,초상 풀 2차 확정(판정 2026-09-27),CHRON-1
portrait-pool,portrait-pool/pool2-20260926/assets/portraits/I069_young.png,5696b4e027cb60c87d26d5b2b27ee307702cc42430b5d2f560768e35b4816350,confirmed,,초상 풀 2차 확정(판정 2026-09-27),CHRON-1
portrait-pool,portrait-pool/pool2-20260926/assets/portraits/I070_mature.png,caadf65763cbbccdca53f9ddbf094accc512a4febfe94db3ddf05aa86c8b2b84,confirmed,,초상 풀 2차 확정(판정 2026-09-27),CHRON-1
portrait-pool,portrait-pool/pool2-20260926/assets/portraits/I070_old.png,8121e6bdefae77a69ab7be5c48491124318da0aee9f496079d7f173e377070c7,confirmed,,초상 풀 2차 확정(판정 2026-09-27),CHRON-1
portrait-pool,portrait-pool/pool2-20260926/assets/portraits/I070_young.png,c3f5f2c1933360db95b1937865d46a62fa8d7845aa1ea35bb00a293e7eb63ec3,confirmed,,초상 풀 2차 확정(판정 2026-09-27),CHRON-1
portrait-pool,portrait-pool/pool2-20260926/assets/portraits/I071_mature.png,1eddebf5d2a3f3eaca8b2d2a67b879fe786917fa856ea18aea5658aaaceaf1e5,confirmed,,초상 풀 2차 확정(판정 2026-09-27),CHRON-1
portrait-pool,portrait-pool/pool2-20260926/assets/portraits/I071_old.png,fa67c0ec90520502d6f135004be3a7e88d331a1d3fc8f5d4a490563613b98739,confirmed,,초상 풀 2차 확정(판정 2026-09-27),CHRON-1
portrait-pool,portrait-pool/pool2-20260926/assets/portraits/I071_young.png,241bd4eb9c4d4d9e0c4b4eb12fcfae8724e82c4e534201f852b9fb845d303aca,confirmed,,초상 풀 2차 확정(판정 2026-09-27),CHRON-1
portrait-pool,portrait-pool/pool2-20260926/assets/portraits/I072_mature.png,92cc9aa5cb36d35bfbbc259f96e4d8996127c64896ca7daf5c3f749d41887982,confirmed,,초상 풀 2차 확정(판정 2026-09-27),CHRON-1
portrait-pool,portrait-pool/pool2-20260926/assets/portraits/I072_old.png,7ae861ccc82f9f64ff17b7d32fb204e202bf8a630fc94dfa3278fdb6f20f0c27,confirmed,,초상 풀 2차 확정(판정 2026-09-27),CHRON-1
portrait-pool,portrait-pool/pool2-20260926/assets/portraits/I072_young.png,8e6c8cb0bb0373ac91a989bf12c973effae22f44d25257b69e9241a90f895987,confirmed,,초상 풀 2차 확정(판정 2026-09-27),CHRON-1
portrait-pool,portrait-pool/pool2-20260926/assets/portraits/I073_mature.png,8decd65c50cb7bf8930da239a15e9a1a31bc893ba144a0b77bd3d5c991705744,confirmed,,초상 풀 2차 확정(판정 2026-09-27),CHRON-1
portrait-pool,portrait-pool/pool2-20260926/assets/portraits/I073_old.png,c62d0956471b76b9c76a8ccbfbf6bc67325e82905402df91edda94ccdd6040bd,confirmed,,초상 풀 2차 확정(판정 2026-09-27),CHRON-1
portrait-pool,portrait-pool/pool2-20260926/assets/portraits/I073_young.png,6b7c05fa918200227d1b130fcee536e1bcbf4474d82bba159d474c403c7a414b,confirmed,,초상 풀 2차 확정(판정 2026-09-27),CHRON-1
portrait-pool,portrait-pool/pool2-20260926/assets/portraits/I074_mature.png,050349041254a6150993d9fc41fd7dee8189daebee5580bdef850602d8f4d62d,confirmed,,초상 풀 2차 확정(판정 2026-09-27),CHRON-1
portrait-pool,portrait-pool/pool2-20260926/assets/portraits/I074_old.png,2b932d6b6d5302a1fe9cb84389365c09639bd3041abf5eb49141275e09558380,confirmed,,초상 풀 2차 확정(판정 2026-09-27),CHRON-1
portrait-pool,portrait-pool/pool2-20260926/assets/portraits/I074_young.png,3d5e4fda9d54339d9ea28d8f0119c512414caee779dfd1069a2062746d85f272,confirmed,,초상 풀 2차 확정(판정 2026-09-27),CHRON-1
portrait-pool,portrait-pool/pool2-20260926/assets/portraits/I075_mature.png,e3057e541263a48ea7b61a93228358dbff959af6d7bae6df285c46275124dbe0,confirmed,,초상 풀 2차 확정(판정 2026-09-27),CHRON-1
portrait-pool,portrait-pool/pool2-20260926/assets/portraits/I075_old.png,a441fe0e610f7c1ad27d02b195235af45fa8fa671bee6dc9c496072ee0d5b1c7,confirmed,,초상 풀 2차 확정(판정 2026-09-27),CHRON-1
portrait-pool,portrait-pool/pool2-20260926/assets/portraits/I075_young.png,ec4c55e86f1e6469c0c54fa50e6bb7f1ac14d8cb6a315a5ab0fb0d3fad4ae08a,confirmed,,초상 풀 2차 확정(판정 2026-09-27),CHRON-1
portrait-pool,portrait-pool/pool2-20260926/assets/portraits/I076_mature.png,edd37041461b2a0ea5854220df58393b82e980165e3ab9891f3bf2bb8d47cf54,confirmed,,초상 풀 2차 확정(판정 2026-09-27),CHRON-1
portrait-pool,portrait-pool/pool2-20260926/assets/portraits/I076_old.png,e1be8de388c399a51e17854f353a7d789eef4f73da12126076fdb8e11bb402eb,confirmed,,초상 풀 2차 확정(판정 2026-09-27),CHRON-1
portrait-pool,portrait-pool/pool2-20260926/assets/portraits/I076_young.png,2e3b9e53b5a5ad4abfb477ae0cea7ff35a37919db7fd32fdc4f7e12de0fc41d6,confirmed,,초상 풀 2차 확정(판정 2026-09-27),CHRON-1
portrait-pool,portrait-pool/pool2-20260926/assets/portraits/I077_mature.png,07d4394228d159804d330c8afe29d891a07f3b7052c84ee08257812c038e33fc,confirmed,,초상 풀 2차 확정(판정 2026-09-27),CHRON-1
portrait-pool,portrait-pool/pool2-20260926/assets/portraits/I077_old.png,d315822049ad01f43326125008d056fa31cfb370e2f3cee253e218b163f71a53,confirmed,,초상 풀 2차 확정(판정 2026-09-27),CHRON-1
portrait-pool,portrait-pool/pool2-20260926/assets/portraits/I077_young.png,13cc18978741fb21ac8249bbee29945250b235d89adebf10b72096a86c23e78b,confirmed,,초상 풀 2차 확정(판정 2026-09-27),CHRON-1
portrait-pool,portrait-pool/pool2-20260926/assets/portraits/I078_mature.png,11f34bb6d531bcaf00ea2c4594d9442f87277441531b5e4b0770d5f65a09cfb3,confirmed,,초상 풀 2차 확정(판정 2026-09-27),CHRON-1
portrait-pool,portrait-pool/pool2-20260926/assets/portraits/I078_old.png,50ea1067c652928de42ae8442a7ee949aefe66f12efbdb2065acaffe8ffe484b,confirmed,,초상 풀 2차 확정(판정 2026-09-27),CHRON-1
portrait-pool,portrait-pool/pool2-20260926/assets/portraits/I078_young.png,ea99b45fbae9714e0724334555375675f308520e0bd2c09b43511b3a6e0860b0,confirmed,,초상 풀 2차 확정(판정 2026-09-27),CHRON-1
portrait-pool,portrait-pool/pool2-20260926/assets/portraits/I079_mature.png,a437e4c4987212a93a254742ec02597353106d16a6933cce0c87e73bdddb49f9,confirmed,,초상 풀 2차 확정(판정 2026-09-27),CHRON-1
portrait-pool,portrait-pool/pool2-20260926/assets/portraits/I079_old.png,2860025408b1f31f1d18cc2ffe9e398abd0fda5cf9ff45d82a4f194cca37fb7f,confirmed,,초상 풀 2차 확정(판정 2026-09-27),CHRON-1
portrait-pool,portrait-pool/pool2-20260926/assets/portraits/I079_young.png,45e432d5240e6b163b8ba0fc49098874918d6e550cef485c2222ef3c64501c0a,confirmed,,초상 풀 2차 확정(판정 2026-09-27),CHRON-1
portrait-pool,portrait-pool/pool2-20260926/assets/portraits/I080_mature.png,4b0f6d1cf3b4cfca8e6d53d6e9a3808c157ca1817a5866968fd1d1a50f4e463c,confirmed,,초상 풀 2차 확정(판정 2026-09-27),CHRON-1
portrait-pool,portrait-pool/pool2-20260926/assets/portraits/I080_old.png,c3c8fa666172a89f0f016337ed7c16fadf5403517ca321c0c65627e378b7a3d1,confirmed,,초상 풀 2차 확정(판정 2026-09-27),CHRON-1
portrait-pool,portrait-pool/pool2-20260926/assets/portraits/I080_young.png,d664cc4e8a31eede1cc5f56bd57d0a60d9cbf739535235258645d00d7d80f524,confirmed,,초상 풀 2차 확정(판정 2026-09-27),CHRON-1
portrait-pool,portrait-pool/pool2-20260926/assets/portraits/I081_mature.png,d7d5f711b2ac25fba066ded6e7f09d07c7b2241620ca3edf67d10fb7ece0c4bc,confirmed,,초상 풀 2차 확정(판정 2026-09-27),CHRON-1
portrait-pool,portrait-pool/pool2-20260926/assets/portraits/I081_old.png,04b0cb7be3c0f2d00e5d4a6f2c95cbcbba5e70f18255e86e4c9f8752e35bb41a,confirmed,,초상 풀 2차 확정(판정 2026-09-27),CHRON-1
portrait-pool,portrait-pool/pool2-20260926/assets/portraits/I081_young.png,b903ed69373b639792bc1333ed0abe549594f3c5fd3374ad618404aea1a82921,confirmed,,초상 풀 2차 확정(판정 2026-09-27),CHRON-1
portrait-pool,portrait-pool/pool2-20260926/assets/portraits/I082_mature.png,78c735ded645ab6fc2164b74ea43cf64e71a5c5c9d8dbd35996deeffe9b85ea1,confirmed,,초상 풀 2차 확정(판정 2026-09-27),CHRON-1
portrait-pool,portrait-pool/pool2-20260926/assets/portraits/I082_old.png,c8ff145605481b2a8aa3ed13e2c513837e9660def219ae89f842baa54969cacb,confirmed,,초상 풀 2차 확정(판정 2026-09-27),CHRON-1
portrait-pool,portrait-pool/pool2-20260926/assets/portraits/I082_young.png,cfaa88e8e0b1c0ff65493548b0c5cdf18b79b213b3a520d6dec8b4e7fcd83f7e,confirmed,,초상 풀 2차 확정(판정 2026-09-27),CHRON-1
portrait-pool,portrait-pool/pool2-20260926/assets/portraits/I083_mature.png,eedde00eb8bd1e70ecc7e3b6c82af32b46b9744b808f043397c45e6a8a72582f,confirmed,,초상 풀 2차 확정(판정 2026-09-27),CHRON-1
portrait-pool,portrait-pool/pool2-20260926/assets/portraits/I083_old.png,39f7c23a6a7f9f707f4cbdf3824bb1e6cedd3916cc4c894c8ffe9090c8c449e1,confirmed,,초상 풀 2차 확정(판정 2026-09-27),CHRON-1
portrait-pool,portrait-pool/pool2-20260926/assets/portraits/I083_young.png,6a6fa358dea2fe41c696932d66faf02119765669b4dc935393863a63630a1650,confirmed,,초상 풀 2차 확정(판정 2026-09-27),CHRON-1
portrait-pool,portrait-pool/pool2-20260926/assets/portraits/I084_mature.png,7ddcc0ed45e45550491d63c7a0215afdbf80f8254074a0410ff89d9a022c1f5c,confirmed,,초상 풀 2차 확정(판정 2026-09-27),CHRON-1
portrait-pool,portrait-pool/pool2-20260926/assets/portraits/I084_old.png,591d1d120163b29d2d6d2dcda128cd5d54c67937ea33cc06e9cad1d9766cf959,confirmed,,초상 풀 2차 확정(판정 2026-09-27),CHRON-1
portrait-pool,portrait-pool/pool2-20260926/assets/portraits/I084_young.png,22c50797415c199fdc653335205ba9931c7772898185fb4ffc88485976ee2796,confirmed,,초상 풀 2차 확정(판정 2026-09-27),CHRON-1
portrait-pool,portrait-pool/pool2-20260926/assets/portraits/I085_mature.png,9ae8d5734cf1c5da17e123bd06bcdcbc53a69db7b24568d553328e4fc051961f,confirmed,,초상 풀 2차 확정(판정 2026-09-27),CHRON-1
portrait-pool,portrait-pool/pool2-20260926/assets/portraits/I085_old.png,a83c9987bb7d6c2a7413169c239e5de5af563f1fa12c2016eaa0e6fee68f35a8,confirmed,,초상 풀 2차 확정(판정 2026-09-27),CHRON-1
portrait-pool,portrait-pool/pool2-20260926/assets/portraits/I085_young.png,879882104901775756d474bad1b05c66ee3063a5c695d07bac26ca76045ccb26,confirmed,,초상 풀 2차 확정(판정 2026-09-27),CHRON-1
portrait-pool,portrait-pool/pool2-20260926/assets/portraits/I086_mature.png,ef040a4c85dc19caadb72333e3c6e93f8eeb568c654a0cc0033cf1387d25aeae,confirmed,,초상 풀 2차 확정(판정 2026-09-27),CHRON-1
portrait-pool,portrait-pool/pool2-20260926/assets/portraits/I086_old.png,e60acc810315d4ddc0b70746d3eb7ee411aa8bf133f9f249847666e0241876aa,confirmed,,초상 풀 2차 확정(판정 2026-09-27),CHRON-1
portrait-pool,portrait-pool/pool2-20260926/assets/portraits/I086_young.png,42394d3992a9283aef25614a6393cf966bdc6a7c9b541ee532478529b8710d05,confirmed,,초상 풀 2차 확정(판정 2026-09-27),CHRON-1
portrait-pool,portrait-pool/pool2-20260926/assets/portraits/I087_mature.png,01db4688d21a9e1cca7f09a975d014fa4cd6cab4306a4c02cf8f744df8bf2d87,confirmed,,초상 풀 2차 확정(판정 2026-09-27),CHRON-1
portrait-pool,portrait-pool/pool2-20260926/assets/portraits/I087_old.png,2528f4551afe67b1230941200d61863fbe70ca390e61de6238d1801e8c049ca7,confirmed,,초상 풀 2차 확정(판정 2026-09-27),CHRON-1
portrait-pool,portrait-pool/pool2-20260926/assets/portraits/I087_young.png,6081ad74b9d50f5a98eb49b300fde8b29e56402feae17821367d522dc8366302,confirmed,,초상 풀 2차 확정(판정 2026-09-27),CHRON-1
portrait-pool,portrait-pool/pool2-20260926/assets/portraits/I088_mature.png,f2ce64a3f8568a06f4c50ed7cc9f428ce60847591a05922345183f8d5ffa959f,confirmed,,초상 풀 2차 확정(판정 2026-09-27),CHRON-1
portrait-pool,portrait-pool/pool2-20260926/assets/portraits/I088_old.png,77bcbc3cf2b41b841439f2a88178e30edfab571e0e09d1fb4a59b835ea18c1ac,confirmed,,초상 풀 2차 확정(판정 2026-09-27),CHRON-1
portrait-pool,portrait-pool/pool2-20260926/assets/portraits/I088_young.png,8e66b2d86b61ba63346646b81ee6c866afff722120ff5cf9cf4167db852abe59,confirmed,,초상 풀 2차 확정(판정 2026-09-27),CHRON-1
portrait-pool,portrait-pool/pool2-20260926/assets/portraits/I089_mature.png,fbdb9f01d6b71c610e1dbe9168529fda59a3a3070995e3e6bffa25b0534119f4,confirmed,,초상 풀 2차 확정(판정 2026-09-27),CHRON-1
portrait-pool,portrait-pool/pool2-20260926/assets/portraits/I089_old.png,f90ca095a727e6fdea7e4806353b9fafb3a480618c78629e1147660a4f1dd64d,confirmed,,초상 풀 2차 확정(판정 2026-09-27),CHRON-1
portrait-pool,portrait-pool/pool2-20260926/assets/portraits/I089_young.png,3c57b0e68e2632688bee569321a62161c9737e8b4ee48137f4e5a47b6fa210d1,confirmed,,초상 풀 2차 확정(판정 2026-09-27),CHRON-1
portrait-pool,portrait-pool/pool2-20260926/assets/portraits/I090_mature.png,02f65f62e6e8f9b00cc520b2942e4d56d340385115c4bf9abee1969f0b6fbba3,confirmed,,초상 풀 2차 확정(판정 2026-09-27),CHRON-1
portrait-pool,portrait-pool/pool2-20260926/assets/portraits/I090_old.png,409ab1c48bed3ced3f4325f6f5fccc2dfce1a371c1a4be4be750d90c14608f6e,confirmed,,초상 풀 2차 확정(판정 2026-09-27),CHRON-1
portrait-pool,portrait-pool/pool2-20260926/assets/portraits/I090_young.png,c79fb710298c4b6edba7190903be6c4a97782311b5e3814e9e5e4d19557727b9,confirmed,,초상 풀 2차 확정(판정 2026-09-27),CHRON-1
portrait-pool,portrait-pool/pool2-20260926/assets/portraits/I091_mature.png,ae86b77abe5f78b4be4153d82aaa8df2648185b1e8b4792a4d6b302db7da9e29,confirmed,,초상 풀 2차 확정(판정 2026-09-27),CHRON-1
portrait-pool,portrait-pool/pool2-20260926/assets/portraits/I091_old.png,62511ab7fb39093bcadb5c688b1b8e93586ee33ba43c23019ec606cc5bd302ba,confirmed,,초상 풀 2차 확정(판정 2026-09-27),CHRON-1
portrait-pool,portrait-pool/pool2-20260926/assets/portraits/I091_young.png,3598a4e451d4b44e0e5abadb5cd74d174f9169f2fce0a1e338ea231dac373ee2,confirmed,,초상 풀 2차 확정(판정 2026-09-27),CHRON-1
portrait-pool,portrait-pool/pool2-20260926/assets/portraits/I092_mature.png,c0ac67683ccc74834721ba3d9e4eb9e2b970b416ec98ccd621e2faf1dfd23f17,confirmed,,초상 풀 2차 확정(판정 2026-09-27),CHRON-1
portrait-pool,portrait-pool/pool2-20260926/assets/portraits/I092_old.png,4ec0a6b30ca3db0aa0d86a966d4499ac339b4e7a3c625a7b71c9cd5d424f4c8e,confirmed,,초상 풀 2차 확정(판정 2026-09-27),CHRON-1
portrait-pool,portrait-pool/pool2-20260926/assets/portraits/I092_young.png,b95d37a1288303318fbea2e9e33f734bbdcf5daff43159fcba3225d4f77a98ce,confirmed,,초상 풀 2차 확정(판정 2026-09-27),CHRON-1
portrait-pool,portrait-pool/pool2-20260926/assets/portraits/I093_mature.png,52dc6879875e2f35b8690c4d60c8e1e787c84b3cc7fd83736d3439d36ada6b49,confirmed,,초상 풀 2차 확정(판정 2026-09-27),CHRON-1
portrait-pool,portrait-pool/pool2-20260926/assets/portraits/I093_old.png,3b262eaeb2fdea6932e469dbe599f5cb370564be3abe0beff401ad2ef6af6a52,confirmed,,초상 풀 2차 확정(판정 2026-09-27),CHRON-1
portrait-pool,portrait-pool/pool2-20260926/assets/portraits/I093_young.png,aa810bdde51f99143a6cb5790a43ac411127eb9e416bdd8a0c26ae59e9dcfbfb,confirmed,,초상 풀 2차 확정(판정 2026-09-27),CHRON-1
portrait-pool,portrait-pool/pool2-20260926/assets/portraits/I094_mature.png,fa8eb758109374179fbea1210e6968115cb3ae11c5bfca67d302e335898c4270,confirmed,,초상 풀 2차 확정(판정 2026-09-27),CHRON-1
portrait-pool,portrait-pool/pool2-20260926/assets/portraits/I094_old.png,b31e57113bb6b10dbea4904181683d16a2172fcfd16a0821e8885b4a5560e9ca,confirmed,,초상 풀 2차 확정(판정 2026-09-27),CHRON-1
portrait-pool,portrait-pool/pool2-20260926/assets/portraits/I094_young.png,9b12d92d076d64eab74a4d947abec510c5a1b2f72619a9af6ee8bf9452ac4bcd,confirmed,,초상 풀 2차 확정(판정 2026-09-27),CHRON-1
portrait-pool,portrait-pool/pool2-20260926/assets/portraits/I095_mature.png,5a717487751320f485c6e7390acbbfcf7bcb97d2c63b1f6d089acfec2aa7c917,confirmed,,초상 풀 2차 확정(판정 2026-09-27),CHRON-1
portrait-pool,portrait-pool/pool2-20260926/assets/portraits/I095_old.png,a3436f5398240dec57f0c47bb03c4767db4d418543162a910c005c9fa47760b9,confirmed,,초상 풀 2차 확정(판정 2026-09-27),CHRON-1
portrait-pool,portrait-pool/pool2-20260926/assets/portraits/I095_young.png,f2fe0a696ce33732c771628d65b09749fdafc13bb5e6db95f3b52eb6628ddc67,confirmed,,초상 풀 2차 확정(판정 2026-09-27),CHRON-1
portrait-pool,portrait-pool/pool2-20260926/assets/portraits/I096_mature.png,764680a497960138344545e61d90ef34c9ae6c399172b5d66800c048a26032ef,confirmed,,초상 풀 2차 확정(판정 2026-09-27),CHRON-1
portrait-pool,portrait-pool/pool2-20260926/assets/portraits/I096_old.png,25326ad80b219a75fc7ae4225fe838eea737203cb16de0b0382437d874be739a,confirmed,,초상 풀 2차 확정(판정 2026-09-27),CHRON-1
portrait-pool,portrait-pool/pool2-20260926/assets/portraits/I096_young.png,47bca2e35a6bc4e7773c9dfa0892af542929b765d6fd46ab804e95f5b9be7db3,confirmed,,초상 풀 2차 확정(판정 2026-09-27),CHRON-1
portrait-pool,portrait-pool/pool2-20260926/assets/portraits/I097_child.png,b4db6da339e3e8893c6f72fe7c3b481a15fdb6bee2cc47581a0ba644ccfe6c2b,confirmed,,초상 풀 2차 확정(판정 2026-09-27),CHRON-1
portrait-pool,portrait-pool/pool2-20260926/assets/portraits/I097_young.png,1c7bd9e4f8ef250794f9292b3906b63e1e594d54239f374178cefe0c23201734,confirmed,,초상 풀 2차 확정(판정 2026-09-27),CHRON-1
portrait-pool,portrait-pool/pool2-20260926/assets/portraits/I098_child.png,65aa07f1375b281e691f7faaf48a5aa31d27a9d30746be640eea93cff2385543,confirmed,,초상 풀 2차 확정(판정 2026-09-27),CHRON-1
portrait-pool,portrait-pool/pool2-20260926/assets/portraits/I098_young.png,adadd2433ceff3eac3a65bd6b39b219dccaa47a5d37fea3bbe9db6bac91e211e,confirmed,,초상 풀 2차 확정(판정 2026-09-27),CHRON-1
portrait-pool,portrait-pool/pool2-20260926/assets/portraits/I099_child.png,3a67725f94c6fcea0ff6369c415fdf86b012b2c1f7ac0082f9e8f5ce987ee05e,confirmed,,초상 풀 2차 확정(판정 2026-09-27),CHRON-1
portrait-pool,portrait-pool/pool2-20260926/assets/portraits/I099_young.png,7c9bd47bdec528aba2c651183696d702a5f6c66ef314ff7817ffcca4be027b7a,confirmed,,초상 풀 2차 확정(판정 2026-09-27),CHRON-1
portrait-pool,portrait-pool/pool2-20260926/assets/portraits/I100_child.png,81867b60eb181eb148174cf40be1c756af3ac47847e0858c6b9aaf3d2838eff5,confirmed,,초상 풀 2차 확정(판정 2026-09-27),CHRON-1
portrait-pool,portrait-pool/pool2-20260926/assets/portraits/I100_young.png,e349b12e52a279effd1cfc112634e50e82edd5939c86085d0c177084928472be,confirmed,,초상 풀 2차 확정(판정 2026-09-27),CHRON-1
portrait-pool,portrait-pool/pool2-20260926/proofs/checks/01-all-92-256-and-96.png,bdf9f30b33ab830e5ad0aa13f29d2727536c089c2882610c096557d2d68c8a8d,confirmed,,초상 풀 2차 확정(판정 2026-09-27) · 확인 그림,
portrait-pool,portrait-pool/pool2-20260926/proofs/checks/02-pilot68-and-batch-comparison64.png,ef2296d4c9a7038839fc2f70567716cbd9b4460b6b5baa43001647190d1d7a83,confirmed,,초상 풀 2차 확정(판정 2026-09-27) · 확인 그림,
portrait-pool,portrait-pool/pool2-20260926/proofs/checks/03-all-32-aging-chains.png,ca3a8b11aa2aeb8378767eec32784a7f66316bc65c043e19df07edf336585a40,confirmed,,초상 풀 2차 확정(판정 2026-09-27) · 확인 그림,
portrait-pool,portrait-pool/pool2-20260926/proofs/checks/04-ui-96-cards.png,ed7a889b88e0142a691a9d9d761df1323d965df27959bfa5cde3f35c0b0a3fc2,confirmed,,초상 풀 2차 확정(판정 2026-09-27) · 확인 그림,
portrait-pool,portrait-pool/pool2-20260926/records/provenance/revision-history/I071_mature-before-r2.png,2c0f49df13b31788ea6eebc68e5df36aaaec610cb18b485eacea489e32615900,confirmed,,초상 풀 2차 확정(판정 2026-09-27) · 기록 그림,
portrait-pool,portrait-pool/pool2-20260926/records/provenance/revision-history/I076_young-before-r2.png,a9923bf154df32f8718c7357cdc2fa404a53fd1bf93db5bc5be38983f184f99b,confirmed,,초상 풀 2차 확정(판정 2026-09-27) · 기록 그림,
portrait-pool,portrait-pool/pool2-20260926/records/provenance/revision-history/I079_young-before-r2.png,e10650783f3859d6efbfd461020db50f5de44c6b8529ea77092b386c7c87b90a,confirmed,,초상 풀 2차 확정(판정 2026-09-27) · 기록 그림,
portrait-pool,portrait-pool/pool2-20260926/records/provenance/revision-history/I084_young-before-r2.png,382050241fab034f71c854fd90b19e4044df65dc0c0b0aeb3399ad9b7f286735,confirmed,,초상 풀 2차 확정(판정 2026-09-27) · 기록 그림,
portrait-pool,portrait-pool/pool2-20260926/records/provenance/revision-history/I085_old-before-r2.png,2a84e5baf25d67d3e4a2428cce75222d5b6a385f04c0cadbd041c1f02f56295b,confirmed,,초상 풀 2차 확정(판정 2026-09-27) · 기록 그림,
portrait-pool,portrait-pool/pool2-20260926/records/provenance/revision-history/I086_old-before-r2.png,38646433e9d9731b87cbf749754c9d229ec8feed2a56883fdc2769966dfb88d1,confirmed,,초상 풀 2차 확정(판정 2026-09-27) · 기록 그림,
portrait-pool,portrait-pool/pool2-20260926/records/provenance/revision-history/I087_young-before-r2.png,38daa6c8025302d531a3b8f3f61b710faf9e147ab52a0a34ed5805dddcb563cb,confirmed,,초상 풀 2차 확정(판정 2026-09-27) · 기록 그림,
portrait-pool,portrait-pool/pool2-20260926/records/provenance/revision-history/I093_old-before-r2.png,48ad20ad9a7d0a9e5b4282402156f12ca0343e6503b5def6e29f0a35763d42b1,confirmed,,초상 풀 2차 확정(판정 2026-09-27) · 기록 그림,
portrait-pool,portrait-pool/pool2-20260926/records/provenance/revision-history/I096_young-before-r2.png,35aa303a7ce8b8956cd13d5608ec4343d989fdfbde354a6cf25aa6d370cddfcf,confirmed,,초상 풀 2차 확정(판정 2026-09-27) · 기록 그림,
portrait-pool,portrait-pool/pool2-20260926/records/provenance/revision-history/I100_child-before-r2.png,6aafa25184f1124368ec6cf3760b2e376255bbed6fd07fe5c6c561ee8370e70d,confirmed,,초상 풀 2차 확정(판정 2026-09-27) · 기록 그림,
portrait-pool,portrait-pool/pool3-20260927/assets/portraits/I101_mature.png,a597e9eae134128936a8c2b4dc351da4377e14b5d9d15fe226cb8ada96bf12a3,confirmed,,"초상 풀 3차 확정(판정 2026-09-27) · 초상 풀 3차 I101_mature와 동일 — 혈통 L6_101_mature로 연결(본 제작 2차 lineage/prod2-20260928/assets/L6/L6_101_mature.png와 같은 바이트, 파일은 넣지 않음)(판정 2026-09-28)",FIX-6
portrait-pool,portrait-pool/pool3-20260927/assets/portraits/I101_old.png,df8b97a7add610a386530879c659e1436573f7a2784b67808206d719c3835d48,confirmed,,"초상 풀 3차 확정(판정 2026-09-27) · 초상 풀 3차 I101_old와 동일 — 혈통 L6_101_old로 연결(본 제작 2차 lineage/prod2-20260928/assets/L6/L6_101_old.png와 같은 바이트, 파일은 넣지 않음)(판정 2026-09-28)",FIX-6
portrait-pool,portrait-pool/pool3-20260927/assets/portraits/I101_young.png,2763b9003b5354503caf2aabd169431e3ea7e522d34ab21d9fade8f7d0da112e,confirmed,,"초상 풀 3차 확정(판정 2026-09-27) · 초상 풀 3차 I101_young와 동일 — 혈통 L6_101_young로 연결(본 제작 2차 lineage/prod2-20260928/assets/L6/L6_101_young.png와 같은 바이트, 파일은 넣지 않음)(판정 2026-09-28)",FIX-6
portrait-pool,portrait-pool/pool3-20260927/assets/portraits/I102_mature.png,a77115d49aeaaf96852bdc3a1638537644861f73d6cfb1abb91fac07e529ad17,confirmed,,"초상 풀 3차 확정(판정 2026-09-27) · 초상 풀 3차 I102_mature와 동일 — 혈통 L6_102_mature로 연결(본 제작 2차 lineage/prod2-20260928/assets/L6/L6_102_mature.png와 같은 바이트, 파일은 넣지 않음)(판정 2026-09-28)",FIX-6
portrait-pool,portrait-pool/pool3-20260927/assets/portraits/I102_old.png,22a4bb34d7cc3702e22ea5a13df17668c5184c85f1eb6aa9e473aeb8fc29ec82,confirmed,,"초상 풀 3차 확정(판정 2026-09-27) · 초상 풀 3차 I102_old와 동일 — 혈통 L6_102_old로 연결(본 제작 2차 lineage/prod2-20260928/assets/L6/L6_102_old.png와 같은 바이트, 파일은 넣지 않음)(판정 2026-09-28)",FIX-6
portrait-pool,portrait-pool/pool3-20260927/assets/portraits/I102_young.png,3ab93a52018c20ad6be249370df3c4929d60deae88cbd982abe96decde2ea820,confirmed,,"초상 풀 3차 확정(판정 2026-09-27) · 초상 풀 3차 I102_young와 동일 — 혈통 L6_102_young로 연결(본 제작 2차 lineage/prod2-20260928/assets/L6/L6_102_young.png와 같은 바이트, 파일은 넣지 않음)(판정 2026-09-28)",FIX-6
portrait-pool,portrait-pool/pool3-20260927/assets/portraits/I103_mature.png,f54d159d02b3098f95e9d63d29338da6e831ef73a1e1a5e8715c902fc1bf92e4,confirmed,,"초상 풀 3차 확정(판정 2026-09-27) · 초상 풀 3차 I103_mature와 동일 — 혈통 L6_201_mature로 연결(본 제작 2차 lineage/prod2-20260928/assets/L6/L6_201_mature.png와 같은 바이트, 파일은 넣지 않음)(판정 2026-09-28)",FIX-6
portrait-pool,portrait-pool/pool3-20260927/assets/portraits/I103_old.png,89e8c805f88e03469826ce852ad5de4e098f00b9b56ef1358bc3703e0872a7b1,confirmed,,초상 풀 3차 확정(판정 2026-09-27),FIX-6
portrait-pool,portrait-pool/pool3-20260927/assets/portraits/I103_young.png,ec71d82649776ce9b8ac17dc41890d64a0174d9806194ccf924941791c836a65,confirmed,,"초상 풀 3차 확정(판정 2026-09-27) · 초상 풀 3차 I103_young와 동일 — 혈통 L6_201_young로 연결(본 제작 2차 lineage/prod2-20260928/assets/L6/L6_201_young.png와 같은 바이트, 파일은 넣지 않음)(판정 2026-09-28)",FIX-6
portrait-pool,portrait-pool/pool3-20260927/assets/portraits/I104_mature.png,f285964825e2c66d8ea4b3ed9a1c0e5dde35262e1b849648ca066976ae99fcfa,confirmed,,초상 풀 3차 확정(판정 2026-09-27),FIX-6
portrait-pool,portrait-pool/pool3-20260927/assets/portraits/I104_old.png,2e2c78eb637db5a792bc427157bea82d3a941992d7312718b65ce9f409b04ba3,confirmed,,초상 풀 3차 확정(판정 2026-09-27),FIX-6
portrait-pool,portrait-pool/pool3-20260927/assets/portraits/I104_young.png,aafa68daee169166e407883e2d27d06faaeb5b8cacaef819bc02ae890891bcd5,confirmed,,초상 풀 3차 확정(판정 2026-09-27),FIX-6
portrait-pool,portrait-pool/pool3-20260927/assets/portraits/I105_mature.png,9ab1a5da459bcc2a6727e8e3bed83a70ae1958dbecd2b80d8d4d54a6ca332023,confirmed,,초상 풀 3차 확정(판정 2026-09-27),FIX-6
portrait-pool,portrait-pool/pool3-20260927/assets/portraits/I105_old.png,75fe54e3d3f7a4a762c70f3a0fe0f1ad97d87c252efd34c3d8e00eb8e35673b4,confirmed,,초상 풀 3차 확정(판정 2026-09-27),FIX-6
portrait-pool,portrait-pool/pool3-20260927/assets/portraits/I105_young.png,8c2b6836924c78af9b73ce9ddba58880c6aac85d22401b5bb89f163aaf6bf0d2,confirmed,,초상 풀 3차 확정(판정 2026-09-27),FIX-6
portrait-pool,portrait-pool/pool3-20260927/assets/portraits/I106_mature.png,f67d4b515e2010ae6a3a59b3d3eeb6c29b3fcc8ebf0dfde9f03e10872da6d7f7,confirmed,,초상 풀 3차 확정(판정 2026-09-27),FIX-6
portrait-pool,portrait-pool/pool3-20260927/assets/portraits/I106_old.png,e9733e0a0327e6392a1ef5a478bb32df7404c93a4818699f6d5e4b5a60ed7898,confirmed,,초상 풀 3차 확정(판정 2026-09-27),FIX-6
portrait-pool,portrait-pool/pool3-20260927/assets/portraits/I106_young.png,58c3da87e6257e02e3e29c3e0527d917064df5dd5332ece1270feca01cf5b74c,confirmed,,초상 풀 3차 확정(판정 2026-09-27),FIX-6
portrait-pool,portrait-pool/pool3-20260927/assets/portraits/I107_mature.png,c5d8c5a845a829961052968f9125597d5604a8e31cff3544a23308c12efd81c2,confirmed,,"초상 풀 3차 확정(판정 2026-09-27) · 초상 풀 3차 I107_mature와 동일 — 혈통 L7_101_mature로 연결(본 제작 2차 lineage/prod2-20260928/assets/L7/L7_101_mature.png와 같은 바이트, 파일은 넣지 않음)(판정 2026-09-28)",FIX-6
portrait-pool,portrait-pool/pool3-20260927/assets/portraits/I107_old.png,78bff75ee86c8a4ecbeb79cf03896a62f0b114c1db4740039f2583572f0865d8,confirmed,,"초상 풀 3차 확정(판정 2026-09-27) · 초상 풀 3차 I107_old와 동일 — 혈통 L7_101_old로 연결(본 제작 2차 lineage/prod2-20260928/assets/L7/L7_101_old.png와 같은 바이트, 파일은 넣지 않음)(판정 2026-09-28)",FIX-6
portrait-pool,portrait-pool/pool3-20260927/assets/portraits/I107_young.png,b7ba1addcc4bbb61ca9c28255d8c435b5bbec1721f721825a596874427878a1f,confirmed,,"초상 풀 3차 확정(판정 2026-09-27) · 초상 풀 3차 I107_young와 동일 — 혈통 L7_101_young로 연결(본 제작 2차 lineage/prod2-20260928/assets/L7/L7_101_young.png와 같은 바이트, 파일은 넣지 않음)(판정 2026-09-28)",FIX-6
portrait-pool,portrait-pool/pool3-20260927/assets/portraits/I108_mature.png,120e36e62e5d5364bcf4400bb4e767996609c9718b212febb26bb58be821ba2d,confirmed,,"초상 풀 3차 확정(판정 2026-09-27) · 초상 풀 3차 I108_mature와 동일 — 혈통 L7_102_mature로 연결(본 제작 2차 lineage/prod2-20260928/assets/L7/L7_102_mature.png와 같은 바이트, 파일은 넣지 않음)(판정 2026-09-28)",FIX-6
portrait-pool,portrait-pool/pool3-20260927/assets/portraits/I108_old.png,63c7284af2bb09fde73b763c7f4b9fbb1f7d6709e37a2e1ceb510a5d6bc76628,confirmed,,"초상 풀 3차 확정(판정 2026-09-27) · 초상 풀 3차 I108_old와 동일 — 혈통 L7_102_old로 연결(본 제작 2차 lineage/prod2-20260928/assets/L7/L7_102_old.png와 같은 바이트, 파일은 넣지 않음)(판정 2026-09-28)",FIX-6
portrait-pool,portrait-pool/pool3-20260927/assets/portraits/I108_young.png,4c8d59e6be272b957d7392bb4d29a0301ba7bc9070a3332842f7391d2b728a70,confirmed,,"초상 풀 3차 확정(판정 2026-09-27) · 초상 풀 3차 I108_young와 동일 — 혈통 L7_102_young로 연결(본 제작 2차 lineage/prod2-20260928/assets/L7/L7_102_young.png와 같은 바이트, 파일은 넣지 않음)(판정 2026-09-28)",FIX-6
portrait-pool,portrait-pool/pool3-20260927/assets/portraits/I109_mature.png,be0ec71d563f10bcab3115c051b14d6d476f28441af41539d5544fc0e4a5cae7,confirmed,,초상 풀 3차 확정(판정 2026-09-27),FIX-6
portrait-pool,portrait-pool/pool3-20260927/assets/portraits/I109_old.png,5ed50204e23789ca246b91ad0849a391796b797a1f4393fe75102acb59bed620,confirmed,,초상 풀 3차 확정(판정 2026-09-27),FIX-6
portrait-pool,portrait-pool/pool3-20260927/assets/portraits/I109_young.png,7e0fed2630c329865c5fa599d199a0e06865b8c8ec7138998026cb99c2f29fd2,confirmed,,초상 풀 3차 확정(판정 2026-09-27),FIX-6
portrait-pool,portrait-pool/pool3-20260927/assets/portraits/I110_mature.png,60ae4a92da96d25b0357e7f0ea641a55917c14cf6aea38e2f20cea626278e704,confirmed,,초상 풀 3차 확정(판정 2026-09-27),FIX-6
portrait-pool,portrait-pool/pool3-20260927/assets/portraits/I110_old.png,5a3c7599b3cd9c3130994c4fc0bbfcecb140ceac8ba930ab2b2b0492aa42ad76,confirmed,,초상 풀 3차 확정(판정 2026-09-27),FIX-6
portrait-pool,portrait-pool/pool3-20260927/assets/portraits/I110_young.png,3a5ba34b4c4f478992b529eb22903b63ed4e89a3aa8f951b4c139298f408e1f7,confirmed,,초상 풀 3차 확정(판정 2026-09-27),FIX-6
portrait-pool,portrait-pool/pool3-20260927/assets/portraits/I111_mature.png,320a048db1237cd4dbe0dd9739b88177e0cb69cc789ee76929122f212c47f2a2,confirmed,,초상 풀 3차 확정(판정 2026-09-27),FIX-6
portrait-pool,portrait-pool/pool3-20260927/assets/portraits/I111_old.png,f9df5bea5c37ba8d713dd6158b0dcfee03795ad4c92acf992aa9331deccf4ff1,confirmed,,초상 풀 3차 확정(판정 2026-09-27),FIX-6
portrait-pool,portrait-pool/pool3-20260927/assets/portraits/I111_young.png,3aa0d30353bcb0b8441fa1d3c0887e437a5f2f2543e6f9b9032b42a6a931e77f,confirmed,,초상 풀 3차 확정(판정 2026-09-27),FIX-6
portrait-pool,portrait-pool/pool3-20260927/assets/portraits/I112_mature.png,c53a8d65d7b612877d9cac13afe858449212d119b3e476d808eb7a1e2575f435,confirmed,,초상 풀 3차 확정(판정 2026-09-27),FIX-6
portrait-pool,portrait-pool/pool3-20260927/assets/portraits/I112_old.png,4fd89862685ff51b18aa966d2ebae0243a5caabe30f9133d486459bf8ccc71d3,confirmed,,초상 풀 3차 확정(판정 2026-09-27),FIX-6
portrait-pool,portrait-pool/pool3-20260927/assets/portraits/I112_young.png,1fb71824ee92560af8bd947a54064691c3fac342f45e0a252cea42862037a518,confirmed,,초상 풀 3차 확정(판정 2026-09-27),FIX-6
portrait-pool,portrait-pool/pool3-20260927/assets/portraits/I113_mature.png,c75009596e8295f597c4bee902a65444bb85c23a9dd5fef9fea07534a3d7d126,confirmed,,초상 풀 3차 확정(판정 2026-09-27),FIX-6
portrait-pool,portrait-pool/pool3-20260927/assets/portraits/I113_old.png,9719fa149b6485a079d8f1227bd18c3d82ebb303b6389aa8fe18e52f2a0d3711,confirmed,,초상 풀 3차 확정(판정 2026-09-27),FIX-6
portrait-pool,portrait-pool/pool3-20260927/assets/portraits/I113_young.png,3691c245d3e8afbe581344bba5c4b8e4e3e5fad99c94b9bc59aba95eb1b58c52,confirmed,,초상 풀 3차 확정(판정 2026-09-27),FIX-6
portrait-pool,portrait-pool/pool3-20260927/assets/portraits/I114_mature.png,75e3abeb3efc7318a8df5eebb4170c1d0ec7b16314b87b38e72374a2a86aa25e,confirmed,,초상 풀 3차 확정(판정 2026-09-27),FIX-6
portrait-pool,portrait-pool/pool3-20260927/assets/portraits/I114_old.png,5d7bd0d5a6a650119cbc4ec002ee4774fc893ef696e930fe14f6e79ecf83a2b3,confirmed,,초상 풀 3차 확정(판정 2026-09-27),FIX-6
portrait-pool,portrait-pool/pool3-20260927/assets/portraits/I114_young.png,689a57c2e057c3f1cfa99b774a08792ee8f81d50f03f0d00cb3cdd20603df6dd,confirmed,,초상 풀 3차 확정(판정 2026-09-27),FIX-6
portrait-pool,portrait-pool/pool3-20260927/assets/portraits/I115_mature.png,13d6e643c49180d1318fe04d85c985d48055bdc04993754c062c1920e3dba99f,confirmed,,초상 풀 3차 확정(판정 2026-09-27),FIX-6
portrait-pool,portrait-pool/pool3-20260927/assets/portraits/I115_old.png,956463770473aa019538eb29e350b61f21239a756118a248a896c2393867e19b,confirmed,,초상 풀 3차 확정(판정 2026-09-27),FIX-6
portrait-pool,portrait-pool/pool3-20260927/assets/portraits/I115_young.png,a0014d7c2a7dc7eadd4a720dfbd86fc1a453b927ca801fcf166ad1a1b99486eb,confirmed,,초상 풀 3차 확정(판정 2026-09-27),FIX-6
portrait-pool,portrait-pool/pool3-20260927/assets/portraits/I116_mature.png,97a10bc7f7fd42e44e754055049e17a138bb2ad35022efc56570720fd07fe0ad,confirmed,,초상 풀 3차 확정(판정 2026-09-27),FIX-6
portrait-pool,portrait-pool/pool3-20260927/assets/portraits/I116_old.png,a007ee7dec4b47058a79172bc004712eb70164583108e543c832b2281bf58828,confirmed,,초상 풀 3차 확정(판정 2026-09-27),FIX-6
portrait-pool,portrait-pool/pool3-20260927/assets/portraits/I116_young.png,28b35d11a3e58032a559e2aa27856da60f6510a06d81645a60f36f0b1b22413d,confirmed,,초상 풀 3차 확정(판정 2026-09-27),FIX-6
portrait-pool,portrait-pool/pool3-20260927/assets/portraits/I117_mature.png,c954f83dea920bbebc818ce9c4aa3dc8a00ad37edcfe4e265da7ff1ded6431f4,confirmed,,초상 풀 3차 확정(판정 2026-09-27),FIX-6
portrait-pool,portrait-pool/pool3-20260927/assets/portraits/I117_old.png,d689ac30a97995d97428062f61e9c3b53ef2f50f5714322644f0488d7c700036,confirmed,,초상 풀 3차 확정(판정 2026-09-27),FIX-6
portrait-pool,portrait-pool/pool3-20260927/assets/portraits/I117_young.png,c1e9704e73e271ae6bc204294b0195154b28249b1126b1448de1d4e8dac66668,confirmed,,초상 풀 3차 확정(판정 2026-09-27),FIX-6
portrait-pool,portrait-pool/pool3-20260927/assets/portraits/I118_mature.png,c4f71ab59fffc8cf80da78d7c42a1ab40a15e8ad229fa9de08c8a4088b261c19,confirmed,,초상 풀 3차 확정(판정 2026-09-27),FIX-6
portrait-pool,portrait-pool/pool3-20260927/assets/portraits/I118_old.png,01b79ac14150ecb8b49dc6e2b7c2aa87c2f94f90623b1021aed4cd5daccffb79,confirmed,,초상 풀 3차 확정(판정 2026-09-27),FIX-6
portrait-pool,portrait-pool/pool3-20260927/assets/portraits/I118_young.png,3efbac76a73e14aa97af834ae54543b5b8f9059e4a4178a188e59a9966e45360,confirmed,,초상 풀 3차 확정(판정 2026-09-27),FIX-6
portrait-pool,portrait-pool/pool3-20260927/assets/portraits/I119_mature.png,6aa0ba8d980b0f6126e2001a89f8d571a4868fce99c1b675109aac4449cfb9bd,confirmed,,초상 풀 3차 확정(판정 2026-09-27),FIX-6
portrait-pool,portrait-pool/pool3-20260927/assets/portraits/I119_old.png,02305031b62090a06ea6671b57cf5b7bda0b2a00bafa0173921101c51ce67923,confirmed,,초상 풀 3차 확정(판정 2026-09-27),FIX-6
portrait-pool,portrait-pool/pool3-20260927/assets/portraits/I119_young.png,2ffd1ca1bc909c66c522e0eca41181afab24161aeba845e27007217a1175745f,confirmed,,초상 풀 3차 확정(판정 2026-09-27),FIX-6
portrait-pool,portrait-pool/pool3-20260927/assets/portraits/I120_mature.png,7a24286254e08b74c6bab95af10c48a6be83ea81f1e8ebced1a9c1013b4f98e2,confirmed,,초상 풀 3차 확정(판정 2026-09-27),FIX-6
portrait-pool,portrait-pool/pool3-20260927/assets/portraits/I120_old.png,9091cd7faa3f6b04aa97e6b6b28a61a48f25f1e2a10108db7b6a4d98b03e057a,confirmed,,초상 풀 3차 확정(판정 2026-09-27),FIX-6
portrait-pool,portrait-pool/pool3-20260927/assets/portraits/I120_young.png,6eb3586837b6f9f358b7a6536c913720d7f7594654ce8c9a7b40e20394ec94ac,confirmed,,초상 풀 3차 확정(판정 2026-09-27),FIX-6
portrait-pool,portrait-pool/pool3-20260927/assets/portraits/I121_mature.png,fba2a246d780c4e25dd7757f679c97c0768f3b18c0fdd333336bcefe2cf12d2a,confirmed,,초상 풀 3차 확정(판정 2026-09-27),FIX-6
portrait-pool,portrait-pool/pool3-20260927/assets/portraits/I121_old.png,540bc3a8a3ed4b163e9bf6cd8e77e4639a5ad4d84e9f21492480e280636511a4,confirmed,,초상 풀 3차 확정(판정 2026-09-27),FIX-6
portrait-pool,portrait-pool/pool3-20260927/assets/portraits/I121_young.png,f691f1785bc3c3897a232e2c84d459aea9eef994956d0d8255ecb78dbe9446be,confirmed,,초상 풀 3차 확정(판정 2026-09-27),FIX-6
portrait-pool,portrait-pool/pool3-20260927/assets/portraits/I122_mature.png,be2602fddd61ac1fe776cf894ac244ef63cf19630ca91ea0aaa03ed2a9cfd16b,confirmed,,초상 풀 3차 확정(판정 2026-09-27),FIX-6
portrait-pool,portrait-pool/pool3-20260927/assets/portraits/I122_old.png,40c11a51451ff6937605b5cd875a51e33946bae0f1934bf99c53b7fbdf09c75e,confirmed,,초상 풀 3차 확정(판정 2026-09-27),FIX-6
portrait-pool,portrait-pool/pool3-20260927/assets/portraits/I122_young.png,dd1d86d9e19c9cd3deb8bee9347fc28b20b51ea8f58608eb946f50156f847e23,confirmed,,초상 풀 3차 확정(판정 2026-09-27),FIX-6
portrait-pool,portrait-pool/pool3-20260927/assets/portraits/I123_mature.png,0dace1db58a855b985dc98a9b7aad29f2609df310b29d65114d4b1b63df4b294,confirmed,,초상 풀 3차 확정(판정 2026-09-27),FIX-6
portrait-pool,portrait-pool/pool3-20260927/assets/portraits/I123_old.png,fda59420510140708b72d8a817ffab2576bdd4f357d3415265f5f327053acb62,confirmed,,초상 풀 3차 확정(판정 2026-09-27),FIX-6
portrait-pool,portrait-pool/pool3-20260927/assets/portraits/I123_young.png,fbadf985cf1ed4606ba411b9924dd73d775c3536e4732d377b3c9daa024e9cba,confirmed,,초상 풀 3차 확정(판정 2026-09-27),FIX-6
portrait-pool,portrait-pool/pool3-20260927/assets/portraits/I124_mature.png,b4dde41c79f69ef707f52bbc427809934b795aa66e5014f093045628971dbe24,confirmed,,초상 풀 3차 확정(판정 2026-09-27),FIX-6
portrait-pool,portrait-pool/pool3-20260927/assets/portraits/I124_old.png,1e6d511e8037edcc798046b144700c354be8dea3e9ef4e9e0a68cad72bcad7ac,confirmed,,초상 풀 3차 확정(판정 2026-09-27),FIX-6
portrait-pool,portrait-pool/pool3-20260927/assets/portraits/I124_young.png,56d4e0f8edb010c85ff5b02c7aa8609cbff59df72efbadb8de94ae9ead268702,confirmed,,초상 풀 3차 확정(판정 2026-09-27),FIX-6
portrait-pool,portrait-pool/pool3-20260927/proofs/checks/01-faction-aging-72-256-and-96.png,d39a30670d9a9bd28686b8a7a6055633f736147d5dc14455452142d9431a1213,confirmed,,초상 풀 3차 확정(판정 2026-09-27) · 확인 그림,
portrait-pool,portrait-pool/pool3-20260927/proofs/checks/02-comparison-100-young.png,e84e3a2a4737d2a66043e18af68432cfbfaa5d4852a10b586676f1b23d1670a7,confirmed,,초상 풀 3차 확정(판정 2026-09-27) · 확인 그림,
portrait-pool,portrait-pool/pool3-20260927/proofs/checks/03-wave19-faction-page-four.png,050853b0cbf1a00c5ee0590d4ed369dc3b2344ca29e022fb5747251a6f55e890,confirmed,,초상 풀 3차 확정(판정 2026-09-27) · 확인 그림,
portrait-pool,portrait-pool/pool3-20260927/proofs/provenance/qa/72-at-96.png,7da01e2046f3d0b10b22db660905938b8d463c619e86caea09b036b6747ad12e,confirmed,,초상 풀 3차 확정(판정 2026-09-27) · 확인 그림,
portrait-pool,portrait-pool/pool3-20260927/proofs/provenance/qa/closest-pairs-detail.png,e14c762f7689233358d79986d74f3a9dc5524e99ea8798dbdcdbda4b982b23b0,confirmed,,초상 풀 3차 확정(판정 2026-09-27) · 확인 그림,
portrait-pool,portrait-pool/pool3-20260927/records/provenance/revisions/I108_mature-before-r2.png,38f304f5d690d98af7fdfdecbeb1708c3441fd8848b6367df0249e1eb25b51ec,confirmed,,초상 풀 3차 확정(판정 2026-09-27) · 기록 그림,
portrait-pool,portrait-pool/pool3-20260927/records/provenance/revisions/I109_old-before-r2.png,22ef912202deea112c8f166b2aa1008bbcc54e7acbfaf19ec8fb22bb247c2d1b,confirmed,,초상 풀 3차 확정(판정 2026-09-27) · 기록 그림,
portrait-pool,portrait-pool/pool3-20260927/records/provenance/revisions/I110_young-before-r2.png,8a07fa1234091e8f7c1cb231e0d90510c9e25545a34ddafe8ae54d224e719e64,confirmed,,초상 풀 3차 확정(판정 2026-09-27) · 기록 그림,
portrait-pool,portrait-pool/pool3-20260927/records/provenance/revisions/I111_young-before-r2.png,2d1f186edad4baa621333254ee6c7e0d805ee2393d034e30912c55f85a3d6e67,confirmed,,초상 풀 3차 확정(판정 2026-09-27) · 기록 그림,
portrait-pool,portrait-pool/pool3-20260927/records/provenance/revisions/I117_old-before-r2.png,8748a04265857ca6244cfd546b36f42b46feebc87a8b478472111d53c90248ed,confirmed,,초상 풀 3차 확정(판정 2026-09-27) · 기록 그림,
portrait-pool,portrait-pool/pool3-20260927/records/provenance/revisions/I118_old-before-r2.png,72aa0c332b93e4d23ffabd37635288d9b421124c941d3b1a1d18ac190c7cc45b,confirmed,,초상 풀 3차 확정(판정 2026-09-27) · 기록 그림,
portrait-pool,portrait-pool/pool3-20260927/records/provenance/revisions/I121_mature-before-r2.png,73ab65521440588b49e8ffbd5bb977f70afc07647948c9dcab39a76e13328dea,confirmed,,초상 풀 3차 확정(판정 2026-09-27) · 기록 그림,
portrait-pool,portrait-pool/pool3-20260927/records/provenance/revisions/I121_old-before-r2.png,c8b703c8584d9515f708dea71eabcb8d8cdeddaeee4e5bd792f696ddf39fa08a,confirmed,,초상 풀 3차 확정(판정 2026-09-27) · 기록 그림,
portrait-pool,portrait-pool/pool3-20260927/records/provenance/revisions/I121_young-before-r2.png,eff8429cdde732baf87ca992965189ef1a69c8dab2e4c99185973a56b3fa5026,confirmed,,초상 풀 3차 확정(판정 2026-09-27) · 기록 그림,
portrait-pool,portrait-pool/pool3-20260927/records/provenance/revisions/I124_young-before-r2.png,ba772871bd366f81dfdaf2b87c4c426e262f17010273abc934b992224db63258,confirmed,,초상 풀 3차 확정(판정 2026-09-27) · 기록 그림,
retired,retired/buildings/historical-farm/layers/crop_growing-v1.png,3c77670208e21b38e9764a5d532de312222340ab571586017d6022b2c70c5f9b,retired,,기존 retired 폴더,
retired,retired/buildings/historical-farm/layers/crop_ripe-v1.png,c18aef1deec7e6ad6e19cf6f4422dc00a3c753d870a2c412384407a50ff2551c,retired,,기존 retired 폴더,
retired,retired/buildings/historical-farm/layers/crop_seedling-v1.png,d0e9af0b93b21c79c0888b77333c57fb95ff6ba7fbd00dc28d1818a721e86ce3,retired,,기존 retired 폴더,
retired,retired/buildings/historical-farm/layers/soil_loam-v1.png,a800dd703cb04df210e44e02545eb2f549b62680390b2076ffc6c4f79a14c928,retired,,기존 retired 폴더 · C2PA caBX 포함(받은 바이트 그대로),
retired,retired/buildings/historical-farm/wheat_farm_growing-v3.png,c57cefff4b1eb32921a4aa58592f3eeb1f0c05cfaa447852a0d4cb90da79d4cb,retired,,기존 retired 폴더,
retired,retired/buildings/historical-farm/wheat_farm_ripe-v4.png,0c954dd543045d5b3717a592aa9eeacd99a86d1b67d87ece40b8c1f5f27d14f2,retired,,기존 retired 폴더,
retired,retired/buildings/historical-farm/wheat_farm_seedling-v3.png,41147c575c7fb02da5941bb3cb7c3e35d58eee36a302eb3d98d9327499faf001,retired,,기존 retired 폴더,
retired,retired/buildings/historical-farm/wheat_farm_worked-v3.png,4a0b04162c44db697a376d7df48f491f7d08eb4349d341ec5bd0f9513ddb259f,retired,,기존 retired 폴더,
retired,retired/buildings/variants-wave2/farm_mixed_growing-v1.png,7b6e2bdb5c5f8a4c5a0800bf69ffa1b1e72c6ae357ffb8b6e272d39398825009,retired,,기존 retired 폴더 · farm_mixed_growing-v1.png와 동일 바이트(정본: wave2/farm_mixed_growing-v1.png),
retired,retired/buildings/variants-wave2/farm_mixed_ripe-v1.png,640255f8eedd2a1e6b780e63cdccc51daae17b3828957c06e69074c70ee24233,retired,,기존 retired 폴더 · farm_mixed_ripe-v1.png와 동일 바이트(정본: wave2/farm_mixed_ripe-v1.png),
retired,retired/buildings/variants-wave2/farm_mixed_seedling-v1.png,95d030a064126a1cb4881ffa702c990dc08ba6864432e0a75acdeaf47b694415,retired,,기존 retired 폴더 · farm_mixed_seedling-v1.png와 동일 바이트(정본: wave2/farm_mixed_seedling-v1.png),
retired,retired/buildings/variants-wave2/farm_mixed_worked-v1.png,fe50ba116567c4d00ded80d7cf2fd7b597f8f8fe0f5686ab52dd7170031273dd,retired,,기존 retired 폴더 · farm_mixed_worked-v1.png와 동일 바이트(정본: wave2/farm_mixed_worked-v1.png),
retired,retired/buildings/wheat_farm.png,bafb0ce1a93d9467f9f02b8efde14f9b9218ab3d806d2f4d1f2b311ebbb4c59e,retired,,기존 retired 폴더,
retired,retired/road/earth_strip_a-v2.png,170ce5d640cff3a6aab09fc5a8377878fff71f7de6214860c0b294fb6cc173be,retired,,ASSET-2 retired from the runtime (a newer confirmed version drawn / the resource sheet) · earth_strip_a-v2.png와 동일 바이트(정본: wave4-pilot/road/earth_strip_a-v2.png),ASSET-2
retired,retired/road/earth_strip_b-v2.png,24c4b6e7496db3540438269128cb012d6fe017b56849bae5b263650dae9e81f7,retired,,ASSET-2 retired from the runtime (a newer confirmed version drawn / the resource sheet) · earth_strip_b-v2.png와 동일 바이트(정본: wave4-pilot/road/earth_strip_b-v2.png),ASSET-2
retired,retired/runtime-icons-v1/bread.png,d62c61a2696f309354c47bf7095dbf35d459f4fe13edfb44315c1564e29e8c85,retired,,ASSET-2 retired from the runtime (a newer confirmed version drawn / the resource sheet),ASSET-2
retired,retired/runtime-icons-v1/coin.png,84e740adb89d7fdbf45c104b2ad08f52144d35ea6a3cedc95205df636c8dbc5b,retired,,ASSET-2 retired from the runtime (a newer confirmed version drawn / the resource sheet),ASSET-2
retired,retired/runtime-icons-v1/logs.png,949a55260527b91cfa4cb08d124b948fd8e9b176aeb97718fed08d3057461968,retired,,ASSET-2 retired from the runtime (a newer confirmed version drawn / the resource sheet),ASSET-2
retired,retired/runtime-icons-v1/population.png,8b844d20f0e3ca7554302e5259e3d27f3b5b05b923cfe98e24b665310ac12428,retired,,ASSET-2 retired from the runtime (a newer confirmed version drawn / the resource sheet),ASSET-2
retired,retired/runtime-icons-v1/stone.png,2e3b222d2a062a2f6261e724e65d139bab442359665056c855dfa02b6d61fbc8,retired,,ASSET-2 retired from the runtime (a newer confirmed version drawn / the resource sheet),ASSET-2
retired,retired/runtime-icons-v1/stone_raw.png,50ef96cf1d589c5fa659e254b664444de7804af57b1fc0e633c72de48558d4d9,retired,,ASSET-2 retired from the runtime (a newer confirmed version drawn / the resource sheet),ASSET-2
retired,retired/runtime-icons-v1/timber.png,e21ed5630997e7147de052ab2bf5417d9cdf0af02bc50749c9b41da0474cdfdc,retired,,ASSET-2 retired from the runtime (a newer confirmed version drawn / the resource sheet),ASSET-2
retired,retired/runtime-icons-v1/wheat.png,74025db73bc1c8411f2d39702f08d7fbff62ddbf56797741112ea73ce43710a1,retired,,ASSET-2 retired from the runtime (a newer confirmed version drawn / the resource sheet),ASSET-2
retired,retired/wall/palisade_face_a-v1.png,9027515c4cec326285ed228fe6ec729d7f09682efb5107e2352422a6f19c3acc,retired,,ASSET-2 retired from the runtime (a newer confirmed version drawn / the resource sheet) · palisade_face_a-v1.png와 동일 바이트(정본: wave4-pilot/candidates-20260925/assets/wall/palisade_face_a-v1.png),ASSET-2
retired,retired/wall/palisade_face_b-v1.png,f55bfa5869513365531bf6ec52eff22195a59ee2117855fde5cc96f2bb365f91,retired,,ASSET-2 retired from the runtime (a newer confirmed version drawn / the resource sheet) · palisade_face_b-v1.png와 동일 바이트(정본: wave4b/wall/palisade_face_b-v1.png),ASSET-2
retired,retired/wall/palisade_face_c-v1.png,dc907dfed94eb9690b472ca7f10b5f8dfe307a637672d336994092a7243cac48,retired,,ASSET-2 retired from the runtime (a newer confirmed version drawn / the resource sheet) · palisade_face_c-v1.png와 동일 바이트(정본: wave4b/wall/palisade_face_c-v1.png),ASSET-2
retired,retired/wall/stone_face_a-v1.png,b5695e475cf7bf97d882c67afe58a0fae8c4af9ac975a81adbfad21d9257a01f,retired,,ASSET-2 retired from the runtime (a newer confirmed version drawn / the resource sheet) · stone_face_a-v1.png와 동일 바이트(정본: wave4-pilot/candidates-20260925/assets/wall/stone_face_a-v1.png),ASSET-2
retired,retired/wall/stone_face_b-v1.png,1ffd7053b7d3cbd727bff98a1ecd6393153bc245978f9bc98053a2c68c043460,retired,,ASSET-2 retired from the runtime (a newer confirmed version drawn / the resource sheet) · stone_face_b-v1.png와 동일 바이트(정본: wave4b/wall/stone_face_b-v1.png),ASSET-2
retired,retired/wall/stone_face_c-v1.png,da921b0b0166c336d0fcbc7309d8d48da1d3e7e9c70a2c92771257522c815421,retired,,ASSET-2 retired from the runtime (a newer confirmed version drawn / the resource sheet) · stone_face_c-v1.png와 동일 바이트(정본: wave4b/wall/stone_face_c-v1.png),ASSET-2
ui-p0,ui-p0/candidates-v1/proofs/01-hud-desktop-tablet.png,c954ac5fc7e61b77f18e3bb5b1e7936880ec74ae9f859e9fd9850b05cb69faf8,confirmed,,확인 그림,
ui-p0,ui-p0/candidates-v1/proofs/02-icons-24px.png,227960b7f994bad140901be24ee9f89a40b46aea6f20ff8d66d70d34a7618bfc,confirmed,,확인 그림,
ui-p0,ui-p0/candidates-v1/proofs/03-objective-advisor.png,2c889835d3556f9d99ddb1d0b35e84fa09106c703f1392ad4648f9ae748f9076,confirmed,,확인 그림,
ui-p0,ui-p0/candidates-v1/records/frames-review.png,9b466bcb5b61e3a2e14d8e2367e64f8863fb69d0bef41ab2c4ef3ffd0edb42a9,confirmed,,기록 그림,
ui-p0,ui-p0/candidates-v1/records/hud-desktop-1280x800.png,931bbe4e5cac48e01b12bd76da3ade54f9cad28c4556d0b6beda7e5b723ad95a,confirmed,,기록 그림,
ui-p0,ui-p0/candidates-v1/records/hud-tablet-1180x820.png,076fe816ffb0b8d6df7d952fdbf4b7d105edaa51bbb223a82d65c99406e52e58,confirmed,,기록 그림,
ui-p0,ui-p0/candidates-v1/records/icons-32px.png,9480a75cf5008e00c13650b18c4f2b267330a479edf79dc823751e394c374102,confirmed,,기록 그림,
ui-p0,ui-p0/candidates-v1/records/icons-48px.png,ba306ccf015133699ee87c123a98780f63ff0d10ed543e91d6b11442d6884d9f,confirmed,,기록 그림,
ui-p0,ui-p0/candidates-v1/records/icons-cursor-hotspots.png,3c5239ad2cc06d5302b54d9c0ea5cf064ba1ce37c06069600e0bd2ec8f686486,confirmed,,기록 그림,
ui-p0,ui-p0/candidates-v1/records/portraits-inspection.png,1b5e4be0057401de514e03b638324d1016b0ae5c4fb108c60ee8c7ebeaa3604e,confirmed,,기록 그림,
ui-p0,ui-p0/pilot-candidates-v1/proofs/01-hud-composite.png,52788d7a052a8e481a735f84bcd395bfd34e25f331bb0244b50abb2af3407173,superseded,,확인 그림 (UI 파일럿),
ui-p0,ui-p0/pilot-candidates-v1/proofs/02-icon-sizes.png,b530672d213dd53e323b137a6406097e0ba91ca5dad9e1db99f594faab88fd2e,superseded,,확인 그림 (UI 파일럿),
ui-p0,ui-p0/pilot-candidates-v1/proofs/03-nine-slice.png,20319d5431a22d6ef3da2cf326d5dda7261e884869b0993ec0c8a74c5cf82cee,superseded,,확인 그림 (UI 파일럿),
ui-p0,ui-p0/pilot-candidates-v1/records/icons-24px-review-bottom.png,2e11132209336763951527d30830cc2182c16f3a85207ab2f6822d9eaa446dfc,superseded,,기록 그림 (UI 파일럿),
ui-p0,ui-p0/pilot-candidates-v1/records/icons-24px-review-top.png,5c6417e01452c7f58b17215f49840f165fc56745e4c8fcd4c3d0299d719d635d,superseded,,기록 그림 (UI 파일럿),
ui-p0,ui-p0/pilot/button_icon_square_base.png,6ed81b149058b84ac4a5784112417ea35091b1e84895467e6cdb14f820fa6428,superseded,ui-p0/ui/button_icon_square_base.png,UI 파일럿(방향 확정) → P0로 대체 · C2PA caBX 포함(받은 바이트 그대로),
ui-p0,ui-p0/pilot/button_primary_base.png,a2e7ea4f612f6adaea8f94a7ad67f8926fc211e00fbd00e214dcfb03da09d038,superseded,ui-p0/ui/button_primary_base.png,UI 파일럿(방향 확정) → P0로 대체 · C2PA caBX 포함(받은 바이트 그대로),
ui-p0,ui-p0/pilot/cursor_sheet.png,71038bc1f0d4aa4a0c8f50c8fe5dc4972609a857d75c97cc1af640f5f7da16b4,superseded,ui-p0/ui/cursor_select.png;ui-p0/ui/cursor_place_valid.png;ui-p0/ui/cursor_place_invalid.png;ui-p0/ui/cursor_road_draw.png;ui-p0/ui/cursor_zone_brush.png;ui-p0/ui/cursor_inspect.png,P0에서 커서 6장으로 나뉨(대응 추정) · C2PA caBX 포함(받은 바이트 그대로) · replaced_by를 실제 경로 6개로 적음(2026-09-28),
ui-p0,ui-p0/pilot/frame_advisor.png,1e4d2de1a0b0b507158ca7c7b476b97ecd3010fe543edca8fd7d37d8fbfb819d,superseded,ui-p0/ui/frame_advisor_normal.png,UI 파일럿(방향 확정) → P0로 대체 · C2PA caBX 포함(받은 바이트 그대로),
ui-p0,ui-p0/pilot/frame_objective.png,eb97c235d946006a3f7dca85a424551badcc69d57b57188229413dc8da700189,superseded,ui-p0/ui/frame_objective_normal.png,UI 파일럿(방향 확정) → P0로 대체 · C2PA caBX 포함(받은 바이트 그대로),
ui-p0,ui-p0/pilot/frame_panel_dark.png,ba8728f9971117c6b7b50dcb6d07943f20565ce3689b1612724929bbe7a9cc67,superseded,ui-p0/ui/frame_panel_dark.png,UI 파일럿(방향 확정) → P0로 대체 · C2PA caBX 포함(받은 바이트 그대로),
ui-p0,ui-p0/pilot/frame_panel_light.png,c654547ce6575d7870ddf0767ca303842c29c052a4ffa64b48da09b1082a2eb9,superseded,ui-p0/ui/frame_panel_light.png,UI 파일럿(방향 확정) → P0로 대체 · C2PA caBX 포함(받은 바이트 그대로),
ui-p0,ui-p0/pilot/icon_build_category_sheet.png,df23b1037d27a53f8ca02f864500aa19ac27f0669566d7e926c629128c44698b,superseded,ui-p0/ui/icon_build_category_sheet.png,UI 파일럿(방향 확정) → P0로 대체 · C2PA caBX 포함(받은 바이트 그대로),
ui-p0,ui-p0/pilot/icon_layer_mode_sheet.png,5503b05cef9af4658cafb0afa7b1dee26ff07c138bf75126720d9eb03f0a1644,superseded,ui-p0/ui/icon_layer_mode_sheet.png,UI 파일럿(방향 확정) → P0로 대체 · C2PA caBX 포함(받은 바이트 그대로),
ui-p0,ui-p0/pilot/icon_resource_sheet.png,f2e0b5e226b3fca37103eb40adf6dedf63634dd8d9c2abb61fa8673d6b6e0ff0,superseded,ui-p0/ui/icon_resource_sheet.png,UI 파일럿(방향 확정) → P0로 대체 · C2PA caBX 포함(받은 바이트 그대로),
ui-p0,ui-p0/pilot/icon_status_sheet.png,363f36c4830ff172c031e97c7e2b5fbcce821dcd90ee0df3de14ed7f0556194e,superseded,ui-p0/ui/icon_prediction_sheet.png;ui-p0/ui/icon_alert_priority_sheet.png;ui-p0/ui/icon_lock_new_sheet.png,UI 파일럿 → P0 세 장으로 대체(판정 2026-09-26),
ui-p0,ui-p0/pilot/texture_vellum_light.png,4f6350143e857e17f25af484fdd5803875ffcc19c883e7c36edfa141d044c3aa,superseded,ui-p0/ui/texture_vellum_light.png,UI 파일럿(방향 확정) → P0로 대체 · C2PA caBX 포함(받은 바이트 그대로),
ui-p0,ui-p0/rework-v1/proofs/01-frames-blind.png,60b709d61c5461dc2c9268d6076c7fdd52549fdb479e0364f6be67c4d9fd0007,confirmed,,확인 그림,
ui-p0,ui-p0/rework-v1/proofs/02-portraits-shuffled.png,8ae7d28cf6d321365201c7af691dc5ca69e9406013b18d32fdb7119911fc902d,confirmed,,확인 그림,
ui-p0,ui-p0/rework-v1/proofs/03-changed-icons.png,11a0ca8cd3d9eadd24a3e928a3d248af77c51f363808b171e777f39a10aacb01,confirmed,,확인 그림,
ui-p0,ui-p0/superseded/advisor_steward_portrait_concern.png,bea33fada7ca6260a7300e5521bc6c59b5751b40e48d74600baf3f68a78db35d,superseded,ui-p0/ui/advisor_steward_portrait_concern.png,UX-2 inbox: 재작업으로 바뀐 P0 초판,
ui-p0,ui-p0/superseded/advisor_steward_portrait_success.png,cf9c9a25d72b71c7b37c9396fd3740081bb4d55a6be8c2835682cb6737786bf1,superseded,ui-p0/ui/advisor_steward_portrait_success.png,UX-2 inbox: 재작업으로 바뀐 P0 초판,
ui-p0,ui-p0/superseded/frame_advisor_normal.png,9cc6e08b9763fc70b83d45a92734b073641ef5bd03be7b19583b5b4e3c5c1258,superseded,ui-p0/ui/frame_advisor_normal.png,UX-2 inbox: 재작업으로 바뀐 P0 초판,
ui-p0,ui-p0/superseded/frame_advisor_warn.png,49a3d577bc2f4cc0321b3c277a6f24a5235f1d745d72eb1acb9515ec6c7a18bb,superseded,ui-p0/ui/frame_advisor_warn.png,UX-2 inbox: 재작업으로 바뀐 P0 초판,
ui-p0,ui-p0/superseded/frame_modal.png,c130f73d27b73e6974bdd3f4ec8bae31b8f7e00b20a4595b715c58d3cbec4261,superseded,ui-p0/ui/frame_modal.png,UX-2 inbox: 재작업으로 바뀐 P0 초판,
ui-p0,ui-p0/superseded/frame_objective_complete.png,5838cdeb462c96aa2d7cc5901d9cdb85520a4f4516dc730de5b9d7ac96e795e1,superseded,ui-p0/ui/frame_objective_complete.png,UX-2 inbox: 재작업으로 바뀐 P0 초판,
ui-p0,ui-p0/superseded/frame_objective_normal.png,c2ab636762cd5f3680970f3904c2aeff6afe0a18627837611a71cd37a6e62466,superseded,ui-p0/ui/frame_objective_normal.png,UX-2 inbox: 재작업으로 바뀐 P0 초판,
ui-p0,ui-p0/superseded/frame_objective_warn.png,688f0dd3882dfc6f4f27e3d7aeab1fd6e1ae9d62bace59b338fab949bb28b73b,superseded,ui-p0/ui/frame_objective_warn.png,UX-2 inbox: 재작업으로 바뀐 P0 초판,
ui-p0,ui-p0/superseded/frame_panel_light.png,4d621ebb07318848b0514524bca567490b0c37f6cc1ce9822af15db0d3e7ba17,superseded,ui-p0/ui/frame_panel_light.png,UX-2 inbox: 재작업으로 바뀐 P0 초판,
ui-p0,ui-p0/superseded/icon_cause_family_sheet.png,1ab10b5c682631ea46af77650625d7112226acbd35da30f6cc31a350df0eaec6,superseded,ui-p0/ui/icon_cause_family_sheet.png,UX-2 inbox: 재작업으로 바뀐 P0 초판,
ui-p0,ui-p0/superseded/icon_lock_new_sheet.png,df7cda4bfa527d32a992759e63d8fc6a9edb7f3b0cb47baffbc8073fe32fd883,superseded,ui-p0/ui/icon_lock_new_sheet.png,UX-2 inbox: 재작업으로 바뀐 P0 초판,
ui-p0,ui-p0/superseded/icon_objective_action_sheet.png,ebca291a3f1b90aafb400605f8d93c8d337b5b713cfe7bbb50e60d0205d00d69,superseded,ui-p0/ui/icon_objective_action_sheet.png,UX-2 inbox: 재작업으로 바뀐 P0 초판,
ui-p0,ui-p0/ui/advisor_portrait_frame.png,78e1cd28d7792fd77da0c54901aca5cd262a88c6f13645b137bfea1a1ce87b7c,confirmed,,UX-2 inbox: runtime · 설치 확인: claude/ux2-art-skin public/assets/ui-p0/advisor_portrait_frame.png(본선 미병합) · C2PA caBX 포함(받은 바이트 그대로),UX-2
ui-p0,ui-p0/ui/advisor_steward_portrait_concern.png,033f32482885d00071b76a0f4cbf19b21122c978d9908465aed6e4eacc64b27a,confirmed,,UX-2 inbox: runtime (재작업본) · 설치 확인: claude/ux2-art-skin public/assets/ui-p0/advisor_steward_portrait_concern.png(본선 미병합) · C2PA caBX 포함(받은 바이트 그대로),UX-2
ui-p0,ui-p0/ui/advisor_steward_portrait_neutral.png,acdeb71cd3ef7f42d8aa369d6c2e1e16f15e599bfa79a2c77dd4a1b04d0a77f0,confirmed,,UX-2 inbox: runtime (재작업본) · 설치 확인: claude/ux2-art-skin public/assets/ui-p0/advisor_steward_portrait_neutral.png(본선 미병합) · C2PA caBX 포함(받은 바이트 그대로),UX-2
ui-p0,ui-p0/ui/advisor_steward_portrait_success.png,dd28dab497312f529f19fc38783708c7f979d804d9bc25eeadac6fb42b7fa24a,confirmed,,UX-2 inbox: runtime (재작업본) · 설치 확인: claude/ux2-art-skin public/assets/ui-p0/advisor_steward_portrait_success.png(본선 미병합) · C2PA caBX 포함(받은 바이트 그대로),UX-2
ui-p0,ui-p0/ui/banner_unlock.png,d93ea3739ac03e63d74555d84e521e8d5dbb30896dd3dba309ec7a3c1c85b027,confirmed,,UX-2 inbox: runtime · 설치 확인: claude/ux2-art-skin public/assets/ui-p0/banner_unlock.png(본선 미병합) · C2PA caBX 포함(받은 바이트 그대로),UX-2
ui-p0,ui-p0/ui/button_icon_square_base.png,03a1c75f70a9c614e6fbf96ea3582bbc5af6259a4b1d705b2a683fbd37bf4226,confirmed,,UX-2 inbox: runtime · 설치 확인: claude/ux2-art-skin public/assets/ui-p0/button_icon_square_base.png(본선 미병합) · C2PA caBX 포함(받은 바이트 그대로),UX-2
ui-p0,ui-p0/ui/button_primary_base.png,0dbd874e6da04f470a2b15cd2406c44b392a9c4033a15e9b3a99ee7b64f424fb,confirmed,,UX-2 inbox: runtime · 설치 확인: claude/ux2-art-skin public/assets/ui-p0/button_primary_base.png(본선 미병합) · C2PA caBX 포함(받은 바이트 그대로),UX-2
ui-p0,ui-p0/ui/button_secondary_base.png,a47318e951d0c7d7b7d8052f9436ba76beb4d3209f5fde1772b1805fa82d1297,confirmed,,UX-2 inbox: runtime · 설치 확인: claude/ux2-art-skin public/assets/ui-p0/button_secondary_base.png(본선 미병합) · C2PA caBX 포함(받은 바이트 그대로),UX-2
ui-p0,ui-p0/ui/chip_condition_base.png,0f9d503df49af45179a1da9d743fecf1f243e9d93a4a27aef8ffa4763048a8a1,confirmed,,UX-2 inbox: runtime · 설치 확인: claude/ux2-art-skin public/assets/ui-p0/chip_condition_base.png(본선 미병합) · C2PA caBX 포함(받은 바이트 그대로),UX-2
ui-p0,ui-p0/ui/cursor_inspect.png,138dc2680e1c6a223fcd3e08c3f1a9d3cf2214eaa5f31ba88631b1b53f004b4e,confirmed,,UX-2 inbox: runtime · 설치 확인: claude/ux2-art-skin public/assets/ui-p0/cursor_inspect.png(본선 미병합) · C2PA caBX 포함(받은 바이트 그대로),UX-2
ui-p0,ui-p0/ui/cursor_place_invalid.png,648d581318244956fcddf754691b4bc355b42bfd80fd06347775bc77c67f33f3,confirmed,,UX-2 inbox: runtime · 설치 확인: claude/ux2-art-skin public/assets/ui-p0/cursor_place_invalid.png(본선 미병합) · C2PA caBX 포함(받은 바이트 그대로),UX-2
ui-p0,ui-p0/ui/cursor_place_valid.png,c2514d59be00af509de3d9ff74c218c09691fedb06b95c5ff6a3bada51e15a8b,confirmed,,UX-2 inbox: runtime · 설치 확인: claude/ux2-art-skin public/assets/ui-p0/cursor_place_valid.png(본선 미병합) · C2PA caBX 포함(받은 바이트 그대로),UX-2
ui-p0,ui-p0/ui/cursor_road_draw.png,909a83dcf592a12eaead40f37c5ce05653f891d92ad3b7a5e359c423f7e642f5,confirmed,,UX-2 inbox: runtime · 설치 확인: claude/ux2-art-skin public/assets/ui-p0/cursor_road_draw.png(본선 미병합) · C2PA caBX 포함(받은 바이트 그대로),UX-2
ui-p0,ui-p0/ui/cursor_select.png,4a0c1a641e8a76ba11de5ca49ba449d33a21cb2191700eeff3559fdda4c25800,confirmed,,UX-2 inbox: runtime · 설치 확인: claude/ux2-art-skin public/assets/ui-p0/cursor_select.png(본선 미병합) · C2PA caBX 포함(받은 바이트 그대로),UX-2
ui-p0,ui-p0/ui/cursor_zone_brush.png,c0cdc9ce7b75d10e1d080847a00887f9e7b443086127f39cb552a810635ff902,confirmed,,UX-2 inbox: runtime · 설치 확인: claude/ux2-art-skin public/assets/ui-p0/cursor_zone_brush.png(본선 미병합) · C2PA caBX 포함(받은 바이트 그대로),UX-2
ui-p0,ui-p0/ui/divider_manuscript_dark.png,94b977eb135a0c83ab54c6889fbedebcc7c79e8f421af58e0878132af8226828,confirmed,,UX-2 inbox: runtime · 설치 확인: claude/ux2-art-skin public/assets/ui-p0/divider_manuscript_dark.png(본선 미병합) · C2PA caBX 포함(받은 바이트 그대로),UX-2
ui-p0,ui-p0/ui/divider_manuscript_light.png,fc1d5e23d0091083e85e3da4da8759b03ae62b447fdcecebf4cdb34be7569c9c,confirmed,,UX-2 inbox: runtime · 설치 확인: claude/ux2-art-skin public/assets/ui-p0/divider_manuscript_light.png(본선 미병합) · C2PA caBX 포함(받은 바이트 그대로),UX-2
ui-p0,ui-p0/ui/frame_advisor_normal.png,daec8ce9303634d77f7bb2b9c74985a796c6caa1b877fd726e29270684184cc1,confirmed,,UX-2 inbox: runtime (재작업본) · 설치 확인: claude/ux2-art-skin public/assets/ui-p0/frame_advisor_normal.png(본선 미병합) · C2PA caBX 포함(받은 바이트 그대로),UX-2
ui-p0,ui-p0/ui/frame_advisor_warn.png,11ddea9efb2476a76c8a24b959add2a4f3622e819ebdcf3b59361d8e0c1d604d,confirmed,,UX-2 inbox: runtime (재작업본) · 설치 확인: claude/ux2-art-skin public/assets/ui-p0/frame_advisor_warn.png(본선 미병합) · C2PA caBX 포함(받은 바이트 그대로),UX-2
ui-p0,ui-p0/ui/frame_hud_strip_bottom.png,e1d4b4abdbf69d8047b07257ed115957453bec89d56b3d0e77a40693a044afac,confirmed,,UX-2 inbox: runtime · 설치 확인: claude/ux2-art-skin public/assets/ui-p0/frame_hud_strip_bottom.png(본선 미병합) · C2PA caBX 포함(받은 바이트 그대로),UX-2
ui-p0,ui-p0/ui/frame_hud_strip_top.png,b92f7eb986fd092a706d8ddd807fdea8fda3c132ab03726547b16d693b1ff732,confirmed,,UX-2 inbox: runtime · 설치 확인: claude/ux2-art-skin public/assets/ui-p0/frame_hud_strip_top.png(본선 미병합) · C2PA caBX 포함(받은 바이트 그대로),UX-2
ui-p0,ui-p0/ui/frame_modal.png,8f922ce756ca60fed65f155a9eefd3d15c4ff61d5662fa6255d8d356949de847,confirmed,,UX-2 inbox: runtime (재작업본) · 설치 확인: claude/ux2-art-skin public/assets/ui-p0/frame_modal.png(본선 미병합) · C2PA caBX 포함(받은 바이트 그대로),UX-2
ui-p0,ui-p0/ui/frame_objective_complete.png,8a689d12f8ac4894e4417cc253f2a43a756daae41fb3182e30f37b48c1ce15d8,confirmed,,UX-2 inbox: runtime (재작업본) · 설치 확인: claude/ux2-art-skin public/assets/ui-p0/frame_objective_complete.png(본선 미병합) · C2PA caBX 포함(받은 바이트 그대로),UX-2
ui-p0,ui-p0/ui/frame_objective_normal.png,2f100e935d3451057ea6c3df55f1788f64ff4507ce6911459171bbc965847cff,confirmed,,UX-2 inbox: runtime (재작업본) · 설치 확인: claude/ux2-art-skin public/assets/ui-p0/frame_objective_normal.png(본선 미병합) · C2PA caBX 포함(받은 바이트 그대로),UX-2
ui-p0,ui-p0/ui/frame_objective_warn.png,283e2f05be8c31428f8a48fb17c49126377fc62a5c1a96c4a43f80a7fed7ec74,confirmed,,UX-2 inbox: runtime (재작업본) · 설치 확인: claude/ux2-art-skin public/assets/ui-p0/frame_objective_warn.png(본선 미병합) · C2PA caBX 포함(받은 바이트 그대로),UX-2
ui-p0,ui-p0/ui/frame_panel_dark.png,c52f25f45e0b30ee0c0c43973e632a6e28dfcce16ddfb207399bf8a8a82596ca,confirmed,,UX-2 inbox: runtime · 설치 확인: claude/ux2-art-skin public/assets/ui-p0/frame_panel_dark.png(본선 미병합) · C2PA caBX 포함(받은 바이트 그대로),UX-2
ui-p0,ui-p0/ui/frame_panel_light.png,1f729d7e5e0bbe9d223751a7c8940a58010dbfcd6c2a4ae4e31b730815b7fd69,confirmed,,UX-2 inbox: runtime (재작업본) · 설치 확인: claude/ux2-art-skin public/assets/ui-p0/frame_panel_light.png(본선 미병합) · C2PA caBX 포함(받은 바이트 그대로),UX-2
ui-p0,ui-p0/ui/frame_tooltip.png,0e64115060b43a1fb2234ca60448cef4054095514203ec3e3e64aa8719a2b7fd,confirmed,,UX-2 inbox: runtime (재작업본) · 설치 확인: claude/ux2-art-skin public/assets/ui-p0/frame_tooltip.png(본선 미병합) · C2PA caBX 포함(받은 바이트 그대로),UX-2
ui-p0,ui-p0/ui/icon_alert_priority_sheet.png,c4fd83a28d3d66150b9915f05beef5591587633671b580139cf5b014e256ac42,confirmed,,UX-2 inbox: runtime · 설치 확인: claude/ux2-art-skin public/assets/ui-p0/icon_alert_priority_sheet.png(본선 미병합) · C2PA caBX 포함(받은 바이트 그대로),UX-2
ui-p0,ui-p0/ui/icon_build_category_sheet.png,927810cc488abdb00f4a297a7e1a2d68768e3d88a7ead64b8d74f2b7d7ed7e27,confirmed,,UX-2 inbox: runtime · 설치 확인: claude/ux2-art-skin public/assets/ui-p0/icon_build_category_sheet.png(본선 미병합) · C2PA caBX 포함(받은 바이트 그대로),UX-2
ui-p0,ui-p0/ui/icon_cause_family_sheet.png,9f857508bb02672d501648467973062b7166c1dca32114b1bc60ff45de8076ff,confirmed,,UX-2 inbox: runtime (재작업본) · 설치 확인: claude/ux2-art-skin public/assets/ui-p0/icon_cause_family_sheet.png(본선 미병합) · C2PA caBX 포함(받은 바이트 그대로),UX-2
ui-p0,ui-p0/ui/icon_first_session_buildings_sheet.png,c8b06f619281821f6d604c5a328917e38119c701f268b1094c41e673554e0a42,confirmed,,UX-2 inbox: runtime · 설치 확인: claude/ux2-art-skin public/assets/ui-p0/icon_first_session_buildings_sheet.png(본선 미병합) · C2PA caBX 포함(받은 바이트 그대로),UX-2
ui-p0,ui-p0/ui/icon_layer_mode_sheet.png,aac9846c241c3e1d4bc1a83e9644c0e55d470165016183051879b4a549981b93,confirmed,,UX-2 inbox: runtime · 설치 확인: claude/ux2-art-skin public/assets/ui-p0/icon_layer_mode_sheet.png(본선 미병합) · C2PA caBX 포함(받은 바이트 그대로),UX-2
ui-p0,ui-p0/ui/icon_lock_new_sheet.png,77190a1b381159c226161f93d938986414566a1a1d94e479f9d28041a73cdafd,confirmed,,UX-2 inbox: runtime (재작업본) · 설치 확인: claude/ux2-art-skin public/assets/ui-p0/icon_lock_new_sheet.png(본선 미병합) · C2PA caBX 포함(받은 바이트 그대로),UX-2
ui-p0,ui-p0/ui/icon_objective_action_sheet.png,7b02e33718820e82627e5f727176ee13981bb7ee7dd1e2e0593ff8b6ee0a91d1,confirmed,,UX-2 inbox: runtime (재작업본) · 설치 확인: claude/ux2-art-skin public/assets/ui-p0/icon_objective_action_sheet.png(본선 미병합) · C2PA caBX 포함(받은 바이트 그대로),UX-2
ui-p0,ui-p0/ui/icon_prediction_sheet.png,613bbc094a436f2d8526cc884ab9d0329674fdedb9fecfa6310f12d5fdabd5dc,confirmed,,UX-2 inbox: runtime · 설치 확인: claude/ux2-art-skin public/assets/ui-p0/icon_prediction_sheet.png(본선 미병합) · C2PA caBX 포함(받은 바이트 그대로),UX-2
ui-p0,ui-p0/ui/icon_resource_sheet.png,89c38d0aa3afe8764170cadf9fdcae811ddc08c66fc0d8c1ea6ffa34bb9bda4b,confirmed,,UX-2 inbox: runtime · 설치 확인: claude/ux2-art-skin public/assets/ui-p0/icon_resource_sheet.png(본선 미병합) · C2PA caBX 포함(받은 바이트 그대로),UX-2
ui-p0,ui-p0/ui/icon_time_sheet.png,a8e5f287439684b023fea87086d5ed0ca664363100a6a887c6c9027c8ca22e98,confirmed,,UX-2 inbox: runtime · 설치 확인: claude/ux2-art-skin public/assets/ui-p0/icon_time_sheet.png(본선 미병합) · C2PA caBX 포함(받은 바이트 그대로),UX-2
ui-p0,ui-p0/ui/tab_build_base.png,18d4ea41bc9f17024fe83136d1a429986bc7e876b32ea08fc39db061855a1680,confirmed,,UX-2 inbox: runtime · 설치 확인: claude/ux2-art-skin public/assets/ui-p0/tab_build_base.png(본선 미병합) · C2PA caBX 포함(받은 바이트 그대로),UX-2
ui-p0,ui-p0/ui/texture_vellum_dark.png,da7397c25c113e5819c8b26da2ea3125de1c5b76ad363226ac815a7fd358a3d7,confirmed,,UX-2 inbox: runtime · 설치 확인: claude/ux2-art-skin public/assets/ui-p0/texture_vellum_dark.png(본선 미병합) · C2PA caBX 포함(받은 바이트 그대로),UX-2
ui-p0,ui-p0/ui/texture_vellum_light.png,59f894cecf6a9a8dcdd47640d3fd33c2f3c2e94e07dff67543224ce59a18c3b9,confirmed,,UX-2 inbox: runtime · 설치 확인: claude/ux2-art-skin public/assets/ui-p0/texture_vellum_light.png(본선 미병합) · C2PA caBX 포함(받은 바이트 그대로),UX-2
ui-p0,ui-p0/ui/toast_small.png,20b979e0e4c819613679adfdb0b7062e363f64d4f84a293dda4be20c57b0c48a,confirmed,,UX-2 inbox: runtime · 설치 확인: claude/ux2-art-skin public/assets/ui-p0/toast_small.png(본선 미병합) · C2PA caBX 포함(받은 바이트 그대로),UX-2
ui-p0,ui-p0/ui/warning_map_marker_sheet.png,2b4c675f54094b81afe0c79b4d7d054f99fde0a586498966a309b47920151b6b,confirmed,,UX-2 inbox: runtime · 설치 확인: claude/ux2-art-skin public/assets/ui-p0/warning_map_marker_sheet.png(본선 미병합) · C2PA caBX 포함(받은 바이트 그대로),UX-2
walker-pilot2,walker-pilot2/candidates-v1/assets/masters/P5_NE_f0.png,19786f44416a7c0347e482bceb8aa39a7f91974a0c1d2f51c94ec99c8536f9c0,confirmed,,방식 확정(판정표). 설치는 V2에서 일부 · 설치 예정 V2(본선 93d0f32 public/assets에서 같은 바이트 미발견),
walker-pilot2,walker-pilot2/candidates-v1/assets/masters/P5_NE_f1.png,1ec699412fcf1a46b6979e8db654f045599304f6011f7010f8ee66b2aa59c0f1,confirmed,,방식 확정(판정표). 설치는 V2에서 일부 · 설치 예정 V2(본선 93d0f32 public/assets에서 같은 바이트 미발견),
walker-pilot2,walker-pilot2/candidates-v1/assets/masters/P5_NW_f0.png,64f252a3e2282d6a0051aa570d779f044eff6c101fc42cf987fdd98fc17e006e,confirmed,,방식 확정(판정표). 설치는 V2에서 일부 · 설치 예정 V2(본선 93d0f32 public/assets에서 같은 바이트 미발견),
walker-pilot2,walker-pilot2/candidates-v1/assets/masters/P5_NW_f1.png,dc68a0009675481f546b2e75a4ff5475397f11cdd425814925560474ff866cc7,confirmed,,방식 확정(판정표). 설치는 V2에서 일부 · 설치 예정 V2(본선 93d0f32 public/assets에서 같은 바이트 미발견),
walker-pilot2,walker-pilot2/candidates-v1/assets/masters/P5_SE_f0.png,85f563311aa90af89b781d13985c7d3b8c749e52f477cfbbee3c48cd4e6c78cf,confirmed,,방식 확정(판정표). 설치는 V2에서 일부 · 설치 예정 V2(본선 93d0f32 public/assets에서 같은 바이트 미발견),
walker-pilot2,walker-pilot2/candidates-v1/assets/masters/P5_SE_f1.png,6ef453c27928db0d6f6827004a98ff10ed77513a845ba729f0c73877f6854892,confirmed,,방식 확정(판정표). 설치는 V2에서 일부 · 설치 예정 V2(본선 93d0f32 public/assets에서 같은 바이트 미발견),
walker-pilot2,walker-pilot2/candidates-v1/assets/masters/P5_SW_f0.png,aa630ebcae6f575031e16a4e58a86f982522834753159e78cb499fa85c7409d1,confirmed,,방식 확정(판정표). 설치는 V2에서 일부 · 설치 예정 V2(본선 93d0f32 public/assets에서 같은 바이트 미발견),
walker-pilot2,walker-pilot2/candidates-v1/assets/masters/P5_SW_f1.png,449c0c4408891c91eae43a32a8b62b5b4d2e8b7f806a5a394c975a5fd5feaa58,confirmed,,방식 확정(판정표). 설치는 V2에서 일부 · 설치 예정 V2(본선 93d0f32 public/assets에서 같은 바이트 미발견),
walker-pilot2,walker-pilot2/candidates-v1/assets/masters/P6_NE_f0.png,fc1b0928035ac8e766153ef397d7a4d66f44f06f8e5c27aa982528998f9c70ce,confirmed,,방식 확정(판정표). 설치는 V2에서 일부 · 설치 예정 V2(본선 93d0f32 public/assets에서 같은 바이트 미발견),
walker-pilot2,walker-pilot2/candidates-v1/assets/masters/P6_NE_f1.png,1a850f5682391593afb5c1e4bb83de8584612d62fdcb70fd748896782a4d27ce,confirmed,,방식 확정(판정표). 설치는 V2에서 일부 · 설치 예정 V2(본선 93d0f32 public/assets에서 같은 바이트 미발견),
walker-pilot2,walker-pilot2/candidates-v1/assets/masters/P6_NW_f0.png,2928ec149253cb514eb6a1ee0259ad251909824f00e6ee57b151da15222a575a,confirmed,,방식 확정(판정표). 설치는 V2에서 일부 · 설치 예정 V2(본선 93d0f32 public/assets에서 같은 바이트 미발견),
walker-pilot2,walker-pilot2/candidates-v1/assets/masters/P6_NW_f1.png,ff4ba21c5cbb7ef20011b95f9ec452e5da873220e4c6bde4a92dfa615986b1e0,confirmed,,방식 확정(판정표). 설치는 V2에서 일부 · 설치 예정 V2(본선 93d0f32 public/assets에서 같은 바이트 미발견),
walker-pilot2,walker-pilot2/candidates-v1/assets/masters/P6_SE_f0.png,9b5bde985c96d553052d8942b5b473cffb378695bacfd3b3b55c35e0905d740d,confirmed,,방식 확정(판정표). 설치는 V2에서 일부 · 설치 예정 V2(본선 93d0f32 public/assets에서 같은 바이트 미발견),
walker-pilot2,walker-pilot2/candidates-v1/assets/masters/P6_SE_f1.png,86a4204608e1d76bc32e9a39f2ebd17b94cf6bec71787dbd0fed1ea49de83bd9,confirmed,,방식 확정(판정표). 설치는 V2에서 일부 · 설치 예정 V2(본선 93d0f32 public/assets에서 같은 바이트 미발견),
walker-pilot2,walker-pilot2/candidates-v1/assets/masters/P6_SW_f0.png,78c7ec7d45dc123800b8e566c281edcd6934015910dd642215ceab16ea7df94d,confirmed,,방식 확정(판정표). 설치는 V2에서 일부 · 설치 예정 V2(본선 93d0f32 public/assets에서 같은 바이트 미발견),
walker-pilot2,walker-pilot2/candidates-v1/assets/masters/P6_SW_f1.png,f854a8a556cfe061a0d6ac6cce2d3d67fcc64f56bb9011d180664680406b9931,confirmed,,방식 확정(판정표). 설치는 V2에서 일부 · 설치 예정 V2(본선 93d0f32 public/assets에서 같은 바이트 미발견),
walker-pilot2,walker-pilot2/candidates-v1/assets/masters/wk_reskin_P1_merchant_m-v1.png,2cc2f8d1aee714f4bbb8c26293ec7b12e685ce8362ad7fdb3d8e524ba8174d1f,confirmed,,방식 확정(판정표). 설치는 V2에서 일부 · 설치 예정 V2(본선 93d0f32 public/assets에서 같은 바이트 미발견),
walker-pilot2,walker-pilot2/candidates-v1/assets/masters/wk_reskin_P4_labour_m-v1.png,022e938920c24b14b45df470c23aeb767cbd46e02e944dfde0652aeaf46e2aab,confirmed,,방식 확정(판정표). 설치는 V2에서 일부 · 설치 예정 V2(본선 93d0f32 public/assets에서 같은 바이트 미발견),
walker-pilot2,walker-pilot2/candidates-v1/assets/masters/wk_reskin_P5_labour_f-v1.png,a646ed5e92ab0ae4d8aa630aaf593ecfda6989dfc6dc56a33bd6e7130d4cb39f,confirmed,,방식 확정(판정표). 설치는 V2에서 일부 · 설치 예정 V2(본선 93d0f32 public/assets에서 같은 바이트 미발견),
walker-pilot2,walker-pilot2/candidates-v1/assets/masters/wk_reskin_P6_widow_f-v1.png,1373f80047b3c2e3648bf3d7436cfc13dd81359bab0e56af8ce5f6d1a32c3ab7,confirmed,,방식 확정(판정표). 설치는 V2에서 일부 · 설치 예정 V2(본선 93d0f32 public/assets에서 같은 바이트 미발견),
walker-pilot2,walker-pilot2/candidates-v1/assets/props/held_basket_NE-v1.png,5caa0f122a6340d5aab85c1373e0c806210c1e478eff90b2265c59bd2268f1c9,confirmed,,방식 확정(판정표). 설치는 V2에서 일부 · 설치 예정 V2(본선 93d0f32 public/assets에서 같은 바이트 미발견),
walker-pilot2,walker-pilot2/candidates-v1/assets/props/held_basket_NW-v1.png,61ba99dc4f0125da2f98eba493505321e9106e411a305d0509164b30585615b1,confirmed,,방식 확정(판정표). 설치는 V2에서 일부 · 설치 예정 V2(본선 93d0f32 public/assets에서 같은 바이트 미발견),
walker-pilot2,walker-pilot2/candidates-v1/assets/props/held_basket_SE-v1.png,3b3a73ae6d6c35dac5906a5c1636c89ec8de13cbc311516d9f62c4005a6c8e00,confirmed,,방식 확정(판정표). 설치는 V2에서 일부 · 설치 예정 V2(본선 93d0f32 public/assets에서 같은 바이트 미발견),
walker-pilot2,walker-pilot2/candidates-v1/assets/props/held_basket_SW-v1.png,f4c603e6147214b3d18bc9066d1e7b74d2fef4b71c860ccfa0837b352385a1c5,confirmed,,방식 확정(판정표). 설치는 V2에서 일부 · 설치 예정 V2(본선 93d0f32 public/assets에서 같은 바이트 미발견),
walker-pilot2,walker-pilot2/candidates-v1/assets/props/held_purse_NE-v1.png,44ad2ec1bc716e5e10966ad1f86d3100bc269d495d7e3e5ec6ce0717faf67d4e,confirmed,,방식 확정(판정표). 설치는 V2에서 일부 · 설치 예정 V2(본선 93d0f32 public/assets에서 같은 바이트 미발견),
walker-pilot2,walker-pilot2/candidates-v1/assets/props/held_purse_NW-v1.png,f5cdd925dc94aac357425aa1d11d2c8d730137dbf77ade8a8d199860077f81a4,confirmed,,방식 확정(판정표). 설치는 V2에서 일부 · 설치 예정 V2(본선 93d0f32 public/assets에서 같은 바이트 미발견),
walker-pilot2,walker-pilot2/candidates-v1/assets/props/held_purse_SE-v1.png,ece6789eeca0bb90f9c894404f0340df5d9eab9b1d9e869d2e4daac6a0997920,confirmed,,방식 확정(판정표). 설치는 V2에서 일부 · 설치 예정 V2(본선 93d0f32 public/assets에서 같은 바이트 미발견),
walker-pilot2,walker-pilot2/candidates-v1/assets/props/held_purse_SW-v1.png,0b1c7502e90cd8f3759b73e5a14532f9e4edade1c98a7d2b090896bec8b2202f,confirmed,,방식 확정(판정표). 설치는 V2에서 일부 · 설치 예정 V2(본선 93d0f32 public/assets에서 같은 바이트 미발견),
walker-pilot2,walker-pilot2/candidates-v1/assets/props/held_sack_NE-v1.png,7a143bb6934f6f3c482fa11466183d1073618a3d5ec40d4fd663c6a09e7f4522,confirmed,,방식 확정(판정표). 설치는 V2에서 일부 · 설치 예정 V2(본선 93d0f32 public/assets에서 같은 바이트 미발견),
walker-pilot2,walker-pilot2/candidates-v1/assets/props/held_sack_NW-v1.png,1bb088bc33e89892fd97ab8c62831ab14eb1ce79e996c981acdd8785b12637d8,confirmed,,방식 확정(판정표). 설치는 V2에서 일부 · 설치 예정 V2(본선 93d0f32 public/assets에서 같은 바이트 미발견),
walker-pilot2,walker-pilot2/candidates-v1/assets/props/held_sack_SE-v1.png,332fff589a8f3cc555263279698d8aa5c3b8ddeddc99a322be4609e1d2a8e37b,confirmed,,방식 확정(판정표). 설치는 V2에서 일부 · 설치 예정 V2(본선 93d0f32 public/assets에서 같은 바이트 미발견),
walker-pilot2,walker-pilot2/candidates-v1/assets/props/held_sack_SW-v1.png,ada51d56cde38426b30c49850b818b2f66201ad897db2102d36f4212b964aeb0,confirmed,,방식 확정(판정표). 설치는 V2에서 일부 · 설치 예정 V2(본선 93d0f32 public/assets에서 같은 바이트 미발견),
walker-pilot2,walker-pilot2/candidates-v1/assets/props/held_staff_NE-v1.png,e654121218d3390e8b09ac28b30360320bb4bd93bf1c1c7659a0e9fff0ec57f6,confirmed,,방식 확정(판정표). 설치는 V2에서 일부 · 설치 예정 V2(본선 93d0f32 public/assets에서 같은 바이트 미발견),
walker-pilot2,walker-pilot2/candidates-v1/assets/props/held_staff_NW-v1.png,5411c7d3489b8897065607b2a76048804fcce36dbde0c19da202677e5a5b97b7,confirmed,,방식 확정(판정표). 설치는 V2에서 일부 · 설치 예정 V2(본선 93d0f32 public/assets에서 같은 바이트 미발견),
walker-pilot2,walker-pilot2/candidates-v1/assets/props/held_staff_SE-v1.png,c55421365b9e9c3748c374a9ee97acbf828d589a6d9b93196860ec6e30f123d6,confirmed,,방식 확정(판정표). 설치는 V2에서 일부 · 설치 예정 V2(본선 93d0f32 public/assets에서 같은 바이트 미발견),
walker-pilot2,walker-pilot2/candidates-v1/assets/props/held_staff_SW-v1.png,fc49cf1abb510a737750b7b13e4e1b26d547e897772bb03e5babe3b27b0d40fc,confirmed,,방식 확정(판정표). 설치는 V2에서 일부 · 설치 예정 V2(본선 93d0f32 public/assets에서 같은 바이트 미발견),
walker-pilot2,walker-pilot2/candidates-v1/assets/templates/P1.png,1190429b4444361b3d6da19d3d038391b108199cda42dc1afac448638c86f9ca,confirmed,,방식 확정(판정표). 설치는 V2에서 일부 · 설치 예정 V2(본선 93d0f32 public/assets에서 같은 바이트 미발견),
walker-pilot2,walker-pilot2/candidates-v1/assets/templates/P4.png,b715963dd38ba3380dadb5a77e5b537de202a8fc726e3798fc6365f5a7b15ff8,confirmed,,방식 확정(판정표). 설치는 V2에서 일부 · 설치 예정 V2(본선 93d0f32 public/assets에서 같은 바이트 미발견),
walker-pilot2,walker-pilot2/candidates-v1/assets/templates/P5.png,6d0a57fcfdb65d66e1addbf2ce7ac48d5485df94fe27b2cea46ea98960170cfb,confirmed,,방식 확정(판정표). 설치는 V2에서 일부 · 설치 예정 V2(본선 93d0f32 public/assets에서 같은 바이트 미발견),
walker-pilot2,walker-pilot2/candidates-v1/assets/templates/P5_NE_pair.png,28f03ee367f3ba9034e89dbb407553b6920d0e99e458f95d7e70352efa737111,confirmed,,방식 확정(판정표). 설치는 V2에서 일부 · 설치 예정 V2(본선 93d0f32 public/assets에서 같은 바이트 미발견),
walker-pilot2,walker-pilot2/candidates-v1/assets/templates/P5_NW_pair.png,d651b7b41ccb9ab7596e9a51554cb20e11dd92dc5089dc30256939f42244310f,confirmed,,방식 확정(판정표). 설치는 V2에서 일부 · 설치 예정 V2(본선 93d0f32 public/assets에서 같은 바이트 미발견),
walker-pilot2,walker-pilot2/candidates-v1/assets/templates/P5_SE_pair.png,57647ae1c5ad688cd32b2f5c0cae440c3bcbcc5c80b289a2d84e707a4a626274,confirmed,,방식 확정(판정표). 설치는 V2에서 일부 · 설치 예정 V2(본선 93d0f32 public/assets에서 같은 바이트 미발견),
walker-pilot2,walker-pilot2/candidates-v1/assets/templates/P5_SW_pair.png,7c5878dc2fa0c99b25de7aa86f1a36eebea0fafe6db5c5976bc6f90d5c6310ee,confirmed,,방식 확정(판정표). 설치는 V2에서 일부 · 설치 예정 V2(본선 93d0f32 public/assets에서 같은 바이트 미발견),
walker-pilot2,walker-pilot2/candidates-v1/assets/templates/P6.png,6d0a57fcfdb65d66e1addbf2ce7ac48d5485df94fe27b2cea46ea98960170cfb,confirmed,,방식 확정(판정표). 설치는 V2에서 일부 · 설치 예정 V2(본선 93d0f32 public/assets에서 같은 바이트 미발견) · P5.png와 동일 바이트(정본: walker-pilot2/candidates-v1/assets/templates/P5.png),
walker-pilot2,walker-pilot2/candidates-v1/assets/templates/P6_NE_pair.png,28f03ee367f3ba9034e89dbb407553b6920d0e99e458f95d7e70352efa737111,confirmed,,방식 확정(판정표). 설치는 V2에서 일부 · 설치 예정 V2(본선 93d0f32 public/assets에서 같은 바이트 미발견) · P5_NE_pair.png와 동일 바이트(정본: walker-pilot2/candidates-v1/assets/templates/P5_NE_pair.png),
walker-pilot2,walker-pilot2/candidates-v1/assets/templates/P6_NW_pair.png,d651b7b41ccb9ab7596e9a51554cb20e11dd92dc5089dc30256939f42244310f,confirmed,,방식 확정(판정표). 설치는 V2에서 일부 · 설치 예정 V2(본선 93d0f32 public/assets에서 같은 바이트 미발견) · P5_NW_pair.png와 동일 바이트(정본: walker-pilot2/candidates-v1/assets/templates/P5_NW_pair.png),
walker-pilot2,walker-pilot2/candidates-v1/assets/templates/P6_SE_pair.png,57647ae1c5ad688cd32b2f5c0cae440c3bcbcc5c80b289a2d84e707a4a626274,confirmed,,방식 확정(판정표). 설치는 V2에서 일부 · 설치 예정 V2(본선 93d0f32 public/assets에서 같은 바이트 미발견) · P5_SE_pair.png와 동일 바이트(정본: walker-pilot2/candidates-v1/assets/templates/P5_SE_pair.png),
walker-pilot2,walker-pilot2/candidates-v1/assets/templates/P6_SW_pair.png,7c5878dc2fa0c99b25de7aa86f1a36eebea0fafe6db5c5976bc6f90d5c6310ee,confirmed,,방식 확정(판정표). 설치는 V2에서 일부 · 설치 예정 V2(본선 93d0f32 public/assets에서 같은 바이트 미발견) · P5_SW_pair.png와 동일 바이트(정본: walker-pilot2/candidates-v1/assets/templates/P5_SW_pair.png),
walker-pilot2,walker-pilot2/candidates-v1/assets/templates/cells/P1_NE_f0.png,dce6db1d36e6853f2d25329fd83afe14e12071e2ed4d13fbf4e8709be9d10651,confirmed,,방식 확정(판정표). 설치는 V2에서 일부 · 설치 예정 V2(본선 93d0f32 public/assets에서 같은 바이트 미발견),
walker-pilot2,walker-pilot2/candidates-v1/assets/templates/cells/P1_NE_f1.png,14dc0a1afe8941d45506368f56a148d6669e710e8ff6a8914abbc7ce08d67cda,confirmed,,방식 확정(판정표). 설치는 V2에서 일부 · 설치 예정 V2(본선 93d0f32 public/assets에서 같은 바이트 미발견),
walker-pilot2,walker-pilot2/candidates-v1/assets/templates/cells/P1_NW_f0.png,0fc6e8affcc2660a12f2758766cb815cce4b851cef9d323510e74c67f8f374d2,confirmed,,방식 확정(판정표). 설치는 V2에서 일부 · 설치 예정 V2(본선 93d0f32 public/assets에서 같은 바이트 미발견),
walker-pilot2,walker-pilot2/candidates-v1/assets/templates/cells/P1_NW_f1.png,0bd70c5e2e95ce267b66654f72c9be21510ff4d11400f35eb86f75b73c318549,confirmed,,방식 확정(판정표). 설치는 V2에서 일부 · 설치 예정 V2(본선 93d0f32 public/assets에서 같은 바이트 미발견),
walker-pilot2,walker-pilot2/candidates-v1/assets/templates/cells/P1_SE_f0.png,5260bbc37f6cba0995e525c7eb22a701215d0f70f02b9833252d9e14b5c5b843,confirmed,,방식 확정(판정표). 설치는 V2에서 일부 · 설치 예정 V2(본선 93d0f32 public/assets에서 같은 바이트 미발견),
walker-pilot2,walker-pilot2/candidates-v1/assets/templates/cells/P1_SE_f1.png,1da9b5d106a5c766b33dcf83346613f6fce4c4f9e22f753e291bd46e2bca4303,confirmed,,방식 확정(판정표). 설치는 V2에서 일부 · 설치 예정 V2(본선 93d0f32 public/assets에서 같은 바이트 미발견),
walker-pilot2,walker-pilot2/candidates-v1/assets/templates/cells/P1_SW_f0.png,7aaf8bb97b182031310ae2a810a6772f84eea5da377dc26e7735ad1bcc66ec61,confirmed,,방식 확정(판정표). 설치는 V2에서 일부 · 설치 예정 V2(본선 93d0f32 public/assets에서 같은 바이트 미발견),
walker-pilot2,walker-pilot2/candidates-v1/assets/templates/cells/P1_SW_f1.png,47bdd7623bf488591598487e6bd58622304f2b27ebf5f64fc257dbd799e0f482,confirmed,,방식 확정(판정표). 설치는 V2에서 일부 · 설치 예정 V2(본선 93d0f32 public/assets에서 같은 바이트 미발견),
walker-pilot2,walker-pilot2/candidates-v1/assets/templates/cells/P4_NE_f0.png,abe9aac1e2892068f69ac21dd8cd0938edf8742c263871d5ab52b70060623eb2,confirmed,,방식 확정(판정표). 설치는 V2에서 일부 · 설치 예정 V2(본선 93d0f32 public/assets에서 같은 바이트 미발견),
walker-pilot2,walker-pilot2/candidates-v1/assets/templates/cells/P4_NE_f1.png,b1a91b7f9c56274405a5bc8aba7f75598370bbfda4970da4b8e0c5ed7d9e7527,confirmed,,방식 확정(판정표). 설치는 V2에서 일부 · 설치 예정 V2(본선 93d0f32 public/assets에서 같은 바이트 미발견),
walker-pilot2,walker-pilot2/candidates-v1/assets/templates/cells/P4_NW_f0.png,ac7d11526db06e2d4e1be6f37b478322d774fd3411a0351c7ebcc38cc30e225c,confirmed,,방식 확정(판정표). 설치는 V2에서 일부 · 설치 예정 V2(본선 93d0f32 public/assets에서 같은 바이트 미발견),
walker-pilot2,walker-pilot2/candidates-v1/assets/templates/cells/P4_NW_f1.png,ed8f20f83d0507cc71c211a2f1be0bbcd8d6e948f4cb684cd48d2ca5597f993f,confirmed,,방식 확정(판정표). 설치는 V2에서 일부 · 설치 예정 V2(본선 93d0f32 public/assets에서 같은 바이트 미발견),
walker-pilot2,walker-pilot2/candidates-v1/assets/templates/cells/P4_SE_f0.png,91d67b2ce93f4178a69edf4333539e9913bddbc1fa49b793fcd2557b8e8b79fd,confirmed,,방식 확정(판정표). 설치는 V2에서 일부 · 설치 예정 V2(본선 93d0f32 public/assets에서 같은 바이트 미발견),
walker-pilot2,walker-pilot2/candidates-v1/assets/templates/cells/P4_SE_f1.png,4005d850e349cb91ee04eca6f4f5ccd395777fa7cfe362350206f22271f417bf,confirmed,,방식 확정(판정표). 설치는 V2에서 일부 · 설치 예정 V2(본선 93d0f32 public/assets에서 같은 바이트 미발견),
walker-pilot2,walker-pilot2/candidates-v1/assets/templates/cells/P4_SW_f0.png,edede7b425d3f785f57a5751d127ea95f4d51c5ae46fbcaf0185f8e653695741,confirmed,,방식 확정(판정표). 설치는 V2에서 일부 · 설치 예정 V2(본선 93d0f32 public/assets에서 같은 바이트 미발견),
walker-pilot2,walker-pilot2/candidates-v1/assets/templates/cells/P4_SW_f1.png,1f68516de3bdb1f93b61f3a8accce97ccb7b9e77fee095620fe3b0fcd94f00dc,confirmed,,방식 확정(판정표). 설치는 V2에서 일부 · 설치 예정 V2(본선 93d0f32 public/assets에서 같은 바이트 미발견),
walker-pilot2,walker-pilot2/candidates-v1/assets/templates/cells/P5_NE_f0.png,7b08dd96b326da58b515ace6c8da905dd84ede1fd9a096d4caef82a6fb370c84,confirmed,,방식 확정(판정표). 설치는 V2에서 일부 · 설치 예정 V2(본선 93d0f32 public/assets에서 같은 바이트 미발견),
walker-pilot2,walker-pilot2/candidates-v1/assets/templates/cells/P5_NE_f1.png,b16b5ed255bdd5dafe87eec7202ebbcb56ae28dfd5229532cf7141b9c81203d8,confirmed,,방식 확정(판정표). 설치는 V2에서 일부 · 설치 예정 V2(본선 93d0f32 public/assets에서 같은 바이트 미발견),
walker-pilot2,walker-pilot2/candidates-v1/assets/templates/cells/P5_NW_f0.png,8285d2c1b5b2cf10ff0cf108d9387f9efbc71ae0226ef098c3f19c5e77f9e240,confirmed,,방식 확정(판정표). 설치는 V2에서 일부 · 설치 예정 V2(본선 93d0f32 public/assets에서 같은 바이트 미발견),
walker-pilot2,walker-pilot2/candidates-v1/assets/templates/cells/P5_NW_f1.png,9bd864aca81f6fc4c2a624994e24aba79403ba80f53e407549e2ea7583a13fa3,confirmed,,방식 확정(판정표). 설치는 V2에서 일부 · 설치 예정 V2(본선 93d0f32 public/assets에서 같은 바이트 미발견),
walker-pilot2,walker-pilot2/candidates-v1/assets/templates/cells/P5_SE_f0.png,575820ad41e9a012c0b1f768d36bd481a7182742e9e5c5316731940849fb9958,confirmed,,방식 확정(판정표). 설치는 V2에서 일부 · 설치 예정 V2(본선 93d0f32 public/assets에서 같은 바이트 미발견),
walker-pilot2,walker-pilot2/candidates-v1/assets/templates/cells/P5_SE_f1.png,b1913a8c0d6bd3c70aafd18f42dd53d5dd515e317c7c7a74285a8b7a761be91f,confirmed,,방식 확정(판정표). 설치는 V2에서 일부 · 설치 예정 V2(본선 93d0f32 public/assets에서 같은 바이트 미발견),
walker-pilot2,walker-pilot2/candidates-v1/assets/templates/cells/P5_SW_f0.png,098360786abfdbdde227ed82a5c50a9869afbf7cdcccf1d9a1b70b1132dcfd40,confirmed,,방식 확정(판정표). 설치는 V2에서 일부 · 설치 예정 V2(본선 93d0f32 public/assets에서 같은 바이트 미발견),
walker-pilot2,walker-pilot2/candidates-v1/assets/templates/cells/P5_SW_f1.png,9b79cb008f84c5996d0ed1f6d4af4a710db9e8296a2bc9ff4665b7b35f964941,confirmed,,방식 확정(판정표). 설치는 V2에서 일부 · 설치 예정 V2(본선 93d0f32 public/assets에서 같은 바이트 미발견),
walker-pilot2,walker-pilot2/candidates-v1/assets/templates/cells/P6_NE_f0.png,7b08dd96b326da58b515ace6c8da905dd84ede1fd9a096d4caef82a6fb370c84,confirmed,,방식 확정(판정표). 설치는 V2에서 일부 · 설치 예정 V2(본선 93d0f32 public/assets에서 같은 바이트 미발견) · P5_NE_f0.png와 동일 바이트(정본: walker-pilot2/candidates-v1/assets/templates/cells/P5_NE_f0.png),
walker-pilot2,walker-pilot2/candidates-v1/assets/templates/cells/P6_NE_f1.png,b16b5ed255bdd5dafe87eec7202ebbcb56ae28dfd5229532cf7141b9c81203d8,confirmed,,방식 확정(판정표). 설치는 V2에서 일부 · 설치 예정 V2(본선 93d0f32 public/assets에서 같은 바이트 미발견) · P5_NE_f1.png와 동일 바이트(정본: walker-pilot2/candidates-v1/assets/templates/cells/P5_NE_f1.png),
walker-pilot2,walker-pilot2/candidates-v1/assets/templates/cells/P6_NW_f0.png,8285d2c1b5b2cf10ff0cf108d9387f9efbc71ae0226ef098c3f19c5e77f9e240,confirmed,,방식 확정(판정표). 설치는 V2에서 일부 · 설치 예정 V2(본선 93d0f32 public/assets에서 같은 바이트 미발견) · P5_NW_f0.png와 동일 바이트(정본: walker-pilot2/candidates-v1/assets/templates/cells/P5_NW_f0.png),
walker-pilot2,walker-pilot2/candidates-v1/assets/templates/cells/P6_NW_f1.png,9bd864aca81f6fc4c2a624994e24aba79403ba80f53e407549e2ea7583a13fa3,confirmed,,방식 확정(판정표). 설치는 V2에서 일부 · 설치 예정 V2(본선 93d0f32 public/assets에서 같은 바이트 미발견) · P5_NW_f1.png와 동일 바이트(정본: walker-pilot2/candidates-v1/assets/templates/cells/P5_NW_f1.png),
walker-pilot2,walker-pilot2/candidates-v1/assets/templates/cells/P6_SE_f0.png,575820ad41e9a012c0b1f768d36bd481a7182742e9e5c5316731940849fb9958,confirmed,,방식 확정(판정표). 설치는 V2에서 일부 · 설치 예정 V2(본선 93d0f32 public/assets에서 같은 바이트 미발견) · P5_SE_f0.png와 동일 바이트(정본: walker-pilot2/candidates-v1/assets/templates/cells/P5_SE_f0.png),
walker-pilot2,walker-pilot2/candidates-v1/assets/templates/cells/P6_SE_f1.png,b1913a8c0d6bd3c70aafd18f42dd53d5dd515e317c7c7a74285a8b7a761be91f,confirmed,,방식 확정(판정표). 설치는 V2에서 일부 · 설치 예정 V2(본선 93d0f32 public/assets에서 같은 바이트 미발견) · P5_SE_f1.png와 동일 바이트(정본: walker-pilot2/candidates-v1/assets/templates/cells/P5_SE_f1.png),
walker-pilot2,walker-pilot2/candidates-v1/assets/templates/cells/P6_SW_f0.png,098360786abfdbdde227ed82a5c50a9869afbf7cdcccf1d9a1b70b1132dcfd40,confirmed,,방식 확정(판정표). 설치는 V2에서 일부 · 설치 예정 V2(본선 93d0f32 public/assets에서 같은 바이트 미발견) · P5_SW_f0.png와 동일 바이트(정본: walker-pilot2/candidates-v1/assets/templates/cells/P5_SW_f0.png),
walker-pilot2,walker-pilot2/candidates-v1/assets/templates/cells/P6_SW_f1.png,9b79cb008f84c5996d0ed1f6d4af4a710db9e8296a2bc9ff4665b7b35f964941,confirmed,,방식 확정(판정표). 설치는 V2에서 일부 · 설치 예정 V2(본선 93d0f32 public/assets에서 같은 바이트 미발견) · P5_SW_f1.png와 동일 바이트(정본: walker-pilot2/candidates-v1/assets/templates/cells/P5_SW_f1.png),
walker-pilot2,walker-pilot2/candidates-v1/assets/templates/masters/P1.png,9ae4d1dcb72c9092b8661cb1ba0924e666dbe1d57663291a1a84789689fc06be,confirmed,,방식 확정(판정표). 설치는 V2에서 일부 · 설치 예정 V2(본선 93d0f32 public/assets에서 같은 바이트 미발견),
walker-pilot2,walker-pilot2/candidates-v1/assets/templates/masters/P4.png,72b04ebf0e018ecd616e65f0ad681ae2ddf98d2060c2eae7b5cebcd07e2e3423,confirmed,,방식 확정(판정표). 설치는 V2에서 일부 · 설치 예정 V2(본선 93d0f32 public/assets에서 같은 바이트 미발견),
walker-pilot2,walker-pilot2/candidates-v1/assets/templates/masters/P5.png,31624af134d7dcf4dcbb716b95cd96807f76b0751195bf2f16868400029c828e,confirmed,,방식 확정(판정표). 설치는 V2에서 일부 · 설치 예정 V2(본선 93d0f32 public/assets에서 같은 바이트 미발견),
walker-pilot2,walker-pilot2/candidates-v1/assets/templates/masters/P6.png,31624af134d7dcf4dcbb716b95cd96807f76b0751195bf2f16868400029c828e,confirmed,,방식 확정(판정표). 설치는 V2에서 일부 · 설치 예정 V2(본선 93d0f32 public/assets에서 같은 바이트 미발견) · P5.png와 동일 바이트(정본: walker-pilot2/candidates-v1/assets/templates/masters/P5.png),
walker-pilot2,walker-pilot2/candidates-v1/assets/workers/wk_reskin_P1_merchant_m-v1.png,a2da7289cd03557a573f65c713405ab14eef5ccee86ffa0d874c6e3827449378,confirmed,,방식 확정(판정표). 설치는 V2에서 일부 · 설치 예정 V2(본선 93d0f32 public/assets에서 같은 바이트 미발견),
walker-pilot2,walker-pilot2/candidates-v1/assets/workers/wk_reskin_P4_labour_m-v1.png,ab0ddd1a4702bc58d6aeb075f29ca61640d3fb90ace5c38f24c7197481e760cb,confirmed,,방식 확정(판정표). 설치는 V2에서 일부 · 설치 예정 V2(본선 93d0f32 public/assets에서 같은 바이트 미발견),
walker-pilot2,walker-pilot2/candidates-v1/assets/workers/wk_reskin_P5_labour_f-v1.png,13d1db89dcedcdda9265e1c262de214f9adaf2cd85754e86af39dd9eca4a7da8,confirmed,,방식 확정(판정표). 설치는 V2에서 일부 · 설치 예정 V2(본선 93d0f32 public/assets에서 같은 바이트 미발견),
walker-pilot2,walker-pilot2/candidates-v1/assets/workers/wk_reskin_P6_widow_f-v1.png,ea509af5d0c082fd7e255ccfb6bce823c34cb5f632d45b3a7f9822aa15c87a79,confirmed,,방식 확정(판정표). 설치는 V2에서 일부 · 설치 예정 V2(본선 93d0f32 public/assets에서 같은 바이트 미발견),
walker-pilot2,walker-pilot2/candidates-v1/proofs/01-template-overlay.png,f676af8ebf32fa73c1986eb38333210726e83d1a335864afec9247b7434ab4de,confirmed,,방식 확정(판정표). 설치는 V2에서 일부,
walker-pilot2,walker-pilot2/candidates-v1/proofs/02-gait-and-props.png,13ef988d8ab1cb59ae6ff441e65377365878842ef6848b0e64f0819c266016c1,confirmed,,방식 확정(판정표). 설치는 V2에서 일부,
walker-pilot2,walker-pilot2/candidates-v1/records/P5-foot-detail.png,56a5505952c20b358fb09b3f1d5799d8d3c06d686b0c4f877400b0df7c163741,confirmed,,방식 확정(판정표). 설치는 V2에서 일부,
walker-pilot2,walker-pilot2/candidates-v1/records/P5-original-feet-grid.png,8a7d3989545641d840e6063c854edd0e601307919cafa6218f4d17de08c3e052,confirmed,,방식 확정(판정표). 설치는 V2에서 일부,
walker-pilot2,walker-pilot2/candidates-v1/records/qa-board-P1.png,29f387f1e9e36dd75ecd436a0365380064030f15da7173c8bdea9e9053fd50a0,confirmed,,방식 확정(판정표). 설치는 V2에서 일부,
walker-pilot2,walker-pilot2/candidates-v1/records/qa-board-P4.png,57d21cb9e077f632a7e9156aadb41ec7dd49dc9cb04a4fd207ff80a1b218413f,confirmed,,방식 확정(판정표). 설치는 V2에서 일부,
walker-pilot2,walker-pilot2/candidates-v1/records/qa-board-P5.png,ec024e2f80ade7148af1a8085eccc04204ab7f93b6eb23eefe9d82105805585e,confirmed,,방식 확정(판정표). 설치는 V2에서 일부,
walker-pilot2,walker-pilot2/candidates-v1/records/qa-board-P6.png,1ceea7bf88f2fd7b6f671b9ac79c4798167aa6b9682f0106b991a9c9eccd6425,confirmed,,방식 확정(판정표). 설치는 V2에서 일부,
wave10,wave10/candidates-20260925/assets/layers/pt_age_f_mature_a.png,2f5062772ed18089798e1ff09f410c64a09265a0ae7350f942728aaa6f2890b4,rejected,wave10/v2-candidates-20260926/assets/layers/pt_age_f_mature_a.png,방식 전환: 레이어 합성 → 완성 초상 풀(판정 2026-09-26) · 이전 상태 superseded,
wave10,wave10/candidates-20260925/assets/layers/pt_age_f_mature_b.png,e742d4ec0642ba35754c277629407912e5c1682dde76551ad31e93bba84f4743,rejected,wave10/v2-candidates-20260926/assets/layers/pt_age_f_mature_b.png,방식 전환: 레이어 합성 → 완성 초상 풀(판정 2026-09-26) · 이전 상태 superseded,
wave10,wave10/candidates-20260925/assets/layers/pt_age_f_old_a.png,874704a1552365a660bdfd7b1862be97ad0fdfc4a5fcdb3b2baea7516fbac1fd,rejected,wave10/v2-candidates-20260926/assets/layers/pt_age_f_old_a.png,방식 전환: 레이어 합성 → 완성 초상 풀(판정 2026-09-26) · 이전 상태 superseded,
wave10,wave10/candidates-20260925/assets/layers/pt_age_f_old_b.png,292fb1f8759a86a7a8428e46d24f6a8e8b14994416ffcc4dfb0654a9aa9fda0d,rejected,wave10/v2-candidates-20260926/assets/layers/pt_age_f_old_b.png,방식 전환: 레이어 합성 → 완성 초상 풀(판정 2026-09-26) · 이전 상태 superseded,
wave10,wave10/candidates-20260925/assets/layers/pt_age_m_mature_a.png,e146ca50d5746327932ef922789b37fabc0fb83b6c8f909cd07d4de3cd2573d5,rejected,wave10/v2-candidates-20260926/assets/layers/pt_age_m_mature_a.png,방식 전환: 레이어 합성 → 완성 초상 풀(판정 2026-09-26) · 이전 상태 superseded,
wave10,wave10/candidates-20260925/assets/layers/pt_age_m_mature_b.png,64d0f0d4ac2d85279824a47250b7c6634aa3172efb6b9c14eb67becf16ba6d57,rejected,wave10/v2-candidates-20260926/assets/layers/pt_age_m_mature_b.png,방식 전환: 레이어 합성 → 완성 초상 풀(판정 2026-09-26) · 이전 상태 superseded,
wave10,wave10/candidates-20260925/assets/layers/pt_age_m_old_a.png,9026eb839b9cb719e681230addcad210a0b54ac5ca85a36b58217fe147053846,rejected,wave10/v2-candidates-20260926/assets/layers/pt_age_m_old_a.png,방식 전환: 레이어 합성 → 완성 초상 풀(판정 2026-09-26) · 이전 상태 superseded,
wave10,wave10/candidates-20260925/assets/layers/pt_age_m_old_b.png,efd57ab7ddf85be96a98d1910af1bb30409c31e95329e5c764e27727967ee962,rejected,wave10/v2-candidates-20260926/assets/layers/pt_age_m_old_b.png,방식 전환: 레이어 합성 → 완성 초상 풀(판정 2026-09-26) · 이전 상태 superseded,
wave10,wave10/candidates-20260925/assets/layers/pt_beard_01.png,9217ff81c7308441596da6a0f928d8f9e722b5eddc6e710e9c38b807fb239d1f,rejected,,방식 전환: 레이어 합성 → 완성 초상 풀(판정 2026-09-26) · 이전 상태 confirmed,
wave10,wave10/candidates-20260925/assets/layers/pt_beard_02.png,3309ee58676198515eb1c61debba22003a36a4f2db4250c32341584d988efe07,rejected,,방식 전환: 레이어 합성 → 완성 초상 풀(판정 2026-09-26) · 이전 상태 confirmed,
wave10,wave10/candidates-20260925/assets/layers/pt_beard_03.png,42636335166d4826db9ee9759cb4616a867f98e86a34122617de2b0c6c61e4fd,rejected,,방식 전환: 레이어 합성 → 완성 초상 풀(판정 2026-09-26) · 이전 상태 confirmed,
wave10,wave10/candidates-20260925/assets/layers/pt_beard_04.png,1c44230b913409afaf74943d911f6e47d05aeca722a869af0638366bb25b0e65,rejected,,방식 전환: 레이어 합성 → 완성 초상 풀(판정 2026-09-26) · 이전 상태 confirmed,
wave10,wave10/candidates-20260925/assets/layers/pt_beard_05.png,3d12c0d47afd75cdf32c0dd6703b104185bff6bcca80a8ffc66764259b9fb842,rejected,,방식 전환: 레이어 합성 → 완성 초상 풀(판정 2026-09-26) · 이전 상태 confirmed,
wave10,wave10/candidates-20260925/assets/layers/pt_beard_06.png,aa3901b9e99853f8d2b884a7bc81f020ff3a4dde355c7930be7d48786adc0810,rejected,,방식 전환: 레이어 합성 → 완성 초상 풀(판정 2026-09-26) · 이전 상태 confirmed,
wave10,wave10/candidates-20260925/assets/layers/pt_beard_07.png,5a32c94ee7bc79b39f12b885c2ff3e634b4008a95e3afa049e1d8d3940ed60b3,rejected,,방식 전환: 레이어 합성 → 완성 초상 풀(판정 2026-09-26) · 이전 상태 confirmed,
wave10,wave10/candidates-20260925/assets/layers/pt_beard_08.png,14792d6f70735d47c819c2c9f29c4ca5036f8291d6905f6a9c2971878cc845ae,rejected,,방식 전환: 레이어 합성 → 완성 초상 풀(판정 2026-09-26) · 이전 상태 confirmed,
wave10,wave10/candidates-20260925/assets/layers/pt_beard_10.png,7f91f283ba640ad4983dccf015527ea2c6f09c14fbe937958e395c9e9095db4c,rejected,,방식 전환: 레이어 합성 → 완성 초상 풀(판정 2026-09-26) · 이전 상태 confirmed,
wave10,wave10/candidates-20260925/assets/layers/pt_face_c_01.png,7231a2704aa6631819b417f5cacf015d41d80129b7cab509b71c22c5c470d2a3,rejected,wave10/v2-candidates-20260926/assets/layers/pt_face_c_01.png,방식 전환: 레이어 합성 → 완성 초상 풀(판정 2026-09-26) · 이전 상태 superseded,
wave10,wave10/candidates-20260925/assets/layers/pt_face_c_02.png,4d40348d776e9a68faa150fe1ea88791ad7bd2b56ed5df5f192a0fbfe9753b3b,rejected,wave10/v2-candidates-20260926/assets/layers/pt_face_c_02.png,방식 전환: 레이어 합성 → 완성 초상 풀(판정 2026-09-26) · 이전 상태 superseded,
wave10,wave10/candidates-20260925/assets/layers/pt_face_c_03.png,4de11b438d7db5a0c94e74b11e5a75233117a49019860b273af3e44d89c33aa7,rejected,wave10/v2-candidates-20260926/assets/layers/pt_face_c_03.png,방식 전환: 레이어 합성 → 완성 초상 풀(판정 2026-09-26) · 이전 상태 superseded,
wave10,wave10/candidates-20260925/assets/layers/pt_face_c_04.png,96c219cf17d33713d8af85ef5557de65b440c0914ef7439ed551b68a4d751b49,rejected,wave10/v2-candidates-20260926/assets/layers/pt_face_c_04.png,방식 전환: 레이어 합성 → 완성 초상 풀(판정 2026-09-26) · 이전 상태 superseded,
wave10,wave10/candidates-20260925/assets/layers/pt_face_f_01.png,e5ff179f6b275ab11fe30f3a98c94b7c375cc909ff2256caa91d594afe1f5b74,rejected,wave10/v2-candidates-20260926/assets/layers/pt_face_f_01.png,방식 전환: 레이어 합성 → 완성 초상 풀(판정 2026-09-26) · 이전 상태 superseded,
wave10,wave10/candidates-20260925/assets/layers/pt_face_f_02.png,ffea357010a1e1db2f0cc553d26eea6bb7f9bbbe0cd0d8771d08aaed81c7b7c9,rejected,wave10/v2-candidates-20260926/assets/layers/pt_face_f_02.png,방식 전환: 레이어 합성 → 완성 초상 풀(판정 2026-09-26) · 이전 상태 superseded,
wave10,wave10/candidates-20260925/assets/layers/pt_face_f_03.png,aff8416a39abb7ede178e47ec10331ba71e8ed5337dd47f200ef4badfb9a8fd8,rejected,wave10/v2-candidates-20260926/assets/layers/pt_face_f_03.png,방식 전환: 레이어 합성 → 완성 초상 풀(판정 2026-09-26) · 이전 상태 superseded,
wave10,wave10/candidates-20260925/assets/layers/pt_face_f_04.png,ccb3225681f8c2e408ef86e18f74bdae8e055ed3a1490314540aa38e69a15b65,rejected,wave10/v2-candidates-20260926/assets/layers/pt_face_f_04.png,방식 전환: 레이어 합성 → 완성 초상 풀(판정 2026-09-26) · 이전 상태 superseded,
wave10,wave10/candidates-20260925/assets/layers/pt_face_f_05.png,53ed1bd2b79bc52431633ddaf4a624788c748d1dd3499bb63469df0670c11244,rejected,wave10/v2-candidates-20260926/assets/layers/pt_face_f_05.png,방식 전환: 레이어 합성 → 완성 초상 풀(판정 2026-09-26) · 이전 상태 superseded,
wave10,wave10/candidates-20260925/assets/layers/pt_face_f_06.png,ea43f3b0d17e8fc9846513832ca252d428f44ffec25fdf7bbc0333c04351a89a,rejected,wave10/v2-candidates-20260926/assets/layers/pt_face_f_06.png,방식 전환: 레이어 합성 → 완성 초상 풀(판정 2026-09-26) · 이전 상태 superseded,
wave10,wave10/candidates-20260925/assets/layers/pt_face_f_07.png,230ae29b68e2a31057dc0bbbe41fc95e56ea8eaa0a5555b7dd9b03dcab15e2d3,rejected,wave10/v2-candidates-20260926/assets/layers/pt_face_f_07.png,방식 전환: 레이어 합성 → 완성 초상 풀(판정 2026-09-26) · 이전 상태 superseded,
wave10,wave10/candidates-20260925/assets/layers/pt_face_f_08.png,19c63cdca13a3af886effa92f528eb6aee873e8f46ca2e3fb9b7bf882d64d019,rejected,wave10/v2-candidates-20260926/assets/layers/pt_face_f_08.png,방식 전환: 레이어 합성 → 완성 초상 풀(판정 2026-09-26) · 이전 상태 superseded,
wave10,wave10/candidates-20260925/assets/layers/pt_face_m_01.png,8e5489d913284f7759b028a286a6e05e912aa02ded04dbcfa4a9d8c5b4c8ea2e,rejected,wave10/v2-candidates-20260926/assets/layers/pt_face_m_01.png,방식 전환: 레이어 합성 → 완성 초상 풀(판정 2026-09-26) · 이전 상태 superseded,
wave10,wave10/candidates-20260925/assets/layers/pt_face_m_02.png,8776e5c5a3d6f24d68768de6b793dbbd077e87b596718f3fb11d11d742d8e69e,rejected,wave10/v2-candidates-20260926/assets/layers/pt_face_m_02.png,방식 전환: 레이어 합성 → 완성 초상 풀(판정 2026-09-26) · 이전 상태 superseded,
wave10,wave10/candidates-20260925/assets/layers/pt_face_m_03.png,6fe64a09427c5bf4c04f9ed5911d62e1cfe5085a89c483571496bc60310a77a9,rejected,wave10/v2-candidates-20260926/assets/layers/pt_face_m_03.png,방식 전환: 레이어 합성 → 완성 초상 풀(판정 2026-09-26) · 이전 상태 superseded,
wave10,wave10/candidates-20260925/assets/layers/pt_face_m_04.png,ea6419c1753a45232b54ad231033bd621bd963dc3477fe50e5bfed203d8893d0,rejected,wave10/v2-candidates-20260926/assets/layers/pt_face_m_04.png,방식 전환: 레이어 합성 → 완성 초상 풀(판정 2026-09-26) · 이전 상태 superseded,
wave10,wave10/candidates-20260925/assets/layers/pt_face_m_05.png,8aa3c20ecc0ff0d4714cc1205b9855354ce5577fcadba01f5c61594390880d2d,rejected,wave10/v2-candidates-20260926/assets/layers/pt_face_m_05.png,방식 전환: 레이어 합성 → 완성 초상 풀(판정 2026-09-26) · 이전 상태 superseded,
wave10,wave10/candidates-20260925/assets/layers/pt_face_m_06.png,ffa25356c2b4a9185fb5f4c41f8aad7c98c23d578ce06d8f4dcf6743f7dc463c,rejected,wave10/v2-candidates-20260926/assets/layers/pt_face_m_06.png,방식 전환: 레이어 합성 → 완성 초상 풀(판정 2026-09-26) · 이전 상태 superseded,
wave10,wave10/candidates-20260925/assets/layers/pt_face_m_07.png,3cfe28138121d35d78c7a4bdd251706a43630c03c21ee71deddbdad434cb25ee,rejected,wave10/v2-candidates-20260926/assets/layers/pt_face_m_07.png,방식 전환: 레이어 합성 → 완성 초상 풀(판정 2026-09-26) · 이전 상태 superseded,
wave10,wave10/candidates-20260925/assets/layers/pt_face_m_08.png,4239a63def68dc3f97105f5bfa196b012a37156d7155b878537d13a8b42d51ee,rejected,wave10/v2-candidates-20260926/assets/layers/pt_face_m_08.png,방식 전환: 레이어 합성 → 완성 초상 풀(판정 2026-09-26) · 이전 상태 superseded,
wave10,wave10/candidates-20260925/assets/layers/pt_hair_f_01.png,e7b3bd78e16280a17eb178a518b74f40d065dd5ce3d597198f5929d34b924aaa,rejected,,방식 전환: 레이어 합성 → 완성 초상 풀(판정 2026-09-26) · 이전 상태 confirmed,
wave10,wave10/candidates-20260925/assets/layers/pt_hair_f_01_rear.png,baf54d7feb2d360db3f12c27e033816a6b85bde9ef3ad05fe4e941bb29990630,rejected,,방식 전환: 레이어 합성 → 완성 초상 풀(판정 2026-09-26) · 이전 상태 confirmed,
wave10,wave10/candidates-20260925/assets/layers/pt_hair_f_02.png,3cdc9a64e864ff503c7fdd427c01ab1c738d70a34b8ad70a17d5da63c0851c89,rejected,,방식 전환: 레이어 합성 → 완성 초상 풀(판정 2026-09-26) · 이전 상태 confirmed,
wave10,wave10/candidates-20260925/assets/layers/pt_hair_f_02_rear.png,325489241f83551b5076119d9aef637f68091d28c56d5d09af7a41c9ee65cea0,rejected,,방식 전환: 레이어 합성 → 완성 초상 풀(판정 2026-09-26) · 이전 상태 confirmed,
wave10,wave10/candidates-20260925/assets/layers/pt_hair_f_03.png,6d923e4b946250defb56348714610a449f3ffd26a9b16515fc94103c9e7c2a21,rejected,,방식 전환: 레이어 합성 → 완성 초상 풀(판정 2026-09-26) · 이전 상태 confirmed,
wave10,wave10/candidates-20260925/assets/layers/pt_hair_f_03_rear.png,f196cfbdf52bc415795a3c5a7c30acc7c9fa8c1d64d0690c2a36c65de6181042,rejected,,방식 전환: 레이어 합성 → 완성 초상 풀(판정 2026-09-26) · 이전 상태 confirmed,
wave10,wave10/candidates-20260925/assets/layers/pt_hair_f_04.png,60894c19cdd00e5d5069f4b78dc59ec60fe17e99f0a46bcb916617e7509937ba,rejected,,방식 전환: 레이어 합성 → 완성 초상 풀(판정 2026-09-26) · 이전 상태 confirmed,
wave10,wave10/candidates-20260925/assets/layers/pt_hair_f_04_rear.png,81ca124ed5b9106711dee404ffc29a972681da5b890dfa94d8889f0cecd39d56,rejected,,방식 전환: 레이어 합성 → 완성 초상 풀(판정 2026-09-26) · 이전 상태 confirmed,
wave10,wave10/candidates-20260925/assets/layers/pt_hair_f_05.png,f02e88eb002ff85ca8589ecfc38495c9db177f1f7caf529bc2ab20438b74d05c,rejected,,방식 전환: 레이어 합성 → 완성 초상 풀(판정 2026-09-26) · 이전 상태 confirmed,
wave10,wave10/candidates-20260925/assets/layers/pt_hair_f_05_rear.png,ce56fb5a41335ec1f1aaa0d741f252f5da270009ed03cb05abd4ef5e653c9f8c,rejected,,방식 전환: 레이어 합성 → 완성 초상 풀(판정 2026-09-26) · 이전 상태 confirmed,
wave10,wave10/candidates-20260925/assets/layers/pt_hair_f_06.png,1c1d6d665269b2d6f9a001ad52b2e82f99e5e18f10c609047e49bb8d66037d66,rejected,,방식 전환: 레이어 합성 → 완성 초상 풀(판정 2026-09-26) · 이전 상태 confirmed,
wave10,wave10/candidates-20260925/assets/layers/pt_hair_f_06_rear.png,f497581fa16a1b3427f97775cd73ba77776a9dbc0521da1a751d74a7191e829f,rejected,,방식 전환: 레이어 합성 → 완성 초상 풀(판정 2026-09-26) · 이전 상태 confirmed,
wave10,wave10/candidates-20260925/assets/layers/pt_hair_f_07.png,fa4eb5a9f8a2b016e452c6223a0524949d1fe1ce78d7541a77b43d5630cdf4f6,rejected,,방식 전환: 레이어 합성 → 완성 초상 풀(판정 2026-09-26) · 이전 상태 confirmed,
wave10,wave10/candidates-20260925/assets/layers/pt_hair_f_07_rear.png,5f24e38da2f50d37c7d2636b5aa516cb81e2d63c59efeb0b98a4191e63237a1b,rejected,,방식 전환: 레이어 합성 → 완성 초상 풀(판정 2026-09-26) · 이전 상태 confirmed,
wave10,wave10/candidates-20260925/assets/layers/pt_hair_f_08.png,5cfb2c9bcb12d1d6609178b1a8b956799ae4d13c450e21fc5eed9ed4b847bb08,rejected,,방식 전환: 레이어 합성 → 완성 초상 풀(판정 2026-09-26) · 이전 상태 confirmed,
wave10,wave10/candidates-20260925/assets/layers/pt_hair_f_08_rear.png,aaf0ec5ea33ba99f946f956bc551951bca1a4bafaaae945a4fd9db7f8c44993d,rejected,,방식 전환: 레이어 합성 → 완성 초상 풀(판정 2026-09-26) · 이전 상태 confirmed,
wave10,wave10/candidates-20260925/assets/layers/pt_hair_f_09.png,efe422315f99c746541d252cb457a5a5c83f461bdd495c34d8d2197a28fca2f5,rejected,,방식 전환: 레이어 합성 → 완성 초상 풀(판정 2026-09-26) · 이전 상태 confirmed,
wave10,wave10/candidates-20260925/assets/layers/pt_hair_f_09_rear.png,fec4ed53d13c196956e211fa4cf2cc1966798a2832317b9bc07f77b08e88b9fe,rejected,,방식 전환: 레이어 합성 → 완성 초상 풀(판정 2026-09-26) · 이전 상태 confirmed,
wave10,wave10/candidates-20260925/assets/layers/pt_hair_m_01.png,b7884afae9524aed20df50af63d1fe8528081de7132c1274c357276c1f1779bc,rejected,,방식 전환: 레이어 합성 → 완성 초상 풀(판정 2026-09-26) · 이전 상태 confirmed,
wave10,wave10/candidates-20260925/assets/layers/pt_hair_m_01_rear.png,da0c862b8b243a09ec43b4cbadf2d1358833944c2efdbfc4ec902181b1cd24dc,rejected,,방식 전환: 레이어 합성 → 완성 초상 풀(판정 2026-09-26) · 이전 상태 confirmed,
wave10,wave10/candidates-20260925/assets/layers/pt_hair_m_02.png,857fa060ef442c86d7be454fd660b9b98cefdb55dcf97de765017659e06e41d0,rejected,,방식 전환: 레이어 합성 → 완성 초상 풀(판정 2026-09-26) · 이전 상태 confirmed,
wave10,wave10/candidates-20260925/assets/layers/pt_hair_m_02_rear.png,36a3e497bbe847c32e2908952008325d55d13aa8ba07eafe3114eaf0ebcea247,rejected,,방식 전환: 레이어 합성 → 완성 초상 풀(판정 2026-09-26) · 이전 상태 confirmed,
wave10,wave10/candidates-20260925/assets/layers/pt_hair_m_03.png,2e5249ad7badc909cd90e918c78a0ebd51b66a42fe9672ef5bb9365b0bafb1e8,rejected,,방식 전환: 레이어 합성 → 완성 초상 풀(판정 2026-09-26) · 이전 상태 confirmed,
wave10,wave10/candidates-20260925/assets/layers/pt_hair_m_03_rear.png,feda8dfaa929daae7b6aad066a81fea5536454984cc8ff781bfe1fde75238a4a,rejected,,방식 전환: 레이어 합성 → 완성 초상 풀(판정 2026-09-26) · 이전 상태 confirmed,
wave10,wave10/candidates-20260925/assets/layers/pt_hair_m_04.png,8eecdc315b2ce718139238cc9463b51906bc0fd474586d515a52b6108395bf73,rejected,,방식 전환: 레이어 합성 → 완성 초상 풀(판정 2026-09-26) · 이전 상태 confirmed,
wave10,wave10/candidates-20260925/assets/layers/pt_hair_m_04_rear.png,bb0582d518db5df6ddc82327cfad6ac3153468801e9fbc55c1de09ead27b7566,rejected,,방식 전환: 레이어 합성 → 완성 초상 풀(판정 2026-09-26) · 이전 상태 confirmed,
wave10,wave10/candidates-20260925/assets/layers/pt_hair_m_05.png,cd3b66e580e743c8184e5c49c146fe0cce508cac5bc7487cd70b6a232692661d,rejected,,방식 전환: 레이어 합성 → 완성 초상 풀(판정 2026-09-26) · 이전 상태 confirmed,
wave10,wave10/candidates-20260925/assets/layers/pt_hair_m_05_rear.png,da77f64b6999b518c21d88fca1173d502953f04806e489a69a0f16dcd8e15605,rejected,,방식 전환: 레이어 합성 → 완성 초상 풀(판정 2026-09-26) · 이전 상태 confirmed,
wave10,wave10/candidates-20260925/assets/layers/pt_hair_m_06.png,568cbf24d5e4d97be02a17c9ba10d339a570fb58b90fac0e9df5b3c01ce3baf8,rejected,wave10/v2-candidates-20260926/assets/layers/pt_hair_m_06.png,방식 전환: 레이어 합성 → 완성 초상 풀(판정 2026-09-26) · 이전 상태 superseded,
wave10,wave10/candidates-20260925/assets/layers/pt_hair_m_06_rear.png,380701ebdb02a2465159b417bbd726788819460e07330e03194f14deed338fdd,rejected,wave10/v2-candidates-20260926/assets/layers/pt_hair_m_06_rear.png,방식 전환: 레이어 합성 → 완성 초상 풀(판정 2026-09-26) · 이전 상태 superseded,
wave10,wave10/candidates-20260925/assets/layers/pt_hair_m_07.png,1dd4289d60708ba24a1370bc37f6475676906795ade25ab0df4fe2fbaec9d9a2,rejected,,방식 전환: 레이어 합성 → 완성 초상 풀(판정 2026-09-26) · 이전 상태 confirmed,
wave10,wave10/candidates-20260925/assets/layers/pt_hair_m_07_rear.png,bdc371d008e4dfcbef7176960c7f65a05aae056c040a93e003840503144fb38a,rejected,,방식 전환: 레이어 합성 → 완성 초상 풀(판정 2026-09-26) · 이전 상태 confirmed,
wave10,wave10/candidates-20260925/assets/layers/pt_hair_m_08.png,00ab4a05a5ad6b3d3e22fc6bec716b58e6d56f1c7a7f1ffe1ba5a401de315060,rejected,,방식 전환: 레이어 합성 → 완성 초상 풀(판정 2026-09-26) · 이전 상태 confirmed,
wave10,wave10/candidates-20260925/assets/layers/pt_hair_m_08_rear.png,740db3a0ebf47912459f87ea7c19f9ea4ad6a84cb08254d0ef91c3e9c6bd1815,rejected,,방식 전환: 레이어 합성 → 완성 초상 풀(판정 2026-09-26) · 이전 상태 confirmed,
wave10,wave10/candidates-20260925/assets/layers/pt_hair_m_09.png,8147069a910bd8f7d001d582518536fe4e0b8323a516d146476650d10c283c4d,rejected,,방식 전환: 레이어 합성 → 완성 초상 풀(판정 2026-09-26) · 이전 상태 confirmed,
wave10,wave10/candidates-20260925/assets/layers/pt_hair_m_09_rear.png,e8c475ad0ba20d5543ce75a1cf646ea9534c946b95286ea78b729058d6838e21,rejected,,방식 전환: 레이어 합성 → 완성 초상 풀(판정 2026-09-26) · 이전 상태 confirmed,
wave10,wave10/candidates-20260925/assets/masks/pt_beard_01_haircolor.png,680df2ff37a839b48d669b732ef5243446db2e74b58c45072f3f9dd52fe10f53,rejected,,방식 전환: 레이어 합성 → 완성 초상 풀(판정 2026-09-26) · 이전 상태 confirmed,
wave10,wave10/candidates-20260925/assets/masks/pt_beard_02_haircolor.png,a88f4e90d59cf8d361e7657559ab5fac7257fe88901af23f452f1af2d76e0ec7,rejected,,방식 전환: 레이어 합성 → 완성 초상 풀(판정 2026-09-26) · 이전 상태 confirmed,
wave10,wave10/candidates-20260925/assets/masks/pt_beard_03_haircolor.png,a6fcdbc390eb942f577e8a77d521ec18a5e9d95f4097478eae51bd84b8331a1c,rejected,,방식 전환: 레이어 합성 → 완성 초상 풀(판정 2026-09-26) · 이전 상태 confirmed,
wave10,wave10/candidates-20260925/assets/masks/pt_beard_04_haircolor.png,ff1fa0ed42945b134f5042528cf954d3f827ca3f5379cfdfc5ce53d1363866cb,rejected,,방식 전환: 레이어 합성 → 완성 초상 풀(판정 2026-09-26) · 이전 상태 confirmed,
wave10,wave10/candidates-20260925/assets/masks/pt_beard_05_haircolor.png,ae1beb20c26b367013e06384d7e366bc1ee833587f7dc00d3cdf46984e5d8dbb,rejected,,방식 전환: 레이어 합성 → 완성 초상 풀(판정 2026-09-26) · 이전 상태 confirmed,
wave10,wave10/candidates-20260925/assets/masks/pt_beard_06_haircolor.png,6c23ccc4913b55d71a02accbd88afd6a943682393d20e54825cf89c66102d81a,rejected,,방식 전환: 레이어 합성 → 완성 초상 풀(판정 2026-09-26) · 이전 상태 confirmed,
wave10,wave10/candidates-20260925/assets/masks/pt_beard_07_haircolor.png,aea84a9d509cab67c820a699073954c584eae103de8600eccad34da7be9acbb3,rejected,,방식 전환: 레이어 합성 → 완성 초상 풀(판정 2026-09-26) · 이전 상태 confirmed,
wave10,wave10/candidates-20260925/assets/masks/pt_beard_08_haircolor.png,01172b10b5117ac9d422fd96e8406e3a7b6b948a6f981b9357409ffbda0bd75d,rejected,,방식 전환: 레이어 합성 → 완성 초상 풀(판정 2026-09-26) · 이전 상태 confirmed,
wave10,wave10/candidates-20260925/assets/masks/pt_beard_10_haircolor.png,99d71733082a0f5ba40e432ff3ce287d968324b7f1687b28089709f514bb4689,rejected,,방식 전환: 레이어 합성 → 완성 초상 풀(판정 2026-09-26) · 이전 상태 confirmed,
wave10,wave10/candidates-20260925/assets/masks/pt_face_c_01_skinmask.png,65b28dd89e686413c45229e088fb0de7d2aa66ce5ba91621511839e8a29a07bd,rejected,wave10/v2-candidates-20260926/assets/masks/pt_face_c_01_skinmask.png,방식 전환: 레이어 합성 → 완성 초상 풀(판정 2026-09-26) · 이전 상태 superseded,
wave10,wave10/candidates-20260925/assets/masks/pt_face_c_02_skinmask.png,9d50f08f2e18477d72489981f7858c2aaf28f000639b7001128709e9f34ec8b2,rejected,wave10/v2-candidates-20260926/assets/masks/pt_face_c_02_skinmask.png,방식 전환: 레이어 합성 → 완성 초상 풀(판정 2026-09-26) · 이전 상태 superseded,
wave10,wave10/candidates-20260925/assets/masks/pt_face_c_03_skinmask.png,d67de18340a45788fdac463ab9486ef8d1e7a2b9303e7dacd4c85451528f3eab,rejected,wave10/v2-candidates-20260926/assets/masks/pt_face_c_03_skinmask.png,방식 전환: 레이어 합성 → 완성 초상 풀(판정 2026-09-26) · 이전 상태 superseded,
wave10,wave10/candidates-20260925/assets/masks/pt_face_c_04_skinmask.png,ecc38703a420bfe7388365f5373d9d8991b78fda0f3c7e492141b348770be925,rejected,wave10/v2-candidates-20260926/assets/masks/pt_face_c_04_skinmask.png,방식 전환: 레이어 합성 → 완성 초상 풀(판정 2026-09-26) · 이전 상태 superseded,
wave10,wave10/candidates-20260925/assets/masks/pt_face_f_01_skinmask.png,0ad26ba40a2e302079834eedc49a86f451e1b1373c6ee633612b08d9f9cf26d3,rejected,wave10/v2-candidates-20260926/assets/masks/pt_face_f_01_skinmask.png,방식 전환: 레이어 합성 → 완성 초상 풀(판정 2026-09-26) · 이전 상태 superseded,
wave10,wave10/candidates-20260925/assets/masks/pt_face_f_02_skinmask.png,dc0ef3c890164e86fabcf7044e83dd64ceab13903ad944b085eb6b445c2f8e69,rejected,wave10/v2-candidates-20260926/assets/masks/pt_face_f_02_skinmask.png,방식 전환: 레이어 합성 → 완성 초상 풀(판정 2026-09-26) · 이전 상태 superseded,
wave10,wave10/candidates-20260925/assets/masks/pt_face_f_03_skinmask.png,f5c502def040c34d4973c52267358eaaaecbbfde9c3c0c58059f95ad846f2f04,rejected,wave10/v2-candidates-20260926/assets/masks/pt_face_f_03_skinmask.png,방식 전환: 레이어 합성 → 완성 초상 풀(판정 2026-09-26) · 이전 상태 superseded,
wave10,wave10/candidates-20260925/assets/masks/pt_face_f_04_skinmask.png,89b7a804eeeea252e23fb8f535ee516e797f2c14cb8e32ffa8d1767818d31036,rejected,wave10/v2-candidates-20260926/assets/masks/pt_face_f_04_skinmask.png,방식 전환: 레이어 합성 → 완성 초상 풀(판정 2026-09-26) · 이전 상태 superseded,
wave10,wave10/candidates-20260925/assets/masks/pt_face_f_05_skinmask.png,a5d68c928cd3a1788ce615be2f2ad3384ccc2aed4624467d862ce6c3888df62a,rejected,wave10/v2-candidates-20260926/assets/masks/pt_face_f_05_skinmask.png,방식 전환: 레이어 합성 → 완성 초상 풀(판정 2026-09-26) · 이전 상태 superseded,
wave10,wave10/candidates-20260925/assets/masks/pt_face_f_06_skinmask.png,c944f6dbfde8654e5ad220351276c41cd6d12ec220a404944c7f7c9728b95dab,rejected,wave10/v2-candidates-20260926/assets/masks/pt_face_f_06_skinmask.png,방식 전환: 레이어 합성 → 완성 초상 풀(판정 2026-09-26) · 이전 상태 superseded,
wave10,wave10/candidates-20260925/assets/masks/pt_face_f_07_skinmask.png,8fa59e0e0c3818c5f3e77141fb88e0de9f10c0b82ff640da4df2ccb1a5b05702,rejected,wave10/v2-candidates-20260926/assets/masks/pt_face_f_07_skinmask.png,방식 전환: 레이어 합성 → 완성 초상 풀(판정 2026-09-26) · 이전 상태 superseded,
wave10,wave10/candidates-20260925/assets/masks/pt_face_f_08_skinmask.png,6615a15a1fc1cc0bcb18985ecf2b05cc855c277bc37412eeb9ca07b8e54344d0,rejected,wave10/v2-candidates-20260926/assets/masks/pt_face_f_08_skinmask.png,방식 전환: 레이어 합성 → 완성 초상 풀(판정 2026-09-26) · 이전 상태 superseded,
wave10,wave10/candidates-20260925/assets/masks/pt_face_m_01_skinmask.png,70fa1fa4d3cb3b21b938d0ec589711f37cc3ffb137a43987c6c18577c3d42b8d,rejected,wave10/v2-candidates-20260926/assets/masks/pt_face_m_01_skinmask.png,방식 전환: 레이어 합성 → 완성 초상 풀(판정 2026-09-26) · 이전 상태 superseded,
wave10,wave10/candidates-20260925/assets/masks/pt_face_m_02_skinmask.png,c3a2d7ca1c1ebd7745162ff20468bb4deabb2d0d28f84ff789e1872f3d04eec2,rejected,wave10/v2-candidates-20260926/assets/masks/pt_face_m_02_skinmask.png,방식 전환: 레이어 합성 → 완성 초상 풀(판정 2026-09-26) · 이전 상태 superseded,
wave10,wave10/candidates-20260925/assets/masks/pt_face_m_03_skinmask.png,7faa154356777838cf25c0f57f63e4d53e58ff8eb17ac0feb897c5a7321dd1fa,rejected,wave10/v2-candidates-20260926/assets/masks/pt_face_m_03_skinmask.png,방식 전환: 레이어 합성 → 완성 초상 풀(판정 2026-09-26) · 이전 상태 superseded,
wave10,wave10/candidates-20260925/assets/masks/pt_face_m_04_skinmask.png,5ad6c3a3f9d281a7613e8c8a08b2c869769acdcb755506eb6cfd6f2e2fd575cd,rejected,wave10/v2-candidates-20260926/assets/masks/pt_face_m_04_skinmask.png,방식 전환: 레이어 합성 → 완성 초상 풀(판정 2026-09-26) · 이전 상태 superseded,
wave10,wave10/candidates-20260925/assets/masks/pt_face_m_05_skinmask.png,0a38e2032ff2d59f905d4becd3aa7d342b7c1bc4fd1010581707840fbf46396e,rejected,wave10/v2-candidates-20260926/assets/masks/pt_face_m_05_skinmask.png,방식 전환: 레이어 합성 → 완성 초상 풀(판정 2026-09-26) · 이전 상태 superseded,
wave10,wave10/candidates-20260925/assets/masks/pt_face_m_06_skinmask.png,8640657a38a48e695f2db21073148912e6b163d8593efdfd483b83fab42f7fda,rejected,wave10/v2-candidates-20260926/assets/masks/pt_face_m_06_skinmask.png,방식 전환: 레이어 합성 → 완성 초상 풀(판정 2026-09-26) · 이전 상태 superseded,
wave10,wave10/candidates-20260925/assets/masks/pt_face_m_07_skinmask.png,7cdbd995d03c018e6732dd98a6be5b5e4b6d77596c56ae206b445d1d7fb66888,rejected,wave10/v2-candidates-20260926/assets/masks/pt_face_m_07_skinmask.png,방식 전환: 레이어 합성 → 완성 초상 풀(판정 2026-09-26) · 이전 상태 superseded,
wave10,wave10/candidates-20260925/assets/masks/pt_face_m_08_skinmask.png,b87d0e4c95baa8294cc7db4329776a91e7fc51fa8fba9ead94ab3e50f848b9a4,rejected,wave10/v2-candidates-20260926/assets/masks/pt_face_m_08_skinmask.png,방식 전환: 레이어 합성 → 완성 초상 풀(판정 2026-09-26) · 이전 상태 superseded,
wave10,wave10/candidates-20260925/assets/masks/pt_hair_f_01_haircolor.png,cebf2a00c1f8cd0bec31d23b55ec3f5322c19a7edbc02f116080f1be84e98828,rejected,,방식 전환: 레이어 합성 → 완성 초상 풀(판정 2026-09-26) · 이전 상태 confirmed,
wave10,wave10/candidates-20260925/assets/masks/pt_hair_f_01_rear_haircolor.png,166ad4b657d13c0d7ca6738b51c17c72193e12c8c9d9c76b17d8c3214b4d2b9f,rejected,,방식 전환: 레이어 합성 → 완성 초상 풀(판정 2026-09-26) · 이전 상태 confirmed,
wave10,wave10/candidates-20260925/assets/masks/pt_hair_f_02_haircolor.png,470cd859df6bf048e56138c71e189bb9a26e15f4e9c7389b694b285537dc8984,rejected,,방식 전환: 레이어 합성 → 완성 초상 풀(판정 2026-09-26) · 이전 상태 confirmed,
wave10,wave10/candidates-20260925/assets/masks/pt_hair_f_02_rear_haircolor.png,d3b31f8ca0dd9512bcb767d44e271df4fb93908debcd1e39d9bed6c681766928,rejected,,방식 전환: 레이어 합성 → 완성 초상 풀(판정 2026-09-26) · 이전 상태 confirmed,
wave10,wave10/candidates-20260925/assets/masks/pt_hair_f_03_haircolor.png,344fe6f295e68621cf1de36b9266e1bf9243c88405ab0af7687df376282f43b4,rejected,,방식 전환: 레이어 합성 → 완성 초상 풀(판정 2026-09-26) · 이전 상태 confirmed,
wave10,wave10/candidates-20260925/assets/masks/pt_hair_f_03_rear_haircolor.png,c7c2bd37fb3ec940ccc0fd3e12c10658c645cb7c4322aeb32fbe543bdbb11cbb,rejected,,방식 전환: 레이어 합성 → 완성 초상 풀(판정 2026-09-26) · 이전 상태 confirmed,
wave10,wave10/candidates-20260925/assets/masks/pt_hair_f_04_haircolor.png,85adbdf39ee1334613d37e8f7b39c9fa695d63a2c1e0645d41f4a75431d534d4,rejected,,방식 전환: 레이어 합성 → 완성 초상 풀(판정 2026-09-26) · 이전 상태 confirmed,
wave10,wave10/candidates-20260925/assets/masks/pt_hair_f_04_rear_haircolor.png,f61fe166f68e60e0c0c79f8b953395253bac0fbde3bfcbd7d4352c1bebfe4f9a,rejected,,방식 전환: 레이어 합성 → 완성 초상 풀(판정 2026-09-26) · 이전 상태 confirmed,
wave10,wave10/candidates-20260925/assets/masks/pt_hair_f_05_haircolor.png,7b442f1dd79016154c84d61ceeb0b1e514549f268848f38660dd08a9baf4f93d,rejected,,방식 전환: 레이어 합성 → 완성 초상 풀(판정 2026-09-26) · 이전 상태 confirmed,
wave10,wave10/candidates-20260925/assets/masks/pt_hair_f_05_rear_haircolor.png,d8f0551d77cf0ca1ca7dfdd6c426b7ca3650a4b577e45f9054b18b8446534912,rejected,,방식 전환: 레이어 합성 → 완성 초상 풀(판정 2026-09-26) · 이전 상태 confirmed,
wave10,wave10/candidates-20260925/assets/masks/pt_hair_f_06_haircolor.png,c6619e501e2e2aa257d99f896f29c4b7d58e068a96574b072eeef76bf5a08599,rejected,,방식 전환: 레이어 합성 → 완성 초상 풀(판정 2026-09-26) · 이전 상태 confirmed,
wave10,wave10/candidates-20260925/assets/masks/pt_hair_f_06_rear_haircolor.png,2db1aea4b95cb659d9ec2e79120e0a4f90f8861dd900299cf1706ba725e394be,rejected,,방식 전환: 레이어 합성 → 완성 초상 풀(판정 2026-09-26) · 이전 상태 confirmed,
wave10,wave10/candidates-20260925/assets/masks/pt_hair_f_07_haircolor.png,68f81c76ff04c50336ada71b992fa9eba47c51e7fcd1eb7f8adc909e7da6a86e,rejected,,방식 전환: 레이어 합성 → 완성 초상 풀(판정 2026-09-26) · 이전 상태 confirmed,
wave10,wave10/candidates-20260925/assets/masks/pt_hair_f_07_rear_haircolor.png,f9684496315b332f43b1ef101349ca172229d3c27d89026d380c3cee8e31be81,rejected,,방식 전환: 레이어 합성 → 완성 초상 풀(판정 2026-09-26) · 이전 상태 confirmed,
wave10,wave10/candidates-20260925/assets/masks/pt_hair_f_08_haircolor.png,5007cef488b02f0a8441af598a6aa23a1126b648f4ce53d1f8e33375f11347d2,rejected,,방식 전환: 레이어 합성 → 완성 초상 풀(판정 2026-09-26) · 이전 상태 confirmed,
wave10,wave10/candidates-20260925/assets/masks/pt_hair_f_08_rear_haircolor.png,21f60cf854edbcdd07b1f875708defa2a1af800d0b3723fb4b5cbe918110f537,rejected,,방식 전환: 레이어 합성 → 완성 초상 풀(판정 2026-09-26) · 이전 상태 confirmed,
wave10,wave10/candidates-20260925/assets/masks/pt_hair_f_09_haircolor.png,491225bf8d7f914d03edc1ecc5a3f6bf4c35218418c899d36d63a8cb38f6e93d,rejected,,방식 전환: 레이어 합성 → 완성 초상 풀(판정 2026-09-26) · 이전 상태 confirmed,
wave10,wave10/candidates-20260925/assets/masks/pt_hair_f_09_rear_haircolor.png,3e3c99b4337750be35ee235379746cc00eb8545c1c565a97aa59ba9498cbcee3,rejected,,방식 전환: 레이어 합성 → 완성 초상 풀(판정 2026-09-26) · 이전 상태 confirmed,
wave10,wave10/candidates-20260925/assets/masks/pt_hair_m_01_haircolor.png,781e80acee86c97576c0c962f248e3b78a4f351e23048f514692a146f0854ca3,rejected,,방식 전환: 레이어 합성 → 완성 초상 풀(판정 2026-09-26) · 이전 상태 confirmed,
wave10,wave10/candidates-20260925/assets/masks/pt_hair_m_01_rear_haircolor.png,47fa4c1634e493dfdb61f5fc4bde82b7558405c6bf5d562cd27932990aeb3b21,rejected,,방식 전환: 레이어 합성 → 완성 초상 풀(판정 2026-09-26) · 이전 상태 confirmed,
wave10,wave10/candidates-20260925/assets/masks/pt_hair_m_02_haircolor.png,5459c85afed159ed2cc9a3724d65657041838414af2aa389db5a21bc63fa131f,rejected,,방식 전환: 레이어 합성 → 완성 초상 풀(판정 2026-09-26) · 이전 상태 confirmed,
wave10,wave10/candidates-20260925/assets/masks/pt_hair_m_02_rear_haircolor.png,d4724656e27b5c42cdcbdeec0b7d4f9eb0134699d76fb846122dd32d10359a42,rejected,,방식 전환: 레이어 합성 → 완성 초상 풀(판정 2026-09-26) · 이전 상태 confirmed,
wave10,wave10/candidates-20260925/assets/masks/pt_hair_m_03_haircolor.png,a3d01a0ca4dae3187eb7e72b1ee35edbc7ed2115c27c61059aa2c4547c9583f0,rejected,,방식 전환: 레이어 합성 → 완성 초상 풀(판정 2026-09-26) · 이전 상태 confirmed,
wave10,wave10/candidates-20260925/assets/masks/pt_hair_m_03_rear_haircolor.png,e04accf155998e543811eb4f366603bd69e78793f9e93a6ca961214876f9bf6d,rejected,,방식 전환: 레이어 합성 → 완성 초상 풀(판정 2026-09-26) · 이전 상태 confirmed,
wave10,wave10/candidates-20260925/assets/masks/pt_hair_m_04_haircolor.png,87a9201fdfad9794aefa2772d0f33f1823bbf9beaad53e0f1f935392e22c2c12,rejected,,방식 전환: 레이어 합성 → 완성 초상 풀(판정 2026-09-26) · 이전 상태 confirmed,
wave10,wave10/candidates-20260925/assets/masks/pt_hair_m_04_rear_haircolor.png,d2da6e768ebb9764ab1d8ae4f03ab7c68a7c142636dc95da066584489f0eb52a,rejected,,방식 전환: 레이어 합성 → 완성 초상 풀(판정 2026-09-26) · 이전 상태 confirmed,
wave10,wave10/candidates-20260925/assets/masks/pt_hair_m_05_haircolor.png,8fcafc3b2ff44d60fd555aa59a5b21e8c0d6559622c74d2ae407cc4f63c350bb,rejected,,방식 전환: 레이어 합성 → 완성 초상 풀(판정 2026-09-26) · 이전 상태 confirmed,
wave10,wave10/candidates-20260925/assets/masks/pt_hair_m_05_rear_haircolor.png,a691c001b812043f362f67a4419cdfff240d90127ced2ae1361756d427287bf1,rejected,,방식 전환: 레이어 합성 → 완성 초상 풀(판정 2026-09-26) · 이전 상태 confirmed,
wave10,wave10/candidates-20260925/assets/masks/pt_hair_m_06_haircolor.png,f26c4b1c88d287540bcfc03d5581a339e51ee82942efa805a6a8fedfc43765af,rejected,,방식 전환: 레이어 합성 → 완성 초상 풀(판정 2026-09-26) · 이전 상태 confirmed,
wave10,wave10/candidates-20260925/assets/masks/pt_hair_m_06_rear_haircolor.png,37601233afbe5f353e848c853bdeeadb8fcef47ec362b24e2b85d10c5f53242e,rejected,,방식 전환: 레이어 합성 → 완성 초상 풀(판정 2026-09-26) · 이전 상태 confirmed,
wave10,wave10/candidates-20260925/assets/masks/pt_hair_m_07_haircolor.png,0198adbfb8b5216ba93fca68a110ad4ebbbe758e166c05944be1d4082569af66,rejected,,방식 전환: 레이어 합성 → 완성 초상 풀(판정 2026-09-26) · 이전 상태 confirmed,
wave10,wave10/candidates-20260925/assets/masks/pt_hair_m_07_rear_haircolor.png,9062feaf60388f34067def8d43383e7feaa98d1b6dd81354e837d779e3f2c5c6,rejected,,방식 전환: 레이어 합성 → 완성 초상 풀(판정 2026-09-26) · 이전 상태 confirmed,
wave10,wave10/candidates-20260925/assets/masks/pt_hair_m_08_haircolor.png,b0173b3f1d7e035ca12882c0a62e8f387de9990b51a969a4d73d87e0e577b7fc,rejected,,방식 전환: 레이어 합성 → 완성 초상 풀(판정 2026-09-26) · 이전 상태 confirmed,
wave10,wave10/candidates-20260925/assets/masks/pt_hair_m_08_rear_haircolor.png,ee03fa735056deb2a48a5779395f6e360b84d57e2787de9ec0e455527e5c09e3,rejected,,방식 전환: 레이어 합성 → 완성 초상 풀(판정 2026-09-26) · 이전 상태 confirmed,
wave10,wave10/candidates-20260925/assets/masks/pt_hair_m_09_haircolor.png,d9b7c0ba206e63496330b7b8ea56738e51c2d61ade5708e756deaa7c1b86f874,rejected,,방식 전환: 레이어 합성 → 완성 초상 풀(판정 2026-09-26) · 이전 상태 confirmed,
wave10,wave10/candidates-20260925/assets/masks/pt_hair_m_09_rear_haircolor.png,7865c05808d1f0340476dd164d7f04dd5b918af26fdf8d2e7e067d41834a6a54,rejected,,방식 전환: 레이어 합성 → 완성 초상 풀(판정 2026-09-26) · 이전 상태 confirmed,
wave10,wave10/candidates-20260925/assets/pilot-reuse/pt_garment_merchant_gown-v1.png,2fe477abc332084146de4d9417fa3c02f5d06a2c3a6b5d24fc4d0befb02e38cb,rejected,wave10/v2-candidates-20260926/assets/layers/pt_garment_merchant_gown.png,방식 전환: 레이어 합성 → 완성 초상 풀(판정 2026-09-26) · 이전 상태 superseded · pt_garment_merchant_gown-v1.png와 동일 바이트(정본: wave5b/B/layers/pt_garment_merchant_gown-v1.png),
wave10,wave10/candidates-20260925/assets/pilot-reuse/pt_garment_work_tunic-v1.png,12dd9a29fcea65b6b89e72881c362d5ff9c3ed1059815d03aed8d75f825a11ae,rejected,wave10/v2-candidates-20260926/assets/layers/pt_garment_work_tunic.png,방식 전환: 레이어 합성 → 완성 초상 풀(판정 2026-09-26) · 이전 상태 superseded · pt_garment_work_tunic-v1.png와 동일 바이트(정본: wave5b/B/layers/pt_garment_work_tunic-v1.png),
wave10,wave10/candidates-20260925/assets/pilot-reuse/pt_hat_brim-v1.png,2ef24b95d8041cc67bd0e9e132d1d37930b1e231194dfb660c926421ac942e91,rejected,wave10/v2-candidates-20260926/assets/layers/pt_hat_brim.png,방식 전환: 레이어 합성 → 완성 초상 풀(판정 2026-09-26) · 이전 상태 superseded · pt_hat_brim-v1.png와 동일 바이트(정본: wave5b/B/layers/pt_hat_brim-v1.png),
wave10,wave10/candidates-20260925/assets/pilot-reuse/pt_hood-v1.png,61ed71ae27cd284ef9e6ae2ce19e749220c131794b5974eeff901d5578b79131,rejected,wave10/v2-candidates-20260926/assets/layers/pt_hood.png,방식 전환: 레이어 합성 → 완성 초상 풀(판정 2026-09-26) · 이전 상태 superseded · pt_hood-v1.png와 동일 바이트(정본: wave5b/B/layers/pt_hood-v1.png),
wave10,wave10/candidates-20260925/proofs/checks/01-faces-age.png,c50e227502f7a74b16ee8dcfa4bb3ead29cc9820aa3a64ab3f7b8ed74b53019c,rejected,,방식 전환: 레이어 합성 → 완성 초상 풀(판정 2026-09-26),
wave10,wave10/candidates-20260925/proofs/checks/02-hair.png,a795d7f4a6051de9bc9d4634e50ad0fac5063961ccbffb4b2fee42862a3fbbd5,rejected,,방식 전환: 레이어 합성 → 완성 초상 풀(판정 2026-09-26),
wave10,wave10/candidates-20260925/proofs/checks/03-beards.png,bb3d3f932eb79948486c61714ab93e7b498749cbd8bb8383e5b77f6457c0962d,rejected,,방식 전환: 레이어 합성 → 완성 초상 풀(판정 2026-09-26),
wave10,wave10/candidates-20260925/proofs/checks/04-random-24.png,bd6def9f3a2b2e6287f06d67dde7c79229f5d17bec2dc745d1837de2967516ae,rejected,,방식 전환: 레이어 합성 → 완성 초상 풀(판정 2026-09-26),
wave10,wave10/candidates-20260925/records/provenance/raw/pt_age_f_mature_a.png,9958521b78bf47baa367c70a0a49b6086bc151ddff36f414c7e2bda71f6681bb,rejected,wave10/v2-candidates-20260926/assets/layers/pt_age_f_mature_a.png,방식 전환: 레이어 합성 → 완성 초상 풀(판정 2026-09-26) · 이전 상태 superseded,
wave10,wave10/candidates-20260925/records/provenance/raw/pt_age_f_mature_b.png,d95090baf528cd218be41e39b5a32632c50b519c6b5f8242584217e19f9675d0,rejected,wave10/v2-candidates-20260926/assets/layers/pt_age_f_mature_b.png,방식 전환: 레이어 합성 → 완성 초상 풀(판정 2026-09-26) · 이전 상태 superseded,
wave10,wave10/candidates-20260925/records/provenance/raw/pt_age_f_old_a.png,e3b0798fed73d570d4ea04bb88296e5ef3f2b69aeef6d5b875b60192d7891a68,rejected,wave10/v2-candidates-20260926/assets/layers/pt_age_f_old_a.png,방식 전환: 레이어 합성 → 완성 초상 풀(판정 2026-09-26) · 이전 상태 superseded,
wave10,wave10/candidates-20260925/records/provenance/raw/pt_age_f_old_b.png,42d8deee71527809e4c135461943d550ee171ad9de65a0b8ddf52386c37c7b85,rejected,wave10/v2-candidates-20260926/assets/layers/pt_age_f_old_b.png,방식 전환: 레이어 합성 → 완성 초상 풀(판정 2026-09-26) · 이전 상태 superseded,
wave10,wave10/candidates-20260925/records/provenance/raw/pt_age_m_mature_a.png,9d20dc4b2e296e3199ab448873d6b807e14c6add95a9083e64264539b7657dfd,rejected,wave10/v2-candidates-20260926/assets/layers/pt_age_m_mature_a.png,방식 전환: 레이어 합성 → 완성 초상 풀(판정 2026-09-26) · 이전 상태 superseded,
wave10,wave10/candidates-20260925/records/provenance/raw/pt_age_m_mature_b.png,26b4c19ce9fb53ac6393af0b9219e444d12aa33f1956845111c0325869e5276a,rejected,wave10/v2-candidates-20260926/assets/layers/pt_age_m_mature_b.png,방식 전환: 레이어 합성 → 완성 초상 풀(판정 2026-09-26) · 이전 상태 superseded,
wave10,wave10/candidates-20260925/records/provenance/raw/pt_age_m_old_a.png,e80a10c5a0469ad5867e5934e1305553179e42f91d58418ae5b40f7be1b1245e,rejected,wave10/v2-candidates-20260926/assets/layers/pt_age_m_old_a.png,방식 전환: 레이어 합성 → 완성 초상 풀(판정 2026-09-26) · 이전 상태 superseded,
wave10,wave10/candidates-20260925/records/provenance/raw/pt_age_m_old_b.png,95452084e3376becf12ca8ae3e793e30885ba2de96054b936b020490c302d4de,rejected,wave10/v2-candidates-20260926/assets/layers/pt_age_m_old_b.png,방식 전환: 레이어 합성 → 완성 초상 풀(판정 2026-09-26) · 이전 상태 superseded,
wave10,wave10/candidates-20260925/records/provenance/raw/pt_beard_01.png,ecaf1859348a234baa7d56d8b6923f0529c766d7a77759cf35c4a5a2292e51d9,rejected,,방식 전환: 레이어 합성 → 완성 초상 풀(판정 2026-09-26) · 이전 상태 confirmed,
wave10,wave10/candidates-20260925/records/provenance/raw/pt_beard_02.png,499b37164b203ebc39d5cd657cbabb0b33558b93d27b7e93a676cbb5910f27fa,rejected,,방식 전환: 레이어 합성 → 완성 초상 풀(판정 2026-09-26) · 이전 상태 confirmed,
wave10,wave10/candidates-20260925/records/provenance/raw/pt_beard_03.png,99754c06dce3ab7bbda5226cd4c23856576766ed56fdbbbb524641dbb521cf1c,rejected,,방식 전환: 레이어 합성 → 완성 초상 풀(판정 2026-09-26) · 이전 상태 confirmed,
wave10,wave10/candidates-20260925/records/provenance/raw/pt_beard_04.png,fd9823725ca88d5b9a8c98ee2cdb6f548568fc725c16ba104718cc27eef7922f,rejected,,방식 전환: 레이어 합성 → 완성 초상 풀(판정 2026-09-26) · 이전 상태 confirmed,
wave10,wave10/candidates-20260925/records/provenance/raw/pt_beard_05.png,a8529cc993d7388d31a66efe7f91424c4da62520b1795bbdfe9351fad43cc662,rejected,,방식 전환: 레이어 합성 → 완성 초상 풀(판정 2026-09-26) · 이전 상태 confirmed,
wave10,wave10/candidates-20260925/records/provenance/raw/pt_beard_06.png,f2e9fb20af3761fd06c1c294adc0b3de547407f06ef88415a6435936952fb5c6,rejected,,방식 전환: 레이어 합성 → 완성 초상 풀(판정 2026-09-26) · 이전 상태 confirmed,
wave10,wave10/candidates-20260925/records/provenance/raw/pt_beard_07.png,893f44b958b3865b25786d0a7fe0a1d142cd44606a3b0d70a5d5d8157e398295,rejected,,방식 전환: 레이어 합성 → 완성 초상 풀(판정 2026-09-26) · 이전 상태 confirmed,
wave10,wave10/candidates-20260925/records/provenance/raw/pt_beard_08.png,3eeb950229ef44e1a1e826db0c5c960c96eda47f522258f511222e31f40ccd5c,rejected,,방식 전환: 레이어 합성 → 완성 초상 풀(판정 2026-09-26) · 이전 상태 confirmed,
wave10,wave10/candidates-20260925/records/provenance/raw/pt_beard_10.png,7de3c66581e181605cdbb3ac605eae983b2c116b2e5ac81cd915a170d185eddf,rejected,,방식 전환: 레이어 합성 → 완성 초상 풀(판정 2026-09-26) · 이전 상태 confirmed,
wave10,wave10/candidates-20260925/records/provenance/raw/pt_face_c_01.png,2faeaf3b3fa52227890585db8976342fd65bf4c04df25ada0a2951e85cedb222,rejected,wave10/v2-candidates-20260926/assets/layers/pt_face_c_01.png,방식 전환: 레이어 합성 → 완성 초상 풀(판정 2026-09-26) · 이전 상태 superseded,
wave10,wave10/candidates-20260925/records/provenance/raw/pt_face_c_02.png,4fb06497ee55a4af0d86a8a875e4e9d540453c36f521b6c27e95cba6c02d156b,rejected,wave10/v2-candidates-20260926/assets/layers/pt_face_c_02.png,방식 전환: 레이어 합성 → 완성 초상 풀(판정 2026-09-26) · 이전 상태 superseded,
wave10,wave10/candidates-20260925/records/provenance/raw/pt_face_c_03.png,489859ca705b5909cef4de01265152495dfb0ccf02c9a106153af1c2056d0aa5,rejected,wave10/v2-candidates-20260926/assets/layers/pt_face_c_03.png,방식 전환: 레이어 합성 → 완성 초상 풀(판정 2026-09-26) · 이전 상태 superseded,
wave10,wave10/candidates-20260925/records/provenance/raw/pt_face_c_04.png,2cc2a030b56714588b3780ac84caa79ce4ff4202187a9842c5d0f2c22fe5caa2,rejected,wave10/v2-candidates-20260926/assets/layers/pt_face_c_04.png,방식 전환: 레이어 합성 → 완성 초상 풀(판정 2026-09-26) · 이전 상태 superseded,
wave10,wave10/candidates-20260925/records/provenance/raw/pt_face_f_01.png,3ae088833c1c893bf097279ed6b8270643eee3090e635cde1ae9c1267ce57a17,rejected,wave10/v2-candidates-20260926/assets/layers/pt_face_f_01.png,방식 전환: 레이어 합성 → 완성 초상 풀(판정 2026-09-26) · 이전 상태 superseded,
wave10,wave10/candidates-20260925/records/provenance/raw/pt_face_f_02.png,98301303deda736d6e15e616f2436ea3eb1c2b73bfb262da2e35b49fbc6d9511,rejected,wave10/v2-candidates-20260926/assets/layers/pt_face_f_02.png,방식 전환: 레이어 합성 → 완성 초상 풀(판정 2026-09-26) · 이전 상태 superseded,
wave10,wave10/candidates-20260925/records/provenance/raw/pt_face_f_03.png,c959ae6fb2347d21d3ddc1a81d6588fd792cac91f8726690c4d76046b087860a,rejected,wave10/v2-candidates-20260926/assets/layers/pt_face_f_03.png,방식 전환: 레이어 합성 → 완성 초상 풀(판정 2026-09-26) · 이전 상태 superseded,
wave10,wave10/candidates-20260925/records/provenance/raw/pt_face_f_04.png,fc4b9ef278f5259c848355ad02913c6b36a44a1ce46b348fd1459a07ed306ae4,rejected,wave10/v2-candidates-20260926/assets/layers/pt_face_f_04.png,방식 전환: 레이어 합성 → 완성 초상 풀(판정 2026-09-26) · 이전 상태 superseded,
wave10,wave10/candidates-20260925/records/provenance/raw/pt_face_f_05.png,b40df2e19efb0d086b2afd4181d977defdaccd23877a3574965111d005b26c3c,rejected,wave10/v2-candidates-20260926/assets/layers/pt_face_f_05.png,방식 전환: 레이어 합성 → 완성 초상 풀(판정 2026-09-26) · 이전 상태 superseded,
wave10,wave10/candidates-20260925/records/provenance/raw/pt_face_f_06.png,f1c3c29a7ef2be665807ef838ae8514129cc25d506fdea1fc73784da751aebb7,rejected,wave10/v2-candidates-20260926/assets/layers/pt_face_f_06.png,방식 전환: 레이어 합성 → 완성 초상 풀(판정 2026-09-26) · 이전 상태 superseded,
wave10,wave10/candidates-20260925/records/provenance/raw/pt_face_f_07.png,626780f9257bf6ecbfbbdff448c85c4325d045bc6be09e4a6540e5635c7749a9,rejected,wave10/v2-candidates-20260926/assets/layers/pt_face_f_07.png,방식 전환: 레이어 합성 → 완성 초상 풀(판정 2026-09-26) · 이전 상태 superseded,
wave10,wave10/candidates-20260925/records/provenance/raw/pt_face_f_08.png,786e8b4736d4465d89bbbbf33527c5250935c49ec8ecdefee8063ef9fb90cb60,rejected,wave10/v2-candidates-20260926/assets/layers/pt_face_f_08.png,방식 전환: 레이어 합성 → 완성 초상 풀(판정 2026-09-26) · 이전 상태 superseded,
wave10,wave10/candidates-20260925/records/provenance/raw/pt_face_m_01.png,ffa3407a244c30bccf8805e67d70013e2870905b7d2889716adb021a99a1e7c9,rejected,wave10/v2-candidates-20260926/assets/layers/pt_face_m_01.png,방식 전환: 레이어 합성 → 완성 초상 풀(판정 2026-09-26) · 이전 상태 superseded,
wave10,wave10/candidates-20260925/records/provenance/raw/pt_face_m_02.png,c1e7758ed2bc57486fc50a7b09cb1c194f8adcb82a7a4b6d4be0519f72897490,rejected,wave10/v2-candidates-20260926/assets/layers/pt_face_m_02.png,방식 전환: 레이어 합성 → 완성 초상 풀(판정 2026-09-26) · 이전 상태 superseded,
wave10,wave10/candidates-20260925/records/provenance/raw/pt_face_m_03.png,180f872ca4795104608a0b40c53eac59dd75a2ff1373c53ca14eea88e0afbb3d,rejected,wave10/v2-candidates-20260926/assets/layers/pt_face_m_03.png,방식 전환: 레이어 합성 → 완성 초상 풀(판정 2026-09-26) · 이전 상태 superseded,
wave10,wave10/candidates-20260925/records/provenance/raw/pt_face_m_04.png,8756130e8cfd3230d5450caf9e5f831d84f65da3f199ac631efcdec5db77a31a,rejected,wave10/v2-candidates-20260926/assets/layers/pt_face_m_04.png,방식 전환: 레이어 합성 → 완성 초상 풀(판정 2026-09-26) · 이전 상태 superseded,
wave10,wave10/candidates-20260925/records/provenance/raw/pt_face_m_05.png,c4915b8ddf7e83282a2ee85e1e96ea47807c7c1202c358f3f6de845507f2b1a8,rejected,wave10/v2-candidates-20260926/assets/layers/pt_face_m_05.png,방식 전환: 레이어 합성 → 완성 초상 풀(판정 2026-09-26) · 이전 상태 superseded,
wave10,wave10/candidates-20260925/records/provenance/raw/pt_face_m_06.png,4341a403e7ea06eb933c2ac544c8e5350839080217815ce2b397cc685d0e46b4,rejected,wave10/v2-candidates-20260926/assets/layers/pt_face_m_06.png,방식 전환: 레이어 합성 → 완성 초상 풀(판정 2026-09-26) · 이전 상태 superseded,
wave10,wave10/candidates-20260925/records/provenance/raw/pt_face_m_07.png,e6a68688620fd179b08013d5ba5c47204bd489645915ff32d2d3f68aa075ce45,rejected,wave10/v2-candidates-20260926/assets/layers/pt_face_m_07.png,방식 전환: 레이어 합성 → 완성 초상 풀(판정 2026-09-26) · 이전 상태 superseded,
wave10,wave10/candidates-20260925/records/provenance/raw/pt_face_m_08.png,f8f0f4493f134bcb84a9d879e406553b7d224a033240a6795e5bdf0d36f08bb2,rejected,wave10/v2-candidates-20260926/assets/layers/pt_face_m_08.png,방식 전환: 레이어 합성 → 완성 초상 풀(판정 2026-09-26) · 이전 상태 superseded,
wave10,wave10/candidates-20260925/records/provenance/raw/pt_hair_f_01.png,576ad7a29fddb8bc40b9eb1726dca492e56d5c1fb72a67d0ab1e5cb1c2c37a67,rejected,,방식 전환: 레이어 합성 → 완성 초상 풀(판정 2026-09-26) · 이전 상태 confirmed,
wave10,wave10/candidates-20260925/records/provenance/raw/pt_hair_f_02.png,f3233b1053d5a4c2056c5c04026f6cfee3b1391f9905fad7911d38a56787b190,rejected,,방식 전환: 레이어 합성 → 완성 초상 풀(판정 2026-09-26) · 이전 상태 confirmed,
wave10,wave10/candidates-20260925/records/provenance/raw/pt_hair_f_03.png,2d13e05e882664af831980a5be192763b97aa88f48ed0c5a497a3df01329fd34,rejected,,방식 전환: 레이어 합성 → 완성 초상 풀(판정 2026-09-26) · 이전 상태 confirmed,
wave10,wave10/candidates-20260925/records/provenance/raw/pt_hair_f_04.png,95d41e83f4bec1474b88799656d2d76ba5535f0b7e2b85e7b3f8ffb1fd1dd689,rejected,,방식 전환: 레이어 합성 → 완성 초상 풀(판정 2026-09-26) · 이전 상태 confirmed,
wave10,wave10/candidates-20260925/records/provenance/raw/pt_hair_f_05.png,f986c2623ab52c3a53ac94ab08ce0f9e93e627d5e6b487c7b893ee7d79148e0f,rejected,,방식 전환: 레이어 합성 → 완성 초상 풀(판정 2026-09-26) · 이전 상태 confirmed,
wave10,wave10/candidates-20260925/records/provenance/raw/pt_hair_f_06.png,b538a95fbc76b2ac8f85146f8468af85941c85433401ae829388effa73116edc,rejected,,방식 전환: 레이어 합성 → 완성 초상 풀(판정 2026-09-26) · 이전 상태 confirmed,
wave10,wave10/candidates-20260925/records/provenance/raw/pt_hair_f_07.png,faa779e172658e7ae82968dc18fe89064ff310851a0f0579b34759663d2739c2,rejected,,방식 전환: 레이어 합성 → 완성 초상 풀(판정 2026-09-26) · 이전 상태 confirmed,
wave10,wave10/candidates-20260925/records/provenance/raw/pt_hair_f_08.png,0d3850a57cdcbf3b6c3466afe6343d480b96a83a4b91b52f93e38fc971665f82,rejected,,방식 전환: 레이어 합성 → 완성 초상 풀(판정 2026-09-26) · 이전 상태 confirmed,
wave10,wave10/candidates-20260925/records/provenance/raw/pt_hair_f_09.png,c6a73433d86491ebb9aac86adbe0760bcfbd16930d686c7a0547ecc46592f29b,rejected,,방식 전환: 레이어 합성 → 완성 초상 풀(판정 2026-09-26) · 이전 상태 confirmed,
wave10,wave10/candidates-20260925/records/provenance/raw/pt_hair_m_01.png,594c60bab1c82ed1b357a53302e461661ab7fc2868f8711baaf1b5661f6ce3e6,rejected,,방식 전환: 레이어 합성 → 완성 초상 풀(판정 2026-09-26) · 이전 상태 confirmed,
wave10,wave10/candidates-20260925/records/provenance/raw/pt_hair_m_02.png,5379bd9a8dc1ee855213f47ae82a70452bbe53ceb40ec9d9e266f390529e61a8,rejected,,방식 전환: 레이어 합성 → 완성 초상 풀(판정 2026-09-26) · 이전 상태 confirmed,
wave10,wave10/candidates-20260925/records/provenance/raw/pt_hair_m_03.png,c2183b600542085a9893f0263d30a468ae9cf2b702017412f327fa0b87e19440,rejected,,방식 전환: 레이어 합성 → 완성 초상 풀(판정 2026-09-26) · 이전 상태 confirmed,
wave10,wave10/candidates-20260925/records/provenance/raw/pt_hair_m_04.png,fd89d2e6a61a18da2aec2b285ea236801ae5eeebde85fae041f3c4891cd2b51d,rejected,,방식 전환: 레이어 합성 → 완성 초상 풀(판정 2026-09-26) · 이전 상태 confirmed,
wave10,wave10/candidates-20260925/records/provenance/raw/pt_hair_m_05.png,1aa0840727f244cea52bdbb7d3338cc1aa012db7f1b443627b53939576501821,rejected,,방식 전환: 레이어 합성 → 완성 초상 풀(판정 2026-09-26) · 이전 상태 confirmed,
wave10,wave10/candidates-20260925/records/provenance/raw/pt_hair_m_06.png,1048c095bbf94f358091a22676d1f47277cb239e4f034c41ed3477daf2e7a6f1,rejected,wave10/v2-candidates-20260926/assets/layers/pt_hair_m_06.png,방식 전환: 레이어 합성 → 완성 초상 풀(판정 2026-09-26) · 이전 상태 superseded,
wave10,wave10/candidates-20260925/records/provenance/raw/pt_hair_m_07.png,3c5f086726f0f03f339261345b3f2753b1f05f2dc64bae20c74d177a649f6d14,rejected,,방식 전환: 레이어 합성 → 완성 초상 풀(판정 2026-09-26) · 이전 상태 confirmed,
wave10,wave10/candidates-20260925/records/provenance/raw/pt_hair_m_08.png,f5b2c2bad9b65667a69fda71ac4d5d2f4ab843a67cbef0f8f1172c65f937872a,rejected,,방식 전환: 레이어 합성 → 완성 초상 풀(판정 2026-09-26) · 이전 상태 confirmed,
wave10,wave10/candidates-20260925/records/provenance/raw/pt_hair_m_09.png,d0f1e6f885787e94c4d7a14b584f3e58e9902eae1d5e20c3b645da8207b377e2,rejected,,방식 전환: 레이어 합성 → 완성 초상 풀(판정 2026-09-26) · 이전 상태 confirmed,
wave10,wave10/v2-candidates-20260926/assets/composites/01-faces-01.png,2dbabc8f96c905dfba8583c5d98a77d279b005c8c4d09ffb9a2a1275629a9ab1,rejected,,방식 전환: 레이어 합성 → 완성 초상 풀(판정 2026-09-26),
wave10,wave10/v2-candidates-20260926/assets/composites/01-faces-02.png,c77d73201991dfb9ae9b23023033da1351fd19edc416a79032b7ed8350a91f4a,rejected,,방식 전환: 레이어 합성 → 완성 초상 풀(판정 2026-09-26),
wave10,wave10/v2-candidates-20260926/assets/composites/01-faces-03.png,ba0b17438392c4c5480341a11bad04d5ba5f668afb46ab51391b067117cc3900,rejected,,방식 전환: 레이어 합성 → 완성 초상 풀(판정 2026-09-26),
wave10,wave10/v2-candidates-20260926/assets/composites/01-faces-04.png,53c46f5df8d01c884d758036e231dfc00d7027881189fc4ad80003a2604b26fe,rejected,,방식 전환: 레이어 합성 → 완성 초상 풀(판정 2026-09-26),
wave10,wave10/v2-candidates-20260926/assets/composites/01-faces-05.png,64bf6d3d21eec3460cdf1883c6e55c7342f0215bde7f2c4d670e4bf74f5614c1,rejected,,방식 전환: 레이어 합성 → 완성 초상 풀(판정 2026-09-26),
wave10,wave10/v2-candidates-20260926/assets/composites/01-faces-06.png,f7f01a40631a195bef7284cd29f72fb7b01e95f323726dbc84235ff66be12386,rejected,,방식 전환: 레이어 합성 → 완성 초상 풀(판정 2026-09-26),
wave10,wave10/v2-candidates-20260926/assets/composites/01-faces-07.png,e9c0c4e3a1a8dac08176c690f3e0bbce57e9610ca85046f1c79a51271e3022ab,rejected,,방식 전환: 레이어 합성 → 완성 초상 풀(판정 2026-09-26),
wave10,wave10/v2-candidates-20260926/assets/composites/01-faces-08.png,e5d70b3a62dd297d910691705bdf013183c37fd1e28d79dfc7bd15bc3ed82fce,rejected,,방식 전환: 레이어 합성 → 완성 초상 풀(판정 2026-09-26),
wave10,wave10/v2-candidates-20260926/assets/composites/01-faces-09.png,ca9105d80096b817038b7e114ff9d55b02a1eadfb9147214e1f4f110cc26421f,rejected,,방식 전환: 레이어 합성 → 완성 초상 풀(판정 2026-09-26),
wave10,wave10/v2-candidates-20260926/assets/composites/01-faces-10.png,28dad4b45f09ca5bf677efe0241030303788553ad735d1c422c2dcd2e9fa963a,rejected,,방식 전환: 레이어 합성 → 완성 초상 풀(판정 2026-09-26),
wave10,wave10/v2-candidates-20260926/assets/composites/01-faces-11.png,b9682a625f7c06a8ff58eff9aa366d433cde0bf75dea6f2825ce7d9228e4beff,rejected,,방식 전환: 레이어 합성 → 완성 초상 풀(판정 2026-09-26),
wave10,wave10/v2-candidates-20260926/assets/composites/01-faces-12.png,2743df97eabf95e1f552fcff22035cb2d116424ee9b473a6a5ebaf8d9f3d4a9a,rejected,,방식 전환: 레이어 합성 → 완성 초상 풀(판정 2026-09-26),
wave10,wave10/v2-candidates-20260926/assets/composites/01-faces-13.png,88604505c0c9778ee70d081c6414e5a65fe2fa355d679ad5db46f94e113ed4b3,rejected,,방식 전환: 레이어 합성 → 완성 초상 풀(판정 2026-09-26),
wave10,wave10/v2-candidates-20260926/assets/composites/01-faces-14.png,8338464432cde4f8fcaf42ec9de61f5758d477e9be03caab52e66033b2313beb,rejected,,방식 전환: 레이어 합성 → 완성 초상 풀(판정 2026-09-26),
wave10,wave10/v2-candidates-20260926/assets/composites/01-faces-15.png,02b722bbbd4e5bd979b0c71d72b7f5c2c2628af965e4cbb108672c2045471428,rejected,,방식 전환: 레이어 합성 → 완성 초상 풀(판정 2026-09-26),
wave10,wave10/v2-candidates-20260926/assets/composites/01-faces-16.png,6ac5df66497d0dc42aad59f72988af121542727a620e9fcff1186e800b72ff4c,rejected,,방식 전환: 레이어 합성 → 완성 초상 풀(판정 2026-09-26),
wave10,wave10/v2-candidates-20260926/assets/composites/01-faces-17.png,ada45993442a3d782f17b203f6a453e7e9c4c780ba83714b2ead9d0c40a45352,rejected,,방식 전환: 레이어 합성 → 완성 초상 풀(판정 2026-09-26),
wave10,wave10/v2-candidates-20260926/assets/composites/01-faces-18.png,cf4afbe93014f1cc2a4efdf3540a07d293cf2ac5f403fc2fbf8cf2d40c30049a,rejected,,방식 전환: 레이어 합성 → 완성 초상 풀(판정 2026-09-26),
wave10,wave10/v2-candidates-20260926/assets/composites/01-faces-19.png,6d2792e78ef6f7aeaa89e47b97ac37749cf9e083c8b328cdb3cb1c71f5629c62,rejected,,방식 전환: 레이어 합성 → 완성 초상 풀(판정 2026-09-26),
wave10,wave10/v2-candidates-20260926/assets/composites/01-faces-20.png,2884d6a4f876d51038727ec0bb8b66448a7dc3c7ed65d28eefb4df445b6cc9bd,rejected,,방식 전환: 레이어 합성 → 완성 초상 풀(판정 2026-09-26),
wave10,wave10/v2-candidates-20260926/assets/composites/02-combinations-01.png,e68bdfd2b87224f59e4d74461eae0e585840e9538f92b9a0116cff67c154e0d3,rejected,,방식 전환: 레이어 합성 → 완성 초상 풀(판정 2026-09-26),
wave10,wave10/v2-candidates-20260926/assets/composites/02-combinations-02.png,1537cf3ff6cb006b4dc132e98c3d4d45720597f2e958a1ca8fc33c562d0054bf,rejected,,방식 전환: 레이어 합성 → 완성 초상 풀(판정 2026-09-26),
wave10,wave10/v2-candidates-20260926/assets/composites/02-combinations-03.png,e43d13530a00775fe2e6623a65807e4557cbaba18670265e0ece9cf641d848f6,rejected,,방식 전환: 레이어 합성 → 완성 초상 풀(판정 2026-09-26),
wave10,wave10/v2-candidates-20260926/assets/composites/02-combinations-04.png,20e59d59ff0aeecc7e59982afb41b2d85f4c83a848ca0f9bfe95dae974128c81,rejected,,방식 전환: 레이어 합성 → 완성 초상 풀(판정 2026-09-26),
wave10,wave10/v2-candidates-20260926/assets/composites/02-combinations-05.png,706924c8d3fb5938818453c5ca4b3a49cca7559cbe83a933c9b5aaa187648db1,rejected,,방식 전환: 레이어 합성 → 완성 초상 풀(판정 2026-09-26),
wave10,wave10/v2-candidates-20260926/assets/composites/02-combinations-06.png,31adcfcd68ae70d71afc8b835b494952ae1353ac877171497ab6662ec30491d9,rejected,,방식 전환: 레이어 합성 → 완성 초상 풀(판정 2026-09-26),
wave10,wave10/v2-candidates-20260926/assets/composites/02-combinations-07.png,c053bb13f03ed1585cfb17e414f854ccd29bbbce58f350b71fdba1226d153c5c,rejected,,방식 전환: 레이어 합성 → 완성 초상 풀(판정 2026-09-26),
wave10,wave10/v2-candidates-20260926/assets/composites/02-combinations-08.png,5a32a1c1d8882f992b83c9869f8457c5cadd4f248de755fe32f4640b688774e7,rejected,,방식 전환: 레이어 합성 → 완성 초상 풀(판정 2026-09-26),
wave10,wave10/v2-candidates-20260926/assets/composites/02-combinations-09.png,86387b03f461ee5f1206b427767fdb70ac56e7e8bb3f43f99a60da8503beadff,rejected,,방식 전환: 레이어 합성 → 완성 초상 풀(판정 2026-09-26),
wave10,wave10/v2-candidates-20260926/assets/composites/02-combinations-10.png,6ef89096fffe2d7b410f6d8df6fcb6cc165a29f6c794820d14095c4135cb7dc6,rejected,,방식 전환: 레이어 합성 → 완성 초상 풀(판정 2026-09-26),
wave10,wave10/v2-candidates-20260926/assets/composites/02-combinations-11.png,089061480e38545cdf523923406b059d8dd3ecd9d242e9d50027b472f27507a7,rejected,,방식 전환: 레이어 합성 → 완성 초상 풀(판정 2026-09-26),
wave10,wave10/v2-candidates-20260926/assets/composites/02-combinations-12.png,1b7268164f51ad5dd5e7377808e406d732cc4955f0d1c43972bc61591d494507,rejected,,방식 전환: 레이어 합성 → 완성 초상 풀(판정 2026-09-26),
wave10,wave10/v2-candidates-20260926/assets/composites/02-combinations-13.png,e89c421831be383878ef2d92c10836aaad7f736a2ddb4d6b051e0d3ca49536d6,rejected,,방식 전환: 레이어 합성 → 완성 초상 풀(판정 2026-09-26),
wave10,wave10/v2-candidates-20260926/assets/composites/02-combinations-14.png,a141d42cc9155151193600712fd442502893ae39969e976f0dc1925d1d2e712e,rejected,,방식 전환: 레이어 합성 → 완성 초상 풀(판정 2026-09-26),
wave10,wave10/v2-candidates-20260926/assets/composites/02-combinations-15.png,665f193804ce2da5654aef89bdcbb2ab820a848952d81115ab978af14c91d7a8,rejected,,방식 전환: 레이어 합성 → 완성 초상 풀(판정 2026-09-26),
wave10,wave10/v2-candidates-20260926/assets/composites/02-combinations-16.png,e7a0472451a7f376f9b92bfcd6d7f1e06cb72eb7143fb768eb22033b692906e8,rejected,,방식 전환: 레이어 합성 → 완성 초상 풀(판정 2026-09-26),
wave10,wave10/v2-candidates-20260926/assets/composites/02-combinations-17.png,fb5ba306b2197982f3b9dc4c0f72f190c6f1d1c058400bf2e418011b81dda748,rejected,,방식 전환: 레이어 합성 → 완성 초상 풀(판정 2026-09-26),
wave10,wave10/v2-candidates-20260926/assets/composites/02-combinations-18.png,82ec1bf1804e4ad2b425971a64b59a4f0b2ad1c82e2ccfe19552b189b1dba1f0,rejected,,방식 전환: 레이어 합성 → 완성 초상 풀(판정 2026-09-26),
wave10,wave10/v2-candidates-20260926/assets/composites/02-combinations-19.png,b23d34ea674f2134e12709881ff4ed7071d3947027072c940f2690561bdf411d,rejected,,방식 전환: 레이어 합성 → 완성 초상 풀(판정 2026-09-26),
wave10,wave10/v2-candidates-20260926/assets/composites/02-combinations-20.png,e83c80a2b0b57ec2e8df58d046903d1a636df84fc512784b29b19751d204ae0e,rejected,,방식 전환: 레이어 합성 → 완성 초상 풀(판정 2026-09-26),
wave10,wave10/v2-candidates-20260926/assets/composites/02-combinations-21.png,414ce6a1b37711bf911c05c63687ecdf96ece19a0804ceb548bde479f29e245f,rejected,,방식 전환: 레이어 합성 → 완성 초상 풀(판정 2026-09-26),
wave10,wave10/v2-candidates-20260926/assets/composites/02-combinations-22.png,ef81b6f61efd2e0b0f8e4bd1cae50ffa05609f74beaa79b5195f9348b58b542e,rejected,,방식 전환: 레이어 합성 → 완성 초상 풀(판정 2026-09-26),
wave10,wave10/v2-candidates-20260926/assets/composites/02-combinations-23.png,d8124ad1c62acf99da016ae475b67c59f30345fcba4bc01c275e12d7dc2b9b58,rejected,,방식 전환: 레이어 합성 → 완성 초상 풀(판정 2026-09-26),
wave10,wave10/v2-candidates-20260926/assets/composites/02-combinations-24.png,b0a18de9617c05b6085f337a188a23a33cd45fe52955b88533f52526edd50d02,rejected,,방식 전환: 레이어 합성 → 완성 초상 풀(판정 2026-09-26),
wave10,wave10/v2-candidates-20260926/assets/composites/02-combinations-25.png,de672297aa487f19cd001956eecebf16245d51c77210df8273b695d3bf162352,rejected,,방식 전환: 레이어 합성 → 완성 초상 풀(판정 2026-09-26),
wave10,wave10/v2-candidates-20260926/assets/composites/02-combinations-26.png,d0929730844ab2b79ddd48d4195f0384bfd13b0536b3e5d8689745c87d178f31,rejected,,방식 전환: 레이어 합성 → 완성 초상 풀(판정 2026-09-26),
wave10,wave10/v2-candidates-20260926/assets/composites/02-combinations-27.png,cb71eb99d9bfac6e35949b1d5aa1f4b0fd375b7810bef8f0446ecc0662dfb8d2,rejected,,방식 전환: 레이어 합성 → 완성 초상 풀(판정 2026-09-26),
wave10,wave10/v2-candidates-20260926/assets/composites/02-combinations-28.png,d0c74c520e77d435e563bf97c0d14535fe45bfd06446e25fd42c3ef7d08605fc,rejected,,방식 전환: 레이어 합성 → 완성 초상 풀(판정 2026-09-26),
wave10,wave10/v2-candidates-20260926/assets/composites/02-combinations-29.png,def8916ae80da6f2401cf7187d9727ac9f6de31a44bc5b3be505efa73158ade2,rejected,,방식 전환: 레이어 합성 → 완성 초상 풀(판정 2026-09-26),
wave10,wave10/v2-candidates-20260926/assets/composites/02-combinations-30.png,45ec9ff877f2130068dab816638d60336e50d0241d93273e48283f5af30e4da3,rejected,,방식 전환: 레이어 합성 → 완성 초상 풀(판정 2026-09-26),
wave10,wave10/v2-candidates-20260926/assets/composites/02-combinations-31.png,0d19f0b11dc548a858abd54c9eb45f6897a3b0f336cc3dcb3c0e0c27f80c7230,rejected,,방식 전환: 레이어 합성 → 완성 초상 풀(판정 2026-09-26),
wave10,wave10/v2-candidates-20260926/assets/composites/02-combinations-32.png,7b46598b8c75e1ea0d4836e516770dfb2ff5398b77a9a419a51f4c2f91366c2e,rejected,,방식 전환: 레이어 합성 → 완성 초상 풀(판정 2026-09-26),
wave10,wave10/v2-candidates-20260926/assets/composites/02-combinations-33.png,8fe594b05af8549959f1458a2ae0ec28854804632eb8d6b67d3cc5566493dea9,rejected,,방식 전환: 레이어 합성 → 완성 초상 풀(판정 2026-09-26),
wave10,wave10/v2-candidates-20260926/assets/composites/02-combinations-34.png,05c8f2471d940e58bd2986dbb17eced603f50eae8cc5ea2b7f7b5dd3e1c8e93d,rejected,,방식 전환: 레이어 합성 → 완성 초상 풀(판정 2026-09-26),
wave10,wave10/v2-candidates-20260926/assets/composites/02-combinations-35.png,ab725996162b0763c5ad9a204e43add4b5cd4313b9c31165f279fc1d507e057d,rejected,,방식 전환: 레이어 합성 → 완성 초상 풀(판정 2026-09-26),
wave10,wave10/v2-candidates-20260926/assets/composites/02-combinations-36.png,465f35f28d967ead0e690e4b0727842aa1071641899874930a8db16fbff545cb,rejected,,방식 전환: 레이어 합성 → 완성 초상 풀(판정 2026-09-26),
wave10,wave10/v2-candidates-20260926/assets/composites/03-aging-01.png,5c7579d1c1d2cba7a9be3ea6ae362211ab05f2f30fa6e6cf9f7e3428e1060466,rejected,,방식 전환: 레이어 합성 → 완성 초상 풀(판정 2026-09-26),
wave10,wave10/v2-candidates-20260926/assets/composites/03-aging-02.png,fb5ba306b2197982f3b9dc4c0f72f190c6f1d1c058400bf2e418011b81dda748,rejected,,방식 전환: 레이어 합성 → 완성 초상 풀(판정 2026-09-26) · 02-combinations-17.png와 동일 바이트(정본: wave10/v2-candidates-20260926/assets/composites/02-combinations-17.png),
wave10,wave10/v2-candidates-20260926/assets/composites/03-aging-03.png,c2f287f5e8cab02cffb5a392064ff39f77646485e9e136b6e4b5bf6880c033a9,rejected,,방식 전환: 레이어 합성 → 완성 초상 풀(판정 2026-09-26),
wave10,wave10/v2-candidates-20260926/assets/composites/03-aging-04.png,92ec49d59cdc1cc5680f1f75c2dc096506929ed3c3009ff012be885da5d81f76,rejected,,방식 전환: 레이어 합성 → 완성 초상 풀(판정 2026-09-26),
wave10,wave10/v2-candidates-20260926/assets/composites/03-aging-05.png,1af9bf6016c3d97669ab5cb3418619dfb30d86d3e211422a162ffc0d4ceea5fe,rejected,,방식 전환: 레이어 합성 → 완성 초상 풀(판정 2026-09-26),
wave10,wave10/v2-candidates-20260926/assets/composites/03-aging-06.png,706924c8d3fb5938818453c5ca4b3a49cca7559cbe83a933c9b5aaa187648db1,rejected,,방식 전환: 레이어 합성 → 완성 초상 풀(판정 2026-09-26) · 02-combinations-05.png와 동일 바이트(정본: wave10/v2-candidates-20260926/assets/composites/02-combinations-05.png),
wave10,wave10/v2-candidates-20260926/assets/composites/03-aging-07.png,49adc8fc3f100b8c4c8bbb1ddb49812dd03ce5371902aff671591980bdaa7c60,rejected,,방식 전환: 레이어 합성 → 완성 초상 풀(판정 2026-09-26),
wave10,wave10/v2-candidates-20260926/assets/composites/03-aging-08.png,4af9152dab52da0a9b726751af49933fbc749503b5b4b902a9a28c30ad37a78b,rejected,,방식 전환: 레이어 합성 → 완성 초상 풀(판정 2026-09-26),
wave10,wave10/v2-candidates-20260926/assets/composites/04-random-01.png,77dd8cec0c9a8ca52376d5a1e66d5ad03d3d187986c27e87292470f19e74c43d,rejected,,방식 전환: 레이어 합성 → 완성 초상 풀(판정 2026-09-26),
wave10,wave10/v2-candidates-20260926/assets/composites/04-random-02.png,8efdb54e11699e0d476c2b83a21767b26ad1eb3c1d2a9c58b816e0437035a736,rejected,,방식 전환: 레이어 합성 → 완성 초상 풀(판정 2026-09-26),
wave10,wave10/v2-candidates-20260926/assets/composites/04-random-03.png,e0eb0dd080c89ca2626540ecaab532c06be694982f4990af0055a1846c708f0e,rejected,,방식 전환: 레이어 합성 → 완성 초상 풀(판정 2026-09-26),
wave10,wave10/v2-candidates-20260926/assets/composites/04-random-04.png,13e27d3df003274a15a767f2f40f7d0ad1b1fcacc5e889e84bc89130299f1917,rejected,,방식 전환: 레이어 합성 → 완성 초상 풀(판정 2026-09-26),
wave10,wave10/v2-candidates-20260926/assets/composites/04-random-05.png,27e8466fdd90fd9d12b1d84de728c2e1c85d82abe97d4949151998c50dec7a81,rejected,,방식 전환: 레이어 합성 → 완성 초상 풀(판정 2026-09-26),
wave10,wave10/v2-candidates-20260926/assets/composites/04-random-06.png,01fe082f9bcb3a9a462d06380bc807a3a70950afd15181d29511a728c0652f02,rejected,,방식 전환: 레이어 합성 → 완성 초상 풀(판정 2026-09-26),
wave10,wave10/v2-candidates-20260926/assets/composites/04-random-07.png,a56ad411a8fb2f10891c0f1d4a56ea4e4701818d18fe4c3d2a72fa0050a44db4,rejected,,방식 전환: 레이어 합성 → 완성 초상 풀(판정 2026-09-26),
wave10,wave10/v2-candidates-20260926/assets/composites/04-random-08.png,bd582e25ebe8f79823aada9dbd16744a6368a68fa55a6365a0f4c7343ac3b394,rejected,,방식 전환: 레이어 합성 → 완성 초상 풀(판정 2026-09-26),
wave10,wave10/v2-candidates-20260926/assets/composites/04-random-09.png,d01d3a852b4e81d0c752de3290e29205a3aa7a2edad2cbee4ddb764403b5e829,rejected,,방식 전환: 레이어 합성 → 완성 초상 풀(판정 2026-09-26),
wave10,wave10/v2-candidates-20260926/assets/composites/04-random-10.png,2bbe567f249438db485a1229a44e6a2d84b32a27a4d580caf7c5c696edcef694,rejected,,방식 전환: 레이어 합성 → 완성 초상 풀(판정 2026-09-26),
wave10,wave10/v2-candidates-20260926/assets/composites/04-random-11.png,9b90eee0ad15760caeb00dcba29144a50886fadb8055f5b893bb9a81a51b6a93,rejected,,방식 전환: 레이어 합성 → 완성 초상 풀(판정 2026-09-26),
wave10,wave10/v2-candidates-20260926/assets/composites/04-random-12.png,961ffd712d2114df293095f4629e854084f603affbe96ab3d1418711b7347578,rejected,,방식 전환: 레이어 합성 → 완성 초상 풀(판정 2026-09-26),
wave10,wave10/v2-candidates-20260926/assets/composites/04-random-13.png,eeb311fe198b08369752ba3c1cd7f5dc4972f78c8f3bce6f12fd619eb76da0ff,rejected,,방식 전환: 레이어 합성 → 완성 초상 풀(판정 2026-09-26),
wave10,wave10/v2-candidates-20260926/assets/composites/04-random-14.png,e04a4eb78ac1bc654963a27e6c14466d98914772cedc353646877d385d81d436,rejected,,방식 전환: 레이어 합성 → 완성 초상 풀(판정 2026-09-26),
wave10,wave10/v2-candidates-20260926/assets/composites/04-random-15.png,ab83335992a4b050901e4b0e9e364d6c018919938ddee2dc95e9d4eb10f73c0c,rejected,,방식 전환: 레이어 합성 → 완성 초상 풀(판정 2026-09-26),
wave10,wave10/v2-candidates-20260926/assets/composites/04-random-16.png,7298ebdb8b4b4fb2cb107650e94a527067ce72b7a810a17e104be7d07b548aae,rejected,,방식 전환: 레이어 합성 → 완성 초상 풀(판정 2026-09-26),
wave10,wave10/v2-candidates-20260926/assets/composites/04-random-17.png,4460fa884ed0039bb5c94b6d7880bfe673fc57c472120705448e3d1bb7933b8c,rejected,,방식 전환: 레이어 합성 → 완성 초상 풀(판정 2026-09-26),
wave10,wave10/v2-candidates-20260926/assets/composites/04-random-18.png,3ee4da0470140a03e9ac04ee89db27860e29672552cef2fd6a3d1898d9663b6a,rejected,,방식 전환: 레이어 합성 → 완성 초상 풀(판정 2026-09-26),
wave10,wave10/v2-candidates-20260926/assets/composites/04-random-19.png,1d19ec6e0795a20cdd081e78b38f78f25c54d88766e62c6709f251fe3eab1f13,rejected,,방식 전환: 레이어 합성 → 완성 초상 풀(판정 2026-09-26),
wave10,wave10/v2-candidates-20260926/assets/composites/04-random-20.png,57a31ceca0894489476fb25faccb3e26ef34b3b76ca646cb7f2f975bfb9b1b50,rejected,,방식 전환: 레이어 합성 → 완성 초상 풀(판정 2026-09-26),
wave10,wave10/v2-candidates-20260926/assets/composites/04-random-21.png,b0b4c766aa0e573ae65fa0ac5b166226f06282e3a2f4708fe5d6c3c8f39f11ac,rejected,,방식 전환: 레이어 합성 → 완성 초상 풀(판정 2026-09-26),
wave10,wave10/v2-candidates-20260926/assets/composites/04-random-22.png,64866af55d3fc6c5e03ff5aa7e91577b0c6388f102e68a8f5a5a4b887c41547f,rejected,,방식 전환: 레이어 합성 → 완성 초상 풀(판정 2026-09-26),
wave10,wave10/v2-candidates-20260926/assets/composites/04-random-23.png,f6febb34bcb7a708f18fd70b79ebcb338bc72ba7a8b305aeaa49e8400b8e2a1d,rejected,,방식 전환: 레이어 합성 → 완성 초상 풀(판정 2026-09-26),
wave10,wave10/v2-candidates-20260926/assets/composites/04-random-24.png,7aa77941df92a872ac9b53b5ab5a190cfc10cdc3c7c1086cc9c84e57ec0553ce,rejected,,방식 전환: 레이어 합성 → 완성 초상 풀(판정 2026-09-26),
wave10,wave10/v2-candidates-20260926/assets/composites/04-random-25.png,7e9b50b6bdc62057eba4f8c16351788ea91c76f548afb6b6a57808394361a9d2,rejected,,방식 전환: 레이어 합성 → 완성 초상 풀(판정 2026-09-26),
wave10,wave10/v2-candidates-20260926/assets/composites/04-random-26.png,f8f4eab06bff42b7d5587f2127a8d24e89f4809738a84d4a0961c3521d3e668e,rejected,,방식 전환: 레이어 합성 → 완성 초상 풀(판정 2026-09-26),
wave10,wave10/v2-candidates-20260926/assets/composites/04-random-27.png,75c950c97f85577a6d80095afe864f4ec76cdb0225c1ecf4af5eb9d5cb7bca74,rejected,,방식 전환: 레이어 합성 → 완성 초상 풀(판정 2026-09-26),
wave10,wave10/v2-candidates-20260926/assets/composites/04-random-28.png,9b277937490e4ee7aea3b265ea86ebb0e10c9c372e1dc446af21be4302782d98,rejected,,방식 전환: 레이어 합성 → 완성 초상 풀(판정 2026-09-26),
wave10,wave10/v2-candidates-20260926/assets/composites/04-random-29.png,76ebacb5c1b967e7ac702b817309a2bdcf1ff5fb306a5a1101fbbb9e8605214e,rejected,,방식 전환: 레이어 합성 → 완성 초상 풀(판정 2026-09-26),
wave10,wave10/v2-candidates-20260926/assets/composites/04-random-30.png,8831ce35bec487598013755880e3d9959f762346a3fa881a371b9c9eab2ea6a4,rejected,,방식 전환: 레이어 합성 → 완성 초상 풀(판정 2026-09-26),
wave10,wave10/v2-candidates-20260926/assets/composites/04-random-31.png,14f5195af5f3448a01ed86a3be45668183c18750e6f27e5e2073793bff631127,rejected,,방식 전환: 레이어 합성 → 완성 초상 풀(판정 2026-09-26),
wave10,wave10/v2-candidates-20260926/assets/composites/04-random-32.png,20049b04c7a652171fa8216f32d53d436d7ab140fa5356b8e9cdb361a2c55325,rejected,,방식 전환: 레이어 합성 → 완성 초상 풀(판정 2026-09-26),
wave10,wave10/v2-candidates-20260926/assets/composites/04-random-33.png,497fc65390651f572c679d265b4b6cdcf2c99d6af5b62795f79d6a910ef4c28f,rejected,,방식 전환: 레이어 합성 → 완성 초상 풀(판정 2026-09-26),
wave10,wave10/v2-candidates-20260926/assets/composites/04-random-34.png,905fcd8c25ccd35e81e5a91bb3456f7c3df4769af9fe475acdf624f53068d705,rejected,,방식 전환: 레이어 합성 → 완성 초상 풀(판정 2026-09-26),
wave10,wave10/v2-candidates-20260926/assets/composites/04-random-35.png,2a0d1c5625554367e4d257ac33afd28e91843028f71611cf2486d16d799d1365,rejected,,방식 전환: 레이어 합성 → 완성 초상 풀(판정 2026-09-26),
wave10,wave10/v2-candidates-20260926/assets/composites/04-random-36.png,8ab4b438a90f37145839c270067dcc97fee69e8534007ddc26dbf077942bd51b,rejected,,방식 전환: 레이어 합성 → 완성 초상 풀(판정 2026-09-26),
wave10,wave10/v2-candidates-20260926/assets/composites/04-random-37.png,4d7b49bf50fd2348ab0b411af62fee14a40daa5b76819a2ad1a5fc7cf71d2846,rejected,,방식 전환: 레이어 합성 → 완성 초상 풀(판정 2026-09-26),
wave10,wave10/v2-candidates-20260926/assets/composites/04-random-38.png,2380c2659df0808ed3188db5320480382133bf2109b4d6d38db2c838faad4232,rejected,,방식 전환: 레이어 합성 → 완성 초상 풀(판정 2026-09-26),
wave10,wave10/v2-candidates-20260926/assets/composites/04-random-39.png,b28c4c17e3d17015a3ec7bec9d98cf8d71ae0111666a2fbc533b4756ac23f5d9,rejected,,방식 전환: 레이어 합성 → 완성 초상 풀(판정 2026-09-26),
wave10,wave10/v2-candidates-20260926/assets/composites/04-random-40.png,6e2d95a57c8042f1673f5a8a294c09d421cddf49ab4830c0aa26380579c5da2f,rejected,,방식 전환: 레이어 합성 → 완성 초상 풀(판정 2026-09-26),
wave10,wave10/v2-candidates-20260926/assets/composites/04-random-41.png,08b85c63c4f989c137e0136cda5c2bd5cdf40a371c4962cce630182799d4586e,rejected,,방식 전환: 레이어 합성 → 완성 초상 풀(판정 2026-09-26),
wave10,wave10/v2-candidates-20260926/assets/composites/04-random-42.png,47b54da079068dba00988c91c6b611f9ad230520ce5d6fd490128c818c7e7a30,rejected,,방식 전환: 레이어 합성 → 완성 초상 풀(판정 2026-09-26),
wave10,wave10/v2-candidates-20260926/assets/composites/04-random-43.png,14f5fd1f6fbac4e520eca7ebeaab48f7e4dfeff414270dd8087337cc478cd3ce,rejected,,방식 전환: 레이어 합성 → 완성 초상 풀(판정 2026-09-26),
wave10,wave10/v2-candidates-20260926/assets/composites/04-random-44.png,cfdf928392f80d9cbee937672648e9efaf2e4c7caf7b401fa434b8bd4aba1fda,rejected,,방식 전환: 레이어 합성 → 완성 초상 풀(판정 2026-09-26),
wave10,wave10/v2-candidates-20260926/assets/composites/04-random-45.png,d429a66464d8aa6dcd3365e28cbbe5b7a7778c74f5cc412c11f13eeeb9393400,rejected,,방식 전환: 레이어 합성 → 완성 초상 풀(판정 2026-09-26),
wave10,wave10/v2-candidates-20260926/assets/composites/04-random-46.png,87a0c162c534004954525ec78b10fba131c868acfa926a9888e511905479ced5,rejected,,방식 전환: 레이어 합성 → 완성 초상 풀(판정 2026-09-26),
wave10,wave10/v2-candidates-20260926/assets/composites/04-random-47.png,a4b14e1d522c6782874edf528e7dd458eb9f2228ca38e3fd973313242dc95779,rejected,,방식 전환: 레이어 합성 → 완성 초상 풀(판정 2026-09-26),
wave10,wave10/v2-candidates-20260926/assets/composites/04-random-48.png,8122f627a78b9eb543692fd2c60df6389726460709f501b40436cfb7020bd108,rejected,,방식 전환: 레이어 합성 → 완성 초상 풀(판정 2026-09-26),
wave10,wave10/v2-candidates-20260926/assets/derived-composition-layers/02-combinations-10-front.png,2ce4c90728018847829a54b9d90b0abb174e548cb21183fc2d6cecfd3bbb6df9,rejected,,방식 전환: 레이어 합성 → 완성 초상 풀(판정 2026-09-26),
wave10,wave10/v2-candidates-20260926/assets/derived-composition-layers/02-combinations-10-rear.png,8a9f51846a07ea1f5030bbd59f81f96530a93428054bb53aef0ff1dfe44c80cb,rejected,,방식 전환: 레이어 합성 → 완성 초상 풀(판정 2026-09-26),
wave10,wave10/v2-candidates-20260926/assets/derived-composition-layers/02-combinations-12-front.png,013833d454ecf2e49fa27aee497e62c8d73c5f01aecdd842a50e56c601ed722f,rejected,,방식 전환: 레이어 합성 → 완성 초상 풀(판정 2026-09-26),
wave10,wave10/v2-candidates-20260926/assets/derived-composition-layers/02-combinations-12-rear.png,5e0716c82be893726485be0dede5dd55e07f732c4b6c65fa4471aa496cbaa84a,rejected,,방식 전환: 레이어 합성 → 완성 초상 풀(판정 2026-09-26),
wave10,wave10/v2-candidates-20260926/assets/derived-composition-layers/02-combinations-15-front.png,ef4f0c2e62a097407d6b4bdc45c3e914ba131dc079a6d0cf32b2169440c28d01,rejected,,방식 전환: 레이어 합성 → 완성 초상 풀(판정 2026-09-26),
wave10,wave10/v2-candidates-20260926/assets/derived-composition-layers/02-combinations-15-rear.png,4325d68f9a4b1a22bf0ee25c6fe7e808d062eb233868196fe475e844acb9f15b,rejected,,방식 전환: 레이어 합성 → 완성 초상 풀(판정 2026-09-26),
wave10,wave10/v2-candidates-20260926/assets/derived-composition-layers/02-combinations-16-front.png,1d1a76079da57c5b3a2fba853abc7e03aa898bdf3b7e35192312139bd613112d,rejected,,방식 전환: 레이어 합성 → 완성 초상 풀(판정 2026-09-26),
wave10,wave10/v2-candidates-20260926/assets/derived-composition-layers/02-combinations-16-rear.png,ff9f6ea83c197dd1a0ea07ff928db4502b43c47f97d6446f28f9441f507aaa84,rejected,,방식 전환: 레이어 합성 → 완성 초상 풀(판정 2026-09-26),
wave10,wave10/v2-candidates-20260926/assets/derived-composition-layers/02-combinations-18-front.png,3616a8e3ee89eef50a7c8cc3873073496da09c0b187cdb3992b6708748aacfbb,rejected,,방식 전환: 레이어 합성 → 완성 초상 풀(판정 2026-09-26),
wave10,wave10/v2-candidates-20260926/assets/derived-composition-layers/02-combinations-18-rear.png,c5ce6f7723fb8e5aa4899addf44f7fe0aebe0cfe96fffb0ed561894ffcb26c65,rejected,,방식 전환: 레이어 합성 → 완성 초상 풀(판정 2026-09-26),
wave10,wave10/v2-candidates-20260926/assets/derived-composition-layers/02-combinations-21-front.png,ef4f0c2e62a097407d6b4bdc45c3e914ba131dc079a6d0cf32b2169440c28d01,rejected,,방식 전환: 레이어 합성 → 완성 초상 풀(판정 2026-09-26) · 02-combinations-15-front.png와 동일 바이트(정본: wave10/v2-candidates-20260926/assets/derived-composition-layers/02-combinations-15-front.png),
wave10,wave10/v2-candidates-20260926/assets/derived-composition-layers/02-combinations-21-rear.png,4325d68f9a4b1a22bf0ee25c6fe7e808d062eb233868196fe475e844acb9f15b,rejected,,방식 전환: 레이어 합성 → 완성 초상 풀(판정 2026-09-26) · 02-combinations-15-rear.png와 동일 바이트(정본: wave10/v2-candidates-20260926/assets/derived-composition-layers/02-combinations-15-rear.png),
wave10,wave10/v2-candidates-20260926/assets/derived-composition-layers/02-combinations-22-front.png,1d1a76079da57c5b3a2fba853abc7e03aa898bdf3b7e35192312139bd613112d,rejected,,방식 전환: 레이어 합성 → 완성 초상 풀(판정 2026-09-26) · 02-combinations-16-front.png와 동일 바이트(정본: wave10/v2-candidates-20260926/assets/derived-composition-layers/02-combinations-16-front.png),
wave10,wave10/v2-candidates-20260926/assets/derived-composition-layers/02-combinations-22-rear.png,ff9f6ea83c197dd1a0ea07ff928db4502b43c47f97d6446f28f9441f507aaa84,rejected,,방식 전환: 레이어 합성 → 완성 초상 풀(판정 2026-09-26) · 02-combinations-16-rear.png와 동일 바이트(정본: wave10/v2-candidates-20260926/assets/derived-composition-layers/02-combinations-16-rear.png),
wave10,wave10/v2-candidates-20260926/assets/derived-composition-layers/02-combinations-24-front.png,3616a8e3ee89eef50a7c8cc3873073496da09c0b187cdb3992b6708748aacfbb,rejected,,방식 전환: 레이어 합성 → 완성 초상 풀(판정 2026-09-26) · 02-combinations-18-front.png와 동일 바이트(정본: wave10/v2-candidates-20260926/assets/derived-composition-layers/02-combinations-18-front.png),
wave10,wave10/v2-candidates-20260926/assets/derived-composition-layers/02-combinations-24-rear.png,c5ce6f7723fb8e5aa4899addf44f7fe0aebe0cfe96fffb0ed561894ffcb26c65,rejected,,방식 전환: 레이어 합성 → 완성 초상 풀(판정 2026-09-26) · 02-combinations-18-rear.png와 동일 바이트(정본: wave10/v2-candidates-20260926/assets/derived-composition-layers/02-combinations-18-rear.png),
wave10,wave10/v2-candidates-20260926/assets/derived-composition-layers/02-combinations-25-child-collar.png,eaf65e41492b86f3962f81efe9d8649bff1f52461cb50032ab87e31939ae14b3,rejected,,방식 전환: 레이어 합성 → 완성 초상 풀(판정 2026-09-26),
wave10,wave10/v2-candidates-20260926/assets/derived-composition-layers/02-combinations-26-child-collar.png,eaf65e41492b86f3962f81efe9d8649bff1f52461cb50032ab87e31939ae14b3,rejected,,방식 전환: 레이어 합성 → 완성 초상 풀(판정 2026-09-26) · 02-combinations-25-child-collar.png와 동일 바이트(정본: wave10/v2-candidates-20260926/assets/derived-composition-layers/02-combinations-25-child-collar.png),
wave10,wave10/v2-candidates-20260926/assets/derived-composition-layers/02-combinations-27-child-collar.png,eaf65e41492b86f3962f81efe9d8649bff1f52461cb50032ab87e31939ae14b3,rejected,,방식 전환: 레이어 합성 → 완성 초상 풀(판정 2026-09-26) · 02-combinations-25-child-collar.png와 동일 바이트(정본: wave10/v2-candidates-20260926/assets/derived-composition-layers/02-combinations-25-child-collar.png),
wave10,wave10/v2-candidates-20260926/assets/derived-composition-layers/02-combinations-27-front.png,747cb46a658d958ca3adf5e4a2a6096a2d53afa96ae932583a3f5ed6742cc93d,rejected,,방식 전환: 레이어 합성 → 완성 초상 풀(판정 2026-09-26),
wave10,wave10/v2-candidates-20260926/assets/derived-composition-layers/02-combinations-27-rear.png,95e865d2b68c8d1fca51d9e044e50da9a9473e0260721573da526d1dac93aa2a,rejected,,방식 전환: 레이어 합성 → 완성 초상 풀(판정 2026-09-26),
wave10,wave10/v2-candidates-20260926/assets/derived-composition-layers/02-combinations-28-child-collar.png,eaf65e41492b86f3962f81efe9d8649bff1f52461cb50032ab87e31939ae14b3,rejected,,방식 전환: 레이어 합성 → 완성 초상 풀(판정 2026-09-26) · 02-combinations-25-child-collar.png와 동일 바이트(정본: wave10/v2-candidates-20260926/assets/derived-composition-layers/02-combinations-25-child-collar.png),
wave10,wave10/v2-candidates-20260926/assets/derived-composition-layers/02-combinations-28-front.png,d5b285dbf85a3f222ee2aa2076dd36024eb68d15b3b068a4a91e3f300a6db688,rejected,,방식 전환: 레이어 합성 → 완성 초상 풀(판정 2026-09-26),
wave10,wave10/v2-candidates-20260926/assets/derived-composition-layers/02-combinations-28-rear.png,7f66037098222dba3d02f9a6ef7a2995d52ae338f0e7d736c60e0d6622571b95,rejected,,방식 전환: 레이어 합성 → 완성 초상 풀(판정 2026-09-26),
wave10,wave10/v2-candidates-20260926/assets/derived-composition-layers/02-combinations-29-child-age.png,3aa5fd806cf0a6104d532ba3f7f4902a5074e9be4f21b81b4fd02388e27f6cae,rejected,,방식 전환: 레이어 합성 → 완성 초상 풀(판정 2026-09-26),
wave10,wave10/v2-candidates-20260926/assets/derived-composition-layers/02-combinations-29-child-collar.png,eaf65e41492b86f3962f81efe9d8649bff1f52461cb50032ab87e31939ae14b3,rejected,,방식 전환: 레이어 합성 → 완성 초상 풀(판정 2026-09-26) · 02-combinations-25-child-collar.png와 동일 바이트(정본: wave10/v2-candidates-20260926/assets/derived-composition-layers/02-combinations-25-child-collar.png),
wave10,wave10/v2-candidates-20260926/assets/derived-composition-layers/02-combinations-29-grey-front.png,8be09d789dd32e76791676a6c57edb9489889420334caa8866ab50759ecd7d2e,rejected,,방식 전환: 레이어 합성 → 완성 초상 풀(판정 2026-09-26),
wave10,wave10/v2-candidates-20260926/assets/derived-composition-layers/02-combinations-29-grey-rear.png,b9e056945e33aa99cdb54d7ad6d2416561ca01962657b2884f4c0c13a1e01933,rejected,,방식 전환: 레이어 합성 → 완성 초상 풀(판정 2026-09-26),
wave10,wave10/v2-candidates-20260926/assets/derived-composition-layers/02-combinations-3-front.png,408fd345e46553705ce51be6443620c9b9ce909661824a0cd212c9af9d5119c9,rejected,,방식 전환: 레이어 합성 → 완성 초상 풀(판정 2026-09-26),
wave10,wave10/v2-candidates-20260926/assets/derived-composition-layers/02-combinations-3-rear.png,e57b3174d80cce39560ebb5995da590b9d65d21d68a1993f91213ddbc46785db,rejected,,방식 전환: 레이어 합성 → 완성 초상 풀(판정 2026-09-26),
wave10,wave10/v2-candidates-20260926/assets/derived-composition-layers/02-combinations-30-child-collar.png,eaf65e41492b86f3962f81efe9d8649bff1f52461cb50032ab87e31939ae14b3,rejected,,방식 전환: 레이어 합성 → 완성 초상 풀(판정 2026-09-26) · 02-combinations-25-child-collar.png와 동일 바이트(정본: wave10/v2-candidates-20260926/assets/derived-composition-layers/02-combinations-25-child-collar.png),
wave10,wave10/v2-candidates-20260926/assets/derived-composition-layers/02-combinations-30-front.png,d7f8c75ae441d35b9d28229b47078bfd639808aa2790fb82de3c0bb1f4188af1,rejected,,방식 전환: 레이어 합성 → 완성 초상 풀(판정 2026-09-26),
wave10,wave10/v2-candidates-20260926/assets/derived-composition-layers/02-combinations-30-rear.png,84d80729b9644128f747e5f8f16b039f517ece120aa7748c24f9cce87dcbbac2,rejected,,방식 전환: 레이어 합성 → 완성 초상 풀(판정 2026-09-26),
wave10,wave10/v2-candidates-20260926/assets/derived-composition-layers/02-combinations-31-child-collar.png,eaf65e41492b86f3962f81efe9d8649bff1f52461cb50032ab87e31939ae14b3,rejected,,방식 전환: 레이어 합성 → 완성 초상 풀(판정 2026-09-26) · 02-combinations-25-child-collar.png와 동일 바이트(정본: wave10/v2-candidates-20260926/assets/derived-composition-layers/02-combinations-25-child-collar.png),
wave10,wave10/v2-candidates-20260926/assets/derived-composition-layers/02-combinations-32-child-collar.png,eaf65e41492b86f3962f81efe9d8649bff1f52461cb50032ab87e31939ae14b3,rejected,,방식 전환: 레이어 합성 → 완성 초상 풀(판정 2026-09-26) · 02-combinations-25-child-collar.png와 동일 바이트(정본: wave10/v2-candidates-20260926/assets/derived-composition-layers/02-combinations-25-child-collar.png),
wave10,wave10/v2-candidates-20260926/assets/derived-composition-layers/02-combinations-33-child-collar.png,eaf65e41492b86f3962f81efe9d8649bff1f52461cb50032ab87e31939ae14b3,rejected,,방식 전환: 레이어 합성 → 완성 초상 풀(판정 2026-09-26) · 02-combinations-25-child-collar.png와 동일 바이트(정본: wave10/v2-candidates-20260926/assets/derived-composition-layers/02-combinations-25-child-collar.png),
wave10,wave10/v2-candidates-20260926/assets/derived-composition-layers/02-combinations-33-front.png,747cb46a658d958ca3adf5e4a2a6096a2d53afa96ae932583a3f5ed6742cc93d,rejected,,방식 전환: 레이어 합성 → 완성 초상 풀(판정 2026-09-26) · 02-combinations-27-front.png와 동일 바이트(정본: wave10/v2-candidates-20260926/assets/derived-composition-layers/02-combinations-27-front.png),
wave10,wave10/v2-candidates-20260926/assets/derived-composition-layers/02-combinations-33-rear.png,95e865d2b68c8d1fca51d9e044e50da9a9473e0260721573da526d1dac93aa2a,rejected,,방식 전환: 레이어 합성 → 완성 초상 풀(판정 2026-09-26) · 02-combinations-27-rear.png와 동일 바이트(정본: wave10/v2-candidates-20260926/assets/derived-composition-layers/02-combinations-27-rear.png),
wave10,wave10/v2-candidates-20260926/assets/derived-composition-layers/02-combinations-34-child-collar.png,eaf65e41492b86f3962f81efe9d8649bff1f52461cb50032ab87e31939ae14b3,rejected,,방식 전환: 레이어 합성 → 완성 초상 풀(판정 2026-09-26) · 02-combinations-25-child-collar.png와 동일 바이트(정본: wave10/v2-candidates-20260926/assets/derived-composition-layers/02-combinations-25-child-collar.png),
wave10,wave10/v2-candidates-20260926/assets/derived-composition-layers/02-combinations-34-front.png,d5b285dbf85a3f222ee2aa2076dd36024eb68d15b3b068a4a91e3f300a6db688,rejected,,방식 전환: 레이어 합성 → 완성 초상 풀(판정 2026-09-26) · 02-combinations-28-front.png와 동일 바이트(정본: wave10/v2-candidates-20260926/assets/derived-composition-layers/02-combinations-28-front.png),
wave10,wave10/v2-candidates-20260926/assets/derived-composition-layers/02-combinations-34-rear.png,7f66037098222dba3d02f9a6ef7a2995d52ae338f0e7d736c60e0d6622571b95,rejected,,방식 전환: 레이어 합성 → 완성 초상 풀(판정 2026-09-26) · 02-combinations-28-rear.png와 동일 바이트(정본: wave10/v2-candidates-20260926/assets/derived-composition-layers/02-combinations-28-rear.png),
wave10,wave10/v2-candidates-20260926/assets/derived-composition-layers/02-combinations-35-child-age.png,3aa5fd806cf0a6104d532ba3f7f4902a5074e9be4f21b81b4fd02388e27f6cae,rejected,,방식 전환: 레이어 합성 → 완성 초상 풀(판정 2026-09-26) · 02-combinations-29-child-age.png와 동일 바이트(정본: wave10/v2-candidates-20260926/assets/derived-composition-layers/02-combinations-29-child-age.png),
wave10,wave10/v2-candidates-20260926/assets/derived-composition-layers/02-combinations-35-child-collar.png,eaf65e41492b86f3962f81efe9d8649bff1f52461cb50032ab87e31939ae14b3,rejected,,방식 전환: 레이어 합성 → 완성 초상 풀(판정 2026-09-26) · 02-combinations-25-child-collar.png와 동일 바이트(정본: wave10/v2-candidates-20260926/assets/derived-composition-layers/02-combinations-25-child-collar.png),
wave10,wave10/v2-candidates-20260926/assets/derived-composition-layers/02-combinations-35-grey-front.png,8be09d789dd32e76791676a6c57edb9489889420334caa8866ab50759ecd7d2e,rejected,,방식 전환: 레이어 합성 → 완성 초상 풀(판정 2026-09-26) · 02-combinations-29-grey-front.png와 동일 바이트(정본: wave10/v2-candidates-20260926/assets/derived-composition-layers/02-combinations-29-grey-front.png),
wave10,wave10/v2-candidates-20260926/assets/derived-composition-layers/02-combinations-35-grey-rear.png,b9e056945e33aa99cdb54d7ad6d2416561ca01962657b2884f4c0c13a1e01933,rejected,,방식 전환: 레이어 합성 → 완성 초상 풀(판정 2026-09-26) · 02-combinations-29-grey-rear.png와 동일 바이트(정본: wave10/v2-candidates-20260926/assets/derived-composition-layers/02-combinations-29-grey-rear.png),
wave10,wave10/v2-candidates-20260926/assets/derived-composition-layers/02-combinations-36-child-collar.png,eaf65e41492b86f3962f81efe9d8649bff1f52461cb50032ab87e31939ae14b3,rejected,,방식 전환: 레이어 합성 → 완성 초상 풀(판정 2026-09-26) · 02-combinations-25-child-collar.png와 동일 바이트(정본: wave10/v2-candidates-20260926/assets/derived-composition-layers/02-combinations-25-child-collar.png),
wave10,wave10/v2-candidates-20260926/assets/derived-composition-layers/02-combinations-36-front.png,d7f8c75ae441d35b9d28229b47078bfd639808aa2790fb82de3c0bb1f4188af1,rejected,,방식 전환: 레이어 합성 → 완성 초상 풀(판정 2026-09-26) · 02-combinations-30-front.png와 동일 바이트(정본: wave10/v2-candidates-20260926/assets/derived-composition-layers/02-combinations-30-front.png),
wave10,wave10/v2-candidates-20260926/assets/derived-composition-layers/02-combinations-36-rear.png,84d80729b9644128f747e5f8f16b039f517ece120aa7748c24f9cce87dcbbac2,rejected,,방식 전환: 레이어 합성 → 완성 초상 풀(판정 2026-09-26) · 02-combinations-30-rear.png와 동일 바이트(정본: wave10/v2-candidates-20260926/assets/derived-composition-layers/02-combinations-30-rear.png),
wave10,wave10/v2-candidates-20260926/assets/derived-composition-layers/02-combinations-4-front.png,2ce4c90728018847829a54b9d90b0abb174e548cb21183fc2d6cecfd3bbb6df9,rejected,,방식 전환: 레이어 합성 → 완성 초상 풀(판정 2026-09-26) · 02-combinations-10-front.png와 동일 바이트(정본: wave10/v2-candidates-20260926/assets/derived-composition-layers/02-combinations-10-front.png),
wave10,wave10/v2-candidates-20260926/assets/derived-composition-layers/02-combinations-4-rear.png,8a9f51846a07ea1f5030bbd59f81f96530a93428054bb53aef0ff1dfe44c80cb,rejected,,방식 전환: 레이어 합성 → 완성 초상 풀(판정 2026-09-26) · 02-combinations-10-rear.png와 동일 바이트(정본: wave10/v2-candidates-20260926/assets/derived-composition-layers/02-combinations-10-rear.png),
wave10,wave10/v2-candidates-20260926/assets/derived-composition-layers/02-combinations-6-front.png,013833d454ecf2e49fa27aee497e62c8d73c5f01aecdd842a50e56c601ed722f,rejected,,방식 전환: 레이어 합성 → 완성 초상 풀(판정 2026-09-26) · 02-combinations-12-front.png와 동일 바이트(정본: wave10/v2-candidates-20260926/assets/derived-composition-layers/02-combinations-12-front.png),
wave10,wave10/v2-candidates-20260926/assets/derived-composition-layers/02-combinations-6-rear.png,5e0716c82be893726485be0dede5dd55e07f732c4b6c65fa4471aa496cbaa84a,rejected,,방식 전환: 레이어 합성 → 완성 초상 풀(판정 2026-09-26) · 02-combinations-12-rear.png와 동일 바이트(정본: wave10/v2-candidates-20260926/assets/derived-composition-layers/02-combinations-12-rear.png),
wave10,wave10/v2-candidates-20260926/assets/derived-composition-layers/02-combinations-9-front.png,408fd345e46553705ce51be6443620c9b9ce909661824a0cd212c9af9d5119c9,rejected,,방식 전환: 레이어 합성 → 완성 초상 풀(판정 2026-09-26) · 02-combinations-3-front.png와 동일 바이트(정본: wave10/v2-candidates-20260926/assets/derived-composition-layers/02-combinations-3-front.png),
wave10,wave10/v2-candidates-20260926/assets/derived-composition-layers/02-combinations-9-rear.png,e57b3174d80cce39560ebb5995da590b9d65d21d68a1993f91213ddbc46785db,rejected,,방식 전환: 레이어 합성 → 완성 초상 풀(판정 2026-09-26) · 02-combinations-3-rear.png와 동일 바이트(정본: wave10/v2-candidates-20260926/assets/derived-composition-layers/02-combinations-3-rear.png),
wave10,wave10/v2-candidates-20260926/assets/derived-composition-layers/04-random-1-front.png,ca2ef83392f2dd787fd4f3928e15d2efc1313fe1acbfef7b5c5f79d40968e101,rejected,,방식 전환: 레이어 합성 → 완성 초상 풀(판정 2026-09-26),
wave10,wave10/v2-candidates-20260926/assets/derived-composition-layers/04-random-1-rear.png,57f355a50b5825880a8766133e93b45d8cc1db2af57e9a789a16c72d6727e665,rejected,,방식 전환: 레이어 합성 → 완성 초상 풀(판정 2026-09-26),
wave10,wave10/v2-candidates-20260926/assets/derived-composition-layers/04-random-1-skin.png,aebdce3359ba0c073cdd011d71accfd7ed3c5fca22b492fb7d09ac493b151989,rejected,,방식 전환: 레이어 합성 → 완성 초상 풀(판정 2026-09-26),
wave10,wave10/v2-candidates-20260926/assets/derived-composition-layers/04-random-10-age-skin.png,01f71e89f0829c09b68c581684776bdc13d3002dae138d93a8386a0e2a6a2a2a,rejected,,방식 전환: 레이어 합성 → 완성 초상 풀(판정 2026-09-26),
wave10,wave10/v2-candidates-20260926/assets/derived-composition-layers/04-random-10-skin.png,383e6796446d95fcfe1df5eefd5cb3fc9feb628f46cd5e0e212d6acfffb26e01,rejected,,방식 전환: 레이어 합성 → 완성 초상 풀(판정 2026-09-26),
wave10,wave10/v2-candidates-20260926/assets/derived-composition-layers/04-random-11-skin.png,cbc9874476db3bfc27d4a34104ed104270f28e38de435d572b6a33616e119a10,rejected,,방식 전환: 레이어 합성 → 완성 초상 풀(판정 2026-09-26),
wave10,wave10/v2-candidates-20260926/assets/derived-composition-layers/04-random-12-child-collar.png,eaf65e41492b86f3962f81efe9d8649bff1f52461cb50032ab87e31939ae14b3,rejected,,방식 전환: 레이어 합성 → 완성 초상 풀(판정 2026-09-26) · 02-combinations-25-child-collar.png와 동일 바이트(정본: wave10/v2-candidates-20260926/assets/derived-composition-layers/02-combinations-25-child-collar.png),
wave10,wave10/v2-candidates-20260926/assets/derived-composition-layers/04-random-12-skin.png,3587c8aa23c4da824ebe762871c0e317e592e98e60a74cf8b796021b3ec607e7,rejected,,방식 전환: 레이어 합성 → 완성 초상 풀(판정 2026-09-26),
wave10,wave10/v2-candidates-20260926/assets/derived-composition-layers/04-random-13-age-skin.png,4c449e8a9a125b6931a4e473129ccd5a5e3a3b2b0af3e1087fb2fb81ab02b006,rejected,,방식 전환: 레이어 합성 → 완성 초상 풀(판정 2026-09-26),
wave10,wave10/v2-candidates-20260926/assets/derived-composition-layers/04-random-13-front.png,a60a74b2aae8135b8e6fdcd99e9a385f1ff10c1933fa7f7c92b9f7faf227bb8a,rejected,,방식 전환: 레이어 합성 → 완성 초상 풀(판정 2026-09-26),
wave10,wave10/v2-candidates-20260926/assets/derived-composition-layers/04-random-13-rear.png,34285c9ca99282991d47730657769c9b0620bdafcad9d8d35d77c5d057af4cda,rejected,,방식 전환: 레이어 합성 → 완성 초상 풀(판정 2026-09-26),
wave10,wave10/v2-candidates-20260926/assets/derived-composition-layers/04-random-13-skin.png,3f938b217e272fb2b1027fed3df9a4d823535c4577711aa213c0a8bee968d426,rejected,,방식 전환: 레이어 합성 → 완성 초상 풀(판정 2026-09-26),
wave10,wave10/v2-candidates-20260926/assets/derived-composition-layers/04-random-14-front.png,408fd345e46553705ce51be6443620c9b9ce909661824a0cd212c9af9d5119c9,rejected,,방식 전환: 레이어 합성 → 완성 초상 풀(판정 2026-09-26) · 02-combinations-3-front.png와 동일 바이트(정본: wave10/v2-candidates-20260926/assets/derived-composition-layers/02-combinations-3-front.png),
wave10,wave10/v2-candidates-20260926/assets/derived-composition-layers/04-random-14-rear.png,e57b3174d80cce39560ebb5995da590b9d65d21d68a1993f91213ddbc46785db,rejected,,방식 전환: 레이어 합성 → 완성 초상 풀(판정 2026-09-26) · 02-combinations-3-rear.png와 동일 바이트(정본: wave10/v2-candidates-20260926/assets/derived-composition-layers/02-combinations-3-rear.png),
wave10,wave10/v2-candidates-20260926/assets/derived-composition-layers/04-random-14-skin.png,7bc2d272e13f57cf4b61c291ce39fe7d0694aafc77ff2362f6b961ce7aab0658,rejected,,방식 전환: 레이어 합성 → 완성 초상 풀(판정 2026-09-26),
wave10,wave10/v2-candidates-20260926/assets/derived-composition-layers/04-random-15-child-collar.png,b8830c4d6f3b80135e746e6ca06bb48069260fb443fd85cec9323c7266684680,rejected,,방식 전환: 레이어 합성 → 완성 초상 풀(판정 2026-09-26),
wave10,wave10/v2-candidates-20260926/assets/derived-composition-layers/04-random-15-skin.png,3436586e516255134bb85921e6d605baafd999a8b8a2a042b6b6daedeb2f8d5d,rejected,,방식 전환: 레이어 합성 → 완성 초상 풀(판정 2026-09-26),
wave10,wave10/v2-candidates-20260926/assets/derived-composition-layers/04-random-16-front.png,1d8d220a192887f74a2cfcdf70885fdd31fef0f5d8dce7d1eadef9523d18170d,rejected,,방식 전환: 레이어 합성 → 완성 초상 풀(판정 2026-09-26),
wave10,wave10/v2-candidates-20260926/assets/derived-composition-layers/04-random-16-rear.png,3ae0104fa6d96b167ae33d1477cd43c88e18d14f8a3336c53a37b57020648f71,rejected,,방식 전환: 레이어 합성 → 완성 초상 풀(판정 2026-09-26),
wave10,wave10/v2-candidates-20260926/assets/derived-composition-layers/04-random-16-skin.png,b053db5262f42ee33fb638e1bed65323e26fecbb7cad70be5355fba0b72e1701,rejected,,방식 전환: 레이어 합성 → 완성 초상 풀(판정 2026-09-26),
wave10,wave10/v2-candidates-20260926/assets/derived-composition-layers/04-random-17-age-skin.png,9114eb11e521117bdb1fd118f40895e73ad5e006882c576ffa86f534ca507d48,rejected,,방식 전환: 레이어 합성 → 완성 초상 풀(판정 2026-09-26),
wave10,wave10/v2-candidates-20260926/assets/derived-composition-layers/04-random-17-skin.png,cccdc360f721ad938594a8f592e82c1d0429286c6aa130046fb5761b0b0985aa,rejected,,방식 전환: 레이어 합성 → 완성 초상 풀(판정 2026-09-26),
wave10,wave10/v2-candidates-20260926/assets/derived-composition-layers/04-random-18-child-collar.png,b8830c4d6f3b80135e746e6ca06bb48069260fb443fd85cec9323c7266684680,rejected,,방식 전환: 레이어 합성 → 완성 초상 풀(판정 2026-09-26) · 04-random-15-child-collar.png와 동일 바이트(정본: wave10/v2-candidates-20260926/assets/derived-composition-layers/04-random-15-child-collar.png),
wave10,wave10/v2-candidates-20260926/assets/derived-composition-layers/04-random-18-front.png,afb5e7c1e0a248580eff22c4636f022b41845f095d190e638499f60871c7562c,rejected,,방식 전환: 레이어 합성 → 완성 초상 풀(판정 2026-09-26),
wave10,wave10/v2-candidates-20260926/assets/derived-composition-layers/04-random-18-rear.png,22668272d44da0a49e762c3c344828085f2b1e9bd03e450a4b8cc4480ab3e3d4,rejected,,방식 전환: 레이어 합성 → 완성 초상 풀(판정 2026-09-26),
wave10,wave10/v2-candidates-20260926/assets/derived-composition-layers/04-random-18-skin.png,2a5b291da7112da19583470c0da1ab3b6cdef054603acc8a4b3d7a09d6c8e01a,rejected,,방식 전환: 레이어 합성 → 완성 초상 풀(판정 2026-09-26),
wave10,wave10/v2-candidates-20260926/assets/derived-composition-layers/04-random-19-front.png,1d8d220a192887f74a2cfcdf70885fdd31fef0f5d8dce7d1eadef9523d18170d,rejected,,방식 전환: 레이어 합성 → 완성 초상 풀(판정 2026-09-26) · 04-random-16-front.png와 동일 바이트(정본: wave10/v2-candidates-20260926/assets/derived-composition-layers/04-random-16-front.png),
wave10,wave10/v2-candidates-20260926/assets/derived-composition-layers/04-random-19-rear.png,3ae0104fa6d96b167ae33d1477cd43c88e18d14f8a3336c53a37b57020648f71,rejected,,방식 전환: 레이어 합성 → 완성 초상 풀(판정 2026-09-26) · 04-random-16-rear.png와 동일 바이트(정본: wave10/v2-candidates-20260926/assets/derived-composition-layers/04-random-16-rear.png),
wave10,wave10/v2-candidates-20260926/assets/derived-composition-layers/04-random-19-skin.png,7ae8b52c615541d5dae5ef77297673700d46e1d539d792527552721423af9c69,rejected,,방식 전환: 레이어 합성 → 완성 초상 풀(판정 2026-09-26),
wave10,wave10/v2-candidates-20260926/assets/derived-composition-layers/04-random-2-front.png,ecfd6901b48bf12cd6870f5a0b4cdc7a73d59b62bd9c266a0b481b537607ba76,rejected,,방식 전환: 레이어 합성 → 완성 초상 풀(판정 2026-09-26),
wave10,wave10/v2-candidates-20260926/assets/derived-composition-layers/04-random-2-rear.png,b8730f3b4adf0dd39a0ac25ee0dad49783b8174248b9d04624511b1d47eebb7a,rejected,,방식 전환: 레이어 합성 → 완성 초상 풀(판정 2026-09-26),
wave10,wave10/v2-candidates-20260926/assets/derived-composition-layers/04-random-2-skin.png,1cb82699e334836348ebbd1a919cda69c5731a1a671b8b7224dad33c633adebb,rejected,,방식 전환: 레이어 합성 → 완성 초상 풀(판정 2026-09-26),
wave10,wave10/v2-candidates-20260926/assets/derived-composition-layers/04-random-20-skin.png,38e6b885c53ad7d2b3b374f708c078157dfe4e07c3423d6cc317db15a84d9a7e,rejected,,방식 전환: 레이어 합성 → 완성 초상 풀(판정 2026-09-26),
wave10,wave10/v2-candidates-20260926/assets/derived-composition-layers/04-random-21-age-skin.png,53c45cdae4cf3eeb96a520189142cd7f6b2799a0c69f98a51a39928ed761c859,rejected,,방식 전환: 레이어 합성 → 완성 초상 풀(판정 2026-09-26),
wave10,wave10/v2-candidates-20260926/assets/derived-composition-layers/04-random-21-skin.png,96507a59943606ee1ffb86aa9cac622e0273cef328fd7259f545728c563f6fcd,rejected,,방식 전환: 레이어 합성 → 완성 초상 풀(판정 2026-09-26),
wave10,wave10/v2-candidates-20260926/assets/derived-composition-layers/04-random-22-front.png,9a19daea622e4fb65e16624599f133922a9312af9a2c6a8ede56e54256994e96,rejected,,방식 전환: 레이어 합성 → 완성 초상 풀(판정 2026-09-26),
wave10,wave10/v2-candidates-20260926/assets/derived-composition-layers/04-random-22-rear.png,65401ad0522cb44fb0da942dcdc4f1aaa75803b3d0041d0134dd6b55a0791d4d,rejected,,방식 전환: 레이어 합성 → 완성 초상 풀(판정 2026-09-26),
wave10,wave10/v2-candidates-20260926/assets/derived-composition-layers/04-random-22-skin.png,0d57075e44b011e9a86f98b44b2c99df9bbb9595b77b34d7db3b7ad5bbe1e916,rejected,,방식 전환: 레이어 합성 → 완성 초상 풀(판정 2026-09-26),
wave10,wave10/v2-candidates-20260926/assets/derived-composition-layers/04-random-23-skin.png,48dc1b07410ed2f1b2bc74ffe60f6bb39705b5e493a3a1a6482e49070466ce62,rejected,,방식 전환: 레이어 합성 → 완성 초상 풀(판정 2026-09-26),
wave10,wave10/v2-candidates-20260926/assets/derived-composition-layers/04-random-24-front.png,3d37a5be64b9af9e5d7c9931b01872bc8f16f47869d4fb3da4cfa8c4c9b681c4,rejected,,방식 전환: 레이어 합성 → 완성 초상 풀(판정 2026-09-26),
wave10,wave10/v2-candidates-20260926/assets/derived-composition-layers/04-random-24-rear.png,9a20e81cbf402c4e91b50b02519184993a1ba6fe36f2d750f6dc909ed2febf60,rejected,,방식 전환: 레이어 합성 → 완성 초상 풀(판정 2026-09-26),
wave10,wave10/v2-candidates-20260926/assets/derived-composition-layers/04-random-24-skin.png,4cf99ee1f7fa54830d9172891d779c69bb56fc5f1b41650ba7092874567c520f,rejected,,방식 전환: 레이어 합성 → 완성 초상 풀(판정 2026-09-26),
wave10,wave10/v2-candidates-20260926/assets/derived-composition-layers/04-random-25-age-skin.png,a77ad143fd216f4dd97f3a59d5ee9765bf1c018a140c67f25422d2944c45212c,rejected,,방식 전환: 레이어 합성 → 완성 초상 풀(판정 2026-09-26),
wave10,wave10/v2-candidates-20260926/assets/derived-composition-layers/04-random-25-front.png,7d818943beb5a9dd756f14b786d6648766ea0a8a83e6c8a08cb741e6ce6d360f,rejected,,방식 전환: 레이어 합성 → 완성 초상 풀(판정 2026-09-26),
wave10,wave10/v2-candidates-20260926/assets/derived-composition-layers/04-random-25-rear.png,830b02b54ca8c7f2bb60a5d65f8de82096beee32b641af455202da499f6fb5ba,rejected,,방식 전환: 레이어 합성 → 완성 초상 풀(판정 2026-09-26),
wave10,wave10/v2-candidates-20260926/assets/derived-composition-layers/04-random-25-skin.png,9f65abb7a3ae911d4f23c32c84496d43aeb7c97d663600b132d7ea3b22882ad8,rejected,,방식 전환: 레이어 합성 → 완성 초상 풀(판정 2026-09-26),
wave10,wave10/v2-candidates-20260926/assets/derived-composition-layers/04-random-26-child-collar.png,eaf65e41492b86f3962f81efe9d8649bff1f52461cb50032ab87e31939ae14b3,rejected,,방식 전환: 레이어 합성 → 완성 초상 풀(판정 2026-09-26) · 02-combinations-25-child-collar.png와 동일 바이트(정본: wave10/v2-candidates-20260926/assets/derived-composition-layers/02-combinations-25-child-collar.png),
wave10,wave10/v2-candidates-20260926/assets/derived-composition-layers/04-random-26-skin.png,c685083604ab1ca27cfe368fdf216fe2442bbedef1cab99c1d065a62363d2477,rejected,,방식 전환: 레이어 합성 → 완성 초상 풀(판정 2026-09-26),
wave10,wave10/v2-candidates-20260926/assets/derived-composition-layers/04-random-27-front.png,a60a74b2aae8135b8e6fdcd99e9a385f1ff10c1933fa7f7c92b9f7faf227bb8a,rejected,,방식 전환: 레이어 합성 → 완성 초상 풀(판정 2026-09-26) · 04-random-13-front.png와 동일 바이트(정본: wave10/v2-candidates-20260926/assets/derived-composition-layers/04-random-13-front.png),
wave10,wave10/v2-candidates-20260926/assets/derived-composition-layers/04-random-27-rear.png,34285c9ca99282991d47730657769c9b0620bdafcad9d8d35d77c5d057af4cda,rejected,,방식 전환: 레이어 합성 → 완성 초상 풀(판정 2026-09-26) · 04-random-13-rear.png와 동일 바이트(정본: wave10/v2-candidates-20260926/assets/derived-composition-layers/04-random-13-rear.png),
wave10,wave10/v2-candidates-20260926/assets/derived-composition-layers/04-random-27-skin.png,1e34cda854ca3b53f536936b563aafbe08edfbdaac9c33f2034f0c9ab60342e6,rejected,,방식 전환: 레이어 합성 → 완성 초상 풀(판정 2026-09-26),
wave10,wave10/v2-candidates-20260926/assets/derived-composition-layers/04-random-28-age-skin.png,0a3d7db106d4cfe33b475dd98b43c1e025d82b4afbf2ced5216d23b35923623d,rejected,,방식 전환: 레이어 합성 → 완성 초상 풀(판정 2026-09-26),
wave10,wave10/v2-candidates-20260926/assets/derived-composition-layers/04-random-28-front.png,8f8b3c4293ae19fa070cf5741d4b53b4ee4b92bcc1868cc081c4be1abf04c53a,rejected,,방식 전환: 레이어 합성 → 완성 초상 풀(판정 2026-09-26),
wave10,wave10/v2-candidates-20260926/assets/derived-composition-layers/04-random-28-rear.png,f08d804a65c991fcb3d4116747c2ac491dddad5363b2a7d6157f12446eba8a3e,rejected,,방식 전환: 레이어 합성 → 완성 초상 풀(판정 2026-09-26),
wave10,wave10/v2-candidates-20260926/assets/derived-composition-layers/04-random-28-skin.png,579ae603c8f4316da68536cf2b3fe556b3f6ebb8507455681d2a94610d9ef1c0,rejected,,방식 전환: 레이어 합성 → 완성 초상 풀(판정 2026-09-26),
wave10,wave10/v2-candidates-20260926/assets/derived-composition-layers/04-random-29-child-collar.png,eaf65e41492b86f3962f81efe9d8649bff1f52461cb50032ab87e31939ae14b3,rejected,,방식 전환: 레이어 합성 → 완성 초상 풀(판정 2026-09-26) · 02-combinations-25-child-collar.png와 동일 바이트(정본: wave10/v2-candidates-20260926/assets/derived-composition-layers/02-combinations-25-child-collar.png),
wave10,wave10/v2-candidates-20260926/assets/derived-composition-layers/04-random-29-front.png,152cc8f0c4f836235fd9df08af4aae603df682407dcd6e424340ff2b135f95b3,rejected,,방식 전환: 레이어 합성 → 완성 초상 풀(판정 2026-09-26),
wave10,wave10/v2-candidates-20260926/assets/derived-composition-layers/04-random-29-rear.png,f2a0ce80d12aac56a3fc25b540624453ac33c47429524c48210cbf3c03f10867,rejected,,방식 전환: 레이어 합성 → 완성 초상 풀(판정 2026-09-26),
wave10,wave10/v2-candidates-20260926/assets/derived-composition-layers/04-random-29-skin.png,f9d5eaf1dcff2053b999e32152ac4b5cfe39aa8c4ff9ec56811599d41408c8ed,rejected,,방식 전환: 레이어 합성 → 완성 초상 풀(판정 2026-09-26),
wave10,wave10/v2-candidates-20260926/assets/derived-composition-layers/04-random-3-front.png,2ee94710a340b1b48af6d69973ba08ecc94a146bc4422239defda4ff24add23d,rejected,,방식 전환: 레이어 합성 → 완성 초상 풀(판정 2026-09-26),
wave10,wave10/v2-candidates-20260926/assets/derived-composition-layers/04-random-3-rear.png,3a4a88b0c5b796f6389a9ee50913345c05a0d1ad2469c902477e2fd5e4bef141,rejected,,방식 전환: 레이어 합성 → 완성 초상 풀(판정 2026-09-26),
wave10,wave10/v2-candidates-20260926/assets/derived-composition-layers/04-random-3-skin.png,d876e8cce9cfa40233e032f2bad54106fec4d2993e61f9dba8f1a6655dedec31,rejected,,방식 전환: 레이어 합성 → 완성 초상 풀(판정 2026-09-26),
wave10,wave10/v2-candidates-20260926/assets/derived-composition-layers/04-random-30-front.png,ca2ef83392f2dd787fd4f3928e15d2efc1313fe1acbfef7b5c5f79d40968e101,rejected,,방식 전환: 레이어 합성 → 완성 초상 풀(판정 2026-09-26) · 04-random-1-front.png와 동일 바이트(정본: wave10/v2-candidates-20260926/assets/derived-composition-layers/04-random-1-front.png),
wave10,wave10/v2-candidates-20260926/assets/derived-composition-layers/04-random-30-rear.png,57f355a50b5825880a8766133e93b45d8cc1db2af57e9a789a16c72d6727e665,rejected,,방식 전환: 레이어 합성 → 완성 초상 풀(판정 2026-09-26) · 04-random-1-rear.png와 동일 바이트(정본: wave10/v2-candidates-20260926/assets/derived-composition-layers/04-random-1-rear.png),
wave10,wave10/v2-candidates-20260926/assets/derived-composition-layers/04-random-30-skin.png,532aa2ca9cf1a00e4c6b5612a49901490082b5c1e8e68bec5027810748a96b3a,rejected,,방식 전환: 레이어 합성 → 완성 초상 풀(판정 2026-09-26),
wave10,wave10/v2-candidates-20260926/assets/derived-composition-layers/04-random-31-skin.png,b79eb05717e7b2157e6cc3575341a51c8cde82df1b98b5a2c5570f57575d0f21,rejected,,방식 전환: 레이어 합성 → 완성 초상 풀(판정 2026-09-26),
wave10,wave10/v2-candidates-20260926/assets/derived-composition-layers/04-random-32-child-collar.png,eaf65e41492b86f3962f81efe9d8649bff1f52461cb50032ab87e31939ae14b3,rejected,,방식 전환: 레이어 합성 → 완성 초상 풀(판정 2026-09-26) · 02-combinations-25-child-collar.png와 동일 바이트(정본: wave10/v2-candidates-20260926/assets/derived-composition-layers/02-combinations-25-child-collar.png),
wave10,wave10/v2-candidates-20260926/assets/derived-composition-layers/04-random-32-front.png,d685b424e0de09184ca92c80019ce05f761e2adee9064a091d369fd90431f55f,rejected,,방식 전환: 레이어 합성 → 완성 초상 풀(판정 2026-09-26),
wave10,wave10/v2-candidates-20260926/assets/derived-composition-layers/04-random-32-rear.png,13a0d1fa663745585725c5a8d93444f6884be5d0b55cdfea9190a35547e7fe90,rejected,,방식 전환: 레이어 합성 → 완성 초상 풀(판정 2026-09-26),
wave10,wave10/v2-candidates-20260926/assets/derived-composition-layers/04-random-32-skin.png,3c2dcc92ff5e5894743008799e050b02e1ac5df183fe5f549da9038aa9c381af,rejected,,방식 전환: 레이어 합성 → 완성 초상 풀(판정 2026-09-26),
wave10,wave10/v2-candidates-20260926/assets/derived-composition-layers/04-random-33-skin.png,461a3b0195d417eb69397e70dfe3388822eb9c769a0586b5612688e5f562f18e,rejected,,방식 전환: 레이어 합성 → 완성 초상 풀(판정 2026-09-26),
wave10,wave10/v2-candidates-20260926/assets/derived-composition-layers/04-random-34-skin.png,aec0b2e3fbceea54075d4539cd88c601b5b49571e6d8e7eb8016e60f5c5129ef,rejected,,방식 전환: 레이어 합성 → 완성 초상 풀(판정 2026-09-26),
wave10,wave10/v2-candidates-20260926/assets/derived-composition-layers/04-random-35-child-collar.png,b8830c4d6f3b80135e746e6ca06bb48069260fb443fd85cec9323c7266684680,rejected,,방식 전환: 레이어 합성 → 완성 초상 풀(판정 2026-09-26) · 04-random-15-child-collar.png와 동일 바이트(정본: wave10/v2-candidates-20260926/assets/derived-composition-layers/04-random-15-child-collar.png),
wave10,wave10/v2-candidates-20260926/assets/derived-composition-layers/04-random-35-skin.png,d14297928932eb7186243fe2baa9cd73a16e06e28e98425176c9be4d93e74593,rejected,,방식 전환: 레이어 합성 → 완성 초상 풀(판정 2026-09-26),
wave10,wave10/v2-candidates-20260926/assets/derived-composition-layers/04-random-36-skin.png,7507f97427ae167fd59a2c0dd2d91fa0c2017160c0bbc5a2af2c1fc63a584176,rejected,,방식 전환: 레이어 합성 → 완성 초상 풀(판정 2026-09-26),
wave10,wave10/v2-candidates-20260926/assets/derived-composition-layers/04-random-37-age-skin.png,9114eb11e521117bdb1fd118f40895e73ad5e006882c576ffa86f534ca507d48,rejected,,방식 전환: 레이어 합성 → 완성 초상 풀(판정 2026-09-26) · 04-random-17-age-skin.png와 동일 바이트(정본: wave10/v2-candidates-20260926/assets/derived-composition-layers/04-random-17-age-skin.png),
wave10,wave10/v2-candidates-20260926/assets/derived-composition-layers/04-random-37-front.png,674ec6b913ae9fd39bf1a38c5d60d14d896cf5c3cedffd0048f22ac461088cb6,rejected,,방식 전환: 레이어 합성 → 완성 초상 풀(판정 2026-09-26),
wave10,wave10/v2-candidates-20260926/assets/derived-composition-layers/04-random-37-rear.png,99edde2f525bb056c4033c6e11136600fbbb30f34ae84ff88178901afe11e868,rejected,,방식 전환: 레이어 합성 → 완성 초상 풀(판정 2026-09-26),
wave10,wave10/v2-candidates-20260926/assets/derived-composition-layers/04-random-37-skin.png,13a12068da8db0a60553d63b75e9d5adcc2d51af769d7ec873f98b96f225da6d,rejected,,방식 전환: 레이어 합성 → 완성 초상 풀(판정 2026-09-26),
wave10,wave10/v2-candidates-20260926/assets/derived-composition-layers/04-random-38-front.png,d97e43564188733af91dafd6e853cc87e098272116f80719d4000a001426a479,rejected,,방식 전환: 레이어 합성 → 완성 초상 풀(판정 2026-09-26),
wave10,wave10/v2-candidates-20260926/assets/derived-composition-layers/04-random-38-rear.png,041b402a500cc64b59ad8eaaccdda756bbb4ea909c88d991569fbda7fae68485,rejected,,방식 전환: 레이어 합성 → 완성 초상 풀(판정 2026-09-26),
wave10,wave10/v2-candidates-20260926/assets/derived-composition-layers/04-random-38-skin.png,a362cc9292a3e6a503e3e0cff2d85364b9a64de06c519f27663ee78dfe89dd89,rejected,,방식 전환: 레이어 합성 → 완성 초상 풀(판정 2026-09-26),
wave10,wave10/v2-candidates-20260926/assets/derived-composition-layers/04-random-39-skin.png,f5545da8c945b177cc5f033c0318e20203d8a7b6002e9a858e3cde0c6efd352a,rejected,,방식 전환: 레이어 합성 → 완성 초상 풀(판정 2026-09-26),
wave10,wave10/v2-candidates-20260926/assets/derived-composition-layers/04-random-4-age-skin.png,2a4f23daa51d5a5bd3de6b06c80c04734a351d0a12a7950034217d569f44111a,rejected,,방식 전환: 레이어 합성 → 완성 초상 풀(판정 2026-09-26),
wave10,wave10/v2-candidates-20260926/assets/derived-composition-layers/04-random-4-skin.png,e25ccb963c668a9508577fe533b8bdb6a40b0a42514abb6c2351d958f44c7a52,rejected,,방식 전환: 레이어 합성 → 완성 초상 풀(판정 2026-09-26),
wave10,wave10/v2-candidates-20260926/assets/derived-composition-layers/04-random-40-age-skin.png,3d4bff896bf29cc2dd375a3edb2e968ef440ee9bfab2fbcdefd107c47890534b,rejected,,방식 전환: 레이어 합성 → 완성 초상 풀(판정 2026-09-26),
wave10,wave10/v2-candidates-20260926/assets/derived-composition-layers/04-random-40-skin.png,b5b12087801d9a15676f2ecd79e153e7c3bc28aa7f8738f9434a15ebf491db5e,rejected,,방식 전환: 레이어 합성 → 완성 초상 풀(판정 2026-09-26),
wave10,wave10/v2-candidates-20260926/assets/derived-composition-layers/04-random-41-skin.png,89ed82dff260caac3580e72939a5f1c97b388669c28fd70c6a4a8b7dd61db0b9,rejected,,방식 전환: 레이어 합성 → 완성 초상 풀(판정 2026-09-26),
wave10,wave10/v2-candidates-20260926/assets/derived-composition-layers/04-random-42-age-skin.png,9114eb11e521117bdb1fd118f40895e73ad5e006882c576ffa86f534ca507d48,rejected,,방식 전환: 레이어 합성 → 완성 초상 풀(판정 2026-09-26) · 04-random-17-age-skin.png와 동일 바이트(정본: wave10/v2-candidates-20260926/assets/derived-composition-layers/04-random-17-age-skin.png),
wave10,wave10/v2-candidates-20260926/assets/derived-composition-layers/04-random-42-front.png,6546cf6beea8647245ace36d892d5bb1756b5841a3ed4a492865191776cde3c3,rejected,,방식 전환: 레이어 합성 → 완성 초상 풀(판정 2026-09-26),
wave10,wave10/v2-candidates-20260926/assets/derived-composition-layers/04-random-42-rear.png,98d56a5d5d63bd3140b501f1102994c57b354e7763af1e0d73580ff3fa30b07b,rejected,,방식 전환: 레이어 합성 → 완성 초상 풀(판정 2026-09-26),
wave10,wave10/v2-candidates-20260926/assets/derived-composition-layers/04-random-42-skin.png,3f0b9605bd7319348cd3de7e5d24d31b65838237189f3d8d6afeac3c721ed45f,rejected,,방식 전환: 레이어 합성 → 완성 초상 풀(판정 2026-09-26),
wave10,wave10/v2-candidates-20260926/assets/derived-composition-layers/04-random-43-child-collar.png,eaf65e41492b86f3962f81efe9d8649bff1f52461cb50032ab87e31939ae14b3,rejected,,방식 전환: 레이어 합성 → 완성 초상 풀(판정 2026-09-26) · 02-combinations-25-child-collar.png와 동일 바이트(정본: wave10/v2-candidates-20260926/assets/derived-composition-layers/02-combinations-25-child-collar.png),
wave10,wave10/v2-candidates-20260926/assets/derived-composition-layers/04-random-43-front.png,152cc8f0c4f836235fd9df08af4aae603df682407dcd6e424340ff2b135f95b3,rejected,,방식 전환: 레이어 합성 → 완성 초상 풀(판정 2026-09-26) · 04-random-29-front.png와 동일 바이트(정본: wave10/v2-candidates-20260926/assets/derived-composition-layers/04-random-29-front.png),
wave10,wave10/v2-candidates-20260926/assets/derived-composition-layers/04-random-43-rear.png,f2a0ce80d12aac56a3fc25b540624453ac33c47429524c48210cbf3c03f10867,rejected,,방식 전환: 레이어 합성 → 완성 초상 풀(판정 2026-09-26) · 04-random-29-rear.png와 동일 바이트(정본: wave10/v2-candidates-20260926/assets/derived-composition-layers/04-random-29-rear.png),
wave10,wave10/v2-candidates-20260926/assets/derived-composition-layers/04-random-43-skin.png,54e21f9afd8309aa66712cd6999782540263386d6c5d81341aeb7a1f48ec5f7b,rejected,,방식 전환: 레이어 합성 → 완성 초상 풀(판정 2026-09-26),
wave10,wave10/v2-candidates-20260926/assets/derived-composition-layers/04-random-44-skin.png,148e6a19b854c428e032f846880600df5908f979b4a3ed1a14699172ca71a023,rejected,,방식 전환: 레이어 합성 → 완성 초상 풀(판정 2026-09-26),
wave10,wave10/v2-candidates-20260926/assets/derived-composition-layers/04-random-45-age-skin.png,3d4bff896bf29cc2dd375a3edb2e968ef440ee9bfab2fbcdefd107c47890534b,rejected,,방식 전환: 레이어 합성 → 완성 초상 풀(판정 2026-09-26) · 04-random-40-age-skin.png와 동일 바이트(정본: wave10/v2-candidates-20260926/assets/derived-composition-layers/04-random-40-age-skin.png),
wave10,wave10/v2-candidates-20260926/assets/derived-composition-layers/04-random-45-front.png,120fe5e732f797ae5837a2c26d941978c353ec34470e9bfb702330697c1daf6c,rejected,,방식 전환: 레이어 합성 → 완성 초상 풀(판정 2026-09-26),
wave10,wave10/v2-candidates-20260926/assets/derived-composition-layers/04-random-45-rear.png,01416bfb1041f361d3d3ec8fa7c5de6bfeb32dd17b48272a3376ea8c90318edd,rejected,,방식 전환: 레이어 합성 → 완성 초상 풀(판정 2026-09-26),
wave10,wave10/v2-candidates-20260926/assets/derived-composition-layers/04-random-45-skin.png,c50b17fa1ba2970dabaa52e63acd5afa3eefcb7326cffb0a98f4ac307a34ff3e,rejected,,방식 전환: 레이어 합성 → 완성 초상 풀(판정 2026-09-26),
wave10,wave10/v2-candidates-20260926/assets/derived-composition-layers/04-random-46-child-collar.png,eaf65e41492b86f3962f81efe9d8649bff1f52461cb50032ab87e31939ae14b3,rejected,,방식 전환: 레이어 합성 → 완성 초상 풀(판정 2026-09-26) · 02-combinations-25-child-collar.png와 동일 바이트(정본: wave10/v2-candidates-20260926/assets/derived-composition-layers/02-combinations-25-child-collar.png),
wave10,wave10/v2-candidates-20260926/assets/derived-composition-layers/04-random-46-front.png,63f189958d7c539ac450ad5bf4419357efbbedb327d87befa9603f2cf8eb5b11,rejected,,방식 전환: 레이어 합성 → 완성 초상 풀(판정 2026-09-26),
wave10,wave10/v2-candidates-20260926/assets/derived-composition-layers/04-random-46-rear.png,b249c2c34faeeed1bfab9b699a241a1052c266c6a4fca97215c2b30a6395e954,rejected,,방식 전환: 레이어 합성 → 완성 초상 풀(판정 2026-09-26),
wave10,wave10/v2-candidates-20260926/assets/derived-composition-layers/04-random-46-skin.png,6caca5d589578d06219c95d01acd42fd3e1b4c4b78989a8ce6e1a2ac9345340b,rejected,,방식 전환: 레이어 합성 → 완성 초상 풀(판정 2026-09-26),
wave10,wave10/v2-candidates-20260926/assets/derived-composition-layers/04-random-47-skin.png,b799a2fb7a6425d1425e6e05182f829c6f3dd53957c256e378503d3bb798e28d,rejected,,방식 전환: 레이어 합성 → 완성 초상 풀(판정 2026-09-26),
wave10,wave10/v2-candidates-20260926/assets/derived-composition-layers/04-random-48-skin.png,67175b0728600520aef698642fd5befacd7939d53204e8341181ce27a7d544a7,rejected,,방식 전환: 레이어 합성 → 완성 초상 풀(판정 2026-09-26),
wave10,wave10/v2-candidates-20260926/assets/derived-composition-layers/04-random-5-age-skin.png,3d4bff896bf29cc2dd375a3edb2e968ef440ee9bfab2fbcdefd107c47890534b,rejected,,방식 전환: 레이어 합성 → 완성 초상 풀(판정 2026-09-26) · 04-random-40-age-skin.png와 동일 바이트(정본: wave10/v2-candidates-20260926/assets/derived-composition-layers/04-random-40-age-skin.png),
wave10,wave10/v2-candidates-20260926/assets/derived-composition-layers/04-random-5-skin.png,cd1e437ea580dc75d1b7a217c7011748286e583719686e098424258aeb203073,rejected,,방식 전환: 레이어 합성 → 완성 초상 풀(판정 2026-09-26),
wave10,wave10/v2-candidates-20260926/assets/derived-composition-layers/04-random-6-front.png,0d452f8068d9e3281e277fec304e413580e5d98b342eced47aacfd46f1dd50b9,rejected,,방식 전환: 레이어 합성 → 완성 초상 풀(판정 2026-09-26),
wave10,wave10/v2-candidates-20260926/assets/derived-composition-layers/04-random-6-rear.png,847f6a5c35143f4eb0dab2c5b36bdf73b85a0b8fa4138380b4ba63b6e11d4f74,rejected,,방식 전환: 레이어 합성 → 완성 초상 풀(판정 2026-09-26),
wave10,wave10/v2-candidates-20260926/assets/derived-composition-layers/04-random-6-skin.png,6fa94f41095d785a4c7f13b9f6a80e84b7bcb7696b26630d01f46466a7be943e,rejected,,방식 전환: 레이어 합성 → 완성 초상 풀(판정 2026-09-26),
wave10,wave10/v2-candidates-20260926/assets/derived-composition-layers/04-random-7-front.png,9495c1fe3c6624834689e0afa4369f1590896f533e63cf87344be7b2f95e04cd,rejected,,방식 전환: 레이어 합성 → 완성 초상 풀(판정 2026-09-26),
wave10,wave10/v2-candidates-20260926/assets/derived-composition-layers/04-random-7-rear.png,e2fa943db315f9e56db4b4b61cc479e673a42154b7192ede722b4ff4f2905159,rejected,,방식 전환: 레이어 합성 → 완성 초상 풀(판정 2026-09-26),
wave10,wave10/v2-candidates-20260926/assets/derived-composition-layers/04-random-7-skin.png,51b8ee51ec760bd070aab2ee8db38219eee0fbf488f978b964893db4c93bdeed,rejected,,방식 전환: 레이어 합성 → 완성 초상 풀(판정 2026-09-26),
wave10,wave10/v2-candidates-20260926/assets/derived-composition-layers/04-random-8-front.png,29d1260d05258668011b07eba5bbb77b4b13757ec01fe8f88d49c8507a1b70a0,rejected,,방식 전환: 레이어 합성 → 완성 초상 풀(판정 2026-09-26),
wave10,wave10/v2-candidates-20260926/assets/derived-composition-layers/04-random-8-rear.png,847f6a5c35143f4eb0dab2c5b36bdf73b85a0b8fa4138380b4ba63b6e11d4f74,rejected,,방식 전환: 레이어 합성 → 완성 초상 풀(판정 2026-09-26) · 04-random-6-rear.png와 동일 바이트(정본: wave10/v2-candidates-20260926/assets/derived-composition-layers/04-random-6-rear.png),
wave10,wave10/v2-candidates-20260926/assets/derived-composition-layers/04-random-8-skin.png,708bebf81ab8e79ab2811ffdc9fd997902a38f3ff93db47a21bfe5513bcce759,rejected,,방식 전환: 레이어 합성 → 완성 초상 풀(판정 2026-09-26),
wave10,wave10/v2-candidates-20260926/assets/derived-composition-layers/04-random-9-child-collar.png,eaf65e41492b86f3962f81efe9d8649bff1f52461cb50032ab87e31939ae14b3,rejected,,방식 전환: 레이어 합성 → 완성 초상 풀(판정 2026-09-26) · 02-combinations-25-child-collar.png와 동일 바이트(정본: wave10/v2-candidates-20260926/assets/derived-composition-layers/02-combinations-25-child-collar.png),
wave10,wave10/v2-candidates-20260926/assets/derived-composition-layers/04-random-9-front.png,76136470400f7f649f9bdfe192dcac05c970802838d4f23c5cce8a9f40d6f835,rejected,,방식 전환: 레이어 합성 → 완성 초상 풀(판정 2026-09-26),
wave10,wave10/v2-candidates-20260926/assets/derived-composition-layers/04-random-9-rear.png,e5d629e9ed03d78d79be6917dfae4f37f8bb0ce821d1d310e178cb956f6497fd,rejected,,방식 전환: 레이어 합성 → 완성 초상 풀(판정 2026-09-26),
wave10,wave10/v2-candidates-20260926/assets/derived-composition-layers/04-random-9-skin.png,710cb2543361282ea534a2ed8b57675765418c2c8da9c736ad83749eecb3284a,rejected,,방식 전환: 레이어 합성 → 완성 초상 풀(판정 2026-09-26),
wave10,wave10/v2-candidates-20260926/assets/layers/pt_age_f_mature_a.png,f09a0beaf18f3f66bff8d6e901959bf17026f96a44cdecfad2ffa0f81625fcc0,rejected,,방식 전환: 레이어 합성 → 완성 초상 풀(판정 2026-09-26),
wave10,wave10/v2-candidates-20260926/assets/layers/pt_age_f_mature_b.png,93f2ce4c0c2dea75d51f901cdf71c9e79272f29d6100081b5464ea8e83994180,rejected,,방식 전환: 레이어 합성 → 완성 초상 풀(판정 2026-09-26),
wave10,wave10/v2-candidates-20260926/assets/layers/pt_age_f_old_a.png,67fefd58b02b95b413f3b17488dfd51777bd62962fe11b4771f61f0059f0551b,rejected,,방식 전환: 레이어 합성 → 완성 초상 풀(판정 2026-09-26),
wave10,wave10/v2-candidates-20260926/assets/layers/pt_age_f_old_b.png,c77b48a9216741a4c49d513ba09510ad922634a9da5c461bdb538eb5d6f0fd63,rejected,,방식 전환: 레이어 합성 → 완성 초상 풀(판정 2026-09-26),
wave10,wave10/v2-candidates-20260926/assets/layers/pt_age_m_mature_a.png,d1cf44fb91db22de0709b7a540900a6b41e93a101d4bd52474b71cbabd82e41c,rejected,,방식 전환: 레이어 합성 → 완성 초상 풀(판정 2026-09-26),
wave10,wave10/v2-candidates-20260926/assets/layers/pt_age_m_mature_b.png,eb59cad05d636288b9e77fbce97b0b8c499008553e7530795025b4640e9af7d5,rejected,,방식 전환: 레이어 합성 → 완성 초상 풀(판정 2026-09-26),
wave10,wave10/v2-candidates-20260926/assets/layers/pt_age_m_old_a.png,f294d768e51faec1990377d32c8ce26c879b700125582a9eb49487c734e29a6b,rejected,,방식 전환: 레이어 합성 → 완성 초상 풀(판정 2026-09-26),
wave10,wave10/v2-candidates-20260926/assets/layers/pt_age_m_old_b.png,c1b5c8b8bde8877b1398009e45ac09f9cfd2cab0bc3728420249701f64558299,rejected,,방식 전환: 레이어 합성 → 완성 초상 풀(판정 2026-09-26),
wave10,wave10/v2-candidates-20260926/assets/layers/pt_beard_01.png,8abf1a491c06d3d24a98851ff1914c8920f0ef7ad4e159035c5871c6b3fd5f78,rejected,,방식 전환: 레이어 합성 → 완성 초상 풀(판정 2026-09-26),
wave10,wave10/v2-candidates-20260926/assets/layers/pt_beard_01_child.png,28504dfdb10c302c46d8ddbbfdbb715ce1f15312e335613f61554c07cb1d932b,rejected,,방식 전환: 레이어 합성 → 완성 초상 풀(판정 2026-09-26),
wave10,wave10/v2-candidates-20260926/assets/layers/pt_beard_02.png,e849207ed48de8aae56ad588edb212d77dd2f73b07d7e23bdc6323a825a4233b,rejected,,방식 전환: 레이어 합성 → 완성 초상 풀(판정 2026-09-26),
wave10,wave10/v2-candidates-20260926/assets/layers/pt_beard_02_child.png,746e6de324189164f389b4a214c57dee4ce7f3fddd5c10b7725d1084535c34ad,rejected,,방식 전환: 레이어 합성 → 완성 초상 풀(판정 2026-09-26),
wave10,wave10/v2-candidates-20260926/assets/layers/pt_beard_03.png,6d1a2cd1da1b24ed8000a5eb5f76926db3b0f8d05502c44b8c9667d8b7d368f6,rejected,,방식 전환: 레이어 합성 → 완성 초상 풀(판정 2026-09-26),
wave10,wave10/v2-candidates-20260926/assets/layers/pt_beard_03_child.png,e691eda75e63bc23480395741f3ba3e96ca0c250f1717b5c3e9ba61dec1f0b6e,rejected,,방식 전환: 레이어 합성 → 완성 초상 풀(판정 2026-09-26),
wave10,wave10/v2-candidates-20260926/assets/layers/pt_beard_04.png,c6e94912d2680b9a143caa5ec2eef5593479651c6067279828d67236e02f8ed4,rejected,,방식 전환: 레이어 합성 → 완성 초상 풀(판정 2026-09-26),
wave10,wave10/v2-candidates-20260926/assets/layers/pt_beard_04_child.png,924553e8625114863e4f986bb26bcd9fed862d81b8c6962343857d762b7ae31e,rejected,,방식 전환: 레이어 합성 → 완성 초상 풀(판정 2026-09-26),
wave10,wave10/v2-candidates-20260926/assets/layers/pt_beard_05.png,46ce5da5ac7c8b424f5d1d21913bd6d758caae3532c6c29a47621d529ab635ac,rejected,,방식 전환: 레이어 합성 → 완성 초상 풀(판정 2026-09-26),
wave10,wave10/v2-candidates-20260926/assets/layers/pt_beard_05_child.png,56ba624431ada7641c7d282fb7dbdd014c6ee2e363aeeb0fd3979f516acc052d,rejected,,방식 전환: 레이어 합성 → 완성 초상 풀(판정 2026-09-26),
wave10,wave10/v2-candidates-20260926/assets/layers/pt_beard_06.png,0adb18d4008f1fd9ed41ab9fe131f283bb3d32fa5dcfdf9e480e2cabe2025e0d,rejected,,방식 전환: 레이어 합성 → 완성 초상 풀(판정 2026-09-26),
wave10,wave10/v2-candidates-20260926/assets/layers/pt_beard_06_child.png,78d3856128e9e63b3ebb462c75e59c1ebbbc65676cf9c5a8bcaf1cdd4a7bbe23,rejected,,방식 전환: 레이어 합성 → 완성 초상 풀(판정 2026-09-26),
wave10,wave10/v2-candidates-20260926/assets/layers/pt_beard_07.png,5e0f5448425a3ceb55562d4816cde9b6f27c9ff1cfa9ac6de89b4a117dee3ae7,rejected,,방식 전환: 레이어 합성 → 완성 초상 풀(판정 2026-09-26),
wave10,wave10/v2-candidates-20260926/assets/layers/pt_beard_07_child.png,2bf1d64e759c0c06999146cdb3627d241588a3d314764a4cbd0d51a466044837,rejected,,방식 전환: 레이어 합성 → 완성 초상 풀(판정 2026-09-26),
wave10,wave10/v2-candidates-20260926/assets/layers/pt_beard_08.png,a5831ae7765d4b1a7417361a9044478d764a2421f60b0b4ae81efa2af10bae72,rejected,,방식 전환: 레이어 합성 → 완성 초상 풀(판정 2026-09-26),
wave10,wave10/v2-candidates-20260926/assets/layers/pt_beard_08_child.png,70f421d3e0ee3604864bb511299580b9ab254526b4b1f170763eb265574126d7,rejected,,방식 전환: 레이어 합성 → 완성 초상 풀(판정 2026-09-26),
wave10,wave10/v2-candidates-20260926/assets/layers/pt_beard_10.png,48294c465d0bf92ebb33fe65952392a05fe20d5a0b66c6f05ebc34c8d568885c,rejected,,방식 전환: 레이어 합성 → 완성 초상 풀(판정 2026-09-26),
wave10,wave10/v2-candidates-20260926/assets/layers/pt_beard_10_child.png,92b2b57c85fb43fe5e41349df03479ca5e80dc32c1df7ca3f3ccb62bb232c66f,rejected,,방식 전환: 레이어 합성 → 완성 초상 풀(판정 2026-09-26),
wave10,wave10/v2-candidates-20260926/assets/layers/pt_face_c_01.png,66afd400132a4e63fe8f1e9226cac062d5e5bb3da76e3c11d5ed507aeced0fe1,rejected,,방식 전환: 레이어 합성 → 완성 초상 풀(판정 2026-09-26),
wave10,wave10/v2-candidates-20260926/assets/layers/pt_face_c_02.png,f258a8a2cee27753c5668ef8027849cb10f8ac52e2db6cb4d6bc56d78fd92dcb,rejected,,방식 전환: 레이어 합성 → 완성 초상 풀(판정 2026-09-26),
wave10,wave10/v2-candidates-20260926/assets/layers/pt_face_c_03.png,23e5f1ae5104d5a666d073a64b119406681fc8e63b37e3df916e7fa1533b20aa,rejected,,방식 전환: 레이어 합성 → 완성 초상 풀(판정 2026-09-26),
wave10,wave10/v2-candidates-20260926/assets/layers/pt_face_c_04.png,25a7f9c2e059a4e38c5c8b8b395cb9b17227b40e8091de390553f0f9ba1a1cb6,rejected,,방식 전환: 레이어 합성 → 완성 초상 풀(판정 2026-09-26),
wave10,wave10/v2-candidates-20260926/assets/layers/pt_face_f_01.png,fcd401101346ebc11b68866436caf211f10ffa4bff730d6c54bd38961c99593e,rejected,,방식 전환: 레이어 합성 → 완성 초상 풀(판정 2026-09-26),
wave10,wave10/v2-candidates-20260926/assets/layers/pt_face_f_02.png,6510cc69e88907371dc93f0377bc88a548183fe18be19d82311e6dac268d0249,rejected,,방식 전환: 레이어 합성 → 완성 초상 풀(판정 2026-09-26),
wave10,wave10/v2-candidates-20260926/assets/layers/pt_face_f_03.png,29344154a0d60717a561f755f0a86f8a6040b71bebce8e53fcb6ce179eb8a6ac,rejected,,방식 전환: 레이어 합성 → 완성 초상 풀(판정 2026-09-26),
wave10,wave10/v2-candidates-20260926/assets/layers/pt_face_f_04.png,2bb53ee6939bdbdf9f7d8417d59278cae8323450353c6c63e5be2735dad8e9f4,rejected,,방식 전환: 레이어 합성 → 완성 초상 풀(판정 2026-09-26),
wave10,wave10/v2-candidates-20260926/assets/layers/pt_face_f_05.png,7d0a3782303f7bd660fea14ff25bfa0ac26b3447e26871dafb0d082c6382e962,rejected,,방식 전환: 레이어 합성 → 완성 초상 풀(판정 2026-09-26),
wave10,wave10/v2-candidates-20260926/assets/layers/pt_face_f_06.png,e3dfe790b4865715c894b85f457454fed9a9f4a3a3df1858c9b122fa6bc21188,rejected,,방식 전환: 레이어 합성 → 완성 초상 풀(판정 2026-09-26),
wave10,wave10/v2-candidates-20260926/assets/layers/pt_face_f_07.png,5f6f661873d02c5b75d977df35a42888a2cb3dc855b7bce8bcca12fb6fb7dc80,rejected,,방식 전환: 레이어 합성 → 완성 초상 풀(판정 2026-09-26),
wave10,wave10/v2-candidates-20260926/assets/layers/pt_face_f_08.png,8885623e7a0dad9d18f6c96bb12d42d71f88e26cca5ff031047ab41837952756,rejected,,방식 전환: 레이어 합성 → 완성 초상 풀(판정 2026-09-26),
wave10,wave10/v2-candidates-20260926/assets/layers/pt_face_m_01.png,e38e40db41a930e1cbfea7c20d67f3d515a10f76aa117e2156b67be5253313d1,rejected,,방식 전환: 레이어 합성 → 완성 초상 풀(판정 2026-09-26),
wave10,wave10/v2-candidates-20260926/assets/layers/pt_face_m_02.png,8b00a2580c1b0c1965e3e7dc80aeede1e2bfe573e8f07ef24ee749688de3aeab,rejected,,방식 전환: 레이어 합성 → 완성 초상 풀(판정 2026-09-26),
wave10,wave10/v2-candidates-20260926/assets/layers/pt_face_m_03.png,9102da7179848dfba63f7e331d4b06bd780dfe0c3cf3d2ff941efca36c3ba7ff,rejected,,방식 전환: 레이어 합성 → 완성 초상 풀(판정 2026-09-26),
wave10,wave10/v2-candidates-20260926/assets/layers/pt_face_m_04.png,4b9f7eca04db71c62ec2949ff587386e73f4004bfe2f26e736051b5bd58a4b3d,rejected,,방식 전환: 레이어 합성 → 완성 초상 풀(판정 2026-09-26),
wave10,wave10/v2-candidates-20260926/assets/layers/pt_face_m_05.png,15db7c31ff4da796c8825af6566a24bc6fa56751dca80165233520076f38dc5c,rejected,,방식 전환: 레이어 합성 → 완성 초상 풀(판정 2026-09-26),
wave10,wave10/v2-candidates-20260926/assets/layers/pt_face_m_06.png,80517aa5061bc093f3a6029efd1d57ca17611ce705b8d750af7ecdc665ebccd7,rejected,,방식 전환: 레이어 합성 → 완성 초상 풀(판정 2026-09-26),
wave10,wave10/v2-candidates-20260926/assets/layers/pt_face_m_07.png,1c0f400f77792d57a668ef93870b81d4e83eae7119a6411f10e48ba9dc639ddf,rejected,,방식 전환: 레이어 합성 → 완성 초상 풀(판정 2026-09-26),
wave10,wave10/v2-candidates-20260926/assets/layers/pt_face_m_08.png,54e918681d60e550dc306a4348eadc57f676475c2f6eda7f2831cf4d52e668d7,rejected,,방식 전환: 레이어 합성 → 완성 초상 풀(판정 2026-09-26),
wave10,wave10/v2-candidates-20260926/assets/layers/pt_garment_merchant_gown.png,31e72e2fd7ec0176a6227c0f995efe71250bed89c7630f9a407cbe7eeb603c30,rejected,,방식 전환: 레이어 합성 → 완성 초상 풀(판정 2026-09-26),
wave10,wave10/v2-candidates-20260926/assets/layers/pt_garment_work_tunic.png,57d38d27e10cfa7debc4f6b86b6370c1bbce84f786252225ea6a5a5d52aa4c39,rejected,,방식 전환: 레이어 합성 → 완성 초상 풀(판정 2026-09-26),
wave10,wave10/v2-candidates-20260926/assets/layers/pt_hair_c_01.png,247649596789b9550650255949ddf7f39c0213000e11d4a01deec86d3b02cb1b,rejected,,방식 전환: 레이어 합성 → 완성 초상 풀(판정 2026-09-26),
wave10,wave10/v2-candidates-20260926/assets/layers/pt_hair_c_01_rear.png,af3f8e5b54137062ed533071ba80733e7a81f01c9c929afccbc6639c636f6aab,rejected,,방식 전환: 레이어 합성 → 완성 초상 풀(판정 2026-09-26),
wave10,wave10/v2-candidates-20260926/assets/layers/pt_hair_c_02.png,5972f995caf849f65e50ac3977ff146bffc5ccb02dbd2b987fd7b905cfcc0930,rejected,,방식 전환: 레이어 합성 → 완성 초상 풀(판정 2026-09-26),
wave10,wave10/v2-candidates-20260926/assets/layers/pt_hair_c_02_rear.png,e5f61d5290d98ed480e6c9f6db0e7f5c16131d8b4fff7ae737e6063aeae053ec,rejected,,방식 전환: 레이어 합성 → 완성 초상 풀(판정 2026-09-26),
wave10,wave10/v2-candidates-20260926/assets/layers/pt_hair_c_03.png,75edac4d377de541cfee4ee73495edafc4fd427c3eaa4953acb323c77ac53eef,rejected,,방식 전환: 레이어 합성 → 완성 초상 풀(판정 2026-09-26),
wave10,wave10/v2-candidates-20260926/assets/layers/pt_hair_c_03_rear.png,a8103f25ffcf805c40597472e5c987c6e1b14fce044ed4d10217ee540ea2a7c0,rejected,,방식 전환: 레이어 합성 → 완성 초상 풀(판정 2026-09-26),
wave10,wave10/v2-candidates-20260926/assets/layers/pt_hair_c_04.png,912fa26b2611ab00971dd1c37b96703906737c870d277049b3775af1b0b2f65f,rejected,,방식 전환: 레이어 합성 → 완성 초상 풀(판정 2026-09-26),
wave10,wave10/v2-candidates-20260926/assets/layers/pt_hair_c_04_rear.png,43a71a4c1969fe60ba69c8e20b40cc69d7d1f34eebf8e40faef3b148627d5024,rejected,,방식 전환: 레이어 합성 → 완성 초상 풀(판정 2026-09-26),
wave10,wave10/v2-candidates-20260926/assets/layers/pt_hair_c_05.png,69798c226da5024c0bdf5c42f5744029ac9d7ee6f4dc70a19b4b95c3a202ac65,rejected,,방식 전환: 레이어 합성 → 완성 초상 풀(판정 2026-09-26),
wave10,wave10/v2-candidates-20260926/assets/layers/pt_hair_c_05_rear.png,7b6c8992a2a6571bd5a0f7d4f8e02edde956f3782e9c565eff7cf38557c2ee81,rejected,,방식 전환: 레이어 합성 → 완성 초상 풀(판정 2026-09-26),
wave10,wave10/v2-candidates-20260926/assets/layers/pt_hair_c_06.png,8259f62166f8f1ecef94527b1dcccad53680194d52a3acadeb11dec646875417,rejected,,방식 전환: 레이어 합성 → 완성 초상 풀(판정 2026-09-26),
wave10,wave10/v2-candidates-20260926/assets/layers/pt_hair_c_06_rear.png,4c37b118a2a34fae9032749fe6e5cc2af916f81b625b7aa143e9ac055fa360a8,rejected,,방식 전환: 레이어 합성 → 완성 초상 풀(판정 2026-09-26),
wave10,wave10/v2-candidates-20260926/assets/layers/pt_hair_f_01.png,dd1a3fb0b28568cc188f780306604bb662d2d4acd62bc997af607777e3b21722,rejected,,방식 전환: 레이어 합성 → 완성 초상 풀(판정 2026-09-26),
wave10,wave10/v2-candidates-20260926/assets/layers/pt_hair_f_01_rear.png,a13019faaee67639d1da245c91324f167df7f48830ad0b7f972d9a7ee262ac9a,rejected,,방식 전환: 레이어 합성 → 완성 초상 풀(판정 2026-09-26),
wave10,wave10/v2-candidates-20260926/assets/layers/pt_hair_f_01_tucked.png,ffcafaf8673aeb9609c27bf7af93b794108924cc7b28e64e103f9aa5614d91f6,rejected,,방식 전환: 레이어 합성 → 완성 초상 풀(판정 2026-09-26),
wave10,wave10/v2-candidates-20260926/assets/layers/pt_hair_f_01_tucked_rear.png,bc6a35420d49c5b97b34391211b8bbfdf0185732bea0e420c9f9b00b0c0873a1,rejected,,방식 전환: 레이어 합성 → 완성 초상 풀(판정 2026-09-26),
wave10,wave10/v2-candidates-20260926/assets/layers/pt_hair_f_02.png,7a4dd9041c0c28cb65375b42e8f59f2df399f9e94666e1112f079919957434da,rejected,,방식 전환: 레이어 합성 → 완성 초상 풀(판정 2026-09-26),
wave10,wave10/v2-candidates-20260926/assets/layers/pt_hair_f_02_rear.png,ffd02eb02dfab8fe3ba58184c34461eae2085efb64fdffa3150d146219973087,rejected,,방식 전환: 레이어 합성 → 완성 초상 풀(판정 2026-09-26),
wave10,wave10/v2-candidates-20260926/assets/layers/pt_hair_f_02_tucked.png,c4448227ee407c232f1872ee2ea1f1b21039f34718f59e21056cbc8e298170f3,rejected,,방식 전환: 레이어 합성 → 완성 초상 풀(판정 2026-09-26),
wave10,wave10/v2-candidates-20260926/assets/layers/pt_hair_f_02_tucked_rear.png,1b60a693937321b2da2807f9728d9a6e9e013bdfb9d34e4cc3378b886ca22812,rejected,,방식 전환: 레이어 합성 → 완성 초상 풀(판정 2026-09-26),
wave10,wave10/v2-candidates-20260926/assets/layers/pt_hair_f_03.png,f9ed3c21665f2d8e8d0d597a5b43ddbe780a899bf02f2b674871d3de9174a503,rejected,,방식 전환: 레이어 합성 → 완성 초상 풀(판정 2026-09-26),
wave10,wave10/v2-candidates-20260926/assets/layers/pt_hair_f_03_rear.png,321d3229fb12f1cf55c17228aefca4ec668823fa0e43b317f603bcca1e34f8c0,rejected,,방식 전환: 레이어 합성 → 완성 초상 풀(판정 2026-09-26),
wave10,wave10/v2-candidates-20260926/assets/layers/pt_hair_f_03_tucked.png,7b4b1a3db135a0daaf677fc351e58129cf543d33b487a0e1e40b647e2f3cae68,rejected,,방식 전환: 레이어 합성 → 완성 초상 풀(판정 2026-09-26),
wave10,wave10/v2-candidates-20260926/assets/layers/pt_hair_f_03_tucked_rear.png,97be2e5457b02b26e8c9422a32613c21c1c6697a4e0128f1893c7dc99e574e60,rejected,,방식 전환: 레이어 합성 → 완성 초상 풀(판정 2026-09-26),
wave10,wave10/v2-candidates-20260926/assets/layers/pt_hair_f_04.png,a06fbe8d428980a510f64bbf990de90594f8eccd24944946c8af3cf61239a852,rejected,,방식 전환: 레이어 합성 → 완성 초상 풀(판정 2026-09-26),
wave10,wave10/v2-candidates-20260926/assets/layers/pt_hair_f_04_rear.png,b6e8ad83dec4af05abdbab543d3b137bec5977f32c01b7cb70ad0ec3923ba5bc,rejected,,방식 전환: 레이어 합성 → 완성 초상 풀(판정 2026-09-26),
wave10,wave10/v2-candidates-20260926/assets/layers/pt_hair_f_05.png,fec5770ca1202bb22c8ebefd733541c1babe7601c60754d45736c7122a87f445,rejected,,방식 전환: 레이어 합성 → 완성 초상 풀(판정 2026-09-26),
wave10,wave10/v2-candidates-20260926/assets/layers/pt_hair_f_05_rear.png,f434c783050f652e493ee0187dabd77c8e8d438722ce79819d17548aca771df8,rejected,,방식 전환: 레이어 합성 → 완성 초상 풀(판정 2026-09-26),
wave10,wave10/v2-candidates-20260926/assets/layers/pt_hair_f_06.png,be6bfa9a47a6078200c266afedbaedef43fd72a2b2b3e4a2bb9e07ac6c789167,rejected,,방식 전환: 레이어 합성 → 완성 초상 풀(판정 2026-09-26),
wave10,wave10/v2-candidates-20260926/assets/layers/pt_hair_f_06_rear.png,f06c4a17ffa77ae2cac08c5079d1b4b55a6030b6e6267f3acaaf15aa833f3faf,rejected,,방식 전환: 레이어 합성 → 완성 초상 풀(판정 2026-09-26),
wave10,wave10/v2-candidates-20260926/assets/layers/pt_hair_f_07.png,06605ae5950e4d728ac39d42ac4e5f00a45217f1941b9354851e19ba25a0f191,rejected,,방식 전환: 레이어 합성 → 완성 초상 풀(판정 2026-09-26),
wave10,wave10/v2-candidates-20260926/assets/layers/pt_hair_f_07_rear.png,b6ccf74fb22e710c0b12e86d35c5fe4b06ad0e2eb6fd7f4a82f5c39ce58eb9fa,rejected,,방식 전환: 레이어 합성 → 완성 초상 풀(판정 2026-09-26),
wave10,wave10/v2-candidates-20260926/assets/layers/pt_hair_f_07_tucked.png,6d98155918193d7639f52f6eaf671d375fb946dde5dd8b7ceb179bb3eadf7b76,rejected,,방식 전환: 레이어 합성 → 완성 초상 풀(판정 2026-09-26),
wave10,wave10/v2-candidates-20260926/assets/layers/pt_hair_f_07_tucked_rear.png,847f6a5c35143f4eb0dab2c5b36bdf73b85a0b8fa4138380b4ba63b6e11d4f74,rejected,,방식 전환: 레이어 합성 → 완성 초상 풀(판정 2026-09-26) · 04-random-6-rear.png와 동일 바이트(정본: wave10/v2-candidates-20260926/assets/derived-composition-layers/04-random-6-rear.png),
wave10,wave10/v2-candidates-20260926/assets/layers/pt_hair_f_08.png,d75d5d69ee072f00d18aac424b3794f82e1cb83986e938df75955784916cbb0d,rejected,,방식 전환: 레이어 합성 → 완성 초상 풀(판정 2026-09-26),
wave10,wave10/v2-candidates-20260926/assets/layers/pt_hair_f_08_rear.png,014185b1c1572d2125275e030f6848ba2df1444f8b33d3cc27bb1c3f1d75513f,rejected,,방식 전환: 레이어 합성 → 완성 초상 풀(판정 2026-09-26),
wave10,wave10/v2-candidates-20260926/assets/layers/pt_hair_f_08_tucked.png,f3e397267e8efec75f9b9db8e362493065334758f77b90b58f1ff290e811645f,rejected,,방식 전환: 레이어 합성 → 완성 초상 풀(판정 2026-09-26),
wave10,wave10/v2-candidates-20260926/assets/layers/pt_hair_f_08_tucked_rear.png,19fa458bbd6c58af965989ac56ddf277a718808ce0337d5713b5dd96375cae64,rejected,,방식 전환: 레이어 합성 → 완성 초상 풀(판정 2026-09-26),
wave10,wave10/v2-candidates-20260926/assets/layers/pt_hair_f_09.png,3e7208380c7d4c9bea47a79a93b33839aff939db5ee7440897249fa73608ecd9,rejected,,방식 전환: 레이어 합성 → 완성 초상 풀(판정 2026-09-26),
wave10,wave10/v2-candidates-20260926/assets/layers/pt_hair_f_09_rear.png,3d2e48a5f8b7f2f78375979eb51fc7e3198601aaa6134b91de4c5afa712c89da,rejected,,방식 전환: 레이어 합성 → 완성 초상 풀(판정 2026-09-26),
wave10,wave10/v2-candidates-20260926/assets/layers/pt_hair_m_01.png,866bc742c048e3e576f6e2c30c8348ba2b9459b94bf697ab948c8bcbf58144c8,rejected,,방식 전환: 레이어 합성 → 완성 초상 풀(판정 2026-09-26),
wave10,wave10/v2-candidates-20260926/assets/layers/pt_hair_m_01_rear.png,16692159a621aa1c0717e3b01b5093a5cdc623c5e17424861f121d6b22477085,rejected,,방식 전환: 레이어 합성 → 완성 초상 풀(판정 2026-09-26),
wave10,wave10/v2-candidates-20260926/assets/layers/pt_hair_m_01_tucked.png,c00617ede5e5f08df8c730a9a80e48efd9c568416db309c6b0243ad7d65ceb29,rejected,,방식 전환: 레이어 합성 → 완성 초상 풀(판정 2026-09-26),
wave10,wave10/v2-candidates-20260926/assets/layers/pt_hair_m_01_tucked_rear.png,3ae0104fa6d96b167ae33d1477cd43c88e18d14f8a3336c53a37b57020648f71,rejected,,방식 전환: 레이어 합성 → 완성 초상 풀(판정 2026-09-26) · 04-random-16-rear.png와 동일 바이트(정본: wave10/v2-candidates-20260926/assets/derived-composition-layers/04-random-16-rear.png),
wave10,wave10/v2-candidates-20260926/assets/layers/pt_hair_m_02.png,21617d880cf52b857388c08b57978297512b8590ae83f069bd144b40bf39e344,rejected,,방식 전환: 레이어 합성 → 완성 초상 풀(판정 2026-09-26),
wave10,wave10/v2-candidates-20260926/assets/layers/pt_hair_m_02_rear.png,2f5828d1cf7d4cd5fc6a590dff3b1f2eb8816e5f1ea9e269e681c49f38718203,rejected,,방식 전환: 레이어 합성 → 완성 초상 풀(판정 2026-09-26),
wave10,wave10/v2-candidates-20260926/assets/layers/pt_hair_m_03.png,fbca40bf32d95e74c0ab3ee82eb0d194164337d8f482c293379e3608c34f0cc1,rejected,,방식 전환: 레이어 합성 → 완성 초상 풀(판정 2026-09-26),
wave10,wave10/v2-candidates-20260926/assets/layers/pt_hair_m_03_rear.png,d65e7242600eb0bd34320044f2162bad1380a9c431fb4c42097f3db2d936a02b,rejected,,방식 전환: 레이어 합성 → 완성 초상 풀(판정 2026-09-26),
wave10,wave10/v2-candidates-20260926/assets/layers/pt_hair_m_03_tucked.png,9364741dea611b79379a3cd0910e02ae0e6240185147da15352e41520ffd91c1,rejected,,방식 전환: 레이어 합성 → 완성 초상 풀(판정 2026-09-26),
wave10,wave10/v2-candidates-20260926/assets/layers/pt_hair_m_03_tucked_rear.png,4325d68f9a4b1a22bf0ee25c6fe7e808d062eb233868196fe475e844acb9f15b,rejected,,방식 전환: 레이어 합성 → 완성 초상 풀(판정 2026-09-26) · 02-combinations-15-rear.png와 동일 바이트(정본: wave10/v2-candidates-20260926/assets/derived-composition-layers/02-combinations-15-rear.png),
wave10,wave10/v2-candidates-20260926/assets/layers/pt_hair_m_04.png,9146e3082341109a33543e37e95ab0139bcd68e5986891d8b3facd6b1a0bfcdf,rejected,,방식 전환: 레이어 합성 → 완성 초상 풀(판정 2026-09-26),
wave10,wave10/v2-candidates-20260926/assets/layers/pt_hair_m_04_rear.png,f58d4841cbdc0c8a8970df55df457c03b5301999ff6db17178847db3daf73397,rejected,,방식 전환: 레이어 합성 → 완성 초상 풀(판정 2026-09-26),
wave10,wave10/v2-candidates-20260926/assets/layers/pt_hair_m_05.png,c37b3c928ec40b66a097a1b44428334a4681677e4f9a4178fe2d3f0686afffb2,rejected,,방식 전환: 레이어 합성 → 완성 초상 풀(판정 2026-09-26),
wave10,wave10/v2-candidates-20260926/assets/layers/pt_hair_m_05_rear.png,f8f1c0185aa64a26660eb7455024fcf20330d412b3d095398ca7cf6a7dc281c8,rejected,,방식 전환: 레이어 합성 → 완성 초상 풀(판정 2026-09-26),
wave10,wave10/v2-candidates-20260926/assets/layers/pt_hair_m_06.png,8bf35a13d7e78f98645402e37eea620594371d031934a0f829540a564fe08563,rejected,,방식 전환: 레이어 합성 → 완성 초상 풀(판정 2026-09-26),
wave10,wave10/v2-candidates-20260926/assets/layers/pt_hair_m_06_rear.png,a61fe5f6e82ac0afd8cf9d89181d9c166b5f72ebb26ce503ced729148bbbed4f,rejected,,방식 전환: 레이어 합성 → 완성 초상 풀(판정 2026-09-26),
wave10,wave10/v2-candidates-20260926/assets/layers/pt_hair_m_07.png,bfb0b6cf2dd12b61e2b9d5b46123e88613faad0f60fef702ad77baf3fb26e145,rejected,,방식 전환: 레이어 합성 → 완성 초상 풀(판정 2026-09-26),
wave10,wave10/v2-candidates-20260926/assets/layers/pt_hair_m_07_rear.png,b2ae30e136ea4cfecfd8ccad5635faf1b7abee3385d73b67372f9e81d83d6f59,rejected,,방식 전환: 레이어 합성 → 완성 초상 풀(판정 2026-09-26),
wave10,wave10/v2-candidates-20260926/assets/layers/pt_hair_m_08.png,8626f67b78c0a1213f4ca0e3a7bc0bba27aac557ac57c885c2a23573ae7a759f,rejected,,방식 전환: 레이어 합성 → 완성 초상 풀(판정 2026-09-26),
wave10,wave10/v2-candidates-20260926/assets/layers/pt_hair_m_08_rear.png,6ac59c08f83e210e42cbed9533757d6762177d3ac8216cb1fc28de2541ff6d4f,rejected,,방식 전환: 레이어 합성 → 완성 초상 풀(판정 2026-09-26),
wave10,wave10/v2-candidates-20260926/assets/layers/pt_hair_m_08_tucked.png,e2b758514c7424b8a2931737313079b3b3aae5eaf33e774127431c71918e19da,rejected,,방식 전환: 레이어 합성 → 완성 초상 풀(판정 2026-09-26),
wave10,wave10/v2-candidates-20260926/assets/layers/pt_hair_m_08_tucked_rear.png,34998920f9682d73c889038abc7c68cecbd1ec849adad7503277601cb00506b0,rejected,,방식 전환: 레이어 합성 → 완성 초상 풀(판정 2026-09-26),
wave10,wave10/v2-candidates-20260926/assets/layers/pt_hair_m_09.png,737740d07b69110bad0f8603fd5363e055578aa1cd995ffd6d03b10ec93e4471,rejected,,방식 전환: 레이어 합성 → 완성 초상 풀(판정 2026-09-26),
wave10,wave10/v2-candidates-20260926/assets/layers/pt_hair_m_09_rear.png,62ffe556e93bc3292af6ac2e9fbfbdf8634455104bf7908bdcd5ce6833f74265,rejected,,방식 전환: 레이어 합성 → 완성 초상 풀(판정 2026-09-26),
wave10,wave10/v2-candidates-20260926/assets/layers/pt_hair_m_09_tucked.png,8dd1b1d7e810bf250774d21b062de1eb05b5065b0d6fd32b07f2ecaa40d27a51,rejected,,방식 전환: 레이어 합성 → 완성 초상 풀(판정 2026-09-26),
wave10,wave10/v2-candidates-20260926/assets/layers/pt_hair_m_09_tucked_rear.png,fec32d87f3b183826d42614f48d985bc0f0982f877d7d26ddff7db25d566f2db,rejected,,방식 전환: 레이어 합성 → 완성 초상 풀(판정 2026-09-26),
wave10,wave10/v2-candidates-20260926/assets/layers/pt_hat_brim.png,908753db9ba80aebff62d0475fdaa24f8502cb056c49e4910aa52add0292919f,rejected,,방식 전환: 레이어 합성 → 완성 초상 풀(판정 2026-09-26),
wave10,wave10/v2-candidates-20260926/assets/layers/pt_hat_brim_child.png,0297390abb54c267ed92f4614c6977448ded32b71a888c2c47667cec751be9e2,rejected,,방식 전환: 레이어 합성 → 완성 초상 풀(판정 2026-09-26),
wave10,wave10/v2-candidates-20260926/assets/layers/pt_hood.png,d9cd5d57c0ef77b64a43b19d824c6ef8fd1cb5df379ab049b789c92f2de78634,rejected,,방식 전환: 레이어 합성 → 완성 초상 풀(판정 2026-09-26),
wave10,wave10/v2-candidates-20260926/assets/layers/pt_hood_child.png,28feebe9d7a39397bd67cc86bd886b051b7412c1e51573a2cbfca097b308c881,rejected,,방식 전환: 레이어 합성 → 완성 초상 풀(판정 2026-09-26),
wave10,wave10/v2-candidates-20260926/assets/masks/pt_age_f_mature_a_skinmask.png,9fc3e62abf95ab4cbd6062927f02e30c79a6253eac8eabef9c1d06264339c5fe,rejected,,방식 전환: 레이어 합성 → 완성 초상 풀(판정 2026-09-26),
wave10,wave10/v2-candidates-20260926/assets/masks/pt_age_f_mature_b_skinmask.png,c75e196610fc50bdbf6f88991689c767ec874171cb4c70c5291c48be4e977e3b,rejected,,방식 전환: 레이어 합성 → 완성 초상 풀(판정 2026-09-26),
wave10,wave10/v2-candidates-20260926/assets/masks/pt_age_f_old_a_skinmask.png,67e911b48670a591d7279572393306daeef10fcaf376e070f9e863c385446d5a,rejected,,방식 전환: 레이어 합성 → 완성 초상 풀(판정 2026-09-26),
wave10,wave10/v2-candidates-20260926/assets/masks/pt_age_f_old_b_skinmask.png,7a889b27406c4977f86ce088edb72b1fb5f95a981863dd08e4ff7f6114a0ab94,rejected,,방식 전환: 레이어 합성 → 완성 초상 풀(판정 2026-09-26),
wave10,wave10/v2-candidates-20260926/assets/masks/pt_age_m_mature_a_skinmask.png,60a15c49a6aef674131cb9f99147f31e9955a0ff21804088d00ae96e55592fb4,rejected,,방식 전환: 레이어 합성 → 완성 초상 풀(판정 2026-09-26),
wave10,wave10/v2-candidates-20260926/assets/masks/pt_age_m_mature_b_skinmask.png,53bbd0ea19ea1e6356cfea32f5df68a947ea05d7555d289588ca9b8736d1a8de,rejected,,방식 전환: 레이어 합성 → 완성 초상 풀(판정 2026-09-26),
wave10,wave10/v2-candidates-20260926/assets/masks/pt_age_m_old_a_skinmask.png,635b69af37c5b211f782097b34774e140e47c1f7fee190c561458e59c1481b64,rejected,,방식 전환: 레이어 합성 → 완성 초상 풀(판정 2026-09-26),
wave10,wave10/v2-candidates-20260926/assets/masks/pt_age_m_old_b_skinmask.png,89cd7f06a928ce1334bf4d04ae49273f8eb0f1ae7e6f2d90d31ea029041a7ba9,rejected,,방식 전환: 레이어 합성 → 완성 초상 풀(판정 2026-09-26),
wave10,wave10/v2-candidates-20260926/assets/masks/pt_beard_01_child_haircolor.png,efc6b28cead0a405107122bba9753319436dc4b3f31f537b66111a648d2d48e3,rejected,,방식 전환: 레이어 합성 → 완성 초상 풀(판정 2026-09-26),
wave10,wave10/v2-candidates-20260926/assets/masks/pt_beard_01_haircolor.png,567e92765fa5dd9c230d815290ef37b6a3bc8c03440c7d905cfbdb7a8c3cce6d,rejected,,방식 전환: 레이어 합성 → 완성 초상 풀(판정 2026-09-26),
wave10,wave10/v2-candidates-20260926/assets/masks/pt_beard_02_child_haircolor.png,4fa1c6cd68dd38176aea69c7238044d06be8d97a0474fa0e37f6bcbcf5dcbb7f,rejected,,방식 전환: 레이어 합성 → 완성 초상 풀(판정 2026-09-26),
wave10,wave10/v2-candidates-20260926/assets/masks/pt_beard_02_haircolor.png,354da31bac2b61f731dc3c3618be7750b527a10945c3f6a9ee01b0a7f5222a53,rejected,,방식 전환: 레이어 합성 → 완성 초상 풀(판정 2026-09-26),
wave10,wave10/v2-candidates-20260926/assets/masks/pt_beard_03_child_haircolor.png,756fc8188b7a893fedf87fe6ef76d3ddf132ef106b9362431c12f6f6b48f6e3b,rejected,,방식 전환: 레이어 합성 → 완성 초상 풀(판정 2026-09-26),
wave10,wave10/v2-candidates-20260926/assets/masks/pt_beard_03_haircolor.png,e52fededf62c6c3dd432bfc1645340df85e970bb8842a76356fff5c8694285aa,rejected,,방식 전환: 레이어 합성 → 완성 초상 풀(판정 2026-09-26),
wave10,wave10/v2-candidates-20260926/assets/masks/pt_beard_04_child_haircolor.png,d69a8a444aff8e93426a72a9209b45a34f15ddb93b3efc42da3caa3e921926b3,rejected,,방식 전환: 레이어 합성 → 완성 초상 풀(판정 2026-09-26),
wave10,wave10/v2-candidates-20260926/assets/masks/pt_beard_04_haircolor.png,f0f8017aa0c6801ea63b4070c981689b86a433f800adb61094f9aca78a8283b8,rejected,,방식 전환: 레이어 합성 → 완성 초상 풀(판정 2026-09-26),
wave10,wave10/v2-candidates-20260926/assets/masks/pt_beard_05_child_haircolor.png,b1a72d54270698ddc64ab510b6d238a07f5bacbba56558ae432a63623e0e978c,rejected,,방식 전환: 레이어 합성 → 완성 초상 풀(판정 2026-09-26),
wave10,wave10/v2-candidates-20260926/assets/masks/pt_beard_05_haircolor.png,e6fe634e2f0ae6eafe1e51290858460f8329b70047c4cfb9cf6a963f9e178f6e,rejected,,방식 전환: 레이어 합성 → 완성 초상 풀(판정 2026-09-26),
wave10,wave10/v2-candidates-20260926/assets/masks/pt_beard_06_child_haircolor.png,efd6602a35482e8fc60241e96524e01beecb0739b3f39ae9f6691e91e0c55005,rejected,,방식 전환: 레이어 합성 → 완성 초상 풀(판정 2026-09-26),
wave10,wave10/v2-candidates-20260926/assets/masks/pt_beard_06_haircolor.png,2ad127945574b8943104d46f852b41f776f768eeacf353bd103704c62d54f458,rejected,,방식 전환: 레이어 합성 → 완성 초상 풀(판정 2026-09-26),
wave10,wave10/v2-candidates-20260926/assets/masks/pt_beard_07_child_haircolor.png,7197afd2d503c16be870a26a47a82855c4345a49a6670431a8ab5a8b28fa1728,rejected,,방식 전환: 레이어 합성 → 완성 초상 풀(판정 2026-09-26),
wave10,wave10/v2-candidates-20260926/assets/masks/pt_beard_07_haircolor.png,6a05e831881603d08e2c2d912f11479ad1cc73d390f6319ff3ac987cb029bca8,rejected,,방식 전환: 레이어 합성 → 완성 초상 풀(판정 2026-09-26),
wave10,wave10/v2-candidates-20260926/assets/masks/pt_beard_08_child_haircolor.png,f9dc5dfb2f2fbf17fe211f188b0b40a0cb91939413e4512dd98f91228e4d486a,rejected,,방식 전환: 레이어 합성 → 완성 초상 풀(판정 2026-09-26),
wave10,wave10/v2-candidates-20260926/assets/masks/pt_beard_08_haircolor.png,9c93b02c285b4dd642a630522f213989ac351318da8cfef27656070360cee7a0,rejected,,방식 전환: 레이어 합성 → 완성 초상 풀(판정 2026-09-26),
wave10,wave10/v2-candidates-20260926/assets/masks/pt_beard_10_child_haircolor.png,a1853cedadc9d7c29931ad3bef87813df9dc63cbf10279da62d87452bf365754,rejected,,방식 전환: 레이어 합성 → 완성 초상 풀(판정 2026-09-26),
wave10,wave10/v2-candidates-20260926/assets/masks/pt_beard_10_haircolor.png,07d8c9e3d80f018dbc1df4d913722e677c57faa6c9aba17d8baf35ef88a55209,rejected,,방식 전환: 레이어 합성 → 완성 초상 풀(판정 2026-09-26),
wave10,wave10/v2-candidates-20260926/assets/masks/pt_face_c_01_skinmask.png,b18ef30427e73d66531615095b59e8dae95ceb9391e9c1609644bd921a1ecde9,rejected,,방식 전환: 레이어 합성 → 완성 초상 풀(판정 2026-09-26),
wave10,wave10/v2-candidates-20260926/assets/masks/pt_face_c_02_skinmask.png,548b5c0aa8b31fd80db3d1c6df2c5c6300fcb1f225de0b12c1a976b56ccd2eb0,rejected,,방식 전환: 레이어 합성 → 완성 초상 풀(판정 2026-09-26),
wave10,wave10/v2-candidates-20260926/assets/masks/pt_face_c_03_skinmask.png,186465f8a2be095f78192a6277d8c60ef619c16f95a37ec0b8163c3408de6b2e,rejected,,방식 전환: 레이어 합성 → 완성 초상 풀(판정 2026-09-26),
wave10,wave10/v2-candidates-20260926/assets/masks/pt_face_c_04_skinmask.png,8bc8c740bd9d7166fcdaa18ed8728fad0c51acc046e32d5aa5b6ba63912f57d4,rejected,,방식 전환: 레이어 합성 → 완성 초상 풀(판정 2026-09-26),
wave10,wave10/v2-candidates-20260926/assets/masks/pt_face_f_01_skinmask.png,8dc7a9004a06a54204855ba2bd510d3b11b1dba96997a44ebd7df1f5534d9f7d,rejected,,방식 전환: 레이어 합성 → 완성 초상 풀(판정 2026-09-26),
wave10,wave10/v2-candidates-20260926/assets/masks/pt_face_f_02_skinmask.png,226402b38a66683486c451d0da0e01e5fd8d0341ec5ac84747c6b4c9d83aab65,rejected,,방식 전환: 레이어 합성 → 완성 초상 풀(판정 2026-09-26),
wave10,wave10/v2-candidates-20260926/assets/masks/pt_face_f_03_skinmask.png,5b2b30758810ced1c09809327fe964f4702128bf9529961fe36b34ef93aed9d7,rejected,,방식 전환: 레이어 합성 → 완성 초상 풀(판정 2026-09-26),
wave10,wave10/v2-candidates-20260926/assets/masks/pt_face_f_04_skinmask.png,9abc3efa2b7147a1677f77012c2480de21ea4f7a36bc7bce8a9d2b6ce81a1c7d,rejected,,방식 전환: 레이어 합성 → 완성 초상 풀(판정 2026-09-26),
wave10,wave10/v2-candidates-20260926/assets/masks/pt_face_f_05_skinmask.png,9dd0db7c269a9817c0e48b21c3001234e9729e37da3c93c66d8b9b5a6df2d3a8,rejected,,방식 전환: 레이어 합성 → 완성 초상 풀(판정 2026-09-26),
wave10,wave10/v2-candidates-20260926/assets/masks/pt_face_f_06_skinmask.png,717224e9e2403a05842470bd482030d3d45eaadb556420fdc65b97fabb904083,rejected,,방식 전환: 레이어 합성 → 완성 초상 풀(판정 2026-09-26),
wave10,wave10/v2-candidates-20260926/assets/masks/pt_face_f_07_skinmask.png,6f377c13eeae2f729f98a329eec6bde4f4c0f592d930ae16324419ae436f066a,rejected,,방식 전환: 레이어 합성 → 완성 초상 풀(판정 2026-09-26),
wave10,wave10/v2-candidates-20260926/assets/masks/pt_face_f_08_skinmask.png,13aeb6f897944404d26a069101ca102a14a284dc20280d181fb3aabf43eaa690,rejected,,방식 전환: 레이어 합성 → 완성 초상 풀(판정 2026-09-26),
wave10,wave10/v2-candidates-20260926/assets/masks/pt_face_m_01_skinmask.png,f9d37ec1beb1be8cce498ffb123afad2b9d5c65c86c54758210331427bb25656,rejected,,방식 전환: 레이어 합성 → 완성 초상 풀(판정 2026-09-26),
wave10,wave10/v2-candidates-20260926/assets/masks/pt_face_m_02_skinmask.png,4d22c6db8386011c866b18b0e4af7066b5e526c1c3ba8ce677732bbbb37b8a55,rejected,,방식 전환: 레이어 합성 → 완성 초상 풀(판정 2026-09-26),
wave10,wave10/v2-candidates-20260926/assets/masks/pt_face_m_03_skinmask.png,726382811d5418f03f02f5a72808ad714632e80f6ef3b1ba7d1d3ecd7f7621ab,rejected,,방식 전환: 레이어 합성 → 완성 초상 풀(판정 2026-09-26),
wave10,wave10/v2-candidates-20260926/assets/masks/pt_face_m_04_skinmask.png,226a196dde890c7dfbd98bf28458c1a66aee4ae447e7b2e4dcd4689e06c03f40,rejected,,방식 전환: 레이어 합성 → 완성 초상 풀(판정 2026-09-26),
wave10,wave10/v2-candidates-20260926/assets/masks/pt_face_m_05_skinmask.png,13b1190951305e3748d0c627db32565ad6e90437b941ec6d16d8a74338095694,rejected,,방식 전환: 레이어 합성 → 완성 초상 풀(판정 2026-09-26),
wave10,wave10/v2-candidates-20260926/assets/masks/pt_face_m_06_skinmask.png,6643db965eb4126c898d176e5069d311f948d401d17f8e0a601fbce6a7e52a6e,rejected,,방식 전환: 레이어 합성 → 완성 초상 풀(판정 2026-09-26),
wave10,wave10/v2-candidates-20260926/assets/masks/pt_face_m_07_skinmask.png,5a2c9e8365087d2d658bbf05906df89046ac9a050516a2a305e1f74de267c7a2,rejected,,방식 전환: 레이어 합성 → 완성 초상 풀(판정 2026-09-26),
wave10,wave10/v2-candidates-20260926/assets/masks/pt_face_m_08_skinmask.png,b40b931929f29648a82ce26f4979be50827790ead6de38ddfd11360f6e15395e,rejected,,방식 전환: 레이어 합성 → 완성 초상 풀(판정 2026-09-26),
wave10,wave10/v2-candidates-20260926/assets/masks/pt_hair_c_01_haircolor.png,49f5b70fb47ddcae45cd9f53e4e03755632514928fa7f654e01c500cc50429b8,rejected,,방식 전환: 레이어 합성 → 완성 초상 풀(판정 2026-09-26),
wave10,wave10/v2-candidates-20260926/assets/masks/pt_hair_c_01_rear_haircolor.png,1f6c917ae22fcce014151cf91392db6777e462fef4a02c48886c8a07871c0b34,rejected,,방식 전환: 레이어 합성 → 완성 초상 풀(판정 2026-09-26),
wave10,wave10/v2-candidates-20260926/assets/masks/pt_hair_c_02_haircolor.png,963c42eb3afc75576ceb2b2e37622260dc0c444479f4f2f7fe12bd6291c556a3,rejected,,방식 전환: 레이어 합성 → 완성 초상 풀(판정 2026-09-26),
wave10,wave10/v2-candidates-20260926/assets/masks/pt_hair_c_02_rear_haircolor.png,a5ea8f7cedad9e395757463c226eaa974b3838d90eeb5f3b251885b774caa52a,rejected,,방식 전환: 레이어 합성 → 완성 초상 풀(판정 2026-09-26),
wave10,wave10/v2-candidates-20260926/assets/masks/pt_hair_c_03_haircolor.png,7754a369b667488aae15c8a705bd77faf879c9a203e55084560fb3dfc8ca412c,rejected,,방식 전환: 레이어 합성 → 완성 초상 풀(판정 2026-09-26),
wave10,wave10/v2-candidates-20260926/assets/masks/pt_hair_c_03_rear_haircolor.png,c27c9a26dd4fca8cb44ab9a938c3c57e96cf4d48bd6ebc91d21feab9c17d0451,rejected,,방식 전환: 레이어 합성 → 완성 초상 풀(판정 2026-09-26),
wave10,wave10/v2-candidates-20260926/assets/masks/pt_hair_c_04_haircolor.png,f7bfc08398fe152bfd6445f1d3db58412af30522de6179b71d0aba4d44ea3f44,rejected,,방식 전환: 레이어 합성 → 완성 초상 풀(판정 2026-09-26),
wave10,wave10/v2-candidates-20260926/assets/masks/pt_hair_c_04_rear_haircolor.png,bb3c6663cc43b756c91db9ccbc57312113c080fa930dcb2649322e6793a739f1,rejected,,방식 전환: 레이어 합성 → 완성 초상 풀(판정 2026-09-26),
wave10,wave10/v2-candidates-20260926/assets/masks/pt_hair_c_05_haircolor.png,0f5d252011e17c003530532fa01fe6ff2c29448fe00c831f4703457d1bccfb2e,rejected,,방식 전환: 레이어 합성 → 완성 초상 풀(판정 2026-09-26),
wave10,wave10/v2-candidates-20260926/assets/masks/pt_hair_c_05_rear_haircolor.png,228203a9f040556e5ebc7c07f61b422e2dc41394a95705688e7bc4a26fb852a5,rejected,,방식 전환: 레이어 합성 → 완성 초상 풀(판정 2026-09-26),
wave10,wave10/v2-candidates-20260926/assets/masks/pt_hair_c_06_haircolor.png,e4b37773abe95155e35935246b7fba33b5805c5360f784a998af5cf5889f2f2f,rejected,,방식 전환: 레이어 합성 → 완성 초상 풀(판정 2026-09-26),
wave10,wave10/v2-candidates-20260926/assets/masks/pt_hair_c_06_rear_haircolor.png,2e4ad280ac31d3d97dee46c65fad16c674d93a06dc3e809cd9f3f20b9b3a6a83,rejected,,방식 전환: 레이어 합성 → 완성 초상 풀(판정 2026-09-26),
wave10,wave10/v2-candidates-20260926/assets/masks/pt_hair_f_01_haircolor.png,5f61c02bb2a6e9b0c10832bbe7905100338f958cbe4077f3207e351c1d3d4b34,rejected,,방식 전환: 레이어 합성 → 완성 초상 풀(판정 2026-09-26),
wave10,wave10/v2-candidates-20260926/assets/masks/pt_hair_f_01_rear_haircolor.png,92a3ad58281684a06a45794cfc17590f2ac3a57e04c0879f6bff6963ba898013,rejected,,방식 전환: 레이어 합성 → 완성 초상 풀(판정 2026-09-26),
wave10,wave10/v2-candidates-20260926/assets/masks/pt_hair_f_01_tucked_haircolor.png,4c595adaf27a77e3af45e6928abc535ee589135b9d6633ca312518d00fa0c9ce,rejected,,방식 전환: 레이어 합성 → 완성 초상 풀(판정 2026-09-26),
wave10,wave10/v2-candidates-20260926/assets/masks/pt_hair_f_01_tucked_rear_haircolor.png,0d72965ac3617a9b19fe5b5b325024c7fd44cf78a39e79bce220033199474d26,rejected,,방식 전환: 레이어 합성 → 완성 초상 풀(판정 2026-09-26),
wave10,wave10/v2-candidates-20260926/assets/masks/pt_hair_f_02_haircolor.png,dc53f71a5f1774feec3d355e6589ba40f9cb874ae5a21075e6288b1f4d0639e3,rejected,,방식 전환: 레이어 합성 → 완성 초상 풀(판정 2026-09-26),
wave10,wave10/v2-candidates-20260926/assets/masks/pt_hair_f_02_rear_haircolor.png,56d888dcb560833ba2e7150b1c4893bd058c697cf618631044aca04a660041b1,rejected,,방식 전환: 레이어 합성 → 완성 초상 풀(판정 2026-09-26),
wave10,wave10/v2-candidates-20260926/assets/masks/pt_hair_f_02_tucked_haircolor.png,64a1b416e280f8a7a267e32dc1493f227106e22374e3a6bdbe922bed98a006b8,rejected,,방식 전환: 레이어 합성 → 완성 초상 풀(판정 2026-09-26),
wave10,wave10/v2-candidates-20260926/assets/masks/pt_hair_f_02_tucked_rear_haircolor.png,a75d38651aa48db6f613d06b52f6ed22f430b207519026e7ffd36880c8981e5c,rejected,,방식 전환: 레이어 합성 → 완성 초상 풀(판정 2026-09-26),
wave10,wave10/v2-candidates-20260926/assets/masks/pt_hair_f_03_haircolor.png,4cc4d419eee5c00ba39313bd4a1bc77dd1096314e584d56167d7ef4f68921555,rejected,,방식 전환: 레이어 합성 → 완성 초상 풀(판정 2026-09-26),
wave10,wave10/v2-candidates-20260926/assets/masks/pt_hair_f_03_rear_haircolor.png,8d42b6281beefb8068adfc08c8efc826ff0368a2263229a384d249cb58bac9af,rejected,,방식 전환: 레이어 합성 → 완성 초상 풀(판정 2026-09-26),
wave10,wave10/v2-candidates-20260926/assets/masks/pt_hair_f_03_tucked_haircolor.png,714ff7291e73dc2eb6dab63212ba0b470f0eb3b7acb4232f6a556871d3ccc4a0,rejected,,방식 전환: 레이어 합성 → 완성 초상 풀(판정 2026-09-26),
wave10,wave10/v2-candidates-20260926/assets/masks/pt_hair_f_03_tucked_rear_haircolor.png,255adb34d4e15e5e0009b826b36a87c4c5deab1d980e5014e3ef900defac0b46,rejected,,방식 전환: 레이어 합성 → 완성 초상 풀(판정 2026-09-26),
wave10,wave10/v2-candidates-20260926/assets/masks/pt_hair_f_04_haircolor.png,918ff20bc6cdb7c79fb08703e0eeaa6e6dc676fe755970026b33a452b7de9ba4,rejected,,방식 전환: 레이어 합성 → 완성 초상 풀(판정 2026-09-26),
wave10,wave10/v2-candidates-20260926/assets/masks/pt_hair_f_04_rear_haircolor.png,cc79efd98d55ccbe7377a01c0ed018bc16e9f6a2d92436612b5a435a6f98e7a1,rejected,,방식 전환: 레이어 합성 → 완성 초상 풀(판정 2026-09-26),
wave10,wave10/v2-candidates-20260926/assets/masks/pt_hair_f_05_haircolor.png,f25b656f8699803d45a259850d90735a66ec5ba77ffff989f3e2058ba1ccf904,rejected,,방식 전환: 레이어 합성 → 완성 초상 풀(판정 2026-09-26),
wave10,wave10/v2-candidates-20260926/assets/masks/pt_hair_f_05_rear_haircolor.png,f686738eb712a90de9adbef1fd315b6e5d7513e132f018190c1bc2e08495280b,rejected,,방식 전환: 레이어 합성 → 완성 초상 풀(판정 2026-09-26),
wave10,wave10/v2-candidates-20260926/assets/masks/pt_hair_f_06_haircolor.png,701285787134db869756a9d3fba218219254fcafa2462510c5c7d34463533d0f,rejected,,방식 전환: 레이어 합성 → 완성 초상 풀(판정 2026-09-26),
wave10,wave10/v2-candidates-20260926/assets/masks/pt_hair_f_06_rear_haircolor.png,2f72aa720bfde01357da694b20138f0f4b8dcea01db746bd15dbae55d7788b94,rejected,,방식 전환: 레이어 합성 → 완성 초상 풀(판정 2026-09-26),
wave10,wave10/v2-candidates-20260926/assets/masks/pt_hair_f_07_haircolor.png,10b41645e64013d63b3417f0e5d20e0b5f57f8e70872a3fef9ea83f8a4f57ea7,rejected,,방식 전환: 레이어 합성 → 완성 초상 풀(판정 2026-09-26),
wave10,wave10/v2-candidates-20260926/assets/masks/pt_hair_f_07_rear_haircolor.png,990f3501176e097e213e1ff1667adda1be2af0aa6f8e5961af4575ae407459f9,rejected,,방식 전환: 레이어 합성 → 완성 초상 풀(판정 2026-09-26),
wave10,wave10/v2-candidates-20260926/assets/masks/pt_hair_f_07_tucked_haircolor.png,1d77588e01b14cd8e65f66a296e3eb6b370946d3daf4c471055d106d4e28e415,rejected,,방식 전환: 레이어 합성 → 완성 초상 풀(판정 2026-09-26),
wave10,wave10/v2-candidates-20260926/assets/masks/pt_hair_f_07_tucked_rear_haircolor.png,d10f344d50ed8c3da286c905d094664fc60b222b99b7b6c5e6c77608934fbd4a,rejected,,방식 전환: 레이어 합성 → 완성 초상 풀(판정 2026-09-26),
wave10,wave10/v2-candidates-20260926/assets/masks/pt_hair_f_08_haircolor.png,800869ff6c70dc0418e019c20839410843a25c2af857122b8cd269bbc2009fd3,rejected,,방식 전환: 레이어 합성 → 완성 초상 풀(판정 2026-09-26),
wave10,wave10/v2-candidates-20260926/assets/masks/pt_hair_f_08_rear_haircolor.png,b9b1acf58d5b05b7929bea62c7a29e4794272bdb27bb07a8a51dc0d9270022de,rejected,,방식 전환: 레이어 합성 → 완성 초상 풀(판정 2026-09-26),
wave10,wave10/v2-candidates-20260926/assets/masks/pt_hair_f_08_tucked_haircolor.png,9403aa44f054271a8db6c070859283d6aee8c065f9607521aa8f992e009e262a,rejected,,방식 전환: 레이어 합성 → 완성 초상 풀(판정 2026-09-26),
wave10,wave10/v2-candidates-20260926/assets/masks/pt_hair_f_08_tucked_rear_haircolor.png,981bb2095a55f42401906b4bb806838fcd758fe1e4011d0cf239ad3e5a7bd4be,rejected,,방식 전환: 레이어 합성 → 완성 초상 풀(판정 2026-09-26),
wave10,wave10/v2-candidates-20260926/assets/masks/pt_hair_f_09_haircolor.png,91947af074a3655d389d3bcb84b12fa44754771100fa2fe97185f3692e5b2543,rejected,,방식 전환: 레이어 합성 → 완성 초상 풀(판정 2026-09-26),
wave10,wave10/v2-candidates-20260926/assets/masks/pt_hair_f_09_rear_haircolor.png,1a723a7164d1b7036ab3a0337611e97c08c505c7195429c0c5ba03cc0b869614,rejected,,방식 전환: 레이어 합성 → 완성 초상 풀(판정 2026-09-26),
wave10,wave10/v2-candidates-20260926/assets/masks/pt_hair_m_01_haircolor.png,0efd2b44ed35a77173417d8a28e7b119ae0f600b84dd3869d4299727b2dc7fad,rejected,,방식 전환: 레이어 합성 → 완성 초상 풀(판정 2026-09-26),
wave10,wave10/v2-candidates-20260926/assets/masks/pt_hair_m_01_rear_haircolor.png,b4bf99df9fd6db87ec61cc665644471117f79b334e85bee11e0da1f36a34ac5f,rejected,,방식 전환: 레이어 합성 → 완성 초상 풀(판정 2026-09-26),
wave10,wave10/v2-candidates-20260926/assets/masks/pt_hair_m_01_tucked_haircolor.png,2db914af1368c60a4e3cb0b357644ddad8848e4104db5d41aec2e79b2bd94107,rejected,,방식 전환: 레이어 합성 → 완성 초상 풀(판정 2026-09-26),
wave10,wave10/v2-candidates-20260926/assets/masks/pt_hair_m_01_tucked_rear_haircolor.png,3c3272dcdb99e6c954e43eb04d2140cbcf5a8afa17607ae9dc9ed23a11a172e0,rejected,,방식 전환: 레이어 합성 → 완성 초상 풀(판정 2026-09-26),
wave10,wave10/v2-candidates-20260926/assets/masks/pt_hair_m_02_haircolor.png,17c52f1585deba5742e974bc29a006a81e4c86d22cec733baa215c177d6b2f2b,rejected,,방식 전환: 레이어 합성 → 완성 초상 풀(판정 2026-09-26),
wave10,wave10/v2-candidates-20260926/assets/masks/pt_hair_m_02_rear_haircolor.png,6b8335dc2f61b23b5a7a22fb472407fd541459a854db6d13150bbf4f2b59c51f,rejected,,방식 전환: 레이어 합성 → 완성 초상 풀(판정 2026-09-26),
wave10,wave10/v2-candidates-20260926/assets/masks/pt_hair_m_03_haircolor.png,a05012ea48b2697d0552e4ca27f0ab972a541a7a9886312b41f98e0e7580bd87,rejected,,방식 전환: 레이어 합성 → 완성 초상 풀(판정 2026-09-26),
wave10,wave10/v2-candidates-20260926/assets/masks/pt_hair_m_03_rear_haircolor.png,8c1edcb526f6a0280b97e83394f64fc59858b00599601f432c64603a1913b2c5,rejected,,방식 전환: 레이어 합성 → 완성 초상 풀(판정 2026-09-26),
wave10,wave10/v2-candidates-20260926/assets/masks/pt_hair_m_03_tucked_haircolor.png,7ea2b889b5b97526d6953fca713783f999cd7ceba5f0b13bf4a6e5ade658c81b,rejected,,방식 전환: 레이어 합성 → 완성 초상 풀(판정 2026-09-26),
wave10,wave10/v2-candidates-20260926/assets/masks/pt_hair_m_03_tucked_rear_haircolor.png,0affdb042d6a13d9ac3aa65aeb53d1d5d64606cae7f604d6a6215b92fe06ebcb,rejected,,방식 전환: 레이어 합성 → 완성 초상 풀(판정 2026-09-26),
wave10,wave10/v2-candidates-20260926/assets/masks/pt_hair_m_04_haircolor.png,00c36ef696ecfb64ea5e4091f6de19eb3606ac3272d8bff64076338e031c7a38,rejected,,방식 전환: 레이어 합성 → 완성 초상 풀(판정 2026-09-26),
wave10,wave10/v2-candidates-20260926/assets/masks/pt_hair_m_04_rear_haircolor.png,18f2ea0694591684759beae2820483640580f2d9d2da0723ccfe7217689fccdc,rejected,,방식 전환: 레이어 합성 → 완성 초상 풀(판정 2026-09-26),
wave10,wave10/v2-candidates-20260926/assets/masks/pt_hair_m_05_haircolor.png,996318af7faa3d5e71705d41cb4f38bdc720b14726f0922142bd4d535b8254b5,rejected,,방식 전환: 레이어 합성 → 완성 초상 풀(판정 2026-09-26),
wave10,wave10/v2-candidates-20260926/assets/masks/pt_hair_m_05_rear_haircolor.png,8331d893d4eb295ba00df17bb42fbdc4adddfc55c7d8dfb273609d96bb45fbff,rejected,,방식 전환: 레이어 합성 → 완성 초상 풀(판정 2026-09-26),
wave10,wave10/v2-candidates-20260926/assets/masks/pt_hair_m_06_haircolor.png,6c783c115fed18a3dbddd8089aba7dc0c08cf691816008c4aeeb12f7e68a4850,rejected,,방식 전환: 레이어 합성 → 완성 초상 풀(판정 2026-09-26),
wave10,wave10/v2-candidates-20260926/assets/masks/pt_hair_m_06_rear_haircolor.png,a61fe5f6e82ac0afd8cf9d89181d9c166b5f72ebb26ce503ced729148bbbed4f,rejected,,방식 전환: 레이어 합성 → 완성 초상 풀(판정 2026-09-26) · pt_hair_m_06_rear.png와 동일 바이트(정본: wave10/v2-candidates-20260926/assets/layers/pt_hair_m_06_rear.png),
wave10,wave10/v2-candidates-20260926/assets/masks/pt_hair_m_07_haircolor.png,bd207570aff0655aa0cf4b7dd93cd4d9705d388bea4b5b9ae1a2a55dbd1da364,rejected,,방식 전환: 레이어 합성 → 완성 초상 풀(판정 2026-09-26),
wave10,wave10/v2-candidates-20260926/assets/masks/pt_hair_m_07_rear_haircolor.png,107a3ec4ce3f56447b94f0f512aa0f78af570985fb82d32b4da72a75c0e4daaa,rejected,,방식 전환: 레이어 합성 → 완성 초상 풀(판정 2026-09-26),
wave10,wave10/v2-candidates-20260926/assets/masks/pt_hair_m_08_haircolor.png,05c1fd4fbf7914ffe6350ee249dc4a02c05b89a00d1de5a343794ff6141a79fc,rejected,,방식 전환: 레이어 합성 → 완성 초상 풀(판정 2026-09-26),
wave10,wave10/v2-candidates-20260926/assets/masks/pt_hair_m_08_rear_haircolor.png,e97827f9d9d61808777f4097f6757af1cc3249cafee6503868b6105a00e8bdfb,rejected,,방식 전환: 레이어 합성 → 완성 초상 풀(판정 2026-09-26),
wave10,wave10/v2-candidates-20260926/assets/masks/pt_hair_m_08_tucked_haircolor.png,b4e4ba5c84fcf7fe4d96541a421be7c1805484213d0fba35f428478a836234ff,rejected,,방식 전환: 레이어 합성 → 완성 초상 풀(판정 2026-09-26),
wave10,wave10/v2-candidates-20260926/assets/masks/pt_hair_m_08_tucked_rear_haircolor.png,ff814e46f8dccf17cf54868210d6449812c0f0504b4016410fbab31c322f18b5,rejected,,방식 전환: 레이어 합성 → 완성 초상 풀(판정 2026-09-26),
wave10,wave10/v2-candidates-20260926/assets/masks/pt_hair_m_09_haircolor.png,398e44dbe54e287e463cd14a7276994c5a31acda2babaf4979c621afd7ad2b8f,rejected,,방식 전환: 레이어 합성 → 완성 초상 풀(판정 2026-09-26),
wave10,wave10/v2-candidates-20260926/assets/masks/pt_hair_m_09_rear_haircolor.png,210077ae6937f3143caf0b599eac7a4adaa3f3730b268d5cdeec83a95c7ee20b,rejected,,방식 전환: 레이어 합성 → 완성 초상 풀(판정 2026-09-26),
wave10,wave10/v2-candidates-20260926/assets/masks/pt_hair_m_09_tucked_haircolor.png,512a3b1f20b80079187c0a898aee5d77e9bb10d9b7a1de2e2c5780fd169ef048,rejected,,방식 전환: 레이어 합성 → 완성 초상 풀(판정 2026-09-26),
wave10,wave10/v2-candidates-20260926/assets/masks/pt_hair_m_09_tucked_rear_haircolor.png,9c4699280467d17570e7a394ddad91f9c02b10e2321f2a0072c4391a3fb5f77a,rejected,,방식 전환: 레이어 합성 → 완성 초상 풀(판정 2026-09-26),
wave10,wave10/v2-candidates-20260926/assets/masks/pt_hat_brim_child_hairclip.png,4aa150ad883b8c347cec6bfa5be79798d96077e6aa65eeb5c44757bfc234fe4a,rejected,,방식 전환: 레이어 합성 → 완성 초상 풀(판정 2026-09-26),
wave10,wave10/v2-candidates-20260926/assets/masks/pt_hat_brim_hairclip.png,19652539c86b1e1b6ed06745e1325a5f7514330d54cfa01e70b4271eb2fa19a7,rejected,,방식 전환: 레이어 합성 → 완성 초상 풀(판정 2026-09-26),
wave10,wave10/v2-candidates-20260926/assets/masks/pt_hood_child_hairclip.png,afdd7b7e9c2c4f2a109ed1d82890129c909ce47ac21fc7fa6265fcc27209565b,rejected,,방식 전환: 레이어 합성 → 완성 초상 풀(판정 2026-09-26),
wave10,wave10/v2-candidates-20260926/assets/masks/pt_hood_hairclip.png,37e25fc7305afaf0c50126a40caca1361c88841a18fac6866de7da93be434ad9,rejected,,방식 전환: 레이어 합성 → 완성 초상 풀(판정 2026-09-26),
wave10,wave10/v2-candidates-20260926/proofs/checks/01-faces/256.png,a5c81448f61f249a4fdd185187a0b35657733c89bf4e24824b16a683480046ab,rejected,,방식 전환: 레이어 합성 → 완성 초상 풀(판정 2026-09-26),
wave10,wave10/v2-candidates-20260926/proofs/checks/01-faces/96.png,ce68212ca5f20564802c91a422dc481e020310e54abc7eb3e1fee164ea0de1c6,rejected,,방식 전환: 레이어 합성 → 완성 초상 풀(판정 2026-09-26),
wave10,wave10/v2-candidates-20260926/proofs/checks/02-combinations/256.png,24c5facd137a556527991fe0aa54bfd3b53e18555a62a23e8d2db5fb354042fb,rejected,,방식 전환: 레이어 합성 → 완성 초상 풀(판정 2026-09-26),
wave10,wave10/v2-candidates-20260926/proofs/checks/02-combinations/96.png,ef8b9c20cbac17d3128e563bb48b1d82f5c8522a54b8f78d04853add30d86f9f,rejected,,방식 전환: 레이어 합성 → 완성 초상 풀(판정 2026-09-26),
wave10,wave10/v2-candidates-20260926/proofs/checks/03-aging/256.png,5345abb9d2be773676ad11b56da3b0800609c34ef731c1d50cd334941228dfdb,rejected,,방식 전환: 레이어 합성 → 완성 초상 풀(판정 2026-09-26),
wave10,wave10/v2-candidates-20260926/proofs/checks/03-aging/96.png,de230ee1fe16b3c4aa632a0f900b6cb6e536b818982c97292719d5e9e5083a57,rejected,,방식 전환: 레이어 합성 → 완성 초상 풀(판정 2026-09-26),
wave10,wave10/v2-candidates-20260926/proofs/checks/04-random/256.png,3821a45beb13e053b482fcf69423c0df7bcaa42646420cca3004a8155cd13a18,rejected,,방식 전환: 레이어 합성 → 완성 초상 풀(판정 2026-09-26),
wave10,wave10/v2-candidates-20260926/proofs/checks/04-random/96.png,b9778eb0a28b40b4c27c65d31b82311cecb4e04378371fba133c9ceab783800e,rejected,,방식 전환: 레이어 합성 → 완성 초상 풀(판정 2026-09-26),
wave10,wave10/v2-candidates-20260926/proofs/checks/05-edges/dark-256.png,9fce0a4456b7fcfbc25b1122c27e3c73dcc4f4a5383d5b059a670db5bb76f65b,rejected,,방식 전환: 레이어 합성 → 완성 초상 풀(판정 2026-09-26),
wave10,wave10/v2-candidates-20260926/proofs/checks/05-edges/dark-96.png,fd8da641c51b2d912d8e744fbaabf248f64ad2e98ee79fdc4433c74f9500f462,rejected,,방식 전환: 레이어 합성 → 완성 초상 풀(판정 2026-09-26),
wave10,wave10/v2-candidates-20260926/proofs/checks/05-edges/light-256.png,c507a947cb9a3fe805c1cc4e228dbdf4e73d6ba4d3460f4cfc4f0c55eaf64be3,rejected,,방식 전환: 레이어 합성 → 완성 초상 풀(판정 2026-09-26),
wave10,wave10/v2-candidates-20260926/proofs/checks/05-edges/light-96.png,68b6c0ca3e0467c736e013bbcd51654a905028338a4053e9db3f319593c6e788,rejected,,방식 전환: 레이어 합성 → 완성 초상 풀(판정 2026-09-26),
wave11,wave11/candidates-v1/assets/kit_defense/stage_foundation_gate-v1.png,576f7dd75d361c27c4c132ec3c575fb84136d505bf39b71bdea59fd4f1b51e34,confirmed,,Wave 11 공사 키트 확정(판정 2026-09-26),INSTALL-11
wave11,wave11/candidates-v1/assets/kit_defense/stage_foundation_tower-v1.png,f459a496625e8a2edb47c0bc7aaa00ef4821d2ee81c41c56126545470aeacf85,confirmed,,Wave 11 공사 키트 확정(판정 2026-09-26),INSTALL-11
wave11,wave11/candidates-v1/assets/kit_defense/stage_frame_gate-v1.png,11317bae4a5c5b9427a971f2f4521d81f213ac7ef09a20b206351ee46823433f,confirmed,,Wave 11 공사 키트 확정(판정 2026-09-26),INSTALL-11
wave11,wave11/candidates-v1/assets/kit_defense/stage_frame_tower-v1.png,2728f350bbe7692057e5dc4f32485342fe6e74e6bcb71599c4f9eb16f6c4b60f,confirmed,,Wave 11 공사 키트 확정(판정 2026-09-26),INSTALL-11
wave11,wave11/candidates-v1/assets/kit_defense/stage_plot_gate-v1.png,76682d5ad85ae4b19344b7bc1d92d38a4dc48d40a6795bf5461d0d41d3a607bc,confirmed,,Wave 11 공사 키트 확정(판정 2026-09-26),INSTALL-11
wave11,wave11/candidates-v1/assets/kit_defense/stage_plot_tower-v1.png,5f79447c8c93252e6ad8fe52376dae4b9a1b02bef0777d1968315863a72c3d82,confirmed,,Wave 11 공사 키트 확정(판정 2026-09-26),INSTALL-11
wave11,wave11/candidates-v1/assets/kit_defense/stage_roof_gate-v1.png,d5d42141e43be3240d13794312a08b5ccd8c14db6ad386fccc4483f8dfff3368,confirmed,,Wave 11 공사 키트 확정(판정 2026-09-26),INSTALL-11
wave11,wave11/candidates-v1/assets/kit_defense/stage_roof_tower-v1.png,24a8cc17ba8dbcc38dac446642b22ca9dbec520e83b8e0b1f56ce2d84a722280,confirmed,,Wave 11 공사 키트 확정(판정 2026-09-26),INSTALL-11
wave11,wave11/candidates-v1/assets/kit_public/stage_foundation_church-v1.png,e4a368c5e10e985e7dcc8474a40fc1dc0f05bb99dfd5e29669050fc62f0fd646,confirmed,,Wave 11 공사 키트 확정(판정 2026-09-26),INSTALL-11
wave11,wave11/candidates-v1/assets/kit_public/stage_foundation_keep-v1.png,e1dbd47ba9c3be1f3da84dedb954524783fe7e5aacca152f5e12db279c83488c,confirmed,,Wave 11 공사 키트 확정(판정 2026-09-26),INSTALL-11
wave11,wave11/candidates-v1/assets/kit_public/stage_frame_church-v1.png,01f2796bd051649795ae9da820ecf88227a9db031d6b7810e467c6b26bd860c6,confirmed,,Wave 11 공사 키트 확정(판정 2026-09-26),INSTALL-11
wave11,wave11/candidates-v1/assets/kit_public/stage_frame_keep-v1.png,6620f656871e23cf63eb24ef34af5b96de405accfc32287ceddfd3d8e8c14cf7,confirmed,,Wave 11 공사 키트 확정(판정 2026-09-26),INSTALL-11
wave11,wave11/candidates-v1/assets/kit_public/stage_plot_church-v1.png,73cb7230b150c22b8deb1d2797a913ec67608be294a0d82e96105d51695db9af,confirmed,,Wave 11 공사 키트 확정(판정 2026-09-26),INSTALL-11
wave11,wave11/candidates-v1/assets/kit_public/stage_plot_keep-v1.png,8b57b303ce2962adfe70d3e55e9b795f2a1d8252e303bb6ce08ea4c479f5f280,confirmed,,Wave 11 공사 키트 확정(판정 2026-09-26),INSTALL-11
wave11,wave11/candidates-v1/assets/kit_public/stage_roof_church-v1.png,3ecb5d12cc5d7d506c2c50bd7da08faaed03f397a071ff83f43b1a201bccbc25,confirmed,,Wave 11 공사 키트 확정(판정 2026-09-26),INSTALL-11
wave11,wave11/candidates-v1/assets/kit_public/stage_roof_keep-v1.png,68253d3c2e0e030e8fdbc0c65f0d2c8eee4450fe981afc4f35a2259699822d4f,confirmed,,Wave 11 공사 키트 확정(판정 2026-09-26),INSTALL-11
wave11,wave11/candidates-v1/assets/kit_stone/stage_foundation_large-v1.png,d75a7a19c1202deebd87475ae576eca4ec1808718cca94560833ff702139b97d,confirmed,,Wave 11 공사 키트 확정(판정 2026-09-26),INSTALL-11
wave11,wave11/candidates-v1/assets/kit_stone/stage_foundation_medium-v1.png,eee2dd5da8c3e334026441f9e5b7bd4959f84f0ba6993c0edc1aa77d222c7528,confirmed,,Wave 11 공사 키트 확정(판정 2026-09-26),INSTALL-11
wave11,wave11/candidates-v1/assets/kit_stone/stage_frame_large-v1.png,a7110fcddc20a201010ef58a7d319c7373cf6d63416120f41f3212388e402058,confirmed,,Wave 11 공사 키트 확정(판정 2026-09-26),INSTALL-11
wave11,wave11/candidates-v1/assets/kit_stone/stage_frame_medium-v1.png,3000f6a8acc8c755b41be527d57c202b355712222de624cdc4205467a3a95b5a,confirmed,,Wave 11 공사 키트 확정(판정 2026-09-26),INSTALL-11
wave11,wave11/candidates-v1/assets/kit_stone/stage_plot_large-v1.png,db6efee45c2b24975d8b398c32e52ae3261c1ef5417efcac2488e2e9730b9ef6,confirmed,,Wave 11 공사 키트 확정(판정 2026-09-26),INSTALL-11
wave11,wave11/candidates-v1/assets/kit_stone/stage_plot_medium-v1.png,272a8dd00a855aeddb5247c314d1bb8015b46444cfb0fe9f9d584aef3fd5b76d,confirmed,,Wave 11 공사 키트 확정(판정 2026-09-26),INSTALL-11
wave11,wave11/candidates-v1/assets/kit_stone/stage_roof_large-v1.png,1dafe969d757c72f01a388fd763db51de73d6969f8b0068d127a03215f5fd57a,confirmed,,Wave 11 공사 키트 확정(판정 2026-09-26),INSTALL-11
wave11,wave11/candidates-v1/assets/kit_stone/stage_roof_medium-v1.png,3eb3bf9c1a5d2e78515915e331d99efd1a4b9b8b453f26c5e9587cd90d172ae6,confirmed,,Wave 11 공사 키트 확정(판정 2026-09-26),INSTALL-11
wave11,wave11/candidates-v1/assets/kit_timber/raising_frame-v1.png,620f0cb2743177c7da5a1faeebaca37ea768a601e7ce25990bfbbbc2fe205583,confirmed,,Wave 11 공사 키트 확정(판정 2026-09-26),INSTALL-11
wave11,wave11/candidates-v1/assets/kit_timber/stage_foundation_medium-v1.png,37b5b206c967065273085914c51efc35ec84a4e82a6c013540b440a3d72abe3e,confirmed,,Wave 11 공사 키트 확정(판정 2026-09-26),INSTALL-11
wave11,wave11/candidates-v1/assets/kit_timber/stage_foundation_small-v1.png,46b9bd65ce53a32e2f958dc6b237b77f25e79cca57bcb20667450863f8f36308,confirmed,,Wave 11 공사 키트 확정(판정 2026-09-26),INSTALL-11
wave11,wave11/candidates-v1/assets/kit_timber/stage_frame_medium-v1.png,c2ad088dd92323da1c62bd7c8335b2de8f183bc7aa32610e07031582412834a1,confirmed,,Wave 11 공사 키트 확정(판정 2026-09-26),INSTALL-11
wave11,wave11/candidates-v1/assets/kit_timber/stage_frame_small-v1.png,f769e5dcbcfd53f4a2c00aea1eb7f89179bdf8767ba32c93d1ef21270af524e1,confirmed,,Wave 11 공사 키트 확정(판정 2026-09-26),INSTALL-11
wave11,wave11/candidates-v1/assets/kit_timber/stage_plot_medium-v1.png,55db472d9453a88941ddb404d6e4a1950bc8ab813d2130590c59268cf75f12ed,confirmed,,Wave 11 공사 키트 확정(판정 2026-09-26),INSTALL-11
wave11,wave11/candidates-v1/assets/kit_timber/stage_plot_small-v1.png,eec6ab326d845eb0c27d39e9171b0e4a7f47acb5f0c20680633a164ec21c0b5d,confirmed,,Wave 11 공사 키트 확정(판정 2026-09-26),INSTALL-11
wave11,wave11/candidates-v1/assets/kit_timber/stage_roof_medium-v1.png,c63ae6809b5274a6dde0b87f67cd6070fb95172097f5b5f833d75bbd96d643df,confirmed,,Wave 11 공사 키트 확정(판정 2026-09-26),INSTALL-11
wave11,wave11/candidates-v1/assets/kit_timber/stage_roof_small-v1.png,6eccb2cb7a2b6bdc12b8e8c3531b2a51bcf7c8b42088b0aed736c740747dc84e,confirmed,,Wave 11 공사 키트 확정(판정 2026-09-26),INSTALL-11
wave11,wave11/candidates-v1/assets/site/centering_arch-v1.png,2677d45d4280dafbfef12d3e216a4788d2a57682b3d0a669acb25b32e86ec793,confirmed,,Wave 11 공사 키트 확정(판정 2026-09-26),INSTALL-11
wave11,wave11/candidates-v1/assets/site/lime_heap-v1.png,f82c7af6304f52b0bc636de4cd48d3680cd0fd0c217dc370c4835b6eab678359,confirmed,,Wave 11 공사 키트 확정(판정 2026-09-26),INSTALL-11
wave11,wave11/candidates-v1/assets/site/mortar_tub-v1.png,2c1a7f6707fc5daa112d4181953ae2401089141707570db3b1b5c1256e032291,confirmed,,Wave 11 공사 키트 확정(판정 2026-09-26),INSTALL-11
wave11,wave11/candidates-v1/assets/site/ramp_plank-v1.png,16a7c55599f255130fcfc9436c96b310d2ee63047870de217e939b55fbe127f1,confirmed,,Wave 11 공사 키트 확정(판정 2026-09-26),INSTALL-11
wave11,wave11/candidates-v1/assets/site/sawpit-v1.png,a2bccf5e009a5657ebc6ee38ca7592e74987f3980b6a5b0f3a9879c26220ce5f,confirmed,,Wave 11 공사 키트 확정(판정 2026-09-26),INSTALL-11
wave11,wave11/candidates-v1/assets/site/stone_block_hoisted-v1.png,7aebdaa6d32d9a2c963fbd064d05f3276050ce2b9a532552b2c130d9995ebbf8,confirmed,,Wave 11 공사 키트 확정(판정 2026-09-26),INSTALL-11
wave11,wave11/candidates-v1/assets/site/timber_beam_stack-v1.png,ed843c2f7db7e2526e96dad2f19b912848cb5bc5526d3769cba6cab5bbb04125,confirmed,,Wave 11 공사 키트 확정(판정 2026-09-26),INSTALL-11
wave11,wave11/candidates-v1/assets/site/treadwheel_crane-v1.png,cea3cb797ee7f78f90ea5fdd2869d86bdd116861ed36a65f9b2640507c92a3af,confirmed,,Wave 11 공사 키트 확정(판정 2026-09-26),INSTALL-11
wave11,wave11/candidates-v1/assets/work/work_adze_ne-v1.png,a9d1dfeccaa2e3eba20df85db3c917ecd08cfca7ab8952d18021e3c6b4af6c10,confirmed,,Wave 11 공사 키트 확정(판정 2026-09-26),INSTALL-11
wave11,wave11/candidates-v1/assets/work/work_adze_nw-v1.png,bf7fe4c57bb6952ed6ca971756166e9f209922e19dddbcf652f6c362356ec6f1,confirmed,,Wave 11 공사 키트 확정(판정 2026-09-26),INSTALL-11
wave11,wave11/candidates-v1/assets/work/work_adze_se-v1.png,166236f26eb200f8661c9cc1fdb48362afd6916fb423aee2a7cef259936723bd,confirmed,,Wave 11 공사 키트 확정(판정 2026-09-26),INSTALL-11
wave11,wave11/candidates-v1/assets/work/work_adze_sw-v1.png,11325b6edeedbb330870fb49ee5b2c812bfe95340c7bf3d55e33263dbe33b6c5,confirmed,,Wave 11 공사 키트 확정(판정 2026-09-26),INSTALL-11
wave11,wave11/candidates-v1/assets/work/work_saw_ne-v1.png,f956b92c96e7c46ac17087985c7a4092b1c41ed7c4d6254f87871437041160fc,confirmed,,Wave 11 공사 키트 확정(판정 2026-09-26),INSTALL-11
wave11,wave11/candidates-v1/assets/work/work_saw_nw-v1.png,fcbdc18b95c14e5c5fc6444e29718a258c82d205a5e711085854d0fe83711d30,confirmed,,Wave 11 공사 키트 확정(판정 2026-09-26),INSTALL-11
wave11,wave11/candidates-v1/assets/work/work_saw_se-v1.png,d74f7745d9afd126ea41fa8120d971400a75e2b691a6fb3e413ecb4583c3dce8,confirmed,,Wave 11 공사 키트 확정(판정 2026-09-26),INSTALL-11
wave11,wave11/candidates-v1/assets/work/work_saw_sw-v1.png,3a36575bfbca78844821df68b6c6a8140a33c5433ef8f78c5685661ff1bb76bc,confirmed,,Wave 11 공사 키트 확정(판정 2026-09-26),INSTALL-11
wave11,wave11/candidates-v1/assets/work/work_trowel_ne-v1.png,9ec24d9e6581c0f8a5ac0a9b79aeeae96a0ce4b30c383314711032e72d7444f5,confirmed,,Wave 11 공사 키트 확정(판정 2026-09-26),INSTALL-11
wave11,wave11/candidates-v1/assets/work/work_trowel_nw-v1.png,09ea7c77b5e895cc7abbe93768600e64c2e12c7aacbe54552d0d9b463aa2be16,confirmed,,Wave 11 공사 키트 확정(판정 2026-09-26),INSTALL-11
wave11,wave11/candidates-v1/assets/work/work_trowel_se-v1.png,80c03a36933bac46633ad558566ea3972e6f102d91ec44bdb4e6cebb6c44fc47,confirmed,,Wave 11 공사 키트 확정(판정 2026-09-26),INSTALL-11
wave11,wave11/candidates-v1/assets/work/work_trowel_sw-v1.png,b886f5934804668f8e9c571f63050fec53a48834f1705286377969b416815c91,confirmed,,Wave 11 공사 키트 확정(판정 2026-09-26),INSTALL-11
wave11,wave11/candidates-v1/assets/workers/wk_carpenter-v1.png,069ff87ea994f84938efbaac9147975f2c58f5fb5ba8277ecc3aa2be3c722ba8,confirmed,,Wave 11 공사 키트 확정(판정 2026-09-26),INSTALL-11
wave11,wave11/candidates-v1/assets/workers/wk_mason-v1.png,11b39877842908a120a4e2e01664def02cffcc465d39595a626ff61ff7300744,confirmed,,Wave 11 공사 키트 확정(판정 2026-09-26),INSTALL-11
wave11,wave11/candidates-v1/proofs/01-family-stages-zoom.png,1b1932061124f6cb4d63325b48c6bd91c5d01bab6415335db1f7a36d0896edf2,confirmed,,Wave 11 공사 키트 확정(판정 2026-09-26) · 확인 그림,
wave11,wave11/candidates-v1/proofs/02-church-worksite.png,3d2d4f5e836fa47df4549f76aa8bb6542041cee16e1745ebe3a94af69e5f4ff9,confirmed,,Wave 11 공사 키트 확정(판정 2026-09-26) · 확인 그림,
wave11,wave11/candidates-v1/proofs/03-gate-stages.png,91c5a3a54fa62cbe27ab93fa968fbb1780b3f52796f44dbfa60c945bcbaea3ca,confirmed,,Wave 11 공사 키트 확정(판정 2026-09-26) · 확인 그림,
wave11,wave11/candidates-v1/proofs/04-timber-comparison.png,a5f30d2ebe0cae8b2446eb26bf2616a9d9ee0f59a2a0ea3f9c8afa1bffc5abf5,confirmed,,Wave 11 공사 키트 확정(판정 2026-09-26) · 확인 그림,
wave11,wave11/candidates-v1/records/all-assets-contact.png,6589ec9146f24860f88ab3c86fce895044eb68d7162b32b7989519b52a186466,confirmed,,Wave 11 공사 키트 확정(판정 2026-09-26) · 기록 그림,
wave11,wave11/candidates-v1/records/defense-public-contact.png,27b7c566b454dc8acf32d153473d33cde2bfcece8a4b43eac24065ebe9d175da,confirmed,,Wave 11 공사 키트 확정(판정 2026-09-26) · 기록 그림,
wave11,wave11/candidates-v1/records/defense-public-registration.png,890c10b44213970bcb8c21d542a57a9cd1c2b320bb0da41411a55cb57fee45a5,confirmed,,Wave 11 공사 키트 확정(판정 2026-09-26) · 기록 그림,
wave11,wave11/candidates-v1/records/site-contact.png,a9728d1bdf7c01a826343401291e5c7a8d973c7a51036e8e0e3e2f33abd319c2,confirmed,,Wave 11 공사 키트 확정(판정 2026-09-26) · 기록 그림,
wave11,wave11/candidates-v1/records/store-reference-grid.png,1d14d3abe6d900c40cc415d107da60d19dc0dac11268856614d714495201c9f6,confirmed,,Wave 11 공사 키트 확정(판정 2026-09-26) · 기록 그림,
wave11,wave11/candidates-v1/records/timber-stone-contact-overlays.png,c01871370487269b096054c592c1bca68b16246a85f0ef8acd0cd75abbe201a2,confirmed,,Wave 11 공사 키트 확정(판정 2026-09-26) · 기록 그림,
wave11,wave11/candidates-v1/records/timber-stone-reference-grid.png,42aacd83cece17295458079e59fa1ad3ecec674764eea0b4f6eb42c116b6bf60,confirmed,,Wave 11 공사 키트 확정(판정 2026-09-26) · 기록 그림,
wave11,wave11/candidates-v1/records/timber-stone-representatives.png,58621b27a00f1b8faf2843b0612caf1b50d9f10378a3df6fe64ee3392de9b08b,confirmed,,Wave 11 공사 키트 확정(판정 2026-09-26) · 기록 그림,
wave11,wave11/candidates-v1/records/tools-proof.png,66d870b80effa08f6c8e27febc294ccc555130df09fbb50c3b5e7894f874c007,confirmed,,Wave 11 공사 키트 확정(판정 2026-09-26) · 기록 그림,
wave11,wave11/candidates-v1/records/workers-overlay.png,da45732e9c3ce2bbaf01d8b0744eabfc92b1e3758a71a38c4a2f6f3f19b032bb,confirmed,,Wave 11 공사 키트 확정(판정 2026-09-26) · 기록 그림,
wave12,wave12/candidates-20260926/assets/active/almshouse-active-v1.png,4a60aeb3e530ea1beb266bd5c2a726e019f8a63a10ee34873f029bf9f96c084c,superseded,wave12/rework-20260926/assets/active/almshouse-active-v1.png,가동 오버레이 재작업본으로 대체(판정 2026-09-26),
wave12,wave12/candidates-20260926/assets/active/bridge_chapel-active-v1.png,8e126851c9c665fa256b0ecaed530b43368dd02799326b527cf5f7c517d8b535,superseded,wave12/rework-20260926/assets/active/bridge_chapel-active-v1.png,가동 오버레이 재작업본으로 대체(판정 2026-09-26),
wave12,wave12/candidates-20260926/assets/active/butcher_shambles-active-v1.png,b9b4e5a4137efff90ea487d9f41f156d07cc5dedd4878bc788a12bf07d8297a2,superseded,wave12/rework-20260926/assets/active/butcher_shambles-active-v1.png,가동 오버레이 재작업본으로 대체(판정 2026-09-26),
wave12,wave12/candidates-20260926/assets/active/chantry_chapel-active-v1.png,d109c7b3eb70c68b008a3bd67577884adb485d72896431218c1210e8008e7c02,superseded,wave12/rework-20260926/assets/active/chantry_chapel-active-v1.png,가동 오버레이 재작업본으로 대체(판정 2026-09-26),
wave12,wave12/candidates-20260926/assets/active/charcoal_clamp-active-v1.png,013db6798c3b4a4710399056f4ff5d540238f0bd2245c1b69959b445523c60c4,confirmed,,가동 오버레이 확정(판정 2026-09-26),
wave12,wave12/candidates-20260926/assets/active/communal_oven-active-v1.png,ab8c32bac0c297e70d1549b54005fb4a238bc3c17f669048c21ea657fb1a4e9f,confirmed,,가동 오버레이 확정(판정 2026-09-26),
wave12,wave12/candidates-20260926/assets/active/conduit_house-active-v1.png,977a10a00016a14fe392faf2833c794d7789f26e90f524b69684097fb38644f3,superseded,wave12/rework-20260926/assets/active/conduit_house-active-v1.png,가동 오버레이 재작업본으로 대체(판정 2026-09-26),
wave12,wave12/candidates-20260926/assets/active/cordwainer-active-v1.png,55d7e2b064ba13e2e249493bb13ed8aa3deb1b02dad635ec713e32133124c642,superseded,wave12/rework-20260926/assets/active/cordwainer-active-v1.png,가동 오버레이 재작업본으로 대체(판정 2026-09-26),
wave12,wave12/candidates-20260926/assets/active/guildhall-active-v1.png,c7ca9ab9fbc827e770691c7e182b4f4e3a11499741820cfc40713610c7346f51,superseded,wave12/rework-20260926/assets/active/guildhall-active-v1.png,가동 오버레이 재작업본으로 대체(판정 2026-09-26),
wave12,wave12/candidates-20260926/assets/active/hospital-active-v1.png,8c9aa3f1ffb1b138aceff38e76271a0e7381df1f209320b62b738504dc5e9784,superseded,wave12/rework-20260926/assets/active/hospital-active-v1.png,가동 오버레이 재작업본으로 대체(판정 2026-09-26),
wave12,wave12/candidates-20260926/assets/active/inn_a-active-v1.png,61efaec46c49b1218bdf7e083b60afc1c979447b17b77b8943d59af88db09b09,superseded,wave12/rework-20260926/assets/active/inn_a-active-v1.png,가동 오버레이 재작업본으로 대체(판정 2026-09-26),
wave12,wave12/candidates-20260926/assets/active/inn_b-active-v1.png,9d8e7394719addb164ea4cc33731728f5a35d7914e71dbdd462d1942ed80c8a3,superseded,wave12/rework-20260926/assets/active/inn_b-active-v1.png,가동 오버레이 재작업본으로 대체(판정 2026-09-26),
wave12,wave12/candidates-20260926/assets/active/lime_kiln-active-v1.png,3edba3473dc0f33debbaaa79a4d940f3f7580ec3a88749c97050b2b6c340599b,confirmed,,가동 오버레이 확정(판정 2026-09-26),
wave12,wave12/candidates-20260926/assets/active/manor_house_a-active-v1.png,98ed0dd5361dc289835a1cd8e96b6b59be9404544581bf6f5f9a3630dbdac6bb,superseded,wave12/rework-20260926/assets/active/manor_house_a-active-v1.png,가동 오버레이 재작업본으로 대체(판정 2026-09-26),
wave12,wave12/candidates-20260926/assets/active/manor_house_b-active-v1.png,1b798cb1e3def1a43658f8393464f0a859a94f2e644edfaec22a9276a993582d,superseded,wave12/rework-20260926/assets/active/manor_house_b-active-v1.png,가동 오버레이 재작업본으로 대체(판정 2026-09-26),
wave12,wave12/candidates-20260926/assets/active/market_cross_stone-active-v1.png,f7baf45553d1e392f15aab0b118c7f9d357dbdf36c316ea609171ff1b2c416d4,superseded,wave12/rework-20260926/assets/active/market_cross_stone-active-v1.png,가동 오버레이 재작업본으로 대체(판정 2026-09-26),
wave12,wave12/candidates-20260926/assets/active/market_cross_wood-active-v1.png,a152afea8560084d37a467b2ceec1034dd0b01a405e8827df0be70a07d2ca08b,superseded,wave12/rework-20260926/assets/active/market_cross_wood-active-v1.png,가동 오버레이 재작업본으로 대체(판정 2026-09-26),
wave12,wave12/candidates-20260926/assets/active/pilgrim_shrine-active-v1.png,4677744a7a4fd41d1683d1a334109e1a4a69b04f26fe22e52bfe2024176e66bf,superseded,wave12/rework-20260926/assets/active/pilgrim_shrine-active-v1.png,가동 오버레이 재작업본으로 대체(판정 2026-09-26),
wave12,wave12/candidates-20260926/assets/active/pottery_kiln-active-v1.png,5acdfdd6c899e6587de8a49152139e28f27bd9132ff8d0ee831ba09231925101,confirmed,,가동 오버레이 확정(판정 2026-09-26),
wave12,wave12/candidates-20260926/assets/active/priory_cell-active-v1.png,ba35a900ff6a947bc70a3ffa4d1aac776b6e8bb1f4bb9f1951f6ff7d8e2d0488,superseded,wave12/rework-20260926/assets/active/priory_cell-active-v1.png,가동 오버레이 재작업본으로 대체(판정 2026-09-26),
wave12,wave12/candidates-20260926/assets/active/quay-active-v1.png,70e16ca30d08b0e34e3c45f947d6968a8ffa0d0eae14d83b472e2582f7d65566,superseded,wave12/rework-20260926/assets/active/quay-active-v1.png,가동 오버레이 재작업본으로 대체(판정 2026-09-26),
wave12,wave12/candidates-20260926/assets/active/smithy_a-active-v1.png,196e8127240726f8d4534bebba775f63ff2fb48cf9671b48ab6029ea279f9fa0,superseded,wave12/rework-20260926/assets/active/smithy_a-active-v1.png,가동 오버레이 재작업본으로 대체(판정 2026-09-26),
wave12,wave12/candidates-20260926/assets/active/smithy_b-active-v1.png,7ad6b28833663437afbbb11b9426ed1dc9c056ed64a28fbe4ed4606aa36dbcdb,superseded,wave12/rework-20260926/assets/active/smithy_b-active-v1.png,가동 오버레이 재작업본으로 대체(판정 2026-09-26),
wave12,wave12/candidates-20260926/assets/active/tailor-active-v1.png,143ee0a67f19fff001523066d73a3f707c4e8aa0868a58d0665995a3921e38c0,superseded,wave12/rework-20260926/assets/active/tailor-active-v1.png,가동 오버레이 재작업본으로 대체(판정 2026-09-26),
wave12,wave12/candidates-20260926/assets/active/tannery_a-active-v1.png,f72feb87a114106926dffd367e82e398e77c67f1ac5de66382593ddc865fc022,superseded,wave12/rework-20260926/assets/active/tannery_a-active-v1.png,가동 오버레이 재작업본으로 대체(판정 2026-09-26),
wave12,wave12/candidates-20260926/assets/active/tannery_b-active-v1.png,8d67810005e8d3e646f05ac858a60dcdadd34867fa02dcc6c0a072175b86486e,superseded,wave12/rework-20260926/assets/active/tannery_b-active-v1.png,가동 오버레이 재작업본으로 대체(판정 2026-09-26),
wave12,wave12/candidates-20260926/assets/active/tithe_barn-active-v1.png,97eec036d0d51cdda04f93dd91cde361c308a920de508ae66139587f0e625b82,superseded,wave12/rework-20260926/assets/active/tithe_barn-active-v1.png,가동 오버레이 재작업본으로 대체(판정 2026-09-26),
wave12,wave12/candidates-20260926/assets/active/tolbooth-active-v1.png,d8e127f8cdddab9e8e812d86589da6022affb30c2d35560b6c9eb7312f0f98c0,superseded,wave12/rework-20260926/assets/active/tolbooth-active-v1.png,가동 오버레이 재작업본으로 대체(판정 2026-09-26),
wave12,wave12/candidates-20260926/assets/bld/almshouse-v1.png,9f756b1011dba1d33dca6b87f55079bc8a8ca491edad479d69b39fa4aa5e4a33,confirmed,,본체 확정(판정 2026-09-26),
wave12,wave12/candidates-20260926/assets/bld/bridge_chapel-v1.png,aac61294b358f64235c0aff7b75a52a8f500add8bc3155dce91b732580468f2e,confirmed,,본체 확정(판정 2026-09-26),
wave12,wave12/candidates-20260926/assets/bld/butcher_shambles-v1.png,4c6e2cdc1b1bb0939cf45a4270fa5b4b34ff3ff55b63e4fffa763d3e0d16c281,confirmed,,본체 확정(판정 2026-09-26),
wave12,wave12/candidates-20260926/assets/bld/chantry_chapel-v1.png,080b53329b83c2d15b6493208379072481adba7abcdf93175ec2aefc7d41be47,confirmed,,본체 확정(판정 2026-09-26),
wave12,wave12/candidates-20260926/assets/bld/charcoal_clamp-v1.png,97aedc00809bdf89ad68f8e3faa2cbf4ef94cd5a4d7e41e7a59408967cdfd35e,confirmed,,본체 확정(판정 2026-09-26),
wave12,wave12/candidates-20260926/assets/bld/communal_oven-v1.png,4b1b0960e9654539b4ecb3f3bc4358ab993742b3ad10b408571ca448d30dd43b,confirmed,,본체 확정(판정 2026-09-26),
wave12,wave12/candidates-20260926/assets/bld/conduit_house-v1.png,42811aca431c3be1bc0daf9c28f8b7fea6626c5e6e6f2c24158a4b073d356d31,confirmed,,본체 확정(판정 2026-09-26),
wave12,wave12/candidates-20260926/assets/bld/cordwainer-v1.png,44567853642d5ecb8ee19d9ec4e0f41897736ca8ac5d5745a9dfdd64e2d89b9f,confirmed,,본체 확정(판정 2026-09-26),
wave12,wave12/candidates-20260926/assets/bld/ditch_drain-v1.png,a31bd52910edbc49843a36c4fa40be5dae334874129d60f536bb664a2be62d9c,confirmed,,본체 확정(판정 2026-09-26),
wave12,wave12/candidates-20260926/assets/bld/guildhall-v1.png,ec19064c1cb777ef0e9edf11806b23d1e65e6fbf5fb66b16c452670a06de6c94,confirmed,,본체 확정(판정 2026-09-26),UI-9
wave12,wave12/candidates-20260926/assets/bld/hospital-v1.png,05a89e58b2ed323514db85c52016051f568c3a4c2c0e312818b574821a061fdb,confirmed,,본체 확정(판정 2026-09-26),
wave12,wave12/candidates-20260926/assets/bld/inn_a-v1.png,805ee5d3aa8739018a7495dc4034f47b29f309c74acd337d7e197722f824ed9f,confirmed,,본체 확정(판정 2026-09-26),
wave12,wave12/candidates-20260926/assets/bld/inn_b-v1.png,bf5d87b560373de18c3250bd2ff4944ade46594e12bb79714472820c489755a6,confirmed,,본체 확정(판정 2026-09-26),
wave12,wave12/candidates-20260926/assets/bld/lime_kiln-v1.png,423509fe49d224d68ed75a02c783226efeaa61d36bb02b0fd8a49b6c7faaffe3,confirmed,,본체 확정(판정 2026-09-26),
wave12,wave12/candidates-20260926/assets/bld/manor_house_a-v1.png,916941e26116e6344755466e902e067b43fe1494994ea74fafe664bb53c6f745,confirmed,,본체 확정(판정 2026-09-26),
wave12,wave12/candidates-20260926/assets/bld/manor_house_b-v1.png,ee3335da84739e139156ed879342ee0312e4a13bd36ee0bf12ce4252fcc3edb4,confirmed,,본체 확정(판정 2026-09-26),
wave12,wave12/candidates-20260926/assets/bld/market_cross_stone-v1.png,5583e11a0d6693e93e237d127e2b2fd2a53b8935cfd502a7407b42039b33a858,confirmed,,본체 확정(판정 2026-09-26),
wave12,wave12/candidates-20260926/assets/bld/market_cross_wood-v1.png,0c4ac1e67a74162bce14e7d11f1e536d6921a02ce3cbff8719e31ff6fc6fdd2c,confirmed,,본체 확정(판정 2026-09-26),
wave12,wave12/candidates-20260926/assets/bld/pilgrim_shrine-v1.png,27f9a582e783549658e29ad34409eb95f2099214e955aeec603d9859e616a509,confirmed,,본체 확정(판정 2026-09-26),
wave12,wave12/candidates-20260926/assets/bld/pottery_kiln-v1.png,eff1cb20173f85c47bab95f1225524136a84a27727add880a5ee4cb2a101a643,confirmed,,본체 확정(판정 2026-09-26),
wave12,wave12/candidates-20260926/assets/bld/priory_cell-v1.png,0a212871e6f9396557e2db1798e10065275ab405603d3cf3088b3c305b3e0c5d,confirmed,,본체 확정(판정 2026-09-26),
wave12,wave12/candidates-20260926/assets/bld/quay-v1.png,9d6a9985830b6cc6ddfb65f7d670fb9172a6ff3c67d8e3e565e9439bbd74fabf,confirmed,,본체 확정(판정 2026-09-26),UI-6b
wave12,wave12/candidates-20260926/assets/bld/smithy_a-v1.png,f915bfe2b4fea0d6e2dff33f0a766a6b271b66cd6f726764a25434ada68efed9,confirmed,,본체 확정(판정 2026-09-26),
wave12,wave12/candidates-20260926/assets/bld/smithy_b-v1.png,e214148379a8394dd3da2c4c28a415ddcb5902d5a1f0d560396b11a4dce6d6ac,confirmed,,본체 확정(판정 2026-09-26),
wave12,wave12/candidates-20260926/assets/bld/tailor-v1.png,aa9b26d7203f1c6814cfe2a26d0f97c6ab1ac1da0bad053f4dab18e3005f0146,confirmed,,본체 확정(판정 2026-09-26),
wave12,wave12/candidates-20260926/assets/bld/tannery_a-v1.png,251c4094f59a11eae6df6cfd3ef10db9262ac34fcc77b90a1149c7055e2ec88c,confirmed,,본체 확정(판정 2026-09-26),
wave12,wave12/candidates-20260926/assets/bld/tannery_b-v1.png,e34ed3dcb6f5874f7ac7c0ca0cb34c9fa68281243e98c967afe48583d07c90e5,confirmed,,본체 확정(판정 2026-09-26),
wave12,wave12/candidates-20260926/assets/bld/tithe_barn-v1.png,22e65f05f11bf018a02027eceb038146e5bd5533dff856d04be8a7c9f98bd9ff,confirmed,,본체 확정(판정 2026-09-26),
wave12,wave12/candidates-20260926/assets/bld/tolbooth-v1.png,4443717041eec611380cceab5df39050223ae4d4c981bce160a54ec33dbcfea7,confirmed,,본체 확정(판정 2026-09-26),
wave12,wave12/candidates-20260926/assets/icons/buildings_AB-96.png,d36b10a779ea347d67ae2936577a154746134e60858af7237a2ec1a14f210339,confirmed,,아이콘 시트 확정(판정 2026-09-26),
wave12,wave12/candidates-20260926/assets/icons/buildings_C-96.png,4b9df75470a49ae97a20fd96e1359954ab4c5ea9ba629d9b4e62d610967ede11,confirmed,,아이콘 시트 확정(판정 2026-09-26),
wave12,wave12/candidates-20260926/assets/icons/buildings_D-96.png,52b867047c8daea62e39b07a377edbe6629071b3a2ca8e08604631217a33da0c,confirmed,,아이콘 시트 확정(판정 2026-09-26),
wave12,wave12/candidates-20260926/proofs/checks/01_all_same_scale.png,49c7617ceb0ea497b1b8facc18361bb6c6dd3021d9fcbd297766a720fc6d8663,confirmed,,확인 그림 확정(판정 2026-09-26),
wave12,wave12/candidates-20260926/proofs/checks/02_street_off_on.png,a246d9274dd256ef3b5b1533fa04daecd0d54f9702be05c9ec22b8f76a92bca4,confirmed,,확인 그림 확정(판정 2026-09-26),
wave12,wave12/candidates-20260926/proofs/checks/03_town_edge.png,3831ca3ef13b8ef7c950fbb162a83cc4cc710020602950f475cea9ce09a099fc,confirmed,,확인 그림 확정(판정 2026-09-26),
wave12,wave12/candidates-20260926/proofs/checks/04_icons_24px.png,0bb574a1281d1f9f95fac2b0a1bd88f54f3485d924955976f59511e599471c47,confirmed,,확인 그림 확정(판정 2026-09-26),
wave12,wave12/rework-20260926/assets/active/almshouse-active-v1.png,e0724b8f8bd638d52401fd8fe0b3b5e3420992de44239c276a7272f5150993cd,confirmed,,가동 오버레이 재작업본 확정(판정 2026-09-26),
wave12,wave12/rework-20260926/assets/active/bridge_chapel-active-v1.png,124418e425dec3508e8d8b6c3df4499c7e24e339183a69efec5ad6bc12324b6a,confirmed,,가동 오버레이 재작업본 확정(판정 2026-09-26),
wave12,wave12/rework-20260926/assets/active/butcher_shambles-active-v1.png,b632fe95d17587aa1513f4dda7e0b561277e8e35ffda900ef48110805793f0cd,confirmed,,가동 오버레이 재작업본 확정(판정 2026-09-26),
wave12,wave12/rework-20260926/assets/active/chantry_chapel-active-v1.png,fa1c59ea6be1df15ae47182b813074aba2bf33fd04bdc4fcf25c3e361707f1d9,confirmed,,가동 오버레이 재작업본 확정(판정 2026-09-26),
wave12,wave12/rework-20260926/assets/active/conduit_house-active-v1.png,c02601948d7ce1ea3cf36e9c835f4e04ad5359454411775b1fd3c7cc085bb58a,confirmed,,가동 오버레이 재작업본 확정(판정 2026-09-26),
wave12,wave12/rework-20260926/assets/active/cordwainer-active-v1.png,3a81e27ca3bba621a40323e1880bbb4c87aeda244786c37ac01cbae120881ea2,confirmed,,가동 오버레이 재작업본 확정(판정 2026-09-26),
wave12,wave12/rework-20260926/assets/active/guildhall-active-v1.png,5b0dcd48a3bfffd51c060191e9a441d46a2187a08c19a37d5da2b30198c0392e,confirmed,,가동 오버레이 재작업본 확정(판정 2026-09-26),UI-9
wave12,wave12/rework-20260926/assets/active/hospital-active-v1.png,2ec3e41f070a60dc657de4b21c0c467384e70fa65a41dccebfa8676306fb3078,confirmed,,가동 오버레이 재작업본 확정(판정 2026-09-26),
wave12,wave12/rework-20260926/assets/active/inn_a-active-v1.png,ad89cf31f453338a18fe194e11d2cc497fd0d6eee8e0238b1dae640d340f9f3c,confirmed,,가동 오버레이 재작업본 확정(판정 2026-09-26),
wave12,wave12/rework-20260926/assets/active/inn_b-active-v1.png,71ea2a73d401f913bc364637ee76317f21ae80fecad901ee1cda3814fd349b67,confirmed,,가동 오버레이 재작업본 확정(판정 2026-09-26),
wave12,wave12/rework-20260926/assets/active/manor_house_a-active-v1.png,b4f31837396d8e9963005175c9778cbe37dba8f2acf866efcd745a204ef6571d,confirmed,,가동 오버레이 재작업본 확정(판정 2026-09-26),
wave12,wave12/rework-20260926/assets/active/manor_house_b-active-v1.png,e3747baeece06683f9aa185095a88f4369b8dbd5fc4241ffad925aea50787372,confirmed,,가동 오버레이 재작업본 확정(판정 2026-09-26),
wave12,wave12/rework-20260926/assets/active/market_cross_stone-active-v1.png,e8c53a1d203e425dab2ab592f10aee41fa00fd0e4b7285dcab4db944430d775d,confirmed,,가동 오버레이 재작업본 확정(판정 2026-09-26),
wave12,wave12/rework-20260926/assets/active/market_cross_wood-active-v1.png,af6f4cb7b5d0c987478ba800fc387446974e1da2ba0fd4425e37ca648b84dfff,confirmed,,가동 오버레이 재작업본 확정(판정 2026-09-26),
wave12,wave12/rework-20260926/assets/active/pilgrim_shrine-active-v1.png,f6369e0b4f43cef0dc6b3a1e5831ed22045e69c6846a37d992b1b8e111ee5ff9,confirmed,,가동 오버레이 재작업본 확정(판정 2026-09-26),
wave12,wave12/rework-20260926/assets/active/priory_cell-active-v1.png,5ddfef85574ebfbf8c5295784da0546eece27525ec59ae432956c9b4a8900c29,confirmed,,가동 오버레이 재작업본 확정(판정 2026-09-26),
wave12,wave12/rework-20260926/assets/active/quay-active-v1.png,d34a1f5d2a563065b0f42e2b66092e5a3289dc55234c9b5422194508c61657b0,confirmed,,가동 오버레이 재작업본 확정(판정 2026-09-26),
wave12,wave12/rework-20260926/assets/active/smithy_a-active-v1.png,631d9528384e7ab2a4cfb7703b60684a28f3814122eb44424bc7d46e52ed868d,confirmed,,가동 오버레이 재작업본 확정(판정 2026-09-26),
wave12,wave12/rework-20260926/assets/active/smithy_b-active-v1.png,9205e881425e0defe85a552668b4df9ad661527b98fb13cc636c9dbe1839c2fc,confirmed,,가동 오버레이 재작업본 확정(판정 2026-09-26),
wave12,wave12/rework-20260926/assets/active/tailor-active-v1.png,2dafff1d474cea7cb6bae0f39c242b11d7e7059c6efe9a2ff6cbaba533274eae,confirmed,,가동 오버레이 재작업본 확정(판정 2026-09-26),
wave12,wave12/rework-20260926/assets/active/tannery_a-active-v1.png,b90d6a38994e844ac624d1403ef1bf2c4a282ec747d1890208a7161a0325c612,confirmed,,가동 오버레이 재작업본 확정(판정 2026-09-26),
wave12,wave12/rework-20260926/assets/active/tannery_b-active-v1.png,74e4af65e6016e376f301a9874d995601a69e5f1ee99aa7d9ed0565380dcf9ec,confirmed,,가동 오버레이 재작업본 확정(판정 2026-09-26),
wave12,wave12/rework-20260926/assets/active/tithe_barn-active-v1.png,8e00c4ad287a489766531eaf02c0dffc7626358779b111047d0ccc4099a496b4,confirmed,,가동 오버레이 재작업본 확정(판정 2026-09-26),
wave12,wave12/rework-20260926/assets/active/tolbooth-active-v1.png,889843c7e3aef31ccf43f4506a08c9dfa5b246a6db2c938bdeb4180713fb7248,confirmed,,가동 오버레이 재작업본 확정(판정 2026-09-26),
wave12,wave12/rework-20260926/proofs/checks/zoom1_off_on.png,9942113597002d9ae8c605b9e5aea480abd20fb941846bdd39641fcaab7cf8fd,confirmed,,가동 오버레이 재작업본 확정(판정 2026-09-26) · 확인 그림,
wave13,wave13/candidates-v1/assets/animal_walk/cow_single-v1.png,b5c6e5e0ccf37dbe9adfa6c06f2f1fecb85dbce4658f6dcb919fe8c77a0b1691,confirmed,,Wave 13 수레·가축 확정(판정 2026-09-26),
wave13,wave13/candidates-v1/assets/animal_walk/dog_herding-v1.png,29f6af072bbef08d059c0890086d9ba41a803e1767d8c6f48fbc64f2a0745871,confirmed,,Wave 13 수레·가축 확정(판정 2026-09-26),
wave13,wave13/candidates-v1/assets/animal_walk/goose_single-v1.png,6b90194ac6df43c0548d7dba78ac6315bbf6c8b56de18e1173d695c81b2ce74e,confirmed,,Wave 13 수레·가축 확정(판정 2026-09-26),
wave13,wave13/candidates-v1/assets/animal_walk/horse_draught-v1.png,d1d8acf180dfcfbb0d6abfcf76406a65ead0bd6ff28510a649a8a0d50d7a1d82,confirmed,,Wave 13 수레·가축 확정(판정 2026-09-26),
wave13,wave13/candidates-v1/assets/animal_walk/horse_riding-v1.png,fc01fa3c6d5c17c48a1270c98f88195ac486d7758d11f752e7ace6e267948fd4,confirmed,,Wave 13 수레·가축 확정(판정 2026-09-26),
wave13,wave13/candidates-v1/assets/animal_walk/ox-v1.png,3ba741cde63793ed3718ccb73abf2eca1d74c7cf54a1c3ceaaa80b972f57f9f9,confirmed,,Wave 13 수레·가축 확정(판정 2026-09-26) · Wave 17(astra-wave17-candidates-20260926)에도 같은 바이트로 옴 — 중복이라 wave17에는 보관하지 않음,
wave13,wave13/candidates-v1/assets/animal_walk/pig_single-v1.png,5c8920155f33a47851b2f2dca7a5e2a18c7fe06deb568f2894fe1ee99134e0b3,confirmed,,Wave 13 수레·가축 확정(판정 2026-09-26),
wave13,wave13/candidates-v1/assets/animal_walk/sheep_single-v1.png,2cd4509509bfb555daf8fb383b55ccc9897efca6c9775abc3139099b18af5896,confirmed,,Wave 13 수레·가축 확정(판정 2026-09-26),
wave13,wave13/candidates-v1/assets/cart/barrow_body-v1.png,4cee8316cc6b39f117777d770b7d21d6366909603adbd97787440f1cd06e8d3c,confirmed,,Wave 13 수레·가축 확정(판정 2026-09-26),
wave13,wave13/candidates-v1/assets/cart/handcart_body-v2.png,011ee80d3ddffe910f0c9e914cb56b0fdfd5fbacc1a4a030075ae3cabb3fff6e,confirmed,,Wave 13 수레·가축 확정(판정 2026-09-26),
wave13,wave13/candidates-v1/assets/cart/horse_cart_body-v1.png,04209702c85a66145d29d25ea46a121c8f9c2b98fc80d84fb7da6404a5aaf49f,confirmed,,Wave 13 수레·가축 확정(판정 2026-09-26),
wave13,wave13/candidates-v1/assets/cart/ox_cart_body-v1.png,bc5a7d8c46e532c54bac797bf13636612998c91661c8a7fb3abf761ca445e158,confirmed,,Wave 13 수레·가축 확정(판정 2026-09-26) · Wave 17(astra-wave17-candidates-20260926)에도 같은 바이트로 옴 — 중복이라 wave17에는 보관하지 않음,
wave13,wave13/candidates-v1/assets/herd/cattle_drove-v1.png,ee1cac4b8a84621fc5269ad0477760b0eb4d2adb95a5bd958c55706bafd293e0,confirmed,,Wave 13 수레·가축 확정(판정 2026-09-26),
wave13,wave13/candidates-v1/assets/herd/goose_flock_a-v1.png,1819862f1288bdd8c52c7825a6822eb6c6fe8fea3a35330d02f2f6b3d3533925,confirmed,,Wave 13 수레·가축 확정(판정 2026-09-26),
wave13,wave13/candidates-v1/assets/herd/goose_flock_b-v1.png,32d3381d14fdd89c7b44c301f5b6da765eb93bac8b235f84430e344e2f1bd2ba,confirmed,,Wave 13 수레·가축 확정(판정 2026-09-26),
wave13,wave13/candidates-v1/assets/herd/pig_cluster-v1.png,8c03e6d713df6004d81af32cf58d984f4f2661b1e675d8ad9e1f17788c42a845,confirmed,,Wave 13 수레·가축 확정(판정 2026-09-26),
wave13,wave13/candidates-v1/assets/herd/sheep_cluster_moving_a-v1.png,f74aa7a61063a809789709b65d436b7a5a49841834145080d5720425de40872a,confirmed,,Wave 13 수레·가축 확정(판정 2026-09-26),
wave13,wave13/candidates-v1/assets/herd/sheep_cluster_moving_b-v1.png,5773f9120006a7f4bfc4bc639efcc1d52a14002801692cacbdf7d163d86b0089,confirmed,,Wave 13 수레·가축 확정(판정 2026-09-26),
wave13,wave13/candidates-v1/assets/pack/packsaddle_cloth-v1.png,050ffbf0262607c5b38f4c683478f4e0d59e4bc77e904cebbce15d403e568fb5,confirmed,,Wave 13 수레·가축 확정(판정 2026-09-26),
wave13,wave13/candidates-v1/assets/pack/packsaddle_sacks-v1.png,3eea7f7b2331075d78ae2ea4b4175e61c7bab918807d69e19c07a36f8815f8ba,confirmed,,Wave 13 수레·가축 확정(판정 2026-09-26),
wave13,wave13/candidates-v1/assets/pack/packsaddle_wool-v1.png,573b906633d4303f9ac9063287d46c1bdb6157164b896abd3e6c453109e46939,confirmed,,Wave 13 수레·가축 확정(판정 2026-09-26),
wave13,wave13/candidates-v1/assets/rider/saddle_rider_merchant-v1.png,b6e70a9df377de1a150d0d744c90db6579a4cda556ed8e6f868bf1fbea91a4b4,confirmed,,Wave 13 수레·가축 확정(판정 2026-09-26),
wave13,wave13/candidates-v1/assets/work/work_goad_ne-v1.png,79b7ffd2611f3602640c740cbc13933e3bb823fc725c5cbe45cdc9828e4f0b72,confirmed,,Wave 13 수레·가축 확정(판정 2026-09-26),
wave13,wave13/candidates-v1/assets/work/work_goad_nw-v1.png,13cd2e8f49d6ce1db33374566cc9515ddfe78e82c513ead3897cbd91381beb02,confirmed,,Wave 13 수레·가축 확정(판정 2026-09-26),
wave13,wave13/candidates-v1/assets/work/work_goad_se-v1.png,04601e7b92f5a4e9a0efa48b01d64f29bc10740dc8e59d17f8d4f717bcdea8e2,confirmed,,Wave 13 수레·가축 확정(판정 2026-09-26),
wave13,wave13/candidates-v1/assets/work/work_goad_sw-v1.png,957c606e0519bfd42cf4bb8c604da12caf4f88ea84c572196a3ef4c3d3ad665a,confirmed,,Wave 13 수레·가축 확정(판정 2026-09-26),
wave13,wave13/candidates-v1/assets/work/work_whip_ne-v1.png,eb2c236f5f30b26bb1a9f5cd5b5a79a33b262152b3237fdd3feda5473823a4b9,confirmed,,Wave 13 수레·가축 확정(판정 2026-09-26),
wave13,wave13/candidates-v1/assets/work/work_whip_nw-v1.png,56fa1108450aa532d46f8419fb49b7d1b6b42658d8264d931090005b6672e9c9,confirmed,,Wave 13 수레·가축 확정(판정 2026-09-26),
wave13,wave13/candidates-v1/assets/work/work_whip_se-v1.png,49f1e9876dfdb2dac354d7ce97c89dd7bc499eec62d2ff2ee9239aafbe4ad0c0,confirmed,,Wave 13 수레·가축 확정(판정 2026-09-26),
wave13,wave13/candidates-v1/assets/work/work_whip_sw-v1.png,b38c8011d4ed01fcb0eedac2dccc1531b88070f5efc408543d14f559a2a9a30e,confirmed,,Wave 13 수레·가축 확정(판정 2026-09-26),
wave13,wave13/candidates-v1/assets/workers/wk_drover_m-v1.png,6b358cae1a5041c33917dc4560ccf258eacac886506e28ee87dbb5db296bfd4d,confirmed,,Wave 13 수레·가축 확정(판정 2026-09-26),
wave13,wave13/candidates-v1/assets/workers/wk_goosegirl_f-v1.png,205406eb760ef394e094af1872e90b5c00733529409ef15a796efbf6898566f9,confirmed,,Wave 13 수레·가축 확정(판정 2026-09-26),
wave13,wave13/candidates-v1/assets/workers/wk_packhorse_leader-v1.png,1243449598bc97bc0413e079cf5feec2e408b14f81dce440b2ed4a5eb3376fa5,confirmed,,Wave 13 수레·가축 확정(판정 2026-09-26),
wave13,wave13/candidates-v1/assets/workers/wk_swineherd_m-v1.png,f9b667b0d187f1dfcc8303c722bb3d251310b6ea61a4bf7deb1035f617d849ea,confirmed,,Wave 13 수레·가축 확정(판정 2026-09-26),
wave13,wave13/candidates-v1/proofs/01-animal-leg-alternation.png,6ca555dbdff4a8189b61883380d4e95ab43df29a23a5d3b6132493bd4aeca9df,confirmed,,Wave 13 수레·가축 확정(판정 2026-09-26) · 확인 그림,
wave13,wave13/candidates-v1/proofs/02-cart-assembly.png,e374d98131f5d53c23759da0f7164d038bb997882b05fe98e9b2fb6c35f17ab0,confirmed,,Wave 13 수레·가축 확정(판정 2026-09-26) · 확인 그림,
wave13,wave13/candidates-v1/proofs/03-market-road-zoom.png,25d61eeae99c427bd5fda1ad811b5829f7702860e8283ce56ba0add259e0c5e8,confirmed,,Wave 13 수레·가축 확정(판정 2026-09-26) · 확인 그림,
wave13,wave13/candidates-v1/proofs/04-workers-overlay.png,85b255d441c24fff3ff8bd33b0ba711cb78321c22ea9993a937207b391c4a7f9,confirmed,,Wave 13 수레·가축 확정(판정 2026-09-26) · 확인 그림,
wave13,wave13/candidates-v1/records/all-assets-contact.png,4941e8f18845d4743f8c380a19fa02c651d7c518c610ba7fa1fa403e99f35171,confirmed,,Wave 13 수레·가축 확정(판정 2026-09-26) · 기록 그림,
wave13,wave13/candidates-v1/records/carts/barrow-0-cell.png,e21fe4b70de76e9f37de4ba34621d044ae0b65f5361876c79a3a6ef6077a727d,confirmed,,Wave 13 수레·가축 확정(판정 2026-09-26) · 기록 그림,
wave13,wave13/candidates-v1/records/carts/barrow-1-cell.png,019fa225dadb6db0d0966e81f7a84e9e1fbb15f298aedd7538febfde1e714bb8,confirmed,,Wave 13 수레·가축 확정(판정 2026-09-26) · 기록 그림,
wave13,wave13/candidates-v1/records/carts/barrow-2-cell.png,9d2ecf121a4e1dac3b48c17f69c8506cc1dae294ada02476d9438fd4b8d956e9,confirmed,,Wave 13 수레·가축 확정(판정 2026-09-26) · 기록 그림,
wave13,wave13/candidates-v1/records/carts/barrow-3-cell.png,013cf23035162091b448817676e5048e6ede48e3bff875c6c94b30178a2e8c03,confirmed,,Wave 13 수레·가축 확정(판정 2026-09-26) · 기록 그림,
wave13,wave13/candidates-v1/records/carts/cart-grid.png,2645ea2019744e3f5c3b1e3fe003c342f7549d03c4e729525f2ccd29a0480cad,confirmed,,Wave 13 수레·가축 확정(판정 2026-09-26) · 기록 그림,
wave13,wave13/candidates-v1/records/carts/cloth-0-cell.png,75a0a9c8b1f12121e00f4cbd6b83877506f28fbc099d2bae07045ffc11c62c39,confirmed,,Wave 13 수레·가축 확정(판정 2026-09-26) · 기록 그림,
wave13,wave13/candidates-v1/records/carts/cloth-1-cell.png,6b30588d25c99bf8531b5ef9efab75f2c8dd000e1263dd12d51c1ed60e86fa65,confirmed,,Wave 13 수레·가축 확정(판정 2026-09-26) · 기록 그림,
wave13,wave13/candidates-v1/records/carts/cloth-2-cell.png,46a9a20180510d474d9a5640f133c31f84c43dbe7e90867114bd1a4e5fdf1568,confirmed,,Wave 13 수레·가축 확정(판정 2026-09-26) · 기록 그림,
wave13,wave13/candidates-v1/records/carts/cloth-3-cell.png,8fc7faf62bad7ae8b10e678c445f6661e67c8def61874a97927a45bf9d0e72f7,confirmed,,Wave 13 수레·가축 확정(판정 2026-09-26) · 기록 그림,
wave13,wave13/candidates-v1/records/carts/hand-0-cell.png,598aa799906b35c5a2ceb2f1266853874d23e7687251ff4cce913c3bd1f7874d,confirmed,,Wave 13 수레·가축 확정(판정 2026-09-26) · 기록 그림,
wave13,wave13/candidates-v1/records/carts/hand-1-cell.png,c91be30f21e52936c395f1b2786b67696e12b9dae0729286ea81c57113bcb828,confirmed,,Wave 13 수레·가축 확정(판정 2026-09-26) · 기록 그림,
wave13,wave13/candidates-v1/records/carts/hand-2-cell.png,499eba4f5ba53299819210e75a505543bfe74845e96333b2420dfcd1d7194765,confirmed,,Wave 13 수레·가축 확정(판정 2026-09-26) · 기록 그림,
wave13,wave13/candidates-v1/records/carts/hand-3-cell.png,59d6a7e583d89b75074a3721a708a2a5240cc95c0758ddcd4bf86c2709ce305c,confirmed,,Wave 13 수레·가축 확정(판정 2026-09-26) · 기록 그림,
wave13,wave13/candidates-v1/records/carts/horse-0-cell.png,590fa322c2b28cf29342b7c24faff1f16caee557e361af334140ec52c6491a90,confirmed,,Wave 13 수레·가축 확정(판정 2026-09-26) · 기록 그림,
wave13,wave13/candidates-v1/records/carts/horse-1-cell.png,3e76250a8265d6e93f9d52e592704ef547cbcbd4afa628b9137e89fd4653f309,confirmed,,Wave 13 수레·가축 확정(판정 2026-09-26) · 기록 그림,
wave13,wave13/candidates-v1/records/carts/horse-2-cell.png,be576a5c2c3822509895b2b49c65acdedfe511feb6e4e681fe4a9178d168bc53,confirmed,,Wave 13 수레·가축 확정(판정 2026-09-26) · 기록 그림,
wave13,wave13/candidates-v1/records/carts/horse-3-cell.png,1a35647eb51e57e4b722fa19b3ba29ce0f1e10f3a2f764eb364d04e24a54878f,confirmed,,Wave 13 수레·가축 확정(판정 2026-09-26) · 기록 그림,
wave13,wave13/candidates-v1/records/carts/ox-0-cell.png,e81773ec49d4966307d782173014cda2e39fc8129d9f17d8a8baf7a75a3d9af7,confirmed,,Wave 13 수레·가축 확정(판정 2026-09-26) · 기록 그림,
wave13,wave13/candidates-v1/records/carts/ox-1-cell.png,6fc587ef1718a6ef7eb7d24eef80dabe8bc4691fe6716bbd57088e2f0faa2b4e,confirmed,,Wave 13 수레·가축 확정(판정 2026-09-26) · 기록 그림,
wave13,wave13/candidates-v1/records/carts/ox-2-cell.png,d9b1e5c41577d4455ce4c373581fd83b542eb4ebbb82f9fb4f9a7c1debf14829,confirmed,,Wave 13 수레·가축 확정(판정 2026-09-26) · 기록 그림,
wave13,wave13/candidates-v1/records/carts/ox-3-cell.png,dc7d6cf31174f25e53c74fcf3399f25b524282084c5435d7b9164f766ce404f1,confirmed,,Wave 13 수레·가축 확정(판정 2026-09-26) · 기록 그림,
wave13,wave13/candidates-v1/records/carts/pack-contact.png,14479c22faafb66f143430301163fb823e87e5a546d91e071d6884da03cb7b51,confirmed,,Wave 13 수레·가축 확정(판정 2026-09-26) · 기록 그림,
wave13,wave13/candidates-v1/records/carts/rider-0-cell.png,96a98d6ca2b255ec6e9013e2fe8aa08d395503c4b2f53264e549a993fd1a1040,confirmed,,Wave 13 수레·가축 확정(판정 2026-09-26) · 기록 그림,
wave13,wave13/candidates-v1/records/carts/rider-1-cell.png,0ff1523f5c7f6ea957e729ad9534b2facba454cc079f8467fd493b424100c955,confirmed,,Wave 13 수레·가축 확정(판정 2026-09-26) · 기록 그림,
wave13,wave13/candidates-v1/records/carts/rider-2-cell.png,ed3bb9211b605849051b59f7c0f6a6aeab84d2a3cb5f5062230b34015dba4d8f,confirmed,,Wave 13 수레·가축 확정(판정 2026-09-26) · 기록 그림,
wave13,wave13/candidates-v1/records/carts/rider-3-cell.png,c686d09079a7880d26b11749d8958adddb653b5ba3e0b6570b5f911b5c3f8ca0,confirmed,,Wave 13 수레·가축 확정(판정 2026-09-26) · 기록 그림,
wave13,wave13/candidates-v1/records/carts/sacks-0-cell.png,6d26357083efe4d251c607dd8a7e97c0dafafa9a14bf40c6d3ffe2fb10cf3689,confirmed,,Wave 13 수레·가축 확정(판정 2026-09-26) · 기록 그림,
wave13,wave13/candidates-v1/records/carts/sacks-1-cell.png,2d28ab385d4062ce0338d9246c1c1cd8b25458d5c2b5a250c0f2a33bba3c405d,confirmed,,Wave 13 수레·가축 확정(판정 2026-09-26) · 기록 그림,
wave13,wave13/candidates-v1/records/carts/sacks-2-cell.png,ea160a6aba0a73e17e5a3fa5b0f0521607cc95cd192b16805e99d2437ebc139f,confirmed,,Wave 13 수레·가축 확정(판정 2026-09-26) · 기록 그림,
wave13,wave13/candidates-v1/records/carts/sacks-3-cell.png,0be081a0d7c6a64d32e2d560f3fe7128d5f173bfa61006990d761240beb95411,confirmed,,Wave 13 수레·가축 확정(판정 2026-09-26) · 기록 그림,
wave13,wave13/candidates-v1/records/carts/wool-0-cell.png,a0c6c520300b8cabe4739238e286341e138dbd2b27892ac312998fcb44077b9d,confirmed,,Wave 13 수레·가축 확정(판정 2026-09-26) · 기록 그림,
wave13,wave13/candidates-v1/records/carts/wool-1-cell.png,54a34c8bbf62d07b71c9b1223b56d0638d23838414159e067dc9518e5d819c26,confirmed,,Wave 13 수레·가축 확정(판정 2026-09-26) · 기록 그림,
wave13,wave13/candidates-v1/records/carts/wool-2-cell.png,620bbb9def37327581eb0c2b1f39ed8361c58b4aaeb29c169cb5e37acb55a3f9,confirmed,,Wave 13 수레·가축 확정(판정 2026-09-26) · 기록 그림,
wave13,wave13/candidates-v1/records/carts/wool-3-cell.png,db54eeec1d1d5b05a4a8f017726f4e44cd0c8a82829023aef0933c82c7d30aae,confirmed,,Wave 13 수레·가축 확정(판정 2026-09-26) · 기록 그림,
wave13,wave13/candidates-v1/records/herds-contact.png,54433734717d13ead2c93b427a974e7db41e743956dc51209bb5b2da94830fd1,confirmed,,Wave 13 수레·가축 확정(판정 2026-09-26) · 기록 그림,
wave13,wave13/candidates-v1/records/independent-cow-riding-leg-diff.png,af89327e1eb566a64541b8ab4f92430631f8262a8b4ded5525e752ae5a23d898,confirmed,,Wave 13 수레·가축 확정(판정 2026-09-26) · 기록 그림,
wave13,wave13/candidates-v1/records/independent-initial-leg-diff.png,e71e8a4faeb9db55a41043b88b7b6e5fee9948ea0fda89c28b83f0d4aef52e7d,confirmed,,Wave 13 수레·가축 확정(판정 2026-09-26) · 기록 그림,
wave13,wave13/candidates-v1/records/large-animals-cow_single-0-protected-mask.png,945600726bc4d93eede43fdc6156ea9e3e6014cb4c1eb12cac872012b4a3e02f,confirmed,,Wave 13 수레·가축 확정(판정 2026-09-26) · 기록 그림,
wave13,wave13/candidates-v1/records/large-animals-cow_single-1-protected-mask.png,fec0a3e9ec6d24431c1f060005b44c46ee2766994177a3039ed40b73f20ce1be,confirmed,,Wave 13 수레·가축 확정(판정 2026-09-26) · 기록 그림,
wave13,wave13/candidates-v1/records/large-animals-cow_single-2-protected-mask.png,95784a87710bd8146418f41e5827f2fcb9aedd93cd91608800f4353307682c5a,confirmed,,Wave 13 수레·가축 확정(판정 2026-09-26) · 기록 그림,
wave13,wave13/candidates-v1/records/large-animals-cow_single-3-protected-mask.png,835662a87a4c1be980a66401ccd52f143145c5d97119f7fd9d2c6a2b8a4438eb,confirmed,,Wave 13 수레·가축 확정(판정 2026-09-26) · 기록 그림,
wave13,wave13/candidates-v1/records/large-animals-horse_draught-0-protected-mask.png,cd10b25d94618a16e86e555231ed41f9f883b5c20544eb847bb1e51a465e695d,confirmed,,Wave 13 수레·가축 확정(판정 2026-09-26) · 기록 그림,
wave13,wave13/candidates-v1/records/large-animals-horse_draught-1-protected-mask.png,e080baad388dbc68617417e83925b086c197a21852a1599f768fcd8740de31aa,confirmed,,Wave 13 수레·가축 확정(판정 2026-09-26) · 기록 그림,
wave13,wave13/candidates-v1/records/large-animals-horse_draught-2-protected-mask.png,3c5153ac594c2a46ad8a6693d23e7fea53893ff4cc645e04d092c9bf63cb1421,confirmed,,Wave 13 수레·가축 확정(판정 2026-09-26) · 기록 그림,
wave13,wave13/candidates-v1/records/large-animals-horse_draught-3-protected-mask.png,81238dc5c1063afbd58e2dcf33a95b244aeee306f9c8fcf0ebcbee0c31e2f51e,confirmed,,Wave 13 수레·가축 확정(판정 2026-09-26) · 기록 그림,
wave13,wave13/candidates-v1/records/large-animals-horse_riding-0-protected-mask.png,0fa76debda2fa524043dfd96e70337999fad03e85fff995f0abdc79b3025be14,confirmed,,Wave 13 수레·가축 확정(판정 2026-09-26) · 기록 그림,
wave13,wave13/candidates-v1/records/large-animals-horse_riding-1-protected-mask.png,3400c791e297d93c2488e3d0529dc945bbda0d844cc97a42abec3a79cb85dedb,confirmed,,Wave 13 수레·가축 확정(판정 2026-09-26) · 기록 그림,
wave13,wave13/candidates-v1/records/large-animals-horse_riding-2-protected-mask.png,21e94931267846804fd0bfa5be9c457d46524e700e1eb9828ed8a0b4a561dda2,confirmed,,Wave 13 수레·가축 확정(판정 2026-09-26) · 기록 그림,
wave13,wave13/candidates-v1/records/large-animals-horse_riding-3-protected-mask.png,58b584a96cbd073e3b0c68a1899f891a0e17a8713b0ecb5e3edccc76b948bdce,confirmed,,Wave 13 수레·가축 확정(판정 2026-09-26) · 기록 그림,
wave13,wave13/candidates-v1/records/large-animals-ox-0-protected-mask.png,2a2e601a2ca6ff44825d78689fcabad989e0311612c7c87ac2a7025502f2aefa,confirmed,,Wave 13 수레·가축 확정(판정 2026-09-26) · 기록 그림,
wave13,wave13/candidates-v1/records/large-animals-ox-1-protected-mask.png,3f2b24ea22e2281983bdb88d564d386acbe036b6e1274253ab3cb49ac72f1022,confirmed,,Wave 13 수레·가축 확정(판정 2026-09-26) · 기록 그림,
wave13,wave13/candidates-v1/records/large-animals-ox-2-protected-mask.png,10a1dfd49659b709a586a9413e32568f147299e06ba52f851ece090d4683d833,confirmed,,Wave 13 수레·가축 확정(판정 2026-09-26) · 기록 그림,
wave13,wave13/candidates-v1/records/large-animals-ox-3-protected-mask.png,eb916e29d8795c5ee06d3c299e90a8ddc6152a79ab9b1b01a0114fb89e366d07,confirmed,,Wave 13 수레·가축 확정(판정 2026-09-26) · 기록 그림,
wave13,wave13/candidates-v1/records/small-animals-dog-final.png,c7e9bd57972d12cdda62dfce81324716c5a268a5b60c42d0ad6d8c0decdb8d41,confirmed,,Wave 13 수레·가축 확정(판정 2026-09-26) · 기록 그림,
wave13,wave13/candidates-v1/records/small-animals-dog-pairs.png,90c05a1fb22c10bfc202356196337e1dd4f139f4f5951fa06cc78240c1537532,confirmed,,Wave 13 수레·가축 확정(판정 2026-09-26) · 기록 그림,
wave13,wave13/candidates-v1/records/small-animals-dog-protected-0.png,ce0a54e45961863d5a48d77f64cf527ce6124021849b73d8f1ba72e2f232891f,confirmed,,Wave 13 수레·가축 확정(판정 2026-09-26) · 기록 그림,
wave13,wave13/candidates-v1/records/small-animals-dog-protected-1.png,9fae8d4ef29c01a01d603403d5f2bf6ce4392fd187b116e4a27b2b07c1a1826e,confirmed,,Wave 13 수레·가축 확정(판정 2026-09-26) · 기록 그림,
wave13,wave13/candidates-v1/records/small-animals-dog-protected-2.png,cd1b8ebd8c7e5d8b4e64b8d5ba8435f3e45d2f845ff03dcbbd950b3a97faa00f,confirmed,,Wave 13 수레·가축 확정(판정 2026-09-26) · 기록 그림,
wave13,wave13/candidates-v1/records/small-animals-dog-protected-3.png,600ade8a203fb424778cba8a0d7715aef401b771a616c7221e06eeb7bcdce95f,confirmed,,Wave 13 수레·가축 확정(판정 2026-09-26) · 기록 그림,
wave13,wave13/candidates-v1/records/small-animals-goose-final.png,1a783b8ee1c86539fecc6248034b5b824d88a8c1735aa9786f49d071771fe916,confirmed,,Wave 13 수레·가축 확정(판정 2026-09-26) · 기록 그림,
wave13,wave13/candidates-v1/records/small-animals-goose-pairs.png,5079c99bf7e1d52b1318f701bed69d55818b1e2be9d5fb7dfddfae8006364aa8,confirmed,,Wave 13 수레·가축 확정(판정 2026-09-26) · 기록 그림,
wave13,wave13/candidates-v1/records/small-animals-goose-protected-0.png,6865496633ad9146befe5b76968bae982aa00ae3c7a05117d5d7c27771c72086,confirmed,,Wave 13 수레·가축 확정(판정 2026-09-26) · 기록 그림,
wave13,wave13/candidates-v1/records/small-animals-goose-protected-1.png,e71a0789d8208519550883d46cb524a37ef1f773e1929b99dea462763d8373f1,confirmed,,Wave 13 수레·가축 확정(판정 2026-09-26) · 기록 그림,
wave13,wave13/candidates-v1/records/small-animals-goose-protected-2.png,9831c31ade88192e8c8c9b257208763808b1cfac9da3a6c6e81303ab986dddc9,confirmed,,Wave 13 수레·가축 확정(판정 2026-09-26) · 기록 그림,
wave13,wave13/candidates-v1/records/small-animals-goose-protected-3.png,eb1da353b57d672d0b6e1787610a056c3753989b6a966f6baba9c9f9720914d8,confirmed,,Wave 13 수레·가축 확정(판정 2026-09-26) · 기록 그림,
wave13,wave13/candidates-v1/records/small-animals-pig-final.png,4403be2efb66df949fc973c59c9e83dcb104c38c7e04efbc82e516257a3124e3,confirmed,,Wave 13 수레·가축 확정(판정 2026-09-26) · 기록 그림,
wave13,wave13/candidates-v1/records/small-animals-pig-pairs.png,9e0a71849ff0796e803fb10ccbfbf687a504f14b986a91e77dc254d6cd65cc43,confirmed,,Wave 13 수레·가축 확정(판정 2026-09-26) · 기록 그림,
wave13,wave13/candidates-v1/records/small-animals-pig-protected-0.png,a71a5ffec2612af5366b70fb68e134722170d6f25906098e07d19f0684224151,confirmed,,Wave 13 수레·가축 확정(판정 2026-09-26) · 기록 그림,
wave13,wave13/candidates-v1/records/small-animals-pig-protected-1.png,9beb9a91d28489fc16df8441c0352cfaacb1eec5aa5f6c1329519fbdb7e05576,confirmed,,Wave 13 수레·가축 확정(판정 2026-09-26) · 기록 그림,
wave13,wave13/candidates-v1/records/small-animals-pig-protected-2.png,ed51fd3ac66563d71f92c417492a279f4414e8b4762ae1d85ee060ff0ed73002,confirmed,,Wave 13 수레·가축 확정(판정 2026-09-26) · 기록 그림,
wave13,wave13/candidates-v1/records/small-animals-pig-protected-3.png,e68fc478d0bbdbd62fea94a88a6fdf93fc13f696be19d18c201e846fe1929bd1,confirmed,,Wave 13 수레·가축 확정(판정 2026-09-26) · 기록 그림,
wave13,wave13/candidates-v1/records/small-animals-sheep-final.png,4753dd779f0758266641584fa2a0383be8a5960184ee9e281b3286566dfa550d,confirmed,,Wave 13 수레·가축 확정(판정 2026-09-26) · 기록 그림,
wave13,wave13/candidates-v1/records/small-animals-sheep-pairs.png,74aa026fe3574de3ee9e485acf1a9777a0572a249d542c1a7c101242f7b2e2b0,confirmed,,Wave 13 수레·가축 확정(판정 2026-09-26) · 기록 그림,
wave13,wave13/candidates-v1/records/small-animals-sheep-protected-0.png,d80e2e28b5159a9066203d9d1ac4d2c1781d1af13284156aabaab8b350856db9,confirmed,,Wave 13 수레·가축 확정(판정 2026-09-26) · 기록 그림,
wave13,wave13/candidates-v1/records/small-animals-sheep-protected-1.png,5ea7e165115377b8001e3ab6fa6c32757831707ec270b42cf4321fede74f4bae,confirmed,,Wave 13 수레·가축 확정(판정 2026-09-26) · 기록 그림,
wave13,wave13/candidates-v1/records/small-animals-sheep-protected-2.png,8356d7caf071a4a5e0a789264594cc7e3b48a2a5efd6a48ad198fe342d9cff6d,confirmed,,Wave 13 수레·가축 확정(판정 2026-09-26) · 기록 그림,
wave13,wave13/candidates-v1/records/small-animals-sheep-protected-3.png,8e6e311d64cbc5928fe6dfdf0dfff2634095d1f137e35e9d22804d498a244553,confirmed,,Wave 13 수레·가축 확정(판정 2026-09-26) · 기록 그림,
wave13,wave13/candidates-v1/records/tools-proof.png,f0b5fc61410c07c0551a2c10bb9f034b40012dff5b4e19416883f27643f02a8e,confirmed,,Wave 13 수레·가축 확정(판정 2026-09-26) · 기록 그림,
wave13,wave13/candidates-v1/records/tools-raw-contact.png,655eeadb2603b2236c57334e96a9eb595d1c51c90b7e372fc1361eadfbc16907,confirmed,,Wave 13 수레·가축 확정(판정 2026-09-26) · 기록 그림,
wave14,wave14/candidates-v1/assets/charges/charge_boar.png,31336a1accef353f6981badb2a2b07eb6768c493b080e96224a8e53ab4e77f79,confirmed,,확정(판정 2026-09-26),UI-5
wave14,wave14/candidates-v1/assets/charges/charge_cartwheel.png,82577d31c3f3873e50093ab086c2824a972864de0ec8f5aec2cde28a6310e479,confirmed,,확정(판정 2026-09-26),UI-5
wave14,wave14/candidates-v1/assets/charges/charge_crescent.png,7da24fb43074e25b027f88d5943fcc9753937caa6f7329b71a0f95faea7c4d2b,confirmed,,확정(판정 2026-09-26),UI-5
wave14,wave14/candidates-v1/assets/charges/charge_eagle.png,8548a94b7d3d4536d4b618e7437dadc5a31fa3fb3137fe4a601b12a415debb0d,confirmed,,확정(판정 2026-09-26),UI-5
wave14,wave14/candidates-v1/assets/charges/charge_fish.png,3f76d58473d251cb1e26335e2c1f083ba473b28c8b64d4ff1bf5fbb23cab02d4,confirmed,,확정(판정 2026-09-26),UI-5
wave14,wave14/candidates-v1/assets/charges/charge_fleur_de_lis.png,fe61e7ccd7eca5569a3dacbcdf1f7187332c74ffca12f53db534e8eb0a5da8c5,confirmed,,확정(판정 2026-09-26),UI-5
wave14,wave14/candidates-v1/assets/charges/charge_lion_passant.png,dee1c0cb1399c844c918d38ecd7dfbfd16142d53e0c91779c901ef8db35ded7d,confirmed,,확정(판정 2026-09-26),UI-5
wave14,wave14/candidates-v1/assets/charges/charge_mullet.png,fb11b33b30062c4f4de116e01e6edb04c320c5226d890fee83572cbc2e31c302,confirmed,,확정(판정 2026-09-26),UI-5
wave14,wave14/candidates-v1/assets/charges/charge_rose.png,4fcc000d80ded1fe26e1b2c4f59fbf978b2e768268f4aefa2afa64a59de869b2,confirmed,,확정(판정 2026-09-26),UI-5
wave14,wave14/candidates-v1/assets/charges/charge_stag_head.png,aacbf534fe68e8fd2db19e1cd898b8516ec57652ff90fc601c0bbfe371b491c0,confirmed,,확정(판정 2026-09-26),UI-5
wave14,wave14/candidates-v1/assets/charges/charge_tower.png,457613093c5dceefca6a0c51c421918c97a6e4734ecc4fe66a54973eecac082a,confirmed,,확정(판정 2026-09-26),UI-5
wave14,wave14/candidates-v1/assets/charges/charge_wheatsheaf.png,40bd9ad43acf5da34e5503ad0a17c18d2be48ff93fde07bea1be449ff19098e7,confirmed,,확정(판정 2026-09-26),UI-5
wave14,wave14/candidates-v1/assets/heraldry/ordinary_bend.png,830db1eaf75f779c412896f10495b6cc3950d46aaec88f54adfa3cf9c4c035a0,confirmed,,확정(판정 2026-09-26),UI-5
wave14,wave14/candidates-v1/assets/heraldry/ordinary_bordure.png,48bddf73d16febbf4bdc0fea8c75f9933318fb735ca0fad4a8015f1f3cdb67c3,confirmed,,확정(판정 2026-09-26),
wave14,wave14/candidates-v1/assets/heraldry/ordinary_chevron.png,4f6edd8011ebc1bc6db36e6c6aad8144bd82a8b4bd9fb90e28cf5ef8f8cfd44e,confirmed,,확정(판정 2026-09-26),UI-5
wave14,wave14/candidates-v1/assets/heraldry/ordinary_chief.png,e80bd0a3ab37f0495e6885ae3f7fc29590eb57a5089f0e9097376114a59d6dc6,confirmed,,확정(판정 2026-09-26),UI-5
wave14,wave14/candidates-v1/assets/heraldry/ordinary_cross.png,818acb8e07687654555280c360354fef910bf806743bbfbe6d4b89dbd27bc484,confirmed,,확정(판정 2026-09-26),UI-5
wave14,wave14/candidates-v1/assets/heraldry/ordinary_fess.png,347e27fb23e441aad783c9694f4925b3a021dc5f52af45c493b2b357dc1ad186,confirmed,,확정(판정 2026-09-26),UI-5
wave14,wave14/candidates-v1/assets/heraldry/ordinary_pale.png,a09de62b47ef2ad2c6f64dc51d5ddba036dc9b61191911d6f2edac68e10f7e77,confirmed,,확정(판정 2026-09-26),UI-5
wave14,wave14/candidates-v1/assets/heraldry/ordinary_saltire.png,6e82295d106625af13de781a501dcf78ad00c9e859cbbf17e1006f9424a3ff4f,confirmed,,확정(판정 2026-09-26),UI-5
wave14,wave14/candidates-v1/assets/heraldry/partition_barry.png,2ceb7aa4d96df4e72c63ca0595bf6539a9ea1062be7b24ef811d491797d7bd37,confirmed,,확정(판정 2026-09-26),UI-5
wave14,wave14/candidates-v1/assets/heraldry/partition_paly.png,fd531754e3ce1278dbb69c41f6f86fb240cafd41647b543d4313c28b678d7e6d,confirmed,,확정(판정 2026-09-26),UI-5
wave14,wave14/candidates-v1/assets/heraldry/partition_per_bend.png,80f260f8e1cb154833c702fbeca47e46b68c1925a9120fe7afb31e60e7e649f5,confirmed,,확정(판정 2026-09-26),UI-5
wave14,wave14/candidates-v1/assets/heraldry/partition_per_bend_sinister.png,4a35d46f9d68d1b2b19bf199fd245b3c144851e0b9da0bb89ca1c9bb72eff5a4,confirmed,,확정(판정 2026-09-26),UI-5
wave14,wave14/candidates-v1/assets/heraldry/partition_per_chevron.png,06817ee0409e42920ebef2c6d4d8ecfb18cde20f3f542038e7f20ef1c71adfb0,confirmed,,확정(판정 2026-09-26),UI-5
wave14,wave14/candidates-v1/assets/heraldry/partition_per_fess.png,7a53d67d2c3c56e3b687afc22a76ab3cde59e4b6fcedf8d8b57a6adfc380bd1c,confirmed,,확정(판정 2026-09-26),UI-5
wave14,wave14/candidates-v1/assets/heraldry/partition_per_pale.png,af2f6795fe0554a0e419a72b08bf1ffc226bed2c32ce283562a52902a224f78a,confirmed,,확정(판정 2026-09-26),UI-5
wave14,wave14/candidates-v1/assets/heraldry/partition_per_pale_indented.png,cfe44c90f9c4d1c2aa008fb9bee69e6a14d592102410cacc28fea3b6ab736d4b,confirmed,,확정(판정 2026-09-26),UI-5
wave14,wave14/candidates-v1/assets/heraldry/partition_per_saltire.png,7a638058d4180b3242eb9d1754bade58da18d06f47a2cfeee70647f79b5d3688,confirmed,,확정(판정 2026-09-26),UI-5
wave14,wave14/candidates-v1/assets/heraldry/partition_quarterly.png,08b993ceb05b55630f65bbd986a7ea82cc5f42ab7bcb73f38c2ae1f560c108c5,confirmed,,확정(판정 2026-09-26),UI-5
wave14,wave14/candidates-v1/assets/heraldry/shield_heater.png,7c31eb9e6d70f1c31121b2dfe167c550a4a50fde85f96e5f27114fe57875d35b,confirmed,,확정(판정 2026-09-26),UI-5
wave14,wave14/candidates-v1/assets/heraldry/shield_knightly.png,59d283a1bd9f867444f685e6ba666b6aa61fb4e2ae8565a49a0d4808630e6783,confirmed,,확정(판정 2026-09-26),UI-5
wave14,wave14/candidates-v1/assets/heraldry/shield_rounded.png,f03c23464fb220945ab31a7ab66a522ae4610d76b1496cb1bc0b228aeaf4518d,confirmed,,확정(판정 2026-09-26),UI-5
wave14,wave14/candidates-v1/assets/heraldry/shield_surface_texture.png,82699552c53dd08782cb6739f6a28a032b1eb86bd21fabc050ec2f90ca9c4bf9,superseded,wave14/texture-rework-20260926/assets/shield_surface_texture_multiply.png;wave14/texture-rework-20260926/assets/shield_surface_texture_screen.png,질감 재작업 multiply·screen 두 장으로 대체(판정 2026-09-26),
wave14,wave14/candidates-v1/assets/merchant/merchant_branch_diagonal-v1.png,c98d593a0797982b51e0e59dcd3b15756d1e3734f1b3a51a64a25a6e63f70ec6,confirmed,,확정(판정 2026-09-26),UI-5
wave14,wave14/candidates-v1/assets/merchant/merchant_branch_diamond-v1.png,e24eae3f5e0b2671f71d17633d2127151d68cf38688c6716984a9036c7cf605b,confirmed,,확정(판정 2026-09-26),UI-5
wave14,wave14/candidates-v1/assets/merchant/merchant_branch_double_fork-v1.png,17711fc85896eac67d2446589cb5f7ce6f06ff29fdbd9f2c311be4a267375729,confirmed,,확정(판정 2026-09-26),UI-5
wave14,wave14/candidates-v1/assets/merchant/merchant_branch_horizontal-v1.png,d3f7c9e05fcbf01901a25ca5e2c44c00b581356e8ca26722903fe1559e278f24,confirmed,,확정(판정 2026-09-26),UI-5
wave14,wave14/candidates-v1/assets/merchant/merchant_branch_loop-v1.png,84ce51dbbd902958f1a13bfbd2db2591e9e17a4b9a1411a580eb611c4c4c3260,confirmed,,확정(판정 2026-09-26),UI-5
wave14,wave14/candidates-v1/assets/merchant/merchant_branch_steps-v1.png,5b97439fb20a4998f9f283900a8a62da94c636e6572a160e5b76f40b3c8c27ec,confirmed,,확정(판정 2026-09-26),UI-5
wave14,wave14/candidates-v1/assets/merchant/merchant_branch_v-v1.png,48d69d2e71db3a07a88509ae8a2c186beb4d4f412f18af53e1329fc6f1ab79a1,confirmed,,확정(판정 2026-09-26),UI-5
wave14,wave14/candidates-v1/assets/merchant/merchant_branch_w-v1.png,9eb3af86bcb2234a3e7061a71861fcad09d86d1d5b635225e124ef9f7228b3e4,confirmed,,확정(판정 2026-09-26),UI-5
wave14,wave14/candidates-v1/assets/merchant/merchant_frame_circle-v1.png,cda98b71029bc88e9a7fb993d414c361edc7ba201599bc9697f6837e8ea050d4,confirmed,,확정(판정 2026-09-26),UI-5
wave14,wave14/candidates-v1/assets/merchant/merchant_frame_shield-v1.png,9d12386c2730eeed5e1ac45d4092f0e419a4250f65482f3813306b4abef9af47,confirmed,,확정(판정 2026-09-26),UI-5
wave14,wave14/candidates-v1/assets/merchant/merchant_staff_figure4-v1.png,bc98b36b4e359baa4b53b8a2e5a8b2c7400320ddc62bbf5bba965c146d0301e4,confirmed,,확정(판정 2026-09-26),UI-5
wave14,wave14/candidates-v1/assets/merchant/merchant_staff_pennant-v1.png,0258857dfe6084f7eb16448615abed9828401aa4d316d99b007765d496f29e99,confirmed,,확정(판정 2026-09-26),UI-5
wave14,wave14/candidates-v1/assets/merchant/merchant_staff_rake-v1.png,8c7e3a8dabb601da735e560d7212ab0da0b766f1d30d669b497a8144fd4cb8f0,confirmed,,확정(판정 2026-09-26),UI-5
wave14,wave14/candidates-v1/assets/merchant/merchant_staff_topcross-v1.png,df0437407470b22e35e36ecfe646a3de10175cf67a7d954c62a2192b23f471e3,confirmed,,확정(판정 2026-09-26),UI-5
wave14,wave14/candidates-v1/assets/seals/seal_town_center_bridge.png,2f8828436d9bca42bc19e08e4073aae7ed2f8a134aa49936de8aefe264624679,confirmed,,확정(판정 2026-09-26),
wave14,wave14/candidates-v1/assets/seals/seal_town_center_church.png,8a5abb2a9d13bdf17478f8236562c04c4b40f8931297b81d9b0e4bbf97c721fb,confirmed,,확정(판정 2026-09-26),
wave14,wave14/candidates-v1/assets/seals/seal_town_center_gate.png,901c547899b6bc9e51faf446e1603e68fe0df0533820857b2736e5f48a8c4ac0,confirmed,,확정(판정 2026-09-26),
wave14,wave14/candidates-v1/assets/seals/seal_town_center_ship.png,b309fc7f535c9149c3707775ea55bc37375f812e12b16ae90491cbfdba2a236f,confirmed,,확정(판정 2026-09-26),
wave14,wave14/candidates-v1/assets/seals/seal_town_pointed_oval.png,46e652a8b1ccdc8a53b1fedee5e908fea1f4a25bae0f2c3c11bcfb930912a132,confirmed,,확정(판정 2026-09-26),
wave14,wave14/candidates-v1/assets/seals/seal_town_round.png,9461a4fb70a100507aa391c2ee002903435a96dbafdf019a3b272c970a9893f5,confirmed,,확정(판정 2026-09-26),
wave14,wave14/candidates-v1/assets/seals/wax_seal_hanging.png,2a606cd24f69f469d0792f592faf9b9c0eb62d23303459fed568ddfbfd1d7000,confirmed,,확정(판정 2026-09-26),UI-6
wave14,wave14/candidates-v1/assets/ui-frames/frame_charter-v1.png,fb41a9b7f383f25a6f552c8a9516cdc4ae2b8fda312d6c6c542e3d55e8d26dc4,confirmed,,확정(판정 2026-09-26),
wave14,wave14/candidates-v1/assets/ui-frames/frame_faction_panel-v1.png,4074792ae97fe988d1b72fce7aa41ed452373a06d13618bd9e9a373b4b128f06,confirmed,,확정(판정 2026-09-26),
wave14,wave14/candidates-v1/assets/ui-frames/frame_grievance_ledger-v1.png,8cff54032d38aca6c6e3d1f0088ec92c32d6a07bd3a6743578fe879160465fc1,confirmed,,확정(판정 2026-09-26),
wave14,wave14/candidates-v1/assets/ui-frames/frame_person_card-v1.png,8386935020a614a8044b0c1d6065ef8480df87af6b2b6957610e9b867acc1ca9,confirmed,,확정(판정 2026-09-26),UI-5
wave14,wave14/candidates-v1/assets/ui-frames/frame_rights_register-v1.png,87172fa626b03df7076bc852bb0cc0fb06c16c85382bfdbbd195bfde5a536049,confirmed,,확정(판정 2026-09-26),UI-6
wave14,wave14/candidates-v1/assets/ui-icons/icon_faction_church-v1.png,a997fcadd069364f0e7285ddf91d0a1edf1058bdf23d32acc90ab05af4aa8faf,confirmed,,확정(판정 2026-09-26),
wave14,wave14/candidates-v1/assets/ui-icons/icon_faction_commune-v1.png,8fb87a3e13b603dba6bd97b2e6dcdbf36c3804b00c93600819a33c314091514d,confirmed,,확정(판정 2026-09-26),
wave14,wave14/candidates-v1/assets/ui-icons/icon_faction_crown-v1.png,552ec988b14e97d861f406fcdbfb141bb979ea52676755d2f3e4e3e411138261,confirmed,,확정(판정 2026-09-26),
wave14,wave14/candidates-v1/assets/ui-icons/icon_faction_lord_household-v1.png,c0753d310f9b5c938ad8a4728369f8d1972a94caa53154820ee0dcbeb5ecdc56,confirmed,,확정(판정 2026-09-26),
wave14,wave14/candidates-v1/assets/ui-icons/icon_faction_merchant_elite-v1.png,6f060729ef4e56822db9204be5fd5075b0fb81b1aaf9021a8196bd207cbff9ad,confirmed,,확정(판정 2026-09-26),
wave14,wave14/candidates-v1/assets/ui-icons/icon_right_burgage-v1.png,9abace93f9390910434a1d4f7f9d95b055c009524924cd04dc0847cde95cf7fa,confirmed,,확정(판정 2026-09-26),UI-6
wave14,wave14/candidates-v1/assets/ui-icons/icon_right_court-v1.png,07233517ab50e874479204aab48317e0294dd69f05864605ebe5d25b024c8144,confirmed,,확정(판정 2026-09-26),UI-6
wave14,wave14/candidates-v1/assets/ui-icons/icon_right_fair-v1.png,12dcf228dc86afe35cefb192f0588a521fe125cf147d84e590e8aeaff3617a1b,confirmed,,확정(판정 2026-09-26),UI-6
wave14,wave14/candidates-v1/assets/ui-icons/icon_right_guild-v1.png,98d5bfe0c20e3b8a71d1bdc4ef47450596aead718468c0bc9020c6ed8fd8a771,confirmed,,확정(판정 2026-09-26),UI-6
wave14,wave14/candidates-v1/assets/ui-icons/icon_right_market-v1.png,c1cc1162e0d36e060615c0cf809cb3ff5314d1938b037ccdd74a974ff58ec29c,confirmed,,확정(판정 2026-09-26),UI-6
wave14,wave14/candidates-v1/assets/ui-icons/icon_right_toll-v1.png,da2223aa6aad2fe7d0726201a833541a81167eef23ae57e2f429c30c409f0ef3,confirmed,,확정(판정 2026-09-26),UI-6
wave14,wave14/candidates-v1/proofs/01-heraldry-combinations.png,a255f53164b114d188259d80674622e9f117124ecdf4f4e3a9dbc03e38109920,confirmed,,확정(판정 2026-09-26) · 확인 그림,
wave14,wave14/candidates-v1/proofs/02-merchant-marks.png,86597c3b5ac5a4b5680827538a587ae195f0b26c3839830adac1d67b7dcbb26f,confirmed,,확정(판정 2026-09-26) · 확인 그림,
wave14,wave14/candidates-v1/proofs/03-town-seals.png,17fe5aba9923305b1fb686aefc0af22ada80e73ddd7cc8a43515b85db6eb2428,confirmed,,확정(판정 2026-09-26) · 확인 그림,
wave14,wave14/candidates-v1/proofs/proof-04-rights-ui.png,d4d4f60bf0e1e8c0693eb2334412256afa40cbf2bf0933e32a668b6f2010f21f,confirmed,,확정(판정 2026-09-26) · 확인 그림,
wave14,wave14/candidates-v1/records/all-assets-contact.png,cd723a10187f2f95501edd17f96369232d4aaa24fa1fdd751cc814306847b0bb,confirmed,,확정(판정 2026-09-26) · 기록 그림,
wave14,wave14/candidates-v1/records/bordure-three-shields.png,14fc0aa2bd7c0cf5b115c84a00036f2bac6c0dd1ab5fa65f640c0072d33f274d,confirmed,,확정(판정 2026-09-26) · 기록 그림,
wave14,wave14/candidates-v1/records/charges-48px.png,8b411f03a5143953ab37c2f3d30d30c0d6df29321bca7e5defd3b0df119c6113,confirmed,,확정(판정 2026-09-26) · 기록 그림,
wave14,wave14/candidates-v1/records/charges-contact.png,8a9437db3525aafba620adc2f5692e3ee76b9a5dfe8c68eb5255053eca026c68,confirmed,,확정(판정 2026-09-26) · 기록 그림,
wave14,wave14/candidates-v1/records/heraldry-composites/01.png,6c9c5d17d56676c2b79fe3b6a622dbea8dbb5fdaf4576bc7d0e8c9f6a08e65ec,confirmed,,확정(판정 2026-09-26) · 기록 그림 · ui-lord-heraldry.png와 동일 바이트(정본: wave14/candidates-v1/records/ui-lord-heraldry.png),
wave14,wave14/candidates-v1/records/heraldry-composites/02.png,01cf2c5c8ed597d5d25bee80c7180d6f6065c126e0ef01f1446e65168937cfa8,confirmed,,확정(판정 2026-09-26) · 기록 그림,
wave14,wave14/candidates-v1/records/heraldry-composites/03.png,f1130ed986e5fc7ee076476027fbe1e00f301d0b56a01c0fd4ee34c43338b0a7,confirmed,,확정(판정 2026-09-26) · 기록 그림,
wave14,wave14/candidates-v1/records/heraldry-composites/04.png,3a8b6b546f6be5f16d732dda5bed5f82a988ea9aae122c27d2c087baea643fc0,confirmed,,확정(판정 2026-09-26) · 기록 그림,
wave14,wave14/candidates-v1/records/heraldry-composites/05.png,6f3708355c6085d6adb614e6f28d647085b5150b3806a0496e372b88d583b5d6,confirmed,,확정(판정 2026-09-26) · 기록 그림,
wave14,wave14/candidates-v1/records/heraldry-composites/06.png,fd5daf138f3f77d066b3a2145b41e8c6296946b229c9a9e4d6c8797700e80e8b,confirmed,,확정(판정 2026-09-26) · 기록 그림,
wave14,wave14/candidates-v1/records/heraldry-composites/07.png,b4e6d58171726041e356f8838f58ace1fd8c86d6722ddbc45670d42fef66bf40,confirmed,,확정(판정 2026-09-26) · 기록 그림,
wave14,wave14/candidates-v1/records/heraldry-composites/08.png,027bbe248bb83770394ec1e415a9e3cbe333fb739604642873d9279d9417b6f5,confirmed,,확정(판정 2026-09-26) · 기록 그림,
wave14,wave14/candidates-v1/records/heraldry-composites/09.png,f9fd635d337e355afe6902b1d3e4c3ed177d2a737507a388fc6466cbfa2aa0b7,confirmed,,확정(판정 2026-09-26) · 기록 그림,
wave14,wave14/candidates-v1/records/heraldry-composites/10.png,f4fa4dea359439349c7d412170450d3db0c26bebcebe938646775a6a60b2ae02,confirmed,,확정(판정 2026-09-26) · 기록 그림,
wave14,wave14/candidates-v1/records/heraldry-composites/11.png,9a4fbfcb8c46d774525ecc6112a4c6fae97b38a7759674d39a07feba7daa86ff,confirmed,,확정(판정 2026-09-26) · 기록 그림,
wave14,wave14/candidates-v1/records/heraldry-composites/12.png,260f9dc5e23159017996b056879460ed89233f2b4f4b4cde4f798a58d9be4e20,confirmed,,확정(판정 2026-09-26) · 기록 그림,
wave14,wave14/candidates-v1/records/heraldry-composites/13.png,c117531c9bb3c361afbe99314d05212d7a1039a8772f3d0930ae68a5891aef55,confirmed,,확정(판정 2026-09-26) · 기록 그림,
wave14,wave14/candidates-v1/records/heraldry-composites/14.png,1a6955a5af21c08fc113aca7d985e77a3f2fcbc9b970bde3cd5106d9d100178e,confirmed,,확정(판정 2026-09-26) · 기록 그림,
wave14,wave14/candidates-v1/records/heraldry-composites/15.png,d716711551de9f517c804b8ee1821d788b09d4b07f472c74449a0883b89f917e,confirmed,,확정(판정 2026-09-26) · 기록 그림,
wave14,wave14/candidates-v1/records/heraldry-composites/16.png,f000665819ae4d10b85a45d73eedef7eb151864fd983a2eb901f404a4d412496,confirmed,,확정(판정 2026-09-26) · 기록 그림,
wave14,wave14/candidates-v1/records/heraldry-composites/17.png,d70a4344cfb57e7f60ea4c63d0e4890b469f4a54bdb4dd196ccc53eef03e41d1,confirmed,,확정(판정 2026-09-26) · 기록 그림,
wave14,wave14/candidates-v1/records/heraldry-composites/18.png,f282f7e66f0a112909f42187b633b3a9653bc928cf94abe90915954804ceac2c,confirmed,,확정(판정 2026-09-26) · 기록 그림,
wave14,wave14/candidates-v1/records/heraldry-composites/19.png,545f1d94886943fc152509c66b418cef568564223622d32e5d34d02ac843f377,confirmed,,확정(판정 2026-09-26) · 기록 그림,
wave14,wave14/candidates-v1/records/heraldry-composites/20.png,f3dbf8c5d6deb76c2a81f895cc27035b85235f8630b487b9a9c938ae9437f11c,confirmed,,확정(판정 2026-09-26) · 기록 그림,
wave14,wave14/candidates-v1/records/heraldry-composites/21.png,57adecc1b439db2cd23b4f0fad6f13becc2de08d9a0206f31f053e68bade52d8,confirmed,,확정(판정 2026-09-26) · 기록 그림,
wave14,wave14/candidates-v1/records/heraldry-composites/22.png,9919c40d2802ed3ba4102bb49a54fe945099e9d4f3812a6329ded60df497f982,confirmed,,확정(판정 2026-09-26) · 기록 그림,
wave14,wave14/candidates-v1/records/heraldry-composites/23.png,c66bda76b5747500e89397ee7d5b00d4be52bc4a55dd673ba0ebfc52af2b3985,confirmed,,확정(판정 2026-09-26) · 기록 그림,
wave14,wave14/candidates-v1/records/heraldry-composites/24.png,3fca581619abd272c64fb13324692a1f87b226ef889b159b2d54d6264eba073c,confirmed,,확정(판정 2026-09-26) · 기록 그림,
wave14,wave14/candidates-v1/records/heraldry-geometry-contact.png,475c5bb2126815d3c506ad13eb41ae53be2ae95eae6d5fa754a9032043cfb574,confirmed,,확정(판정 2026-09-26) · 기록 그림,
wave14,wave14/candidates-v1/records/icons-96-48-contact.png,8fbfc9e2f88c17bc2f34c186b691f725aaa3bcace9422e08152c7f218466e1de,confirmed,,확정(판정 2026-09-26) · 기록 그림,
wave14,wave14/candidates-v1/records/merchant-256-edge-audit.png,c5709c4cf387269504f57c647be23e038c3b709a9503a6c8d2e893b8de9a4523,confirmed,,확정(판정 2026-09-26) · 기록 그림,
wave14,wave14/candidates-v1/records/ordinary-three-shield-matrix.png,952ab1ed5552c5a5b6b7524bad49863dff21ff5c5978dcb1bf098dd73e0d95c3,confirmed,,확정(판정 2026-09-26) · 기록 그림,
wave14,wave14/candidates-v1/records/seals-contact.png,756ce9bf3b4dc6e0845a4fb58ccc2d7d745d54f12dca2eb70ea6d79e87c2efed,confirmed,,확정(판정 2026-09-26) · 기록 그림,
wave14,wave14/candidates-v1/records/ui-frames-nine-slice.png,f1f6f22d2326db7b51cc506a2c9a88565d6286f69d47054ff3c8367cc323f5f8,confirmed,,확정(판정 2026-09-26) · 기록 그림,
wave14,wave14/candidates-v1/records/ui-lord-heraldry.png,6c9c5d17d56676c2b79fe3b6a622dbea8dbb5fdaf4576bc7d0e8c9f6a08e65ec,confirmed,,확정(판정 2026-09-26) · 기록 그림,
wave14,wave14/texture-rework-20260926/assets/merchant/merchant_carved_texture.png,11ca3be6b738a98e358103b0f7502e8f795a532937ef11e9f9e2106867d4f339,confirmed,,질감 재작업 확정(판정 2026-09-26),
wave14,wave14/texture-rework-20260926/assets/merchant/merchant_ink_stamp_texture.png,742abad9d68241ec33db4e1cbbecefd65ca7aa8d600799e7c6a6773fee836f53,confirmed,,질감 재작업 확정(판정 2026-09-26),UI-5
wave14,wave14/texture-rework-20260926/assets/shield_surface_texture_multiply.png,8cf85aef25cec836ea5b4540c1cf4414217c223de3d7c8e4d3e01de536ea0768,confirmed,,질감 재작업 확정(판정 2026-09-26),UI-5
wave14,wave14/texture-rework-20260926/assets/shield_surface_texture_screen.png,f12c3e763144638b92bc47ab4fcbbcaeeb3de70eac09f694f67a6485101ff344,confirmed,,질감 재작업 확정(판정 2026-09-26),UI-5
wave14,wave14/texture-rework-20260926/proofs/01-heraldry-textured.png,bf1433685bdfd50a7f02f5523c25b16fb5e1686141b7819574a0207244c80048,confirmed,,질감 재작업 확정(판정 2026-09-26) · 확인 그림,
wave14,wave14/texture-rework-20260926/proofs/02-merchant-materials.png,eada3405963556b26f3969c680216bbb0d704135fac25ca6f5f7313af8358c36,confirmed,,질감 재작업 확정(판정 2026-09-26) · 확인 그림,
wave14,wave14/texture-rework-20260926/records/carved-view.png,c086d2ab3c984b6f8f0436a68b79bcdaf190fff57b66b43b50ba9fe05a3f4f31,confirmed,,질감 재작업 확정(판정 2026-09-26) · 기록 그림,
wave14,wave14/texture-rework-20260926/records/heraldry-textured/01.png,ddf5301808120b8493cce56f63b3e5a3e85618739a8b551da32843610c701dba,confirmed,,질감 재작업 확정(판정 2026-09-26) · 기록 그림,
wave14,wave14/texture-rework-20260926/records/heraldry-textured/02.png,32078124045afd739dbd6a1cf6e04ef9f0b58a585dd08f47e471462fbc6c7330,confirmed,,질감 재작업 확정(판정 2026-09-26) · 기록 그림,
wave14,wave14/texture-rework-20260926/records/heraldry-textured/03.png,52925762ac8a845130b4713f5858074d3e3291bc6bdd9b20cfd94a53a813fd1e,confirmed,,질감 재작업 확정(판정 2026-09-26) · 기록 그림,
wave14,wave14/texture-rework-20260926/records/heraldry-textured/04.png,f96a74245d8713052f86b1d18bdca2117c4fcca8a2e441b052bde5945c43dcda,confirmed,,질감 재작업 확정(판정 2026-09-26) · 기록 그림,
wave14,wave14/texture-rework-20260926/records/heraldry-textured/05.png,423419c2559b80e992cb04d3782ca36ebdc3542b90ebc18fd1973c079ff6bad3,confirmed,,질감 재작업 확정(판정 2026-09-26) · 기록 그림,
wave14,wave14/texture-rework-20260926/records/heraldry-textured/06.png,9a9a4ade2f1869ad38c37d62f1e1ea0e3100856a5de8a9c4a5cbde5fc716ae92,confirmed,,질감 재작업 확정(판정 2026-09-26) · 기록 그림,
wave14,wave14/texture-rework-20260926/records/heraldry-textured/07.png,052eee1d65f4b0a76cf3cc5196a8550f877d8eb7666901cb23fb66e7cb3b7864,confirmed,,질감 재작업 확정(판정 2026-09-26) · 기록 그림,
wave14,wave14/texture-rework-20260926/records/heraldry-textured/08.png,819537a2c71006542c564e2776031978821d29d703634192597c6571f87991c2,confirmed,,질감 재작업 확정(판정 2026-09-26) · 기록 그림,
wave14,wave14/texture-rework-20260926/records/heraldry-textured/09.png,d0053087d5110ea58d41d4b3c6b66f104c9b840edd58036bb5add54a311dc908,confirmed,,질감 재작업 확정(판정 2026-09-26) · 기록 그림,
wave14,wave14/texture-rework-20260926/records/heraldry-textured/10.png,843a154201726d36d258aa7a9bc9e195dcbb0ee1dafa31201c3fe501601596e3,confirmed,,질감 재작업 확정(판정 2026-09-26) · 기록 그림,
wave14,wave14/texture-rework-20260926/records/heraldry-textured/11.png,5a1591a988d53f44d176e8c0a4415e82e734a2e281756f5cbc92b658e88bb2b0,confirmed,,질감 재작업 확정(판정 2026-09-26) · 기록 그림,
wave14,wave14/texture-rework-20260926/records/heraldry-textured/12.png,15e727a5faf7db1139c33fb64d660161c92599e9a3d3d3baffd0a428f8de6828,confirmed,,질감 재작업 확정(판정 2026-09-26) · 기록 그림,
wave14,wave14/texture-rework-20260926/records/heraldry-textured/13.png,7a63254b01620c6bea7fa4f33d3d807e174d1062811de258525e3413c226e727,confirmed,,질감 재작업 확정(판정 2026-09-26) · 기록 그림,
wave14,wave14/texture-rework-20260926/records/heraldry-textured/14.png,347a06e244b0cf436568c910b87719329e62e3ed0c2ad7ff3ed531c567ce4bf3,confirmed,,질감 재작업 확정(판정 2026-09-26) · 기록 그림,
wave14,wave14/texture-rework-20260926/records/heraldry-textured/15.png,78624f98a04a648e13c367954d69de8057e5ed619198e498d9b2bd7e7b9dcab7,confirmed,,질감 재작업 확정(판정 2026-09-26) · 기록 그림,
wave14,wave14/texture-rework-20260926/records/heraldry-textured/16.png,fdb7c9d562f8be6519b6f0fe9f81027e4a250f2afd5b7089633d1353344df0e0,confirmed,,질감 재작업 확정(판정 2026-09-26) · 기록 그림,
wave14,wave14/texture-rework-20260926/records/heraldry-textured/17.png,4b6599b5ffc34f0a33fc524faf2d8a1e94367ad03f7f54080560f7c3d9dd1ae0,confirmed,,질감 재작업 확정(판정 2026-09-26) · 기록 그림,
wave14,wave14/texture-rework-20260926/records/heraldry-textured/18.png,eb802a577f0e94169c2c9808e24af9708dce65c7d9feac27bf55b8bfe309ab87,confirmed,,질감 재작업 확정(판정 2026-09-26) · 기록 그림,
wave14,wave14/texture-rework-20260926/records/heraldry-textured/19.png,c70fb1c06b48ee7e4a3133b89fd46cccf92e51042475df8180e5a543b1004b8d,confirmed,,질감 재작업 확정(판정 2026-09-26) · 기록 그림,
wave14,wave14/texture-rework-20260926/records/heraldry-textured/20.png,29a026ffa2db229d066622534ce9bf087d067e3bfc95752889e3c360dca56318,confirmed,,질감 재작업 확정(판정 2026-09-26) · 기록 그림,
wave14,wave14/texture-rework-20260926/records/heraldry-textured/21.png,c97827584ce1c9c7fce9156846526e71c5e2640721031c3e31d440310a7390ca,confirmed,,질감 재작업 확정(판정 2026-09-26) · 기록 그림,
wave14,wave14/texture-rework-20260926/records/heraldry-textured/22.png,6f79fa61b65f98752a36e62a646b89bdfce7a89ba3bf97d1a1e623bee85cca71,confirmed,,질감 재작업 확정(판정 2026-09-26) · 기록 그림,
wave14,wave14/texture-rework-20260926/records/heraldry-textured/23.png,b3880f09aacb6fa766301d53b1c22f5bf0c087386dfba7d291a854bd46ceff56,confirmed,,질감 재작업 확정(판정 2026-09-26) · 기록 그림,
wave14,wave14/texture-rework-20260926/records/heraldry-textured/24.png,8e9bb4e9c90044dae4229567bc0bbedce62c4f211e3c5a4f1a6e605e122f07d1,confirmed,,질감 재작업 확정(판정 2026-09-26) · 기록 그림,
wave14,wave14/texture-rework-20260926/records/ink-alpha-normalized.png,483471a6853c4bf3087cb1521346d6ceaa12e11a3d6af443255fd6e650eace32,confirmed,,질감 재작업 확정(판정 2026-09-26) · 기록 그림,
wave14,wave14/texture-rework-20260926/records/ink-alpha.png,483471a6853c4bf3087cb1521346d6ceaa12e11a3d6af443255fd6e650eace32,confirmed,,질감 재작업 확정(판정 2026-09-26) · 기록 그림 · ink-alpha-normalized.png와 동일 바이트(정본: wave14/texture-rework-20260926/records/ink-alpha-normalized.png),
wave14,wave14/texture-rework-20260926/records/ink-retention-view.png,ea3101cff0a9fb5b976e80054a5b1898873edb17a1cc8420cd19332d9cc0cc93,confirmed,,질감 재작업 확정(판정 2026-09-26) · 기록 그림,
wave14,wave14/texture-rework-20260926/records/ink-view.png,17fb6ebe4efdc7d3ec3329496cb804501232bbc545780550f5f36e68dfbdefad,confirmed,,질감 재작업 확정(판정 2026-09-26) · 기록 그림,
wave14,wave14/texture-rework-20260926/records/merchant-before-after.png,fc268305b3e71d4f611b9f23a0aaa983c54fb8b9b36db92ac0b9bdb7f5215a14,confirmed,,질감 재작업 확정(판정 2026-09-26) · 기록 그림,
wave14,wave14/texture-rework-20260926/records/shield-before-after.png,6191ddf75af54bd7ea0d601780793e9b2fee3c25df2a6cd14a7fd720bdc0ab0f,confirmed,,질감 재작업 확정(판정 2026-09-26) · 기록 그림,
wave15,wave15/candidates-20260926/assets/boundary/forest_fringe_a_autumn-v1.png,025649b4a223941004cbcd8ef6f0f84b8de281de14a97bcf1f9eb7defe769df8,confirmed,,Wave 15 계절 자연 확정(판정 2026-09-26),INSTALL-15
wave15,wave15/candidates-20260926/assets/boundary/forest_fringe_a_winter-v1.png,daf48ae4a74e7191243f41b08289132e3cceeade92a30643a5afdb836adfdceb,confirmed,,Wave 15 계절 자연 확정(판정 2026-09-26),INSTALL-15
wave15,wave15/candidates-20260926/assets/boundary/forest_fringe_b_autumn-v1.png,3107d86973798611d00dd319de44f421140fe87fa9ff1b87bcef51f4008ab018,confirmed,,Wave 15 계절 자연 확정(판정 2026-09-26),INSTALL-15
wave15,wave15/candidates-20260926/assets/boundary/forest_fringe_b_winter-v1.png,0b158dfb1cc4301e04df50f2d2447cc941c7b0a52f734f07409d66ceb708996c,confirmed,,Wave 15 계절 자연 확정(판정 2026-09-26),INSTALL-15
wave15,wave15/candidates-20260926/assets/boundary/forest_fringe_c_autumn-v1.png,15200b3f20470299c7b2fb1ffa372c9a9663bf80395e3de28c82dc42f20070ab,confirmed,,Wave 15 계절 자연 확정(판정 2026-09-26),INSTALL-15
wave15,wave15/candidates-20260926/assets/boundary/forest_fringe_c_winter-v1.png,90f4f5bc859ed1dd2a2567ff10df39619fb96000b9a236ea328b9a13e70a220a,confirmed,,Wave 15 계절 자연 확정(판정 2026-09-26),INSTALL-15
wave15,wave15/candidates-20260926/assets/boundary/grass_edge_autumn-v1.png,ae17adcb8e0e973db4753ba59e8e7880bbf7bffb08182ba64b7f747d3204d6e3,confirmed,,Wave 15 계절 자연 확정(판정 2026-09-26),INSTALL-15
wave15,wave15/candidates-20260926/assets/boundary/grass_edge_winter-v1.png,bbeee0e93305cbfeb904871de4cf2bb1fa607d3005c298df411bd05111ed5965,confirmed,,Wave 15 계절 자연 확정(판정 2026-09-26),INSTALL-15
wave15,wave15/candidates-20260926/assets/fields/ridge_fallow_winter-v1.png,9c9536c152d5dc5039ffeec75b90cf9d07e3bbcfdc88aea42cf00cfce602f686,confirmed,,Wave 15 계절 자연 확정(판정 2026-09-26),INSTALL-15
wave15,wave15/candidates-20260926/assets/fields/soil_winter-v1.png,37abaff275ddc595291a92f093621dbf1537df23c4a8c28aad22888ed31d7e0e,confirmed,,Wave 15 계절 자연 확정(판정 2026-09-26),INSTALL-15
wave15,wave15/candidates-20260926/assets/foliage/field_stone_winter-v1.png,fd30b954b5542058ed8a2c6482f49fe1bbf29442842de5b48ff3c0798855202e,confirmed,,Wave 15 계절 자연 확정(판정 2026-09-26),INSTALL-15
wave15,wave15/candidates-20260926/assets/foliage/grass_tuft_autumn-v1.png,776564b0c266a1d004505065f00a5efce9ca8ab16bb58e54692b68c1a7bfa613,confirmed,,Wave 15 계절 자연 확정(판정 2026-09-26),INSTALL-15
wave15,wave15/candidates-20260926/assets/foliage/grass_tuft_winter-v1.png,2e6af34f70eef2fb57f335112c800ea95dbf7c7135d2ed945c6ccccdc84121b3,confirmed,,Wave 15 계절 자연 확정(판정 2026-09-26),INSTALL-15
wave15,wave15/candidates-20260926/assets/foliage/shrub_a_autumn-v1.png,b1e0afdc34735735173a397e7b5f3f310e66267b9bebcc398310edb1a9d38f43,confirmed,,Wave 15 계절 자연 확정(판정 2026-09-26),INSTALL-15
wave15,wave15/candidates-20260926/assets/foliage/shrub_a_spring-v1.png,6ae1f0cec9f5cd9f5cb72cd3298838721f2473a3142fb1e270f67ac5d579ed02,confirmed,,Wave 15 계절 자연 확정(판정 2026-09-26),INSTALL-15
wave15,wave15/candidates-20260926/assets/foliage/shrub_a_winter-v1.png,c6cffda1ac05a4f6589c5976d70a4cc93ac65d3240b2e4801003107041014e26,confirmed,,Wave 15 계절 자연 확정(판정 2026-09-26),INSTALL-15
wave15,wave15/candidates-20260926/assets/foliage/shrub_b_autumn-v1.png,69448d49c1605528664676c54760371d2d9524c19e66eef60981fc797a80af1d,confirmed,,Wave 15 계절 자연 확정(판정 2026-09-26),INSTALL-15
wave15,wave15/candidates-20260926/assets/foliage/shrub_b_spring-v1.png,d3bfc244bb59f52421b443b28161b7143d3383234367f8db72fed70f9911f776,confirmed,,Wave 15 계절 자연 확정(판정 2026-09-26),INSTALL-15
wave15,wave15/candidates-20260926/assets/foliage/shrub_b_winter-v1.png,c885805913314aeeba33f49ded1c36bbcaf344475dfc8ddc760f218c7b0a125b,confirmed,,Wave 15 계절 자연 확정(판정 2026-09-26),INSTALL-15
wave15,wave15/candidates-20260926/assets/foliage/stump_fresh_winter-v1.png,f5dcfa2f6cb6a16c7dea78103299029a81b55840e9961e047e473e7527c451ec,confirmed,,Wave 15 계절 자연 확정(판정 2026-09-26),INSTALL-15
wave15,wave15/candidates-20260926/assets/foliage/stump_old_winter-v1.png,1ac1f8112c365ec140811616ba70bd42f6ba69c782b6cff1f9763ec935f04a21,confirmed,,Wave 15 계절 자연 확정(판정 2026-09-26),INSTALL-15
wave15,wave15/candidates-20260926/assets/foliage/tree_birch_autumn-v1.png,15583e03f2cd6ec5647ed971d9be2c3119efbeed0dfd9852b8e69340159aa2f7,confirmed,,Wave 15 계절 자연 확정(판정 2026-09-26),INSTALL-15
wave15,wave15/candidates-20260926/assets/foliage/tree_birch_spring-v1.png,314f70fc81dcd686e73415f329c4bd4d1ff96fcd9cc6f74a395cd1971c98418e,confirmed,,Wave 15 계절 자연 확정(판정 2026-09-26),INSTALL-15
wave15,wave15/candidates-20260926/assets/foliage/tree_birch_winter-v1.png,1a25b3117593314473da1366246f95daaca1b9301590c30f1385d6b2823fb062,confirmed,,Wave 15 계절 자연 확정(판정 2026-09-26),INSTALL-15
wave15,wave15/candidates-20260926/assets/foliage/tree_dead_winter_snow-v1.png,b1a05c875d08439ec40c95e24f5fc3bb0ca1aef303ead50f830a4599049d581d,confirmed,,Wave 15 계절 자연 확정(판정 2026-09-26),INSTALL-15
wave15,wave15/candidates-20260926/assets/foliage/tree_oak_large_autumn-v1.png,787293e80a7b38c9e58e1010f182ad17db769ed574fc4f328d6ff64d6961c5c2,confirmed,,Wave 15 계절 자연 확정(판정 2026-09-26),INSTALL-15
wave15,wave15/candidates-20260926/assets/foliage/tree_oak_large_spring-v1.png,48bfd0b33bcac02265544ad146f6c111deb5f8c8008134b6eb506a5185bf903f,confirmed,,Wave 15 계절 자연 확정(판정 2026-09-26),INSTALL-15
wave15,wave15/candidates-20260926/assets/foliage/tree_oak_large_winter-v1.png,c5fa00e8fdc8cb5e2f8862f8a7e406e13983e62c9213734f589b88ef84273ba5,confirmed,,Wave 15 계절 자연 확정(판정 2026-09-26),INSTALL-15
wave15,wave15/candidates-20260926/assets/foliage/tree_oak_large_winter_snow-v1.png,62d0fc2d98a766399efea9f63fb68078356e7fcd7bb48ab45282d70126edb155,confirmed,,Wave 15 계절 자연 확정(판정 2026-09-26),INSTALL-15
wave15,wave15/candidates-20260926/assets/foliage/tree_oak_small_autumn-v1.png,b82666a899d226207376168da8d588bcbb19f97923d661358110e205025915ea,confirmed,,Wave 15 계절 자연 확정(판정 2026-09-26),INSTALL-15
wave15,wave15/candidates-20260926/assets/foliage/tree_oak_small_spring-v1.png,a4494807f25688512f09e894c9b7dc7ef28ace09e7cc651b59d2755fc2cef9f8,confirmed,,Wave 15 계절 자연 확정(판정 2026-09-26),INSTALL-15
wave15,wave15/candidates-20260926/assets/foliage/tree_oak_small_winter-v1.png,cac1f5fd486df83f721d6fb0e2621f7f9e653e9810bf2d5dd38d429324ae6f3b,confirmed,,Wave 15 계절 자연 확정(판정 2026-09-26),INSTALL-15
wave15,wave15/candidates-20260926/assets/foliage/tree_oak_small_winter_snow-v1.png,d266dfb9bc77403e443d029cbe8b04c7ba040b9665d650e67683fcb2bcd48c41,confirmed,,Wave 15 계절 자연 확정(판정 2026-09-26),INSTALL-15
wave15,wave15/candidates-20260926/assets/foliage/tree_pine_short_winter_snow-v1.png,7671687bf3ebccbba08d85d213f5eae4e34546e1736bfdc56feef31980c31ec8,confirmed,,Wave 15 계절 자연 확정(판정 2026-09-26),INSTALL-15
wave15,wave15/candidates-20260926/assets/foliage/tree_pine_tall_winter_snow-v1.png,7b35b71faec923571e56d50b730e805c427603c0fb4afd04fb5d7a6ad3a4bd67,confirmed,,Wave 15 계절 자연 확정(판정 2026-09-26),INSTALL-15
wave15,wave15/candidates-20260926/assets/fx/falling_leaves_sheet-v1.png,5d7a2fa5d7a306c55fb0e7310cb6da0874bc00f07d2c5aaadec534d18031b79d,confirmed,,Wave 15 계절 자연 확정(판정 2026-09-26),INSTALL-15
wave15,wave15/candidates-20260926/assets/fx/snowfall_sheet-v1.png,19b118bf10311f33801bdc6b7729c109e39bb9bdf25aebc89671ab87d87b8495,confirmed,,Wave 15 계절 자연 확정(판정 2026-09-26),INSTALL-15
wave15,wave15/candidates-20260926/assets/orchard/orchard_apple_c_spring-v1.png,85cb17adf886febc134c4cc0fa077cf41506f27cf74db430dbb19b2577d34c9f,confirmed,,Wave 15 계절 자연 확정(판정 2026-09-26),INSTALL-15
wave15,wave15/candidates-20260926/assets/orchard/orchard_apple_c_winter-v1.png,9f8364ec8898da73ae1c2112aa0682ff9bae848260de5d2097374cc1cc2fd041,confirmed,,Wave 15 계절 자연 확정(판정 2026-09-26),INSTALL-15
wave15,wave15/candidates-20260926/assets/orchard/orchard_apple_d_spring-v1.png,4f2dae0f7b1cebf7c210861824b29387c9abcf2e1b24af163e6f312c44e04bd2,confirmed,,Wave 15 계절 자연 확정(판정 2026-09-26),INSTALL-15
wave15,wave15/candidates-20260926/assets/orchard/orchard_apple_d_winter-v1.png,35c6590da7c3bc219073339c960cd959992f396cdf588816acb4a809b4f3e9d3,confirmed,,Wave 15 계절 자연 확정(판정 2026-09-26),INSTALL-15
wave15,wave15/candidates-20260926/assets/orchard/orchard_apple_g_spring-v1.png,33d08ebbf1b1b96e500d2e2efb7c4b230683aa8c0a34a23434ebc48a5aebd9e0,confirmed,,Wave 15 계절 자연 확정(판정 2026-09-26),INSTALL-15
wave15,wave15/candidates-20260926/assets/orchard/orchard_apple_g_winter-v1.png,ac95a07e9c0dedf65faf86ba39191c14f4292b7f3c30d455a68068cc8dae57e4,confirmed,,Wave 15 계절 자연 확정(판정 2026-09-26),INSTALL-15
wave15,wave15/candidates-20260926/assets/orchard/orchard_apple_h_spring-v1.png,b4b5f1f8365df41801c4fdf84a9aa1481df902e61bc025532eded57cc8ca86dc,confirmed,,Wave 15 계절 자연 확정(판정 2026-09-26),INSTALL-15
wave15,wave15/candidates-20260926/assets/orchard/orchard_apple_h_winter-v1.png,de20178c00b1cc8b8e56f5ae9c46ef1808f309860476dfde87c44061a5ec642b,confirmed,,Wave 15 계절 자연 확정(판정 2026-09-26),INSTALL-15
wave15,wave15/candidates-20260926/assets/orchard/orchard_pear_e_spring-v1.png,8b5c545931c9a964989ddf4493b598f3fe5a1abe6cb37eef717153fd5d94286d,confirmed,,Wave 15 계절 자연 확정(판정 2026-09-26),INSTALL-15
wave15,wave15/candidates-20260926/assets/orchard/orchard_pear_e_winter-v1.png,7ee905876ef9788d504ecf9439b3b4b131cfc8e22d4cc916bd7a19f20df3e98a,confirmed,,Wave 15 계절 자연 확정(판정 2026-09-26),INSTALL-15
wave15,wave15/candidates-20260926/assets/orchard/orchard_pear_i_spring-v1.png,c87ad44bf6401624ac41606a0f691277195583866c19ae60f318457218eee7db,confirmed,,Wave 15 계절 자연 확정(판정 2026-09-26),INSTALL-15
wave15,wave15/candidates-20260926/assets/orchard/orchard_pear_i_winter-v1.png,41ddac2bb8ea18e01f6d6659b6802ecef5518fd5bc75f5d8847f9de9ccd18406,confirmed,,Wave 15 계절 자연 확정(판정 2026-09-26),INSTALL-15
wave15,wave15/candidates-20260926/assets/orchard/orchard_plum_f_spring-v1.png,a165713253200faa539c93b54acfb8b75284c85d8dc5b33b01870eac695fb624,confirmed,,Wave 15 계절 자연 확정(판정 2026-09-26),INSTALL-15
wave15,wave15/candidates-20260926/assets/orchard/orchard_plum_f_winter-v1.png,a6e7f742931607b36ef2e85eaf40cb654b76644bdb85d403a9899f88a4555c8f,confirmed,,Wave 15 계절 자연 확정(판정 2026-09-26),INSTALL-15
wave15,wave15/candidates-20260926/assets/orchard/orchard_plum_j_spring-v1.png,8a9106522343d5f4cc3caff1925cb7786835cd4e9dbc16f4fed8dd4f6dbf510e,confirmed,,Wave 15 계절 자연 확정(판정 2026-09-26),INSTALL-15
wave15,wave15/candidates-20260926/assets/orchard/orchard_plum_j_winter-v1.png,e2e77285fe5fbc3e944e6be93a919fcc07728433327faceb7ce32a9de1278ec0,confirmed,,Wave 15 계절 자연 확정(판정 2026-09-26),INSTALL-15
wave15,wave15/candidates-20260926/assets/orchard/orchard_tree_spring-v1.png,5fb49efeceba4a5f36fe2303b62e23a6e2d88b2b7aa2fd37750cfe53132b40b2,confirmed,,Wave 15 계절 자연 확정(판정 2026-09-26),INSTALL-15
wave15,wave15/candidates-20260926/assets/orchard/orchard_tree_winter-v1.png,170a19c21a3deff05c854d761340a70d78d360900e24fa4815bd6e4a47eeb258,confirmed,,Wave 15 계절 자연 확정(판정 2026-09-26),INSTALL-15
wave15,wave15/candidates-20260926/assets/season/puddle_ice-v1.png,6b0de1f743035252850c14d56879137dc84a5486db10e42c8fd7d8eb6c4f585a,confirmed,,Wave 15 계절 자연 확정(판정 2026-09-26),INSTALL-15
wave15,wave15/candidates-20260926/assets/season/snow_drift_a-v1.png,d9e31f706041c37bec8b2928cce804f874f8301f8828f54f908bf1cbedef1c74,confirmed,,Wave 15 계절 자연 확정(판정 2026-09-26),INSTALL-15
wave15,wave15/candidates-20260926/assets/season/snow_drift_b-v1.png,fbd3014a678649e33dad937862f917482bf95504b55bf58bd68751cb9b9267d9,confirmed,,Wave 15 계절 자연 확정(판정 2026-09-26),INSTALL-15
wave15,wave15/candidates-20260926/assets/season/spring_flowers_a-v1.png,7cfe13ded6a23cbf268c0369cd328a7fefcc93a487084017fe5b0204d4da0d89,confirmed,,Wave 15 계절 자연 확정(판정 2026-09-26),INSTALL-15
wave15,wave15/candidates-20260926/assets/season/spring_flowers_b-v1.png,ecf7b28ce8931d1116d61d685f9958c78cee425d4304ecd11f407976d16e466a,confirmed,,Wave 15 계절 자연 확정(판정 2026-09-26),INSTALL-15
wave15,wave15/candidates-20260926/assets/terrain/grass_autumn_fill-v1.png,dbf2dd4843925e1179c8e9d1d9f668806aeba302c8dd81a3e0990e177eb00687,confirmed,,Wave 15 계절 자연 확정(판정 2026-09-26),INSTALL-15
wave15,wave15/candidates-20260926/assets/terrain/grass_winter_fill-v1.png,fb3944c40dde9679ff08f5b6c019e57af53e5814e743e31176f00627de41c052,confirmed,,Wave 15 계절 자연 확정(판정 2026-09-26),INSTALL-15
wave15,wave15/candidates-20260926/assets/zones/orchard_spring_petals-v1.png,7695c3f164cf5fddf8969ef1077ca463ff270d17020932423dec0c88b28ba0a3,confirmed,,Wave 15 계절 자연 확정(판정 2026-09-26),INSTALL-15
wave15,wave15/candidates-20260926/assets/zones/pasture_autumn-v1.png,5c0bf32b5b503caa6b63ddf81e33829b563b9c6e6a8037aa045348ab6ba35441,confirmed,,Wave 15 계절 자연 확정(판정 2026-09-26),INSTALL-15
wave15,wave15/candidates-20260926/assets/zones/pasture_winter-v1.png,1011bece96f300b1a24d2340b31dccf421853ab3203ffdd0019a55a639be03fb,confirmed,,Wave 15 계절 자연 확정(판정 2026-09-26),INSTALL-15
wave15,wave15/candidates-20260926/proofs/checks/01-four-seasons.png,62c88d5a77942730b7526bb9161bd2f131d7a1deba1adc821eba5e468abb1f49,confirmed,,Wave 15 계절 자연 확정(판정 2026-09-26) · 확인 그림,
wave15,wave15/candidates-20260926/proofs/checks/02-foliage-grid.png,a04579d729882ad1682342d76cac69aeafb186bb1785ed927880d2b9f075d72f,confirmed,,Wave 15 계절 자연 확정(판정 2026-09-26) · 확인 그림,
wave15,wave15/candidates-20260926/proofs/checks/03-orchard-grid.png,e81a15f7ad7cce19b4e3e067a4998cc4597dbfdc70265cbcf181686c640cbb79,confirmed,,Wave 15 계절 자연 확정(판정 2026-09-26) · 확인 그림,
wave15,wave15/candidates-20260926/proofs/checks/04-winter-village.png,e04bdf1b41b9369c8fcc55a515622b7bdddef72f764970c8b4811d5323227f3a,confirmed,,Wave 15 계절 자연 확정(판정 2026-09-26) · 확인 그림,
wave16,wave16/candidates-v1/assets/chapters/chapter1_end.png,9b81fc3da323bbcdb5b3acc94fdd46ab5a4ea864e951f03a9a92ecefa32397c4,confirmed,,Wave 16 확정(판정 2026-09-26),UI-4
wave16,wave16/candidates-v1/assets/chapters/chapter2_intro.png,19704099e2e5af4e5041ca31a7a76a011e67efe676df6fd28e861f497d41b4ee,confirmed,,Wave 16 확정(판정 2026-09-26),UI-4
wave16,wave16/candidates-v1/assets/chronicle/chronicle_bad_harvest.png,008803576697e52f80c5665a2ad21c42219eb344276df7845c2c79fef262fc7b,confirmed,,Wave 16 확정(판정 2026-09-26),UI-4
wave16,wave16/candidates-v1/assets/chronicle/chronicle_charter.png,310e3ff11f06aae28777be800dbc468243fa506342bf29b0ecb9fdb73b974aa7,confirmed,,Wave 16 확정(판정 2026-09-26),UI-4
wave16,wave16/candidates-v1/assets/chronicle/chronicle_church_dedication.png,be7f1cc0ee2ba1584375ee0dc405123fee5c161e28fa7497e05c6b3704eabd3f,confirmed,,Wave 16 확정(판정 2026-09-26),UI-4
wave16,wave16/candidates-v1/assets/chronicle/chronicle_famine.png,867cb6a6633a42b93db20fc8f14ff26cc8a2f52f84cfc9873687e51350f73d7e,confirmed,,Wave 16 확정(판정 2026-09-26),UI-4
wave16,wave16/candidates-v1/assets/chronicle/chronicle_first_fire.png,04b208e91f0cb3f64596c0301c27eefc8cba5245cdd2c304ed43371f9257467c,confirmed,,Wave 16 확정(판정 2026-09-26),UI-4
wave16,wave16/candidates-v1/assets/chronicle/chronicle_first_mill.png,2b6c95d3a3eaf020d35461b033bed770cb404ebc8e8646f4b443609b5c0d2ce5,confirmed,,Wave 16 확정(판정 2026-09-26),UI-4
wave16,wave16/candidates-v1/assets/chronicle/chronicle_first_plough.png,330fc8bcfff4c1798e33f109fb4b5cf03560c10bd432568bb80d503956559110,confirmed,,Wave 16 확정(판정 2026-09-26),UI-4
wave16,wave16/candidates-v1/assets/chronicle/chronicle_first_winter.png,1bf6d42a0f86ff87bbb6867eee6cd7e62ac49ddbbbdd45f8b7c2dee71b310081,confirmed,,Wave 16 확정(판정 2026-09-26),UI-4
wave16,wave16/candidates-v1/assets/chronicle/chronicle_market_day.png,4a81ac7000f098136a801138dd248346a908d7eadf4a4f3f750bdc7843f0fbc0,confirmed,,Wave 16 확정(판정 2026-09-26),UI-4
wave16,wave16/candidates-v1/assets/chronicle/chronicle_market_town.png,8bfbc5d6a1303def414b179308d5695357489f38006fd076bcc9c38b72f30ea0,confirmed,,Wave 16 확정(판정 2026-09-26),UI-4
wave16,wave16/candidates-v1/assets/chronicle/chronicle_palisade.png,018360f49131d1dec483f77070f3899fb8ebb4d2b4907147e10c1e7d743895b5,confirmed,,Wave 16 확정(판정 2026-09-26),UI-4
wave16,wave16/candidates-v1/assets/chronicle/chronicle_petition.png,9dbe7d39e333dc5e519f9b7264aeaca86c59d3ab0e7e28ea58ddc572c32585e5,confirmed,,Wave 16 확정(판정 2026-09-26),UI-4
wave16,wave16/candidates-v1/assets/chronicle/chronicle_rebuilding.png,e6f060e8496cbb54ed0d4cc110b775999315977a2acd5c775e871b4a0b3f88c9,confirmed,,Wave 16 확정(판정 2026-09-26),UI-4
wave16,wave16/candidates-v1/assets/chronicle/chronicle_relief.png,a2e8a32f217c3fa1684d3237e0b69d1049371f7e14ee037ab91463caeee5ad39,confirmed,,Wave 16 확정(판정 2026-09-26),UI-4
wave16,wave16/candidates-v1/assets/chronicle/chronicle_settlement.png,608ca8889bbfd37ceb40eff9b22050edb2d9ed0eb5bba44eb981d723047c8efd,confirmed,,Wave 16 확정(판정 2026-09-26),UI-4
wave16,wave16/candidates-v1/assets/chronicle/chronicle_survival_spring.png,2df9f923078c67d1622e7886f80ffa7c54834756471073c801746e3484e07ad0,confirmed,,Wave 16 확정(판정 2026-09-26),UI-4
wave16,wave16/candidates-v1/assets/decisions/decision_famine_intro.png,649ff52f22c3ad88f785cf79c4b81af074246cc4c187969f173e84176ae86995,confirmed,,Wave 16 확정(판정 2026-09-26),UI-4
wave16,wave16/candidates-v1/assets/decisions/decision_laissez_faire.png,d93561032ec9e73c29af1235725daac68f4de3d81dfd8180165cc36cef1b2c1f,confirmed,,Wave 16 확정(판정 2026-09-26),UI-4
wave16,wave16/candidates-v1/assets/decisions/decision_price_control.png,82e109ff130dd84e37f63681467843eab834669b7ba60bf2c70dc882745b14ce,confirmed,,Wave 16 확정(판정 2026-09-26),UI-4
wave16,wave16/candidates-v1/assets/decisions/decision_relief.png,59285be48b0bb26fe736fb601b0b501eeb450336e9f70dacf483b8ab4e17b9a6,confirmed,,Wave 16 확정(판정 2026-09-26),UI-4
wave16,wave16/candidates-v1/assets/decisions/decision_speculation.png,39906ee47be89cca9d335e910e0833ff84c40a7aba629ab2d0a7b75a8ee4f27c,confirmed,,Wave 16 확정(판정 2026-09-26),UI-4
wave16,wave16/candidates-v1/assets/events/event_bad_harvest.png,975db47fb49596b928881c67f1b1c562fd78ae1b7a47442cee745a4d7a738f1e,confirmed,,Wave 16 확정(판정 2026-09-26),UI-4
wave16,wave16/candidates-v1/assets/events/event_famine_omen.png,d496eaa0ddbeaf19c802125bd3746e5b7e4554e051749aea01794416a913029c,confirmed,,Wave 16 확정(판정 2026-09-26),UI-4
wave16,wave16/candidates-v1/assets/events/event_fire.png,4cb461b996fb0c5e59c74a54ec3a9e133a69dda88ab85a91459206b0ed8ba5e3,confirmed,,Wave 16 확정(판정 2026-09-26),UI-4
wave16,wave16/candidates-v1/assets/events/event_fire_aftermath.png,9ef2a26d1ef66938f798f96fa590890cf9367db981fbaa14d09afc869b9f73ea,confirmed,,Wave 16 확정(판정 2026-09-26),UI-4
wave16,wave16/candidates-v1/assets/events/event_fire_warning.png,2264805be9dc6291b83b2e3c03fa278555edcf68fb0e9b284718ac2ef2b069da,confirmed,,Wave 16 확정(판정 2026-09-26),UI-4
wave16,wave16/candidates-v1/assets/events/event_first_winter.png,6ab5b3e8a6abb0b448f5e9fcdce92b3a315f6491c8a02aa04fd75a4032e9745f,confirmed,,Wave 16 확정(판정 2026-09-26),UI-4
wave16,wave16/candidates-v1/assets/events/event_hungry_gap.png,cacd148c88f24d44a675c68cb6bed353a5bc357afff2176c2a1148bd4fdb0b18,confirmed,,Wave 16 확정(판정 2026-09-26),UI-4
wave16,wave16/candidates-v1/assets/events/event_market_charter.png,7cf9a0bfa994773233adb11cbd10de118495463dfd78624e9e0db664b2cd48d2,confirmed,,Wave 16 확정(판정 2026-09-26),UI-4
wave16,wave16/candidates-v1/assets/events/event_market_petition.png,cf3b6b0d2658b1e8272da7ace4eb08d05d1bb78b3556ea67d873767a08a4df30,confirmed,,Wave 16 확정(판정 2026-09-26),UI-4
wave16,wave16/candidates-v1/assets/events/event_market_town.png,debeee7762e3c334f2771c0a36737eac1e5933fe07fd44733c85dee3aee339fc,confirmed,,Wave 16 확정(판정 2026-09-26),UI-4
wave16,wave16/candidates-v1/assets/events/event_palisade.png,b0fd030d366d0188c238c3916f167638223489390608b2874fa479498369788a,confirmed,,Wave 16 확정(판정 2026-09-26),UI-4
wave16,wave16/candidates-v1/assets/events/event_wet_summer.png,baabe5c0b20f7e6d6531b86ab2b8b45f6f9b6e27d4ec133abde2f7b0ffc20443,confirmed,,Wave 16 확정(판정 2026-09-26),UI-4
wave16,wave16/candidates-v1/proofs/01-event-cards.png,50e9b005997b9d0e9ebb159e5209d318e79e0c736b7f843173aaec31ae494a02,confirmed,,Wave 16 확정(판정 2026-09-26) · 확인 그림,
wave16,wave16/candidates-v1/proofs/02-decision-modals.png,8268e8370ca225c0e3339c87c25b9cf578bfb0dc68567ac6ce1afbf97e3a9c8c,confirmed,,Wave 16 확정(판정 2026-09-26) · 확인 그림,
wave16,wave16/candidates-v1/proofs/03-chronicle-pages.png,8ecff610ef40d3759c6255d49d65c4e5e87cb7e43b3874d2233ad4916bc328fe,confirmed,,Wave 16 확정(판정 2026-09-26) · 확인 그림,
wave16,wave16/candidates-v1/proofs/records/contact-chapters.png,f2ffba9d0999c3e70c517450ce1665939ab58b20b1323ccb8ef2dda5d10904c2,confirmed,,Wave 16 확정(판정 2026-09-26) · 확인 그림,
wave16,wave16/candidates-v1/proofs/records/contact-chronicle-late.png,a99d127eb3342f9e8eed3b24dde7b0c57c1ec2331838afd30fd3a317940314c9,confirmed,,Wave 16 확정(판정 2026-09-26) · 확인 그림,
wave16,wave16/candidates-v1/proofs/records/contact-decisions.png,ec5c50c1bf19c9821733689f050801c5e4d561fe536577e3a67341ec8b59a5e2,confirmed,,Wave 16 확정(판정 2026-09-26) · 확인 그림,
wave16,wave16/candidates-v1/proofs/records/contact-events-early.png,7876cedd1a4c54cdf44f4c40c4bfeeb680ccb8cb1c5ad83e826f7a276c7ec4f3,confirmed,,Wave 16 확정(판정 2026-09-26) · 확인 그림,
wave16,wave16/candidates-v1/proofs/records/contacts/chapters.png,1b8c870f3e80249156f958f77e9ade8c337dd3e1562ed4454f429b5c86d79895,confirmed,,Wave 16 확정(판정 2026-09-26) · 확인 그림,
wave16,wave16/candidates-v1/proofs/records/contacts/chronicle.png,d3d11d8eca2d459224bd8ed36e66a0e80b50573139fdde7a0a6db75315e944e4,confirmed,,Wave 16 확정(판정 2026-09-26) · 확인 그림,
wave16,wave16/candidates-v1/proofs/records/contacts/decisions.png,9da925a32a2864ddd9fb9bad1e9e3dcc4515d6877cad96f730da59ec308f9548,confirmed,,Wave 16 확정(판정 2026-09-26) · 확인 그림,
wave16,wave16/candidates-v1/proofs/records/contacts/events.png,e9877a873cc72dcc0e0da94f60724b931f4f60886ef27eda7ae168241549bbc7,confirmed,,Wave 16 확정(판정 2026-09-26) · 확인 그림,
wave16,wave16/candidates-v1/records/chronicle-early-contact-192.png,005d688db5db05ccdcf864c37efa8c625481b77591acb02c75c0a3f02a3893a6,confirmed,,Wave 16 확정(판정 2026-09-26) · 기록 그림,
wave16,wave16/candidates-v1/records/chronicle-early-contact.png,bbcf1c9ff1354d73b58d273de705ed5e30d1c779666019320694d9496b42930a,confirmed,,Wave 16 확정(판정 2026-09-26) · 기록 그림,
wave16,wave16/candidates-v1/records/events-late-contact.png,45f2356e905f0126e6a48fee34439b392f8416049ed4be999144f5198ee778a8,confirmed,,Wave 16 확정(판정 2026-09-26) · 기록 그림,
wave17,wave17/candidates-20260926/assets/bld/beacon_idle-v1.png,136b0c47dcb80b8dd8f58fb370fb7d02926dce8fca3d8feac9d2e2337df74fb5,confirmed,,Wave 17 확정(판정 2026-09-26),UI-6
wave17,wave17/candidates-20260926/assets/bld/beacon_lit-v1.png,69963047875323ec3d9f8a4c60943e8301209e303477c2320265932e604120ad,confirmed,,Wave 17 확정(판정 2026-09-26),UI-6
wave17,wave17/candidates-20260926/assets/bld/muster_field-v1.png,3780fb9436e83970ee42520a765d2bd7db05f4b019770ed7793525d5ead021c5,confirmed,,Wave 17 확정(판정 2026-09-26),
wave17,wave17/candidates-20260926/assets/bld/royal_warehouse-v1.png,ad1c9872cdd59cfc6c7e451c81eeecc476bf744bebe1745e30950009c3607e0e,confirmed,,Wave 17 확정(판정 2026-09-26),
wave17,wave17/candidates-20260926/assets/decal/trampled_field-v1.png,8fd3ee6047d5be374252de04984a9c9d73d35bf05cf295a81ab18a92913ad10e,confirmed,,Wave 17 확정(판정 2026-09-26),
wave17,wave17/candidates-20260926/assets/event/raid_burning_quay-v1.png,1641a57111cfe03fbdfa442a186113ed56c8f819eb812c899335fc3fd3f9cfaf,confirmed,,Wave 17 확정(판정 2026-09-26),UI-6
wave17,wave17/candidates-20260926/assets/event/raid_smoke_column_sheet-v1.png,56afedbfdb61114f1cd84de7e678b96620df9f0675e3f02b63afa272ecdc28a3,confirmed,,Wave 17 확정(판정 2026-09-26),UI-6
wave17,wave17/candidates-20260926/assets/herd/wool_sack_convoy-v1.png,2dc94bc01b24fffdd9cbaf010cbd929e301e2723951f63c8c2a82f4db5a39ae6,confirmed,,Wave 17 확정(판정 2026-09-26),
wave17,wave17/candidates-20260926/assets/illustration/chapter2_end.png,7071e63cc12d45f2da42f0c7343f2e8e2c12cabdb6f63b20447b37edf3e9ac68,confirmed,,Wave 17 확정(판정 2026-09-26),UI-6
wave17,wave17/candidates-20260926/assets/illustration/chronicle/beacon.png,623a52bf49fee1193c11902baa3433a9483bc9857c5b2454f3dc18bb5ffe0b32,confirmed,,Wave 17 확정(판정 2026-09-26),UI-6
wave17,wave17/candidates-20260926/assets/illustration/chronicle/conscription.png,fd327916d22c821f1ba575aa0b221837b537fe950cb58ad6a4165f542e5bcf24,confirmed,,Wave 17 확정(판정 2026-09-26),UI-6
wave17,wave17/candidates-20260926/assets/illustration/chronicle/messenger.png,2e00a016e3acbda9b681c0bc6dac67654e0a0ed8b1207862206b1c4fdc414f2c,confirmed,,Wave 17 확정(판정 2026-09-26),UI-6
wave17,wave17/candidates-20260926/assets/illustration/chronicle/purveyance_licence.png,6f55643ee7d51d3ee43f6fe5b944c6395ed4676bb878a4cc17194b9bc5bbc299,confirmed,,Wave 17 확정(판정 2026-09-26),UI-6
wave17,wave17/candidates-20260926/assets/illustration/chronicle/raid.png,ea4c45014aa1d58550d77caf1ab0d9039a4c1612ad16b2256c8e59a7df9bfdfa,confirmed,,Wave 17 확정(판정 2026-09-26),UI-6
wave17,wave17/candidates-20260926/assets/illustration/chronicle/stonewall_complete.png,e0bb2d5ff9dae3fbb9f3e139a0a21710b02bf55940adf318ead11b02447e8ad4,confirmed,,Wave 17 확정(판정 2026-09-26),CHRON-1
wave17,wave17/candidates-20260926/assets/illustration/chronicle/stonewall_start.png,42bede8cb93e25abf1057b9e673f630a4f3261ba810a995dd3e12efbe0a0903d,confirmed,,Wave 17 확정(판정 2026-09-26),CHRON-1
wave17,wave17/candidates-20260926/assets/illustration/chronicle/wool_levy.png,2a9f4ad8d145187a07595a53d8b21452a35cf19d01dd1a79a20a68ea6a57998d,confirmed,,Wave 17 확정(판정 2026-09-26),UI-6
wave17,wave17/candidates-20260926/assets/illustration/decision/levy_response.png,3dcd292b3a6c8ba06770ba46057e44581ef610836d5657abf92b95c221596bc2,confirmed,,Wave 17 확정(판정 2026-09-26),UI-6
wave17,wave17/candidates-20260926/assets/illustration/decision/refugee_admission.png,f95e9766d8b246d16750f6e2626352e11871d8424e9e9c7a27254564dda97acd,confirmed,,Wave 17 확정(판정 2026-09-26),UI-6
wave17,wave17/candidates-20260926/assets/illustration/decision/wall_or_market.png,aa6aeabf63aac7e70b8df80c6aefd24f4d42837b5dec8f043b44e78758054b31,confirmed,,Wave 17 확정(판정 2026-09-26),UI-6
wave17,wave17/candidates-20260926/assets/illustration/decision/war_funding.png,1f529d58370d04e3ce706dbc321797b1757a158140b233face31e4c1c844f11f,confirmed,,Wave 17 확정(판정 2026-09-26),UI-6
wave17,wave17/candidates-20260926/assets/illustration/decision/wool_payment.png,c6a22029e83a9607712461361de8a51e108b844a05948b3d7d2be6cedda07611,confirmed,,Wave 17 확정(판정 2026-09-26),UI-6
wave17,wave17/candidates-20260926/assets/illustration/event/beacon_warning.png,fafe1b8fef3fd18584cb3371b6f902333bdeb7f077321eab61657b2422cbeff2,confirmed,,Wave 17 확정(판정 2026-09-26),UI-6
wave17,wave17/candidates-20260926/assets/illustration/event/coastal_raid.png,c84ac162e138fdfa7742bed42fb8e21d793348900f69b72d7b04d5b89e82d82e,confirmed,,Wave 17 확정(판정 2026-09-26),UI-6
wave17,wave17/candidates-20260926/assets/illustration/event/conscription_departure.png,a466a791cab2e09b9743ea55a5c312b92d6774c1c9c1bb91b6054dc6950a442f,confirmed,,Wave 17 확정(판정 2026-09-26),UI-6
wave17,wave17/candidates-20260926/assets/illustration/event/empty_workshop.png,ef51d2eaeab848845c7283ccfecd43a8806f311af095b19c61edd0bc7d06471f,confirmed,,Wave 17 확정(판정 2026-09-26),UI-6
wave17,wave17/candidates-20260926/assets/illustration/event/raid_aftermath.png,78107ae31858c330ae41a1f4c38a58c7c7368f1d13bc6afc83c07000b4dcf79c,confirmed,,Wave 17 확정(판정 2026-09-26),UI-6
wave17,wave17/candidates-20260926/assets/illustration/event/royal_messenger_arrival.png,14ef75f05c07c059f547a538314f4e90ec76c68e39651acd63cd5aa42327788e,confirmed,,Wave 17 확정(판정 2026-09-26),UI-6
wave17,wave17/candidates-20260926/assets/illustration/event/stonewall_charter.png,01c586635da9628195e48ce7b0b0f69ba87dae704001ac83bfe609769cd7d01d,confirmed,,Wave 17 확정(판정 2026-09-26),UI-6
wave17,wave17/candidates-20260926/assets/illustration/event/wool_levy_edict.png,0cbb8a4732d6bde7cd0bd6284bbe87186bd6b9d66885b7f56f0422094e7122a3,confirmed,,Wave 17 확정(판정 2026-09-26),UI-6
wave17,wave17/candidates-20260926/assets/prop/held_bill_ne-v1.png,0d00ccffc0158bad308974b74a039302ac354a9c0e5f1dbbbf8b0fd3de86bbe2,confirmed,,Wave 17 확정(판정 2026-09-26),
wave17,wave17/candidates-20260926/assets/prop/held_bill_nw-v1.png,019cd77549f67114a8136cb4cd012f9c8814e9398e963115880321bd6635f4e8,confirmed,,Wave 17 확정(판정 2026-09-26),
wave17,wave17/candidates-20260926/assets/prop/held_bill_se-v1.png,6b9b0187007beccec458f5c4f26e818afb4dc1913301a4dae5ad83d1b1512247,confirmed,,Wave 17 확정(판정 2026-09-26),
wave17,wave17/candidates-20260926/assets/prop/held_bill_sw-v1.png,9858ef8ef7aeb00452871075474c4862c5a65897f4cf97904b7bea186126f9b7,confirmed,,Wave 17 확정(판정 2026-09-26),
wave17,wave17/candidates-20260926/assets/prop/held_ledger_ne-v1.png,a49270e2d120fbc383236e4108af19be8eee7aed34b9afa1c6288e52031ea5ac,confirmed,,Wave 17 확정(판정 2026-09-26),
wave17,wave17/candidates-20260926/assets/prop/held_ledger_nw-v1.png,310bde0e9bc5f46531b2b67e26b25476fbf1f9445e76f40621cabc17e8e63f35,confirmed,,Wave 17 확정(판정 2026-09-26),
wave17,wave17/candidates-20260926/assets/prop/held_ledger_se-v1.png,606ecfb0ae6946952ac77c52241512789dab826064ec9c6b5339cff34f889c2a,confirmed,,Wave 17 확정(판정 2026-09-26),
wave17,wave17/candidates-20260926/assets/prop/held_ledger_sw-v1.png,d758b8222cf359eda17d51f9ea2a202b499d0e7d40c17bdd823c4e67b955cd2f,confirmed,,Wave 17 확정(판정 2026-09-26),
wave17,wave17/candidates-20260926/assets/prop/held_longbow_ne-v1.png,27e4d91dc88909d4a685a2ee4c0e771e5bfa9f83ada3f16f232b6c851f7248ac,confirmed,,Wave 17 확정(판정 2026-09-26),
wave17,wave17/candidates-20260926/assets/prop/held_longbow_nw-v1.png,43f0d03b8e47322775b47b069b0a2e7a0fc956e3827c8861b83556b172305d80,confirmed,,Wave 17 확정(판정 2026-09-26),
wave17,wave17/candidates-20260926/assets/prop/held_longbow_se-v1.png,7cbd97bca4231fd144b80ddfe1680a317765c67cf43f78bab6db506a745e03b0,confirmed,,Wave 17 확정(판정 2026-09-26),
wave17,wave17/candidates-20260926/assets/prop/held_longbow_sw-v1.png,940796a124a1716d773ae4de32acb4b163973e9f1a295479028a2621a0d33ed0,confirmed,,Wave 17 확정(판정 2026-09-26),
wave17,wave17/candidates-20260926/assets/prop/held_torch_ne-v1.png,ecbddb7c033595c4ecf6b18e102dcf1254a1418ce7d845e8d0ca24be4c15dae6,confirmed,,Wave 17 확정(판정 2026-09-26),
wave17,wave17/candidates-20260926/assets/prop/held_torch_nw-v1.png,2951d67a4e2c57f29d3cd0dcc3590f4b3b3fc9e7f3fc9e0e19d7d60837c6277e,confirmed,,Wave 17 확정(판정 2026-09-26),
wave17,wave17/candidates-20260926/assets/prop/held_torch_se-v1.png,589765b42af7c0fbd59039c26137f6d8b17e4e23a34550020c3e9411aadbf2c7,confirmed,,Wave 17 확정(판정 2026-09-26),
wave17,wave17/candidates-20260926/assets/prop/held_torch_sw-v1.png,18a86b1cece806a0c170b1546bae1fbfd7848e17853c319fb9a1f68ccea83343,confirmed,,Wave 17 확정(판정 2026-09-26),
wave17,wave17/candidates-20260926/assets/prop/refugee_bundle_sheet-v1.png,59ee935100d542bc8d514220a9e5f8ac47c1b633111027240d1060297457c0be,confirmed,,Wave 17 확정(판정 2026-09-26),
wave17,wave17/candidates-20260926/assets/prop/refugee_child_sheet-v1.png,64f9b3061e032bb59fda208b905697fca6d883c1c09490f9b4aaeee5cdb4d929,confirmed,,Wave 17 확정(판정 2026-09-26) · leaving_child_sheet-v1.png와 동일 바이트(정본: wave9/candidates-20260925/assets/prop/leaving_child_sheet-v1.png),
wave17,wave17/candidates-20260926/assets/wall/stone_wall_repair_scaffold-v1.png,3356509790b1448ceec28406d9c288d1cde130529eba99bb4fefcac861806b52,confirmed,,Wave 17 확정(판정 2026-09-26) · 설치 시 석벽 v2 옆에서 톤 확인,
wave17,wave17/candidates-20260926/assets/wk/wk_levy_archer-v1.png,9c04c53dcb7dd8b5bc38fca98770c7cfe63016f581d23f2ee4a61fbbe40137d3,confirmed,,Wave 17 확정(판정 2026-09-26),
wave17,wave17/candidates-20260926/assets/wk/wk_levy_billman-v1.png,145f36d3a772cece6cc8775739e2a2d04b23603ea9c97b7228b174362bb81ca6,confirmed,,Wave 17 확정(판정 2026-09-26),
wave17,wave17/candidates-20260926/assets/wk/wk_raider-v1.png,0aec4bf22946e90b0bcf12d23f0cb94b463e1afa818cbec7922b920eb4b4a325,confirmed,,Wave 17 확정(판정 2026-09-26),
wave17,wave17/candidates-20260926/assets/wk/wk_refugee_family-v1.png,52306449940a53fe325cc2d2f9d007ccc9a51c96409ec53bb0048a8cddab4347,confirmed,,Wave 17 확정(판정 2026-09-26),
wave17,wave17/candidates-20260926/assets/wk/wk_royal_purveyor-v1.png,dfb6e1b54910f60fb3b4bd125e2e06b46024494ab2998a9c7df79c6dfa00564c,confirmed,,Wave 17 확정(판정 2026-09-26),
wave17,wave17/candidates-20260926/assets/wk/wk_tax_collector-v1.png,2f5961bd508e2137b95050d198bc272f006cdc2a3c6242ac2b7da1ae73e3abb7,confirmed,,Wave 17 확정(판정 2026-09-26),UI-9b
wave17,wave17/candidates-20260926/proofs/01_workers_convoy.png,f9cc7d8297571ebc23e3479a0a3bc6263e22e4918d3343fa0e867e9832e8e1da,confirmed,,Wave 17 확정(판정 2026-09-26) · 확인 그림,
wave17,wave17/candidates-20260926/proofs/02_coastal_raid.png,f1b673b01958930d28623ee3f31e6de7bc96854bdabb2912cc544a89f00906f4,confirmed,,Wave 17 확정(판정 2026-09-26) · 확인 그림,
wave17,wave17/candidates-20260926/proofs/03_illustrations_cards.png,7b07cadd2904e150fc538924728cc9e72d0dfdf8ea00aae6c99e94c5d89701fb,confirmed,,Wave 17 확정(판정 2026-09-26) · 확인 그림,
wave17,wave17/candidates-20260926/proofs/checks/convoy-directions-phases.png,ea7db8c0a9f904b387992702fc455545d54925f92ff78d6406e878b16ca595bf,confirmed,,Wave 17 확정(판정 2026-09-26) · 확인 그림,
wave17,wave17/candidates-20260926/records/convoy/cargo-ai-source.png,6c96e7acb716e8677686424b17e30a6b08516daae2440a32bbed6b34cdf51d21,confirmed,,Wave 17 확정(판정 2026-09-26) · 기록 그림 · C2PA caBX 포함(받은 바이트 그대로),
wave17,wave17/candidates-20260926/records/roof-evidence/chapter-after.png,86ac5f2263f38574f08b2c55ebf090af301e5a8ebebab150f91d8d7ebfdf4d12,confirmed,,Wave 17 확정(판정 2026-09-26) · 기록 그림,
wave17,wave17/candidates-20260926/records/roof-evidence/chapter-before.png,826c3fa3fac775a87d9fec925b591b18a304b02d29faa5283503d10445cb834b,confirmed,,Wave 17 확정(판정 2026-09-26) · 기록 그림,
wave17,wave17/candidates-20260926/records/roof-evidence/workshop-after.png,71b4caaca546819257c9f79d6900f65da65ab14cddc73be369e31fd9964f88f2,confirmed,,Wave 17 확정(판정 2026-09-26) · 기록 그림,
wave17,wave17/candidates-20260926/records/roof-evidence/workshop-before.png,b25cb0f8fb722c7d43cf82e1693e278d3a787b7efcb55d084e9caab683faa266,confirmed,,Wave 17 확정(판정 2026-09-26) · 기록 그림,
wave18,wave18/candidates-v1/assets/crisis/crisis_construction_blocked.png,1898fdbe3b9339bcff7034a3af27d40ec884da4ed2779d4381d23d6f22123708,confirmed,,Wave 18 확정(판정 2026-09-27),
wave18,wave18/candidates-v1/assets/crisis/crisis_fire.png,40905b23a78a175eb2f25e04bfa1c988606f315140da4a56a3d8b3074856ee63,confirmed,,Wave 18 확정(판정 2026-09-27),
wave18,wave18/candidates-v1/assets/crisis/crisis_food_shortage.png,54927e1f3785334679eeb706a7a5972cc0b3f0c0ea5a29c73d58c1c347e7340e,confirmed,,Wave 18 확정(판정 2026-09-27),
wave18,wave18/candidates-v1/assets/crisis/crisis_household_leaving.png,94a4d9579926f6d210abc59b4b0449cd2fcb32b74ccf90caae24ce73d41b6a4f,confirmed,,Wave 18 확정(판정 2026-09-27),
wave18,wave18/candidates-v1/assets/crisis/crisis_storage_full.png,1377a0abf2650efb45e369190259266ed2e27bdba50eee24a8067bb2cac7b32d,confirmed,,Wave 18 확정(판정 2026-09-27),
wave18,wave18/candidates-v1/assets/crisis/crisis_upkeep_unpaid.png,994d2ad8f0e0dda6ee05c1ebd7dee16f4cd8d9382c05be1fd9ea29537bc8f642,confirmed,,Wave 18 확정(판정 2026-09-27),
wave18,wave18/candidates-v1/assets/main/dock_build.png,9e26630219c4373959beeff825fdf651034fd0792ef0c6db6ec41f0e6b0bdf56,confirmed,,Wave 18 확정(판정 2026-09-27),
wave18,wave18/candidates-v1/assets/main/dock_ledger.png,c144c4c7ed1f941187a110be65736daf485b5d4b8a803d6b05da5bdd8b848836,confirmed,,Wave 18 확정(판정 2026-09-27),
wave18,wave18/candidates-v1/assets/main/dock_steward.png,d10f54f515b64d1d7b6a0d8436ff1bdaac552d46045ec49363115bbd19e33883,confirmed,,Wave 18 확정(판정 2026-09-27),
wave18,wave18/candidates-v1/assets/main/pill_food_days.png,1d242e4a04928ca18607ae4c164716768cf0e6c05a53fb7fd15be51eebdef7ab,confirmed,,Wave 18 확정(판정 2026-09-27),
wave18,wave18/candidates-v1/assets/main/pill_money.png,e4e064fe40919e2affb0943067235db149a236be50c7e52d6af3016f953da144,confirmed,,Wave 18 확정(판정 2026-09-27),
wave18,wave18/candidates-v1/assets/main/pill_population.png,1ba597a5c5f1e0bbe2e234430c48d4b885cbbe1c9791c2482fd31f943622b910,confirmed,,Wave 18 확정(판정 2026-09-27),
wave18,wave18/candidates-v1/assets/misc/cancel_touch.png,c0f25dbb5b2add2f397b7560b086f413fd8fb391af270be74bc77e639f2974f9,confirmed,,Wave 18 확정(판정 2026-09-27),
wave18,wave18/candidates-v1/assets/misc/confirm_check_touch.png,a23ae391d547c278d93d6c17d4048c3dde7ce80dbc07b03093c983b5dcb368f8,confirmed,,Wave 18 확정(판정 2026-09-27),
wave18,wave18/candidates-v1/assets/misc/hud_hide.png,d0237ac9278228ac1443a61603efc2cd0318c6ff82d8ad2c7d85c63bbdb5ae29,confirmed,,Wave 18 확정(판정 2026-09-27),
wave18,wave18/candidates-v1/assets/misc/layer_lock_badge.png,daf7a3984859dab26bf63a6dac3507962ba3a76bbdefad94bd2175e4cd6e2c76,confirmed,,Wave 18 확정(판정 2026-09-27),
wave18,wave18/candidates-v1/assets/misc/pulse_ring.png,614889c4445c1f7ca98c197a691f627f4887e12660f28d19ddd99eb62055cae3,confirmed,,Wave 18 확정(판정 2026-09-27),
wave18,wave18/candidates-v1/assets/patterns/pattern_blocked_cross.png,853ca606b7edbdeec36c8d076dfcec79f49f75e6261541dd7a3bfb6ed560fea4,confirmed,,Wave 18 확정(판정 2026-09-27),
wave18,wave18/candidates-v1/assets/patterns/pattern_blocked_hatch.png,bc593738f230d12cab565e40413b1967e1e404bb0542aaa085593d0949532554,confirmed,,Wave 18 확정(판정 2026-09-27),
wave18,wave18/candidates-v1/assets/patterns/pattern_ok.png,e4262411b60f1cb56067d16eef58f67f0f91392de5a8ba381832f5eb560df901,confirmed,,Wave 18 확정(판정 2026-09-27),
wave18,wave18/candidates-v1/assets/patterns/pattern_service_range_edge.png,9bedd3699eecbe920ce30c1a3997945449fc466dd5ba32d29063ff44260693ab,confirmed,,Wave 18 확정(판정 2026-09-27),
wave18,wave18/candidates-v1/assets/reasons/reason_material_shortage.png,89065db518b7f3fdbaaaf17b5c9a27b8210ed240b62973a41f2bddead5e6735e,confirmed,,Wave 18 확정(판정 2026-09-27),
wave18,wave18/candidates-v1/assets/reasons/reason_no_road.png,bc9fc7f37855a85e15d022398305a2059465466d0f5d15fb3cefd50d71ab356f,confirmed,,Wave 18 확정(판정 2026-09-27),
wave18,wave18/candidates-v1/assets/reasons/reason_overlap.png,e475ed010253c05a103d81637bc2dffc56b569d1e6ab5d426eefe64d24d03431,confirmed,,Wave 18 확정(판정 2026-09-27),
wave18,wave18/candidates-v1/assets/reasons/reason_slope_rock.png,f9ab8d7175ee3f708b75baac4769e41dd8a1e0568812961d75a1b9496c17e86c,confirmed,,Wave 18 확정(판정 2026-09-27),
wave18,wave18/candidates-v1/assets/reasons/reason_tree.png,729b679271fbc4eaa40082e77a1c8c2868f71b1073707635f764d10399cdb392,confirmed,,Wave 18 확정(판정 2026-09-27),
wave18,wave18/candidates-v1/assets/reasons/reason_wall_forbidden.png,c1ccc2afd808db9d70bebf97f4c3114b497a4666f5daefc4894868f0693bdbb0,confirmed,,Wave 18 확정(판정 2026-09-27),
wave18,wave18/candidates-v1/assets/reasons/reason_water.png,3e7d9c28501d9a75316fa98ec6fea26b0cafbe21842deb52667e0f44cb25df78,confirmed,,Wave 18 확정(판정 2026-09-27),
wave18,wave18/candidates-v1/assets/reasons/reason_zone_forbidden.png,9c959c509af7e8d1774d7edbb4333998079169d0623b7d375086d33486a43aa2,confirmed,,Wave 18 확정(판정 2026-09-27),
wave18,wave18/candidates-v1/assets/reused/pill_season_autumn.png,1d963eca0e205276557884df033588a53e81c8090cb7411b5fecfdd499d60cb9,confirmed,,"Wave 18 확정(판정 2026-09-27) · UI-P0 icon_resource_sheet 셀 7과 픽셀 동일(잘라낸 사본), Wave 8 원본과는 SHA 다름 — 중복 표시 안 함",
wave18,wave18/candidates-v1/assets/reused/pill_season_spring.png,a30747892f25ee0e78ed3d78ae4ab95bf5f5a46abd37cfd8c82b897a62cc8a40,confirmed,,"Wave 18 확정(판정 2026-09-27) · UI-P0 icon_resource_sheet 셀 5과 픽셀 동일(잘라낸 사본), Wave 8 원본과는 SHA 다름 — 중복 표시 안 함",
wave18,wave18/candidates-v1/assets/reused/pill_season_summer.png,a8dd90d884f92cf50bb2e174a69905be62fd1d26343593ebad15f01d2d6f46c7,confirmed,,"Wave 18 확정(판정 2026-09-27) · UI-P0 icon_resource_sheet 셀 6과 픽셀 동일(잘라낸 사본), Wave 8 원본과는 SHA 다름 — 중복 표시 안 함",
wave18,wave18/candidates-v1/assets/reused/pill_season_winter.png,9601f1dc5d0f953fb273f09085f4a6c16d482e57c18e1601ae74060347e48a32,confirmed,,"Wave 18 확정(판정 2026-09-27) · UI-P0 icon_resource_sheet 셀 8과 픽셀 동일(잘라낸 사본), Wave 8 원본과는 SHA 다름 — 중복 표시 안 함",
wave18,wave18/candidates-v1/assets/zone/zone_brush.png,f6a40d2f9aeb7fcd7accbf92dc0d53a8725ad97e3961e423444e11687233a463,confirmed,,Wave 18 확정(판정 2026-09-27),
wave18,wave18/candidates-v1/assets/zone/zone_erase.png,b25b53d3613f1bce5197e4b35cd0d0f53098d10d565478ab4336c986a9b845d0,confirmed,,Wave 18 확정(판정 2026-09-27),
wave18,wave18/candidates-v1/assets/zone/zone_paint_forbidden.png,9cd66e634ce1eeb0a95c27f021841f689874daca4c5f635221b1370241035487,confirmed,,Wave 18 확정(판정 2026-09-27),
wave18,wave18/candidates-v1/assets/zone/zone_polygon.png,dc1eae2f0505bb6b5d4c74da51b667d8daab24c957c674b4eaa43e6283d8b3ab,confirmed,,Wave 18 확정(판정 2026-09-27),
wave18,wave18/candidates-v1/assets/zone/zone_redo.png,f3e5f681dc16d8c8c2a6f7e8b29f3a1f349ec0d986062516c3413d93346f0b96,confirmed,,Wave 18 확정(판정 2026-09-27),
wave18,wave18/candidates-v1/assets/zone/zone_size_large.png,0b2c61438b0ab26e14d909866ea76f3e8d553444ba7a889b012725a06da21b0e,confirmed,,Wave 18 확정(판정 2026-09-27),
wave18,wave18/candidates-v1/assets/zone/zone_size_small.png,d79b9520fa076f0345c96c2f45e1057b56a3f2a4009f94535c0ac58f83477b76,confirmed,,Wave 18 확정(판정 2026-09-27),
wave18,wave18/candidates-v1/assets/zone/zone_undo.png,bdf1c1c861525ca76d2b6c0c630b55a5a5ef2b248f951b850efc5f9f0d60bd5b,confirmed,,Wave 18 확정(판정 2026-09-27),
wave18,wave18/candidates-v1/proofs/01-icons-scale-comparison.png,dbc20035ed923114e425af49ad1a701f5246c6094a274127ecac2449c6eff4d4,confirmed,,Wave 18 확정(판정 2026-09-27) · 확인 그림,
wave18,wave18/candidates-v1/proofs/02-minimal-hud-pc-tablet.png,d06c5b94270e364d076060ffba1d1c06a62ec65e8b3c590baf798d5f6f6bd179,confirmed,,Wave 18 확정(판정 2026-09-27) · 확인 그림,
wave18,wave18/candidates-v1/proofs/03-placement-colour-grayscale.png,084482a2e34782208d060c42a9dd1c166f301d6e22921c80a868b04f38da58e0,confirmed,,Wave 18 확정(판정 2026-09-27) · 확인 그림,
wave18,wave18/candidates-v1/records/crisis-size-contact.png,0704e38b9c248b2086e06986143ff8e61c67210ae7edb87b0c8c0c734447ada2,confirmed,,Wave 18 확정(판정 2026-09-27) · 기록 그림,
wave18,wave18/candidates-v1/records/misc-size-check.png,428ce64f59bf3976c0a3bf3f3d703dd6de8494180e457716db6915f7551f6f21,confirmed,,Wave 18 확정(판정 2026-09-27) · 기록 그림,
wave18,wave18/candidates-v1/records/proof-backdrop.png,3d382ef67b631a930bcff8c1a590a0b5b1b90dcbcf7d50c3360fb1bd775b3dcf,confirmed,,Wave 18 확정(판정 2026-09-27) · 기록 그림,
wave18,wave18/candidates-v1/records/reasons-24-32-48-96.png,2073757e0221b128700fe8847363bd51b6d5a208d8521363d2492db1fbd12db0,confirmed,,Wave 18 확정(판정 2026-09-27) · 기록 그림,
wave19,wave19/candidates-v1/assets/cards/frame_record_decision.png,d59f433997f953e8f11afb2fb90e1b92f969ab2f044154d0bc5c4b3f180d0b0a,confirmed,,Wave 19 확정(판정 2026-09-27),UI-4b
wave19,wave19/candidates-v1/assets/cards/frame_record_era.png,e368ef61480dc47cd01c9439e8c31f5f6a218945dcfbc44fad626090eef139e9,confirmed,,Wave 19 확정(판정 2026-09-27),UI-4b
wave19,wave19/candidates-v1/assets/cards/frame_record_event.png,185f1600d9caded48473008ee597198c7a97961dcbef96938aa29b6a85e5a93c,confirmed,,Wave 19 확정(판정 2026-09-27),UI-4b
wave19,wave19/candidates-v1/assets/cards/frame_record_ledger.png,47572a471c04113827578a028bc2d46961082f3e0469d0afe0d57a681a9826a9,confirmed,,Wave 19 확정(판정 2026-09-27),UI-4b
wave19,wave19/candidates-v1/assets/cards/frame_record_milestone.png,3f234d8eaf6068bd3ada6c2396773e582742c44b936f6d0724c86b5d10b2327c,confirmed,,Wave 19 확정(판정 2026-09-27),UI-4b
wave19,wave19/candidates-v1/assets/cards/frame_record_person.png,36e650711b939ffc84033a5e4ceeebaeb19ea2c4f2936543edad298ec27987f2,confirmed,,Wave 19 확정(판정 2026-09-27),UI-4b
wave19,wave19/candidates-v1/assets/pages/biography_life_dot.png,c6ec4c59edd1916c24b45529b3469c09186d35bd37749be661d6712163dd4e28,confirmed,,Wave 19 확정(판정 2026-09-27),UI-4b
wave19,wave19/candidates-v1/assets/pages/biography_life_end.png,0216498c5905364707763c9783319c468f1af3817bac2d7a7422c5574ad18b51,confirmed,,Wave 19 확정(판정 2026-09-27),UI-4b
wave19,wave19/candidates-v1/assets/pages/biography_life_line.png,a514ec187aa8649a18f5bf02a5ad78e5e367316e98c0e64d292d86f1800b91ab,confirmed,,Wave 19 확정(판정 2026-09-27),UI-4b
wave19,wave19/candidates-v1/assets/pages/frame_biography.png,2037d5a5ab3f5918efc3d61460eaa9b7c35d608f3c16536e42cd30321f93e1a8,confirmed,,Wave 19 확정(판정 2026-09-27),UI-4b
wave19,wave19/candidates-v1/assets/pages/frame_faction_page.png,02c73181bdf32ff8f360fb8d173799f5341cf92c4b623da0d33ea05a244b63dd,confirmed,,Wave 19 확정(판정 2026-09-27),UI-4b
wave19,wave19/candidates-v1/assets/pages/frame_snapshot_map_160.png,686c42a125f29ca31721dfecca13929a1f19e561775cb4ffa082948f255d5d77,confirmed,,Wave 19 확정(판정 2026-09-27),UI-4b
wave19,wave19/candidates-v1/assets/pages/frame_snapshot_map_320.png,077f4358a2ba7fd5e03a4b5565ca64f4bd76d1fdac0373c9c0faf39f4fcf3ff3,confirmed,,Wave 19 확정(판정 2026-09-27),UI-4b
wave19,wave19/candidates-v1/assets/pages/relation_scale_pin.png,bcd9b953f4c506e9f6b7b1334e1055f6c685d9ed60353944aaa2ef25ef503112,confirmed,,Wave 19 확정(판정 2026-09-27),UI-4b
wave19,wave19/candidates-v1/assets/pages/relation_scale_track.png,f441feeb1abbae34f7aaf6d5351a55e13872b4c772d754445493ddaaa1a7e097,confirmed,,Wave 19 확정(판정 2026-09-27),UI-4b
wave19,wave19/candidates-v1/assets/scenes_build/scene_complete_defense.png,379b65f3afcb70e931f0ae35bdf15d6577cbf2ac2bf5c26f98d261999138f943,confirmed,,Wave 19 확정(판정 2026-09-27),UI-4b
wave19,wave19/candidates-v1/assets/scenes_build/scene_complete_facility.png,2c3388f3f6669e2ca42e7a55fdea47d6992007dd196dd7d6f5d81c2318b2ef4a,confirmed,,Wave 19 확정(판정 2026-09-27),UI-4b
wave19,wave19/candidates-v1/assets/scenes_build/scene_complete_house.png,df38dfe367938d3cc8a5a62741663f866e96c9ad3dcaca5a66df9612860147c4,confirmed,,Wave 19 확정(판정 2026-09-27),UI-4b
wave19,wave19/candidates-v1/assets/scenes_build/scene_complete_public.png,7b2155c697fc8182d16c85164beaeac3a266f9473edb006e37f4d5340edad7fa,confirmed,,Wave 19 확정(판정 2026-09-27),UI-4b
wave19,wave19/candidates-v1/assets/scenes_build/scene_construction_blocked.png,a991a0d129b0f5588274fd490fc3baf487173cc2b459d59035d22f761a53fe3a,confirmed,,Wave 19 확정(판정 2026-09-27),UI-4b
wave19,wave19/candidates-v1/assets/scenes_build/scene_fire.png,b80957e76839d54f1b12b4dd57ebbd744e06b8361bb8baa12f433a01ce037b7e,confirmed,,Wave 19 확정(판정 2026-09-27),UI-4b
wave19,wave19/candidates-v1/assets/scenes_build/scene_stone_shortage.png,6148e5cbc87fbb854ca9055dd4bf2da41b5570db07e2bc9cd0871d696b3389d9,confirmed,,Wave 19 확정(판정 2026-09-27),UI-4b
wave19,wave19/candidates-v1/assets/scenes_build/scene_timber_shortage.png,5ab936b8b77e8f46dde78c26438c25162e5b5278f3fbcda904d89315367506cc,confirmed,,Wave 19 확정(판정 2026-09-27),UI-4b
wave19,wave19/candidates-v1/assets/scenes_events/scene_charter.png,4fe43f3e468f6032ed50b9031a0b88c9e8b413998560d463c1f33cf638622990,confirmed,,Wave 19 확정(판정 2026-09-27),UI-4b
wave19,wave19/candidates-v1/assets/scenes_events/scene_great_famine.png,753c708255ed0c41d96fa492290890546826c6d0c39634d2a4db95e9b9ac8b01,confirmed,,Wave 19 확정(판정 2026-09-27),UI-4b
wave19,wave19/candidates-v1/assets/scenes_events/scene_hungry_gap.png,bea8b739ab4e59529bf5e72a56c71271f94d96231ea486f0747c1280c79f3bdc,confirmed,,Wave 19 확정(판정 2026-09-27),UI-4b
wave19,wave19/candidates-v1/assets/scenes_events/scene_market_busy.png,a45fbfb427a60677624f0e190c5f6a05847f85dffc6c70ae4b757feae9799fd7,confirmed,,Wave 19 확정(판정 2026-09-27),UI-4b
wave19,wave19/candidates-v1/assets/scenes_events/scene_market_quiet.png,9c3483094a1b765e11c5a733ce154e85750ef90f0f52c8d803da5f826fd12fb4,confirmed,,Wave 19 확정(판정 2026-09-27),UI-4b
wave19,wave19/candidates-v1/assets/scenes_events/scene_petition.png,db2f41a0c60985172fe6695b5c005ebe665ea16f7329fa552655d99ecf4cdff0,confirmed,,Wave 19 확정(판정 2026-09-27),UI-4b
wave19,wave19/candidates-v1/assets/scenes_events/scene_poor_harvest.png,fc8e9db1ecf5a588a7e5cf45a772da79793e49a54c48860c0eadd67c7a9d1a36,confirmed,,Wave 19 확정(판정 2026-09-27),UI-4b
wave19,wave19/candidates-v1/assets/scenes_events/scene_winter_survived.png,3a86e05fc1a227c14571fd8af6a528ed39484aa6431ba5564361e01e2630073c,confirmed,,Wave 19 확정(판정 2026-09-27),UI-4b
wave19,wave19/candidates-v1/assets/scenes_people/scene_bread_reserve.png,7fcccc88885bef478e875490fa6c815673a5a97ca211f1b5f4732661ce13231e,confirmed,,Wave 19 확정(판정 2026-09-27),UI-4b
wave19,wave19/candidates-v1/assets/scenes_people/scene_bread_shortage.png,96c23a3cad3d1a8ecb92032654474fd9ae9214575113d2b80ee7e8ce5bf8facd,confirmed,,Wave 19 확정(판정 2026-09-27),UI-4b
wave19,wave19/candidates-v1/assets/scenes_people/scene_house_fed.png,b0e453bc57f3e9a7a48a1102e6e89331dee8872a3f07d5aad34116f00fed8c91,confirmed,,Wave 19 확정(판정 2026-09-27),UI-4b
wave19,wave19/candidates-v1/assets/scenes_people/scene_house_hungry.png,0f588e428f3420361d8c0492272e4ffbdefa65e7c440896803b2c0145f55f83b,confirmed,,Wave 19 확정(판정 2026-09-27),UI-4b
wave19,wave19/candidates-v1/assets/scenes_people/scene_household_arrival.png,95d3808a2279fc72dc202924b448923734e4098c10bd4ca1128f3e8e1ce20e5a,confirmed,,Wave 19 확정(판정 2026-09-27),UI-4b
wave19,wave19/candidates-v1/assets/scenes_people/scene_household_departure.png,ae1db2391849cd5576c5ebc69e2ac21e9465588eeeb0c6c773f904e3e0049bf7,confirmed,,Wave 19 확정(판정 2026-09-27),UI-4b
wave19,wave19/candidates-v1/assets/scenes_people/scene_population_down.png,7316c53c3795cbde3986b96c72774e2ae9c9bf12c2d134215e4b9028a163fc7f,confirmed,,Wave 19 확정(판정 2026-09-27),UI-4b
wave19,wave19/candidates-v1/assets/scenes_people/scene_population_up.png,c743e54f95d5263a24ff261904ae17a18e2e006aeed857256ccac0db2bc1fe0a,confirmed,,Wave 19 확정(판정 2026-09-27),UI-4b
wave19,wave19/candidates-v1/assets/timeline/frame_decision_compare.png,efda8a95ca4d20f61fb580b5a3d54eed8bedee7f19f66aaedae2ba16b2b7d0f7,confirmed,,Wave 19 확정(판정 2026-09-27),UI-4b
wave19,wave19/candidates-v1/assets/timeline/icon_actual.png,9584fa9ff1bba5f53fe703604cf5e444b268c4443bbf15a679fa7b837aee0631,confirmed,,Wave 19 확정(판정 2026-09-27),UI-4b
wave19,wave19/candidates-v1/assets/timeline/icon_delta_down.png,61274b39d612cf9cec911dcde359cf36c44554f3f6a3ee4abf64df043f541bad,confirmed,,Wave 19 확정(판정 2026-09-27),UI-4b
wave19,wave19/candidates-v1/assets/timeline/icon_delta_up.png,248bad1d0950c0e1e7ae37a9b974834c000e04bcb1966b8ded2ec0053afa3b06,confirmed,,Wave 19 확정(판정 2026-09-27),UI-4b
wave19,wave19/candidates-v1/assets/timeline/icon_predicted.png,28be381dae38b672eabde243eff51470c20f1d75b3a0327f9099b099de9c94f7,confirmed,,Wave 19 확정(판정 2026-09-27),UI-4b
wave19,wave19/candidates-v1/assets/timeline/timeline_marker_decision.png,854282a2a73093e05f82ba38c3f195c991dbe7df42d4cbaf9c6f7b6807dd1027,confirmed,,Wave 19 확정(판정 2026-09-27),UI-4b
wave19,wave19/candidates-v1/assets/timeline/timeline_marker_era.png,6a49d5535c93c710eb7d9ec3cafd12aa3fb341e8762d5ab856bfa0d88caf17a9,confirmed,,Wave 19 확정(판정 2026-09-27),UI-4b
wave19,wave19/candidates-v1/assets/timeline/timeline_marker_event.png,ac2ca285346d37f53c2b228a6b5fa2df7be34627fc684bff55618962165859a3,confirmed,,Wave 19 확정(판정 2026-09-27),UI-4b
wave19,wave19/candidates-v1/assets/timeline/timeline_marker_milestone.png,9b27f31e377d3b135b637e5f8c7aae65c8def50f6b379082ab4822b28bf4ffa7,confirmed,,Wave 19 확정(판정 2026-09-27),UI-4b
wave19,wave19/candidates-v1/assets/timeline/timeline_marker_person.png,328c0c50acdd2b16dfb27c0474d1b1cacced52d2324cd6879c467b28b21da871,confirmed,,Wave 19 확정(판정 2026-09-27),UI-4b
wave19,wave19/candidates-v1/assets/timeline/timeline_pin_now.png,98c1e2b5c669e65ae057aa48541bacee695a4dd49033991e7e7e8a166f34d25b,confirmed,,Wave 19 확정(판정 2026-09-27),UI-4b
wave19,wave19/candidates-v1/assets/timeline/timeline_pin_select.png,81809ed70e2fc9aeb416ede67b07e50f7f418c6267b2d2956a9b602c8186550f,confirmed,,Wave 19 확정(판정 2026-09-27),UI-4b
wave19,wave19/candidates-v1/assets/timeline/timeline_strip_base.png,7745fc58a9d9283c4235415144cf099fd3697a621350fe5b087a65e1f59a6c52,confirmed,,Wave 19 확정(판정 2026-09-27),UI-4b
wave19,wave19/candidates-v1/assets/timeline/timeline_zoom_handle.png,a66f430f111359545eaa443e91af2e840eb166e0636f42c172d9ed66835b36e4,confirmed,,Wave 19 확정(판정 2026-09-27),UI-4b
wave19,wave19/candidates-v1/proofs/01-chronicle-cards.png,b4fbe3ac2adb3ae405a5bc8b97349922e848e9b76b868b0b3c3f7d30f7f11d0c,confirmed,,Wave 19 확정(판정 2026-09-27) · 확인 그림,
wave19,wave19/candidates-v1/proofs/02-biography-faction.png,dbbe3415dfab39cc4e54c99241fbba15ed3a1df24ced9cb48799e40e7cd3d50e,confirmed,,Wave 19 확정(판정 2026-09-27) · 확인 그림,
wave19,wave19/candidates-v1/proofs/03-ledger-scenes.png,33d3f26d6e874475924a43b91496f98aa1a886100c097569692553e891e48e95,confirmed,,Wave 19 확정(판정 2026-09-27) · 확인 그림,
wave19,wave19/candidates-v1/records/scenes-build-size-check.png,5adc934f879d3e671f16a93c939de051b52c1d2ce67f24d1a1a49d6367f87d71,confirmed,,Wave 19 확정(판정 2026-09-27) · 기록 그림,
wave2,wave2/chapel_b-v1.png,44c6a5d5241c60be762d48ac5a4f4754bbcbf012deae680f8ab6f9a1212c971d,confirmed,,설치됨 · 설치 확인: public/assets/buildings/variants-wave2/chapel_b-v1.png,V1
wave2,wave2/chapel_stone-v1.png,071c6c726a549b0c6a4d69828b1dacd32bfb8c1378baa5c8b27d8469bae10646,confirmed,,설치됨 · 설치 확인: public/assets/buildings/variants-wave2/chapel_stone-v1.png,V1
wave2,wave2/farm_mixed_growing-v1.png,7b6e2bdb5c5f8a4c5a0800bf69ffa1b1e72c6ae357ffb8b6e272d39398825009,retired,,"같은 바이트가 retired/buildings/variants-wave2/farm_mixed_growing-v1.png에 retired로 있음, C1f 퇴역 (2026-09-27 판정) · 정리 때 비고: 규칙 밖: 같은 바이트가 retired/buildings/variants-wave2/에 retired로 있음(C1f 퇴역) — retired 제안 · 이전 비고: 판정 기록 없음 — 본선 public/assets에서 같은 바이트 미발견",
wave2,wave2/farm_mixed_ripe-v1.png,640255f8eedd2a1e6b780e63cdccc51daae17b3828957c06e69074c70ee24233,retired,,"같은 바이트가 retired/buildings/variants-wave2/farm_mixed_ripe-v1.png에 retired로 있음, C1f 퇴역 (2026-09-27 판정) · 정리 때 비고: 규칙 밖: 같은 바이트가 retired/buildings/variants-wave2/에 retired로 있음(C1f 퇴역) — retired 제안 · 이전 비고: 판정 기록 없음 — 본선 public/assets에서 같은 바이트 미발견",
wave2,wave2/farm_mixed_seedling-v1.png,95d030a064126a1cb4881ffa702c990dc08ba6864432e0a75acdeaf47b694415,retired,,"같은 바이트가 retired/buildings/variants-wave2/farm_mixed_seedling-v1.png에 retired로 있음, C1f 퇴역 (2026-09-27 판정) · 정리 때 비고: 규칙 밖: 같은 바이트가 retired/buildings/variants-wave2/에 retired로 있음(C1f 퇴역) — retired 제안 · 이전 비고: 판정 기록 없음 — 본선 public/assets에서 같은 바이트 미발견",
wave2,wave2/farm_mixed_worked-v1.png,fe50ba116567c4d00ded80d7cf2fd7b597f8f8fe0f5686ab52dd7170031273dd,retired,,"같은 바이트가 retired/buildings/variants-wave2/farm_mixed_worked-v1.png에 retired로 있음, C1f 퇴역 (2026-09-27 판정) · 정리 때 비고: 규칙 밖: 같은 바이트가 retired/buildings/variants-wave2/에 retired로 있음(C1f 퇴역) — retired 제안 · 이전 비고: 판정 기록 없음 — 본선 public/assets에서 같은 바이트 미발견",
wave2,wave2/hold/farm_pastoral_spring-v1.png,9136f8eb6e4b1ec0f137c344f574677a0d4f26688b861e94a50d21ca484593ae,confirmed,,C5 목축 농장 그림(CL8)(판정 2026-09-29) · 이전 비고: C5(직물·목축) 때 판정 — 보류 (2026-09-27 판정) · 정리 때 비고: 규칙 밖: 목축형 농장 보류(C5) — 설치·대체본 없음 · 이전 비고: 목축형 농장 보류(C5),CLOTH-UI
wave2,wave2/hold/farm_pastoral_summer-v1.png,4fab6bfe6c2c4ce47855d41d2b71cbba764be2f9cb03305bea96f8fcae7d223b,confirmed,,C5 목축 농장 그림(CL8)(판정 2026-09-29) · 이전 비고: C5(직물·목축) 때 판정 — 보류 (2026-09-27 판정) · 정리 때 비고: 규칙 밖: 목축형 농장 보류(C5) — 설치·대체본 없음 · 이전 비고: 목축형 농장 보류(C5),CLOTH-UI
wave2,wave2/hold/farm_pastoral_winter-v1.png,7564790ae4d650ee6881b61af965ef7f9943b250479414b54c2c3e327f47dcd4,confirmed,,C5 목축 농장 그림(CL8)(판정 2026-09-29) · 이전 비고: C5(직물·목축) 때 판정 — 보류 (2026-09-27 판정) · 정리 때 비고: 규칙 밖: 목축형 농장 보류(C5) — 설치·대체본 없음 · 이전 비고: 목축형 농장 보류(C5),CLOTH-UI
wave2,wave2/house_l0_garden-v1.png,c320744da6a2b850b0c078c36f2357166840a3d43e2a028acb8e31b28ec8348a,confirmed,,설치됨 · 설치 확인: public/assets/buildings/variants-wave2/house_l0_garden-v1.png,V1
wave2,wave2/house_l0_pen-v1.png,22551b82a740af2ab8c06d966992c6d052fc1ab04dcfa7eecf4b7d509e48d7ca,confirmed,,설치됨 · 설치 확인: public/assets/buildings/variants-wave2/house_l0_pen-v1.png,V1
wave2,wave2/house_l1_artisan-v1.png,903f214c669da374ec2663ee32307d3e28ddbef9ab49baac0e3857bc6b8e811e,confirmed,,설치됨 · 설치 확인: public/assets/buildings/variants-wave2/house_l1_artisan-v1.png,V1
wave2,wave2/house_l1_garden-v1.png,bb2ef7a7c0849de21f4d6ca1fd602b52f979dae2101dfb7613ede2df29f8a809,confirmed,,설치됨 · 설치 확인: public/assets/buildings/variants-wave2/house_l1_garden-v1.png,V1
wave2,wave2/house_l2_brewer-v1.png,85495f678089cf03b05f7f3f3f4d8f4a08849052febee2d7d7824e0c7704ec67,confirmed,,설치됨 · 설치 확인: public/assets/buildings/variants-wave2/house_l2_brewer-v1.png,V1
wave2,wave2/house_l2_garden-v1.png,6ae78452f454825a0a44fcb64c2509e59af2b8e3578762a64ab1d2367cbd8247,confirmed,,설치됨 · 설치 확인: public/assets/buildings/variants-wave2/house_l2_garden-v1.png,V1
wave2,wave2/house_l2_weaver-v1.png,2aed1cd89d5ba88f62137a5e81ac9b3417e3ed3fd985709906cc055b9838b2ed,confirmed,,설치됨 · 설치 확인: public/assets/buildings/variants-wave2/house_l2_weaver-v1.png,V1
wave2,wave2/house_l3_clothier-v1.png,5774a6291eeb32d2eb36826d503f32ea9355bfa539c464e2100e5f3a84f36ed6,confirmed,,설치됨 · 설치 확인: public/assets/buildings/variants-wave2/house_l3_clothier-v1.png,V1
wave2,wave2/house_l3_shop-v1.png,0af07bc0aa8564093df93ca3c768e7c297817da53d343f5a4acec088a945f386,confirmed,,설치됨 · 설치 확인: public/assets/buildings/variants-wave2/house_l3_shop-v1.png,V1
wave2,wave2/house_l3_storage-v1.png,6359e01ea0d65d6e8694030def5895f4238a1f027d2e6f0f597cbbf88adda7c2,confirmed,,설치됨 · 설치 확인: public/assets/buildings/variants-wave2/house_l3_storage-v1.png,V1
wave2,wave2/house_l4_courtyard-v1.png,1b3dfc1ce568a18b3730b65617692584208fcfc50c2de8ea5ca109e394864530,confirmed,,설치됨 · 설치 확인: public/assets/buildings/variants-wave2/house_l4_courtyard-v1.png,V1
wave2,wave2/house_l4_inn-v1.png,117bf700f4681d91f619f1bb4807ba3374851a410e70702ae378f4cdabecaf24,confirmed,,설치됨 · 설치 확인: public/assets/buildings/variants-wave2/house_l4_inn-v1.png,V1
wave2,wave2/house_l4_wing-v1.png,b29e6d8b5ef95da98833c971fb2478852423a8bef0e80bc6d0f19fe5b60486a1,confirmed,,설치됨 · 설치 확인: public/assets/buildings/variants-wave2/house_l4_wing-v1.png,V1
wave2,wave2/house_pair_l3_horizontal_courtyard-v1.png,f17ec618c83e71ba9d4c8d99d35fc8ca0bba6ffb297f5f5671599c780f09c451,confirmed,,설치됨 · 설치 확인: public/assets/buildings/variants-wave2/house_pair_l3_horizontal_courtyard-v1.png,V1
wave2,wave2/house_pair_l3_vertical_workshop-v1.png,930c08eb25720658a6271b78258bd11dde00d0f20a5a889d2a40d1ad50e598a5,confirmed,,설치됨 · 설치 확인: public/assets/buildings/variants-wave2/house_pair_l3_vertical_workshop-v1.png,V1
wave2,wave2/house_pair_l4_horizontal_hall-v1.png,ff8167308be2fbd9713f67ee18e6ec7f2a66178c2b1133c6c3241fb84a1f29dd,confirmed,,설치됨 · 설치 확인: public/assets/buildings/variants-wave2/house_pair_l4_horizontal_hall-v1.png,V1
wave2,wave2/house_pair_l4_vertical_court-v1.png,533122e7b7cd8b7af217e94e69ac9ec069a619eb34c76ff53cbbb76654dfd9a5,confirmed,,설치됨 · 설치 확인: public/assets/buildings/variants-wave2/house_pair_l4_vertical_court-v1.png,V1
wave2,wave2/market_active_b-v1.png,17987bb6163a9dd7b14962a3e7aff7fe7e2e944da669a244b860b589072c5845,confirmed,,설치됨 · 설치 확인: public/assets/buildings/variants-wave2/market_active_b-v1.png,V1
wave2,wave2/market_active_c-v1.png,6198c18c7372b5a9054556b88df807b41cd025ebea2521e6c39679e83de045cc,confirmed,,설치됨 · 설치 확인: public/assets/buildings/variants-wave2/market_active_c-v1.png,V1
wave2,wave2/market_quiet_b-v1.png,26208c3356607ec596ff5cab41eb4573dac36fbda4bcd32f00ed2fd978a7e28f,confirmed,,설치됨 · 설치 확인: public/assets/buildings/variants-wave2/market_quiet_b-v1.png,V1
wave2,wave2/pilot-20260924/assets/house_l2_brewer-pilot.png,713f3973064f48d9f25fbc0e0ea6926ab35df667f0754bfed298d2e62837d03c,superseded,wave2/house_l2_brewer-v1.png,규칙 2: 같은 ID(house_l2_brewer)의 생산판 v1이 확정됨 — 파일럿판 (2026-09-27 정리),
wave2,wave2/pilot-20260924/proofs/checks/01-street-zoom1.png,8d9c5f21b1957d7be991543e1017ba69b8619e96f34ec8891a766d8010c7ef18,confirmed,,확인 그림 (2026-09-27 판정) · 정리 때 비고: 규칙 밖: 확정된 묶음의 확인·기록 그림(설치 대상 아님) — confirmed 제안 · 확인 그림 · 이전 비고: 판정 기록 없음 — 본선 public/assets에서 같은 바이트 미발견,
wave2,wave2/pilot-20260924/proofs/checks/02-street-zoom06.png,a83e6205eecbf0bf3f2e246e2c89e9b2c7c306e245cdd0a559d85981bf262a29,confirmed,,확인 그림 (2026-09-27 판정) · 정리 때 비고: 규칙 밖: 확정된 묶음의 확인·기록 그림(설치 대상 아님) — confirmed 제안 · 확인 그림 · 이전 비고: 판정 기록 없음 — 본선 public/assets에서 같은 바이트 미발견,
wave2,wave2/production-20260924/assets/house_l1_thatch-v1.png,c0d1b1d0639d480baf16a2f6459876dc4d46e980e84dbc88a4bde71c283a8ac2,rejected,,"L1 초가는 runtime house_l1-v2가 담당, 이 판은 설치되지 않음 (2026-09-27 판정) · 정리 때 비고: 규칙 밖: 설치본·새 판 없음(생산 묶음의 초가 L1) · 이전 비고: 판정 기록 없음 — 본선 public/assets에서 같은 바이트 미발견",
wave2,wave2/production-20260924/proofs/checks/01-streets-zoom1.png,2eef7d4212a60aca8fe224b8c501100e760b34d2b2106cf7b5833423b20f0015,confirmed,,확인 그림 (2026-09-27 판정) · 정리 때 비고: 규칙 밖: 확정된 묶음의 확인·기록 그림(설치 대상 아님) — confirmed 제안 · 확인 그림 · 이전 비고: 판정 기록 없음 — 본선 public/assets에서 같은 바이트 미발견,
wave2,wave2/production-20260924/proofs/checks/02-streets-zoom06.png,b9ecc93b9bee0d8ac398e34e3d7b0e385121845a8795158f39b10951b553ff36,confirmed,,확인 그림 (2026-09-27 판정) · 정리 때 비고: 규칙 밖: 확정된 묶음의 확인·기록 그림(설치 대상 아님) — confirmed 제안 · 확인 그림 · 이전 비고: 판정 기록 없음 — 본선 public/assets에서 같은 바이트 미발견,
wave2,wave2/production-20260924/proofs/checks/03-farms-facilities.png,5f56a2955c3d5ba1dcc8e3a35209cb89fad5c26e5f6c0a71816a5fa7bb31ce52,confirmed,,확인 그림 (2026-09-27 판정) · 정리 때 비고: 규칙 밖: 확정된 묶음의 확인·기록 그림(설치 대상 아님) — confirmed 제안 · 확인 그림 · 이전 비고: 판정 기록 없음 — 본선 public/assets에서 같은 바이트 미발견,
wave2,wave2/production-20260924/proofs/checks/04-silhouettes.png,715367dfe91065a13e38398c89e2ff1455fd5b9450464bf0b77327391c20cfe4,confirmed,,확인 그림 (2026-09-27 판정) · 정리 때 비고: 규칙 밖: 확정된 묶음의 확인·기록 그림(설치 대상 아님) — confirmed 제안 · 확인 그림 · 이전 비고: 판정 기록 없음 — 본선 public/assets에서 같은 바이트 미발견,
wave2,wave2/storehouse_b-v1.png,6306f8f931b314962169fb7577278325f0eb77d05af363bf5d972e89315f257d,confirmed,,설치됨 · 설치 확인: public/assets/buildings/variants-wave2/storehouse_b-v1.png,V1
wave2,wave2/storehouse_c-v1.png,983a32d0a4cfc60ec50b0bb2068065c376b4a56ad88c0ca15ee5a30acc7d16b2,confirmed,,설치됨 · 설치 확인: public/assets/buildings/variants-wave2/storehouse_c-v1.png,V1
wave2,wave2/well_b-v1.png,fe53488ef06058e63bcc16bdc32519366585d7a072b25b24c8e8825a46f5bfe0,confirmed,,설치됨 · 설치 확인: public/assets/buildings/variants-wave2/well_b-v1.png,V1
wave2,wave2/well_c-v1.png,7639b46efba64bf33e0b6674f417de202f6e09b8de3cfad5a4f04b114a66901e,confirmed,,설치됨 · 설치 확인: public/assets/buildings/variants-wave2/well_c-v1.png,V1
wave2,wave2/windmill-v1.png,de5f6e7ce03a04d907e11b6ab072ce62d88e7bcdae8a1c51ab2301afdd05d5b1,confirmed,,설치됨 · 설치 확인: public/assets/buildings/variants-wave2/windmill-v1.png,V1
wave20,wave20/candidates-20260926/assets/houses/house_l0_1350_a-v1.png,3413e1ef9a3c35816ef690b318b8ce322d411b478ee0566a354e3dc64588b04c,confirmed,,Wave 20 L0·L1 확정(판정 2026-09-27),
wave20,wave20/candidates-20260926/assets/houses/house_l0_1350_b-v1.png,c64c380ffdde60c5100fb4b3bcf05df04848249fecf1efdb5b7388e79ba5ff5c,confirmed,,Wave 20 L0·L1 확정(판정 2026-09-27),
wave20,wave20/candidates-20260926/assets/houses/house_l0_1400_a-v1.png,4f9a46d7da85b2b3385d00fddebddef03549da9d9c88b1f0cb66629e58c9fe00,confirmed,,Wave 20 L0·L1 확정(판정 2026-09-27),
wave20,wave20/candidates-20260926/assets/houses/house_l0_1400_b-v1.png,91199690adcbdba30b8926b6aa72b168d2d443d127f6a75f8a6474082b8fe53d,confirmed,,Wave 20 L0·L1 확정(판정 2026-09-27),
wave20,wave20/candidates-20260926/assets/houses/house_l1_1350_a-v1.png,44aefa87d3b4510552642e9c225cbe52bf1e881d4b1bcb9fc7b4f90b7617c2cf,confirmed,,Wave 20 L0·L1 확정(판정 2026-09-27),
wave20,wave20/candidates-20260926/assets/houses/house_l1_1350_b-v1.png,8a33c40412390902c8ade41aceb16e9e702592692fb830aab23ebb0bbb956b00,confirmed,,Wave 20 L0·L1 확정(판정 2026-09-27),
wave20,wave20/candidates-20260926/assets/houses/house_l1_1400_a-v1.png,061f88c9b58c400efdc134f0198d02bea0ea6dd3cfd08d3890979bf0924747f8,confirmed,,Wave 20 L0·L1 확정(판정 2026-09-27),
wave20,wave20/candidates-20260926/assets/houses/house_l1_1400_b-v1.png,2dd0f0962bab1ac7efb532ad489dd69a89fc07ee11a854e22065f0f268362354,confirmed,,Wave 20 L0·L1 확정(판정 2026-09-27),
wave20,wave20/candidates-20260926/assets/houses/house_l2_1350_a-v1.png,ae9f64c7f7f19a24b8fa94b186e29591fe7b1a20329d323690f5a46e92d236b4,superseded,wave20/rework-20260927/assets/houses/house_l2_1350_a-v2.png,L2~L4 v1 → 재작업 v2(판정 2026-09-27),
wave20,wave20/candidates-20260926/assets/houses/house_l2_1350_b-v1.png,cba8b2613b80b4a1d223a76aefb7b2b69d8b11207ab4b3e9ec699b14a2fa6409,superseded,wave20/rework-20260927/assets/houses/house_l2_1350_b-v2.png,L2~L4 v1 → 재작업 v2(판정 2026-09-27),
wave20,wave20/candidates-20260926/assets/houses/house_l2_1400_a-v1.png,e430b35e5d12fe78c7be64c9f338c65208fc7148bb5b4ddf44f4f49b6c53fd2a,superseded,wave20/rework-20260927/assets/houses/house_l2_1400_a-v2.png,L2~L4 v1 → 재작업 v2(판정 2026-09-27),
wave20,wave20/candidates-20260926/assets/houses/house_l2_1400_b-v1.png,576814ec1fb1b77e6fd8cf1e30931556cf4801f0d4201fca27d0d96c3ab34b67,superseded,wave20/rework-20260927/assets/houses/house_l2_1400_b-v2.png,L2~L4 v1 → 재작업 v2(판정 2026-09-27),
wave20,wave20/candidates-20260926/assets/houses/house_l3_1350_a-v1.png,56d42b413f9e4401c3341f6365e488fc91d2cd5a3f16a5c453d692a8e05b7acf,superseded,wave20/rework-20260927/assets/houses/house_l3_1350_a-v2.png,L2~L4 v1 → 재작업 v2(판정 2026-09-27),
wave20,wave20/candidates-20260926/assets/houses/house_l3_1350_b-v1.png,502a3a0ed205f215d2b49767fe8f05909d9c79cb87def68847c0984c6a60566c,superseded,wave20/rework-20260927/assets/houses/house_l3_1350_b-v2.png,L2~L4 v1 → 재작업 v2(판정 2026-09-27),
wave20,wave20/candidates-20260926/assets/houses/house_l3_1400_a-v1.png,4e1fe793dace47445d99fa916d1269b4d16b7df053a5a03a4ecc05c9c7b0c6eb,superseded,wave20/rework-20260927/assets/houses/house_l3_1400_a-v2.png,L2~L4 v1 → 재작업 v2(판정 2026-09-27),
wave20,wave20/candidates-20260926/assets/houses/house_l3_1400_b-v1.png,6f55e9a19c3fc700a8aab3e8b31ddf876f1f5678f1d388d8ae33ad47b1a74994,superseded,wave20/rework-20260927/assets/houses/house_l3_1400_b-v2.png,L2~L4 v1 → 재작업 v2(판정 2026-09-27),
wave20,wave20/candidates-20260926/assets/houses/house_l4_1350_a-v1.png,ec699ac75db4acc8506b85de17e55d1db05b9c52cbb6f3a4e2ae806c4717fbc3,superseded,wave20/rework-20260927/assets/houses/house_l4_1350_a-v2.png,L2~L4 v1 → 재작업 v2(판정 2026-09-27),
wave20,wave20/candidates-20260926/assets/houses/house_l4_1350_b-v1.png,e47950a387464884f57c4ddb2815946455d3ddbe8ecc874ca0f93062c9ec86f8,superseded,wave20/rework-20260927/assets/houses/house_l4_1350_b-v2.png,L2~L4 v1 → 재작업 v2(판정 2026-09-27),
wave20,wave20/candidates-20260926/assets/houses/house_l4_1400_a-v1.png,8a41c17431b2a0218464d1f36e7956e63a1cdf664598312807c51b52de2afc35,superseded,wave20/rework-20260927/assets/houses/house_l4_1400_a-v2.png,L2~L4 v1 → 재작업 v2(판정 2026-09-27),
wave20,wave20/candidates-20260926/assets/houses/house_l4_1400_b-v1.png,1d57308417172af62d5f5ef5ccc1f271127e5526b661d6df9faa7f80cbb780fc,superseded,wave20/rework-20260927/assets/houses/house_l4_1400_b-v2.png,L2~L4 v1 → 재작업 v2(판정 2026-09-27),
wave20,wave20/candidates-20260926/proofs/01_same_street_three_eras.png,18c1adcb5de1033076af4757a522c728d3d35ebdf32e34675771b6b9dcdada6a,confirmed,,Wave 20 확인 그림 묶음(판정 2026-09-27) · 확인 그림,
wave20,wave20/candidates-20260926/proofs/02_smoke_origins_overlay_fit.png,08078f43c996f59c3f6bd5b4300fb2722f23820f4a6af08c0676820797628cae,confirmed,,Wave 20 확인 그림 묶음(판정 2026-09-27) · 확인 그림,
wave20,wave20/candidates-20260926/proofs/03_zoom_06_three_eras.png,cfb4510708b6a1e55d4c75c83cf2b384b9469cb7ccbd535c945b455d40421f3d,confirmed,,Wave 20 확인 그림 묶음(판정 2026-09-27) · 확인 그림,
wave20,wave20/rework-20260927/assets/houses/house_l2_1350_a-v2.png,eae7260cade74a7ccb9b22e20e913f2c4634e6fe132fe2ed13fe2ef2469c0f55,confirmed,,Wave 20 L2~L4 재작업 v2 확정(판정 2026-09-27),
wave20,wave20/rework-20260927/assets/houses/house_l2_1350_b-v2.png,e5d5b9e33ab6b6a901382679bcd7d79241301f49b6abbbc84b6eaa21b03932e9,confirmed,,Wave 20 L2~L4 재작업 v2 확정(판정 2026-09-27),
wave20,wave20/rework-20260927/assets/houses/house_l2_1400_a-v2.png,8c4720c8a7eb07679726c80a924282820343dc0ad811df7d50fc705319ed22b6,confirmed,,Wave 20 L2~L4 재작업 v2 확정(판정 2026-09-27),
wave20,wave20/rework-20260927/assets/houses/house_l2_1400_b-v2.png,21a2a3895a0a87357d35e72c5eb976dcf8e9a1390d1d220018d8872191471f1b,confirmed,,Wave 20 L2~L4 재작업 v2 확정(판정 2026-09-27),
wave20,wave20/rework-20260927/assets/houses/house_l3_1350_a-v2.png,01eda02bd43199fd9096a493ec7c509b9e67a29dcc80afc4f2334098f5df19f7,confirmed,,Wave 20 L2~L4 재작업 v2 확정(판정 2026-09-27),
wave20,wave20/rework-20260927/assets/houses/house_l3_1350_b-v2.png,258c7638867d9b9185873a3b946176cb67ace0b26e0ec2fad3614b7eb7051084,confirmed,,Wave 20 L2~L4 재작업 v2 확정(판정 2026-09-27),
wave20,wave20/rework-20260927/assets/houses/house_l3_1400_a-v2.png,7b883d60b9041ce6d46122d5f7adac2ec728faf64643473f909a82a3f434b1f9,confirmed,,Wave 20 L2~L4 재작업 v2 확정(판정 2026-09-27),
wave20,wave20/rework-20260927/assets/houses/house_l3_1400_b-v2.png,376eb6afed0fd2b883ca45bce863e2e87614e1f33e2078248c89e6759c333e68,confirmed,,Wave 20 L2~L4 재작업 v2 확정(판정 2026-09-27),
wave20,wave20/rework-20260927/assets/houses/house_l4_1350_a-v2.png,ba148ecfb3f672c361ced58c49d2a25f58b9d2b5cd2fa3e295d2ebb885a64ff8,confirmed,,Wave 20 L2~L4 재작업 v2 확정(판정 2026-09-27),
wave20,wave20/rework-20260927/assets/houses/house_l4_1350_b-v2.png,4483abd9716330547de21493ea0307f17a388573ad993c51fbda8e77428a7631,confirmed,,Wave 20 L2~L4 재작업 v2 확정(판정 2026-09-27),
wave20,wave20/rework-20260927/assets/houses/house_l4_1400_a-v2.png,c8cec83c79194ff0ad59139011dfb2f16adefd3d471490714422f0b1dbdc466b,confirmed,,Wave 20 L2~L4 재작업 v2 확정(판정 2026-09-27),
wave20,wave20/rework-20260927/assets/houses/house_l4_1400_b-v2.png,62c8c2b14ea45a4bc0ea460c24c2dc74baed5d8f97d46b8d5b46596f417acfe7,confirmed,,Wave 20 L2~L4 재작업 v2 확정(판정 2026-09-27),
wave20,wave20/rework-20260927/assets/overlays/boarded_l2_1350-v3.png,5746b6d65c42a49794270491cecbbc49e071b5fddfac3d4e8ce489f3be5e2c39,confirmed,,Wave 20 판자 오버레이 v3 확정(판정 2026-09-27),
wave20,wave20/rework-20260927/assets/overlays/boarded_l2_1400-v3.png,126a09ae77818cb16dbc0879c5bbc4bf0b58f750ed314faeb88df47a7ea03787,confirmed,,Wave 20 판자 오버레이 v3 확정(판정 2026-09-27),
wave20,wave20/rework-20260927/assets/overlays/boarded_l3_1350-v3.png,70433fae506ec25fadb70648f2922fc79a7d0ac63e32a7859a426cd07bc314e4,confirmed,,Wave 20 판자 오버레이 v3 확정(판정 2026-09-27),
wave20,wave20/rework-20260927/assets/overlays/boarded_l3_1400-v3.png,1da3f94fe23acd56326b9156342fc44309f4f84bcfb72a910455dae6de97516c,confirmed,,Wave 20 판자 오버레이 v3 확정(판정 2026-09-27),
wave20,wave20/rework-20260927/assets/overlays/boarded_l4_1350-v3.png,2d839d7571c0d7991c771324edc89c370e5da4e57dd6b8eb76caf8143c3aac3e,confirmed,,Wave 20 판자 오버레이 v3 확정(판정 2026-09-27),
wave20,wave20/rework-20260927/assets/overlays/boarded_l4_1400-v3.png,75b48f6b52e74a7014d9da683686457fcbf8a5eb1aaacd0678084a37f2410403,confirmed,,Wave 20 판자 오버레이 v3 확정(판정 2026-09-27),
wave20,wave20/rework-20260927/assets/overlays/roof_snow_l2_shared-v3.png,deb82ed4e57b90cb3d49a7f1ed096ca2fed3c44a5254113f52cb4a281be74d9a,superseded,wave20/snow-v4-20260927/assets/overlays/roof_snow_l2_1350-v4.png;wave20/snow-v4-20260927/assets/overlays/roof_snow_l2_1400-v4.png,v3 공용 → 양식별 v4(판정 2026-09-27),
wave20,wave20/rework-20260927/assets/overlays/roof_snow_l3_shared-v3.png,a2d92dcbc05f6084088c5705c4b63bf8726a294c73b10b6997ad8e25bb234b1f,superseded,wave20/snow-v4-20260927/assets/overlays/roof_snow_l3_1350-v4.png;wave20/snow-v4-20260927/assets/overlays/roof_snow_l3_1400-v4.png,v3 공용 → 양식별 v4(판정 2026-09-27),
wave20,wave20/rework-20260927/assets/overlays/roof_snow_l4_shared-v3.png,8e867a5c87604412a8d547452174767d28b0d857c3c6158ebf26ec0701e2f77c,superseded,wave20/snow-v4-20260927/assets/overlays/roof_snow_l4_1350-v4.png;wave20/snow-v4-20260927/assets/overlays/roof_snow_l4_1400-v4.png,v3 공용 → 양식별 v4(판정 2026-09-27),
wave20,wave20/rework-20260927/proofs/qa/isolated_era_probe/samples.png,f64717b113f31fd8aee354a9cfd243ea6453f5ed18d2acde0cdedaa5e66ddcd4,confirmed,,Wave 20 재작업 확인 그림 묶음(판정 2026-09-27) · 확인 그림,
wave20,wave20/rework-20260927/proofs/qa/overlay_game_zoom06.png,e7c56996e1600498f5cb306b53e29250a0292fcdf35caf61127e1ea97bbc0de5,confirmed,,Wave 20 재작업 확인 그림 묶음(판정 2026-09-27) · 확인 그림,
wave20,wave20/rework-20260927/proofs/three_eras_zoom_06.png,1066469d6038ae4d8a82f37e160f5fc77412d08a7f2f40ce104fc30ab918af5a,confirmed,,Wave 20 재작업 확인 그림 묶음(판정 2026-09-27) · 확인 그림,
wave20,wave20/rework-20260927/proofs/three_eras_zoom_10.png,4dd0ca1d3d56bae213fcb248b918df1d83a5dd26dbd9fa2c18abc5727c2f0386,confirmed,,Wave 20 재작업 확인 그림 묶음(판정 2026-09-27) · 확인 그림,
wave20,wave20/snow-v4-20260927/assets/overlays/roof_snow_l2_1350-v4.png,9766c06a55f69cbfa94813401f6b4c7d8a4777719e39ab36ecc5e98dea4fc3dd,confirmed,,Wave 20 지붕 눈 v4 확정(판정 2026-09-27),
wave20,wave20/snow-v4-20260927/assets/overlays/roof_snow_l2_1400-v4.png,0058445ce889fd9aea12d69ce52f842f159adc6afa44b9a20a0fc42407590c94,confirmed,,Wave 20 지붕 눈 v4 확정(판정 2026-09-27),
wave20,wave20/snow-v4-20260927/assets/overlays/roof_snow_l3_1350-v4.png,19dcf99f2eb1c4f1ae950f867a329c6c9f511a4f8853e21515ba8ddd93f31d8a,confirmed,,Wave 20 지붕 눈 v4 확정(판정 2026-09-27),
wave20,wave20/snow-v4-20260927/assets/overlays/roof_snow_l3_1400-v4.png,29d986787eabb4fbc22191548980b5be52d7476f83ccf24297299e9d095b21a0,confirmed,,Wave 20 지붕 눈 v4 확정(판정 2026-09-27),
wave20,wave20/snow-v4-20260927/assets/overlays/roof_snow_l4_1350-v4.png,c209486d793a6f109b2a90ba3c0c11885c20025259e2889f022b7bdb35ebfca6,confirmed,,Wave 20 지붕 눈 v4 확정(판정 2026-09-27),
wave20,wave20/snow-v4-20260927/assets/overlays/roof_snow_l4_1400-v4.png,7f7729b3e2aedfe5a060fd1f5c66d65efa76f4339791649d667e81b4a5789954,confirmed,,Wave 20 지붕 눈 v4 확정(판정 2026-09-27),
wave20,wave20/snow-v4-20260927/records/proofs/winter_three_eras_zoom_06.png,53726b163e21702518908f277a9ace6d20710889b01c432833be071dd29ac26c,confirmed,,Wave 20 지붕 눈 v4 확정(판정 2026-09-27) · 확인 그림(사용자 지시로 records),
wave20,wave20/snow-v4-20260927/records/proofs/winter_three_eras_zoom_10.png,5f57c9e1f6bbb80ee482ebac226792418910fa869336b2b9c3741f02a829aefb,confirmed,,Wave 20 지붕 눈 v4 확정(판정 2026-09-27) · 확인 그림(사용자 지시로 records),
wave20,wave20/snow-v4-20260927/records/provenance/1350/composite_l2_a.png,c3337695af2f6527859a641f5bd26c410d2f91a58f42c9e74228aaba94ee800a,confirmed,,Wave 20 지붕 눈 v4 확정(판정 2026-09-27) · 기록 그림,
wave20,wave20/snow-v4-20260927/records/provenance/1350/composite_l2_b.png,492047e5f5d3ea9d266de9be0b2189b71afebf62c85f8154d9ec14cf257fc0cc,confirmed,,Wave 20 지붕 눈 v4 확정(판정 2026-09-27) · 기록 그림,
wave20,wave20/snow-v4-20260927/records/provenance/1350/composite_l3_a.png,4d027914ff7f683ab5b03f1331f2c367dcca266a5ecb7ebffef625189b7e616b,confirmed,,Wave 20 지붕 눈 v4 확정(판정 2026-09-27) · 기록 그림,
wave20,wave20/snow-v4-20260927/records/provenance/1350/composite_l3_b.png,9907cbb2a59dcc841710602c7bf9c57743b0a3f1be4ea26c7e9383d2b4196f96,confirmed,,Wave 20 지붕 눈 v4 확정(판정 2026-09-27) · 기록 그림,
wave20,wave20/snow-v4-20260927/records/provenance/1350/composite_l4_a.png,4587931e579086c24a812aebee17f468d6d19b8b8cc768ba3b57d440a3414af7,confirmed,,Wave 20 지붕 눈 v4 확정(판정 2026-09-27) · 기록 그림,
wave20,wave20/snow-v4-20260927/records/provenance/1350/composite_l4_b.png,30265bce1458d282a9b43084fda14e1a04661057b0214591fda5c92408cba6f1,confirmed,,Wave 20 지붕 눈 v4 확정(판정 2026-09-27) · 기록 그림,
wave20,wave20/snow-v4-20260927/records/provenance/1400/composite_l2_a.png,1a503dbd22df3aea92f3ade3f901a1cffd8a634c2986291a53ea508551bb8abd,confirmed,,Wave 20 지붕 눈 v4 확정(판정 2026-09-27) · 기록 그림,
wave20,wave20/snow-v4-20260927/records/provenance/1400/composite_l2_b.png,135c88de9fed22f6211f5b6244d10337bc45a6743beb5bd5fa13f14dba0ed91b,confirmed,,Wave 20 지붕 눈 v4 확정(판정 2026-09-27) · 기록 그림,
wave20,wave20/snow-v4-20260927/records/provenance/1400/composite_l3_a.png,3d67a62b92226f72652288a44c5cff37383667f1f4d407e02f6f9575a5160c6d,confirmed,,Wave 20 지붕 눈 v4 확정(판정 2026-09-27) · 기록 그림,
wave20,wave20/snow-v4-20260927/records/provenance/1400/composite_l3_b.png,ab0276fdd3253f890730b65d20cdbd9391b5bbab2d9cbacac7f2851e4033714d,confirmed,,Wave 20 지붕 눈 v4 확정(판정 2026-09-27) · 기록 그림,
wave20,wave20/snow-v4-20260927/records/provenance/1400/composite_l4_a.png,a4c43a8cb29cf47e3130aaee25717bad424669ae213ad17d57386a15026810c4,confirmed,,Wave 20 지붕 눈 v4 확정(판정 2026-09-27) · 기록 그림,
wave20,wave20/snow-v4-20260927/records/provenance/1400/composite_l4_b.png,77443f392ee5ac04a05b6e724a01a5ec57bef6d386ad57d6b483d0a0e4460fbd,confirmed,,Wave 20 지붕 눈 v4 확정(판정 2026-09-27) · 기록 그림,
wave20,wave20/snow-v4-20260927/records/qa/roof-audit/grid3.png,cb94e7af078c7a2540315d322f224d3f1b7c5bc6beeb9adf6521ec2f32b7aa51,confirmed,,Wave 20 지붕 눈 v4 확정(판정 2026-09-27) · 기록 그림 — 지붕 마스크 검수,
wave20,wave20/snow-v4-20260927/records/qa/roof-audit/grid4.png,062ba04aaeadc465fcd183558d763602d879d7f7325e9979f4973b6aa8a17dc2,confirmed,,Wave 20 지붕 눈 v4 확정(판정 2026-09-27) · 기록 그림 — 지붕 마스크 검수,
wave20,wave20/snow-v4-20260927/records/qa/roof-audit/house_l2_1350_a-v2-roof-annotated.png,b0e7744c97793a2061808b52ee134c87bf9761e8b72322565b95e1eb29ad0eb9,confirmed,,Wave 20 지붕 눈 v4 확정(판정 2026-09-27) · 기록 그림 — 지붕 마스크 검수,
wave20,wave20/snow-v4-20260927/records/qa/roof-audit/house_l2_1350_a-v2-roof-mask.png,5c4deb43f1f01aafe76d8508e3626495881c46b2330820a86ffa806162637fce,confirmed,,Wave 20 지붕 눈 v4 확정(판정 2026-09-27) · 기록 그림 — 지붕 마스크 검수,
wave20,wave20/snow-v4-20260927/records/qa/roof-audit/house_l2_1350_b-v2-roof-annotated.png,7b651bdbedb4f867e10d26a6643989ac6615bb2cb97302f2492d6b57245eacd0,confirmed,,Wave 20 지붕 눈 v4 확정(판정 2026-09-27) · 기록 그림 — 지붕 마스크 검수,
wave20,wave20/snow-v4-20260927/records/qa/roof-audit/house_l2_1350_b-v2-roof-mask.png,88d9503518fb2322499ac00953448166853713d0e0858723158046a6d5ca354d,confirmed,,Wave 20 지붕 눈 v4 확정(판정 2026-09-27) · 기록 그림 — 지붕 마스크 검수,
wave20,wave20/snow-v4-20260927/records/qa/roof-audit/house_l2_1400_a-v2-roof-annotated.png,41f575eecabb3947a806e181b95b655ee5a1ae95fda9b8d2abd89896af58e4c8,confirmed,,Wave 20 지붕 눈 v4 확정(판정 2026-09-27) · 기록 그림 — 지붕 마스크 검수,
wave20,wave20/snow-v4-20260927/records/qa/roof-audit/house_l2_1400_a-v2-roof-mask.png,ae72c71c5e5ede69bf015a5b9afd04b1d47490c5ab58c4e9e322485bfd6f72ee,confirmed,,Wave 20 지붕 눈 v4 확정(판정 2026-09-27) · 기록 그림 — 지붕 마스크 검수,
wave20,wave20/snow-v4-20260927/records/qa/roof-audit/house_l2_1400_b-v2-roof-annotated.png,7586ec1ed21071198c64033fb409ba2b799f16f6cc2925b07c3014eb1c6d92e1,confirmed,,Wave 20 지붕 눈 v4 확정(판정 2026-09-27) · 기록 그림 — 지붕 마스크 검수,
wave20,wave20/snow-v4-20260927/records/qa/roof-audit/house_l2_1400_b-v2-roof-mask.png,7b3da0be64beb4114745b809ad6a04e48884ff8a510380319f992c90d1652c9b,confirmed,,Wave 20 지붕 눈 v4 확정(판정 2026-09-27) · 기록 그림 — 지붕 마스크 검수,
wave20,wave20/snow-v4-20260927/records/qa/roof-audit/house_l3_1350_a-v2-roof-annotated.png,752ae781855f1ec4d7f0953c995dc7cced8212087f39d79ceb0488b7b1650a75,confirmed,,Wave 20 지붕 눈 v4 확정(판정 2026-09-27) · 기록 그림 — 지붕 마스크 검수,
wave20,wave20/snow-v4-20260927/records/qa/roof-audit/house_l3_1350_a-v2-roof-mask.png,58e6f441c4ddb41b80ad3a9f670726760e7bc828cba1fca067f987ca07bc306f,confirmed,,Wave 20 지붕 눈 v4 확정(판정 2026-09-27) · 기록 그림 — 지붕 마스크 검수,
wave20,wave20/snow-v4-20260927/records/qa/roof-audit/house_l3_1350_b-v2-roof-annotated.png,0cf5766cb6ce404d7cdf4e1382c90b7d0002cf1af3fc2a5ef39481c8ffdf4264,confirmed,,Wave 20 지붕 눈 v4 확정(판정 2026-09-27) · 기록 그림 — 지붕 마스크 검수,
wave20,wave20/snow-v4-20260927/records/qa/roof-audit/house_l3_1350_b-v2-roof-mask.png,b23caeec8ac09dd37d3777232892a69a3e419aa7befad6ba9fb4fd4734c6e323,confirmed,,Wave 20 지붕 눈 v4 확정(판정 2026-09-27) · 기록 그림 — 지붕 마스크 검수,
wave20,wave20/snow-v4-20260927/records/qa/roof-audit/house_l3_1400_a-v2-roof-annotated.png,3ce660c5316d8064cb407562ae15a75cadca8fa96187cb6709c4cabc53eeb7a3,confirmed,,Wave 20 지붕 눈 v4 확정(판정 2026-09-27) · 기록 그림 — 지붕 마스크 검수,
wave20,wave20/snow-v4-20260927/records/qa/roof-audit/house_l3_1400_a-v2-roof-mask.png,45cf11f3cd7c945100ecccbfbe9e313a423f0aa607c6d435a0a121177df36991,confirmed,,Wave 20 지붕 눈 v4 확정(판정 2026-09-27) · 기록 그림 — 지붕 마스크 검수,
wave20,wave20/snow-v4-20260927/records/qa/roof-audit/house_l3_1400_b-v2-roof-annotated.png,e3378fafade086d053f96b461563e994d3122507711d5de16d83381da7f1c3ab,confirmed,,Wave 20 지붕 눈 v4 확정(판정 2026-09-27) · 기록 그림 — 지붕 마스크 검수,
wave20,wave20/snow-v4-20260927/records/qa/roof-audit/house_l3_1400_b-v2-roof-mask.png,01e71fbae6b9a8d158567acf3dbc8af9c6a2301d158073aadee3c5f4ff1185eb,confirmed,,Wave 20 지붕 눈 v4 확정(판정 2026-09-27) · 기록 그림 — 지붕 마스크 검수,
wave20,wave20/snow-v4-20260927/records/qa/roof-audit/house_l4_1350_a-v2-roof-annotated.png,85bdabd926f468442ae0e984ed1d0c150318e5615de0182dfef908be95c427ee,confirmed,,Wave 20 지붕 눈 v4 확정(판정 2026-09-27) · 기록 그림 — 지붕 마스크 검수,
wave20,wave20/snow-v4-20260927/records/qa/roof-audit/house_l4_1350_a-v2-roof-mask.png,7999ee5d89ddeeb3ab16ed056de4bb44a975a7ddcaff8954fd08b56d08babe82,confirmed,,Wave 20 지붕 눈 v4 확정(판정 2026-09-27) · 기록 그림 — 지붕 마스크 검수,
wave20,wave20/snow-v4-20260927/records/qa/roof-audit/house_l4_1350_b-v2-roof-annotated.png,dfa10eb6404800dee63633f0da8363e9e9f0b91fd002fbabdfccb3d876ae1158,confirmed,,Wave 20 지붕 눈 v4 확정(판정 2026-09-27) · 기록 그림 — 지붕 마스크 검수,
wave20,wave20/snow-v4-20260927/records/qa/roof-audit/house_l4_1350_b-v2-roof-mask.png,523b52ab025cbe401d685c2a272c98e03dc35224d24b0352943e1e86fd8de766,confirmed,,Wave 20 지붕 눈 v4 확정(판정 2026-09-27) · 기록 그림 — 지붕 마스크 검수,
wave20,wave20/snow-v4-20260927/records/qa/roof-audit/house_l4_1400_a-v2-roof-annotated.png,e1c651aa9e08b6af2a6db954d694b2acdb78b4027dc56a52557e75c38ee7f7a4,confirmed,,Wave 20 지붕 눈 v4 확정(판정 2026-09-27) · 기록 그림 — 지붕 마스크 검수,
wave20,wave20/snow-v4-20260927/records/qa/roof-audit/house_l4_1400_a-v2-roof-mask.png,1a6df23a8a402cdc428121045bfcc7935bfb7fb4420e1133da9749fe6a5e0012,confirmed,,Wave 20 지붕 눈 v4 확정(판정 2026-09-27) · 기록 그림 — 지붕 마스크 검수,
wave20,wave20/snow-v4-20260927/records/qa/roof-audit/house_l4_1400_b-v2-roof-annotated.png,0432e0adff284efc89465351c97866936c354142c391676578a86b9ffaefea5c,confirmed,,Wave 20 지붕 눈 v4 확정(판정 2026-09-27) · 기록 그림 — 지붕 마스크 검수,
wave20,wave20/snow-v4-20260927/records/qa/roof-audit/house_l4_1400_b-v2-roof-mask.png,1e69d41e77f5390fead972dd693458c40ee0565aa9dd6615c158485e0c199930,confirmed,,Wave 20 지붕 눈 v4 확정(판정 2026-09-27) · 기록 그림 — 지붕 마스크 검수,
wave20,wave20/snow-v4-20260927/records/qa/roof-audit/l2.png,62a5be94fb57142c127c65199f2839be036d163368c52afe875c7382b08995f2,confirmed,,Wave 20 지붕 눈 v4 확정(판정 2026-09-27) · 기록 그림 — 지붕 마스크 검수,
wave20,wave20/snow-v4-20260927/records/qa/roof-audit/l3.png,42954a6696e168b43b2c63a83c95cd1aa9f179fe2d62d5bd7eb6ed5fc879d8aa,confirmed,,Wave 20 지붕 눈 v4 확정(판정 2026-09-27) · 기록 그림 — 지붕 마스크 검수,
wave20,wave20/snow-v4-20260927/records/qa/roof-audit/l4.png,0057a91b3659ded4e557b0543d4bafe325729b2e9e5b7ea8edccb508d8e4492f,confirmed,,Wave 20 지붕 눈 v4 확정(판정 2026-09-27) · 기록 그림 — 지붕 마스크 검수,
wave21,wave21/candidates-v1/assets/ch3_events/ch3_ending.png,00b0f23544309be90b17184122bcd7e1e1e72fcd05c5a8691062c2a6c32f53fb,superseded,wave21/rework-20260927/assets/ch3_events/ch3_ending.png,v1 → 재작업(판정 2026-09-27),
wave21,wave21/candidates-v1/assets/ch3_events/ch3_event_abandoned_fields.png,cc3786494b554464d3785dbb7e2faca10301b241ea0bd3721741857ae9a92179,confirmed,,Wave 21 3장 확정(판정 2026-09-27),UI-8
wave21,wave21/candidates-v1/assets/ch3_events/ch3_event_empty_streets.png,f9d75e967f0790622e1362ee941a6a3ae77fd33441896bcdc23202b0957ea922,confirmed,,Wave 21 3장 확정(판정 2026-09-27),UI-8
wave21,wave21/candidates-v1/assets/ch3_events/ch3_event_harbour_fever.png,a59659296867a6df1f406d4cfd4855f4d0bfc1cf54eb208b8421831c9c91a7e7,confirmed,,Wave 21 3장 확정(판정 2026-09-27),UI-8
wave21,wave21/candidates-v1/assets/ch3_events/ch3_event_new_graves.png,79081c5f2636798e4d6442c54b9c545e1f4b8e7e2240bdcf7c7546bc7e6a876a,confirmed,,Wave 21 3장 확정(판정 2026-09-27),UI-8
wave21,wave21/candidates-v1/assets/ch3_events/ch3_event_ordinance_reading.png,9bacfdfc4800a9e7bae8722402669f2bd3b77551d0b1a031805be8a31fd653a5,confirmed,,Wave 21 3장 확정(판정 2026-09-27),UI-8
wave21,wave21/candidates-v1/assets/ch3_events/ch3_event_priest_death.png,29398cda973002226b20dcd983034b1ab89a54188577db0151954275d6ef8e69,confirmed,,Wave 21 3장 확정(판정 2026-09-27),UI-8
wave21,wave21/candidates-v1/assets/ch3_events/ch3_event_resettlement.png,16d5a9b16c7856d3850351824de4811c4523487de14e26f7906b7fde9ffbe690,confirmed,,Wave 21 3장 확정(판정 2026-09-27),UI-8
wave21,wave21/candidates-v1/assets/ch3_events/ch3_event_wage_demand.png,833d5304b21a9964e48a4c936de52c40382cac3bc81aa156200da1d96289e57e,confirmed,,Wave 21 3장 확정(판정 2026-09-27),UI-8
wave21,wave21/candidates-v1/assets/ch3_records/ch3_chronicle_abandoned_fields.png,dde1f2fdc9f8d321a6a584b8539a2d5af93236a984880d638823047cb471adb0,confirmed,,Wave 21 3장 확정(판정 2026-09-27),UI-8
wave21,wave21/candidates-v1/assets/ch3_records/ch3_chronicle_churchyard.png,b21d99ef369d16a6fdf27a008b6edfc9e0b092941147eaa18d630c8349a16f8a,confirmed,,Wave 21 3장 확정(판정 2026-09-27),UI-8
wave21,wave21/candidates-v1/assets/ch3_records/ch3_chronicle_first_death.png,5394c74b3bb247676341fa73a99def3b63ffc0d5b8f0f872d387d83c84d3412c,confirmed,,Wave 21 3장 확정(판정 2026-09-27),UI-8
wave21,wave21/candidates-v1/assets/ch3_records/ch3_chronicle_ordinance.png,04f6c61ea501987e2db8d1e1c9b8ff69499b4d6a99e0b31cbcca92bd52e219c0,confirmed,,Wave 21 3장 확정(판정 2026-09-27),UI-8
wave21,wave21/candidates-v1/assets/ch3_records/ch3_chronicle_resettlement.png,063b159ab99cfe816dfc8b36315d7bcbc82c19d9df81e6ac301800e7c5a3d432,confirmed,,Wave 21 3장 확정(판정 2026-09-27),UI-8
wave21,wave21/candidates-v1/assets/ch3_records/ch3_chronicle_spring_recovery.png,d5a702f23b84b6d6b71f6fb09258539936960979856ef122159f4e62c25f9a7e,confirmed,,Wave 21 3장 확정(판정 2026-09-27),UI-8
wave21,wave21/candidates-v1/assets/ch3_records/ch3_decision_cash_rent.png,888f7d651574d8d56f02a55bb55fb9d2f651ac8d8966364732ceee6ce92cf7c6,confirmed,,Wave 21 3장 확정(판정 2026-09-27),UI-8
wave21,wave21/candidates-v1/assets/ch3_records/ch3_decision_land_redistribution.png,57eec023ca097f6c4b3fd9fdc40f299c544b8c4958997beff92c516f8dd993f4,confirmed,,Wave 21 3장 확정(판정 2026-09-27),UI-8
wave21,wave21/candidates-v1/assets/ch3_records/ch3_decision_vacant_priest.png,8f5a34b2581363f54ac3230c7687d6bca667a491b41624838778d8962d92e08b,confirmed,,Wave 21 3장 확정(판정 2026-09-27),UI-8
wave21,wave21/candidates-v1/assets/ch3_records/ch3_decision_wages.png,48c838bac75127e99c7703c793934c4e6d71dc35ecbf75c8c69b1c78035c5f24,confirmed,,Wave 21 3장 확정(판정 2026-09-27),UI-8
wave21,wave21/candidates-v1/assets/ch4_events/ch4_ending.png,0061b3a8a5d96b757068ce4ed82daae4fda500229caae7fd74ff41d09b0af9e1,confirmed,,Wave 21 4·5장 확정 — 재작업 없이 원본(판정 2026-09-27),UI-9
wave21,wave21/candidates-v1/assets/ch4_events/ch4_event_alehouse.png,9616d1b4ce173d35b9c05965455aadc5ef5e1569acd105631594ec3d6db872db,confirmed,,Wave 21 4·5장 확정 — 재작업 없이 원본(판정 2026-09-27),UI-9
wave21,wave21/candidates-v1/assets/ch4_events/ch4_event_autonomy_request.png,2c4e9e49d1b8d2cb827a2be0e07e450aadfb2606b009db2545fbec5238360b5f,confirmed,,Wave 21 4·5장 확정 — 재작업 없이 원본(판정 2026-09-27),UI-9
wave21,wave21/candidates-v1/assets/ch4_events/ch4_event_guild_foundation.png,02faf00a227beace857b0727f7e4cde55b6d3576122fa76df684cff0fb8ca3e6,superseded,wave21/rework-20260927/assets/ch4_events/ch4_event_guild_foundation.png,v1 → 재작업(판정 2026-09-27),
wave21,wave21/candidates-v1/assets/ch4_events/ch4_event_lord_warning.png,2017d175d1e5f5773d8d1676e9e8d70f93d117e9e99fe1c2e4e3848c6c64566b,superseded,wave21/rework-20260927/assets/ch4_events/ch4_event_lord_warning.png,v1 → 재작업(판정 2026-09-27),
wave21,wave21/candidates-v1/assets/ch4_events/ch4_event_petitions.png,652f03f88ea4a6d2a931b448e48fefda7259abfaed36cc5390c62d7032a7cdd1,confirmed,,Wave 21 4·5장 확정 — 재작업 없이 원본(판정 2026-09-27),UI-9
wave21,wave21/candidates-v1/assets/ch4_events/ch4_event_rebellion_1381.png,0f7b27289b527075faceee0a0fe3809bf24df5544d4e2e6b97eb7e757d82922c,confirmed,,Wave 21 4·5장 확정 — 재작업 없이 원본(판정 2026-09-27),UI-9
wave21,wave21/candidates-v1/assets/ch4_events/ch4_event_textile_growth.png,0797335e3f903d4e992b1c6711e4a37e2665461eed1bcfac29d04655469c7084,confirmed,,Wave 21 4·5장 확정 — 재작업 없이 원본(판정 2026-09-27),UI-9
wave21,wave21/candidates-v1/assets/ch4_events/ch4_event_wage_competition.png,7a97714354f6fd6b44e3dff339efc4ebf80d2c0d29bbe7521a0d2b2be465e08a,confirmed,,Wave 21 4·5장 확정 — 재작업 없이 원본(판정 2026-09-27),UI-9
wave21,wave21/candidates-v1/assets/ch4_records/ch4_chronicle_charter_negotiation.png,8b313658560a0304260fce35d826b5d62992a468478d4e07d25988ec401b8be0,superseded,wave21/rework-20260927/assets/ch4_records/ch4_chronicle_charter_negotiation.png,v1 → 재작업(판정 2026-09-27),
wave21,wave21/candidates-v1/assets/ch4_records/ch4_chronicle_guild.png,89d9659f3a20e49e75a750684d7b866efa905224fde8145826304f3fe2fdbb4c,superseded,wave21/rework-20260927/assets/ch4_records/ch4_chronicle_guild.png,v1 → 재작업(판정 2026-09-27),
wave21,wave21/candidates-v1/assets/ch4_records/ch4_chronicle_petitions.png,9ee2a00704e911fa50ab7c1ba29281fe66079091b0f386cafb6254bbc326f9c4,superseded,wave21/rework-20260927/assets/ch4_records/ch4_chronicle_petitions.png,v1 → 재작업(판정 2026-09-27),
wave21,wave21/candidates-v1/assets/ch4_records/ch4_chronicle_rebellion_rumour.png,86fc127f531a346b96272c976619677e9a83ced68951cb3e5898de05cbfc845b,confirmed,,Wave 21 4·5장 확정 — 재작업 없이 원본(판정 2026-09-27),UI-9
wave21,wave21/candidates-v1/assets/ch4_records/ch4_chronicle_textile_street.png,cdc9abadbaca86cc519f976009b3b1886f308b8da7497f031a621eac7ca860ce,confirmed,,Wave 21 4·5장 확정 — 재작업 없이 원본(판정 2026-09-27),UI-9
wave21,wave21/candidates-v1/assets/ch4_records/ch4_chronicle_wage_competition.png,1e91e2379b587f6815b7a7cc130d05d17bc7839d105e9585ec6e16a30305c6fa,confirmed,,Wave 21 4·5장 확정 — 재작업 없이 원본(판정 2026-09-27),UI-9
wave21,wave21/candidates-v1/assets/ch4_records/ch4_decision_charter_negotiation.png,99fdb4079f9f83088a40748f5f521785970e375f4509c4305092823c2f0f6fea,superseded,wave21/rework-20260927/assets/ch4_records/ch4_decision_charter_negotiation.png,v1 → 재작업(판정 2026-09-27),
wave21,wave21/candidates-v1/assets/ch4_records/ch4_decision_guild_approval.png,507a6d214099cb6e6b895a514633a9f3437bcd25e44fd83213bd89b1ce080a69,superseded,wave21/rework-20260927/assets/ch4_records/ch4_decision_guild_approval.png,v1 → 재작업(판정 2026-09-27),
wave21,wave21/candidates-v1/assets/ch4_records/ch4_decision_tax_collection.png,6a169531216e6bdb9da3b852328180a05c9e6ffa63b5c2f9a0a3ead3b6aa91ef,superseded,wave21/rework-20260927/assets/ch4_records/ch4_decision_tax_collection.png,v1 → 재작업(판정 2026-09-27),
wave21,wave21/candidates-v1/assets/ch4_records/ch4_decision_textile_or_grain.png,e007541d2487a5c173c34c60b32a3fcff90a524989409a8a5176136b216b2e01,superseded,wave21/rework-20260927/assets/ch4_records/ch4_decision_textile_or_grain.png,v1 → 재작업(판정 2026-09-27),
wave21,wave21/candidates-v1/assets/ch5_events/ch5_campaign_ending.png,e2eca183fd785611d9ea9fddc3b4e8e603cd4e86af21b0ff76764b399e4339a9,confirmed,,Wave 21 4·5장 확정 — 재작업 없이 원본(판정 2026-09-27),UI-10
wave21,wave21/candidates-v1/assets/ch5_events/ch5_ending.png,416e458bd616d08383494f0629eed4ef0da8c7928b9e57c68a361410fedd7596,confirmed,,Wave 21 4·5장 확정 — 재작업 없이 원본(판정 2026-09-27),UI-10
wave21,wave21/candidates-v1/assets/ch5_events/ch5_event_charter_sealing.png,678fe1ce6cb65cd600e312522ddcedeadaba09128809829253cd09029a702110,superseded,wave21/rework-20260927/assets/ch5_events/ch5_event_charter_sealing.png,v1 → 재작업(판정 2026-09-27),
wave21,wave21/candidates-v1/assets/ch5_events/ch5_event_city_seal_making.png,252b8a5a2dfdd0ad168456592eea67d98034d33066fcc30e2ee821396acf50f7,superseded,wave21/rework-20260927/assets/ch5_events/ch5_event_city_seal_making.png,v1 → 재작업(판정 2026-09-27),
wave21,wave21/candidates-v1/assets/ch5_events/ch5_event_family_departure.png,30ecea394a8b4154a57a8c2ba437eb167fed8aecfc2d031116d458c87720380c,confirmed,,Wave 21 4·5장 확정 — 재작업 없이 원본(판정 2026-09-27),UI-10
wave21,wave21/candidates-v1/assets/ch5_events/ch5_event_last_market.png,5b6720b5857c21e1b42ef239cc3b16de016436c1a9938bc8acac1d531cf57c35,confirmed,,Wave 21 4·5장 확정 — 재작업 없이 원본(판정 2026-09-27),UI-10
wave21,wave21/candidates-v1/assets/ch5_events/ch5_event_legacy_record.png,1f3d33301dbb89b04ec15fbb29f3f5a7d86ac6d9ed5066c01a4065168f6a5c7a,superseded,wave21/rework-20260927/assets/ch5_events/ch5_event_legacy_record.png,v1 → 재작업(판정 2026-09-27),
wave21,wave21/candidates-v1/assets/ch5_events/ch5_event_mayor_demand.png,64aa287769c6e353931f5fb938dc709a8f4a3d226e37708160506b315b0b49b8,superseded,wave21/rework-20260927/assets/ch5_events/ch5_event_mayor_demand.png,v1 → 재작업(판정 2026-09-27),
wave21,wave21/candidates-v1/assets/ch5_events/ch5_event_royal_tax_envoy.png,f170d121c528a63565442f2575ea941f717568e2c54476c6472ca775ab5fa313,superseded,wave21/rework-20260927/assets/ch5_events/ch5_event_royal_tax_envoy.png,v1 → 재작업(판정 2026-09-27),
wave21,wave21/candidates-v1/assets/ch5_events/ch5_event_succession.png,5880346366722963f8bfeb993798180ee21fc546f703b1c184852f18804ee6c3,superseded,wave21/rework-20260927/assets/ch5_events/ch5_event_succession.png,v1 → 재작업(판정 2026-09-27),
wave21,wave21/candidates-v1/assets/ch5_records/ch5_chronicle_charter_sealing.png,5ed7a216d36fedad1a91f5fe8dd3541dd576d554ea968ac42267a7eb67007d56,superseded,wave21/rework-20260927/assets/ch5_records/ch5_chronicle_charter_sealing.png,v1 → 재작업(판정 2026-09-27),
wave21,wave21/candidates-v1/assets/ch5_records/ch5_chronicle_city_seal.png,30a19fffca7a64df3b7ba4b607072fe34f129855bd998e21971ff7813823d6c1,superseded,wave21/rework-20260927/assets/ch5_records/ch5_chronicle_city_seal.png,v1 → 재작업(판정 2026-09-27),
wave21,wave21/candidates-v1/assets/ch5_records/ch5_chronicle_heir.png,e5cc998470f510c00fb29caa73f54ec57ec22b64af6117b2ff463d20813a4c57,superseded,wave21/rework-20260927/assets/ch5_records/ch5_chronicle_heir.png,v1 → 재작업(판정 2026-09-27),
wave21,wave21/candidates-v1/assets/ch5_records/ch5_chronicle_last_market.png,ce8a3d9e793f072e907cc0a00573a2763539f8c1f23dd2a56dce3aa7649e7986,confirmed,,Wave 21 4·5장 확정 — 재작업 없이 원본(판정 2026-09-27),UI-10
wave21,wave21/candidates-v1/assets/ch5_records/ch5_chronicle_legacy_sealing.png,2cb1de38b42aac945aa3870c069edb3cd2af3c130f849b3eb6d64165e22e2bb7,superseded,wave21/rework-20260927/assets/ch5_records/ch5_chronicle_legacy_sealing.png,v1 → 재작업(판정 2026-09-27),
wave21,wave21/candidates-v1/assets/ch5_records/ch5_chronicle_mayor_election.png,a9d96149058f9479a57ef6359d0c96acdc35f00c2f114cd77ab80865cc467bdd,confirmed,,Wave 21 4·5장 확정 — 재작업 없이 원본(판정 2026-09-27),UI-10
wave21,wave21/candidates-v1/assets/ch5_records/ch5_decision_autonomy.png,b62886ae2071c639708cf21feed4335cc2447d607861e418c6ddfceed2b530c8,superseded,wave21/rework-20260927/assets/ch5_records/ch5_decision_autonomy.png,v1 → 재작업(판정 2026-09-27),
wave21,wave21/candidates-v1/assets/ch5_records/ch5_decision_heir_choice.png,47e312a63d383c0db2c9140bbf1211e20a47098ed7121ce14a469aa2269dbd1d,superseded,wave21/rework-20260927/assets/ch5_records/ch5_decision_heir_choice.png,v1 → 재작업(판정 2026-09-27),
wave21,wave21/candidates-v1/assets/ch5_records/ch5_decision_legacy.png,82c97d46206110fa66d02e64de73cbf950869c709a17d51188fbd58458ceb07c,superseded,wave21/rework-20260927/assets/ch5_records/ch5_decision_legacy.png,v1 → 재작업(판정 2026-09-27),
wave21,wave21/candidates-v1/assets/ch5_records/ch5_decision_royal_tax_response.png,3446a0f605960821d8d9a1874817b4f92f901c4c76e52b6390fcc5c3c8f322cc,superseded,wave21/rework-20260927/assets/ch5_records/ch5_decision_royal_tax_response.png,v1 → 재작업(판정 2026-09-27),
wave21,wave21/candidates-v1/proofs/01-chapter3.png,0c557f28fb2d53f35995574dc676205c9aa92a2c28839e17773dee0b66f9fb3a,confirmed,,Wave 21 3장 확정(판정 2026-09-27) · 확인 그림,
wave21,wave21/candidates-v1/proofs/02-chapter4.png,f5f2b65a7d117ae36a2ec3a67f9a528769b3db419064d740ba9d46f722353ca9,confirmed,,Wave 21 58장 확정(판정 2026-09-27) · 확인 그림,
wave21,wave21/candidates-v1/proofs/03-chapter5.png,1b33545c064b598f79d4508c7f0da2560c92bb1e714fff6bc6e159ccf73e86b0,confirmed,,Wave 21 58장 확정(판정 2026-09-27) · 확인 그림,
wave21,wave21/candidates-v1/proofs/records/ch3-records-contact.png,3ab8ad8cfedccdc8487408d44dad622ad39f20864fc1813961f17765589cd013,confirmed,,Wave 21 3장 확정(판정 2026-09-27) · 확인 그림,
wave21,wave21/candidates-v1/proofs/records/ch5-events-contact.png,b8040990308e5849cd5f062d981e817497957be27588ae7f6fc3fc34624f5dfc,confirmed,,Wave 21 58장 확정(판정 2026-09-27) · 확인 그림,
wave21,wave21/rework-20260927/assets/ch3_events/ch3_ending.png,b7b63af537fbbb8ea1eff32297a1e7c63c23bceac48e4a295eea77b189244089,confirmed,,Wave 21 재작업 확정(판정 2026-09-27),UI-8
wave21,wave21/rework-20260927/assets/ch4_events/ch4_event_guild_foundation.png,3a59fe029c82a810e7a37fe2053e298109e8b90d677299222e84cc27da9a3120,confirmed,,Wave 21 재작업 확정(판정 2026-09-27),UI-9
wave21,wave21/rework-20260927/assets/ch4_events/ch4_event_lord_warning.png,f231668a19a2c84637255a0e602e6f1eb3ddd8e8f28d9f4ce2f31ff20ce07169,confirmed,,Wave 21 재작업 확정(판정 2026-09-27),UI-9
wave21,wave21/rework-20260927/assets/ch4_records/ch4_chronicle_charter_negotiation.png,e8e88bf15c085c99917c311f505d44fe7e670d1fc8bef2fabdcf75699ffe21c9,confirmed,,Wave 21 재작업 확정(판정 2026-09-27),UI-9
wave21,wave21/rework-20260927/assets/ch4_records/ch4_chronicle_guild.png,cb5584270ca4dd52a68503ca500c580d8786cb178d01b9a9bbc5ec26f255d9ab,confirmed,,Wave 21 재작업 확정(판정 2026-09-27),UI-9
wave21,wave21/rework-20260927/assets/ch4_records/ch4_chronicle_petitions.png,11484027c4a0bc6997aab97a7408bfe886ef970925f54e7ae787fb8573c6d567,confirmed,,Wave 21 재작업 확정(판정 2026-09-27),UI-9
wave21,wave21/rework-20260927/assets/ch4_records/ch4_decision_charter_negotiation.png,29b8262e643d460ad194c8c58f256897d9d36727ee32ffda6f9995ea8c61478a,confirmed,,Wave 21 재작업 확정(판정 2026-09-27),UI-9
wave21,wave21/rework-20260927/assets/ch4_records/ch4_decision_guild_approval.png,41c09f21acda0db4ab28f38c650ca99614c409953ee15dc4a08e734f8c4518eb,confirmed,,Wave 21 재작업 확정(판정 2026-09-27),UI-9
wave21,wave21/rework-20260927/assets/ch4_records/ch4_decision_tax_collection.png,daa819eaff781e9a5f743e065718d5f4d8d3868747027176450592925a9d7baf,confirmed,,Wave 21 재작업 확정(판정 2026-09-27),UI-9
wave21,wave21/rework-20260927/assets/ch4_records/ch4_decision_textile_or_grain.png,777e877dd9912761fa54dc177e85360cb3db5d63fae19e07229b238c129ee729,confirmed,,Wave 21 재작업 확정(판정 2026-09-27),UI-9
wave21,wave21/rework-20260927/assets/ch5_events/ch5_event_charter_sealing.png,c30c4e72c5f4b2d2f6bdf6046399fbcf70b303312ae662369fee62d48ec2d859,confirmed,,Wave 21 재작업 확정(판정 2026-09-27),UI-10
wave21,wave21/rework-20260927/assets/ch5_events/ch5_event_city_seal_making.png,1be19b6bda072f1e181ac7ad1ec5e1402547c468d636ba1d8701bba967dc7b60,confirmed,,Wave 21 재작업 확정(판정 2026-09-27),UI-10
wave21,wave21/rework-20260927/assets/ch5_events/ch5_event_legacy_record.png,fd582cf16517aa68e260ea8997f1b3d3ec52c4700cf586d8bc8ea0aeaab3f007,confirmed,,Wave 21 재작업 확정(판정 2026-09-27),UI-10
wave21,wave21/rework-20260927/assets/ch5_events/ch5_event_mayor_demand.png,367707c044725d098212052fc90d52d85d9f6a7f2080d20834f7bac4d76a963f,confirmed,,Wave 21 재작업 확정(판정 2026-09-27),UI-10
wave21,wave21/rework-20260927/assets/ch5_events/ch5_event_royal_tax_envoy.png,f4d7c18d3723dab67f3bbc0d633f272796c2ce00e70fbf87bfc2f2177bd1957f,confirmed,,Wave 21 재작업 확정(판정 2026-09-27),UI-10
wave21,wave21/rework-20260927/assets/ch5_events/ch5_event_succession.png,2923906f06bc2671150f66d8207e5d3a5dfc3d264333fc3b6b7ded0c44b5c91a,confirmed,,Wave 21 재작업 확정(판정 2026-09-27),UI-10
wave21,wave21/rework-20260927/assets/ch5_records/ch5_chronicle_charter_sealing.png,47ad8c1f406f2da001fe2210ba959e03d867e8edaa7fb6b390207496791f2e4d,confirmed,,Wave 21 재작업 확정(판정 2026-09-27),UI-10
wave21,wave21/rework-20260927/assets/ch5_records/ch5_chronicle_city_seal.png,50f8294e2d973f35af477179526d4ee1a112344430226a3f9a0281bc4d54fdec,confirmed,,Wave 21 재작업 확정(판정 2026-09-27),UI-10
wave21,wave21/rework-20260927/assets/ch5_records/ch5_chronicle_heir.png,f9b69021139871ce08988a0e23fdcb22174908682df710e8a725e5d200eaf3f2,confirmed,,Wave 21 재작업 확정(판정 2026-09-27),UI-10
wave21,wave21/rework-20260927/assets/ch5_records/ch5_chronicle_legacy_sealing.png,65c0dac24e14c692eb0284b917dac537055ae3d593d70cbcd6c14c67f9d03251,confirmed,,Wave 21 재작업 확정(판정 2026-09-27),UI-10
wave21,wave21/rework-20260927/assets/ch5_records/ch5_decision_autonomy.png,3167637d2f66967d3482b9fee15416635e0335916bb0fc2ffa07e47ade9589a3,confirmed,,Wave 21 재작업 확정(판정 2026-09-27),UI-10
wave21,wave21/rework-20260927/assets/ch5_records/ch5_decision_heir_choice.png,22aac61c66641d968c1ea46dacf2836fb88151d008337b1d0f49f7ca4a58722b,confirmed,,Wave 21 재작업 확정(판정 2026-09-27),UI-10
wave21,wave21/rework-20260927/assets/ch5_records/ch5_decision_legacy.png,1612d7eddb3c0fbf40b35e419dabbe3daff72952d1bd878cb1e12e46ac60b42c,confirmed,,Wave 21 재작업 확정(판정 2026-09-27),UI-10
wave21,wave21/rework-20260927/assets/ch5_records/ch5_decision_royal_tax_response.png,9dbf8fcb64aadbc27f2b52150aaed910569279ff76bb9a96bed272d4ba9a0f7f,confirmed,,Wave 21 재작업 확정(판정 2026-09-27),UI-10
wave21,wave21/rework-20260927/proofs/01-ch3-ending-before-after.png,b9da6019c2d2ea328e9a3a298cdba353d2079646b1395d50d2a86fbcff7fdbc7,confirmed,,Wave 21 재작업 확정(판정 2026-09-27) · 확인 그림,
wave21,wave21/rework-20260927/proofs/02-chapter4-unlabelled.png,32c21ffe4332058fd1e14ed7c57f2021ebb3a6a4a2f8afb9d36319a35b52c0fd,confirmed,,Wave 21 재작업 확정(판정 2026-09-27) · 확인 그림,
wave21,wave21/rework-20260927/proofs/03-chapter5-unlabelled.png,340d5e1604f18f858c0c9a35eda20f307a28e087e789f9c1398a0545c9871314,confirmed,,Wave 21 재작업 확정(판정 2026-09-27) · 확인 그림,
wave22,wave22/candidates-20260927/assets/boundary/chalk_edge_a-v1.png,94359bd063e112ae41acf4ad02ecf0be85ea9d2f38076cd3e5050cbca0974550,confirmed,,Wave 22 확정(판정 2026-09-27),LAND-UI
wave22,wave22/candidates-20260927/assets/boundary/chalk_edge_b-v1.png,e791e124887a716597bedac6262317299914b38ebe97b4d184131f0b0449702b,confirmed,,Wave 22 확정(판정 2026-09-27),LAND-UI
wave22,wave22/candidates-20260927/assets/boundary/coastal_edge_a-v1.png,2c4aa1f9dd0e57b1807e2899da276f155864cd9c067c4ad08d2076bef6f35536,confirmed,,Wave 22 확정(판정 2026-09-27),LAND-UI
wave22,wave22/candidates-20260927/assets/boundary/coastal_edge_b-v1.png,f7a00447ae4d48f52ec60f182b93cbf7395a90cf97cfd6a6a6254d7c03b369e0,confirmed,,Wave 22 확정(판정 2026-09-27),LAND-UI
wave22,wave22/candidates-20260927/assets/boundary/fen_edge_a-v1.png,c55f84e9a1a915bbc04c6277092b3d7f2acf5511c0aafae2e8194005e97e56fd,confirmed,,Wave 22 확정(판정 2026-09-27),LAND-UI
wave22,wave22/candidates-20260927/assets/boundary/fen_edge_b-v1.png,7dd6eda8be10db54fb28434ac89d3fbb650ff0d0a542144cd221aab30e11466b,confirmed,,Wave 22 확정(판정 2026-09-27),LAND-UI
wave22,wave22/candidates-20260927/assets/boundary/heath_edge_a-v1.png,6266f03521f4d2a18d1a2fcac146e52cf957d41fbfde735dd970b814b1b9c09f,confirmed,,Wave 22 확정(판정 2026-09-27),LAND-UI
wave22,wave22/candidates-20260927/assets/boundary/heath_edge_b-v1.png,29d4b93f8718eceb6371c5ea27b64ad3ec06fad9aa3d07ee1ffc2f12a4db197a,confirmed,,Wave 22 확정(판정 2026-09-27),LAND-UI
wave22,wave22/candidates-20260927/assets/boundary/reed_bed_a-v1.png,61c7e11ff283903d0c79e7e45968bbef65b9c28ba848f3c961aa8e7c846cfa41,confirmed,,Wave 22 확정(판정 2026-09-27),LAND-UI
wave22,wave22/candidates-20260927/assets/boundary/reed_bed_b-v1.png,17365aec25511431e52c1bd0f948539e7fdecafbb9ce45677976b9bcac592b4e,confirmed,,Wave 22 확정(판정 2026-09-27),LAND-UI
wave22,wave22/candidates-20260927/assets/props/chalk_outcrop_a-v1.png,979691201311908d39b1965751e61e91c88eaf78b403c754f25b69b1938e0b80,confirmed,,Wave 22 확정(판정 2026-09-27),LAND-UI
wave22,wave22/candidates-20260927/assets/props/chalk_outcrop_b-v1.png,b40330b4e968512753eac56dda666699bf068e8b115ae0b7924d2e969f697dae,confirmed,,Wave 22 확정(판정 2026-09-27),LAND-UI
wave22,wave22/candidates-20260927/assets/props/chalk_outcrop_c-v1.png,61bf737df50b741c4c66df49ad0f87a9b6ef64ecc8e0e9796e00443f2eea7987,confirmed,,Wave 22 확정(판정 2026-09-27),LAND-UI
wave22,wave22/candidates-20260927/assets/props/driftwood_a-v1.png,45e19776c878acd51f9139454c837a55651298e74024da8c17aa363a2b972601,confirmed,,Wave 22 확정(판정 2026-09-27),LAND-UI
wave22,wave22/candidates-20260927/assets/props/driftwood_b-v1.png,2f20870a21dd13f028c4e04a2930717ad5d317688bed57212be56be440bb6d0e,confirmed,,Wave 22 확정(판정 2026-09-27),LAND-UI
wave22,wave22/candidates-20260927/assets/props/fallen_tree-v1.png,f6d138c69720490c391ba6b9d793758df23725eb1dcf82be715eb588cae41db6,confirmed,,Wave 22 확정(판정 2026-09-27),LAND-UI
wave22,wave22/candidates-20260927/assets/props/fen_puddle_a-v1.png,a76fcaaac669944ee3470f8a4e1fa2b9f114e1899cefab67461e64cbbd64c10c,confirmed,,Wave 22 확정(판정 2026-09-27),LAND-UI
wave22,wave22/candidates-20260927/assets/props/fen_puddle_b-v1.png,3154bdee9b7bfa1e0dcf8a34efc832d35ca22439327635b39622c64f3b4e3f41,confirmed,,Wave 22 확정(판정 2026-09-27),LAND-UI
wave22,wave22/candidates-20260927/assets/props/fern_bush_a-v1.png,843664b13d99e78b23174da08bde3cd29449e7b2c798f2fb63d6b5ae357e25b5,confirmed,,Wave 22 확정(판정 2026-09-27),LAND-UI
wave22,wave22/candidates-20260927/assets/props/fern_bush_b-v1.png,4fdd5d16957c8a8779b62ba05f7bcfd38f944107e43483739dd7469849c00823,confirmed,,Wave 22 확정(판정 2026-09-27),LAND-UI
wave22,wave22/candidates-20260927/assets/props/fern_bush_c-v1.png,7485024738cec64eedebe01b9b61d919f2f4be053968b75277a0b2fb4c30fd70,confirmed,,Wave 22 확정(판정 2026-09-27),LAND-UI
wave22,wave22/candidates-20260927/assets/props/gorse_a-v1.png,3e4a49502e6c3fbf6607e84d28a45e596e876b34ceebb5e8bbdf1a27255a7895,confirmed,,Wave 22 확정(판정 2026-09-27),LAND-UI
wave22,wave22/candidates-20260927/assets/props/gorse_b-v1.png,e08fc9018b60103361c51b1b5edf64c2801bce62a010bd0a833c65a4d9eacdaa,confirmed,,Wave 22 확정(판정 2026-09-27),LAND-UI
wave22,wave22/candidates-20260927/assets/props/mushrooms-v1.png,fa719e4218a201c724fa1d76568f356c2368d33a121a131c40681650bb7eebf3,confirmed,,Wave 22 확정(판정 2026-09-27),LAND-UI
wave22,wave22/candidates-20260927/assets/props/reed_clump_a-v1.png,68e6b21f59917cff4f429b588a5464f29aa393649eb681e0c07e199804558cbf,confirmed,,Wave 22 확정(판정 2026-09-27),LAND-UI
wave22,wave22/candidates-20260927/assets/props/reed_clump_b-v1.png,6016aaff2ad82b0ad050c0e4289050fa028ca736cc29513aa9fc2b3fdb9be79f,confirmed,,Wave 22 확정(판정 2026-09-27),LAND-UI
wave22,wave22/candidates-20260927/assets/props/reed_clump_c-v1.png,fe5ca3e48d0dd1003e6f107a5b804a78c787700612a886f428027c6160728724,confirmed,,Wave 22 확정(판정 2026-09-27),LAND-UI
wave22,wave22/candidates-20260927/assets/props/rock_pool-v1.png,46a0a759dec36867478b55af556fff49aa91bc35dd4df26564bbeca2ee67884f,confirmed,,Wave 22 확정(판정 2026-09-27),LAND-UI
wave22,wave22/candidates-20260927/assets/props/sheep_stone_wall_a-v1.png,667fe4bb213275cc65951f98a9a0a9055d4fc0251e8b80f8d0b9e36fb8a9f78a,confirmed,,Wave 22 확정(판정 2026-09-27),LAND-UI
wave22,wave22/candidates-20260927/assets/props/sheep_stone_wall_b-v1.png,a0aa575ef0383cae0c9b2309a5d218de859bdf715eee7ac63b3295ecc5877208,confirmed,,Wave 22 확정(판정 2026-09-27),LAND-UI
wave22,wave22/candidates-20260927/assets/shore/salt_marsh_a-v1.png,e0785b34d8b53ba9cacdd366a7557258e7c2c162dfad51399795b561bfcab16c,confirmed,,Wave 22 확정(판정 2026-09-27),LAND-UI
wave22,wave22/candidates-20260927/assets/shore/salt_marsh_b-v1.png,30c6b4bf8b44fda0b8832c98434fe2e3d9c661860256b5df71a804ece4b23558,confirmed,,Wave 22 확정(판정 2026-09-27),LAND-UI
wave22,wave22/candidates-20260927/assets/shore/sand_beach_a-v1.png,42e3b147bb0acbc1cedee65551887aab2ea5007d677faec610b55929e3d238a2,superseded,wave22/rework-20260927/assets/shore/sand_beach_a-v2.png,v1 → 재작업(판정 2026-09-27),
wave22,wave22/candidates-20260927/assets/shore/sand_beach_b-v1.png,7fff380523b622f0c16ed9b23fe3ebbc252ccc6850ef7cc06e885fbbc3d5e494,confirmed,,Wave 22 확정(판정 2026-09-27),LAND-UI
wave22,wave22/candidates-20260927/assets/shore/shingle_a-v1.png,8c5d55a09830fab912e94b0f76b87bdd462a1de459625eff50c85b09cfa370df,confirmed,,Wave 22 확정(판정 2026-09-27),LAND-UI
wave22,wave22/candidates-20260927/assets/shore/shingle_b-v1.png,11cadcc47ecdd96807ed599c876fb8d41acca37cb5f268c804dae84df1164e10,confirmed,,Wave 22 확정(판정 2026-09-27),LAND-UI
wave22,wave22/candidates-20260927/assets/terrain/chalk_down_autumn-v1.png,6867ce21a504afb3b28967a138b3001073022432f4977b6b1a8ce807a9141082,superseded,wave22/rework-20260927/assets/terrain/chalk_down_autumn_a-v2.png;wave22/rework-20260927/assets/terrain/chalk_down_autumn_b-v2.png,v1 → 재작업(판정 2026-09-27),
wave22,wave22/candidates-20260927/assets/terrain/chalk_down_summer-v1.png,68429931f4ba4bc46750149c75f94d070c9bda1c382a56b399cbf321a2a41534,superseded,wave22/rework-20260927/assets/terrain/chalk_down_summer_a-v2.png;wave22/rework-20260927/assets/terrain/chalk_down_summer_b-v2.png,v1 → 재작업(판정 2026-09-27),
wave22,wave22/candidates-20260927/assets/terrain/chalk_down_winter-v1.png,e42a9e5edaa9f96703d967ee4e19102b183a0c289cba36bdd2d125ffd4ed5c7c,superseded,wave22/rework-20260927/assets/terrain/chalk_down_winter_a-v2.png;wave22/rework-20260927/assets/terrain/chalk_down_winter_b-v2.png,v1 → 재작업(판정 2026-09-27),
wave22,wave22/candidates-20260927/assets/terrain/coastal_grass_autumn-v1.png,80f8f2622235feee1f02d56483900a90976f3c353798200a0b5fe55de5e452a8,superseded,wave22/rework-20260927/assets/terrain/coastal_grass_autumn_a-v2.png;wave22/rework-20260927/assets/terrain/coastal_grass_autumn_b-v2.png,v1 → 재작업(판정 2026-09-27),
wave22,wave22/candidates-20260927/assets/terrain/coastal_grass_summer-v1.png,de7c9b85184b615cfa3e0ac76728a79b8a74d28ace86b36a614bbf803d75860d,superseded,wave22/rework-20260927/assets/terrain/coastal_grass_summer_a-v2.png;wave22/rework-20260927/assets/terrain/coastal_grass_summer_b-v2.png,v1 → 재작업(판정 2026-09-27),
wave22,wave22/candidates-20260927/assets/terrain/coastal_grass_winter-v1.png,47f3a38b98b0a92d106c68ed2f97600b3054562b062d633c1c06884f3f5eb1c2,superseded,wave22/rework-20260927/assets/terrain/coastal_grass_winter_a-v2.png;wave22/rework-20260927/assets/terrain/coastal_grass_winter_b-v2.png,v1 → 재작업(판정 2026-09-27),
wave22,wave22/candidates-20260927/assets/terrain/fen_autumn-v1.png,4e46e5f8bd75cec003137d8318749daf7376891cb49b59367c62704b2f621579,superseded,wave22/rework-20260927/assets/terrain/fen_autumn_a-v2.png;wave22/rework-20260927/assets/terrain/fen_autumn_b-v2.png,v1 → 재작업(판정 2026-09-27),
wave22,wave22/candidates-20260927/assets/terrain/fen_summer-v1.png,076a46d3b8cb9a4d0bc733bc4e03d8393fd825b7d9d38e7fc9e82d8bf6f666c0,superseded,wave22/rework-20260927/assets/terrain/fen_summer_a-v2.png;wave22/rework-20260927/assets/terrain/fen_summer_b-v2.png,v1 → 재작업(판정 2026-09-27),
wave22,wave22/candidates-20260927/assets/terrain/fen_winter-v1.png,7af0124411a8c93d2a0d21b1e67b9a0e394ab028cd8de735eb0b53115b4a6b0e,superseded,wave22/rework-20260927/assets/terrain/fen_winter_a-v2.png;wave22/rework-20260927/assets/terrain/fen_winter_b-v2.png,v1 → 재작업(판정 2026-09-27),
wave22,wave22/candidates-20260927/assets/terrain/heath_autumn-v1.png,916c3aef86718fb707ef84866bb6772aed3808832105f21a6b70b8985f9ad676,superseded,wave22/rework-20260927/assets/terrain/heath_autumn_a-v2.png;wave22/rework-20260927/assets/terrain/heath_autumn_b-v2.png,v1 → 재작업(판정 2026-09-27),
wave22,wave22/candidates-20260927/assets/terrain/heath_summer-v1.png,0d9a2e4e5a375cf16d83ae431101776ec4c43a10e7576cb328603e2918950323,superseded,wave22/rework-20260927/assets/terrain/heath_summer_a-v2.png;wave22/rework-20260927/assets/terrain/heath_summer_b-v2.png,v1 → 재작업(판정 2026-09-27),
wave22,wave22/candidates-20260927/assets/terrain/heath_winter-v1.png,8f782c8fa1a6b398c83267781e4db64b323d260c50dcfab7e3cc9eb44aaf05f2,superseded,wave22/rework-20260927/assets/terrain/heath_winter_a-v2.png;wave22/rework-20260927/assets/terrain/heath_winter_b-v2.png,v1 → 재작업(판정 2026-09-27),
wave22,wave22/candidates-20260927/assets/terrain/woodland_floor_autumn-v1.png,85c36042deea7353755fc739d0f81fb392b6cf74c611c66ec343410fe0b533b0,superseded,wave22/rework-20260927/assets/terrain/woodland_floor_autumn_a-v2.png;wave22/rework-20260927/assets/terrain/woodland_floor_autumn_b-v2.png,v1 → 재작업(판정 2026-09-27),
wave22,wave22/candidates-20260927/assets/terrain/woodland_floor_summer-v1.png,e78be8604e2a5b69396734f3f32af0134b96fb325bd967a7b9359b615df74bb3,superseded,wave22/rework-20260927/assets/terrain/woodland_floor_summer_a-v2.png;wave22/rework-20260927/assets/terrain/woodland_floor_summer_b-v2.png,v1 → 재작업(판정 2026-09-27),
wave22,wave22/candidates-20260927/assets/terrain/woodland_floor_winter-v1.png,598aca6e4643fca54500fe204aabba63d77b4412c500ce203b472928aca8fa92,superseded,wave22/rework-20260927/assets/terrain/woodland_floor_winter_a-v2.png;wave22/rework-20260927/assets/terrain/woodland_floor_winter_b-v2.png,v1 → 재작업(판정 2026-09-27),
wave22,wave22/candidates-20260927/proofs/checks/01-fill-seasons.png,b2acd830a80b2759c00387a02dd1053bc243984131af40740726f0a74ce10ac3,confirmed,,Wave 22 확인 그림(판정 2026-09-27) · 확인 그림,
wave22,wave22/candidates-20260927/proofs/checks/02-archetype-scenes.png,1b6637f6dc9b1bab536d7f3b75a07d2465cf0ddfc3f85e52d4c979e7e9c32a7a,confirmed,,Wave 22 확인 그림(판정 2026-09-27) · 확인 그림,
wave22,wave22/candidates-20260927/proofs/checks/03-coastal-comparison.png,6aafeb6c05de5ed3a4908d1181ef36fe21a789e5601f1afd77aacaa29eb70a11,confirmed,,Wave 22 확인 그림(판정 2026-09-27) · 확인 그림,
wave22,wave22/rework-20260927/assets/decals/chalk_exposure_a-v1.png,69bfb8fb0ef6fd2a79827b5da3ac714c295722815a41f6a1fbca7de5e99cfa8d,confirmed,,Wave 22 재작업 확정(판정 2026-09-27),LAND-UI
wave22,wave22/rework-20260927/assets/decals/chalk_exposure_b-v1.png,ad985d6dd9ce38cec89d382597e3059a9a8fb637423081ab9a6d34248c09e601,confirmed,,Wave 22 재작업 확정(판정 2026-09-27),LAND-UI
wave22,wave22/rework-20260927/assets/decals/chalk_exposure_c-v1.png,8ead025c06f8064cabe0b2e1701a41362814c60205828f6572cce90f68d3d4c1,confirmed,,Wave 22 재작업 확정(판정 2026-09-27),LAND-UI
wave22,wave22/rework-20260927/assets/decals/coastal_sand_a-v1.png,33b98cfafd82ac822b042f5c4f90324ac87460b7168b7b78d19eb196774e8674,confirmed,,Wave 22 재작업 확정(판정 2026-09-27),LAND-UI
wave22,wave22/rework-20260927/assets/decals/coastal_sand_b-v1.png,154cfd97f2f352639469435f443056727371f733176dcb7d727a8d1d6076cd9a,confirmed,,Wave 22 재작업 확정(판정 2026-09-27),LAND-UI
wave22,wave22/rework-20260927/assets/decals/coastal_sand_c-v1.png,dab5c76f3c58d24adc5b0234ad5a635111a800698a24dcaa561be07e6212b80a,confirmed,,Wave 22 재작업 확정(판정 2026-09-27),LAND-UI
wave22,wave22/rework-20260927/assets/decals/fen_pool_a-v1.png,2c0ed90f4688037d1dc4b9189f0b8380c883485a2bd3db3b3d37669f1f0b9a97,confirmed,,Wave 22 재작업 확정(판정 2026-09-27),LAND-UI
wave22,wave22/rework-20260927/assets/decals/fen_pool_b-v1.png,47c76ae3f6ed2a86f59321b723c3f59cf2a80be506ddb31de6f6a773c7ed8cc3,confirmed,,Wave 22 재작업 확정(판정 2026-09-27),LAND-UI
wave22,wave22/rework-20260927/assets/decals/fen_pool_c-v1.png,a1f92ac806e45991d68a4174a369fcce49710d37d69720985a3242252e560bec,confirmed,,Wave 22 재작업 확정(판정 2026-09-27),LAND-UI
wave22,wave22/rework-20260927/assets/decals/heath_patch_a-v1.png,dc24ac33e8869c47977d1adea44ed6a939f94079eb26b4a1d44592ef0ca2576a,confirmed,,Wave 22 재작업 확정(판정 2026-09-27),LAND-UI
wave22,wave22/rework-20260927/assets/decals/heath_patch_b-v1.png,8bc85a500ad5de03a34e76f7eadfdda9908217824ba7fb25b41daca56217d565,confirmed,,Wave 22 재작업 확정(판정 2026-09-27),
wave22,wave22/rework-20260927/assets/decals/heath_patch_c-v1.png,4031ebe921cbfdb7cc4fa42905bfaa4b3bf4f255c39d1189fc800be79f2b0458,confirmed,,Wave 22 재작업 확정(판정 2026-09-27),
wave22,wave22/rework-20260927/assets/decals/woodland_litter_a-v1.png,5a00ce1f7d6bf2dca3998156338d1d4cf6a8d087c2ea4cb93b6a7e9927e08ab5,confirmed,,Wave 22 재작업 확정(판정 2026-09-27),LAND-UI
wave22,wave22/rework-20260927/assets/decals/woodland_litter_b-v1.png,53f1e78a31f232f606debd0048ef5d78edbd1163d9e2a361e949f22f622206f5,confirmed,,Wave 22 재작업 확정(판정 2026-09-27),LAND-UI
wave22,wave22/rework-20260927/assets/decals/woodland_litter_c-v1.png,73ce5fd24d3236e77c32d0360c4d62ec59f332d074618d2f1c1538b0f69cf8da,confirmed,,Wave 22 재작업 확정(판정 2026-09-27),LAND-UI
wave22,wave22/rework-20260927/assets/shore/sand_beach_a-v2.png,7c41101fb27f3fd1df809e627f53aa2fdd62d13570d6da1d7f46bba7fdef58ac,confirmed,,Wave 22 재작업 확정(판정 2026-09-27),LAND-UI
wave22,wave22/rework-20260927/assets/terrain/chalk_down_autumn_a-v2.png,32ae2bd572fb65e68c4588a437de8d5b7d023dd3d28f091afc15aa5ab9a4b1bc,confirmed,,Wave 22 재작업 확정(판정 2026-09-27),LAND-UI
wave22,wave22/rework-20260927/assets/terrain/chalk_down_autumn_b-v2.png,ced98bf4c40c7073950aebb0ad5fe14dfea41600bafd8083bf6dbd8f717a4a26,confirmed,,Wave 22 재작업 확정(판정 2026-09-27),LAND-UI
wave22,wave22/rework-20260927/assets/terrain/chalk_down_summer_a-v2.png,43a00762d9289baec34a66113af18bf7e7570738ed11009ea8168ca493fc63c1,confirmed,,Wave 22 재작업 확정(판정 2026-09-27),LAND-UI
wave22,wave22/rework-20260927/assets/terrain/chalk_down_summer_b-v2.png,0bf229302256bad00389a9cf061ecbe238edae725a1479918b3abcf085d0dc2d,confirmed,,Wave 22 재작업 확정(판정 2026-09-27),LAND-UI
wave22,wave22/rework-20260927/assets/terrain/chalk_down_winter_a-v2.png,868fe4645be8dd9ef1eb90183c78a2db37b8fa71f4f0b8bf51af04240980dfca,confirmed,,Wave 22 재작업 확정(판정 2026-09-27),LAND-UI
wave22,wave22/rework-20260927/assets/terrain/chalk_down_winter_b-v2.png,1dd9a28893ab5e1eba303d75ce0cc0bc091e161578a5eadfe5a4aef8859e3f23,confirmed,,Wave 22 재작업 확정(판정 2026-09-27),LAND-UI
wave22,wave22/rework-20260927/assets/terrain/coastal_grass_autumn_a-v2.png,67d3f3eb93bb5cbac257f5770d358044984c99c3d4dfb424d0ba47371eaaa095,confirmed,,Wave 22 재작업 확정(판정 2026-09-27),LAND-UI
wave22,wave22/rework-20260927/assets/terrain/coastal_grass_autumn_b-v2.png,0c5007c58400f5ecceef930c7610aea03f290c6ffb16d0ef6f575b1517281d94,confirmed,,Wave 22 재작업 확정(판정 2026-09-27),LAND-UI
wave22,wave22/rework-20260927/assets/terrain/coastal_grass_summer_a-v2.png,ce5b7302f4c05d74a17e0131f232ccc6270eb442df42abf8c3e7e945233cb4c7,confirmed,,Wave 22 재작업 확정(판정 2026-09-27),LAND-UI
wave22,wave22/rework-20260927/assets/terrain/coastal_grass_summer_b-v2.png,ebe1ed3b37adda660effdbb4b77e01a452717b258fbc8fe80ec0df832d837f45,confirmed,,Wave 22 재작업 확정(판정 2026-09-27),LAND-UI
wave22,wave22/rework-20260927/assets/terrain/coastal_grass_winter_a-v2.png,a10ca3299e081f9bc6ffb054702a10e8181dcdd7b4a0627d766f42d20ee5a0f7,confirmed,,Wave 22 재작업 확정(판정 2026-09-27),LAND-UI
wave22,wave22/rework-20260927/assets/terrain/coastal_grass_winter_b-v2.png,799c4e9da2c1efd7fce40932681afe154f54082c62ab1843f7e258abe4238ca4,confirmed,,Wave 22 재작업 확정(판정 2026-09-27),LAND-UI
wave22,wave22/rework-20260927/assets/terrain/fen_autumn_a-v2.png,7c879ba998d2ae409605b85b6904a55ccbeb37706fb02ba7ea36f08c65202d14,confirmed,,Wave 22 재작업 확정(판정 2026-09-27),LAND-UI
wave22,wave22/rework-20260927/assets/terrain/fen_autumn_b-v2.png,485ad555c5b64f810d221781a12b4fd5dc5930fb24c0447bcd09edf0231ff679,confirmed,,Wave 22 재작업 확정(판정 2026-09-27),LAND-UI
wave22,wave22/rework-20260927/assets/terrain/fen_summer_a-v2.png,68e3b98c6b3bd76c04b12d568613d8e156f44a24d81b61b592a96571171bd3d8,confirmed,,Wave 22 재작업 확정(판정 2026-09-27),LAND-UI
wave22,wave22/rework-20260927/assets/terrain/fen_summer_b-v2.png,6788977b77d0cab48f166d437ebf7295a70ae61a4dc7b6c22f782bd7f23fef5e,confirmed,,Wave 22 재작업 확정(판정 2026-09-27),LAND-UI
wave22,wave22/rework-20260927/assets/terrain/fen_winter_a-v2.png,cec139c429ce8b6961435f50a6bf12d5be657f48fd24e23a8384ef0bc6c0d5fc,confirmed,,Wave 22 재작업 확정(판정 2026-09-27),LAND-UI
wave22,wave22/rework-20260927/assets/terrain/fen_winter_b-v2.png,2f0f886a15109418746645218ebc6896b78e1d7094ee6a64fcb17b06db8a346f,confirmed,,Wave 22 재작업 확정(판정 2026-09-27),LAND-UI
wave22,wave22/rework-20260927/assets/terrain/heath_autumn_a-v2.png,79ddb9a7eba3d981d8b3ce4e4e6e04635ee79f9199631f62e67e2a9f2524d4bd,confirmed,,Wave 22 재작업 확정(판정 2026-09-27),LAND-UI
wave22,wave22/rework-20260927/assets/terrain/heath_autumn_b-v2.png,83d771544cee18ddce659b56f012f43c2919ee8df244813083c532145459ff7c,confirmed,,Wave 22 재작업 확정(판정 2026-09-27),LAND-UI
wave22,wave22/rework-20260927/assets/terrain/heath_summer_a-v2.png,c3819dd703c927893e8e4fdeeae10e070fc9e3720caab4435d26367e5215a86f,confirmed,,Wave 22 재작업 확정(판정 2026-09-27),LAND-UI
wave22,wave22/rework-20260927/assets/terrain/heath_summer_b-v2.png,8f6493dae1fb10ee898c88c23a64ec080fc189a854d6360a0bb06ab37a8dd7db,confirmed,,Wave 22 재작업 확정(판정 2026-09-27),LAND-UI
wave22,wave22/rework-20260927/assets/terrain/heath_winter_a-v2.png,292c05d1e6552ccdc37a93952de7b42e8e9e04a7ad44f8d5e330c36571280f0b,confirmed,,Wave 22 재작업 확정(판정 2026-09-27),LAND-UI
wave22,wave22/rework-20260927/assets/terrain/heath_winter_b-v2.png,2fd5ba349c6609b617d89db3408bd89ac09ec4893e86ea9d3acff74b7edd4153,confirmed,,Wave 22 재작업 확정(판정 2026-09-27),LAND-UI
wave22,wave22/rework-20260927/assets/terrain/woodland_floor_autumn_a-v2.png,a58733faa04df765ac3d8c36e8361099482ec8e756563e9ba27f519b26727481,confirmed,,Wave 22 재작업 확정(판정 2026-09-27),LAND-UI
wave22,wave22/rework-20260927/assets/terrain/woodland_floor_autumn_b-v2.png,5a427f7e440df12714cd9fbf22f58b8b98feaaa691f54f07ae2bf953edd7b9ed,confirmed,,Wave 22 재작업 확정(판정 2026-09-27),LAND-UI
wave22,wave22/rework-20260927/assets/terrain/woodland_floor_summer_a-v2.png,1c7927a164231a578173d647e0e8ffe0cb7bd09fc98ab572ea7cfdc51a0a7f36,confirmed,,Wave 22 재작업 확정(판정 2026-09-27),LAND-UI
wave22,wave22/rework-20260927/assets/terrain/woodland_floor_summer_b-v2.png,d6f727456bff3f059e33b36d528613b0623b4fafd2af43fdecb031cf58d9fa61,confirmed,,Wave 22 재작업 확정(판정 2026-09-27),LAND-UI
wave22,wave22/rework-20260927/assets/terrain/woodland_floor_winter_a-v2.png,db73565fdb3c0ea1900a394ead017898201e88054cdde37f20d5d7506d79b673,confirmed,,Wave 22 재작업 확정(판정 2026-09-27),LAND-UI
wave22,wave22/rework-20260927/assets/terrain/woodland_floor_winter_b-v2.png,4966004d404c0a316485077bc46a3acfc4c15855c795b7bb8e5a7ce59121ee22,confirmed,,Wave 22 재작업 확정(판정 2026-09-27),LAND-UI
wave22,wave22/rework-20260927/proofs/checks/01-fill-repeats.png,fab101c159519a9d8fb6627ff5b6ca17eef5f4ef94bb8ea0c89da4b30f13f57b,confirmed,,Wave 22 재작업 확정(판정 2026-09-27) · 확인 그림,
wave22,wave22/rework-20260927/proofs/checks/02-archetype-scenes.png,d7b169098a269f76231aaf71150df45a409f26d896b8c82888781bc5c89c24cf,confirmed,,Wave 22 재작업 확정(판정 2026-09-27) · 확인 그림,
wave22,wave22/rework-20260927/proofs/checks/03-sand-beach-comparison.png,a1812e12f8715d1c301fcfe6d9bc2790b4888f50de20acfdf2384ab7d60d4e72,confirmed,,Wave 22 재작업 확정(판정 2026-09-27) · 확인 그림,
wave23,wave23/candidates-20260928/assets/life_birds/crow_flight_sheet.png,5dbaa3b2134c4458b624f5b991c41745599f59ef2ca93fcc948f66952da40b33,confirmed,,Wave 23 마을 생활 새 확정(판정 2026-09-28) · 설치 때 작은 동물 1.6배 가독성 배율,INSTALL-23
wave23,wave23/candidates-20260928/assets/life_birds/pigeon_perched_a.png,209aba5b4ea256ef51f10c1934d635c515b7c3f0fd6d5b1684fad90e94afd7ef,confirmed,,Wave 23 마을 생활 새 확정(판정 2026-09-28) · 설치 때 작은 동물 1.6배 가독성 배율,INSTALL-23
wave23,wave23/candidates-20260928/assets/life_birds/pigeon_perched_b.png,7dbc079eb8037a260008ab91a781172e6351ba3f26d0c18c9d5a0be265f94215,confirmed,,Wave 23 마을 생활 새 확정(판정 2026-09-28) · 설치 때 작은 동물 1.6배 가독성 배율,INSTALL-23
wave23,wave23/candidates-20260928/assets/life_birds/sparrow_flight_sheet.png,d8971513f5776d3bdd0adb74c6a2d79987627eaf72facc6327e6eb3a15044b80,confirmed,,Wave 23 마을 생활 새 확정(판정 2026-09-28) · 설치 때 작은 동물 1.6배 가독성 배율,INSTALL-23
wave23,wave23/candidates-20260928/assets/life_ground/cat_idle_a.png,e2ca3aab06fed88d9d15a0bee0fcbbf072d7579e1f98da050ade702c5da1b0bb,confirmed,,Wave 23 마을 생활 동물 확정(판정 2026-09-28) · 설치 때 작은 동물 1.6배 가독성 배율,INSTALL-23
wave23,wave23/candidates-20260928/assets/life_ground/cat_idle_b.png,b647f9eecdf40768fdf7b91e4f5d394e00aac825a1b499a134ba1ba536197182,confirmed,,Wave 23 마을 생활 동물 확정(판정 2026-09-28) · 설치 때 작은 동물 1.6배 가독성 배율,INSTALL-23
wave23,wave23/candidates-20260928/assets/life_ground/chicken_flock_a.png,2a2c065cca551e71d165e40b3abf4415c760736cb41910df46f7e1d79b9cbc1c,confirmed,,Wave 23 마을 생활 동물 확정(판정 2026-09-28) · 설치 때 작은 동물 1.6배 가독성 배율,INSTALL-23
wave23,wave23/candidates-20260928/assets/life_ground/chicken_flock_b.png,2ae5a72a01278eccbd901fbe423b9b7d1ebbdbd36f53913a64c4c7cd11ce0c18,confirmed,,Wave 23 마을 생활 동물 확정(판정 2026-09-28) · 설치 때 작은 동물 1.6배 가독성 배율,INSTALL-23
wave23,wave23/candidates-20260928/assets/life_ground/chicken_flock_c.png,74716a11ade6ca13dcbdc7fb3cae46eebe4a771ad618445947d223171599fdea,confirmed,,Wave 23 마을 생활 동물 확정(판정 2026-09-28) · 설치 때 작은 동물 1.6배 가독성 배율,INSTALL-23
wave23,wave23/candidates-20260928/assets/life_ground/chicken_walk_sheet.png,8561a49b2555bb92217537d872065b7ea8659b911af73b3dab17167211d49eff,confirmed,,Wave 23 마을 생활 동물 확정(판정 2026-09-28) · 설치 때 작은 동물 1.6배 가독성 배율,INSTALL-23
wave23,wave23/candidates-20260928/assets/life_ground/village_dog_sleep.png,78c89e63ca3a658e1c77370d2970a53b9db25ab968265bc11972df4caa27a56f,confirmed,,Wave 23 마을 생활 동물 확정(판정 2026-09-28) · 설치 때 작은 동물 1.6배 가독성 배율,INSTALL-23
wave23,wave23/candidates-20260928/assets/life_ground/village_dog_walk_sheet.png,51de9f247b38a6d5a30980b900d1220002d21582eaac966f72983d7aed82851b,confirmed,,Wave 23 마을 생활 동물 확정(판정 2026-09-28) · 설치 때 작은 동물 1.6배 가독성 배율,INSTALL-23
wave23,wave23/candidates-20260928/assets/life_props/child_ball.png,4b38a69d59bc43cd76c8c3de5f6f317ce3b8fe3b9d4b5837759d9335ffba7527,confirmed,,Wave 23 마을 생활 소품 확정(판정 2026-09-28),INSTALL-23
wave23,wave23/candidates-20260928/assets/life_props/child_hoop.png,387d25355e4b84a2c0c244252fa7b8900d0d810d1fed9b80f3c7c3032fc4fb29,confirmed,,Wave 23 마을 생활 소품 확정(판정 2026-09-28),INSTALL-23
wave23,wave23/candidates-20260928/assets/life_props/child_wooden_sword.png,bc7deceb4e2b43eeccd202c5b31bf4babee7cf44b1bddf7bcd4b0772049989d9,confirmed,,Wave 23 마을 생활 소품 확정(판정 2026-09-28),INSTALL-23
wave23,wave23/candidates-20260928/assets/life_props/clothesline_a.png,4eedc2220affa5c568b408d93f43e6f5b0245b75b75437b5247e11068798b802,confirmed,,Wave 23 마을 생활 소품 확정(판정 2026-09-28),INSTALL-23
wave23,wave23/candidates-20260928/assets/life_props/clothesline_b.png,f0165c416b7654fef0736db8883d5b49a562cee49f54768d2957ba80b816c8f2,confirmed,,Wave 23 마을 생활 소품 확정(판정 2026-09-28),INSTALL-23
wave23,wave23/candidates-20260928/assets/life_props/doorstep_barrel.png,eae431c2410ae6e85b5edeb0bb4b750ecf842d84aae526e46a17e6a345ee8c67,confirmed,,Wave 23 마을 생활 소품 확정(판정 2026-09-28),INSTALL-23
wave23,wave23/candidates-20260928/assets/life_props/doorstep_chair.png,5be5bfe6fb2a0d1045a45d856cf1cd56ff31213371a7b976ffb47961d111f8a1,confirmed,,Wave 23 마을 생활 소품 확정(판정 2026-09-28),INSTALL-23
wave23,wave23/candidates-20260928/assets/life_props/well_bucket.png,d0d652f173a3a6b5ef5883c03418cb68b181e64b42d997b3865422e56dbfefc9,confirmed,,Wave 23 마을 생활 소품 확정(판정 2026-09-28),INSTALL-23
wave23,wave23/candidates-20260928/assets/pad/pad_a_32.png,436422857064556ededf84198ad176cd3651abb337bfa626dd23088c42b8acfe,confirmed,,Wave 23 패드 표시 확정(판정 2026-09-28),INSTALL-23
wave23,wave23/candidates-20260928/assets/pad/pad_a_48.png,1f7bc902545d48eec0fa425f30fee24a87ddeb153e19919d70b15f03d312b840,confirmed,,Wave 23 패드 표시 확정(판정 2026-09-28),INSTALL-23
wave23,wave23/candidates-20260928/assets/pad/pad_b_32.png,2b51d366e5750736c13669da198aa3b9c26a2495fffe9f8e7401d17375c6f7fc,confirmed,,Wave 23 패드 표시 확정(판정 2026-09-28),INSTALL-23
wave23,wave23/candidates-20260928/assets/pad/pad_b_48.png,7f898983c8857c09bf9ea1c843497f61bbdfd888e0a2b41f1573ef067e03c174,confirmed,,Wave 23 패드 표시 확정(판정 2026-09-28),INSTALL-23
wave23,wave23/candidates-20260928/assets/pad/pad_dpad_32.png,1a06132b8eb5aaada5655c9190fe669a4cf9fb0a2127ac24158d86012b9be787,confirmed,,Wave 23 패드 표시 확정(판정 2026-09-28),INSTALL-23
wave23,wave23/candidates-20260928/assets/pad/pad_dpad_48.png,c6c325fad21ed35e82a5e76ec93ab798e9fbd6ac9e72b39a928886622c6af4b3,confirmed,,Wave 23 패드 표시 확정(판정 2026-09-28),INSTALL-23
wave23,wave23/candidates-20260928/assets/pad/pad_menu_32.png,9a0cc79d455a59ebab618f6ca58ceff777944bf3019d07e926649733394c0e8e,confirmed,,Wave 23 패드 표시 확정(판정 2026-09-28),INSTALL-23
wave23,wave23/candidates-20260928/assets/pad/pad_menu_48.png,3f5ab2bf0c1be9a27a219426de43baf6295bc39ac145f40ac5de6bc49dac7b6d,confirmed,,Wave 23 패드 표시 확정(판정 2026-09-28),INSTALL-23
wave23,wave23/candidates-20260928/assets/pad/pad_shoulder_32.png,46c4314216a8974e5c39514d0e1874b4ce55ed4463f95b932fea51f2b062dcdb,confirmed,,Wave 23 패드 표시 확정(판정 2026-09-28),INSTALL-23
wave23,wave23/candidates-20260928/assets/pad/pad_shoulder_48.png,1ccf310a92af7f5c34b792cec209680c3b286ec8a2363d53611be0e8c4827b08,confirmed,,Wave 23 패드 표시 확정(판정 2026-09-28),INSTALL-23
wave23,wave23/candidates-20260928/assets/pad/pad_stick_press_32.png,2d2c8402d015744af61b356e52a11a4e48718743226f6459b01b60ce46ed178f,confirmed,,Wave 23 패드 표시 확정(판정 2026-09-28),INSTALL-23
wave23,wave23/candidates-20260928/assets/pad/pad_stick_press_48.png,50494022ad33935bb56a88945c45b2719ee6a6291cee1acd430f5a9f5de422c3,confirmed,,Wave 23 패드 표시 확정(판정 2026-09-28),INSTALL-23
wave23,wave23/candidates-20260928/assets/pad/pad_trigger_32.png,9d5acdb909a2b20ba66c6fefd56983e321a1326fa5d8a6794786a97d93450f6b,confirmed,,Wave 23 패드 표시 확정(판정 2026-09-28),INSTALL-23
wave23,wave23/candidates-20260928/assets/pad/pad_trigger_48.png,b9e8e84e15b5285c1f25ad42d0e031082b6003f6c6e6fe45ab96b4af20ba62a8,confirmed,,Wave 23 패드 표시 확정(판정 2026-09-28),INSTALL-23
wave23,wave23/candidates-20260928/assets/pad/pad_view_32.png,d9f61f3ca2600812744abcf26bf790d2f2f59f651dd150231078e63d067c8492,confirmed,,Wave 23 패드 표시 확정(판정 2026-09-28),INSTALL-23
wave23,wave23/candidates-20260928/assets/pad/pad_view_48.png,9b29049be4f700c5f25db0e774f606aeb5bce03fac8a9831b05f6caccced50b6,confirmed,,Wave 23 패드 표시 확정(판정 2026-09-28),INSTALL-23
wave23,wave23/candidates-20260928/assets/pad/pad_x_32.png,47de396ceca01543a922dd05e0bd6381136768bb04515a216c497c69bcc467c9,confirmed,,Wave 23 패드 표시 확정(판정 2026-09-28),INSTALL-23
wave23,wave23/candidates-20260928/assets/pad/pad_x_48.png,081d69f306c09e6dc11a46068ef37637c359d2304c3d1586226aa995517ff869,confirmed,,Wave 23 패드 표시 확정(판정 2026-09-28),INSTALL-23
wave23,wave23/candidates-20260928/assets/pad/pad_y_32.png,3d92114651c951fe0b2d526840fb02940e04bfcf519b857b314926dd1615184b,confirmed,,Wave 23 패드 표시 확정(판정 2026-09-28),INSTALL-23
wave23,wave23/candidates-20260928/assets/pad/pad_y_48.png,a43dfce0cd64730e2be677714ea28bbba2f59f2e839785c2e0e378f8758733b2,confirmed,,Wave 23 패드 표시 확정(판정 2026-09-28),INSTALL-23
wave23,wave23/candidates-20260928/assets/person_state/bailiff_48.png,935ae32445d7ff7a79d6b0274f904862710f7b0399390356bea61b24afc3272e,confirmed,,Wave 23 인물 상태 장식 확정(판정 2026-09-28),INSTALL-23
wave23,wave23/candidates-20260928/assets/person_state/bailiff_96.png,aba6aa3e2abcad15c10c27dd0d2a4d42815e0ae86d4a7e14bf2260449cee6bff,confirmed,,Wave 23 인물 상태 장식 확정(판정 2026-09-28),INSTALL-23
wave23,wave23/candidates-20260928/assets/person_state/dead_48.png,0f043980dd0b9aa9f3442cf0bda4f5013f47ac08f2f25b78a96dc2f26fed74f5,confirmed,,Wave 23 인물 상태 장식 확정(판정 2026-09-28),INSTALL-23
wave23,wave23/candidates-20260928/assets/person_state/dead_96.png,4659e965c46f96831378b080537b30b5f0868c9f1bac0ebaff31f213e7e47f53,confirmed,,Wave 23 인물 상태 장식 확정(판정 2026-09-28),INSTALL-23
wave23,wave23/candidates-20260928/assets/person_state/hunger_48.png,4b4f19fc2b32386b616a410b5a4004908d6f7155b5fd0ea398cbb1fc61f0becf,confirmed,,Wave 23 인물 상태 장식 확정(판정 2026-09-28),INSTALL-23
wave23,wave23/candidates-20260928/assets/person_state/hunger_96.png,f805c642eae0947831ee52be1c7aaf2030ea97f2ebb8513e8b0a8d14ebe2aafe,confirmed,,Wave 23 인물 상태 장식 확정(판정 2026-09-28),INSTALL-23
wave23,wave23/candidates-20260928/assets/person_state/injury_48.png,ad2ccb7dea4724981401dc861e652cf34a1848bbf61d0493a143c7b840618957,confirmed,,Wave 23 인물 상태 장식 확정(판정 2026-09-28),INSTALL-23
wave23,wave23/candidates-20260928/assets/person_state/injury_96.png,7d21afe33e0ac95aa41d8184e7c6f9089f976d4d63200fef1cf2df59d5ab6e7f,confirmed,,Wave 23 인물 상태 장식 확정(판정 2026-09-28),INSTALL-23
wave23,wave23/candidates-20260928/assets/person_state/marriage_48.png,b2bfc7a3c58e080e264474f520d2f46d84a4d0c728b700777e6541bc356c6a0f,confirmed,,Wave 23 인물 상태 장식 확정(판정 2026-09-28),INSTALL-23
wave23,wave23/candidates-20260928/assets/person_state/marriage_96.png,ba6fea32c51ddd08e0273d2241351b0e9c67672e26fa016637f99afc320c0613,confirmed,,Wave 23 인물 상태 장식 확정(판정 2026-09-28),INSTALL-23
wave23,wave23/candidates-20260928/assets/person_state/mourning_48.png,d3f86355d660067379375acb30d25060845020393065f086e43650b7fdeac112,confirmed,,Wave 23 인물 상태 장식 확정(판정 2026-09-28),INSTALL-23
wave23,wave23/candidates-20260928/assets/person_state/mourning_96.png,80ad892108bcba36df87351b87d694beff29a3add27259a9bebea941af068f45,confirmed,,Wave 23 인물 상태 장식 확정(판정 2026-09-28),INSTALL-23
wave23,wave23/candidates-20260928/assets/person_state/newborn_48.png,ea28e260e991f23ce22888a0f851e022d74288ce7f5fd5bae572c56509b3621f,confirmed,,Wave 23 인물 상태 장식 확정(판정 2026-09-28) · 부모 초상용 '아이를 얻음'으로 사용(이름 변경 예정),INSTALL-23
wave23,wave23/candidates-20260928/assets/person_state/newborn_96.png,c178fe3e24aa11d31ee4bd708ed170741f896c77755ec4402575db354a2713a0,confirmed,,Wave 23 인물 상태 장식 확정(판정 2026-09-28) · 부모 초상용 '아이를 얻음'으로 사용(이름 변경 예정),INSTALL-23
wave23,wave23/candidates-20260928/assets/person_state/pilgrim_48.png,4edf2d7bfabaa6629faffe7e88d584a7174cbb82e37dc6f9b19353b1c5ab29bf,confirmed,,Wave 23 인물 상태 장식 확정(판정 2026-09-28),INSTALL-23
wave23,wave23/candidates-20260928/assets/person_state/pilgrim_96.png,d3686f47d18abf161fdd9c9570dc6a59bc7d1bc9a6fd7e4739948e8aa536a743,confirmed,,Wave 23 인물 상태 장식 확정(판정 2026-09-28),INSTALL-23
wave23,wave23/candidates-20260928/assets/person_state/pregnant_48.png,c999487593c1e989253f619aef2fd598ebbe2fa1c99091b0d238d622eecc043a,confirmed,,Wave 23 인물 상태 장식 확정(판정 2026-09-28),INSTALL-23
wave23,wave23/candidates-20260928/assets/person_state/pregnant_96.png,1fb0986029f56003a5c5ccc0892e83325852881ef7b6c64bb034d3884f8d83d3,confirmed,,Wave 23 인물 상태 장식 확정(판정 2026-09-28),INSTALL-23
wave23,wave23/candidates-20260928/assets/person_state/reeve_48.png,ded9b1c015452e07810272b306f3eb58756e4e08d8fb04c5bcf358c0cd04c416,confirmed,,Wave 23 인물 상태 장식 확정(판정 2026-09-28),INSTALL-23
wave23,wave23/candidates-20260928/assets/person_state/reeve_96.png,754ad8fdfb36998c6f68b72845b7740d3695b9056377f8c8845b778a9d68af17,confirmed,,Wave 23 인물 상태 장식 확정(판정 2026-09-28),INSTALL-23
wave23,wave23/candidates-20260928/assets/person_state/sick_48.png,514b972fff0bdef3a83e7dd1f261ce4967a42b51ada35794c9f51b32a03ba718,confirmed,,Wave 23 인물 상태 장식 확정(판정 2026-09-28),INSTALL-23
wave23,wave23/candidates-20260928/assets/person_state/sick_96.png,1c4d954d39ecdb5f31176f9dc03d27dfb8aa8809b28a31ea3b861de50c167637,confirmed,,Wave 23 인물 상태 장식 확정(판정 2026-09-28),INSTALL-23
wave23,wave23/candidates-20260928/assets/person_state/steward_48.png,eee23497f0fe05aa3f8b1f22ec4778d245bbf042be826f10beebcc6f357f9d64,confirmed,,Wave 23 인물 상태 장식 확정(판정 2026-09-28),INSTALL-23
wave23,wave23/candidates-20260928/assets/person_state/steward_96.png,a86edc2c292dbbe737ba849fde1721e47b545da76da4ed7f21f8f3aadb0d4c2c,confirmed,,Wave 23 인물 상태 장식 확정(판정 2026-09-28),INSTALL-23
wave23,wave23/candidates-20260928/assets/royal/arms_royal_england_1340_256.png,8d9205aee202c605dfaf57de99639ccdf1ae2c545efc18158bf7cbc52a1b9ca9,confirmed,,Wave 23 왕실 문장 확정(판정 2026-09-28),INSTALL-23
wave23,wave23/candidates-20260928/assets/royal/arms_royal_england_1340_96.png,1cc67d2fb65252c7b2cc7bfb70bc6ebadbab13580f958b9071d5b17ffbbe3539,confirmed,,Wave 23 왕실 문장 확정(판정 2026-09-28),INSTALL-23
wave23,wave23/candidates-20260928/assets/royal/arms_royal_england_pre1340_256.png,7ee87bb3c9431db348a137953635d7faebe29433cdf55529b70dda228ed574b0,confirmed,,Wave 23 왕실 문장 확정(판정 2026-09-28),INSTALL-23
wave23,wave23/candidates-20260928/assets/royal/arms_royal_england_pre1340_96.png,8272a332f9b1b3896b9b747c0a8b5368fe434608d39c914830daaa77f83e2375,confirmed,,Wave 23 왕실 문장 확정(판정 2026-09-28),INSTALL-23
wave23,wave23/candidates-20260928/assets/weather/cloud_shadow_a.png,e4dfd75d9d447ee2bd4073208ea1b9a475e3d456bcff920a8acc49cc01e7ecd1,confirmed,,Wave 23 날씨 확정(판정 2026-09-28) · 설치 때 세기 조정,INSTALL-23
wave23,wave23/candidates-20260928/assets/weather/cloud_shadow_b.png,4c843f0710d4359c38299cd04d419f38a535e32547cb3542928b6cc2bd3fb63c,confirmed,,Wave 23 날씨 확정(판정 2026-09-28) · 설치 때 세기 조정,INSTALL-23
wave23,wave23/candidates-20260928/assets/weather/drizzle_sheet.png,fccc97c4e354a128ee386ba8ca46a65443c7996dfeed74bb562b985c73a926c1,confirmed,,Wave 23 날씨 확정(판정 2026-09-28) · 설치 때 세기 조정,INSTALL-23
wave23,wave23/candidates-20260928/assets/weather/dry_dust_a.png,a18cd4f560eebe1e1c81c5ef39f82e4bd08e6f914efe1d6b93911ce7fde6603b,confirmed,,Wave 23 날씨 확정(판정 2026-09-28) · 설치 때 세기 조정,INSTALL-23
wave23,wave23/candidates-20260928/assets/weather/dry_dust_b.png,e1eca92ecbeb9cd148014d12bc0966e327af5cc2b4b79c52dcfdb3fc401f36c5,confirmed,,Wave 23 날씨 확정(판정 2026-09-28) · 설치 때 세기 조정,INSTALL-23
wave23,wave23/candidates-20260928/assets/weather/fog_bank_a.png,bab50ebfe2ec06ef83bf730f377054c1d07910721435cd788d2fd784768c1a53,confirmed,,Wave 23 날씨 확정(판정 2026-09-28) · 설치 때 세기 조정,INSTALL-23
wave23,wave23/candidates-20260928/assets/weather/fog_bank_b.png,f809ba976050100991944ff5dd77c92c55aa3327c2939c47f851decab350f33f,confirmed,,Wave 23 날씨 확정(판정 2026-09-28) · 설치 때 세기 조정,INSTALL-23
wave23,wave23/candidates-20260928/assets/weather/fog_bank_c.png,d610469705d952deb40a43918bffe25e829753289372a42477201076fa6723c5,confirmed,,Wave 23 날씨 확정(판정 2026-09-28) · 설치 때 세기 조정,INSTALL-23
wave23,wave23/candidates-20260928/assets/weather/frost_morning_tint.png,b3bffbb8830676041715c21b9319362884f18646db32eabe39fbd6e8d7671ad6,confirmed,,Wave 23 날씨 확정(판정 2026-09-28) · 설치 때 세기 조정,INSTALL-23
wave23,wave23/candidates-20260928/assets/weather/heat_cracked_ground.png,7b07e69ae11265ab4dcfb44463c4b57eb71feb010fbc4de212e6f425f553514c,confirmed,,Wave 23 날씨 확정(판정 2026-09-28) · 설치 때 세기 조정,INSTALL-23
wave23,wave23/candidates-20260928/assets/weather/overcast_tint.png,0af10e8a53c7232cbaa9205713dbf3eca0041d428d9e6cae2990118b2866d57d,confirmed,,Wave 23 날씨 확정(판정 2026-09-28) · 설치 때 세기 조정,INSTALL-23
wave23,wave23/candidates-20260928/assets/weather/puddle_ripple_sheet.png,a50734656c88ec36758e8cae86211efc318bcaba1692df39cedaa3b79c6baa0f,confirmed,,Wave 23 날씨 확정(판정 2026-09-28) · 설치 때 세기 조정,INSTALL-23
wave23,wave23/candidates-20260928/assets/weather/storm_rain_sheet.png,213890ebbec37403154abb5bcd82847b8b8ef83da4870332f9665c7459470d99,confirmed,,Wave 23 날씨 확정(판정 2026-09-28) · 설치 때 세기 조정,INSTALL-23
wave23,wave23/candidates-20260928/assets/weather/wet_ground_sheen.png,73140e0d7c3a89bd75dbc61ac9ce054667b2fbddf19c99e07737505eae0d1daf,confirmed,,Wave 23 날씨 확정(판정 2026-09-28) · 설치 때 세기 조정,INSTALL-23
wave23,wave23/candidates-20260928/proofs/02-life.png,2b3536e4ac7c28c32ee086c9742a9a3c1a055349df231651df626685167c7218,confirmed,,Wave 23 확인 그림(판정 2026-09-28),
wave23,wave23/candidates-20260928/proofs/03-portrait-states.png,80d40126f3e7f291a1b54a0d5e815a948ebe8e7138dc73ee0b22417afd708495,confirmed,,Wave 23 확인 그림(판정 2026-09-28),
wave23,wave23/candidates-20260928/proofs/04-royal-pad.png,9ecb880ca0e297de52eb57c3bf12aca72d6102a945de1459bd22b0058ff6073a,confirmed,,Wave 23 확인 그림(판정 2026-09-28),
wave23,wave23/candidates-20260928/proofs/proof01-weather.png,dba65884515bfddcc2a394e1a14ba70dc8294dd5084f3221c39a141d74f54dcd,confirmed,,Wave 23 확인 그림(판정 2026-09-28),
wave23,wave23/candidates-20260928/records/life-birds-alpha-qa.png,8a7712bd8032071e025a26bc1a6b89b4406ab2f0fab1d63129950e5b897d4ca1,confirmed,,Wave 23 기록 그림(판정 2026-09-28),
wave23,wave23/candidates-20260928/records/life-birds-animation-crow_flight_sheet/0.png,24d93b9079e1d0fd794de6d0e00f82586efffe22390ed99baf91856af9c6197c,confirmed,,Wave 23 기록 그림(판정 2026-09-28),
wave23,wave23/candidates-20260928/records/life-birds-animation-crow_flight_sheet/1.png,514e5c085c5db69bc6656c61b9bf5e92cba2f9605a93f4f60f79231189ce2df5,confirmed,,Wave 23 기록 그림(판정 2026-09-28),
wave23,wave23/candidates-20260928/records/life-birds-animation-crow_flight_sheet/2.png,d2a37587505beff66ffe48af3518c099f11363a53dc9492236c1b5fb6e9f4475,confirmed,,Wave 23 기록 그림(판정 2026-09-28),
wave23,wave23/candidates-20260928/records/life-birds-animation-crow_flight_sheet/3.png,46f59f4f94d07b8d3677855dc5e2dcb297102540d00bd337703807c8189feb4c,confirmed,,Wave 23 기록 그림(판정 2026-09-28),
wave23,wave23/candidates-20260928/records/life-birds-animation-sparrow_flight_sheet/0.png,eee5c0ad552412c5f4438d4d9a2e08881f8c97a47be8f7c90a8ff8310c4ad8cb,confirmed,,Wave 23 기록 그림(판정 2026-09-28),
wave23,wave23/candidates-20260928/records/life-birds-animation-sparrow_flight_sheet/1.png,b449162eb4d137ba4ff1a5fc4a160df492e5dcb2ed83b653e9ea46763fbbc3ac,confirmed,,Wave 23 기록 그림(판정 2026-09-28),
wave23,wave23/candidates-20260928/records/life-birds-animation-sparrow_flight_sheet/2.png,625c8924bb74a48d969ed7976f0e24735d5cbdb4d0a92520188a9b78bbf8b452,confirmed,,Wave 23 기록 그림(판정 2026-09-28),
wave23,wave23/candidates-20260928/records/life-birds-animation-sparrow_flight_sheet/3.png,464ad0ea7c6b4e3fb5d9d70853c1a35417d4bbc6b7bb17ecdf49bdb8cb1d8095,confirmed,,Wave 23 기록 그림(판정 2026-09-28),
wave23,wave23/candidates-20260928/records/life-birds-contact.png,f766f43503c7d66612154899e187a9b6ce40f9653d33910d52290f14fffab2a7,confirmed,,Wave 23 기록 그림(판정 2026-09-28),
wave23,wave23/candidates-20260928/records/life-ground-cattle-measure.png,fa28d3c98558929d412e348677d05181b65253d39d0b8f89fc1499e83964873e,confirmed,,Wave 23 기록 그림(판정 2026-09-28),
wave23,wave23/candidates-20260928/records/life-ground-chicken_walk_sheet-0-protected.png,080f9e20e96e72f58820f72fbd207a511e1a3f3ed9f3a3d70e6103a7c3948ddf,confirmed,,Wave 23 기록 그림(판정 2026-09-28),
wave23,wave23/candidates-20260928/records/life-ground-chicken_walk_sheet-1-protected.png,c32b64ba8a808900cb5ffba54a44049f6e3a6816b92c88c529545578544f2c97,confirmed,,Wave 23 기록 그림(판정 2026-09-28),
wave23,wave23/candidates-20260928/records/life-ground-chicken_walk_sheet-normalized.png,a282ac6da57de175a0a139ada0e475ae2787779f6d1230b4385319fc14ba7f51,confirmed,,Wave 23 기록 그림(판정 2026-09-28),
wave23,wave23/candidates-20260928/records/life-ground-dog-enlarged.png,b48ad2987bf5095d3c75861802463d5e74f3ae9e45b0e572561985f2c95d0e47,confirmed,,Wave 23 기록 그림(판정 2026-09-28),
wave23,wave23/candidates-20260928/records/life-ground-review.png,acdf202f0c70b115f47965854d77d9266fe2768340547cb9a9ffb87a8bde5cca,confirmed,,Wave 23 기록 그림(판정 2026-09-28),
wave23,wave23/candidates-20260928/records/life-ground-static-contact.png,ae50f14a3ba99e1e827efaf48d2e2e01b3152a496ca2332199bcec5df52b7247,confirmed,,Wave 23 기록 그림(판정 2026-09-28),
wave23,wave23/candidates-20260928/records/life-ground-village_dog_walk_sheet-0-protected.png,a82f73bf3af1c0ca2fa33dacc00d5569884e7648b2e04e10c59db697164dcb26,confirmed,,Wave 23 기록 그림(판정 2026-09-28),
wave23,wave23/candidates-20260928/records/life-ground-village_dog_walk_sheet-1-protected.png,927b9442cb084898e5ce44752ac00ad91474de6a26eeeb4abb53d77692bade23,confirmed,,Wave 23 기록 그림(판정 2026-09-28),
wave23,wave23/candidates-20260928/records/life-ground-village_dog_walk_sheet-2-protected.png,4e5a3fc4fd0f16adcd46ab869c746edc5742e39951904c88744287eb52ffa3ba,confirmed,,Wave 23 기록 그림(판정 2026-09-28),
wave23,wave23/candidates-20260928/records/life-ground-village_dog_walk_sheet-3-protected.png,01185d9f79f76893c12f5a6fd96461c9e5430fbb92ffde145e0ea4bd714fa3eb,confirmed,,Wave 23 기록 그림(판정 2026-09-28),
wave23,wave23/candidates-20260928/records/life-ground-village_dog_walk_sheet-normalized.png,ed7223d5660182a616fe13f4a2f54f08c249b6b04b0b830ad130c51eadda4f2a,confirmed,,Wave 23 기록 그림(판정 2026-09-28),
wave23,wave23/candidates-20260928/records/life-props-contact.png,609e7c4ac1ceae0a329d1e8e1bc123dbf94e4bcd406d64ca0d7f4aec533f5702,confirmed,,Wave 23 기록 그림(판정 2026-09-28),
wave23,wave23/candidates-20260928/records/life-scene-composite.png,498117a34906e9e494139a7734efc3c924c42a035b35df0bc9d0b42c4918bcfd,confirmed,,Wave 23 기록 그림(판정 2026-09-28),
wave23,wave23/candidates-20260928/records/person-state-pilot-contact.png,ce2d950527b6d947376e6e9d2a023a8aa3b0653afa856631c40d1b41bb014292,confirmed,,Wave 23 기록 그림(판정 2026-09-28),
wave23,wave23/candidates-20260928/records/person-state-portrait-candidates.png,2f8ccf5918fbb004aef9952cc10ef38424d5f813d5b291b1f1be320013c4442e,confirmed,,Wave 23 기록 그림(판정 2026-09-28),
wave23,wave23/candidates-20260928/records/weather-cap-check.png,869bb32759adceeaa5cd48cf55c399a374306aa714dd1de1c754408c22d4d70e,confirmed,,Wave 23 기록 그림(판정 2026-09-28),
wave23,wave23/candidates-20260928/records/weather-clear-1x.png,38ab4d7688aaad2834edc32ab5c6ed7bbc984f974566566b5011385b41e75c56,confirmed,,Wave 23 기록 그림(판정 2026-09-28),
wave23,wave23/candidates-20260928/records/weather-cold-1x.png,48e8c3e3c0ce36d08616104a6f83329b543b4dba868e9b87cb061f2e0f687eca,confirmed,,Wave 23 기록 그림(판정 2026-09-28),
wave23,wave23/candidates-20260928/records/weather-combined-cap038.png,62f9a879a0f1e500ccdf0cc28018a331170e7cc91bcc36ce09d52a0d1d170bfb,confirmed,,Wave 23 기록 그림(판정 2026-09-28),
wave23,wave23/candidates-20260928/records/weather-dry-1x.png,072f13cf3e99a217e263002f5e79bbb03d9af1e16ed6f642e1b61f69663ec244,confirmed,,Wave 23 기록 그림(판정 2026-09-28),
wave23,wave23/candidates-20260928/records/weather-light-dark.png,9ab57d35cce9e8bfa7cb83095b5dced66fe2eccbf3ace1443cef873978e11ffb,confirmed,,Wave 23 기록 그림(판정 2026-09-28),
wave23,wave23/candidates-20260928/records/weather-repeat-3x3.png,5aacdfd6ac453857f35a9fd2129594afd916b9d0d55b7182c067a18e135283fa,confirmed,,Wave 23 기록 그림(판정 2026-09-28),
wave23,wave23/candidates-20260928/records/weather-wet-1x.png,ebd1b43daec00de9f96111fd58d491db9459115e9d7f9a1a2c65e74871658a2b,confirmed,,Wave 23 기록 그림(판정 2026-09-28),
wave24,wave24/candidates-20260928/assets/exports/steam_app_icon.jpg,d7fa0df40f23d0e98ae84b10a4826d8f8af73ded2038284a8f38d518bdedb074,confirmed,,Wave 24 Steam 앱 아이콘 JPG(어두운 배경 합성 파생본) 확정(판정 2026-09-28),
wave24,wave24/candidates-20260928/assets/steam_app_icon.png,6c57ca76e598bf5751b70fffd0fce9ce1ef85342337740d391948a4d2c13f8b4,superseded,wave24/processed-20260928/assets/steam_app_icon.png,Wave 24 Steam 상점 원화 확정(판정 2026-09-28) · 2026-09-28 알파 8 미만 정리본으로 교체(wave24/processed-20260928/assets/steam_app_icon.png),
wave24,wave24/candidates-20260928/assets/steam_header_capsule.png,429a4933d1c549c0d8dd46a4a44233ca4ea32aa219391207cdb9a32b26b316bf,confirmed,,Wave 24 Steam 상점 원화 확정(판정 2026-09-28),
wave24,wave24/candidates-20260928/assets/steam_library_capsule.png,5e9bdd6da5d98651e20da0762afbe13701bc6a1ee1168464311aa00f0c2e213b,confirmed,,Wave 24 Steam 상점 원화 확정(판정 2026-09-28),
wave24,wave24/candidates-20260928/assets/steam_library_hero.png,8eec94003e511e2eab9313bb64529b77d942e826f4b97a144a3fcc6679b0bb7f,superseded,wave24/processed-20260928/assets/steam_library_hero.png,Wave 24 Steam 상점 원화 확정(판정 2026-09-28) · AI 업스케일 재처리 예정(단순 확대본) · 2026-09-28 Real-ESRGAN x2plus 확대본으로 교체(wave24/processed-20260928/assets/steam_library_hero.png),
wave24,wave24/candidates-20260928/assets/steam_library_logo_emblem.png,7e93114806fe3ffd3a1ff15018f87d415cde4000eabd85b87847ac189821ee5b,superseded,wave24/processed-20260928/assets/steam_library_logo_emblem.png,Wave 24 Steam 상점 원화 확정(판정 2026-09-28) · 알파 8 미만 잔여 픽셀 정리 예정 · 2026-09-28 알파 8 미만 정리본으로 교체(wave24/processed-20260928/assets/steam_library_logo_emblem.png),
wave24,wave24/candidates-20260928/assets/steam_main_capsule.png,832b33f5d564615a891fd1984d32828aa65ed81e877302fa7a56e31c372e19c9,confirmed,,Wave 24 Steam 상점 원화 확정(판정 2026-09-28),
wave24,wave24/candidates-20260928/assets/steam_page_background.png,dee370dbea6a6e2affa760710c1032197ae7ae8ceb2d5888dac196b5280ce09a,confirmed,,Wave 24 Steam 상점 원화 확정(판정 2026-09-28),
wave24,wave24/candidates-20260928/assets/steam_shortcut_icon.png,f3dac2a0e0ba8ef386b9556955ee143dd2984da6b67b2321f517f2efcb262981,superseded,wave24/processed-20260928/assets/steam_shortcut_icon.png,Wave 24 Steam 상점 원화 확정(판정 2026-09-28) · 2026-09-28 알파 8 미만 정리본으로 교체(wave24/processed-20260928/assets/steam_shortcut_icon.png),
wave24,wave24/candidates-20260928/assets/steam_small_capsule.png,51f6d053aa814318acf0a6cb653c42e048e754bc4b4d6c7201b3ebd60c3c562e,confirmed,,Wave 24 Steam 상점 원화 확정(판정 2026-09-28),
wave24,wave24/candidates-20260928/assets/steam_vertical_capsule.png,7011d364119938fd8c6a34e480e0629850875b2819976fa9fb78ce8b0ec8e0bd,confirmed,,Wave 24 Steam 상점 원화 확정(판정 2026-09-28),
wave24,wave24/candidates-20260928/proofs/01-capsules-size-check.png,35f819430716f1b0cb64783bc375f5b42d59eea01957f7564d52aae901b5ab37,confirmed,,Wave 24 확인 그림(판정 2026-09-28),
wave24,wave24/candidates-20260928/proofs/02-library-mock.png,9ae77292b60150592ebff387ad99a15427f80b28130693123fd0759fe5abce6d,confirmed,,Wave 24 확인 그림(판정 2026-09-28),
wave24,wave24/candidates-20260928/proofs/guides/steam_app_icon_safe_zone.png,32c6c4d2be9bc5b9f19077a40e8ae36033ebaa0765ec3b07bdb3eaf0b9076b35,confirmed,,Wave 24 안전 영역 가이드 확정(판정 2026-09-28),
wave24,wave24/candidates-20260928/proofs/guides/steam_header_capsule_safe_zone.png,0a3cb3d773d48ccc3cebc36e41a50841464a47b1554dc08d874d08076a6f2633,confirmed,,Wave 24 안전 영역 가이드 확정(판정 2026-09-28),
wave24,wave24/candidates-20260928/proofs/guides/steam_library_capsule_safe_zone.png,987500508f6ef0d49e0c0b65c5419f90be1448b33d3e3ed5f1001f809f240994,confirmed,,Wave 24 안전 영역 가이드 확정(판정 2026-09-28),
wave24,wave24/candidates-20260928/proofs/guides/steam_library_hero_safe_zone.png,519e87d6846a2069661f95f5ac2a54db0c8c9fbf226e1959a27999252409f872,confirmed,,Wave 24 안전 영역 가이드 확정(판정 2026-09-28),
wave24,wave24/candidates-20260928/proofs/guides/steam_library_logo_emblem_safe_zone.png,b22ca265b5f664a1a7fb420adad8190bfe2ab947bd468ee929b4192f6406d19e,confirmed,,Wave 24 안전 영역 가이드 확정(판정 2026-09-28),
wave24,wave24/candidates-20260928/proofs/guides/steam_main_capsule_safe_zone.png,f606c0c1b7268b73499a76a457209f697fcfa8f5f3a1e09903b307a05327f2e4,confirmed,,Wave 24 안전 영역 가이드 확정(판정 2026-09-28),
wave24,wave24/candidates-20260928/proofs/guides/steam_page_background_safe_zone.png,813dc2bcbc4a1e29143b876de41f9aaf95a7740eac7f72763ea2c402f81a5419,confirmed,,Wave 24 안전 영역 가이드 확정(판정 2026-09-28),
wave24,wave24/candidates-20260928/proofs/guides/steam_shortcut_icon_safe_zone.png,402bfccf59729f6a46bcfc2650067ba911dce4f459ba098243a911b28a2ec371,confirmed,,Wave 24 안전 영역 가이드 확정(판정 2026-09-28),
wave24,wave24/candidates-20260928/proofs/guides/steam_small_capsule_safe_zone.png,6e662740ce3aa360ea2dca7e1654212bb107cd023343fd3acbbda1e36d08f0ad,confirmed,,Wave 24 안전 영역 가이드 확정(판정 2026-09-28),
wave24,wave24/candidates-20260928/proofs/guides/steam_vertical_capsule_safe_zone.png,d05cf38e986f02260ab38a3c005b0cab4d67379300e0583b05650696f61cc4be,confirmed,,Wave 24 안전 영역 가이드 확정(판정 2026-09-28),
wave24,wave24/candidates-20260928/records/csv-preview.png,1bdaaa9fbef210301f129142050f6f14bb44ecc76b06568faa8801f1f9528d27,confirmed,,Wave 24 기록 그림(판정 2026-09-28) · 작업 폴더에만 있던 검수 그림,
wave24,wave24/candidates-20260928/records/emblem-alpha-check.png,ab6adaa0ee1769a56dff059111788d596da1ea55600cd3af35830982c6ec7085,confirmed,,Wave 24 기록 그림(판정 2026-09-28) · 작업 폴더에만 있던 검수 그림,
wave24,wave24/candidates-20260928/records/small-120x45.png,0ff5e4ed9a25e68869a205f27227021a6dfb6ab33ca4368a73a2e40c71daa7dd,confirmed,,Wave 24 기록 그림(판정 2026-09-28) · 작업 폴더에만 있던 검수 그림,
wave24,wave24/candidates-20260928/records/small-proof-crop.png,685c2fec4006a225c91b13b3ef1023087842f35da0293acdb890c5219f768f3c,confirmed,,Wave 24 기록 그림(판정 2026-09-28) · 작업 폴더에만 있던 검수 그림,
wave24,wave24/processed-20260928/assets/steam_app_icon.png,5a3154ec637d784b1e6a70d67f729a7045a85be04940d7a3903d0d68e4e448ef,confirmed,,"Wave 24 앱 아이콘 PNG 후처리 확정(2026-09-28, 사용자 지시): 알파 8 미만 1,052픽셀 → RGBA (0,0,0,0), 나머지 픽셀 동일 · 사용자 판정(2026-09-28): 아이콘 원본 대체 유지",
wave24,wave24/processed-20260928/assets/steam_library_hero.png,0dcf08db6dc08dcd89e6d4cbef9a23d64037202c051e5f4509b7640179b6c4fe,confirmed,,"Wave 24 히어로 후처리 확정(2026-09-28, 사용자 지시): 생성 원본 hero-native-v4 2152×731 → Real-ESRGAN x2plus(DGX GPU) → Lanczos cover 3840×1240, 구도는 납품본과 같음. 붓질 질감은 납품본보다 매끈함(비교: proofs/hero-upscale-comparison-100pct.jpg) · 사용자 판정(2026-09-28): Steam 히어로는 이 AI 확대본으로 올린다(큰 화면에서는 단순 확대본의 흐린 윤곽이 더 거슬림)",
wave24,wave24/processed-20260928/assets/steam_library_logo_emblem.png,9ca9738c25230cb34f96d9a24f16bb15ff3c00488105cf6200161cecc56a1fc1,confirmed,,"Wave 24 엠블럼 후처리 확정(2026-09-28, 사용자 지시): 알파 8 미만 16,541픽셀 → RGBA (0,0,0,0), 나머지 픽셀 동일",
wave24,wave24/processed-20260928/assets/steam_shortcut_icon.png,65a369ca05c666715aded8edcaca5d17d29f2597a335e0741c5601d4bd19a96b,confirmed,,"Wave 24 바로가기 아이콘 후처리 확정(2026-09-28, 사용자 지시): 알파 8 미만 1,761픽셀 → RGBA (0,0,0,0), 나머지 픽셀 동일 · 사용자 판정(2026-09-28): 아이콘 원본 대체 유지",
wave24,wave24/processed-20260928/proofs/hero-upscale-comparison-100pct.jpg,718330fbcacae05daa7e0f0efddbce75dcf96e793b52028fa7d2a6533b5c0bde,confirmed,,"Wave 24 히어로 비교 확인 그림(2026-09-28): 100% 부분 3곳, 왼쪽 납품본(단순 확대)·오른쪽 AI 업스케일",
wave25,wave25/candidates-20260928/assets/tree_collapse.png,b59ecb4885147a9508936fc5326516519530157bc666404c97fc950b4c0d8e4b,confirmed,,Wave 25 가계도 UI 부품 확정(판정 2026-09-28),UI-7
wave25,wave25/candidates-20260928/assets/tree_expand.png,70b62bb3147936aa907f52a070f819f4bfc44017d9b8c3b9173cb853e5a092ac,confirmed,,Wave 25 가계도 UI 부품 확정(판정 2026-09-28),UI-7
wave25,wave25/candidates-20260928/assets/tree_generation_label.png,27abeff838603f1ae81699d274e8a4533bcd0bac58c4f458e35a9ea1a088e1b9,confirmed,,Wave 25 가계도 UI 부품 확정(판정 2026-09-28),UI-7
wave25,wave25/candidates-20260928/assets/tree_line_corner_bl.png,320e1049ec22a53e9d21ae6e641de4dc4b7a24ede2740003f2b227a11ebae059,confirmed,,Wave 25 가계도 UI 부품 확정(판정 2026-09-28),UI-7
wave25,wave25/candidates-20260928/assets/tree_line_corner_br.png,51c96cc78bd9629c7cf9e75448066402fe4fb3aebd2888153177e33d015dbf13,confirmed,,Wave 25 가계도 UI 부품 확정(판정 2026-09-28),UI-7
wave25,wave25/candidates-20260928/assets/tree_line_corner_tl.png,c1718a9086b890571b5f7bdd2bcc9484ef3a570f0c1eca97b726774e8ba040f6,confirmed,,Wave 25 가계도 UI 부품 확정(판정 2026-09-28),UI-7
wave25,wave25/candidates-20260928/assets/tree_line_corner_tr.png,db11e7f018e3bdaa7cc2962c7a7ddf0f789bd41a5b1fb99d1e1eb70d29e88b0a,confirmed,,Wave 25 가계도 UI 부품 확정(판정 2026-09-28),UI-7
wave25,wave25/candidates-20260928/assets/tree_line_h.png,bf30ad9db1a7a84686d2fb632a61cc29364113a9e34676ca7246f96ee69365b0,confirmed,,Wave 25 가계도 UI 부품 확정(판정 2026-09-28),UI-7
wave25,wave25/candidates-20260928/assets/tree_line_junction_t.png,bb4204829221bfde3a8d6e746b7d9fea60b51a8af1de4c364e2cfe6d684497af,confirmed,,Wave 25 가계도 UI 부품 확정(판정 2026-09-28),UI-7
wave25,wave25/candidates-20260928/assets/tree_line_v.png,1812fde294e9293b1ea43aacfc11bc8dd1d2ed990cafe2e96b440edb6791308e,confirmed,,Wave 25 가계도 UI 부품 확정(판정 2026-09-28),UI-7
wave25,wave25/candidates-20260928/assets/tree_lineage_banner.png,4360152ee834a7be7294f9269b6ec907909225d2786f720174b0ced905f33f42,confirmed,,Wave 25 가계도 UI 부품 확정(판정 2026-09-28),UI-7
wave25,wave25/candidates-20260928/assets/tree_marriage_link.png,7e3cf0e98168a8651510bd67f46739bb6b8e23ad559f92d994cb54e5d675e3ac,confirmed,,Wave 25 가계도 UI 부품 확정(판정 2026-09-28),UI-7
wave25,wave25/candidates-20260928/assets/tree_node_frame.png,470640fd6e92ccddc2bfb651cab63b6e1da943ae5128f58dde6409a76f133d87,confirmed,,Wave 25 가계도 UI 부품 확정(판정 2026-09-28),UI-7
wave25,wave25/candidates-20260928/assets/tree_node_frame_deceased.png,4a84094c858176127e383964f000ac9802cef36054438e87304dc7107716025f,confirmed,,Wave 25 가계도 UI 부품 확정(판정 2026-09-28),UI-7
wave25,wave25/candidates-20260928/assets/tree_node_frame_selected.png,6a9f446f49cc4000c743cdf8f876df99820139180ce67af5548a4a5b5286e944,confirmed,,Wave 25 가계도 UI 부품 확정(판정 2026-09-28),UI-7
wave25,wave25/candidates-20260928/assets/tree_outside_spouse_marker.png,ce5ac4da4cf76fb3f16df22ed3ccaa82066fd17f6119226dd564582564ee7e6e,confirmed,,Wave 25 가계도 UI 부품 확정(판정 2026-09-28),UI-7
wave25,wave25/candidates-20260928/proofs/01-lineage-1280x800.png,d6ea059f0157d0dead4ccc250d82a49c88018203fc36a0f19d6e9a350e91d298,confirmed,,Wave 25 확인 그림(판정 2026-09-28) · 바깥 배우자가 부모 가지선에 매달린 배치는 틀림 — UI-7에서 혼인 고리로만 연결,
wave26,wave26/candidates-20260928/assets/house_l0_c-v1.png,f07a5dd4e579af72294568884bb1ffbc6c20d99c26574d17e3fad643a1850124,confirmed,,Wave 26 주택 다양화 변형 확정(판정 2026-09-28),INSTALL-26
wave26,wave26/candidates-20260928/assets/house_l0_c_boarded-v1.png,1741f751003b984decb9210b44ceba2a0827ea1c9fe30a292af26571574b23b5,confirmed,,Wave 26 주택 다양화 상태 오버레이 확정(판정 2026-09-28),INSTALL-26
wave26,wave26/candidates-20260928/assets/house_l0_c_fresh-v1.png,26526bb9e8652c251c23acac25df6d9f0935f1f2363dc5f08930cb0b2ca7d59a,confirmed,,Wave 26 주택 다양화 상태 오버레이 확정(판정 2026-09-28),INSTALL-26
wave26,wave26/candidates-20260928/assets/house_l0_c_snow-v1.png,7f0e08d14f2a4b13bbd1dbbec02338e1acc0622385a64d92c99d14c47745b343,confirmed,,Wave 26 주택 다양화 상태 오버레이 확정(판정 2026-09-28),INSTALL-26
wave26,wave26/candidates-20260928/assets/house_l0_c_weathered-v1.png,f09d497049d77212f26b9ce12df7490308bec3f2a11f1df844d9a76997b534e4,confirmed,,Wave 26 주택 다양화 상태 오버레이 확정(판정 2026-09-28),INSTALL-26
wave26,wave26/candidates-20260928/assets/house_l0_d-v1.png,11ec3fdeb5e806dfe87756a141f1ab8de34e80b238e60c2ff4dbcaffbbbd2a8d,confirmed,,Wave 26 주택 다양화 변형 확정(판정 2026-09-28),INSTALL-26
wave26,wave26/candidates-20260928/assets/house_l0_d_boarded-v1.png,ad53d4eb73c8570f15b15e50980e61b3afa77f6935505c6a6197c6c17cc55857,confirmed,,Wave 26 주택 다양화 상태 오버레이 확정(판정 2026-09-28),INSTALL-26
wave26,wave26/candidates-20260928/assets/house_l0_d_fresh-v1.png,036222c881baed48086546a8f8003517121bc302d674cc0e692754520a146189,confirmed,,Wave 26 주택 다양화 상태 오버레이 확정(판정 2026-09-28),INSTALL-26
wave26,wave26/candidates-20260928/assets/house_l0_d_snow-v1.png,deef3760ad85790eaa162c23d7cb53c8756a0ee56155b7c59edcd4cf111e8497,confirmed,,Wave 26 주택 다양화 상태 오버레이 확정(판정 2026-09-28),INSTALL-26
wave26,wave26/candidates-20260928/assets/house_l0_d_weathered-v1.png,d88cb0162e7fc0fdb4c35f0728793e8be970cafac3ddd60e2e6ae57dafc21282,confirmed,,Wave 26 주택 다양화 상태 오버레이 확정(판정 2026-09-28),INSTALL-26
wave26,wave26/candidates-20260928/assets/house_l0_e-v1.png,0ce018808f5860fb0248ab6d9afd23ee1f7bab00bb341019ab082bcdeaf292b9,confirmed,,Wave 26 주택 다양화 변형 확정(판정 2026-09-28),INSTALL-26
wave26,wave26/candidates-20260928/assets/house_l0_e_boarded-v1.png,cdb1cf3c8d9c8c299bcb39439a6184cc5a8365e79631b5833fa033c07e87d70f,confirmed,,Wave 26 주택 다양화 상태 오버레이 확정(판정 2026-09-28),INSTALL-26
wave26,wave26/candidates-20260928/assets/house_l0_e_fresh-v1.png,c31f88025d287eb7fcaa343c8699687dcd026cdcaa25a8524bd4553afc73d2fc,confirmed,,Wave 26 주택 다양화 상태 오버레이 확정(판정 2026-09-28),INSTALL-26
wave26,wave26/candidates-20260928/assets/house_l0_e_snow-v1.png,d1b91276ab763a1d53fb87be4f63a5e2032bf239a4c0a48ce055d76bf44b73bd,confirmed,,Wave 26 주택 다양화 상태 오버레이 확정(판정 2026-09-28),INSTALL-26
wave26,wave26/candidates-20260928/assets/house_l0_e_weathered-v1.png,81b6caee21c8835025d7f19b53588cbd71dfccf53a6141b9b590ffe1a3014dd7,confirmed,,Wave 26 주택 다양화 상태 오버레이 확정(판정 2026-09-28),INSTALL-26
wave26,wave26/candidates-20260928/assets/house_l0_f-v1.png,98f50284496889dee185ba208a7e7ede17571a480c53c29b5e44bf86c728fb2d,confirmed,,Wave 26 주택 다양화 변형 확정(판정 2026-09-28),INSTALL-26
wave26,wave26/candidates-20260928/assets/house_l0_f_boarded-v1.png,436d04e2a5288515f102109af4c08910a0fc9c71230222dc33a76eddc1ffa7f3,confirmed,,Wave 26 주택 다양화 상태 오버레이 확정(판정 2026-09-28),INSTALL-26
wave26,wave26/candidates-20260928/assets/house_l0_f_fresh-v1.png,957949dc0bbb0159a3736e0581e0f52819a7804334204c4ed77a776ad80b8d4f,confirmed,,Wave 26 주택 다양화 상태 오버레이 확정(판정 2026-09-28),INSTALL-26
wave26,wave26/candidates-20260928/assets/house_l0_f_snow-v1.png,b0d58706fb60c762aa99efb1143b9833f2ba7bf0d6215c6888e149548b37dbc4,confirmed,,Wave 26 주택 다양화 상태 오버레이 확정(판정 2026-09-28),INSTALL-26
wave26,wave26/candidates-20260928/assets/house_l0_f_weathered-v1.png,78c452fd2a10a300c67736ded34a0c3abbf1080da5b0c2b00a15f85521862d2d,confirmed,,Wave 26 주택 다양화 상태 오버레이 확정(판정 2026-09-28),INSTALL-26
wave26,wave26/candidates-20260928/assets/house_l1_c-v1.png,7aa5228f420c4591861e604bf5d98be5e92099964daaf83f2c13cd6d1f9dd594,confirmed,,Wave 26 주택 다양화 변형 확정(판정 2026-09-28),INSTALL-26
wave26,wave26/candidates-20260928/assets/house_l1_c_boarded-v1.png,2511a5aa760332706f4394a909c1da329a3c433c35a75b7f91ead32fb7792411,confirmed,,Wave 26 주택 다양화 상태 오버레이 확정(판정 2026-09-28),INSTALL-26
wave26,wave26/candidates-20260928/assets/house_l1_c_fresh-v1.png,717c4909d3ddef6fb57104761e6d9557eb8e89377eb739f375afc36c18a50029,confirmed,,Wave 26 주택 다양화 상태 오버레이 확정(판정 2026-09-28),INSTALL-26
wave26,wave26/candidates-20260928/assets/house_l1_c_snow-v1.png,c8a5a69d4555487a19be141d98aaede4b0c6dd17c637d41061a9c90458ec2e73,confirmed,,Wave 26 주택 다양화 상태 오버레이 확정(판정 2026-09-28),INSTALL-26
wave26,wave26/candidates-20260928/assets/house_l1_c_weathered-v1.png,349dabd2ef0097de998afb65364a86571b1a65ca5022339c2922e27e507ba505,confirmed,,Wave 26 주택 다양화 상태 오버레이 확정(판정 2026-09-28),INSTALL-26
wave26,wave26/candidates-20260928/assets/house_l1_d-v1.png,6d519e7ed17bb5888b6b74dd3e8ef3a0ff8266530b0d46f683d924cd2fe56698,confirmed,,Wave 26 주택 다양화 변형 확정(판정 2026-09-28),INSTALL-26
wave26,wave26/candidates-20260928/assets/house_l1_d_boarded-v1.png,909b41a641e23d9af32749dc874570c85b2b08691185e170d802b53a1772e733,confirmed,,Wave 26 주택 다양화 상태 오버레이 확정(판정 2026-09-28),INSTALL-26
wave26,wave26/candidates-20260928/assets/house_l1_d_fresh-v1.png,6305028ad3e6c1598db2b5159ae5f04e930058d2e133401b1de96cff077ef550,confirmed,,Wave 26 주택 다양화 상태 오버레이 확정(판정 2026-09-28),INSTALL-26
wave26,wave26/candidates-20260928/assets/house_l1_d_snow-v1.png,05a842235fff0dc3d9d7e03b2416ebadae0bd3c69a1efefea2fbe59c29d05dca,confirmed,,Wave 26 주택 다양화 상태 오버레이 확정(판정 2026-09-28),INSTALL-26
wave26,wave26/candidates-20260928/assets/house_l1_d_weathered-v1.png,2d3badc23db28849512a71ad1695b8cd0a23ca09b44c36a4d82676194b73cd1f,confirmed,,Wave 26 주택 다양화 상태 오버레이 확정(판정 2026-09-28),INSTALL-26
wave26,wave26/candidates-20260928/assets/house_l1_e-v1.png,c17be28b2c677b279e5531faf87d16305ce5e050f074e2aebfdc42fec8585865,confirmed,,Wave 26 주택 다양화 변형 확정(판정 2026-09-28),INSTALL-26
wave26,wave26/candidates-20260928/assets/house_l1_e_boarded-v1.png,78ec8f69e3f657b26d5e61855b07f32a25270221f32db854fbeede130612cd1b,confirmed,,Wave 26 주택 다양화 상태 오버레이 확정(판정 2026-09-28),INSTALL-26
wave26,wave26/candidates-20260928/assets/house_l1_e_fresh-v1.png,9046f9bab08cc89cb5aa6907d28652658bd45d8e11768e9a44060ba7506b562d,confirmed,,Wave 26 주택 다양화 상태 오버레이 확정(판정 2026-09-28),INSTALL-26
wave26,wave26/candidates-20260928/assets/house_l1_e_snow-v1.png,a20f5fc24289ce9a62bb25f549afe6a571bf9032c7d98075735bb236f764d1bd,confirmed,,Wave 26 주택 다양화 상태 오버레이 확정(판정 2026-09-28),INSTALL-26
wave26,wave26/candidates-20260928/assets/house_l1_e_weathered-v1.png,23900f510eaad255904d8cfcf7265a23d3693a989a582de35579e2917bfa4c07,confirmed,,Wave 26 주택 다양화 상태 오버레이 확정(판정 2026-09-28),INSTALL-26
wave26,wave26/candidates-20260928/assets/house_l1_f-v1.png,f19579921f7c3154c24c77ee0768df4442addd53ede6fbe5433b39eab42ab937,confirmed,,Wave 26 주택 다양화 변형 확정(판정 2026-09-28),INSTALL-26
wave26,wave26/candidates-20260928/assets/house_l1_f_boarded-v1.png,4cae2c4ef93afacf7387c0a200de152c33ab15c9b44cf65467e4f77ddfe52207,confirmed,,Wave 26 주택 다양화 상태 오버레이 확정(판정 2026-09-28),INSTALL-26
wave26,wave26/candidates-20260928/assets/house_l1_f_fresh-v1.png,e9f1e9de522653e57fea22c770490a8754c81c6936a60eef77a2745b438544df,confirmed,,Wave 26 주택 다양화 상태 오버레이 확정(판정 2026-09-28),INSTALL-26
wave26,wave26/candidates-20260928/assets/house_l1_f_snow-v1.png,db43fc893644758b6a4bab34d830f8e9c5718314ae1a74a97605dd656f87217f,confirmed,,Wave 26 주택 다양화 상태 오버레이 확정(판정 2026-09-28),INSTALL-26
wave26,wave26/candidates-20260928/assets/house_l1_f_weathered-v1.png,ec5c5572ae08f2026e41b8b7789a6a36c6df49e82ad94c81f0eef3e8b4e278f2,confirmed,,Wave 26 주택 다양화 상태 오버레이 확정(판정 2026-09-28),INSTALL-26
wave26,wave26/candidates-20260928/assets/house_l2_c-v1.png,43953b2b3ca182580d93f10871e2cc98c48bc770877598e04c48e1dd3080b56a,confirmed,,Wave 26 주택 다양화 변형 확정(판정 2026-09-28),INSTALL-26
wave26,wave26/candidates-20260928/assets/house_l2_c_boarded-v1.png,61c9dbdc048b710dbafedb93086d43c160e84064ef92386e79a13cc7d902de53,confirmed,,Wave 26 주택 다양화 상태 오버레이 확정(판정 2026-09-28),INSTALL-26
wave26,wave26/candidates-20260928/assets/house_l2_c_fresh-v1.png,6ea77b2e7496db250cde7de57d35b238227be8b595feffb3c1dba49a2655861d,confirmed,,Wave 26 주택 다양화 상태 오버레이 확정(판정 2026-09-28),INSTALL-26
wave26,wave26/candidates-20260928/assets/house_l2_c_snow-v1.png,0fe4749f897314ee3c9c7883b9d1ff587118b18aca16bf01683630369daf2704,confirmed,,Wave 26 주택 다양화 상태 오버레이 확정(판정 2026-09-28),INSTALL-26
wave26,wave26/candidates-20260928/assets/house_l2_c_weathered-v1.png,6530f7b0c8e0bed2f4391dc12f72ce5df9bf459fdb4acf61d0822256cc627fe6,confirmed,,Wave 26 주택 다양화 상태 오버레이 확정(판정 2026-09-28),INSTALL-26
wave26,wave26/candidates-20260928/assets/house_l2_d-v1.png,f57b86742865fdc2b0aedd38ba1a562a8d1404050596c0c8a00c817834caf00b,confirmed,,Wave 26 주택 다양화 변형 확정(판정 2026-09-28),INSTALL-26
wave26,wave26/candidates-20260928/assets/house_l2_d_boarded-v1.png,096e7e91e8f1110dff0516ab7fc24433c888c894d571ebe432cf2f37454d65a6,confirmed,,Wave 26 주택 다양화 상태 오버레이 확정(판정 2026-09-28),INSTALL-26
wave26,wave26/candidates-20260928/assets/house_l2_d_fresh-v1.png,97eb19b453bc10a758fbb6d6582ec5620f4cb10b9b749294cca06788edea47fe,confirmed,,Wave 26 주택 다양화 상태 오버레이 확정(판정 2026-09-28),INSTALL-26
wave26,wave26/candidates-20260928/assets/house_l2_d_snow-v1.png,a751e5c946d5e0874d7c75ffc5e836009fbe9f8eafeae5393cb0be75ba02c96a,confirmed,,Wave 26 주택 다양화 상태 오버레이 확정(판정 2026-09-28),INSTALL-26
wave26,wave26/candidates-20260928/assets/house_l2_d_weathered-v1.png,ed68a22e58e7fdb7390bfc8f5fccbd191fa90dc6109dc76712c9dcfc0b27c234,confirmed,,Wave 26 주택 다양화 상태 오버레이 확정(판정 2026-09-28),INSTALL-26
wave26,wave26/candidates-20260928/assets/house_l2_e-v1.png,ecb65f7725782d23630211a6093e74d1a2952b6c5d32a47ba63a3c8ecec4fe29,confirmed,,Wave 26 주택 다양화 변형 확정(판정 2026-09-28),INSTALL-26
wave26,wave26/candidates-20260928/assets/house_l2_e_boarded-v1.png,c54ab44a94d644597795e33e9188c1553026c15c8459ca5ac320929ad304a044,confirmed,,Wave 26 주택 다양화 상태 오버레이 확정(판정 2026-09-28),INSTALL-26
wave26,wave26/candidates-20260928/assets/house_l2_e_fresh-v1.png,feb268a6605de9787a94f7a8d78bc40d2bf247b191c83e58a40bfb3e96e38c1d,confirmed,,Wave 26 주택 다양화 상태 오버레이 확정(판정 2026-09-28),INSTALL-26
wave26,wave26/candidates-20260928/assets/house_l2_e_snow-v1.png,eb32c3d47bc69fd819fdf97d1b249915ab82a19ed76f77a0410b5e19b37e2d01,confirmed,,Wave 26 주택 다양화 상태 오버레이 확정(판정 2026-09-28),INSTALL-26
wave26,wave26/candidates-20260928/assets/house_l2_e_weathered-v1.png,8458507940cc7ec7b4b904a0ef64b95faf2307a9f510b21113366f4b340b3b94,confirmed,,Wave 26 주택 다양화 상태 오버레이 확정(판정 2026-09-28),INSTALL-26
wave26,wave26/candidates-20260928/assets/house_l2_f-v1.png,0aa1e7967f9b60364cdd161948d7fbc6f969f531b8afb983a5791b3e2c45fbd1,confirmed,,Wave 26 주택 다양화 변형 확정(판정 2026-09-28),INSTALL-26
wave26,wave26/candidates-20260928/assets/house_l2_f_boarded-v1.png,a0eda6182d321fe32cf65ddefff7e3679a07761f2d5b55363bb91560f195f77e,confirmed,,Wave 26 주택 다양화 상태 오버레이 확정(판정 2026-09-28),INSTALL-26
wave26,wave26/candidates-20260928/assets/house_l2_f_fresh-v1.png,0e51d6500ea0105eaf1b4b0fc0bcd179a14a9a152d5b3362505daca3c4762886,confirmed,,Wave 26 주택 다양화 상태 오버레이 확정(판정 2026-09-28),INSTALL-26
wave26,wave26/candidates-20260928/assets/house_l2_f_snow-v1.png,132141cf6e5c8bcc9512d304e134453132bbec06739ed05042c070ff4052a72f,confirmed,,Wave 26 주택 다양화 상태 오버레이 확정(판정 2026-09-28),INSTALL-26
wave26,wave26/candidates-20260928/assets/house_l2_f_weathered-v1.png,0f26794f08634878dcfd49dc38d4d59482ad9c33f7bce013f1f8e5892a541883,confirmed,,Wave 26 주택 다양화 상태 오버레이 확정(판정 2026-09-28),INSTALL-26
wave26,wave26/candidates-20260928/assets/house_l3_c-v1.png,db7e63f297b0e0e5eecd73b6117308478ca4c4f2a5040c103f7e35543b829f79,confirmed,,Wave 26 주택 다양화 변형 확정(판정 2026-09-28),INSTALL-26
wave26,wave26/candidates-20260928/assets/house_l3_c_boarded-v1.png,9e6c9b8c70de1be21c294af47237869638a0e5424f41158fb09f983340fbc082,confirmed,,Wave 26 주택 다양화 상태 오버레이 확정(판정 2026-09-28),INSTALL-26
wave26,wave26/candidates-20260928/assets/house_l3_c_fresh-v1.png,cb66c15a9ae20d51b679fc446cffc0b3c9df4bdcd68a5127270d38f2b3663a5b,confirmed,,Wave 26 주택 다양화 상태 오버레이 확정(판정 2026-09-28),INSTALL-26
wave26,wave26/candidates-20260928/assets/house_l3_c_snow-v1.png,726a3b3f0f999750e5e6fbe57411993ec727a07b471b58022b0a742af8cfd869,confirmed,,Wave 26 주택 다양화 상태 오버레이 확정(판정 2026-09-28),INSTALL-26
wave26,wave26/candidates-20260928/assets/house_l3_c_weathered-v1.png,57c703c46df95ebdb502c6ef8fbbbd01629371c933906ea185f781ed5547e17a,confirmed,,Wave 26 주택 다양화 상태 오버레이 확정(판정 2026-09-28),INSTALL-26
wave26,wave26/candidates-20260928/assets/house_l3_d-v1.png,bfb0c3952855049fba2e4b3c309dc71615bb2e4cb1289d178b82bc94d23bf05e,confirmed,,Wave 26 주택 다양화 변형 확정(판정 2026-09-28),INSTALL-26
wave26,wave26/candidates-20260928/assets/house_l3_d_boarded-v1.png,c68eae4a980c21c0030ffa4a45cd8c0c2cb64a6106210402d0b0e830c82130b8,confirmed,,Wave 26 주택 다양화 상태 오버레이 확정(판정 2026-09-28),INSTALL-26
wave26,wave26/candidates-20260928/assets/house_l3_d_fresh-v1.png,0f691cb66008d843c76eca85ff1bda817431367ced3e5b60f474e39f5ace4480,confirmed,,Wave 26 주택 다양화 상태 오버레이 확정(판정 2026-09-28),INSTALL-26
wave26,wave26/candidates-20260928/assets/house_l3_d_snow-v1.png,eb683c85889af87b8a1b597a6ea21ebef005ca3a4335bb8d210205a0afb486ad,confirmed,,Wave 26 주택 다양화 상태 오버레이 확정(판정 2026-09-28),INSTALL-26
wave26,wave26/candidates-20260928/assets/house_l3_d_weathered-v1.png,fb1d5eba08dfccd3187663ec647480da956322ad62a1b9d5f5a065e5545e36fd,confirmed,,Wave 26 주택 다양화 상태 오버레이 확정(판정 2026-09-28),INSTALL-26
wave26,wave26/candidates-20260928/assets/house_l3_e-v1.png,56e24103d06fbadcde34fa52618ab74894a92042a13ec2bcbaf170128ae70474,confirmed,,Wave 26 주택 다양화 변형 확정(판정 2026-09-28),INSTALL-26
wave26,wave26/candidates-20260928/assets/house_l3_e_boarded-v1.png,7f2e9d9afcc3af2e255ca767af7ab4ce0e36593584313377c117ad46d694d6c4,confirmed,,Wave 26 주택 다양화 상태 오버레이 확정(판정 2026-09-28),INSTALL-26
wave26,wave26/candidates-20260928/assets/house_l3_e_fresh-v1.png,da9688e1abf986d50ca8d98853bc06542d879f2448169184f3d19537c70f53b8,confirmed,,Wave 26 주택 다양화 상태 오버레이 확정(판정 2026-09-28),INSTALL-26
wave26,wave26/candidates-20260928/assets/house_l3_e_snow-v1.png,7b52d75e665e7b17a788c312261fa1514187dc0b5db5804d911695ce5b1fe5eb,confirmed,,Wave 26 주택 다양화 상태 오버레이 확정(판정 2026-09-28),INSTALL-26
wave26,wave26/candidates-20260928/assets/house_l3_e_weathered-v1.png,78e8a7c17991ba04aa2ef0bbb9863cb877abf032d3a2547acc8277b62b682761,confirmed,,Wave 26 주택 다양화 상태 오버레이 확정(판정 2026-09-28),INSTALL-26
wave26,wave26/candidates-20260928/assets/house_l3_f-v1.png,1fa847fda71804c8d4e0feb1c367cb9ec324f248d7b342ba1992b59e638b1055,confirmed,,Wave 26 주택 다양화 변형 확정(판정 2026-09-28),INSTALL-26
wave26,wave26/candidates-20260928/assets/house_l3_f_boarded-v1.png,2e2e2995170c26c3839c7c4141d5a6c252088407f198d815f8b9437ca3d7d65f,confirmed,,Wave 26 주택 다양화 상태 오버레이 확정(판정 2026-09-28),INSTALL-26
wave26,wave26/candidates-20260928/assets/house_l3_f_fresh-v1.png,8b305cac615ef1dc1bef026d1e147dc71c2f6cf1e8a1f34964dc554f91d6d8ca,confirmed,,Wave 26 주택 다양화 상태 오버레이 확정(판정 2026-09-28),INSTALL-26
wave26,wave26/candidates-20260928/assets/house_l3_f_snow-v1.png,feb9efc25cd410a609ea5bc92b88e69c4be6ac14ac87c9effa89b03748da7292,confirmed,,Wave 26 주택 다양화 상태 오버레이 확정(판정 2026-09-28),INSTALL-26
wave26,wave26/candidates-20260928/assets/house_l3_f_weathered-v1.png,08dacdbf745b1c1e41bce53ed4e4efe05b5600b23428fd3345ffecabe576ae6a,confirmed,,Wave 26 주택 다양화 상태 오버레이 확정(판정 2026-09-28),INSTALL-26
wave26,wave26/candidates-20260928/assets/house_l4_c-v1.png,0d5d7bf4bbfb28689f4016a977c53dc8d0afd9207519ec84d57955edbc3ba11c,confirmed,,Wave 26 주택 다양화 변형 확정(판정 2026-09-28),INSTALL-26
wave26,wave26/candidates-20260928/assets/house_l4_c_boarded-v1.png,74e345b25cbbc691fe68558f057a8d62f31c606982e7d20002711397b9175aec,confirmed,,Wave 26 주택 다양화 상태 오버레이 확정(판정 2026-09-28),INSTALL-26
wave26,wave26/candidates-20260928/assets/house_l4_c_fresh-v1.png,69eb4d63e71e318492b309832fe8efef3f8a16ca400ffb90b5c302a325ec5a3e,confirmed,,Wave 26 주택 다양화 상태 오버레이 확정(판정 2026-09-28),INSTALL-26
wave26,wave26/candidates-20260928/assets/house_l4_c_snow-v1.png,3664bacb2d27892166ea93d68d4e131f19cb9bdc693f3aa5770834854fa5366e,confirmed,,Wave 26 주택 다양화 상태 오버레이 확정(판정 2026-09-28),INSTALL-26
wave26,wave26/candidates-20260928/assets/house_l4_c_weathered-v1.png,e79081e4aa56dcd3d1317c4651080230bfb4d339f013909278023771f50d060f,confirmed,,Wave 26 주택 다양화 상태 오버레이 확정(판정 2026-09-28),INSTALL-26
wave26,wave26/candidates-20260928/assets/house_l4_d-v1.png,e79c63be6c8e10a151697b9f9fb6aa00345413eabf50a0d1005e32f92ac08066,confirmed,,Wave 26 주택 다양화 변형 확정(판정 2026-09-28),INSTALL-26
wave26,wave26/candidates-20260928/assets/house_l4_d_boarded-v1.png,c5197f31f5fabbd5b64f759058b8f70a8099064ed445d7d722145413882f0ce6,confirmed,,Wave 26 주택 다양화 상태 오버레이 확정(판정 2026-09-28),INSTALL-26
wave26,wave26/candidates-20260928/assets/house_l4_d_fresh-v1.png,e58ce91588d73217fb979300be76dbc5b98f45d1e453d7d39d2f8fa17c9f503d,confirmed,,Wave 26 주택 다양화 상태 오버레이 확정(판정 2026-09-28),INSTALL-26
wave26,wave26/candidates-20260928/assets/house_l4_d_snow-v1.png,f1067b8c998d326a77fa45f5e52f1fb5ba0a67f634b311b73645d9ba2a13ffd6,confirmed,,Wave 26 주택 다양화 상태 오버레이 확정(판정 2026-09-28),INSTALL-26
wave26,wave26/candidates-20260928/assets/house_l4_d_weathered-v1.png,09ddb9c93682c393d16174eaf92677078042bcc3eba18a89c270b6b9a5dc3787,confirmed,,Wave 26 주택 다양화 상태 오버레이 확정(판정 2026-09-28),INSTALL-26
wave26,wave26/candidates-20260928/assets/house_l4_e-v1.png,24ed2419aec7d849c834d188356ad40b2389ca5f0fae192acf5c66124ca292b1,confirmed,,Wave 26 주택 다양화 변형 확정(판정 2026-09-28),INSTALL-26
wave26,wave26/candidates-20260928/assets/house_l4_e_boarded-v1.png,33f5aa6bde8ffdf45edaee2c7085f3ad691061d475d1af189749df796869f98c,confirmed,,Wave 26 주택 다양화 상태 오버레이 확정(판정 2026-09-28),INSTALL-26
wave26,wave26/candidates-20260928/assets/house_l4_e_fresh-v1.png,df147d51b1afb7170ac19330a24b84bb54d6032bec92d270c43114217cc85bb3,confirmed,,Wave 26 주택 다양화 상태 오버레이 확정(판정 2026-09-28),INSTALL-26
wave26,wave26/candidates-20260928/assets/house_l4_e_snow-v1.png,c9f477e481035292a7f269f870c9a36852adf6ed5c744f65aebe09f1824ed734,confirmed,,Wave 26 주택 다양화 상태 오버레이 확정(판정 2026-09-28) · 설치 때 피복률 60~80% 확인,INSTALL-26
wave26,wave26/candidates-20260928/assets/house_l4_e_weathered-v1.png,14f3eea11160c337fa8507ba6bbd039e90384aee23b8047effbdf6ea175f7d31,confirmed,,Wave 26 주택 다양화 상태 오버레이 확정(판정 2026-09-28),INSTALL-26
wave26,wave26/candidates-20260928/assets/house_l4_f-v1.png,97f81a77e7369382493e7c89175318d74a2bc45637a0e73151e755ff0c0b6203,confirmed,,Wave 26 주택 다양화 변형 확정(판정 2026-09-28),INSTALL-26
wave26,wave26/candidates-20260928/assets/house_l4_f_boarded-v1.png,4cbee401e6247ba9553a6ab4769f0671307b655a34d4ed65cfeeb0dd880ff43f,confirmed,,Wave 26 주택 다양화 상태 오버레이 확정(판정 2026-09-28),INSTALL-26
wave26,wave26/candidates-20260928/assets/house_l4_f_fresh-v1.png,92623927304d78a2348bafbdd4879143ef7b7e1e808d28e343717bd5d84a7909,confirmed,,Wave 26 주택 다양화 상태 오버레이 확정(판정 2026-09-28),INSTALL-26
wave26,wave26/candidates-20260928/assets/house_l4_f_snow-v1.png,bda0cc9cc57038c3183afbdee6548de0c671bda17c8b2cca8b88a888c300d7ca,confirmed,,Wave 26 주택 다양화 상태 오버레이 확정(판정 2026-09-28) · 설치 때 피복률 60~80% 확인,INSTALL-26
wave26,wave26/candidates-20260928/assets/house_l4_f_weathered-v1.png,d43e2cc049c42e099d3690b4a72d79adf1dcfa60c3aef63064128c162593631f,confirmed,,Wave 26 주택 다양화 상태 오버레이 확정(판정 2026-09-28),INSTALL-26
wave26,wave26/candidates-20260928/proofs/01-level-variants.png,58e777cb98cfe4fac5df5abe86371f262ef2efab9725ad6f27634fb7a2447935,confirmed,,Wave 26 확인 그림(판정 2026-09-28),
wave26,wave26/candidates-20260928/proofs/02-city-repetition.png,3a9ac4cafd437d79d92fdec565e728a37fe33f4fd851d2f8bbed24553608c50d,confirmed,,Wave 26 확인 그림(판정 2026-09-28),
wave26,wave26/candidates-20260928/proofs/03-state-overlays.png,74a29ba426e00ea74e34d9253cf260991bbc0a1fa006130a64d9bfdb59a8b261,confirmed,,Wave 26 확인 그림(판정 2026-09-28),
wave27,wave27/candidates-20260928/assets/yards/yard_baker_a-v1.png,27b4aff265c2b77e53fc7a7a9620ee53b7bdc5536479b3f2df04313e4c404bdf,confirmed,,Wave 27 뒷마당 직업·형편 데칼 확정(판정 2026-09-28),INSTALL-27
wave27,wave27/candidates-20260928/assets/yards/yard_baker_b-v1.png,d3aecdd0335a918d0c5951522cf06dfeff06ed0e8f5eaa4846aef6379e5ff1c6,confirmed,,Wave 27 뒷마당 직업·형편 데칼 확정(판정 2026-09-28),INSTALL-27
wave27,wave27/candidates-20260928/assets/yards/yard_blacksmith_a-v1.png,6838f169b05d5c5359336680d894b564821d974286c18f0638e2cc49ed03ffe8,confirmed,,Wave 27 뒷마당 직업·형편 데칼 확정(판정 2026-09-28),INSTALL-27
wave27,wave27/candidates-20260928/assets/yards/yard_blacksmith_b-v1.png,35c5ff6036ff2822ffe400df699fcb5a02c51d95c5f75f37aa8eccd2e4f03168,confirmed,,Wave 27 뒷마당 직업·형편 데칼 확정(판정 2026-09-28),INSTALL-27
wave27,wave27/candidates-20260928/assets/yards/yard_brewer_a-v1.png,f941617bd513ec9cef3cb502464e2fc2376ffb059b0c6d9fac859ac8a7318a3f,confirmed,,Wave 27 뒷마당 직업·형편 데칼 확정(판정 2026-09-28),INSTALL-27
wave27,wave27/candidates-20260928/assets/yards/yard_brewer_b-v1.png,4d4311e4b800f21c93e925fe79a1a12d1bab9026c28ac469ad8671c71abb0944,confirmed,,Wave 27 뒷마당 직업·형편 데칼 확정(판정 2026-09-28),INSTALL-27
wave27,wave27/candidates-20260928/assets/yards/yard_carpenter_a-v1.png,cd4c6c2a2eb7d5ad095ccfc62729fd176d3470b5b67814d6b8a759b569eb879e,confirmed,,Wave 27 뒷마당 직업·형편 데칼 확정(판정 2026-09-28),INSTALL-27
wave27,wave27/candidates-20260928/assets/yards/yard_carpenter_b-v1.png,8a1cbc083366167bb51eb0b2a480bac840a10cfd67354d0cfd0497db8e239f29,confirmed,,Wave 27 뒷마당 직업·형편 데칼 확정(판정 2026-09-28),INSTALL-27
wave27,wave27/candidates-20260928/assets/yards/yard_chicken_coop-v1.png,da1d463a910f8da3fc5a41af064eccc71fcb2cdbeb7f584805dd4fb195871c77,confirmed,,Wave 27 뒷마당 직업·형편 데칼 확정(판정 2026-09-28),INSTALL-27
wave27,wave27/candidates-20260928/assets/yards/yard_dyer_a-v1.png,8eb0ea31bfb3076bfeb8665fa9e2486133fe720505d0b2a0fd8c2bfdda7b505d,confirmed,,Wave 27 뒷마당 직업·형편 데칼 확정(판정 2026-09-28),INSTALL-27
wave27,wave27/candidates-20260928/assets/yards/yard_dyer_b-v1.png,faa09fd03b16ee772c118a6c9d35aafc7cc8fa96e00fdd547f41be443500c720,confirmed,,Wave 27 뒷마당 직업·형편 데칼 확정(판정 2026-09-28),INSTALL-27
wave27,wave27/candidates-20260928/assets/yards/yard_farmer_a-v1.png,c7b3e0fe4b0dc33d145fd9b09ce59986348d738b4bd362102fc6b0c9b65d70b4,confirmed,,Wave 27 뒷마당 직업·형편 데칼 확정(판정 2026-09-28),INSTALL-27
wave27,wave27/candidates-20260928/assets/yards/yard_farmer_b-v1.png,dbf5744b9446a89cc40e410b2cd03e79d28310b16b6c3e9421dca400307683c6,confirmed,,Wave 27 뒷마당 직업·형편 데칼 확정(판정 2026-09-28),INSTALL-27
wave27,wave27/candidates-20260928/assets/yards/yard_fisher_a-v1.png,294c6aabead2bd561e5047d6c13704bff25fb0b19017195fab7fb08d837e5369,confirmed,,Wave 27 뒷마당 직업·형편 데칼 확정(판정 2026-09-28),INSTALL-27
wave27,wave27/candidates-20260928/assets/yards/yard_fisher_b-v1.png,fb8c82d0b944ccd5eb57313dee9a148b5cad645192f8f3f962bf6181d1d52d6d,confirmed,,Wave 27 뒷마당 직업·형편 데칼 확정(판정 2026-09-28),INSTALL-27
wave27,wave27/candidates-20260928/assets/yards/yard_hungry_a-v1.png,c920d9e78f182f0c34cc5d0ceb274b736d36dcad5213e087437d769e4f4be089,confirmed,,Wave 27 뒷마당 직업·형편 데칼 확정(판정 2026-09-28),INSTALL-27
wave27,wave27/candidates-20260928/assets/yards/yard_hungry_b-v1.png,215fdac08233f4a2528364ac089b780c6be07b0bdb24031501819e86da340d61,confirmed,,Wave 27 뒷마당 직업·형편 데칼 확정(판정 2026-09-28),INSTALL-27
wave27,wave27/candidates-20260928/assets/yards/yard_manure-v1.png,d88dd25436bc949d8aca128f1203d3dd36d90843ad6227a8ebab828631f0c6e1,confirmed,,Wave 27 뒷마당 직업·형편 데칼 확정(판정 2026-09-28),INSTALL-27
wave27,wave27/candidates-20260928/assets/yards/yard_merchant_a-v1.png,7bf7c2f97cf513085ab0a91cd373f0529477319c7feb0bd39a387fcb37fb68d9,confirmed,,Wave 27 뒷마당 직업·형편 데칼 확정(판정 2026-09-28),INSTALL-27
wave27,wave27/candidates-20260928/assets/yards/yard_merchant_b-v1.png,695e80cdc7b175c2d1c33bb0dab34629100938a3dd282e89275d8060ea75d007,confirmed,,Wave 27 뒷마당 직업·형편 데칼 확정(판정 2026-09-28),INSTALL-27
wave27,wave27/candidates-20260928/assets/yards/yard_miller_a-v1.png,c26a78aa8a9b18a3a8b219012ddb7466f4f7bea3edc77469cc6b592519b61386,confirmed,,Wave 27 뒷마당 직업·형편 데칼 확정(판정 2026-09-28),INSTALL-27
wave27,wave27/candidates-20260928/assets/yards/yard_miller_b-v1.png,73cde80cfa36a17f2c826bd967d5d983f44cce5f4ce8968257364e49231cb248,confirmed,,Wave 27 뒷마당 직업·형편 데칼 확정(판정 2026-09-28),INSTALL-27
wave27,wave27/candidates-20260928/assets/yards/yard_newcomer_a-v1.png,6c1064bc5d360209e0ed5254c03de31713e5c71c4f4a10e3f181cbea17ead106,confirmed,,Wave 27 뒷마당 직업·형편 데칼 확정(판정 2026-09-28),INSTALL-27
wave27,wave27/candidates-20260928/assets/yards/yard_newcomer_b-v1.png,ad4d33fce3edb4645ad16cd6988b2bdb12ca0500a9e93310e69e5e4ce24a11c1,confirmed,,Wave 27 뒷마당 직업·형편 데칼 확정(판정 2026-09-28),INSTALL-27
wave27,wave27/candidates-20260928/assets/yards/yard_pigsty-v1.png,a930279556535ff85b0c5b048ee969259b9b96c38b029d4897553af11f48ed30,confirmed,,Wave 27 뒷마당 직업·형편 데칼 확정(판정 2026-09-28),INSTALL-27
wave27,wave27/candidates-20260928/assets/yards/yard_prosperous_a-v1.png,3cadf8cc5688369c78e3c19566d8eb9fdda5397ea97d0eba705a279abadc8094,confirmed,,Wave 27 뒷마당 직업·형편 데칼 확정(판정 2026-09-28),INSTALL-27
wave27,wave27/candidates-20260928/assets/yards/yard_prosperous_b-v1.png,3fcb05147ebbd820f07553537984676bfcc3f0f628ef80888f61c04bf2b87d3a,confirmed,,Wave 27 뒷마당 직업·형편 데칼 확정(판정 2026-09-28),INSTALL-27
wave27,wave27/candidates-20260928/assets/yards/yard_rain_barrel-v1.png,fa4af6e584c9399beeaadde7e89e0e245f515e701ad74c964dca2fb96d0efca1,confirmed,,Wave 27 뒷마당 직업·형편 데칼 확정(판정 2026-09-28),INSTALL-27
wave27,wave27/candidates-20260928/assets/yards/yard_shepherd_a-v1.png,fc305543675c16c68e0280af31c8e55a7cce06c95ccb34db93ee7506c2145768,confirmed,,Wave 27 뒷마당 직업·형편 데칼 확정(판정 2026-09-28),INSTALL-27
wave27,wave27/candidates-20260928/assets/yards/yard_shepherd_b-v1.png,22f27931f76ee862c76ee3f280ffc16a98f544fe8c1094122e6ffabb3e84ad9b,confirmed,,Wave 27 뒷마당 직업·형편 데칼 확정(판정 2026-09-28),INSTALL-27
wave27,wave27/candidates-20260928/assets/yards/yard_strained_a-v1.png,c85bd6b7f4c2089e64d3fa5d5cab3d9d0a6141dc01f7e2efa094b66bfdf1603f,confirmed,,Wave 27 뒷마당 직업·형편 데칼 확정(판정 2026-09-28),INSTALL-27
wave27,wave27/candidates-20260928/assets/yards/yard_strained_b-v1.png,7eb06a422a0caaffa5f1d87224462de698b9660d3cd9e53514a98013fa2acd50,confirmed,,Wave 27 뒷마당 직업·형편 데칼 확정(판정 2026-09-28),INSTALL-27
wave27,wave27/candidates-20260928/assets/yards/yard_tanner_a-v1.png,255bd0d424e0817338bda7b0a255c93e8563194a4cd7f27c12a37ec43f739f13,confirmed,,Wave 27 뒷마당 직업·형편 데칼 확정(판정 2026-09-28),INSTALL-27
wave27,wave27/candidates-20260928/assets/yards/yard_tanner_b-v1.png,79168bb5552a663789e8de945eb7b12ee86671afc2501e4420ca946044b63518,confirmed,,Wave 27 뒷마당 직업·형편 데칼 확정(판정 2026-09-28),INSTALL-27
wave27,wave27/candidates-20260928/assets/yards/yard_vacant_a-v1.png,d7c4a785e818c3e6dbaa21a47138d5e0bd5a7265234f33d6a283213eea642f97,confirmed,,Wave 27 뒷마당 직업·형편 데칼 확정(판정 2026-09-28),INSTALL-27
wave27,wave27/candidates-20260928/assets/yards/yard_vacant_b-v1.png,5ec70ed6ca560eaa152a7408b0d37fbe5bd1d0ceb5b9075cf47cf981b177409a,confirmed,,Wave 27 뒷마당 직업·형편 데칼 확정(판정 2026-09-28),INSTALL-27
wave27,wave27/candidates-20260928/assets/yards/yard_weaver_a-v1.png,ffe71bcb4a0754b2588def3bf15cdd9328ca0ce4716ea1a3c47941751550e046,confirmed,,Wave 27 뒷마당 직업·형편 데칼 확정(판정 2026-09-28),INSTALL-27
wave27,wave27/candidates-20260928/assets/yards/yard_weaver_b-v1.png,744e5ba46f9dfba219470813eb7280e964fda8340b9cd8cba54399337e739a02,confirmed,,Wave 27 뒷마당 직업·형편 데칼 확정(판정 2026-09-28),INSTALL-27
wave27,wave27/candidates-20260928/assets/yards/yard_winter_a-v1.png,8a3e1b1417525aea32df288af73090433927c000f43235e3b2cd2d90a12aa9e6,confirmed,,Wave 27 뒷마당 직업·형편 데칼 확정(판정 2026-09-28),INSTALL-27
wave27,wave27/candidates-20260928/assets/yards/yard_winter_b-v1.png,e13a30c6c8d821974009acc5c573f707d395a0d7dd8c1467bed051c8b729bf74,confirmed,,Wave 27 뒷마당 직업·형편 데칼 확정(판정 2026-09-28),INSTALL-27
wave27,wave27/candidates-20260928/proofs/01_twelve_occupations_zoom10.png,003b58d745a95eb822dda7e64c001b7a9f246afe17b9dc1d62c2301561e07d0d,confirmed,,Wave 27 확인 그림(판정 2026-09-28),
wave27,wave27/candidates-20260928/proofs/02_same_parcels_four_states.png,3256bf94c242b46a3aa3c90fca06c664621fa2e91ebbec11bdf0bbc757cde19d,confirmed,,Wave 27 확인 그림(판정 2026-09-28),
wave27,wave27/candidates-20260928/records/qa/occupation_blind.png,a6793ed1a1e9fb73251977d7dd1ff392bee33b821658ac6ee913d64ddfa2060e,confirmed,,Wave 27 기록 그림(판정 2026-09-28),
wave28,wave28/candidates-20260928/assets/baulk_autumn.png,df66ecd10781c6e531762b8a415c0b118e013204d8a8d5fd42e68270638dc557,confirmed,,Wave 28 성벽 밖 시골 풍경 확정(판정 2026-09-28),INSTALL-28
wave28,wave28/candidates-20260928/assets/baulk_summer.png,68700af6dc3b77a1052e67916e525fd1f3d71b7136d6210cdb2eb01ebbbda743,confirmed,,Wave 28 성벽 밖 시골 풍경 확정(판정 2026-09-28),INSTALL-28
wave28,wave28/candidates-20260928/assets/baulk_winter.png,6c6fc2056e4e7bfafc6841c4014d7999cd352890ef79a5fd63586a916b536943,confirmed,,Wave 28 성벽 밖 시골 풍경 확정(판정 2026-09-28),INSTALL-28
wave28,wave28/candidates-20260928/assets/boundary_stone_autumn.png,1c19450480bf61da19030bddf83ad55395ee8cb349e3213a5d9e37c9f752cf02,confirmed,,Wave 28 성벽 밖 시골 풍경 확정(판정 2026-09-28),INSTALL-28
wave28,wave28/candidates-20260928/assets/boundary_stone_summer.png,6b35099fb45b42f31f45407be151b8938a1845bc46a3ddd64d90ed2de59ce8d9,confirmed,,Wave 28 성벽 밖 시골 풍경 확정(판정 2026-09-28),INSTALL-28
wave28,wave28/candidates-20260928/assets/boundary_stone_winter.png,026691d3f3616a66cf6aeb1d3cd0368747e9cdfa0c9bbdb09b39e1a1b3722636,confirmed,,Wave 28 성벽 밖 시골 풍경 확정(판정 2026-09-28),INSTALL-28
wave28,wave28/candidates-20260928/assets/dry_stone_wall_autumn.png,0c2753accca0a22799541d3b4e6fd76101d7dc11115368664214d4b0efd1f2b3,confirmed,,Wave 28 성벽 밖 시골 풍경 확정(판정 2026-09-28),INSTALL-28
wave28,wave28/candidates-20260928/assets/dry_stone_wall_summer.png,a085c2e2549d1e75892564b29a929d1f6ab238e70d8e9cf2eefa25f49d59f06e,confirmed,,Wave 28 성벽 밖 시골 풍경 확정(판정 2026-09-28),INSTALL-28
wave28,wave28/candidates-20260928/assets/dry_stone_wall_winter.png,aefb4d5e86a16f756b005d64d2549784638977e17c2448a99e26d663b9efa508,confirmed,,Wave 28 성벽 밖 시골 풍경 확정(판정 2026-09-28),INSTALL-28
wave28,wave28/candidates-20260928/assets/haystack_autumn.png,f58024d2a3046a5092acf9a8151870525046f3d99f8c22d0967dd32d4a6502e3,confirmed,,Wave 28 성벽 밖 시골 풍경 확정(판정 2026-09-28),INSTALL-28
wave28,wave28/candidates-20260928/assets/haystack_summer.png,f25afa933ebbf5091dad06a4b3f61cf8b31c8ec20fce813332e00537ccd2ffa5,confirmed,,Wave 28 성벽 밖 시골 풍경 확정(판정 2026-09-28),INSTALL-28
wave28,wave28/candidates-20260928/assets/haystack_winter.png,820f7409597a854983be8180e0d66e69f76524388aef5f69c3d5e5961809bb3d,confirmed,,Wave 28 성벽 밖 시골 풍경 확정(판정 2026-09-28),INSTALL-28
wave28,wave28/candidates-20260928/assets/hedgerow_a_autumn.png,cf31675d73580abecf4689f2af70b45ad824290a62ace57f3e8849f003fefe3c,confirmed,,Wave 28 성벽 밖 시골 풍경 확정(판정 2026-09-28),INSTALL-28
wave28,wave28/candidates-20260928/assets/hedgerow_a_summer.png,c50680eb312b582e31986e3564710039390f1b0a52c87647eb8f3d795ca75b5c,confirmed,,Wave 28 성벽 밖 시골 풍경 확정(판정 2026-09-28),INSTALL-28
wave28,wave28/candidates-20260928/assets/hedgerow_a_winter.png,b8bedb5c2de38a3138bf6100e3ff90d919035e73ac5ae577f06a984835c5a6bd,confirmed,,Wave 28 성벽 밖 시골 풍경 확정(판정 2026-09-28),INSTALL-28
wave28,wave28/candidates-20260928/assets/hedgerow_b_autumn.png,c5f308bcb12f8562df6cd978913e3b8f27b45ba35e21a2fa30c42caa13f216d7,confirmed,,Wave 28 성벽 밖 시골 풍경 확정(판정 2026-09-28),INSTALL-28
wave28,wave28/candidates-20260928/assets/hedgerow_b_summer.png,c892437f6447e987ad23831bd44a897968e948104a84cd52ebdf1ad16a56520e,confirmed,,Wave 28 성벽 밖 시골 풍경 확정(판정 2026-09-28),INSTALL-28
wave28,wave28/candidates-20260928/assets/hedgerow_b_winter.png,81df81b151cf09f85c553b7ab1db34b265ccd5e2eacf66eaa3eba5f5494dd2d1,confirmed,,Wave 28 성벽 밖 시골 풍경 확정(판정 2026-09-28),INSTALL-28
wave28,wave28/candidates-20260928/assets/hurdle_fold_autumn.png,b7068b3a60e0b1cf70250abce468288a448c0015974b86b3a1d770f6bec220a6,confirmed,,Wave 28 성벽 밖 시골 풍경 확정(판정 2026-09-28),INSTALL-28
wave28,wave28/candidates-20260928/assets/hurdle_fold_summer.png,1ddf7d25d2b320fe156076e97dafa2c0643c7c5becedf8599db3fc52b0a92fab,confirmed,,Wave 28 성벽 밖 시골 풍경 확정(판정 2026-09-28),INSTALL-28
wave28,wave28/candidates-20260928/assets/hurdle_fold_winter.png,63eed14236d5f4ecfa8ddbe65f311152188771382b70ce71534170c23cebee53,confirmed,,Wave 28 성벽 밖 시골 풍경 확정(판정 2026-09-28),INSTALL-28
wave28,wave28/candidates-20260928/assets/oak_solitary_autumn.png,8bcc97fc32c513f104bf8291f42c52d125f1bfffcb732534f7a569a5a52f87eb,confirmed,,Wave 28 성벽 밖 시골 풍경 확정(판정 2026-09-28),INSTALL-28
wave28,wave28/candidates-20260928/assets/oak_solitary_summer.png,b3c506ba65c937e260fd3311235566c29005c2bfb33d0dd1abfa413683167d12,confirmed,,Wave 28 성벽 밖 시골 풍경 확정(판정 2026-09-28),INSTALL-28
wave28,wave28/candidates-20260928/assets/oak_solitary_winter.png,3e154f0d02dcedb503331d67010b1eefb708d069c1aad372e43658f64de6b54e,confirmed,,Wave 28 성벽 밖 시골 풍경 확정(판정 2026-09-28),INSTALL-28
wave28,wave28/candidates-20260928/assets/roadside_cross_autumn.png,d288ff0458a9fae1034d607af0c25879960f168a546615164be1f15e1eb71614,confirmed,,Wave 28 성벽 밖 시골 풍경 확정(판정 2026-09-28),INSTALL-28
wave28,wave28/candidates-20260928/assets/roadside_cross_summer.png,4b4dfd3ffbd5acb5970eca350e798011b517297682f3292b0f0a9dcf1afeb321,confirmed,,Wave 28 성벽 밖 시골 풍경 확정(판정 2026-09-28),INSTALL-28
wave28,wave28/candidates-20260928/assets/roadside_cross_winter.png,a7ff7221f2135072bfb0e996957730abd629aa01c5741c7479879db95776c65c,confirmed,,Wave 28 성벽 밖 시골 풍경 확정(판정 2026-09-28),INSTALL-28
wave28,wave28/candidates-20260928/assets/skep_row_autumn.png,69d385846272683b2307b46927a78208f28d3dea2e92c328d335d635f042143a,confirmed,,Wave 28 성벽 밖 시골 풍경 확정(판정 2026-09-28),INSTALL-28
wave28,wave28/candidates-20260928/assets/skep_row_summer.png,3cf9a7f848f3d42a20e089c4445000f90f9809ece8fd60bf2aacb0e009d365f9,confirmed,,Wave 28 성벽 밖 시골 풍경 확정(판정 2026-09-28),INSTALL-28
wave28,wave28/candidates-20260928/assets/skep_row_winter.png,9ed13bc97db5da5d77d120f9f2a17c4ce4d19ba9bd7a4fb31007c2a5a85f380c,confirmed,,Wave 28 성벽 밖 시골 풍경 확정(판정 2026-09-28),INSTALL-28
wave28,wave28/candidates-20260928/assets/wildflower_large_autumn.png,0fec49acfcf6102234c67d44453ab56a8b3fda40c9804645938509a77060586e,confirmed,,Wave 28 성벽 밖 시골 풍경 확정(판정 2026-09-28),INSTALL-28
wave28,wave28/candidates-20260928/assets/wildflower_large_summer.png,0c6f93c44022e66b060b8cbd3723c467c430db80f17d783789f2b204faf398ee,confirmed,,Wave 28 성벽 밖 시골 풍경 확정(판정 2026-09-28),INSTALL-28
wave28,wave28/candidates-20260928/assets/wildflower_large_winter.png,2961685ed2dcf4a8c58c54d246185eafc9394247f7566a104740ec6671877d39,confirmed,,Wave 28 성벽 밖 시골 풍경 확정(판정 2026-09-28),INSTALL-28
wave28,wave28/candidates-20260928/assets/wildflower_small_autumn.png,7030d6365cf6824e3e189a9e56b044bf089f56f86d8ad20ad70348aa81594c31,confirmed,,Wave 28 성벽 밖 시골 풍경 확정(판정 2026-09-28),INSTALL-28
wave28,wave28/candidates-20260928/assets/wildflower_small_summer.png,a79bad865c5890169be7e5021ee5b2a794a9f6248f407f54ad62e4aa4dc70f9c,confirmed,,Wave 28 성벽 밖 시골 풍경 확정(판정 2026-09-28),INSTALL-28
wave28,wave28/candidates-20260928/assets/wildflower_small_winter.png,3bbcf6c5e6c96c6cd810fc74cdf306166b7ee5b88a90fd098b31ec45083e006c,confirmed,,Wave 28 성벽 밖 시골 풍경 확정(판정 2026-09-28),INSTALL-28
wave28,wave28/candidates-20260928/assets/willow_pollard_autumn.png,e1d73cc65c02f77dcec140dc209f24cb29136aaca9604b21e95bb4d70f094e3e,confirmed,,Wave 28 성벽 밖 시골 풍경 확정(판정 2026-09-28),INSTALL-28
wave28,wave28/candidates-20260928/assets/willow_pollard_summer.png,f4d8c44d1d74e70095574dc75692f3958e4df8e1dc8eff183c50153345dcbed5,confirmed,,Wave 28 성벽 밖 시골 풍경 확정(판정 2026-09-28),INSTALL-28
wave28,wave28/candidates-20260928/assets/willow_pollard_winter.png,61961018d6ce94bae247fa04c606e556f81b796c6ca5214120eaefd544f65352,confirmed,,Wave 28 성벽 밖 시골 풍경 확정(판정 2026-09-28),INSTALL-28
wave28,wave28/candidates-20260928/proofs/01-outside-before-after.png,6459d621a1cb6bed73e098c525aa4c87f8713d0c08a2a1f564c2f0901ff99b57,confirmed,,Wave 28 확인 그림(판정 2026-09-28),
wave28,wave28/candidates-20260928/proofs/02-three-seasons.png,42f447aa1acb6c1d4540eed8ffa4471ed018812c7b01e5509e57debbb2119639,confirmed,,Wave 28 확인 그림(판정 2026-09-28),
wave28,wave28/candidates-20260928/records/overlay-autumn.png,add4db2770f5b86b23e1fdd9b07d30f31ccba053fd3bda74ee1d1a29eee300a0,confirmed,,Wave 28 기록 그림(판정 2026-09-28) · 작업 폴더에만 있던 확인 그림 합성 층,
wave28,wave28/candidates-20260928/records/overlay-summer.png,d28f222ee8d21b4f722d27335d2b54cc9671e3b0ce713babd90038beea07627e,confirmed,,Wave 28 기록 그림(판정 2026-09-28) · 작업 폴더에만 있던 확인 그림 합성 층,
wave28,wave28/candidates-20260928/records/overlay-winter.png,4e6e162ecd1e74b48ec64465233d3f17fd4da29287818372fbe9554d9627b225,confirmed,,Wave 28 기록 그림(판정 2026-09-28) · 작업 폴더에만 있던 확인 그림 합성 층,
wave28,wave28/candidates-20260928/records/repeat-x3-qa.jpg,4320c5d7823eed6a67f50cb919c6bf0d2b5e97270d75313996c35c3378f9870d,confirmed,,Wave 28 기록 그림(판정 2026-09-28),
wave28,wave28/candidates-20260928/records/scene-autumn.png,50a98ab4186ec24e8aea0c7888ed1315e6533abd9f867c0284b3698ab196d921,confirmed,,Wave 28 기록 그림(판정 2026-09-28) · 작업 폴더에만 있던 확인 그림 합성 층,
wave28,wave28/candidates-20260928/records/scene-summer.png,c46a1302d84f91662290ff63d72f08070c3007aa5594b3bd1facd227327f21d1,confirmed,,Wave 28 기록 그림(판정 2026-09-28) · 작업 폴더에만 있던 확인 그림 합성 층,
wave28,wave28/candidates-20260928/records/scene-winter.png,ac47e4ff25fe3a6f807bf1ba03133c560611f4484a8469e39ab186471d7a3d9d,confirmed,,Wave 28 기록 그림(판정 2026-09-28) · 작업 폴더에만 있던 확인 그림 합성 층,
wave28,wave28/candidates-20260928/records/smallprops-actual-size-qa.jpg,32a6e92feca1c5c6b705f8d32054488a16f26a6019a20689b249b7cb5473e8d5,confirmed,,Wave 28 기록 그림(판정 2026-09-28),
wave28,wave28/candidates-20260928/records/trees-actual-size-qa.jpg,883ab34c2caf9dbb698f18c513d13157c40aa8abe085a352c01b19e1beb7a48a,confirmed,,Wave 28 기록 그림(판정 2026-09-28),
wave29,wave29/candidates-20260928/assets/water/current_arrows_ne_sheet-v1.png,5a717792866bd5f218bc59f5c41cbe8c531a9eb26a5af1e59a90e5917989abfb,confirmed,,Wave 29 물 움직임 시트 확정(판정 2026-09-28),INSTALL-29
wave29,wave29/candidates-20260928/assets/water/current_arrows_nw_sheet-v1.png,fff8e60530fd333161c4d3cce6e3b3f1c0e9037862b7c8df22a9c266e44353a6,confirmed,,Wave 29 물 움직임 시트 확정(판정 2026-09-28),INSTALL-29
wave29,wave29/candidates-20260928/assets/water/current_arrows_se_sheet-v1.png,d19a3dc9d9133aa02b958de2537140d76c2cec1fbdffd1e9a6d0308e21e5455d,confirmed,,Wave 29 물 움직임 시트 확정(판정 2026-09-28),INSTALL-29
wave29,wave29/candidates-20260928/assets/water/current_arrows_sw_sheet-v1.png,750c85eda72458439ad564288003cd3b678b947a1db1d5601f21804205139bf4,confirmed,,Wave 29 물 움직임 시트 확정(판정 2026-09-28),INSTALL-29
wave29,wave29/candidates-20260928/assets/water/fish_ring-v1.png,879173f6913337fe13fd7292072bf0b5dab0149fe791b1371d45af0537dc5b7a,confirmed,,Wave 29 물 움직임 시트 확정(판정 2026-09-28),INSTALL-29
wave29,wave29/candidates-20260928/assets/water/ice_edge-v1.png,66361a3226c3d419fd9705ee7975fb5addc1e6c672048d823a8e0ace4ebb30f8,confirmed,,Wave 29 물 움직임 시트 확정(판정 2026-09-28),INSTALL-29
wave29,wave29/candidates-20260928/assets/water/mill_race_sheet-v1.png,ade919c3f5da22b78b3eb242f24ca32b616550596c4cba16e49312f4e6e86f4c,confirmed,,Wave 29 물 움직임 시트 확정(판정 2026-09-28),INSTALL-29
wave29,wave29/candidates-20260928/assets/water/reeds_sway_a_sheet-v1.png,3496bceb5837d946a3397b7a43fa25907da10c3f7e8e91ff864a12fe068d8a35,confirmed,,Wave 29 물 움직임 시트 확정(판정 2026-09-28),INSTALL-29
wave29,wave29/candidates-20260928/assets/water/reeds_sway_b_sheet-v1.png,ef97b010046ffa6198bbdc255a9cc34fc5510e2f4334301d20877a2bd57de782,confirmed,,Wave 29 물 움직임 시트 확정(판정 2026-09-28),INSTALL-29
wave29,wave29/candidates-20260928/assets/water/reeds_sway_c_sheet-v1.png,dfe9920bf896f4994855c9e627e93e12d90f692df86c71a04aa1f8312a1347e8,confirmed,,Wave 29 물 움직임 시트 확정(판정 2026-09-28),INSTALL-29
wave29,wave29/candidates-20260928/assets/water/ripple_shallow_sheet-v1.png,20d042438a83249586b51fdc393f9ce44976c1b678e9b7c243cba667be399666,confirmed,,Wave 29 물 움직임 시트 확정(판정 2026-09-28),INSTALL-29
wave29,wave29/candidates-20260928/assets/water/ripple_sheet-v1.png,9e697d3fc6f15eb6bd2a1bc26baca49c1e3298cd2174feffedb063322fe1f926,confirmed,,Wave 29 물 움직임 시트 확정(판정 2026-09-28),INSTALL-29
wave29,wave29/candidates-20260928/assets/water/shore_foam_sheet-v1.png,813dc4e75cd5e303a200ee5a909c20abd6161150a366a8dd6a09b75c621127c7,confirmed,,Wave 29 물 움직임 시트 확정(판정 2026-09-28),INSTALL-29
wave29,wave29/candidates-20260928/assets/water/sparkle-v1.png,8b289179247b200b6637ff4620cabb4872795320344f0a240968f0b4708313af,confirmed,,Wave 29 물 움직임 시트 확정(판정 2026-09-28),INSTALL-29
wave29,wave29/candidates-20260928/proofs/01_lake_and_six_frames.png,61c1131263524c39b6805aa11dba8602b02c49505a65d92c313be119b26b0591,confirmed,,Wave 29 확인 그림(판정 2026-09-28),
wave29,wave29/candidates-20260928/proofs/02_tile_and_loop_seams.png,f0a3876a501e7cae953478c9f089e6723365c08f50e1c733e1143137c7f2610d,confirmed,,Wave 29 확인 그림(판정 2026-09-28),
wave29,wave29/candidates-20260928/records/previews/current_arrows_ne_sheet-preview.png,08f4c636adbb20b75648ad2531e596a6e583e9a6f9c0c76e883e2c87a924528a,confirmed,,Wave 29 미리보기(대표 프레임) · 기록 그림(판정 2026-09-28),
wave29,wave29/candidates-20260928/records/previews/current_arrows_nw_sheet-preview.png,7badd7faa04075747cea315cac7c51ad8aea3e7fa65af6cb89e61923bd571d39,confirmed,,Wave 29 미리보기(대표 프레임) · 기록 그림(판정 2026-09-28),
wave29,wave29/candidates-20260928/records/previews/current_arrows_se_sheet-preview.png,3267e6a9f654a737c4519e1744e14a4168fc78288665f117442b0e58e1eae87f,confirmed,,Wave 29 미리보기(대표 프레임) · 기록 그림(판정 2026-09-28),
wave29,wave29/candidates-20260928/records/previews/current_arrows_sw_sheet-preview.png,b4ef23e5bcb0a49037c47acdd8b6651f2f1f014102d65fd4abbdeb6668512a15,confirmed,,Wave 29 미리보기(대표 프레임) · 기록 그림(판정 2026-09-28),
wave29,wave29/candidates-20260928/records/previews/fish_ring-preview.png,a912e6e95c4b73a2cb416b5f0b62e3dd8a3763435a1ba4e6bf79d5492d070282,confirmed,,Wave 29 미리보기(대표 프레임) · 기록 그림(판정 2026-09-28),
wave29,wave29/candidates-20260928/records/previews/mill_race_sheet-preview.png,4f03c193b3411a4c29f0cfe3a68a947f0580ea3ec4892831428f53646d16e5f5,confirmed,,Wave 29 미리보기(대표 프레임) · 기록 그림(판정 2026-09-28),
wave29,wave29/candidates-20260928/records/previews/reeds_sway_a_sheet-preview.png,7600b4dfa1bc2816b41dc86f23286516a96e21523ec004eee7042f869f80164f,confirmed,,Wave 29 미리보기(대표 프레임) · 기록 그림(판정 2026-09-28),
wave29,wave29/candidates-20260928/records/previews/reeds_sway_b_sheet-preview.png,c562c044aedadbafa51cd2cf19e2559d055b2b9bece821dfa465eae9ddfd4bb4,confirmed,,Wave 29 미리보기(대표 프레임) · 기록 그림(판정 2026-09-28),
wave29,wave29/candidates-20260928/records/previews/reeds_sway_c_sheet-preview.png,3937a6d7f5913ae9ed40fca1b70437998b783921ef5374176735fd03aa2d91ae,confirmed,,Wave 29 미리보기(대표 프레임) · 기록 그림(판정 2026-09-28),
wave29,wave29/candidates-20260928/records/previews/ripple_shallow_sheet-preview.png,7c225204fb8458f9e4c627b9063a02879efe47066e2287e426fc67ed5fb67804,confirmed,,Wave 29 미리보기(대표 프레임) · 기록 그림(판정 2026-09-28),
wave29,wave29/candidates-20260928/records/previews/ripple_sheet-preview.png,50f3399cec3c24dd2c22612a7429bd008ae091cdd5fc3441b88fae5a3c8f58c9,confirmed,,Wave 29 미리보기(대표 프레임) · 기록 그림(판정 2026-09-28),
wave29,wave29/candidates-20260928/records/previews/shore_foam_sheet-preview.png,3b3bb3cb1b1bfb94f6545ff914428f435e77e30b2af0ad784d1167d06dabce20,confirmed,,Wave 29 미리보기(대표 프레임) · 기록 그림(판정 2026-09-28),
wave29,wave29/candidates-20260928/records/previews/sparkle-preview.png,4b8ef7adbe3c3bfa376158894d63468a8bbd780420104ac4df22ea79be1b5607,confirmed,,Wave 29 미리보기(대표 프레임) · 기록 그림(판정 2026-09-28),
wave29,wave29/candidates-20260928/records/qa/browser-0.png,ead41c2cfec894c6a992bc86aaf580aa82612875a11064bfb3bdf8b77d72ec55,confirmed,,Wave 29 기록 그림(판정 2026-09-28),
wave29,wave29/candidates-20260928/records/qa/browser-1.png,6373703ea0074b1c676c96f00b8d88e591408dc5aea199013622b8fce7cab846,confirmed,,Wave 29 기록 그림(판정 2026-09-28),
wave29,wave29/candidates-20260928/records/qa/browser-2.png,0eccb76431837a4d0ae6bf76e29f938ec9d8e27f904d6a9aef2eaf9f85ee5c10,confirmed,,Wave 29 기록 그림(판정 2026-09-28),
wave3,wave3/candidates-20260926/assets/bld/alehouse_a.png,21d18e57cf502b21559dbed0e9c43a75c895467967c62704e036a6682cf25520,confirmed,,Wave 3 확정,INSTALL-3
wave3,wave3/candidates-20260926/assets/bld/alehouse_b.png,96b30a47828c925c469be6b1a4aa4d9bfe7f41a1a38d5058349020cf95fa94e6,confirmed,,Wave 3 확정,INSTALL-3
wave3,wave3/candidates-20260926/assets/bld/brewhouse.png,8d0dcc7118a6c17f4f4d744d6580967fbb98f6efd60bada6034fc071620ab69b,confirmed,,Wave 3 확정,INSTALL-3
wave3,wave3/candidates-20260926/assets/bld/cloth_hall.png,def9d60baad48d5722308f7274ded5e4b9111c80b597c4820bd959d021ad30e5,confirmed,,Wave 3 확정,
wave3,wave3/candidates-20260926/assets/bld/dyehouse_a.png,5a3d6dc7d4d31b22f91453599f42b6eccbb7e8b22f6635cc6c246090813ad34a,confirmed,,Wave 3 확정,CLOTH-UI
wave3,wave3/candidates-20260926/assets/bld/dyehouse_b.png,12b95535772714e0bfe7a91c10f1bca3bbf9bab95b254ba83dc4787fc868785d,confirmed,,Wave 3 확정,CLOTH-UI
wave3,wave3/candidates-20260926/assets/bld/dyehouse_state_active-overlay.png,af616e6f306ec400dc52e0c25f2ac036ab41395308e57da0e95ec8df7ed675da,confirmed,,Wave 3 확정,CLOTH-UI
wave3,wave3/candidates-20260926/assets/bld/fulling_mill_nesw.png,924692a2c6491b041963fcfe5ea716690c4344b79a5149213496b68d9b5521c0,confirmed,,Wave 3 확정,CLOTH-UI
wave3,wave3/candidates-20260926/assets/bld/fulling_mill_nwse.png,85a158ba38a8c6845908da035d9ff0434d56ffa6b381536b872e09116170d1bf,confirmed,,Wave 3 확정,CLOTH-UI
wave3,wave3/candidates-20260926/assets/bld/fulling_mill_wheel_sheet.png,a925057d0175bd5224bb31fb4f93ee300b929208dc84cf9b158263e0015ba38e,confirmed,,Wave 3 확정,CLOTH-UI
wave3,wave3/candidates-20260926/assets/bld/malthouse_a.png,c41fcb44347568593d0407110f2bdf5402f2b0f77ced769baa7212156310a751,confirmed,,Wave 3 확정,INSTALL-3
wave3,wave3/candidates-20260926/assets/bld/malthouse_b.png,a29f300d99a6435e9855d3db1e24ea0ceb955d0b859d6616f8b1955b5c152b84,confirmed,,Wave 3 확정,INSTALL-3
wave3,wave3/candidates-20260926/assets/bld/shepherd_hut.png,29506fe186ca9d96dec0cd3b34e4aec93af4c56b3edb409d845265eef32bb221,confirmed,,Wave 3 확정,CLOTH-UI
wave3,wave3/candidates-20260926/assets/bld/weaver_house_a.png,1a447eb9406e497dee48e863136f31f083e9f01111893d86ab6b3280a960d6af,confirmed,,Wave 3 확정,CLOTH-UI
wave3,wave3/candidates-20260926/assets/bld/weaver_house_b.png,2ba8c09b215cfa9d310aab87a5a39151dc55cd00beb25d27878b18fbc640e0cf,confirmed,,Wave 3 확정,CLOTH-UI
wave3,wave3/candidates-20260926/assets/bld/woolhouse.png,874bdc74800a5ba2dc136340e58dbd1df8a4608f911f995e07090d84911cba4f,confirmed,,Wave 3 확정,CLOTH-UI
wave3,wave3/candidates-20260926/assets/field/ridge_barley_growing_a-v1.png,e54ff0e94c84e4bae7c747fa06a28e7f9f83baa518070d1158e9a17bb96a80e4,confirmed,,Wave 3 확정,INSTALL-3
wave3,wave3/candidates-20260926/assets/field/ridge_barley_growing_b-v1.png,b22794f4fd4deb371d2e1afd905c6356ab13af1529a9f73e2ad9116349b3cc2d,confirmed,,Wave 3 확정,INSTALL-3
wave3,wave3/candidates-20260926/assets/field/ridge_barley_ripe_a-v1.png,3c3dfdb0f858f637d33ae08b820e1f0a87dd57a2f982bab5d8a5d560a47a2e3c,superseded,wave3/fix-20260926/assets/field/ridge_barley_ripe_a-v1.png,재작업본 도착(wave3-fix 2026-09-26 08:51) — 재작업본은 판정 전,
wave3,wave3/candidates-20260926/assets/field/ridge_barley_ripe_b-v1.png,484ef128832272452e4cb1fbdff54ea2c8d900b2f78172f02f6f09b92aad197f,superseded,wave3/fix-20260926/assets/field/ridge_barley_ripe_b-v1.png,재작업본 도착(wave3-fix 2026-09-26 08:51) — 재작업본은 판정 전,
wave3,wave3/candidates-20260926/assets/icons/icon_building_chain_sheet.png,4b5892f545773b37ea36fe4aa368ae28fdbece6a70a64f5ab6f7ddd2ede2f2ff,confirmed,,Wave 3 확정,INSTALL-3
wave3,wave3/candidates-20260926/assets/icons/icon_resource_chain_sheet.png,df46184b01a2511c84270f251781c88b329e222342cff79a52bbab0fba55f490,confirmed,,Wave 3 확정,INSTALL-3
wave3,wave3/candidates-20260926/assets/loads/cart_load_ale_barrels_ne-v1.png,2fabbefc39d0777e24827bfbc78b4ed00eed14e4b226e7a17fd1f4537529fa02,confirmed,,Wave 3 확정,INSTALL-3
wave3,wave3/candidates-20260926/assets/loads/cart_load_ale_barrels_nw-v1.png,2dacbdd102f4a088aa44e788d98178ef4c5ce73ab2dbc34aff6bacaecf6eea2d,confirmed,,Wave 3 확정,INSTALL-3
wave3,wave3/candidates-20260926/assets/loads/cart_load_barley_ne-v1.png,2f56e5f1d9bee7f878f97dea5870da4b6b770c4165e6e1ab875eceb03021fd91,superseded,wave3/fix-20260926/assets/loads/cart_load_barley_ne-v1.png,재작업본 도착(wave3-fix 2026-09-26 08:51) — 재작업본은 판정 전,
wave3,wave3/candidates-20260926/assets/loads/cart_load_barley_nw-v1.png,e04038dfc62d263037d98024485fd587ffc1a98bf7510eec9ab408ac27ab40c9,superseded,wave3/fix-20260926/assets/loads/cart_load_barley_nw-v1.png,재작업본 도착(wave3-fix 2026-09-26 08:51) — 재작업본은 판정 전,
wave3,wave3/candidates-20260926/assets/loads/cart_load_cloth_dyed_ne-v1.png,2b73490628fec1bd4bc6ce80fdce0f312a486c0b890750618882bba3454d159b,superseded,wave3/fix-20260926/assets/loads/cart_load_cloth_dyed_ne-v1.png,재작업본 도착(wave3-fix 2026-09-26 08:51) — 재작업본은 판정 전,
wave3,wave3/candidates-20260926/assets/loads/cart_load_cloth_dyed_nw-v1.png,d178d313f0ce58a948cf29ed53d9f797d372a4644f71c1591cf0734a205e0dee,superseded,wave3/fix-20260926/assets/loads/cart_load_cloth_dyed_nw-v1.png,재작업본 도착(wave3-fix 2026-09-26 08:51) — 재작업본은 판정 전,
wave3,wave3/candidates-20260926/assets/loads/cart_load_cloth_raw_ne-v1.png,dbc5e9eb070ce653b41c99892b1d40f729717be86c31abcf34f20decfbb6b10f,confirmed,,Wave 3 확정,CLOTH-UI
wave3,wave3/candidates-20260926/assets/loads/cart_load_cloth_raw_nw-v1.png,685d0af2450348118f616a025c2c154d8305910767d260cfdf2e9af4349b563c,confirmed,,Wave 3 확정,CLOTH-UI
wave3,wave3/candidates-20260926/assets/loads/cart_load_malt_ne-v1.png,1c25db03f62dbece64e302569425f948125be364e7d29d2b529026a4f9feb24b,confirmed,,Wave 3 확정,INSTALL-3
wave3,wave3/candidates-20260926/assets/loads/cart_load_malt_nw-v1.png,8725a007d7c2dc413da76b39f429c90784492fc4d339db7f5a541ac75a03da3b,confirmed,,Wave 3 확정,INSTALL-3
wave3,wave3/candidates-20260926/assets/loads/cart_load_wool_bales_ne-v1.png,16772ed484e7fd9bbc1e979186ed1642a0fcfb662bcdcc294e450ae0bced6e8f,confirmed,,Wave 3 확정,CLOTH-UI
wave3,wave3/candidates-20260926/assets/loads/cart_load_wool_bales_nw-v1.png,7636f25429f90d4290b4061777fbd7b1cf87cdf51d5c260db43e2d300206e37d,confirmed,,Wave 3 확정,CLOTH-UI
wave3,wave3/candidates-20260926/assets/pasture/shearing_pen-v1.png,e199eb13969f5cd61e9f8724321c0649ed4a4fca727dbd6c3abc6eda03094058,confirmed,,Wave 3 확정,
wave3,wave3/candidates-20260926/assets/pasture/sheepfold-v1.png,254f5fce93678df38ec5665cbe1ffb5d1431477af6c8da3eb1a26f793c23e824,confirmed,,Wave 3 확정,
wave3,wave3/candidates-20260926/assets/pasture/wash_pool-v1.png,4c824dc6538aa379611c01575ee841412497fa7da43befd4dd4216803c3e821f,confirmed,,Wave 3 확정,
wave3,wave3/candidates-20260926/assets/pile/ale_barrels_1-v1.png,40e8ab1abcc6b8287d5191794a11106699da1cc9411ad9904d64ca87d1b07d85,confirmed,,Wave 3 확정,INSTALL-3
wave3,wave3/candidates-20260926/assets/pile/ale_barrels_2-v1.png,6e968c43e62a3e0baf63f3dab1286aec1968743cb08d6697acadc13c9de49c9c,confirmed,,Wave 3 확정,INSTALL-3
wave3,wave3/candidates-20260926/assets/pile/ale_barrels_3-v1.png,d4c64fe8baaacb65662dd62c506b4c453497e873d4908b085e74df5f0f82617c,confirmed,,Wave 3 확정,INSTALL-3
wave3,wave3/candidates-20260926/assets/pile/barley_sacks_1-v1.png,909855e7b84272c581e693a621fda1692de9af841a34df99cb8023790968ff06,superseded,wave3/fix-20260926/assets/pile/barley_sacks_1-v1.png,재작업본 도착(wave3-fix 2026-09-26 08:51) — 재작업본은 판정 전,
wave3,wave3/candidates-20260926/assets/pile/barley_sacks_2-v1.png,100d3dc891e780897ed5e7e210764b8683ad28a2e7374ab3d4e0b7637bdf2ad3,superseded,wave3/fix-20260926/assets/pile/barley_sacks_2-v1.png,재작업본 도착(wave3-fix 2026-09-26 08:51) — 재작업본은 판정 전,
wave3,wave3/candidates-20260926/assets/pile/barley_sacks_3-v1.png,3917b88d5dc2bf11ed988792f356d897b75093e5235b2379482148cf772f9d94,superseded,wave3/fix-20260926/assets/pile/barley_sacks_3-v1.png,재작업본 도착(wave3-fix 2026-09-26 08:51) — 재작업본은 판정 전,
wave3,wave3/candidates-20260926/assets/pile/cloth_bolts_raw_1-v1.png,8797cfbff38477a155e33f39763eb00f86bb69e77211676237ee7407f5bf899e,confirmed,,Wave 3 확정,CLOTH-UI
wave3,wave3/candidates-20260926/assets/pile/cloth_bolts_raw_2-v1.png,9d567c8bed22a67ccbbc37d426ba9ed4e6a452a1a9dc9c4089ca781f0fa1f65f,confirmed,,Wave 3 확정,CLOTH-UI
wave3,wave3/candidates-20260926/assets/pile/cloth_bolts_raw_3-v1.png,fef27aff37b185a670e9b5ed76f547c1305a3ec73d99c01452f3d8ce615758cc,confirmed,,Wave 3 확정,CLOTH-UI
wave3,wave3/candidates-20260926/assets/pile/fleece_heap_1-v1.png,8661625dce9585ccd368c8ff65e097036d197440fd7d68596fe09ffed4984bd1,confirmed,,Wave 3 확정,CLOTH-UI
wave3,wave3/candidates-20260926/assets/pile/fleece_heap_2-v1.png,1b733f25ffc43bde189476c4095ace3872788b34e7434957929613d12d106724,confirmed,,Wave 3 확정,CLOTH-UI
wave3,wave3/candidates-20260926/assets/pile/fleece_heap_3-v1.png,3692f314f04f849fbad91375a43e81b01f01f46acbf99cfebab382c6fa64e358,confirmed,,Wave 3 확정,CLOTH-UI
wave3,wave3/candidates-20260926/assets/pile/malt_sacks_1-v1.png,2b16965e0433e92b20093173006f59e164d450d4af6f3bf3497f1664e3c12ed6,confirmed,,Wave 3 확정,INSTALL-3
wave3,wave3/candidates-20260926/assets/pile/malt_sacks_2-v1.png,440a6c94cadc396f09ab9f0d1096a1e0b9511474b9156ab0982c0ea52968d806,confirmed,,Wave 3 확정,INSTALL-3
wave3,wave3/candidates-20260926/assets/pile/malt_sacks_3-v1.png,4019ed1b8292952454e223fa9afcb5a53bbe2badf2c122a42e7ac6b6980b322e,confirmed,,Wave 3 확정,INSTALL-3
wave3,wave3/candidates-20260926/assets/pile/wool_bales_1-v1.png,4a4396b9d20543f6e48854ff43a2498e9c8ee1af3702a960988b22a0b3d341e7,confirmed,,Wave 3 확정,CLOTH-UI
wave3,wave3/candidates-20260926/assets/pile/wool_bales_2-v1.png,49b79e2cedc94b48711297c3be36f2c47664d6fa5a11c1c611e43df8ceef01cf,confirmed,,Wave 3 확정,CLOTH-UI
wave3,wave3/candidates-20260926/assets/pile/wool_bales_3-v1.png,0ba97091b0acfc0dd7b77bbc3328f95409c80c49dfdae0284efc37aeb91ccf4e,confirmed,,Wave 3 확정,CLOTH-UI
wave3,wave3/candidates-20260926/assets/pile/yarn_skeins_1-v1.png,ab4d4af4481222bcce03ecc20174ad3acd9057243d35103846c06daba231268b,confirmed,,Wave 3 확정,CLOTH-UI
wave3,wave3/candidates-20260926/assets/pile/yarn_skeins_2-v1.png,43eb0888eee5e4fb610c7c0448a266cdbde33422337c3a3c5cdc6fffd1cdbf63,confirmed,,Wave 3 확정,CLOTH-UI
wave3,wave3/candidates-20260926/assets/pile/yarn_skeins_3-v1.png,ccd75c2da07c89165a1d90e593f9371e95f19459cd96184ffbe1139e565e566f,confirmed,,Wave 3 확정,CLOTH-UI
wave3,wave3/candidates-20260926/assets/props/work_distaff_ne-v1.png,7c52a85b4745ee7e855f833fedeb36fada1faaabbd8e20c7d020752c868dfcdf,confirmed,,Wave 3 확정,
wave3,wave3/candidates-20260926/assets/props/work_distaff_nw-v1.png,2f9a466f67b9e694c99ce437db876c62ccca6a7a4a966a10ee0c82d8093d7dd7,confirmed,,Wave 3 확정,
wave3,wave3/candidates-20260926/assets/props/work_distaff_se-v1.png,955e34b2de405be411909ad884a88373d55bb760be40ec93bc7909eb05e51d40,confirmed,,Wave 3 확정,
wave3,wave3/candidates-20260926/assets/props/work_distaff_sw-v1.png,6b650f813f0fedd47bc7853e60a64bfba989d3c78a7d075d0bb0905b7a4cb794,confirmed,,Wave 3 확정,
wave3,wave3/candidates-20260926/assets/props/work_dye_paddle_ne-v1.png,8a586e3462b3ccd00e1405ade76043c8c4c584f240234954b4158b28c7cb5504,confirmed,,Wave 3 확정,
wave3,wave3/candidates-20260926/assets/props/work_dye_paddle_nw-v1.png,12cfeca936719018e8058fe15a5296eb7da0c0a517604bfe82d5866775dea133,confirmed,,Wave 3 확정,
wave3,wave3/candidates-20260926/assets/props/work_dye_paddle_se-v1.png,662644b08e09e7c3cf60f1bed6581fda271be59b0645a7c9985c43411aa513e9,confirmed,,Wave 3 확정,
wave3,wave3/candidates-20260926/assets/props/work_dye_paddle_sw-v1.png,cb2dcadcadf633d22fbaa7e95ef1e6bf697385e2b068e5ce9d48125071da93b5,confirmed,,Wave 3 확정,
wave3,wave3/candidates-20260926/assets/props/work_shears_ne-v1.png,8c5c0c7665bab11d97171dabddc268a99621f49fa1b59e35eafbe5905d2adae0,confirmed,,Wave 3 확정,
wave3,wave3/candidates-20260926/assets/props/work_shears_nw-v1.png,da3d50a553737949bb5b222b9979062ee73283d1e042deae025f0b237c4fccd5,confirmed,,Wave 3 확정,
wave3,wave3/candidates-20260926/assets/props/work_shears_se-v1.png,42dbc4d7b54689631da275d7dab966dbc6b81eba4bee34a4df9ee573455e54c6,confirmed,,Wave 3 확정,
wave3,wave3/candidates-20260926/assets/props/work_shears_sw-v1.png,fd14c249938e58bde90be917e3338a8840ee089f2e1e1cd4e2b2e67731f843e7,confirmed,,Wave 3 확정,
wave3,wave3/candidates-20260926/assets/props/work_shepherd_crook_ne-v1.png,1b37582a3efeee6846f56ab24409b7ba78b6638fe67f3b84540c455295fb8d23,confirmed,,Wave 3 확정,
wave3,wave3/candidates-20260926/assets/props/work_shepherd_crook_nw-v1.png,0ce88ad1694d181d34c81f831be32350a9c6cde61f38805ad96ad2998f085df0,confirmed,,Wave 3 확정,
wave3,wave3/candidates-20260926/assets/props/work_shepherd_crook_se-v1.png,dca8cb8d396093d581a9831a277a9cf7e460bac1fd3a3fb5a29d7fd67c4dd0eb,confirmed,,Wave 3 확정,
wave3,wave3/candidates-20260926/assets/props/work_shepherd_crook_sw-v1.png,768d6ef04ddad3acdeefa0945816200bac78549c308423c361e0c1cb7cc807c5,confirmed,,Wave 3 확정,
wave3,wave3/candidates-20260926/assets/workers/wk_alewife-v1.png,7a0af84bf045cb86f027fbc863e296739f23b3714dbc3456b3f1f479c4132a32,confirmed,,Wave 3 확정,INSTALL-3
wave3,wave3/candidates-20260926/assets/workers/wk_fuller-v1.png,22e285bb41e2db2f0ae4eafdbe63ec6e47c4ea938edfb561c427416ae7e26db7,confirmed,,Wave 3 확정,CLOTH-UI
wave3,wave3/candidates-20260926/assets/workers/wk_maltster-v1.png,51a88b5419c7183aa54a4bb860e06c27e60a79edf4cb92743a6fac3cd2bb6a65,confirmed,,Wave 3 확정,INSTALL-3
wave3,wave3/candidates-20260926/assets/workers/wk_shepherd-v1.png,1c3e5e964495758ed80aee55f434c4698c560762db4a5b98345cf08833e14d49,confirmed,,Wave 3 확정,CLOTH-UI
wave3,wave3/candidates-20260926/assets/workers/wk_wool_merchant-v1.png,6ea88d26c798aca68fe8877af25ae826076bb506ccea66e6dfae2bd3079f2a2c,confirmed,,Wave 3 확정,CLOTH-UI
wave3,wave3/candidates-20260926/assets/yard/tenter_frames_a-v1.png,958430122112831e3674bb54d29d267b03a3d098a335df674f32bbb9a9ae937b,confirmed,,Wave 3 확정,CLOTH-UI
wave3,wave3/candidates-20260926/assets/yard/tenter_frames_b-v1.png,d1467b6d2f2c4678f26aca2c27f3b715424c6d47c280256f651555aab1623ac9,confirmed,,Wave 3 확정,CLOTH-UI
wave3,wave3/candidates-20260926/assets/yard/tenter_frames_dyed-v1.png,982f05b4fe07ab217511e669057e609d2715142cf36f9a65055216ef906f3604,superseded,wave3/fix-20260926/assets/yard/tenter_frames_dyed-v1.png,재작업본 도착(wave3-fix 2026-09-26 08:51) — 재작업본은 판정 전,
wave3,wave3/candidates-20260926/proofs/checks/01-ale-chain.png,82463c6648522e1d9750d5ec27683767c729ab8df5e47dd2055079f38175abf0,confirmed,,확인 그림,
wave3,wave3/candidates-20260926/proofs/checks/02-textile-chain.png,9bafeec7c967c7e1a246f76ded51125dac1b35536179ee1639de71c41c93211b,confirmed,,확인 그림,
wave3,wave3/candidates-20260926/proofs/checks/03-piles-cargo-zoom06.png,0a59b5274a2734cd39145b9bffe238656068358381e1a00010e18041f0e2a291,confirmed,,확인 그림,
wave3,wave3/candidates-20260926/proofs/checks/04-buildings-workers.png,6e1486b02396298e6e6f4a6044791caf516fa6802f5728fe58446590618e441d,confirmed,,확인 그림,
wave3,wave3/candidates-20260926/proofs/checks/05-icons-24px.png,7504c3ec61e0d07ba930b345a33d4e5ab06d021686d0b7704a12cc8d6d8c8786,confirmed,,확인 그림,
wave3,wave3/fix-20260926/assets/field/ridge_barley_ripe_a-v1.png,c802e3af1e798e488d0bb0c4bb8c27bc552b598a5d804514c39424bdd86cf303,confirmed,,Wave 3 재작업본 확정(판정 2026-09-26),INSTALL-3
wave3,wave3/fix-20260926/assets/field/ridge_barley_ripe_b-v1.png,f5737d6614b015f6ecd7366688e03c2d2bf8df3c70d5726447bd1bb5dcd04bb8,confirmed,,Wave 3 재작업본 확정(판정 2026-09-26),INSTALL-3
wave3,wave3/fix-20260926/assets/loads/cart_load_barley_ne-v1.png,19add5467dfc8eb32ab3b14b027b86be7cafd8656e403be9506c0d936546c070,confirmed,,Wave 3 재작업본 확정(판정 2026-09-26),INSTALL-3
wave3,wave3/fix-20260926/assets/loads/cart_load_barley_nw-v1.png,a0c40a2f00571c310347710e8b7bc7fa0f2894bee437f48fd5a2e7d22a813272,confirmed,,Wave 3 재작업본 확정(판정 2026-09-26),INSTALL-3
wave3,wave3/fix-20260926/assets/loads/cart_load_cloth_dyed_ne-v1.png,c27a5541da0eb8fc8a1a3db6ceee48915f9728830029228b8c9a028b91088a5a,confirmed,,Wave 3 재작업본 확정(판정 2026-09-26),CLOTH-UI
wave3,wave3/fix-20260926/assets/loads/cart_load_cloth_dyed_nw-v1.png,0a9f424713d717c7224b19ba1ca58e4a1186a5dfbe682ea29598b1d50fd8c53f,confirmed,,Wave 3 재작업본 확정(판정 2026-09-26),CLOTH-UI
wave3,wave3/fix-20260926/assets/pile/barley_sacks_1-v1.png,dbf056248c3711db3732972136c04989b5a392a86d11fef4a28b1475efb747c3,confirmed,,Wave 3 재작업본 확정(판정 2026-09-26),INSTALL-3
wave3,wave3/fix-20260926/assets/pile/barley_sacks_2-v1.png,966c4db27aa2125038a74cbcaa3c90ab8aa2bd364d6805bbeca3538f8a4d3b33,confirmed,,Wave 3 재작업본 확정(판정 2026-09-26),INSTALL-3
wave3,wave3/fix-20260926/assets/pile/barley_sacks_3-v1.png,2e29cbe52045585e027da64f649e16bc1ab8238e0030c6fae3d6be3072f4c98d,confirmed,,Wave 3 재작업본 확정(판정 2026-09-26),INSTALL-3
wave3,wave3/fix-20260926/assets/yard/tenter_frames_dyed-v1.png,f63a99fd7e77a6fb985fb03d5d8d14181aaaa53d8d327c006121c9febf60d791,confirmed,,Wave 3 재작업본 확정(판정 2026-09-26),CLOTH-UI
wave3,wave3/fix-20260926/proofs/checks/01-wheat-barley-dye-comparison.png,51e5edc52fb1257cacd3dae1f4d3d8c301f3e816d4a9bc2816b8796e4f3e7666,confirmed,,Wave 3 재작업본 확정(판정 2026-09-26) · 확인 그림,
wave30,wave30/candidates-20260929/assets/house_pair_l2_horizontal_c-v1.png,b6ec842e238bc9111bb5bd438d6b1fcf6f3c94c48c6d47c9897a034309f70c23,confirmed,,Wave 30 합필 집 변형 확정(판정 2026-09-29),INSTALL-30
wave30,wave30/candidates-20260929/assets/house_pair_l2_horizontal_c_boarded-v1.png,b5526ae87a32d043c0bf5f232361cb00edfd82c9391f0cf16b8debe69cb5ec5c,confirmed,,Wave 30 합필 집 상태 오버레이 확정(판정 2026-09-29),INSTALL-30
wave30,wave30/candidates-20260929/assets/house_pair_l2_horizontal_c_fresh-v1.png,d9761f39df2cb465a1ecb2ba3b5880cd7a65c99db1a2609cc2258998db1c170e,confirmed,,Wave 30 합필 집 상태 오버레이 확정(판정 2026-09-29),INSTALL-30
wave30,wave30/candidates-20260929/assets/house_pair_l2_horizontal_c_snow-v1.png,07212663208db6acce06f70a5458d8c8ee329ad908a85380d71e8977fe1af55f,confirmed,,Wave 30 합필 집 상태 오버레이 확정(판정 2026-09-29),INSTALL-30
wave30,wave30/candidates-20260929/assets/house_pair_l2_horizontal_c_weathered-v1.png,32b6c8ec2c4efaf1035e8f5be1468b4a802b33ef879aa925fa873d3702846c0a,confirmed,,Wave 30 합필 집 상태 오버레이 확정(판정 2026-09-29),INSTALL-30
wave30,wave30/candidates-20260929/assets/house_pair_l2_horizontal_d-v1.png,1dc5828d50526f35f26f50f2203113da1cbcd139184f6f4e604282e8bac32d77,confirmed,,Wave 30 합필 집 변형 확정(판정 2026-09-29),INSTALL-30
wave30,wave30/candidates-20260929/assets/house_pair_l2_horizontal_d_boarded-v1.png,b0ec6f3bf20bcbf939457ae5e6ea77fdb5131f968b0f7838fb1f674f812fe7d8,confirmed,,Wave 30 합필 집 상태 오버레이 확정(판정 2026-09-29),INSTALL-30
wave30,wave30/candidates-20260929/assets/house_pair_l2_horizontal_d_fresh-v1.png,98a670657f008db80aebc56f552aaa1cd8759b79b2fb3c55b4d9322402d3a002,confirmed,,Wave 30 합필 집 상태 오버레이 확정(판정 2026-09-29),INSTALL-30
wave30,wave30/candidates-20260929/assets/house_pair_l2_horizontal_d_snow-v1.png,de0bc524c7cda3a4939b0c958e506e6ffc50c48c8b1b6e5a1aa60b94e8da37a2,confirmed,,Wave 30 합필 집 상태 오버레이 확정(판정 2026-09-29),INSTALL-30
wave30,wave30/candidates-20260929/assets/house_pair_l2_horizontal_d_weathered-v1.png,70235a3a69ec788eae1b7d630a3233232b480e42522cb05290a01b45a2d603b6,confirmed,,Wave 30 합필 집 상태 오버레이 확정(판정 2026-09-29),INSTALL-30
wave30,wave30/candidates-20260929/assets/house_pair_l2_horizontal_e-v1.png,9d0880b632169dea96f582d49db289fd0f7e679b938e47b71b371c2a0e027d98,confirmed,,Wave 30 합필 집 변형 확정(판정 2026-09-29),INSTALL-30
wave30,wave30/candidates-20260929/assets/house_pair_l2_horizontal_e_boarded-v1.png,359b530165ae7b00de0bde30f79d74410c5ef4b353c5f3882d8586b7b763d9a3,confirmed,,Wave 30 합필 집 상태 오버레이 확정(판정 2026-09-29),INSTALL-30
wave30,wave30/candidates-20260929/assets/house_pair_l2_horizontal_e_fresh-v1.png,d0d54c8e90854e98ca6d013457a6e5abe1230bfd0c6f1d4e067a99d7c632921c,confirmed,,Wave 30 합필 집 상태 오버레이 확정(판정 2026-09-29),INSTALL-30
wave30,wave30/candidates-20260929/assets/house_pair_l2_horizontal_e_snow-v1.png,bedf6d5fa1e5bf5620eaea6422454d85a5db084243201e2da0a047c92c2325b7,confirmed,,Wave 30 합필 집 상태 오버레이 확정(판정 2026-09-29),INSTALL-30
wave30,wave30/candidates-20260929/assets/house_pair_l2_horizontal_e_weathered-v1.png,c5dd70eb72f400dc89bcc2e9d4eac69b7ac2d0760965d39e33c0a7c8e1474a34,confirmed,,Wave 30 합필 집 상태 오버레이 확정(판정 2026-09-29),INSTALL-30
wave30,wave30/candidates-20260929/assets/house_pair_l2_vertical_c-v1.png,4a45cb1ac33883fab6fc82233b1735674f30dc329f51bcd89cc7411617e29e75,confirmed,,Wave 30 합필 집 변형 확정(판정 2026-09-29),INSTALL-30
wave30,wave30/candidates-20260929/assets/house_pair_l2_vertical_c_boarded-v1.png,c0c7ca1f5854ce2c853398912f993dbd9aa8eca8de5d792718b33f9dbf62be0e,confirmed,,Wave 30 합필 집 상태 오버레이 확정(판정 2026-09-29),INSTALL-30
wave30,wave30/candidates-20260929/assets/house_pair_l2_vertical_c_fresh-v1.png,075b96b92121bc3b3690069bf8810d564f775d5c09a28d54374b2049bebfc1d7,confirmed,,Wave 30 합필 집 상태 오버레이 확정(판정 2026-09-29),INSTALL-30
wave30,wave30/candidates-20260929/assets/house_pair_l2_vertical_c_snow-v1.png,519e5db2d9710a1a354ed9bd88792a50d7198de597ae713ca9b8a883ead8bd1b,confirmed,,Wave 30 합필 집 상태 오버레이 확정(판정 2026-09-29),INSTALL-30
wave30,wave30/candidates-20260929/assets/house_pair_l2_vertical_c_weathered-v1.png,049c915449316188c927cb74ebb7fb748f614cc957b0f9baece3160adb948aa0,confirmed,,Wave 30 합필 집 상태 오버레이 확정(판정 2026-09-29),INSTALL-30
wave30,wave30/candidates-20260929/assets/house_pair_l2_vertical_d-v1.png,9bcd6a04b168a5e21dc07af013a42697b47ad33d529c4e2b15403b9f2b896a5c,confirmed,,Wave 30 합필 집 변형 확정(판정 2026-09-29),INSTALL-30
wave30,wave30/candidates-20260929/assets/house_pair_l2_vertical_d_boarded-v1.png,767d19676da3a45ca44d76c8be8bdb485cdf989dcd3f9d628480202b6c970ff8,confirmed,,Wave 30 합필 집 상태 오버레이 확정(판정 2026-09-29),INSTALL-30
wave30,wave30/candidates-20260929/assets/house_pair_l2_vertical_d_fresh-v1.png,003e3c577709f400f232b8c3a3dc0a8a7c24e60d92f07582762cd0c0c746c451,confirmed,,Wave 30 합필 집 상태 오버레이 확정(판정 2026-09-29),INSTALL-30
wave30,wave30/candidates-20260929/assets/house_pair_l2_vertical_d_snow-v1.png,f05bf72a2484b06e935aa564a2935e9a764fecc738cb6e143d851b1b0911391b,confirmed,,Wave 30 합필 집 상태 오버레이 확정(판정 2026-09-29),INSTALL-30
wave30,wave30/candidates-20260929/assets/house_pair_l2_vertical_d_weathered-v1.png,bf5c4556b0db11d563fd78c7661e2caf5f07223ac3c295fb6e5c62df36270a07,confirmed,,Wave 30 합필 집 상태 오버레이 확정(판정 2026-09-29),INSTALL-30
wave30,wave30/candidates-20260929/assets/house_pair_l2_vertical_e-v1.png,82e84ce5178e397482bc14216dcf45fb237fad45b5401f7cfe93c69fcd1edd35,confirmed,,Wave 30 합필 집 변형 확정(판정 2026-09-29),INSTALL-30
wave30,wave30/candidates-20260929/assets/house_pair_l2_vertical_e_boarded-v1.png,4dab6e49787a44f106fdd3266a9c9a2c4e5cca9512baf674c38e9f5ffb0da47b,confirmed,,Wave 30 합필 집 상태 오버레이 확정(판정 2026-09-29),INSTALL-30
wave30,wave30/candidates-20260929/assets/house_pair_l2_vertical_e_fresh-v1.png,e07a7ab9941cea8f8091297dcc2d50111810cc1ef04e01aac8910970d2cf07b1,confirmed,,Wave 30 합필 집 상태 오버레이 확정(판정 2026-09-29),INSTALL-30
wave30,wave30/candidates-20260929/assets/house_pair_l2_vertical_e_snow-v1.png,92a5c248baa5ceb97ba0071c91e4c5ac0cf88969c77a544dcbc2d263adbda2b7,confirmed,,Wave 30 합필 집 상태 오버레이 확정(판정 2026-09-29),INSTALL-30
wave30,wave30/candidates-20260929/assets/house_pair_l2_vertical_e_weathered-v1.png,f67b5ef32445083da6c6dab8b79ba701542de4e9e398cba4cedb168c4cfe5173,confirmed,,Wave 30 합필 집 상태 오버레이 확정(판정 2026-09-29),INSTALL-30
wave30,wave30/candidates-20260929/assets/house_pair_l3_horizontal_c-v1.png,a5ca047317a2ba071b28d7dd40465531e70704140d0cdb8cea0f31a82b683c95,confirmed,,Wave 30 합필 집 변형 확정(판정 2026-09-29),INSTALL-30
wave30,wave30/candidates-20260929/assets/house_pair_l3_horizontal_c_boarded-v1.png,ab9d2de127e05629ab8820bc5af9e2ed2119b1210b46d05760cf7669e6fc9672,confirmed,,Wave 30 합필 집 상태 오버레이 확정(판정 2026-09-29),INSTALL-30
wave30,wave30/candidates-20260929/assets/house_pair_l3_horizontal_c_fresh-v1.png,59213aa5d2043bf0f2704a80cdfc7e16544dcfe2914acb64e2668ff72e3431a2,confirmed,,Wave 30 합필 집 상태 오버레이 확정(판정 2026-09-29),INSTALL-30
wave30,wave30/candidates-20260929/assets/house_pair_l3_horizontal_c_snow-v1.png,d152184eef7ed850a4f22563c5ecde2db5934084ed0cde07910deb0adfb35b27,confirmed,,Wave 30 합필 집 상태 오버레이 확정(판정 2026-09-29),INSTALL-30
wave30,wave30/candidates-20260929/assets/house_pair_l3_horizontal_c_weathered-v1.png,76ae4799ec7d55765641bb4f15bc3a2649160994fa7fd08e6753e0deed3d58ff,confirmed,,Wave 30 합필 집 상태 오버레이 확정(판정 2026-09-29),INSTALL-30
wave30,wave30/candidates-20260929/assets/house_pair_l3_horizontal_d-v1.png,7815dff8775f3e996c16894aaa7f3a80808e6f06d21346919c506769e0f16553,confirmed,,Wave 30 합필 집 변형 확정(판정 2026-09-29),INSTALL-30
wave30,wave30/candidates-20260929/assets/house_pair_l3_horizontal_d_boarded-v1.png,d73a3ba1be43b418889682ce6348d206c44122e9849b53e9d979f5ebad94ba73,confirmed,,Wave 30 합필 집 상태 오버레이 확정(판정 2026-09-29),INSTALL-30
wave30,wave30/candidates-20260929/assets/house_pair_l3_horizontal_d_fresh-v1.png,df22c4d1909e8d2cd5a4b7d63849a600ad839d88c3c25407c6131ac5a07705ed,confirmed,,Wave 30 합필 집 상태 오버레이 확정(판정 2026-09-29),INSTALL-30
wave30,wave30/candidates-20260929/assets/house_pair_l3_horizontal_d_snow-v1.png,4a3865b94ecbcec23034890533731d8de24d61cc065b9947d373cb30859e760e,confirmed,,Wave 30 합필 집 상태 오버레이 확정(판정 2026-09-29),INSTALL-30
wave30,wave30/candidates-20260929/assets/house_pair_l3_horizontal_d_weathered-v1.png,b3ef65ed200cc43e0e475a6a2ad0d94f74a0a6dfcc3f37bf90c86f944cade9a0,confirmed,,Wave 30 합필 집 상태 오버레이 확정(판정 2026-09-29),INSTALL-30
wave30,wave30/candidates-20260929/assets/house_pair_l3_horizontal_e-v1.png,f455d19fef9ef19ee09da2056e6b68e8e8ec107bc3f615290907e3c1682b6b4e,confirmed,,Wave 30 합필 집 변형 확정(판정 2026-09-29),INSTALL-30
wave30,wave30/candidates-20260929/assets/house_pair_l3_horizontal_e_boarded-v1.png,cee4b1adee671eb213b5279e43db9aaa5d06cad347327584e0d8b97548a2b4e4,confirmed,,Wave 30 합필 집 상태 오버레이 확정(판정 2026-09-29),INSTALL-30
wave30,wave30/candidates-20260929/assets/house_pair_l3_horizontal_e_fresh-v1.png,fafb29d5edf632005fbbf0baefcea5328e32b7daa5bf7ad0f94014fafa91d2d4,confirmed,,Wave 30 합필 집 상태 오버레이 확정(판정 2026-09-29),INSTALL-30
wave30,wave30/candidates-20260929/assets/house_pair_l3_horizontal_e_snow-v1.png,446107213e5897a3adc3ee523178ebc3c1aaaaab83cd8ef125822b59a7b1ed99,confirmed,,Wave 30 합필 집 상태 오버레이 확정(판정 2026-09-29),INSTALL-30
wave30,wave30/candidates-20260929/assets/house_pair_l3_horizontal_e_weathered-v1.png,a808c8bd8a7c0da36d58ed173f15d9054295648de3f473e7c9f1aca97cbc6f6a,confirmed,,Wave 30 합필 집 상태 오버레이 확정(판정 2026-09-29),INSTALL-30
wave30,wave30/candidates-20260929/assets/house_pair_l3_vertical_c-v1.png,ed4629cc1d9dcbc58098fc1d7440daee9b5a9154b3aebc24b6084dbc9a261b38,confirmed,,Wave 30 합필 집 변형 확정(판정 2026-09-29),INSTALL-30
wave30,wave30/candidates-20260929/assets/house_pair_l3_vertical_c_boarded-v1.png,dae7a021310d1e0a058aab76f9128ab6043df6f488bafa8fa9b3843875dc32f2,confirmed,,Wave 30 합필 집 상태 오버레이 확정(판정 2026-09-29),INSTALL-30
wave30,wave30/candidates-20260929/assets/house_pair_l3_vertical_c_fresh-v1.png,78186c27d3bc89a5409d3b4eb9e3d0422747feda5fa695b232611578bb7d2f02,confirmed,,Wave 30 합필 집 상태 오버레이 확정(판정 2026-09-29),INSTALL-30
wave30,wave30/candidates-20260929/assets/house_pair_l3_vertical_c_snow-v1.png,8ad24b05852772ec867701e87655a2b0e6895fdaa0fc55935b6cc0bcf29780fa,confirmed,,Wave 30 합필 집 상태 오버레이 확정(판정 2026-09-29),INSTALL-30
wave30,wave30/candidates-20260929/assets/house_pair_l3_vertical_c_weathered-v1.png,855c6105a4b07c39e3adcaaf4edf2e880510cad1f64f286ec2ab3bb6ba544ed4,confirmed,,Wave 30 합필 집 상태 오버레이 확정(판정 2026-09-29),INSTALL-30
wave30,wave30/candidates-20260929/assets/house_pair_l3_vertical_d-v1.png,68545dc5d995505a2e757d9c56320056160fc3f613fa6f3ba30a03f5004d4378,confirmed,,Wave 30 합필 집 변형 확정(판정 2026-09-29),INSTALL-30
wave30,wave30/candidates-20260929/assets/house_pair_l3_vertical_d_boarded-v1.png,3ecd92d78bcedce86ff1869e9af3da9be5a36e6979d89b8d88426e096d7347f0,confirmed,,Wave 30 합필 집 상태 오버레이 확정(판정 2026-09-29),INSTALL-30
wave30,wave30/candidates-20260929/assets/house_pair_l3_vertical_d_fresh-v1.png,9519adfff021fa32ce0e0c243331a54a0a7590b2ffcadaf147312ca8d8ee7de7,confirmed,,Wave 30 합필 집 상태 오버레이 확정(판정 2026-09-29),INSTALL-30
wave30,wave30/candidates-20260929/assets/house_pair_l3_vertical_d_snow-v1.png,98d56a4addd844b5e5c3ef2835b5911cbbfa588890799dcbd428a61d6c1c3ba8,confirmed,,Wave 30 합필 집 상태 오버레이 확정(판정 2026-09-29),INSTALL-30
wave30,wave30/candidates-20260929/assets/house_pair_l3_vertical_d_weathered-v1.png,c6c88c414285d7f0d6f856682411cc5abc2af111b12efdde658951d0e3c8a37a,confirmed,,Wave 30 합필 집 상태 오버레이 확정(판정 2026-09-29),INSTALL-30
wave30,wave30/candidates-20260929/assets/house_pair_l3_vertical_e-v1.png,69890ac64579d2d3b56364210c4760d40ea30619abdd9f1339b8b603131740d7,confirmed,,Wave 30 합필 집 변형 확정(판정 2026-09-29),INSTALL-30
wave30,wave30/candidates-20260929/assets/house_pair_l3_vertical_e_boarded-v1.png,0bf98563081fdea7a2f1960fc7d784ec6ff03a9d05520529b94026ae599536dc,confirmed,,Wave 30 합필 집 상태 오버레이 확정(판정 2026-09-29),INSTALL-30
wave30,wave30/candidates-20260929/assets/house_pair_l3_vertical_e_fresh-v1.png,383e1ef2ecfea66b1ead9fda13d6f5c354e39711822aeeee2f6aedd69d6a73c7,confirmed,,Wave 30 합필 집 상태 오버레이 확정(판정 2026-09-29),INSTALL-30
wave30,wave30/candidates-20260929/assets/house_pair_l3_vertical_e_snow-v1.png,d7de9ed661bcca7c595f7897e78ba965a4fbc269604fe7fcac6ae2c91cf7c489,confirmed,,Wave 30 합필 집 상태 오버레이 확정(판정 2026-09-29),INSTALL-30
wave30,wave30/candidates-20260929/assets/house_pair_l3_vertical_e_weathered-v1.png,373393beae6c385cd24031f6bdceba43e03f045bab9e491819697b2937c40ecf,confirmed,,Wave 30 합필 집 상태 오버레이 확정(판정 2026-09-29),INSTALL-30
wave30,wave30/candidates-20260929/assets/house_pair_l4_horizontal_c-v1.png,9878d93d199cd8b0eb11c51e23be85b4e255cdf055c92303608774d000351d98,confirmed,,Wave 30 합필 집 변형 확정(판정 2026-09-29),INSTALL-30
wave30,wave30/candidates-20260929/assets/house_pair_l4_horizontal_c_boarded-v1.png,b5c54671140c2d8a5f1c600a11dadf816395050f5cb868305328f4cddda2a2f3,confirmed,,Wave 30 합필 집 상태 오버레이 확정(판정 2026-09-29),INSTALL-30
wave30,wave30/candidates-20260929/assets/house_pair_l4_horizontal_c_fresh-v1.png,89c388207eb3eb66cba0aa256ef4ba3fddde651e721f765318eb1196553aca90,confirmed,,Wave 30 합필 집 상태 오버레이 확정(판정 2026-09-29),INSTALL-30
wave30,wave30/candidates-20260929/assets/house_pair_l4_horizontal_c_snow-v1.png,4ce954b7e5bc4733af386ac21271510d66bcf890ddfc30a660c2e6f5b4af1c08,confirmed,,Wave 30 합필 집 상태 오버레이 확정(판정 2026-09-29),INSTALL-30
wave30,wave30/candidates-20260929/assets/house_pair_l4_horizontal_c_weathered-v1.png,e39956154b79b31bf7156761d168c968ef1968761bb4471f57143bf35e99ec16,confirmed,,Wave 30 합필 집 상태 오버레이 확정(판정 2026-09-29),INSTALL-30
wave30,wave30/candidates-20260929/assets/house_pair_l4_horizontal_d-v1.png,2b56863ba04b5ee17f306f3c9ff5e9448ea69df0a5014f99bc9f0a7cda2acc55,confirmed,,Wave 30 합필 집 변형 확정(판정 2026-09-29),INSTALL-30
wave30,wave30/candidates-20260929/assets/house_pair_l4_horizontal_d_boarded-v1.png,1331a80fdd876a5a3415d9e64ea2f52d0f1adb67f08bd2a0f63aeef4251385ce,confirmed,,Wave 30 합필 집 상태 오버레이 확정(판정 2026-09-29),INSTALL-30
wave30,wave30/candidates-20260929/assets/house_pair_l4_horizontal_d_fresh-v1.png,832d8f35326ccc064413a60b011ce0c2d607df3087af610733405f1a438fce14,confirmed,,Wave 30 합필 집 상태 오버레이 확정(판정 2026-09-29),INSTALL-30
wave30,wave30/candidates-20260929/assets/house_pair_l4_horizontal_d_snow-v1.png,75c7086e9c302f6c61b24969ad0a13d7e323a5b10f48313598328db19c339469,confirmed,,Wave 30 합필 집 상태 오버레이 확정(판정 2026-09-29),INSTALL-30
wave30,wave30/candidates-20260929/assets/house_pair_l4_horizontal_d_weathered-v1.png,663a5fa0aa1adc6296525d7bcaeaac85c7e3908a550d4d0e1c85f63bc646c536,confirmed,,Wave 30 합필 집 상태 오버레이 확정(판정 2026-09-29),INSTALL-30
wave30,wave30/candidates-20260929/assets/house_pair_l4_horizontal_e-v1.png,f51f04a5ee75ca2fab29db235a4e878b881223097abc036c2e3540762a22dd17,confirmed,,Wave 30 합필 집 변형 확정(판정 2026-09-29),INSTALL-30
wave30,wave30/candidates-20260929/assets/house_pair_l4_horizontal_e_boarded-v1.png,52f89ec3d51181e40ceb8e0534f22a1e9553889fb454e4c51f0ac6f0f539d1ff,confirmed,,Wave 30 합필 집 상태 오버레이 확정(판정 2026-09-29),INSTALL-30
wave30,wave30/candidates-20260929/assets/house_pair_l4_horizontal_e_fresh-v1.png,e703bd4e8cbec3951864455309099bd50e29f7a4ac746992bc4683a078da13e3,confirmed,,Wave 30 합필 집 상태 오버레이 확정(판정 2026-09-29),INSTALL-30
wave30,wave30/candidates-20260929/assets/house_pair_l4_horizontal_e_snow-v1.png,7dc814e9e4d3b0bfc0ba35a9d05fe394f6d773897937ea9e3b674304b0b02a22,confirmed,,Wave 30 합필 집 상태 오버레이 확정(판정 2026-09-29),INSTALL-30
wave30,wave30/candidates-20260929/assets/house_pair_l4_horizontal_e_weathered-v1.png,689222be88a3bfdb6d829c16c38aaa88e2bd4cd968719e83b81509b6a608b22a,confirmed,,Wave 30 합필 집 상태 오버레이 확정(판정 2026-09-29),INSTALL-30
wave30,wave30/candidates-20260929/assets/house_pair_l4_vertical_c-v1.png,9133294c7723aa93abe07380588c425e332403744471df59fbbb86f7d1774b80,confirmed,,Wave 30 합필 집 변형 확정(판정 2026-09-29),INSTALL-30
wave30,wave30/candidates-20260929/assets/house_pair_l4_vertical_c_boarded-v1.png,e6f98973761b61ce6fa43cbbf4dea59ba7c35b3a4f1d125711d1f20fb587acaa,confirmed,,Wave 30 합필 집 상태 오버레이 확정(판정 2026-09-29),INSTALL-30
wave30,wave30/candidates-20260929/assets/house_pair_l4_vertical_c_fresh-v1.png,12f6860e9f10cd44d29c61e375d0d62d6364026b6105f31912cb379b6bd8e866,confirmed,,Wave 30 합필 집 상태 오버레이 확정(판정 2026-09-29),INSTALL-30
wave30,wave30/candidates-20260929/assets/house_pair_l4_vertical_c_snow-v1.png,2c8a5b8f846f3c01c3e2c371809455cdf5f677c7d6e612e6cda35c60376a7e4d,confirmed,,Wave 30 합필 집 상태 오버레이 확정(판정 2026-09-29),INSTALL-30
wave30,wave30/candidates-20260929/assets/house_pair_l4_vertical_c_weathered-v1.png,221abdfffaeaa8963ed630da34c823228c37066c992484b46f663e47c7ffaa14,confirmed,,Wave 30 합필 집 상태 오버레이 확정(판정 2026-09-29),INSTALL-30
wave30,wave30/candidates-20260929/assets/house_pair_l4_vertical_d-v1.png,8450387caa7ee7cd9d88c010979e3d812ea5fc5686d25cd68c1bb2d39b0038d4,confirmed,,Wave 30 합필 집 변형 확정(판정 2026-09-29),INSTALL-30
wave30,wave30/candidates-20260929/assets/house_pair_l4_vertical_d_boarded-v1.png,547fd52c2069934f2b8dfbed48d693db0516d528b2bee55e228b679fb35f4a59,confirmed,,Wave 30 합필 집 상태 오버레이 확정(판정 2026-09-29),INSTALL-30
wave30,wave30/candidates-20260929/assets/house_pair_l4_vertical_d_fresh-v1.png,01f092be067ac1aa0a4f3e628782e3f57005fe8d51ae0e239946b1c38134c258,confirmed,,Wave 30 합필 집 상태 오버레이 확정(판정 2026-09-29),INSTALL-30
wave30,wave30/candidates-20260929/assets/house_pair_l4_vertical_d_snow-v1.png,6a50f8881f0d07af58dd2c652954efdca2b8126f784a8393c54deec4665147c1,confirmed,,Wave 30 합필 집 상태 오버레이 확정(판정 2026-09-29),INSTALL-30
wave30,wave30/candidates-20260929/assets/house_pair_l4_vertical_d_weathered-v1.png,1fe7c90f497ca4747ed3e868c3d3aa34f0a322cca338569cecc9814768c131f0,confirmed,,Wave 30 합필 집 상태 오버레이 확정(판정 2026-09-29),INSTALL-30
wave30,wave30/candidates-20260929/assets/house_pair_l4_vertical_e-v1.png,3954a50683e2e6349483f14346fd7f40b373b1033a069759b882d8ab1ffdd8ae,confirmed,,Wave 30 합필 집 변형 확정(판정 2026-09-29),INSTALL-30
wave30,wave30/candidates-20260929/assets/house_pair_l4_vertical_e_boarded-v1.png,9a1f223ba25ea1031be756b7b99d9eb09cb49897da75601f7b319b3173d63573,confirmed,,Wave 30 합필 집 상태 오버레이 확정(판정 2026-09-29),INSTALL-30
wave30,wave30/candidates-20260929/assets/house_pair_l4_vertical_e_fresh-v1.png,4791fdd2af87b693d0e058b38d27634ad5880b5b7d062a3e37769d549e2febdb,confirmed,,Wave 30 합필 집 상태 오버레이 확정(판정 2026-09-29),INSTALL-30
wave30,wave30/candidates-20260929/assets/house_pair_l4_vertical_e_snow-v1.png,e4a0527b9cc64f8ad6777169c7ee7fbc928d9a596d96d9e19dc9e4927b3e4be1,confirmed,,Wave 30 합필 집 상태 오버레이 확정(판정 2026-09-29),INSTALL-30
wave30,wave30/candidates-20260929/assets/house_pair_l4_vertical_e_weathered-v1.png,fc9a6e35818063b834210b3cd0821ab64d48bbd4beee8e7e60e483b79958528c,confirmed,,Wave 30 합필 집 상태 오버레이 확정(판정 2026-09-29),INSTALL-30
wave30,wave30/candidates-20260929/proofs/01-city-repetition.jpg,45d20d37acd0cb7919ef9f3fff157bb872c21bc3340559311fb33863fa1b1e86,confirmed,,Wave 30 확인 그림(판정 2026-09-29),
wave30,wave30/candidates-20260929/proofs/02-variants-states.jpg,248a1f8eeeb04abd5be64016a3a05dbbb2ce364534aada0de530b7004ee39a78,confirmed,,Wave 30 확인 그림(판정 2026-09-29),
wave30,wave30/candidates-20260929/records/bases-progress.png,1f16ba19428fa8e990499f408900211d30ede56baadd6a650af2c5ce1cb7dd4b,confirmed,,Wave 30 기록 그림(판정 2026-09-29) · 작업 폴더에만 있던 검수 그림,
wave30,wave30/candidates-20260929/records/l2h-preview.png,6b3a648964edb7e3005a71771211d8308eeed165e6a41be3d0427d7bb526d0e8,confirmed,,Wave 30 기록 그림(판정 2026-09-29),
wave30,wave30/candidates-20260929/records/l4h-c-large.png,0e5a0452a6246b966d9f264d47992949bfc6f27e5f041aba6b3387742793df21,confirmed,,Wave 30 기록 그림(판정 2026-09-29),
wave30,wave30/candidates-20260929/records/l4h-contactsheet.png,a9719b28f1674bdfca5b095c8384e612be79b2e0c7bb958af022a7949c9b3dcb,confirmed,,Wave 30 기록 그림(판정 2026-09-29),
wave30,wave30/candidates-20260929/records/l4h-d-large.png,7039ec513370f42934262cb8ffd92d55bbd1667546a61ad7c971f06d0c0f2721,confirmed,,Wave 30 기록 그림(판정 2026-09-29),
wave30,wave30/candidates-20260929/records/l4h-e-large.png,56739a42473916b1295889a07f627e533b0984b3b391ed74b9bd729182cbfe32,confirmed,,Wave 30 기록 그림(판정 2026-09-29),
wave30,wave30/candidates-20260929/records/masks/city-1200-replacement.png,a27b46df8fa1ff92cd7994c6066b09e6f23de70ee18ffc2613a1f0ebabdc7375,confirmed,,Wave 30 마스크(기록)(판정 2026-09-29),
wave30,wave30/candidates-20260929/records/masks/city-900-replacement.png,6991477c2523623bbb7185af104ebd8ff532a4135b7ca9ff154f3537207b36e6,confirmed,,Wave 30 마스크(기록)(판정 2026-09-29),
wave30,wave30/candidates-20260929/records/masks/house_pair_l4_vertical_c-roof.png,a0582ec136ec3752de485b33243ea6ccd272adf9022c1cce558e8965fb37aa88,confirmed,,Wave 30 마스크(기록)(판정 2026-09-29),
wave30,wave30/candidates-20260929/records/masks/house_pair_l4_vertical_c-snow.png,9d933c7c03f40f9b0c046c5e747b7c8e49ab98880ecadf20d57164c652d4a842,confirmed,,Wave 30 마스크(기록)(판정 2026-09-29),
wave30,wave30/candidates-20260929/records/masks/house_pair_l4_vertical_d-roof.png,625890aae27ef54e7324cfe021da9567f50fcdaf088203c48329218acc40d554,confirmed,,Wave 30 마스크(기록)(판정 2026-09-29),
wave30,wave30/candidates-20260929/records/masks/house_pair_l4_vertical_d-snow.png,af555e778f0d058619e466db80b3cfdb5e16d91edd754f2a5d1b9e55f5f221c6,confirmed,,Wave 30 마스크(기록)(판정 2026-09-29),
wave30,wave30/candidates-20260929/records/masks/house_pair_l4_vertical_e-roof.png,1c3f67741644d8219a20f68c921c5ba33107c91f49d2194ded7c873148c93328,confirmed,,Wave 30 마스크(기록)(판정 2026-09-29),
wave30,wave30/candidates-20260929/records/masks/house_pair_l4_vertical_e-snow.png,4ecf32e7144611c5fd85af47f0b4f2a38d85aeb568765875c1a311f899825cfd,confirmed,,Wave 30 마스크(기록)(판정 2026-09-29),
wave30,wave30/candidates-20260929/records/masks/l2h-c-roof.png,3c599fd5e543d438fb786c72df16ff0e499792b18d7c5bb4876ef5578ecb9695,confirmed,,Wave 30 마스크(기록)(판정 2026-09-29),
wave30,wave30/candidates-20260929/records/masks/l2h-c-snow.png,b2090a26be9e2f88853b60b47b152c1e0a92b7f1ee4e89f17036625e745e8fd5,confirmed,,Wave 30 마스크(기록)(판정 2026-09-29),
wave30,wave30/candidates-20260929/records/masks/l2h-contact.png,7dc3e8a75075a2c3a90fb9e4bc5d29eddde336f9862d8652b111c5ad704aa44b,confirmed,,Wave 30 마스크(기록)(판정 2026-09-29),
wave30,wave30/candidates-20260929/records/masks/l2h-d-roof.png,7c2c52252cc27af6dccfe2a159b8e6d11fe2ecfa755fbbd9f6fb804d211bc121,confirmed,,Wave 30 마스크(기록)(판정 2026-09-29),
wave30,wave30/candidates-20260929/records/masks/l2h-d-snow.png,e78c89056ebdba5fb155bec22dbaa70fbf3499dc05c98787343318f68a7a8a0b,confirmed,,Wave 30 마스크(기록)(판정 2026-09-29),
wave30,wave30/candidates-20260929/records/masks/l2h-e-roof.png,1e10c70b5b722a85352763c6ec3b3381404230206645f90c1d9590f08f182e77,confirmed,,Wave 30 마스크(기록)(판정 2026-09-29),
wave30,wave30/candidates-20260929/records/masks/l2h-e-snow.png,bddc0e62684f4f09ab6791cdd5cf485246fdc267bb5509d7e32c3154dfab3e75,confirmed,,Wave 30 마스크(기록)(판정 2026-09-29),
wave30,wave30/candidates-20260929/records/masks/l2v-c-roof.png,ca7e5631a91ba7974f3880ff5b2c0f0da1279fc951d737c3ed19d6204b68ccb9,confirmed,,Wave 30 마스크(기록)(판정 2026-09-29),
wave30,wave30/candidates-20260929/records/masks/l2v-c-snow.png,ca076befec166864c2bdb42c9364bc4899ccb46dc0e52af61f83b934c31b48b2,confirmed,,Wave 30 마스크(기록)(판정 2026-09-29),
wave30,wave30/candidates-20260929/records/masks/l2v-contact.png,6a0ed4c850ce01769ff7edd2384e824e83f5b2a7c94e01beb76ace29ea296cc2,confirmed,,Wave 30 마스크(기록)(판정 2026-09-29),
wave30,wave30/candidates-20260929/records/masks/l2v-d-roof.png,bdcb911fb077b7b51c1a55939d95149916ef2801690de9d41ed10e73f2276ae2,confirmed,,Wave 30 마스크(기록)(판정 2026-09-29),
wave30,wave30/candidates-20260929/records/masks/l2v-d-snow.png,b0a7645750cd89c922201544f527b3dc84e095dbb7b56914ab9fcf8ee30a4f02,confirmed,,Wave 30 마스크(기록)(판정 2026-09-29),
wave30,wave30/candidates-20260929/records/masks/l2v-e-snow.png,e812797bb005b3c5bbb51080c7a3f2dbd13ebf00e365488b7cedc62bc86790a2,confirmed,,Wave 30 마스크(기록)(판정 2026-09-29),
wave30,wave30/candidates-20260929/records/masks/l3h-c-roof.png,c3505c2ac017bf952a457bc1989ead09e37fd6c1633bd83ccac1a4fa063e50ca,confirmed,,Wave 30 마스크(기록)(판정 2026-09-29),
wave30,wave30/candidates-20260929/records/masks/l3h-c-snow.png,bda8219482d18af2affea6f430207a486ba6936c166648b20ffe0320a2eff45d,confirmed,,Wave 30 마스크(기록)(판정 2026-09-29),
wave30,wave30/candidates-20260929/records/masks/l3h-contact.png,b0551838d551f928805dd0521cc7971bae11c60e7d14a7ef12dbaa841b34e535,confirmed,,Wave 30 마스크(기록)(판정 2026-09-29),
wave30,wave30/candidates-20260929/records/masks/l3h-d-roof.png,4fcb9f98eeaa3f50249a6a160e56d50a91dbc76bf080104a26595c87d5d84f54,confirmed,,Wave 30 마스크(기록)(판정 2026-09-29),
wave30,wave30/candidates-20260929/records/masks/l3h-d-snow.png,df424ce0badeb846c7dcec05f744ef416b7f71230f59fa05ee1dbcd5b37a0fb1,confirmed,,Wave 30 마스크(기록)(판정 2026-09-29),
wave30,wave30/candidates-20260929/records/masks/l3h-e-roof.png,97187ba59725c0b439c0f71be24120929c26d330afafdc5aef48acfc5366f4a4,confirmed,,Wave 30 마스크(기록)(판정 2026-09-29),
wave30,wave30/candidates-20260929/records/masks/l3h-e-snow.png,2512c3bba1b0aa83fc37144396344a6a82a58ffbfbe5cd9098dc8d6037ab6c1c,confirmed,,Wave 30 마스크(기록)(판정 2026-09-29),
wave30,wave30/candidates-20260929/records/masks/l3v-c-roof.png,fcd76bc4075d4636bdfd8566bfdf41b2ed9f029de3f1beaf081000bc33ad9169,confirmed,,Wave 30 마스크(기록)(판정 2026-09-29),
wave30,wave30/candidates-20260929/records/masks/l3v-c-snow.png,935b0fc6dc188bcb3d307f0c03abb48b3e43710de86fcdc06021a8db559f2b69,confirmed,,Wave 30 마스크(기록)(판정 2026-09-29),
wave30,wave30/candidates-20260929/records/masks/l3v-contact.png,cf2d99ad4505feda183d7626aff38cef0e2279f334b8cc847cb806fca42f81be,confirmed,,Wave 30 마스크(기록)(판정 2026-09-29),
wave30,wave30/candidates-20260929/records/masks/l3v-d-roof.png,f83e07fc3d6b9b33bb14394a885d3d192c959093b65cc7f9602b36c069c0d64c,confirmed,,Wave 30 마스크(기록)(판정 2026-09-29),
wave30,wave30/candidates-20260929/records/masks/l3v-d-snow.png,e8849a0c71c78dfe41651f90631f4383087d8763fb27257c07b028376157a490,confirmed,,Wave 30 마스크(기록)(판정 2026-09-29),
wave30,wave30/candidates-20260929/records/masks/l3v-e-snow.png,53c6a28e6d187b5f719370be874da8acf32d8081a7de4d7f466b14889ee86953,confirmed,,Wave 30 마스크(기록)(판정 2026-09-29),
wave30,wave30/candidates-20260929/records/masks/l4h-c-roof.png,eb074088e7ada28a20f4182ff90e897a02ac745a3f7e331ec431cf4d83c55e83,confirmed,,Wave 30 마스크(기록)(판정 2026-09-29),
wave30,wave30/candidates-20260929/records/masks/l4h-c-snow.png,c28ea5a4f7d42462cc1db7f5708ab1b82ce70cc8b96a3286b54a5e045bfaa683,confirmed,,Wave 30 마스크(기록)(판정 2026-09-29),
wave30,wave30/candidates-20260929/records/masks/l4h-contact.png,c500e464195c706cbfd68475c60f2d2dd045e1d38ae981e0f7d320b27725b8aa,confirmed,,Wave 30 마스크(기록)(판정 2026-09-29),
wave30,wave30/candidates-20260929/records/masks/l4h-d-roof.png,60c1f353b92fdf0995c2ff9291c8da5f57e1470f756bac20fc58f13b386bc201,confirmed,,Wave 30 마스크(기록)(판정 2026-09-29),
wave30,wave30/candidates-20260929/records/masks/l4h-d-snow.png,d157b319cd58376ba486e8d06bbd6819b19743b1ceb95b4f1748bbaf485d5213,confirmed,,Wave 30 마스크(기록)(판정 2026-09-29),
wave30,wave30/candidates-20260929/records/masks/l4h-e-roof-before-completeness.png,0330879b3800c558c2f6dbba5cc217fe08a72e45cb8aa6bbb19f304b4ec89484,confirmed,,Wave 30 마스크(기록)(판정 2026-09-29),
wave30,wave30/candidates-20260929/records/masks/l4h-e-roof.png,51bfae582c3441a82197ea48ab76acf916eced841e20e28990b75e976de458ab,confirmed,,Wave 30 마스크(기록)(판정 2026-09-29),
wave30,wave30/candidates-20260929/records/masks/l4h-e-snow.png,41d8d62b371cd9a7e4bb2279cadb87a353d55a44541158204d429adaf89ea8ec,confirmed,,Wave 30 마스크(기록)(판정 2026-09-29),
wave30,wave30/candidates-20260929/records/masks/l4v-contact.png,c0cfa320228ef6728861db163ea28ef8dfe6b02da132651e383ed6535d1a2a66,confirmed,,Wave 30 마스크(기록)(판정 2026-09-29),
wave31,wave31/candidates-20260929/assets/illustrations/chapter3_intro-v1.jpg,4d8fb0c8435ce3851ecbdd2fffe9de201cbaa315024defa11ce835446d3c6c42,confirmed,,Wave 31 장 시작 그림 확정(판정 2026-09-29),PLAGUE-b
wave31,wave31/candidates-20260929/assets/illustrations/chapter4_intro-v1.jpg,0bbb5c35adb0c20316fcc0bfcdbb202ff063466f712751d1dc88b7fba7793d3d,confirmed,,Wave 31 장 시작 그림 확정(판정 2026-09-29),UI-9
wave31,wave31/candidates-20260929/assets/illustrations/chapter5_intro-v1.jpg,bb8ea75778ef964a1e9203b642ac9bd13051ae94ed303893956617b74323efa9,confirmed,,Wave 31 장 시작 그림 확정(판정 2026-09-29),UI-9b
wave31,wave31/candidates-20260929/proofs/chapters_1_to_5.jpg,8ae8e82236b2942d43699fc3fdd037faddcc3a172b9cb06c457d6ca7ee084296,confirmed,,Wave 31 1~5장 비교 그림 확정(판정 2026-09-29),
wave32,wave32/candidates-20260929/assets/granary_a-v1.png,5a0987569484f8111b07167ad8bb75d5c2eb205d87bd2265ad40a654430582f4,confirmed,,Wave 32 곡창 기본형 확정(판정 2026-09-29),INSTALL-32
wave32,wave32/candidates-20260929/assets/granary_a_boarded-v1.png,a77b46d4b6d32d41af7228029e19313d3b24f5dc5b036c888e07b92f62c7e2c5,confirmed,,Wave 32 곡창 상태 그림 확정(판정 2026-09-29),INSTALL-32
wave32,wave32/candidates-20260929/assets/granary_a_empty-v1.png,44351c21b4f49a93a537cb4b7c7f4a09d3e44a02966797ed05d0f1bb2953fb1c,confirmed,,Wave 32 곡창 상태 그림 확정(판정 2026-09-29),INSTALL-32
wave32,wave32/candidates-20260929/assets/granary_a_full-v1.png,633cb39513a48307b747fcf164cffc9fc8b617cbd19da8a63a7eda56754fead1,confirmed,,Wave 32 곡창 상태 그림 확정(판정 2026-09-29),INSTALL-32
wave32,wave32/candidates-20260929/assets/granary_a_half-v1.png,1db7e8d981275649761993de83dae4099570af06a315f9be133db49100e38c62,confirmed,,Wave 32 곡창 상태 그림 확정(판정 2026-09-29),INSTALL-32
wave32,wave32/candidates-20260929/assets/granary_a_snow-v1.png,2b59ec400b3d5a82149d20b1361cf34c4d03cf72091ee394e850c09715088d98,confirmed,,Wave 32 곡창 상태 그림 확정(판정 2026-09-29),INSTALL-32
wave32,wave32/candidates-20260929/assets/granary_a_weathered-v1.png,d2b461fa1f6faa499d52c2266ee5b24eeb74ccfbca066dd11bab9cdc6723fabc,confirmed,,Wave 32 곡창 상태 그림 확정(판정 2026-09-29),INSTALL-32
wave32,wave32/candidates-20260929/assets/granary_b-v1.png,eaec3c2249890eacceebdba71cb4620d32461e8101daeee2c2149a0ffad39042,confirmed,,Wave 32 곡창 기본형 확정(판정 2026-09-29),INSTALL-32
wave32,wave32/candidates-20260929/assets/granary_b_boarded-v1.png,c0afb1a2c3570612a5518c2222597e59fd00959c85b21b49df856a4175196ae8,superseded,wave32/rework-20260929/assets/granary_b_boarded-v1.png,재작업판으로 대체(판정 2026-09-29) · 이전 비고: 판자가 안 보임(판정 2026-09-29) · Wave 32 곡창 상태 그림,
wave32,wave32/candidates-20260929/assets/granary_b_empty-v1.png,b683f747d8af681ff750cfca6fda63aef16e3cb46dbe9e33acfee15154f7ed0d,confirmed,,Wave 32 곡창 상태 그림 확정(판정 2026-09-29),INSTALL-32
wave32,wave32/candidates-20260929/assets/granary_b_full-v1.png,e22b3627b25cef0008b062fa747be595a837f94fbbfeb8e37d90997eb0c0e822,confirmed,,Wave 32 곡창 상태 그림 확정(판정 2026-09-29),INSTALL-32
wave32,wave32/candidates-20260929/assets/granary_b_half-v1.png,d5bcd854902d4ef0646b689ef2bec3c7ceab1b93b0f7f6de0d2539b040d37d90,confirmed,,Wave 32 곡창 상태 그림 확정(판정 2026-09-29),INSTALL-32
wave32,wave32/candidates-20260929/assets/granary_b_snow-v1.png,73097e015eaa192fcd589d73c7b277153396dd1726d0ca74cb1ad43b9df4168c,superseded,wave32/rework-20260929/assets/granary_b_snow-v1.png,재작업판으로 대체(판정 2026-09-29) · 이전 비고: 눈이 흰 기와로 보임(판정 2026-09-29) · Wave 32 곡창 상태 그림,
wave32,wave32/candidates-20260929/assets/granary_b_weathered-v1.png,582316b65442ba262d89cce2b53d60b6d60d9130b3e063da849883d1c2918ada,confirmed,,Wave 32 곡창 상태 그림 확정(판정 2026-09-29),INSTALL-32
wave32,wave32/candidates-20260929/assets/granary_c-v1.png,e6b4dcbe42fbc000fe33146a42a3bfcfc6ea9d67d072762e073330b723364c34,confirmed,,Wave 32 곡창 기본형 확정(판정 2026-09-29),INSTALL-32
wave32,wave32/candidates-20260929/assets/granary_c_boarded-v1.png,b1e9f45ab9d695962df2b261acc41a5ec6c033ad6e64ace240d1209655b58294,confirmed,,Wave 32 곡창 상태 그림 확정(판정 2026-09-29),INSTALL-32
wave32,wave32/candidates-20260929/assets/granary_c_empty-v1.png,274d36dea9f8e2f680b56ae665d492528015d4581584bcc62af44530da76f47c,confirmed,,Wave 32 곡창 상태 그림 확정(판정 2026-09-29),INSTALL-32
wave32,wave32/candidates-20260929/assets/granary_c_full-v1.png,7549b202c8df87271151090ddab15d051b52b39d0cdab854ed8011c83c7c5c78,confirmed,,Wave 32 곡창 상태 그림 확정(판정 2026-09-29),INSTALL-32
wave32,wave32/candidates-20260929/assets/granary_c_half-v1.png,c3c1f8bc7e167b88752c88aa9d35c85a22f66ddaca5711d534dd8a889f5ff955,confirmed,,Wave 32 곡창 상태 그림 확정(판정 2026-09-29),INSTALL-32
wave32,wave32/candidates-20260929/assets/granary_c_snow-v1.png,72dc9782430501e7b81715a7724d88019ec7c6edfc71015a95b93e8c2f96ffe3,confirmed,,Wave 32 곡창 상태 그림 확정(판정 2026-09-29),INSTALL-32
wave32,wave32/candidates-20260929/assets/granary_c_weathered-v1.png,09b2cb0c1e75cb5a40b47c353f0719096c4a0bee7ef92c0c27ce797c019a1e2d,confirmed,,Wave 32 곡창 상태 그림 확정(판정 2026-09-29),INSTALL-32
wave32,wave32/candidates-20260929/assets/granary_pulley_beam-v1.png,cb18fca754ee59055509d4a3e9babdc93498e3075d2f8e75dfefcdebccb8026c,confirmed,,Wave 32 곡창 분리 소품 확정(판정 2026-09-29),INSTALL-32
wave32,wave32/candidates-20260929/assets/granary_pulley_rope_hook-v1.png,ac309b5349e4700e48d703d7a0d48d80ac49697f461952262a98fdf9f02acf07,confirmed,,Wave 32 곡창 분리 소품 확정(판정 2026-09-29),INSTALL-32
wave32,wave32/candidates-20260929/assets/granary_sack_single-v1.png,09bbfb30930e6bb459cc4d6721cd3310a219c4616ff798541b6d37eee4de3d52,confirmed,,Wave 32 곡창 분리 소품 확정(판정 2026-09-29),INSTALL-32
wave32,wave32/candidates-20260929/assets/granary_sacks_large-v1.png,08ea8474c04caae58e5a02192f1bb801a38f0d316ec85ffc83c64f47402c26ef,confirmed,,Wave 32 곡창 분리 소품 확정(판정 2026-09-29),INSTALL-32
wave32,wave32/candidates-20260929/assets/granary_sacks_small-v1.png,8647c12fed4e3871756249ab0862dcb33936c8fb41115b6a16240f05e0ba7512,confirmed,,Wave 32 곡창 분리 소품 확정(판정 2026-09-29),INSTALL-32
wave32,wave32/candidates-20260929/proofs/01-city-repetition.jpg,a5354b575f6f5f9a88d903891cd25cdbf093b2dd1c1bdc3223d33e5ca054c189,confirmed,,Wave 32 확인 그림(판정 2026-09-29),
wave32,wave32/candidates-20260929/proofs/02-variants-states.jpg,5ced85150674dc43348711bf84136ed81961418ccd9fe2b4ca590b62f1131002,confirmed,,Wave 32 확인 그림(판정 2026-09-29),
wave32,wave32/candidates-20260929/records/masks/a-roof.png,8b20c520b156ca49df17bca983663a959afe80865b2d203a9fbc8865f7be2df9,confirmed,,Wave 32 마스크(기록)(판정 2026-09-29),
wave32,wave32/candidates-20260929/records/masks/a-snow.png,9235a323c32938739da3337c5b19ce39da9f28c9403b70f592fca47ce29d878f,confirmed,,Wave 32 마스크(기록)(판정 2026-09-29),
wave32,wave32/candidates-20260929/records/masks/b-roof.png,b1b54be745f315a693d21302005a6ec4328edf9503a411add09b41c4431cde64,confirmed,,Wave 32 마스크(기록)(판정 2026-09-29),
wave32,wave32/candidates-20260929/records/masks/b-snow.png,5d04effb90e94fb41a2bc9af349356a4b9fe16e5c1a09b0d24f3c553cd580d03,confirmed,,Wave 32 마스크(기록)(판정 2026-09-29),
wave32,wave32/candidates-20260929/records/masks/c-roof-omitted-right-plane-v1.png,a2c9e303e495578438f47fc64305059c2b72a636f6af66b462cde74b74926962,confirmed,,Wave 32 마스크(기록)(판정 2026-09-29),
wave32,wave32/candidates-20260929/records/masks/c-roof.png,b56488de674235f6094ffc0bb77e284505fe551fc586014d699b25f059193a79,confirmed,,Wave 32 마스크(기록)(판정 2026-09-29),
wave32,wave32/candidates-20260929/records/masks/c-snow-before-roof-audit.png,922926c1aff17320479e6d1c15cb560babbb509c73879eee609921a5b81ffed6,confirmed,,Wave 32 마스크(기록)(판정 2026-09-29),
wave32,wave32/candidates-20260929/records/masks/c-snow.png,aed29d62b131d5d90853fd6674a0b5a775882a1c8b286eacc7a7acb4a6c378b4,confirmed,,Wave 32 마스크(기록)(판정 2026-09-29),
wave32,wave32/candidates-20260929/records/masks/contact.png,fec4c9a1cee82d21e19789a3ec8a277cf2baef2d5b070adf6569944ef36c14ad,confirmed,,Wave 32 마스크(기록)(판정 2026-09-29),
wave32,wave32/rework-20260929/assets/granary_b_boarded-v1.png,092bd9fb70a0449a34b8d6c0a29c8162fade532a5b5c44f33d764387dd169e72,confirmed,,재작업판(바이트 다름) — 같은 이름의 wave32/candidates-20260929/assets/granary_b_boarded-v1.png를 대체 · Wave 32 곡창 b 상태 그림 확정(판정 2026-09-29),INSTALL-32
wave32,wave32/rework-20260929/assets/granary_b_snow-v1.png,e46ed9a25e8736b5f9abc7a3e1b82578e5ab6b32c0e53d447cf1f358878eab2f,confirmed,,재작업판(바이트 다름) — 같은 이름의 wave32/candidates-20260929/assets/granary_b_snow-v1.png를 대체 · Wave 32 곡창 b 상태 그림 확정(판정 2026-09-29),INSTALL-32
wave32,wave32/rework-20260929/proofs/01-snow-boarded.jpg,03f35d6a4d4722a18feb7706484272571a24fd8c125d9fe3454de627a2c87ff3,confirmed,,Wave 32 재작업 비교판(확인 그림)(판정 2026-09-29),
wave32,wave32/rework-20260929/records/masks/b-snow.png,2003c4b32ec20593004de85d7e11e0432b9d274968c6639d1e5cc948f6868639,confirmed,,Wave 32 재작업 마스크(기록)(판정 2026-09-29),
wave33,wave33/candidates-20260929/assets/1391-wool-staple.png,e7dbb927ce065c7ba838c254c9df84a0c18b003d3544fb1a3f8f24ad0b8f9ca4,confirmed,,Wave 33 막간 사건 삽화 확정(판정 2026-09-29),UI-10
wave33,wave33/candidates-20260929/assets/1394-guild-dispute.png,1f17de00cefb3c83ef674be507a56b2e2da25a48e841735c32be5259ad2ab6a3,confirmed,,Wave 33 막간 사건 삽화 확정(판정 2026-09-29),UI-10
wave33,wave33/candidates-20260929/assets/1394-market-fire.png,f1adf5f261e920ceaa6c1ba893993ec7796d320297210c07be05281a2b8a1247,confirmed,,Wave 33 막간 사건 삽화 확정(판정 2026-09-29),UI-10
wave33,wave33/candidates-20260929/assets/1396-church-extension.png,1f352a2a4f6b86fcb0ad8b22c465c6f56447e300d69ad6a85d8a90410b75c460,confirmed,,Wave 33 막간 사건 삽화 확정(판정 2026-09-29),UI-10
wave33,wave33/candidates-20260929/assets/1399-henry-iv-news.png,ff8b6a93c64326eb878f95f808352eb79cf2ab005c44e95e780fada6188c5ee6,confirmed,,Wave 33 막간 사건 삽화 확정(판정 2026-09-29),UI-10
wave33,wave33/candidates-20260929/proofs/contact.jpg,2d8471e0a7fbed03f86f2c01a8cc5feb09c4d6fc42df1dbcfd282d2a5cb3e2cf,confirmed,,Wave 33 확인판(판정 2026-09-29),
wave34,wave34/candidates-20260929/assets/drain/drain_done_edge_summer-v1.png,a1e74a7f1458bc4e83e1f5828d5b75dab0cbae81436b4962a996dd7071b0e9b1,confirmed,,Wave 34 습지 배수 완료 도랑 띠 확정(판정 2026-09-29),LAND-UI
wave34,wave34/candidates-20260929/assets/drain/drain_done_edge_winter-v1.png,9bef7a0ccad60762736006e752bbd65c100362aa80faa8617dbd9484b5edaefc,confirmed,,Wave 34 습지 배수 완료 도랑 띠 확정(판정 2026-09-29),LAND-UI
wave34,wave34/candidates-20260929/assets/drain/drain_stage1_staked_summer-v1.png,f091a1952228015ff1a6c98e86874d2d405048065329bb96a9da4dee14deaa50,confirmed,,Wave 34 습지 배수 공사 단계 확정(판정 2026-09-29),LAND-UI
wave34,wave34/candidates-20260929/assets/drain/drain_stage1_staked_winter-v1.png,d794cf354a2e5ee51483a976ccdc88dbd8ac4005af45111f8a5cf00aa7a9a706,confirmed,,Wave 34 습지 배수 공사 단계 확정(판정 2026-09-29),LAND-UI
wave34,wave34/candidates-20260929/assets/drain/drain_stage2_ditched_summer-v1.png,6d97f3c9c1d42cbad02b5aa7ebde9a312199883b02d0a06f62ffee7b71a4fa92,confirmed,,Wave 34 습지 배수 공사 단계 확정(판정 2026-09-29),LAND-UI
wave34,wave34/candidates-20260929/assets/drain/drain_stage2_ditched_winter-v1.png,55286779741b3bff8004e8c0976e4b900c6596d3a863fa207b4c90402bb3ca6e,confirmed,,Wave 34 습지 배수 공사 단계 확정(판정 2026-09-29),LAND-UI
wave34,wave34/candidates-20260929/assets/drain/drain_stage3_drying_summer-v1.png,a399c7f435ef8145f69b91505e9478ef3485508a530e9bd4bafa7a94292e4d56,superseded,wave34/stage3-regions-20260929/assets/drain/drain_stage3_drying_summer_5x5-v3.png;wave34/stage3-regions-20260929/assets/drain/drain_stage3_drying_summer_3x3-v3.png,칸 반복 대신 구역 한 장(5×5·3×3) — 구역판 v3로 대체(판정 2026-09-29) · 이전 비고: 무늬 없는 갈색 판 — 진흙·그루터기·웅덩이 자국 필요(판정 2026-09-29) · Wave 34 배수 3단계,
wave34,wave34/candidates-20260929/assets/drain/drain_stage3_drying_winter-v1.png,94d113ed8bc003fb9079e70a5fe2e2a6fe59e59f782d4ac1d8ee25ecdfaa2ab1,superseded,wave34/stage3-regions-20260929/assets/drain/drain_stage3_drying_winter_5x5-v3.png;wave34/stage3-regions-20260929/assets/drain/drain_stage3_drying_winter_3x3-v3.png,칸 반복 대신 구역 한 장(5×5·3×3) — 구역판 v3로 대체(판정 2026-09-29) · 이전 비고: 무늬 없는 갈색 판 — 진흙·그루터기·웅덩이 자국 필요(판정 2026-09-29) · Wave 34 배수 3단계,
wave34,wave34/candidates-20260929/assets/ford/ford_w2_ne_summer-v1.png,36d42e70dbf4824b00f3f6a62bcd7c0b6aff2dafe60bf05d811fd65431d80593,confirmed,,Wave 34 여울 확정(판정 2026-09-29),LAND-UI
wave34,wave34/candidates-20260929/assets/ford/ford_w2_ne_winter-v1.png,60d4c846dcba2046749e34ba6a4741fe6316b101ed25abd64c7923e179385b11,confirmed,,Wave 34 여울 확정(판정 2026-09-29),LAND-UI
wave34,wave34/candidates-20260929/assets/ford/ford_w2_nw_summer-v1.png,7b2a3b983a4b03ea90c9375f4f005a6bbef2bcedfe6ec4d6e9440fab8f4b1259,confirmed,,Wave 34 여울 확정(판정 2026-09-29),LAND-UI
wave34,wave34/candidates-20260929/assets/ford/ford_w2_nw_winter-v1.png,5fd8d08904b28ecf140033c4280b2ba0b28294571cc034019d5346fd43917c51,confirmed,,Wave 34 여울 확정(판정 2026-09-29),LAND-UI
wave34,wave34/candidates-20260929/assets/ford/ford_w3_ne_summer-v1.png,6a4d7d1cc54a0a983d53a6ff6345f2ead4627ad1efe09d3f02cfde444dcc9eb5,confirmed,,Wave 34 여울 확정(판정 2026-09-29),LAND-UI
wave34,wave34/candidates-20260929/assets/ford/ford_w3_ne_winter-v1.png,e27643b3deb42504cde241daec9a0ec5dbcc09bb4df727d062b54add3a2387e7,confirmed,,Wave 34 여울 확정(판정 2026-09-29),LAND-UI
wave34,wave34/candidates-20260929/assets/ford/ford_w3_nw_summer-v1.png,425e238384a885c8566fb082cd5997dc4ddc17a04dd36d17e525094deebe4b52,confirmed,,Wave 34 여울 확정(판정 2026-09-29),LAND-UI
wave34,wave34/candidates-20260929/assets/ford/ford_w3_nw_winter-v1.png,81b2b9cd0522a3c5cf739b2b7d0c227bc43175beeff7390961cba548b5c01e50,confirmed,,Wave 34 여울 확정(판정 2026-09-29),LAND-UI
wave34,wave34/candidates-20260929/assets/ford/ford_w4_ne_summer-v1.png,e99525476d1b466d0cdfc8b2482e46c56d76e732202e49a43a33120941d7d72f,confirmed,,Wave 34 여울 확정(판정 2026-09-29),LAND-UI
wave34,wave34/candidates-20260929/assets/ford/ford_w4_ne_winter-v1.png,c1714be428421e02f0901ed053c7b3a009959fee212cbb93fc37829fcca5edcd,confirmed,,Wave 34 여울 확정(판정 2026-09-29),LAND-UI
wave34,wave34/candidates-20260929/assets/ford/ford_w4_nw_summer-v1.png,089fcc7d859742a96c325a8416e784b7634a859259bfa5c1695a749115cfa203,confirmed,,Wave 34 여울 확정(판정 2026-09-29),LAND-UI
wave34,wave34/candidates-20260929/assets/ford/ford_w4_nw_winter-v1.png,da1a4495e9fbdf12f907eda324b32a3467f8fe8855947ffe1470de58cc8a7ad0,confirmed,,Wave 34 여울 확정(판정 2026-09-29),LAND-UI
wave34,wave34/candidates-20260929/assets/props/drain_earth_cart-v1.png,b89283c7df2c731c6db9e191031ed4fed9a6c7159d2bbc3f54b0dff4464d7d76,confirmed,,Wave 34 배수 공사 소품 확정(판정 2026-09-29),LAND-UI
wave34,wave34/candidates-20260929/assets/props/drain_plank_bridge-v1.png,cadb5bae967e2ca9319e0b7fb01957c0c3885a314a70ebc04a4b82e2b5bdd5ce,confirmed,,Wave 34 배수 공사 소품 확정(판정 2026-09-29),LAND-UI
wave34,wave34/candidates-20260929/assets/props/drain_sluice-v1.png,3723b8e196b76ad77ab81e1c81a69e4cc02041b7c892548547f8dbb5ec2c2ad5,confirmed,,Wave 34 배수 공사 소품 확정(판정 2026-09-29),LAND-UI
wave34,wave34/candidates-20260929/assets/props/drain_soil_heap-v1.png,1da347896fa07f6504098c19b280acc701d2c4598eab9726f0345205c56fbde6,confirmed,,Wave 34 배수 공사 소품 확정(판정 2026-09-29),LAND-UI
wave34,wave34/candidates-20260929/assets/props/ford_splash_a-v1.png,85424b7cdfe39e728f24f69ada80f25d4978a57551d8c865f853295c6143b315,confirmed,,Wave 34 여울 물튀김 소품 확정(판정 2026-09-29),LAND-UI
wave34,wave34/candidates-20260929/assets/props/ford_splash_b-v1.png,b84b85f008dad9ba01d04e924b0cefad7a6cea7e4490f43510ea257ccfc180ed,confirmed,,Wave 34 여울 물튀김 소품 확정(판정 2026-09-29),LAND-UI
wave34,wave34/candidates-20260929/proofs/01-river-crossings.png,6b1a849d0ea0c61d9925f362a3d2add0e844149da444e992c7658a44449abf35,confirmed,,Wave 34 확인 그림(판정 2026-09-29),
wave34,wave34/candidates-20260929/proofs/02-fen-drainage.png,4c33bcb656d122f32d5be416355bfbea6650eda37abccf2f8f9b0fdf56e2845c,confirmed,,Wave 34 확인 그림(판정 2026-09-29),
wave34,wave34/stage3-regions-20260929/assets/drain/drain_stage3_drying_summer_3x3-v3.png,17eb2e5fd922280b1a13807c9bd0b30a999b9cdc42f548bff9528d4798a84fe6,confirmed,,칸 반복 대신 구역 한 장(5×5·3×3) · Wave 34 배수 3단계 구역판 v3 확정(판정 2026-09-29),LAND-UI
wave34,wave34/stage3-regions-20260929/assets/drain/drain_stage3_drying_summer_5x5-v3.png,579d4f3b08dca8b363037782a56befb0471da38efde9d9ce8a3251688cb8cd0d,confirmed,,칸 반복 대신 구역 한 장(5×5·3×3) · Wave 34 배수 3단계 구역판 v3 확정(판정 2026-09-29),LAND-UI
wave34,wave34/stage3-regions-20260929/assets/drain/drain_stage3_drying_winter_3x3-v3.png,5deb59892c8cce82fd1bb248825b1b121e69004cf6d56a3f00c4b5338fdcaae0,confirmed,,칸 반복 대신 구역 한 장(5×5·3×3) · Wave 34 배수 3단계 구역판 v3 확정(판정 2026-09-29),LAND-UI
wave34,wave34/stage3-regions-20260929/assets/drain/drain_stage3_drying_winter_5x5-v3.png,78a6640c214e628b318eff2f906228d18593794112b63e273ce68ba4cf0399d2,confirmed,,칸 반복 대신 구역 한 장(5×5·3×3) · Wave 34 배수 3단계 구역판 v3 확정(판정 2026-09-29),LAND-UI
wave34,wave34/stage3-regions-20260929/proofs/01-region-drainage-sequence.png,436949b28b51d695fddc94125025c99e80ae9794bc3dbfce643bd7019ae8a2ea,confirmed,,Wave 34 배수 단계 비교 그림(확인 그림)(판정 2026-09-29),
wave35,wave35/candidates-20260930/assets/A_estates/estate_declining.png,34d30744bb54d0c919217583cf974b0d4cde2645d5eb2c3da4ec4baf846bcf8e,confirmed,,Wave 35 영주 모드 영지 기본 확정(판정 2026-09-30),
wave35,wave35/candidates-20260930/assets/A_estates/estate_ecclesiastical.png,bcd9f98530dfc5b3e715725d306ebce127396d91ad428e03b50e56e3cacc3608,confirmed,,Wave 35 영주 모드 영지 기본 확정(판정 2026-09-30),
wave35,wave35/candidates-20260930/assets/A_estates/estate_hunting.png,4776c256af5798e94c4dca222c9725677ca46732725e897bb6031b53e585f8c2,confirmed,,Wave 35 영주 모드 영지 기본 확정(판정 2026-09-30),
wave35,wave35/candidates-20260930/assets/A_estates/estate_integrated_overlay.png,86381194c8b68ad56afdc231e17a4caac86e1c5b18154e933088dfeca8f9a136,confirmed,,Wave 35 영주 모드 영지 기본 확정(판정 2026-09-30),
wave35,wave35/candidates-20260930/assets/A_estates/estate_moated.png,2aac8767b718e73e0f3a905c57b70ee987586f0425a76bd5207953b0f6fe3c13,confirmed,,Wave 35 영주 모드 영지 기본 확정(판정 2026-09-30),
wave35,wave35/candidates-20260930/assets/A_estates/estate_ordinary.png,6d5e32b472391bd0f1f6061cd9c416645fceb3762f26288037815eea9dc49ca7,confirmed,,Wave 35 영주 모드 영지 기본 확정(판정 2026-09-30),
wave35,wave35/candidates-20260930/assets/A_estates/estate_poor.png,4042531b716e012d85d6a92bafc3a1267b524843e444f0437f023bd14eb99d2a,confirmed,,Wave 35 영주 모드 영지 기본 확정(판정 2026-09-30),
wave35,wave35/candidates-20260930/assets/A_estates/estate_riverside_mill.png,48d7ddc3e2eb63bcca935467c31ca18a7e52a06c5937460dff4aa83c108393b7,confirmed,,Wave 35 영주 모드 영지 기본 확정(판정 2026-09-30),
wave35,wave35/candidates-20260930/assets/A_estates/estate_wealthy.png,ba6db344f4ed7baa4df7b63ac5e1e991c9ab66b29f2f7b8974380f99378e45ec,confirmed,,Wave 35 영주 모드 영지 기본 확정(판정 2026-09-30),
wave35,wave35/candidates-20260930/assets/B_negotiation/acceptance_scale.png,adfcbfe986bdf7e7fb0a7fdfae0ef0e9be50c816775523c3079ce64ce095301f,confirmed,,Wave 35 영주 모드 협상 기본 확정(판정 2026-09-30),
wave35,wave35/candidates-20260930/assets/B_negotiation/clause_row.png,f29b72d689e7a942fd5dd71fe6cf069a3dfcbf5ee07dd4bb4ac90a4375c28de3,confirmed,,Wave 35 영주 모드 협상 기본 확정(판정 2026-09-30),
wave35,wave35/candidates-20260930/assets/B_negotiation/clause_row_changed.png,9714cf3b579ef725414bffb66873e2c539634454963797e4097979efa9cbf924,confirmed,,Wave 35 영주 모드 협상 기본 확정(판정 2026-09-30),
wave35,wave35/candidates-20260930/assets/B_negotiation/clause_row_rejected.png,58f04260e9da3ef3fcfd63840b1897020e826831911ea0efc5e875f776cd0d81,confirmed,,Wave 35 영주 모드 협상 기본 확정(판정 2026-09-30),
wave35,wave35/candidates-20260930/assets/B_negotiation/reason_chip_minus.png,7701c2c315c504c50da829fb9a869f14bd4fc38d9c2e9516de2f7d206cd81dc9,confirmed,,Wave 35 영주 모드 협상 기본 확정(판정 2026-09-30),
wave35,wave35/candidates-20260930/assets/B_negotiation/reason_chip_plus.png,ac3a93f63bad47d291534dd16e8075e522ca2b2bfe9abc7fe3dc4f00705c3ccf,confirmed,,Wave 35 영주 모드 협상 기본 확정(판정 2026-09-30),
wave35,wave35/candidates-20260930/assets/B_negotiation/seal_broken.png,563e2fdef5d813f15bbe452552aa9119225f74ffc11cdd457ae3fea7578dfa7d,confirmed,,Wave 35 영주 모드 협상 기본 확정(판정 2026-09-30),
wave35,wave35/candidates-20260930/assets/B_negotiation/seal_empty.png,b5e0728ededf2c9643afc1427b4a6ca3d09ca10170bef403ec48565357b4a657,confirmed,,Wave 35 영주 모드 협상 기본 확정(판정 2026-09-30),
wave35,wave35/candidates-20260930/assets/B_negotiation/seal_stamped.png,0bbe10ccfe0bb3d842a45f09ee3cbe486bbdfeed10b8d03ec91a80bbc0710b03,confirmed,,Wave 35 영주 모드 협상 기본 확정(판정 2026-09-30),
wave35,wave35/candidates-20260930/assets/B_negotiation/treaty_divider.png,e07c738201497c230ccd309c42fa5b858f41ef17d1be1931eff4dd0789fd37b7,confirmed,,Wave 35 영주 모드 협상 9-slice 조립 보조 확정(판정 2026-09-30),
wave35,wave35/candidates-20260930/assets/B_negotiation/treaty_frame.png,30edbdb9516dcf33774cba274efe4d44978a00c416315a42468bf280ab3a1a62,confirmed,,Wave 35 영주 모드 협상 기본 확정(판정 2026-09-30),
wave35,wave35/candidates-20260930/assets/C_promises/deadline_marker.png,eb9cdc22a28b4c969a970bf0b76854b64699570f87561009416f6b4660220ef5,confirmed,,Wave 35 영주 모드 약속 기본 확정(판정 2026-09-30),
wave35,wave35/candidates-20260930/assets/C_promises/debt_note.png,23a2bf0b8584dfce71fa1365f0a2ae3ccd3ceba5c6cd2e366ced217b337e7c61,confirmed,,Wave 35 영주 모드 약속 기본 확정(판정 2026-09-30),
wave35,wave35/candidates-20260930/assets/C_promises/ledger_book.png,2a5205f5cb450813014d03ce105c13857f1ae7127b3669f2ab6582940303e040,confirmed,,Wave 35 영주 모드 약속 기본 확정(판정 2026-09-30),
wave35,wave35/candidates-20260930/assets/C_promises/ledger_spine.png,c362c599e75dcfee5fd17f92cf14ad5d458ba26789a36adb2fbd933a5bad26a2,confirmed,,Wave 35 영주 모드 약속 9-slice 조립 보조 확정(판정 2026-09-30),
wave35,wave35/candidates-20260930/assets/C_promises/promise_active.png,cef311cd372f54cc75e87dc8f66ed0eb615a55cf4fe5ee812ecb1e075ddf789f,confirmed,,Wave 35 영주 모드 약속 기본 확정(판정 2026-09-30),
wave35,wave35/candidates-20260930/assets/C_promises/promise_broken.png,4019cb7e43c35794f4540e0b69300870b3718d5421614b64622b979884cce96d,confirmed,,Wave 35 영주 모드 약속 기본 확정(판정 2026-09-30),
wave35,wave35/candidates-20260930/assets/C_promises/promise_due.png,2b69f532987007e9639eb6b2ceedd1330088a275cf7a3801ef989985022eb47c,confirmed,,Wave 35 영주 모드 약속 기본 확정(판정 2026-09-30),
wave35,wave35/candidates-20260930/assets/C_promises/promise_kept.png,f9c388ba345e0ba0e67a28a54171bf67c9c6110dde61ed3328ae742d62c83259,confirmed,,Wave 35 영주 모드 약속 기본 확정(판정 2026-09-30),
wave35,wave35/candidates-20260930/assets/C_promises/witness_seal.png,749f53e93e0a6b623281a38e80cb5215a1022b97a5a97a3509f5b94d4526589b,confirmed,,Wave 35 영주 모드 약속 기본 확정(판정 2026-09-30),
wave35,wave35/candidates-20260930/assets/D_operations/annual_audit.png,13c4072c144d4908f4f0c3f593553eb9cd8d53b99a52698491f5eb26ea51a915,confirmed,,Wave 35 영주 모드 운영 기본 확정(판정 2026-09-30),
wave35,wave35/candidates-20260930/assets/D_operations/litigation_track.png,d58284acf4511c21ab6111a4b7c6882f6735aa50698ddc31fe50b67ca253943d,confirmed,,Wave 35 영주 모드 운영 기본 확정(판정 2026-09-30),
wave35,wave35/candidates-20260930/assets/D_operations/office_bailiff_32.png,5cb876c4dbe6d1e8e8384529c277f2173bc2a29604cbd889027dd2a5985d2f64,confirmed,,Wave 35 영주 모드 운영 32px 파생 확정(판정 2026-09-30),
wave35,wave35/candidates-20260930/assets/D_operations/office_bailiff_64.png,cf6397245130f30de29114b5c868e1cddd3c7ca4e85b2f98888c48293cd31e49,confirmed,,Wave 35 영주 모드 운영 기본 확정(판정 2026-09-30),
wave35,wave35/candidates-20260930/assets/D_operations/office_clerk_32.png,697b41649f8f688795811489f88f5c3868f13f3ef710ad861290200b4ecce0c7,confirmed,,Wave 35 영주 모드 운영 32px 파생 확정(판정 2026-09-30),
wave35,wave35/candidates-20260930/assets/D_operations/office_clerk_64.png,43cf29342bec3a0061837e6118c7e8a0cd575bf8c84e9361f3486cbfbbfd9a65,confirmed,,Wave 35 영주 모드 운영 기본 확정(판정 2026-09-30),
wave35,wave35/candidates-20260930/assets/D_operations/office_receiver_32.png,0550b9a9145fdfbb1d485d31cc4ae140f13fe340c99c575b26df0b80a215e837,confirmed,,Wave 35 영주 모드 운영 32px 파생 확정(판정 2026-09-30),
wave35,wave35/candidates-20260930/assets/D_operations/office_receiver_64.png,b560c41b66b88bd2539b171c03b5ac613fc96e4d9b1915c2d727227d0aca655b,confirmed,,Wave 35 영주 모드 운영 기본 확정(판정 2026-09-30),
wave35,wave35/candidates-20260930/assets/D_operations/office_reeve_32.png,e5f2ba5738c735b40beae4d9a6de77a029d366586e602c8158fcefcd73943081,confirmed,,Wave 35 영주 모드 운영 32px 파생 확정(판정 2026-09-30),
wave35,wave35/candidates-20260930/assets/D_operations/office_reeve_64.png,8393f59202f2ea7888132f9eb7e641f9e1cfa020398ada7cb27a5bd21b14f8ce,confirmed,,Wave 35 영주 모드 운영 기본 확정(판정 2026-09-30),
wave35,wave35/candidates-20260930/assets/D_operations/office_steward_32.png,23c852234d68314d855e920b9f66fc49d9c507214aa4c067d552e629e781ec78,confirmed,,Wave 35 영주 모드 운영 32px 파생 확정(판정 2026-09-30),
wave35,wave35/candidates-20260930/assets/D_operations/office_steward_64.png,1ea62182c35a00b4c37243f3b1a0abb934ac46eb75705b664a1450dd28491671,confirmed,,Wave 35 영주 모드 운영 기본 확정(판정 2026-09-30),
wave35,wave35/candidates-20260930/assets/D_operations/policy_defence.png,9d39ce02ff69f9880da9af3b48fa4ad0d472724a1974531d11bd72788a7a162e,confirmed,,Wave 35 영주 모드 운영 기본 확정(판정 2026-09-30),
wave35,wave35/candidates-20260930/assets/D_operations/policy_growth.png,e6dce51aa053bb0e2a6c011fe0da7b52849f5dd34f363d24b8e569703aefe898,confirmed,,Wave 35 영주 모드 운영 기본 확정(판정 2026-09-30),
wave35,wave35/candidates-20260930/assets/D_operations/policy_revenue.png,dc122888fce99356134828d7bf471523db765bd91e2221e34949c17ad7ca9509,confirmed,,Wave 35 영주 모드 운영 기본 확정(판정 2026-09-30),
wave35,wave35/candidates-20260930/assets/D_operations/policy_stability.png,8cf3415e74c7bc8b19279f692ed8269fd274384164168d500c956fcb92b6c31d,confirmed,,Wave 35 영주 모드 운영 기본 확정(판정 2026-09-30),
wave35,wave35/candidates-20260930/assets/D_operations/subsidy_notice.png,b875b590ccc6556054fb1c077324bc2873d616d4d559d76ffcb0898cfc286353,confirmed,,Wave 35 영주 모드 운영 기본 확정(판정 2026-09-30),
wave35,wave35/candidates-20260930/assets/E_receipts/reason_bar_cap_minus.png,475ced5985184f7416c1d848b14da222d46dbd961c45e8219bd0cb4fabce130f,confirmed,,Wave 35 영주 모드 영수증 기본 확정(판정 2026-09-30),
wave35,wave35/candidates-20260930/assets/E_receipts/reason_bar_cap_plus.png,2a00bddf7973ffab36bfabc16f8218dff381c01b9e9bc146204f59e9b9e8f708,confirmed,,Wave 35 영주 모드 영수증 기본 확정(판정 2026-09-30),
wave35,wave35/candidates-20260930/assets/E_receipts/receipt_frame.png,eb4580f91381bc0443f84d620fcb17166d0acbbe7a3da2d3c9af7cb24f395b1c,confirmed,,Wave 35 영주 모드 영수증 기본 확정(판정 2026-09-30),
wave35,wave35/candidates-20260930/assets/E_receipts/related_decision_ribbon.png,e72d07c0045c16123dd2dfb64a1dc1f16cd5b30df70e799eef4a46423a72287b,confirmed,,Wave 35 영주 모드 영수증 기본 확정(판정 2026-09-30),
wave35,wave35/candidates-20260930/proofs/01-treaty-1280x800.jpg,db72dcece513803ef457865a34c2d11b0a778274c210d0fe8ddb2344268335da,confirmed,,Wave 35 확인 그림(판정 2026-09-30),
wave35,wave35/candidates-20260930/proofs/02-estates-ledger-receipt.jpg,6f453d3c67dd3244abec4aa0310f086a54a4ff07faee97182847e52d5cea62ef,confirmed,,Wave 35 확인 그림(판정 2026-09-30),
wave35,wave35/candidates-20260930/records/marks-review.png,6e04503e92ca539a75cc537e9b1bcf3b8eafb5fad52f3e4a938760bdf7eeb0c2,confirmed,,Wave 35 기록·검수 그림(판정 2026-09-30),
wave35,wave35/candidates-20260930/records/qa/assets-contact.jpg,639615535cf61909cd1384347b5f2f0455397f451d4682993ce56b41f4ea15b9,confirmed,,Wave 35 기록·검수 그림(판정 2026-09-30),
wave35,wave35/candidates-20260930/records/qa/insignia-actual-size.png,e1f7e0d86ef3e5273e04e430f5a362e3f272f5e2a653595813f7fca4a82a957e,confirmed,,Wave 35 기록·검수 그림(판정 2026-09-30),
wave35,wave35/candidates-20260930/records/qa/ledger_book.jpg,1c2314fb16fe3dcd5ea3fcc8a26334779f316c8137b834e2f18bb6b0b2adcd76,confirmed,,Wave 35 기록·검수 그림(판정 2026-09-30),
wave35,wave35/candidates-20260930/records/qa/receipt_frame.jpg,f0a8734735f6b6d19b64d5e3e6ac35109734ef5ea4680405fec9fa7d8f7b0fa3,confirmed,,Wave 35 기록·검수 그림(판정 2026-09-30),
wave37,wave37/candidates-20260930/assets/condition_newcomer_cart_a.png,c19982c9161b8cf7eccb3f81184c78be0bb70f194bfe2e0697da64ea297237a7,confirmed,,Wave 37 집 앞 형편 표지 확정(판정 2026-09-30),
wave37,wave37/candidates-20260930/assets/condition_newcomer_cart_b.png,223610882f5ac4e6a8d560fcbfb05f1acad22f1c95a6c93581cf63eeef274d69,confirmed,,Wave 37 집 앞 형편 표지 확정(판정 2026-09-30),
wave37,wave37/candidates-20260930/assets/condition_ordinary_bench.png,dba243e20097ba22551f3025bfa5fdb822a20194da9ff56b00b1db26798822b2,confirmed,,Wave 37 집 앞 형편 표지 확정(판정 2026-09-30),
wave37,wave37/candidates-20260930/assets/condition_ordinary_water.png,18905e936a41297cbe9f8abbd72c9e0bb1542fc53d8c4afbb8c6537159ca0cb9,confirmed,,Wave 37 집 앞 형편 표지 확정(판정 2026-09-30),
wave37,wave37/candidates-20260930/assets/condition_prosperous_bench.png,ed2a5a4712b5b3349eceb46ac77c4a6c4e9c9da9790f5afa96bfe05ba1d55816,superseded,wave37/rework-v2/assets/condition_prosperous_bench.png,재작업판으로 대체(판정 2026-09-30) · 이전 비고: 19세기 공원 벤치로 보임(판정 2026-09-30) · Wave 37 집 앞 형편 표지,
wave37,wave37/candidates-20260930/assets/condition_prosperous_pots.png,7fbb7a481735ec7258e2d09e38c262f70bba99cf0b29855d1eb5bd8da1685a07,confirmed,,Wave 37 집 앞 형편 표지 확정(판정 2026-09-30),
wave37,wave37/candidates-20260930/assets/condition_strained_barrel.png,37c728fff7a3831d1e812143c6aa1607a468f7e07d341449fa6f8470cf386fe6,confirmed,,Wave 37 집 앞 형편 표지 확정(판정 2026-09-30),
wave37,wave37/candidates-20260930/assets/condition_strained_firewood.png,a927d9708ec990d13093c142ec36a36bd4780d0c9b6f8ed29c428f4b13405e2c,confirmed,,Wave 37 집 앞 형편 표지 확정(판정 2026-09-30),
wave37,wave37/candidates-20260930/assets/trade_ale_a.png,76d37a02795c76f7e8c668fa5acc86d4d6cdb53de7b06bcc002ebe2998809b18,confirmed,,Wave 37 집 앞 직업 표지 확정(판정 2026-09-30),
wave37,wave37/candidates-20260930/assets/trade_ale_b.png,ff54e96da66987c248b896d2f392b4436723155b568d07675e9f50019dff9aa0,confirmed,,Wave 37 집 앞 직업 표지 확정(판정 2026-09-30),
wave37,wave37/candidates-20260930/assets/trade_baker_a.png,40266fd8f5bb0f1cc17f92538254d281f3a2eed62c5ce6a889d36fcb54de70b8,confirmed,,Wave 37 집 앞 직업 표지 확정(판정 2026-09-30),
wave37,wave37/candidates-20260930/assets/trade_baker_b.png,486f4dcbf479a17ec2582be82e6f3d36b289d6326f3cbf54f1d5df41fd6c3e0a,confirmed,,Wave 37 집 앞 직업 표지 확정(판정 2026-09-30),
wave37,wave37/candidates-20260930/assets/trade_carpenter_a.png,497a4a7fa3130f27d9bc1842df3624630bb63fe2adc849d0d3d27f0160573904,superseded,wave37/rework-v2/assets/trade_carpenter_a.png,재작업판으로 대체(판정 2026-09-30) · 이전 비고: 보통 벤치와 같은 물건으로 읽힘(판정 2026-09-30) · Wave 37 집 앞 직업 표지,
wave37,wave37/candidates-20260930/assets/trade_carpenter_b.png,8e4ed06bec2e239e155c5a3316ef24a52fe411ca88e0dfdb55a4265c5c731c7f,confirmed,,Wave 37 집 앞 직업 표지 확정(판정 2026-09-30),
wave37,wave37/candidates-20260930/assets/trade_dyer_a.png,ba19e54b6b442fa0bde294e55094883f1f01ffb3193914a4e08ab2978cb9a0a1,confirmed,,Wave 37 집 앞 직업 표지 확정(판정 2026-09-30),
wave37,wave37/candidates-20260930/assets/trade_dyer_b.png,3076470d32b37b44affdd9255948707a62017088359a11edc9107635a3fb18fd,confirmed,,Wave 37 집 앞 직업 표지 확정(판정 2026-09-30),
wave37,wave37/candidates-20260930/assets/trade_fisher_a.png,a79a77aa9594f206980a41821f0574154e775c277f8dac868f9e093c8e69e2c6,confirmed,,Wave 37 집 앞 직업 표지 확정(판정 2026-09-30),
wave37,wave37/candidates-20260930/assets/trade_fisher_b.png,4fb554b9138afd596c78210592f137c1aec72b731462f06e29f5eef83d5ee79b,confirmed,,Wave 37 집 앞 직업 표지 확정(판정 2026-09-30),
wave37,wave37/candidates-20260930/assets/trade_inn_a.png,2469a6d9db08f4a05b556c9ffd7158890c87b9ace1842465496ee6addda9091a,confirmed,,Wave 37 집 앞 직업 표지 확정(판정 2026-09-30),
wave37,wave37/candidates-20260930/assets/trade_inn_b.png,e076ef8e2af3b5c94db1dcf3721d59952a657647d11203ecb6fcbc376c96844a,confirmed,,Wave 37 집 앞 직업 표지 확정(판정 2026-09-30),
wave37,wave37/candidates-20260930/assets/trade_merchant_a.png,a3c01ce81b745563d0961c28c29a8d7cbefbb95284c79795cac7763b8d34fdc9,confirmed,,Wave 37 집 앞 직업 표지 확정(판정 2026-09-30),
wave37,wave37/candidates-20260930/assets/trade_merchant_b.png,8609231aa971102edd8d57d7040cbee0a5d4d0353ef73b25adc3a330f7798ae0,confirmed,,Wave 37 집 앞 직업 표지 확정(판정 2026-09-30),
wave37,wave37/candidates-20260930/assets/trade_miller_a.png,331c20c466acec1290f1f64c9ca79628013350a171016c57ebda4f56d97967b7,superseded,wave37/rework-v2/assets/trade_miller_a.png,재작업판으로 대체(판정 2026-09-30) · 이전 비고: 치즈로 읽힘(판정 2026-09-30) · Wave 37 집 앞 직업 표지,
wave37,wave37/candidates-20260930/assets/trade_miller_b.png,0d485260e0255b171708642be6cb05efbc8156ec2e28a1d0a49600d6cbcc6f8b,superseded,wave37/rework-v2/assets/trade_miller_b.png,재작업판으로 대체(판정 2026-09-30) · 이전 비고: 새 입주 수레 B와 같음(판정 2026-09-30) · Wave 37 집 앞 직업 표지,
wave37,wave37/candidates-20260930/assets/trade_shepherd_a.png,caf5dcf6f8ac727c660a0f17ac25b534dd9fbf9b74aad12ab7227562688a3879,confirmed,,Wave 37 집 앞 직업 표지 확정(판정 2026-09-30),
wave37,wave37/candidates-20260930/assets/trade_shepherd_b.png,d6e8717f3be385301f5ea5c805b5f381acf1713c4bcb3fa5b225242c300055fa,confirmed,,Wave 37 집 앞 직업 표지 확정(판정 2026-09-30),
wave37,wave37/candidates-20260930/assets/trade_smith_a.png,b8e02373d0f695d041839a98bf7c39a0cc96255112d6ed5570e0f2862a371c6d,confirmed,,Wave 37 집 앞 직업 표지 확정(판정 2026-09-30),
wave37,wave37/candidates-20260930/assets/trade_smith_b.png,d94ad9e45a7346e84fae8acb25939f7343ad920bb3e2c21c70e6606383bb27cd,confirmed,,Wave 37 집 앞 직업 표지 확정(판정 2026-09-30),
wave37,wave37/candidates-20260930/assets/trade_tanner_a.png,37306717160ef44eea7bae13e82acad952b512a3fe46c2bedbec23790e872464,confirmed,,Wave 37 집 앞 직업 표지 확정(판정 2026-09-30),
wave37,wave37/candidates-20260930/assets/trade_tanner_b.png,ba1d2f1661c6d08a5a8e000d8d521fbb954a9ce08a4a091de86c77642f74a472,confirmed,,Wave 37 집 앞 직업 표지 확정(판정 2026-09-30),
wave37,wave37/candidates-20260930/assets/trade_weaver_a.png,f90010dc7def67b3287bae84a6e998b5b5ee5542643b03aa7f0b1f27675a390f,confirmed,,Wave 37 집 앞 직업 표지 확정(판정 2026-09-30),
wave37,wave37/candidates-20260930/assets/trade_weaver_b.png,dee42edfe7d6b8abcdb3633ac9b4da5da5518f285b54df8a903c47572a14e12a,confirmed,,Wave 37 집 앞 직업 표지 확정(판정 2026-09-30),
wave37,wave37/candidates-20260930/proofs/01-city-context.jpg,cc02a97a5a429e40c0ce411037ad5ba199e1a69ac5828b7dc2d456e77f7b9223,confirmed,,Wave 37 확인 그림(판정 2026-09-30),
wave37,wave37/candidates-20260930/proofs/02-blind-trades.jpg,8ad815c30e1baec94cc9cd5a8b8b5832e66a690d0e59598896b2eb965cbe98a3,confirmed,,Wave 37 확인 그림(판정 2026-09-30),
wave37,wave37/candidates-20260930/proofs/03-zoom-06.jpg,9f0c1a87efcfc6f852dd430bc0d51cd6e878445e33d15101586b26d33e55cd3b,confirmed,,Wave 37 확인 그림(판정 2026-09-30),
wave37,wave37/candidates-20260930/records/blind/01.png,c13b0cd0af6242b579f98271258dbb73125be06de0cf4f487205a8b204182f6c,confirmed,,Wave 37 판독 시험 그림(기록)(판정 2026-09-30),
wave37,wave37/candidates-20260930/records/blind/02.png,ed27dfa6edeae73e5616d5e5234c7d557ad5d223c8f18bc4a5be40f6829b5b44,confirmed,,Wave 37 판독 시험 그림(기록)(판정 2026-09-30),
wave37,wave37/candidates-20260930/records/blind/03.png,1ffe682d25d6fb483cad68b83a9123d5bf3f2fd727577c8526401cf08d4afd85,confirmed,,Wave 37 판독 시험 그림(기록)(판정 2026-09-30),
wave37,wave37/candidates-20260930/records/blind/04.png,1815e5914345a5edd81aecbabbd7792dbe60a462fc8a308410cf2bff3d0fd042,confirmed,,Wave 37 판독 시험 그림(기록)(판정 2026-09-30),
wave37,wave37/candidates-20260930/records/blind/05.png,035dd46104a6aef076756294f43aa6d349bbe1f7b7fe3dd6451b22f07a1087e2,confirmed,,Wave 37 판독 시험 그림(기록)(판정 2026-09-30),
wave37,wave37/candidates-20260930/records/blind/06.png,fb3dcec1484719f69ff453de0e7dfa56f1d5461cfedca58b7e8b4ffd1682c9b5,confirmed,,Wave 37 판독 시험 그림(기록)(판정 2026-09-30),
wave37,wave37/candidates-20260930/records/blind/07.png,c249685ffdb71f1e77c720ffaad974d122c09e530a927c6576dc58a2eed7dc87,confirmed,,Wave 37 판독 시험 그림(기록)(판정 2026-09-30),
wave37,wave37/candidates-20260930/records/blind/08.png,e8dba47e7a40469cb6612ab07ac431ab3c5a7994db3ad4c9dfae3c6ed8921f1e,confirmed,,Wave 37 판독 시험 그림(기록)(판정 2026-09-30),
wave37,wave37/candidates-20260930/records/blind/09.png,0103eec3f87da3b50954d7fc2c2ad290d265ec078723f88b9c9ff713f0ebe819,confirmed,,Wave 37 판독 시험 그림(기록)(판정 2026-09-30),
wave37,wave37/candidates-20260930/records/blind/10.png,2ff9af1bbd2ffafb293e0f0be9face25cd29f298b461787ac131e2d5718c5902,confirmed,,Wave 37 판독 시험 그림(기록)(판정 2026-09-30),
wave37,wave37/candidates-20260930/records/blind/11.png,88c2dae6fce3fec71442fd1d70049c1df71d4e5f1fcfa3bc6c62a2440ecd8edb,confirmed,,Wave 37 판독 시험 그림(기록)(판정 2026-09-30),
wave37,wave37/candidates-20260930/records/blind/12.png,67f8ec255fdb06e281a8b99287331af760be188304a05ec638ff71238fa64640,confirmed,,Wave 37 판독 시험 그림(기록)(판정 2026-09-30),
wave37,wave37/candidates-20260930/records/conditions-contact.png,5908c681a3056b1f037dac3eb0d5f98b42c8c4359f73d2b1b7bc4caabc56cd70,confirmed,,Wave 37 검수·기록 그림(판정 2026-09-30),
wave37,wave37/candidates-20260930/records/contacts/trades-a-contact.png,da48dc81e1c871e41f8533c04579d1d6cae07da835689b9d1cae04854df3d7f4,confirmed,,"Wave 37 작업 접촉판(기록, 받은 묶음의 proofs/에 있던 PNG)(판정 2026-09-30)",
wave37,wave37/candidates-20260930/records/contacts/trades-b-normalized-contact.png,356036b770048dade3b1e913e3770aa97e0e633129ff8eba1ba22a0b914fd706,confirmed,,"Wave 37 작업 접촉판(기록, 받은 묶음의 proofs/에 있던 PNG)(판정 2026-09-30)",
wave37,wave37/candidates-20260930/records/contacts/trades-b-raw-contact.png,e7fa400c15c6c55ee3cf36f71f07b8f9cbc86bf5924b80da78a6b6e8b42ae938,confirmed,,"Wave 37 작업 접촉판(기록, 받은 묶음의 proofs/에 있던 PNG)(판정 2026-09-30)",
wave37,wave37/candidates-20260930/records/contacts/trades-b-v2-contact.png,c622c5f4cf9f42223a54dec43e8941d82e332763aebac1e12cf7c8acffd10b5a,confirmed,,"Wave 37 작업 접촉판(기록, 받은 묶음의 proofs/에 있던 PNG)(판정 2026-09-30)",
wave37,wave37/candidates-20260930/records/qa/all-assets.jpg,f736f09bb3a03726f0178e4f02c88c2411b17f73b193b48084a1d5468a914ebe,confirmed,,Wave 37 검수·기록 그림(판정 2026-09-30),
wave37,wave37/candidates-20260930/records/qa/city-full.jpg,04b5cc46d285ef00a2b4e36df86f75ebb6f347a32373857382c6adcadeabbe82,confirmed,,Wave 37 검수·기록 그림(판정 2026-09-30),
wave37,wave37/candidates-20260930/records/qa/round1/02-blind-trades.jpg,fcf04ca414d56de433c149ac74e19f836c1db333d523a2f5b5163e8e680952fc,confirmed,,Wave 37 검수·기록 그림(판정 2026-09-30),
wave37,wave37/candidates-20260930/records/qa/round1/03-zoom-06.jpg,45b52f52ee5dd25276e0cd1325e602461d3a1f42bac1a017caf6f75825481cd8,confirmed,,Wave 37 검수·기록 그림(판정 2026-09-30),
wave37,wave37/candidates-20260930/records/qa/trades-a-feet.png,2f0218d6b9efc532a55b672e265a48597f8c1203af13b7af02ebfffbc20a3f0d,confirmed,,Wave 37 검수·기록 그림(판정 2026-09-30),
wave37,wave37/candidates-20260930/records/qa/trades-c-review.png,3fbfa6c61a97c3b3e1d12983fd669873f7cde1395d1433cdce5b2c9efec6534a,confirmed,,Wave 37 검수·기록 그림(판정 2026-09-30),
wave37,wave37/candidates-20260930/records/qa/trades-c-v2-review.png,3e61980a7ec7657bb75407c7d146e4519504ae12a7fd59ba1e8ee5d9d6c1a9b6,confirmed,,Wave 37 검수·기록 그림(판정 2026-09-30),
wave37,wave37/candidates-20260930/records/rejected/r1/assets/trade_fisher_a.png,e9e7f71884965dd88bc0d455be88b4911119afa7993c386a1179f109720e46c3,rejected,,"1차 교정 이력(Astra가 반려한 판, 기록 보관)(판정 2026-09-30) · Wave 37",
wave37,wave37/candidates-20260930/records/rejected/r1/assets/trade_inn_a.png,747e191b87418a70b16fc8b84ead5bc005d572da8d0661d2b953f77c4c6ae5c2,rejected,,"1차 교정 이력(Astra가 반려한 판, 기록 보관)(판정 2026-09-30) · Wave 37",
wave37,wave37/candidates-20260930/records/rejected/r1/trade_ale_a.png,00f0fae5e007f53e5685dd2db7de709caf3c2f62de877ee33f63be8a8e204230,rejected,,"1차 교정 이력(Astra가 반려한 판, 기록 보관)(판정 2026-09-30) · Wave 37",
wave37,wave37/candidates-20260930/records/rejected/r1/trade_miller_a.png,52401e6e7d02b2a4a655d7f8f4d4e21d4d13a67dfe2ae189f297daa711fa625e,rejected,,"1차 교정 이력(Astra가 반려한 판, 기록 보관)(판정 2026-09-30) · Wave 37",
wave37,wave37/rework-v2/assets/condition_prosperous_bench.png,feb62ef262ef093d2e67339bd80f19a412dd08c1f135e307ed8a6af12e3409bb,confirmed,,재작업판(바이트 다름) — 같은 이름의 wave37/candidates-20260930/assets/condition_prosperous_bench.png를 대체 · Wave 37 집 앞 표지 확정(판정 2026-09-30),
wave37,wave37/rework-v2/assets/trade_carpenter_a.png,577c323fb03b2deefc99256fe9b669a8ee6e09f962058aa45e226e1d6f5fd053,confirmed,,재작업판(바이트 다름) — 같은 이름의 wave37/candidates-20260930/assets/trade_carpenter_a.png를 대체 · Wave 37 집 앞 표지 확정(판정 2026-09-30),
wave37,wave37/rework-v2/assets/trade_miller_a.png,8d9212df0398364965986b7612ca1b39d070c8951caea9c4005010773ca85c73,confirmed,,재작업판(바이트 다름) — 같은 이름의 wave37/candidates-20260930/assets/trade_miller_a.png를 대체 · Wave 37 집 앞 표지 확정(판정 2026-09-30),
wave37,wave37/rework-v2/assets/trade_miller_b.png,788f8d03d7cf6e6dfcbad03b6793ee4d524a64d2f4b655a15bbbf1608e632ff9,confirmed,,재작업판(바이트 다름) — 같은 이름의 wave37/candidates-20260930/assets/trade_miller_b.png를 대체 · Wave 37 집 앞 표지 확정(판정 2026-09-30),
wave37,wave37/rework-v2/proofs/01-confusion-pairs.jpg,f4ef346102055927adc37813d10d5a6d90c9c399c92386dc4322bcb83a11250f,confirmed,,Wave 37 재작업 비교판(확인 그림)(판정 2026-09-30),
wave37,wave37/rework-v2/proofs/condition_prosperous_bench-6x.png,537efebb715c289bd90f1a7163bf57c7d7c58008ddc611d9a9e76865102177a6,confirmed,,Wave 37 재작업 비교판(확인 그림)(판정 2026-09-30),
wave37,wave37/rework-v2/proofs/trade_carpenter_a-6x.png,9b85fae71fd545ae694b119e3b3bb4f8e1008464a012643a214f4b5af263746b,confirmed,,Wave 37 재작업 비교판(확인 그림)(판정 2026-09-30),
wave37,wave37/rework-v2/records/blind/recognition.jpg,30474772d8777c6b457a9d18483c4df114b21e5c4b4eaf81e3e8809c9e00ddc4,confirmed,,Wave 37 재작업 판독 기록(기록 그림)(판정 2026-09-30),
wave39,wave39/candidates-20260930/assets/debris/floating_leaves-v1.png,f430a619cd6b91f9fd988dbe4300293edbee9db8799d6bec8c6d0d183cb87dce,confirmed,,Wave 39 날씨·낙엽 재료 — 잔해 확정(판정 2026-09-30),
wave39,wave39/candidates-20260930/assets/debris/ground_leaves_large-v1.png,b35944ae1eb1b94bbd5742ee223719592296a57299a7f12cc9de0fd91c28effd,confirmed,,Wave 39 날씨·낙엽 재료 — 잔해 확정(판정 2026-09-30),
wave39,wave39/candidates-20260930/assets/debris/ground_leaves_medium_birch_maple-v1.png,4e9ac907e9691c911624cb0e774f516275d118ef624579703b3b1c78e2c18604,confirmed,,Wave 39 날씨·낙엽 재료 — 잔해 확정(판정 2026-09-30),
wave39,wave39/candidates-20260930/assets/debris/ground_leaves_medium_oak_beech-v1.png,df53c8c61de405b61df3687881814a70b53c186cb3ffcef77cbc7199afd369dd,confirmed,,Wave 39 날씨·낙엽 재료 — 잔해 확정(판정 2026-09-30),
wave39,wave39/candidates-20260930/assets/debris/ground_leaves_small-v1.png,c1334df88ac13eda6f504cbbd0f82c0dbdd1a9a08d4ce5ee069e84158b249aa9,confirmed,,Wave 39 날씨·낙엽 재료 — 잔해 확정(판정 2026-09-30),
wave39,wave39/candidates-20260930/assets/debris/ground_leaves_windrow_a-v1.png,84761e72804f62fdae58f8670f633468c4e359e32029087eab76e67e8599fdaa,confirmed,,Wave 39 날씨·낙엽 재료 — 잔해 확정(판정 2026-09-30),
wave39,wave39/candidates-20260930/assets/debris/ground_leaves_windrow_b-v1.png,52a5c86f2cb936d3e66e2a5c8e4605c4e7b20e0fe173bba4912c822d8b16e35d,confirmed,,Wave 39 날씨·낙엽 재료 — 잔해 확정(판정 2026-09-30),
wave39,wave39/candidates-20260930/assets/debris/roof_leaves-v1.png,6803b9a7fb8a7c3f62fc205682e9a5856afaeb8a551a243a29a98e4dfa76f98e,confirmed,,Wave 39 날씨·낙엽 재료 — 잔해 확정(판정 2026-09-30),
wave39,wave39/candidates-20260930/assets/debris/wind_leaves_group_a-v1.png,e217fb392eda99516ce8a21400247059f9ecc8dd0240b727b2e0fbc80e6b8627,confirmed,,Wave 39 날씨·낙엽 재료 — 잔해 확정(판정 2026-09-30),
wave39,wave39/candidates-20260930/assets/debris/wind_leaves_group_b-v1.png,b290472e3cb9aadcf8b14ca819958e3c9be76b2673c6f7bfa1bd74cb1f17f786,confirmed,,Wave 39 날씨·낙엽 재료 — 잔해 확정(판정 2026-09-30),
wave39,wave39/candidates-20260930/assets/leaves/falling_beech_brown-v1.png,717d6d3a04f5c9487c5a9621961ae29387b57004661b31d56f676f4088660cc7,confirmed,,Wave 39 날씨·낙엽 재료 — 낙엽 확정(판정 2026-09-30),
wave39,wave39/candidates-20260930/assets/leaves/falling_beech_orange-v1.png,7697b8821ad8920902e1b5907c5bb71092384ea52aae36323a9fccf2b10ddb5f,confirmed,,Wave 39 날씨·낙엽 재료 — 낙엽 확정(판정 2026-09-30),
wave39,wave39/candidates-20260930/assets/leaves/falling_beech_yellow-v1.png,3812e039e1e6752fbae6b04230aed2c26c2a1f0642abffb422b5e31ca9b4a0ef,confirmed,,Wave 39 날씨·낙엽 재료 — 낙엽 확정(판정 2026-09-30),
wave39,wave39/candidates-20260930/assets/leaves/falling_birch_brown-v1.png,eb49235e615ea64fb2d80fb52c34bba8eea77934024a499c211c0a98fa07fe52,confirmed,,Wave 39 날씨·낙엽 재료 — 낙엽 확정(판정 2026-09-30),
wave39,wave39/candidates-20260930/assets/leaves/falling_birch_orange-v1.png,a2dcf39a75f010f6eaf15f7764668c13a44a3c4bd5734657defd184550782611,confirmed,,Wave 39 날씨·낙엽 재료 — 낙엽 확정(판정 2026-09-30),
wave39,wave39/candidates-20260930/assets/leaves/falling_birch_yellow-v1.png,4c166dbda2bce1096a672b1e30dd6850226309bc0eac9eec368c0d0ddcdab57d,confirmed,,Wave 39 날씨·낙엽 재료 — 낙엽 확정(판정 2026-09-30),
wave39,wave39/candidates-20260930/assets/leaves/falling_fieldmaple_brown-v1.png,636451066a9f1b372255840d915034c2fede9af52a42557f3d849ae1892d411b,confirmed,,Wave 39 날씨·낙엽 재료 — 낙엽 확정(판정 2026-09-30),
wave39,wave39/candidates-20260930/assets/leaves/falling_fieldmaple_orange-v1.png,115f6ecf74d39f19009ac6d53c1bffbd1e1de8383c1ede3b6b9b9851bdfe78ec,confirmed,,Wave 39 날씨·낙엽 재료 — 낙엽 확정(판정 2026-09-30),
wave39,wave39/candidates-20260930/assets/leaves/falling_fieldmaple_yellow-v1.png,7056ea00377508ff008929d37aaad83e83156f38f62d0179a7bc07783f7be764,confirmed,,Wave 39 날씨·낙엽 재료 — 낙엽 확정(판정 2026-09-30),
wave39,wave39/candidates-20260930/assets/leaves/falling_oak_brown-v1.png,49dcf553927c49234ca1acacd767ff3604ea13ab205cdb408a24a51cb4c25f47,confirmed,,Wave 39 날씨·낙엽 재료 — 낙엽 확정(판정 2026-09-30),
wave39,wave39/candidates-20260930/assets/leaves/falling_oak_orange-v1.png,c01502cfe2b595cef4d9019c5745228f9d383ac33688a9ca721b6506cd386a03,confirmed,,Wave 39 날씨·낙엽 재료 — 낙엽 확정(판정 2026-09-30),
wave39,wave39/candidates-20260930/assets/leaves/falling_oak_yellow-v1.png,99ca3c3fc07a58c55e8acfc6c8739827876a87fcad58c318703f607479b39a09,confirmed,,Wave 39 날씨·낙엽 재료 — 낙엽 확정(판정 2026-09-30),
wave39,wave39/candidates-20260930/assets/puddles/mud_scar_large-v1.png,f6bfc6b5903a46de653cf0af996a8a42fff29cf9b7c3bed710c3be1e71e01bb2,confirmed,,Wave 39 날씨·낙엽 재료 — 웅덩이·젖음 확정(판정 2026-09-30),
wave39,wave39/candidates-20260930/assets/puddles/mud_scar_medium-v1.png,2720eaee055082da674ec86f49cc1b0c86627e8a45404c790a07a98c5dd60f1b,confirmed,,Wave 39 날씨·낙엽 재료 — 웅덩이·젖음 확정(판정 2026-09-30),
wave39,wave39/candidates-20260930/assets/puddles/puddle_large_a-v1.png,12a17b3cdad8468e5373e5992f753aa5447c444745fcabe1cd07a7312625ad5d,confirmed,,Wave 39 날씨·낙엽 재료 — 웅덩이·젖음 확정(판정 2026-09-30),
wave39,wave39/candidates-20260930/assets/puddles/puddle_large_b-v1.png,02d0512bf29c6223e58dfa093e78b43e706f3a1ac17597b14b68bb9c471a6533,confirmed,,Wave 39 날씨·낙엽 재료 — 웅덩이·젖음 확정(판정 2026-09-30),
wave39,wave39/candidates-20260930/assets/puddles/puddle_medium_a-v1.png,11341ba0717b9e70f59db08dbf17a7794386fdb36471a089fd1781a3f77a9ac4,confirmed,,Wave 39 날씨·낙엽 재료 — 웅덩이·젖음 확정(판정 2026-09-30),
wave39,wave39/candidates-20260930/assets/puddles/puddle_medium_b-v1.png,e1dc30363d94f93fedf087d430b226dc0420e5e42a1825c790b5eac9c6d1b080,confirmed,,Wave 39 날씨·낙엽 재료 — 웅덩이·젖음 확정(판정 2026-09-30),
wave39,wave39/candidates-20260930/assets/puddles/puddle_small_a-v1.png,b85c1ca88d5bf9d9eb9d5979614c367537afd151fd2bf2da97513ab4bd7b7332,confirmed,,Wave 39 날씨·낙엽 재료 — 웅덩이·젖음 확정(판정 2026-09-30),
wave39,wave39/candidates-20260930/assets/puddles/puddle_small_b-v1.png,14fc94ed6010cccee86b52524ff3a70b6e374b529a6a529221adaf970e1ce5e7,confirmed,,Wave 39 날씨·낙엽 재료 — 웅덩이·젖음 확정(판정 2026-09-30),
wave39,wave39/candidates-20260930/assets/rain/rain_cloud_shadow_a-v1.png,044da6c343ffd5e00a6d036eebb8405be71efaabe7af674ef187bdb98f27d8cd,confirmed,,Wave 39 날씨·낙엽 재료 — 비 확정(판정 2026-09-30),
wave39,wave39/candidates-20260930/assets/rain/rain_cloud_shadow_b-v1.png,032389a56c42d81067f77a354e35895b1558d73f5285ae3ab77799a19c159f58,confirmed,,Wave 39 날씨·낙엽 재료 — 비 확정(판정 2026-09-30),
wave39,wave39/candidates-20260930/assets/rain/rain_splash_roof_large-v1.png,e79f792a72143561c99e1992f4a872050777319bad368eddaa0262364ef29d42,confirmed,,Wave 39 날씨·낙엽 재료 — 비 확정(판정 2026-09-30),
wave39,wave39/candidates-20260930/assets/rain/rain_splash_roof_small-v1.png,1fb4174cb053f2477e1ce9e360828a718f7878a3899854186767e5a0d07ed766,confirmed,,Wave 39 날씨·낙엽 재료 — 비 확정(판정 2026-09-30),
wave39,wave39/candidates-20260930/assets/rain/rain_splash_soil_large-v1.png,3804623c5983139eb9770723c2da66e73570c6397b821b1753770b22ba1b5941,confirmed,,Wave 39 날씨·낙엽 재료 — 비 확정(판정 2026-09-30),
wave39,wave39/candidates-20260930/assets/rain/rain_splash_soil_small-v1.png,5711cca7385b3f27411ec5a09a7d9abea5e16ee363a876f7a6e3d16addd30999,confirmed,,Wave 39 날씨·낙엽 재료 — 비 확정(판정 2026-09-30),
wave39,wave39/candidates-20260930/assets/rain/rain_splash_stone_large-v1.png,6ec769947e4d2f39f4412ef66b9bb0e11c96defde417cdceab7c2ebce16ea46d,confirmed,,Wave 39 날씨·낙엽 재료 — 비 확정(판정 2026-09-30),
wave39,wave39/candidates-20260930/assets/rain/rain_splash_stone_small-v1.png,e4a7c8a55beddf75d3d0b9aab34717b8f0d48e8605a8530f355f8f9230536bdc,confirmed,,Wave 39 날씨·낙엽 재료 — 비 확정(판정 2026-09-30),
wave39,wave39/candidates-20260930/assets/rain/rain_streak_10px_1px_faint-v1.png,0e7cc4453337d50bcd0033d29ed157656e8102890bbdbfefe612fcc3d5cffb57,confirmed,,Wave 39 날씨·낙엽 재료 — 비 확정(판정 2026-09-30),
wave39,wave39/candidates-20260930/assets/rain/rain_streak_10px_1px_strong-v1.png,5950d862acb01245813337a48c604e796a78056719935410b0e0051e7f16c4c7,confirmed,,Wave 39 날씨·낙엽 재료 — 비 확정(판정 2026-09-30),
wave39,wave39/candidates-20260930/assets/rain/rain_streak_10px_2px_faint-v1.png,fcc872c7283b6a89fd3f5187761bbd58127f4bcb5a364c812adf931b27931881,confirmed,,Wave 39 날씨·낙엽 재료 — 비 확정(판정 2026-09-30),
wave39,wave39/candidates-20260930/assets/rain/rain_streak_10px_2px_strong-v1.png,6a17c76101e30fc2b70065babf6e5aa2c90dc08f127069053e7dde38a64aaf2a,confirmed,,Wave 39 날씨·낙엽 재료 — 비 확정(판정 2026-09-30),
wave39,wave39/candidates-20260930/assets/rain/rain_streak_4px_1px_faint-v1.png,1fc63a1881d103ca788e96cf332f90a9be12e07533c8af70e6937973261d96d7,confirmed,,Wave 39 날씨·낙엽 재료 — 비 확정(판정 2026-09-30),
wave39,wave39/candidates-20260930/assets/rain/rain_streak_4px_1px_strong-v1.png,9f24161d1e03f65e3f4d63353b4f0b07d8499df0246b7527e7045f3135b4304b,confirmed,,Wave 39 날씨·낙엽 재료 — 비 확정(판정 2026-09-30),
wave39,wave39/candidates-20260930/assets/rain/rain_streak_4px_2px_faint-v1.png,b6f2e50739aede8405fb6bf0858d01ef8b07f7c7b45f803dba4ffd2f727e8ee6,confirmed,,Wave 39 날씨·낙엽 재료 — 비 확정(판정 2026-09-30),
wave39,wave39/candidates-20260930/assets/rain/rain_streak_4px_2px_strong-v1.png,bc9f20aeffa72871057bea6f4efa449d77376e9c9c3a3f8218e012546581792b,confirmed,,Wave 39 날씨·낙엽 재료 — 비 확정(판정 2026-09-30),
wave39,wave39/candidates-20260930/assets/rain/rain_streak_7px_1px_faint-v1.png,57496056c06bf13ad877b0623100001a7d97b1a48abc4afa83d23492670e3ad8,confirmed,,Wave 39 날씨·낙엽 재료 — 비 확정(판정 2026-09-30),
wave39,wave39/candidates-20260930/assets/rain/rain_streak_7px_1px_strong-v1.png,8c7330fd3a382cf4c427518139945420b329c65364053fb9790ddbcc2544a86d,confirmed,,Wave 39 날씨·낙엽 재료 — 비 확정(판정 2026-09-30),
wave39,wave39/candidates-20260930/assets/rain/rain_streak_7px_2px_faint-v1.png,413a279af70c18c4a5174b4360ecc1211ce03aef87ab4d554b851272be293a1b,confirmed,,Wave 39 날씨·낙엽 재료 — 비 확정(판정 2026-09-30),
wave39,wave39/candidates-20260930/assets/rain/rain_streak_7px_2px_strong-v1.png,cebef731c71bc1172c20ff2e973cf422144a9251d0a4c9dc8c75a0bba2598ae1,confirmed,,Wave 39 날씨·낙엽 재료 — 비 확정(판정 2026-09-30),
wave39,wave39/candidates-20260930/assets/rain/rain_wet_mask_grass-v1.png,ca04a7c3bf6c789af987e2f44f23635bad4f1d2a9dc51a3d1699ce68fc8c88c6,confirmed,,Wave 39 날씨·낙엽 재료 — 비 확정(판정 2026-09-30),
wave39,wave39/candidates-20260930/assets/rain/rain_wet_mask_soil-v1.png,adf4e2f15cee6924967d99f0a694d534927fdfeb085589afaf0acbd5c622a682,confirmed,,Wave 39 날씨·낙엽 재료 — 비 확정(판정 2026-09-30),
wave39,wave39/candidates-20260930/assets/snow/blowing_snow_sheet-v1.png,bfe866c940f08e6c39e88accdf5927e1b94aae514d4838ce30f199e1066ba0a1,confirmed,,Wave 39 날씨·낙엽 재료 — 눈 확정(판정 2026-09-30),
wave39,wave39/candidates-20260930/assets/snow/footprints_snow_a-v1.png,dfb133bf66a9bd6762792346eb35a0a8d107cd2d1df8dc8ef2511171e5b4893b,confirmed,,Wave 39 날씨·낙엽 재료 — 눈 확정(판정 2026-09-30),
wave39,wave39/candidates-20260930/assets/snow/footprints_snow_b-v1.png,b6837483aa1a344266c2981f9f6a7c030f83a5d3b29d002732ec619cd994d8e2,confirmed,,Wave 39 날씨·낙엽 재료 — 눈 확정(판정 2026-09-30),
wave39,wave39/candidates-20260930/assets/snow/snowflake_large-v1.png,b5b88c929f5cb5b644887ec8a957cc849f1a9616ca3d7af66a1071750266dfa6,confirmed,,Wave 39 날씨·낙엽 재료 — 눈 확정(판정 2026-09-30),
wave39,wave39/candidates-20260930/assets/snow/snowflake_medium-v1.png,5ef32c5293a2fb93169b78a3ba8b31f998ab210d81a1112e622a7121bac42f6e,confirmed,,Wave 39 날씨·낙엽 재료 — 눈 확정(판정 2026-09-30),
wave39,wave39/candidates-20260930/assets/snow/snowflake_small-v1.png,ba132b99a3984b71e5e027c03dcf649250d3d11d67e2a7593838aa2caba7119b,confirmed,,Wave 39 날씨·낙엽 재료 — 눈 확정(판정 2026-09-30),
wave39,wave39/candidates-20260930/proofs/01-world-rain-before-after.png,6398e110fa37edd6523880b7a39de6e36e24e9246a14bf66c167db687396dfad,confirmed,,Wave 39 확인 그림(판정 2026-09-30),
wave39,wave39/candidates-20260930/proofs/02-autumn-canopy-and-street.png,b38e411a487a2ca63182a2d9acb5bb8c62f4c5ceed068e0c48a2e5473d595b9d,confirmed,,Wave 39 확인 그림(판정 2026-09-30),
wave39,wave39/candidates-20260930/proofs/03-particle-size-comparison.png,bed0144ef5a774dad6c4829ee13f1681c1ec259f0be68d477b78bf43fee31e07,confirmed,,Wave 39 확인 그림(판정 2026-09-30),
wave4-pilot,wave4-pilot/candidates-20260925/assets/module/bridge_abutment_ne_a-v1.png,67b573610e69ce06acbea4936069ed2899c88a3d2992c7ddb7bf4709d8f2e1cf,confirmed,,설치됨 · 설치 확인: public/assets/module/bridge_abutment_ne_a-v1.png,C1b
wave4-pilot,wave4-pilot/candidates-20260925/assets/shore/shoreline_a-v1.png,037a4bd5162c997f1566f28abd47be973a7c72de17fbcbafd849c73f913dfc95,confirmed,,설치됨 · 설치 확인: public/assets/shore/shoreline_a-v1.png,C1b
wave4-pilot,wave4-pilot/candidates-20260925/assets/wall/palisade_face_a-v1.png,9027515c4cec326285ed228fe6ec729d7f09682efb5107e2352422a6f19c3acc,confirmed,,설치됨 · 설치 확인: public/assets/wall/palisade_face_a-v1.png,C1b
wave4-pilot,wave4-pilot/candidates-20260925/assets/wall/stone_face_a-v1.png,b5695e475cf7bf97d882c67afe58a0fae8c4af9ac975a81adbfad21d9257a01f,confirmed,,설치됨 · 설치 확인: public/assets/wall/stone_face_a-v1.png,C1b
wave4-pilot,wave4-pilot/candidates-20260925/assets/water/shallow_a-v1.png,fa56a7e84f8464ae4afe094ff3ebe2ef792ee18d86b4cc044d36bc7cdccdfac0,confirmed,,설치됨 · 설치 확인: public/assets/shore/shallow_a-v1.png,C1b
wave4-pilot,wave4-pilot/candidates-20260925/proofs/checks/01-repeat.png,cb9b291da96c76920b9d9ffe5630dc38abfefc1f00e5dec3770797fd54001d74,rejected,,"규칙 3(방식 시험): 방식 시험용, 제품 아님 · 확인 그림 (2026-09-27 정리)",
wave4-pilot,wave4-pilot/candidates-20260925/proofs/checks/02-scene-zoom1.png,e75a4945bdaf53dd9df7fcb7d51ad89652cdac6d26ae823dfed75d3707c683e4,rejected,,"규칙 3(방식 시험): 방식 시험용, 제품 아님 · 확인 그림 (2026-09-27 정리)",
wave4-pilot,wave4-pilot/candidates-20260925/proofs/checks/03-scene-zoom06.png,475bc26c3aadf2473c17fc61e107c334e5095de1be13105fe2a03ae4b6f7a836,rejected,,"규칙 3(방식 시험): 방식 시험용, 제품 아님 · 확인 그림 (2026-09-27 정리)",
wave4-pilot,wave4-pilot/ground/orchard_floor_a-v1.png,36430f5a5c8022a86286f8ce885ec79ef32d62857f2c3dddf41b0f69447abee9,confirmed,,설치됨 · 설치 확인: public/assets/zones/orchard_floor_a-v1.png,C1b
wave4-pilot,wave4-pilot/ground/pasture_a-v1.png,47b3318828ef91e8d73b95fcaf12eb08aaaa687263d053a8e93773db5d8e4090,confirmed,,설치됨 · 설치 확인: public/assets/zones/pasture_a-v1.png,C1b
wave4-pilot,wave4-pilot/prop/haycock_a-v1.png,7531a8817a6b042c8cd5152ddbf0062b0e86f569d13346017a2da93d64ab564a,confirmed,,설치됨 · 설치 확인: public/assets/zones/haycock_a-v1.png,C1b
wave4-pilot,wave4-pilot/prop/haycock_b-v1.png,42bf67528aad5e618205b25b9ea932b04031419444d4955d1ee6973508424cae,confirmed,,설치됨 · 설치 확인: public/assets/zones/haycock_b-v1.png,C1b
wave4-pilot,wave4-pilot/road/earth_strip_a-v2.png,170ce5d640cff3a6aab09fc5a8377878fff71f7de6214860c0b294fb6cc173be,confirmed,,설치됨 · 설치 확인: public/assets/road/earth_strip_a-v2.png,C1b
wave4-pilot,wave4-pilot/road/earth_strip_b-v2.png,24c4b6e7496db3540438269128cb012d6fe017b56849bae5b263650dae9e81f7,confirmed,,설치됨 · 설치 확인: public/assets/road/earth_strip_b-v2.png,C1b
wave4-pilot,wave4-pilot/tree/orchard_apple_c-v1.png,3806c241d195a6e8ab2d071e6883218909e0489993c4651d61eb91f79704a060,confirmed,,설치됨 · 설치 확인: public/assets/zones/orchard_apple_c-v1.png,C1b
wave4b,wave4b/candidates-20260925/proofs/checks/01-road-v3.png,f6ba0c9637d46850b12653408a562194b83eb3f6f3d0c22ddec4eb5743549a9d,confirmed,,확인 그림 (2026-09-27 판정) · 정리 때 비고: 규칙 밖: 확정된 묶음의 확인·기록 그림(설치 대상 아님) — confirmed 제안 · 확인 그림 · 이전 비고: 판정 기록 없음 — 본선 public/assets에서 같은 바이트 미발견,
wave4b,wave4b/candidates-20260925/proofs/checks/02-families-repeat.png,45202151f24f9cfff890c85c6184e8aacc9d0ded1bf97a13bc72e1c5cf826e64,confirmed,,확인 그림 (2026-09-27 판정) · 정리 때 비고: 규칙 밖: 확정된 묶음의 확인·기록 그림(설치 대상 아님) — confirmed 제안 · 확인 그림 · 이전 비고: 판정 기록 없음 — 본선 public/assets에서 같은 바이트 미발견,
wave4b,wave4b/candidates-20260925/proofs/checks/03-field.png,829edd44b27b0ce0d724133ae00f6b33e6126130af698b3a7e23e16f47aad5b6,confirmed,,확인 그림 (2026-09-27 판정) · 정리 때 비고: 규칙 밖: 확정된 묶음의 확인·기록 그림(설치 대상 아님) — confirmed 제안 · 확인 그림 · 이전 비고: 판정 기록 없음 — 본선 public/assets에서 같은 바이트 미발견,
wave4b,wave4b/candidates-20260925/proofs/checks/04-backyard.png,88133f9e4038c1499059da889fc834fb99c46377c5242901efe675f60a0172ba,confirmed,,확인 그림 (2026-09-27 판정) · 정리 때 비고: 규칙 밖: 확정된 묶음의 확인·기록 그림(설치 대상 아님) — confirmed 제안 · 확인 그림 · 이전 비고: 판정 기록 없음 — 본선 public/assets에서 같은 바이트 미발견,
wave4b,wave4b/fence/hurdle_end_corner-v1.png,089ac5f4e2b9d7c808af72068ebecbfbdce81d0b62b2ef917c8677f99f3296cb,confirmed,,설치됨 · 설치 확인: public/assets/yards/hurdle_end_corner-v1.png,C1e
wave4b,wave4b/fence/hurdle_straight-v1.png,163add14852b5b069c5e938d161e2ccbdb859c8bb8167a073d7d662eee151634,confirmed,,설치됨 · 설치 확인: public/assets/yards/hurdle_straight-v1.png,C1e
wave4b,wave4b/field/furrow_stamp_a-v1.png,9fc8a1234e4cdda9f48c5b7ac538ab039213d632d8db9ab62d455a055c4b664c,confirmed,,설치됨 · 설치 확인: public/assets/fields/furrow_stamp_a-v1.png,C1e
wave4b,wave4b/field/furrow_stamp_b-v1.png,cbd3d115c0f4b1d864124ab001a22320f6a283d020fec2b7ee86849bc03745d7,confirmed,,설치됨 · 설치 확인: public/assets/fields/furrow_stamp_b-v1.png,C1e
wave4b,wave4b/field/furrow_stamp_c-v1.png,b1bbd786794c1952b5be6471eaf031cd2484612ac5eebe35186faf0e01b626e7,confirmed,,설치됨 · 설치 확인: public/assets/fields/furrow_stamp_c-v1.png,C1e
wave4b,wave4b/field/furrow_stamp_d-v1.png,35e2b86dc70b00270cef3c51ffac656deff86db1fc2dc548ff9fda32e5d3a115,confirmed,,설치됨 · 설치 확인: public/assets/fields/furrow_stamp_d-v1.png,C1e
wave4b,wave4b/field/ridge_fallow_a-v1.png,5e78645f7af2a3c5a38688a9f32d2db1867204956d969f449722e49bb5336fc1,confirmed,,설치됨 · 설치 확인: public/assets/fields/ridge_fallow_a-v1.png,C1e
wave4b,wave4b/field/ridge_fallow_b-v1.png,f4cf8b312f17399a797191172a21ee5370091d9c5861894e0312f3ad8af6bbeb,confirmed,,설치됨 · 설치 확인: public/assets/fields/ridge_fallow_b-v1.png,C1e
wave4b,wave4b/field/ridge_growing_a-v1.png,ca54c4a88b343357a7440045e0169fab406c6a2a30595eda582c4cf955578231,confirmed,,설치됨 · 설치 확인: public/assets/fields/ridge_growing_a-v1.png,C1e
wave4b,wave4b/field/ridge_growing_b-v1.png,93c26c343aacbe564402cc22164fc20a6dd5c54d4739179672c2c385b5265a42,confirmed,,설치됨 · 설치 확인: public/assets/fields/ridge_growing_b-v1.png,C1e
wave4b,wave4b/field/ridge_ploughed_a-v1.png,3b015936bb7877df7ec5aedc9c22e73e01b30d874f3b9de55851e2157377f829,confirmed,,설치됨 · 설치 확인: public/assets/fields/ridge_ploughed_a-v1.png,C1e
wave4b,wave4b/field/ridge_ploughed_b-v1.png,80eda18980bfc507dc30568f938ef7cb53f4c7c8d1c5097a659de1bc7168f257,confirmed,,설치됨 · 설치 확인: public/assets/fields/ridge_ploughed_b-v1.png,C1e
wave4b,wave4b/field/ridge_seedling_a-v1.png,37a43cb4b850df354e217aab065cd0dfb20147891c65afd4c0e165ee1170e44e,confirmed,,설치됨 · 설치 확인: public/assets/fields/ridge_seedling_a-v1.png,C1e
wave4b,wave4b/field/ridge_seedling_b-v1.png,c573ebc854983abd7eb3ecc875a68d7662b9a1e551ab1d8c9cf533641da10faf,confirmed,,설치됨 · 설치 확인: public/assets/fields/ridge_seedling_b-v1.png,C1e
wave4b,wave4b/field/soil_a-v1.png,a6e420c49ba630010f065cbca9c2d3d365b2c18ff9dd698a074d73ed4582e1f6,confirmed,,설치됨 · 설치 확인: public/assets/fields/soil_a-v1.png,C1e
wave4b,wave4b/field/soil_b-v1.png,aaa8b1e39b0cc3f959ac0d484207e782c89d577364faef0de693901256c1c674,confirmed,,설치됨 · 설치 확인: public/assets/fields/soil_b-v1.png,C1e
wave4b,wave4b/garden/croft_bed_a-v1.png,75e56d9e4440c2799ae805b47308eda9a8b279727aa9f168b0689b98252cf843,confirmed,,설치됨 · 설치 확인: public/assets/yards/croft_bed_a-v1.png,C1e
wave4b,wave4b/garden/croft_bed_b-v1.png,8151e5c22fdaf1112b6805385e83d0992afd4ca31a0c47062cbee7205ea3c55f,confirmed,,설치됨 · 설치 확인: public/assets/yards/croft_bed_b-v1.png,C1e
wave4b,wave4b/garden/croft_bed_c-v1.png,a7388b68560e5e469408a67fac516962cad9be35de9692e0fbbd0a4067693a61,confirmed,,설치됨 · 설치 확인: public/assets/yards/croft_bed_c-v1.png,C1e
wave4b,wave4b/ground/orchard_floor_a-v1.png,36430f5a5c8022a86286f8ce885ec79ef32d62857f2c3dddf41b0f69447abee9,confirmed,,설치됨 · 설치 확인: public/assets/zones/orchard_floor_a-v1.png · orchard_floor_a-v1.png와 동일 바이트(정본: wave4-pilot/ground/orchard_floor_a-v1.png),C1e
wave4b,wave4b/ground/orchard_floor_b-v1.png,731edf7e2d0a0b5662aa2cf5127fc5f2a591a391c47a5aa3e6d164e45a9a5b2d,confirmed,,설치됨 · 설치 확인: public/assets/zones/orchard_floor_b-v1.png,C1e
wave4b,wave4b/ground/pasture_a-v1.png,47b3318828ef91e8d73b95fcaf12eb08aaaa687263d053a8e93773db5d8e4090,confirmed,,설치됨 · 설치 확인: public/assets/zones/pasture_a-v1.png · pasture_a-v1.png와 동일 바이트(정본: wave4-pilot/ground/pasture_a-v1.png),C1e
wave4b,wave4b/ground/pasture_b-v1.png,c53bd1c6194ad47ee7c2131f18d3366d8cc1283da6cd9e1cd84c96fee2fdc259,confirmed,,설치됨 · 설치 확인: public/assets/zones/pasture_b-v1.png,C1e
wave4b,wave4b/ground/pasture_c-v1.png,79f0e614e753605b3ef13dace1e731e51f1bf6f43fa438174131dffe2745ae44,confirmed,,설치됨 · 설치 확인: public/assets/zones/pasture_c-v1.png,C1e
wave4b,wave4b/module/bridge_abutment_ne_a-v1.png,67b573610e69ce06acbea4936069ed2899c88a3d2992c7ddb7bf4709d8f2e1cf,confirmed,,설치됨 · 설치 확인: public/assets/module/bridge_abutment_ne_a-v1.png · bridge_abutment_ne_a-v1.png와 동일 바이트(정본: wave4-pilot/candidates-20260925/assets/module/bridge_abutment_ne_a-v1.png),C1e
wave4b,wave4b/module/bridge_abutment_nw_a-v1.png,83f62144ea59c03645385ddd7dcbceb017d2c3d25d510778fff7744e752e32c1,confirmed,,설치됨 · 설치 확인: public/assets/module/bridge_abutment_nw_a-v1.png,C1e
wave4b,wave4b/prop/haycock_a-v1.png,7531a8817a6b042c8cd5152ddbf0062b0e86f569d13346017a2da93d64ab564a,confirmed,,설치됨 · 설치 확인: public/assets/zones/haycock_a-v1.png · haycock_a-v1.png와 동일 바이트(정본: wave4-pilot/prop/haycock_a-v1.png),C1e
wave4b,wave4b/prop/haycock_b-v1.png,42bf67528aad5e618205b25b9ea932b04031419444d4955d1ee6973508424cae,confirmed,,설치됨 · 설치 확인: public/assets/zones/haycock_b-v1.png · haycock_b-v1.png와 동일 바이트(정본: wave4-pilot/prop/haycock_b-v1.png),C1e
wave4b,wave4b/prop/haycock_c-v1.png,654df17eafe4380f8abb918f37a4a349b9b48954b9a95926710b6ae363dfe27c,confirmed,,설치됨 · 설치 확인: public/assets/zones/haycock_c-v1.png,C1e
wave4b,wave4b/prop/haycock_d-v1.png,548035be3000ea8703a8665ea255b3c47a389f5a94ae67385d0093562aee512a,confirmed,,설치됨 · 설치 확인: public/assets/zones/haycock_d-v1.png,C1e
wave4b,wave4b/prop/haycock_e-v1.png,846b2859bb37ed5c9f8d31e26c5d9043aeec697e44000d7ce22d9e1cd2c93e70,confirmed,,설치됨 · 설치 확인: public/assets/zones/haycock_e-v1.png,C1e
wave4b,wave4b/prop/haycock_f-v1.png,47ba04b1e863c580c85497f714292215344021be1aeb86a4502df76f2afac275,confirmed,,설치됨 · 설치 확인: public/assets/zones/haycock_f-v1.png,C1e
wave4b,wave4b/road/earth_strip_a-v3.png,6b7317a918e77dfe895ae9d6efd885f6e07a55c1442bfb2a6fd9563210f38a68,confirmed,,설치됨 · 설치 확인: public/assets/road/earth_strip_a-v3.png,C1e
wave4b,wave4b/road/earth_strip_b-v3.png,510cf2ee815a79ab65d46b8f166dd638d28ed76a8b071fbc147cd3a0a217fbfb,confirmed,,설치됨 · 설치 확인: public/assets/road/earth_strip_b-v3.png,C1e
wave4b,wave4b/road/earth_strip_c-v3.png,955af2b7c4dc8cd8495b17fea50e52763b38cec495acd73b19af461bd7d17637,confirmed,,설치됨 · 설치 확인: public/assets/road/earth_strip_c-v3.png,C1e
wave4b,wave4b/road/earth_strip_d-v3.png,8a5cd614acaeb79ab5afc8435a85a3a8d6e187ce9d94a387545362df0005a37a,confirmed,,설치됨 · 설치 확인: public/assets/road/earth_strip_d-v3.png,C1e
wave4b,wave4b/shore/shoreline_a-v1.png,037a4bd5162c997f1566f28abd47be973a7c72de17fbcbafd849c73f913dfc95,confirmed,,설치됨 · 설치 확인: public/assets/shore/shoreline_a-v1.png · shoreline_a-v1.png와 동일 바이트(정본: wave4-pilot/candidates-20260925/assets/shore/shoreline_a-v1.png),C1e
wave4b,wave4b/shore/shoreline_b-v1.png,e641bdf408b395d83adf641598a1990017a560a670715cc42121d7e3778ea593,confirmed,,설치됨 · 설치 확인: public/assets/shore/shoreline_b-v1.png,C1e
wave4b,wave4b/shore/shoreline_c-v1.png,ffe64a527db2abaad570ed457e1b5d55c6e4cf900aab2b8ff1c811b16fde6a83,confirmed,,설치됨 · 설치 확인: public/assets/shore/shoreline_c-v1.png,C1e
wave4b,wave4b/shore/shoreline_d-v1.png,42539fe74d150fbb629fd8837fbff56c62e182912e900578a59b9d1c9b7863da,confirmed,,설치됨 · 설치 확인: public/assets/shore/shoreline_d-v1.png,C1e
wave4b,wave4b/tree/orchard_apple_c-v1.png,3806c241d195a6e8ab2d071e6883218909e0489993c4651d61eb91f79704a060,confirmed,,설치됨 · 설치 확인: public/assets/zones/orchard_apple_c-v1.png · orchard_apple_c-v1.png와 동일 바이트(정본: wave4-pilot/tree/orchard_apple_c-v1.png),C1e
wave4b,wave4b/tree/orchard_apple_d-v1.png,df34a39a913b43c12a621a047af0bbda9568da88e94d54daea99fb313f21741f,confirmed,,설치됨 · 설치 확인: public/assets/zones/orchard_apple_d-v1.png,C1e
wave4b,wave4b/tree/orchard_pear_e-v1.png,ca45bfa3299dc8978918163a41692767af2677d0e907cfb2acb4c2f89eb9cf61,confirmed,,설치됨 · 설치 확인: public/assets/zones/orchard_pear_e-v1.png,C1e
wave4b,wave4b/tree/orchard_plum_f-v1.png,ee2bbfda13aed5613a9cd6499b441f728b710c25e7beaaf597a32acb0d154580,confirmed,,설치됨 · 설치 확인: public/assets/zones/orchard_plum_f-v1.png,C1e
wave4b,wave4b/wall/palisade_face_a-v1.png,9027515c4cec326285ed228fe6ec729d7f09682efb5107e2352422a6f19c3acc,confirmed,,설치됨 · 설치 확인: public/assets/wall/palisade_face_a-v1.png · palisade_face_a-v1.png와 동일 바이트(정본: wave4-pilot/candidates-20260925/assets/wall/palisade_face_a-v1.png),C1e
wave4b,wave4b/wall/palisade_face_b-v1.png,f55bfa5869513365531bf6ec52eff22195a59ee2117855fde5cc96f2bb365f91,confirmed,,설치됨 · 설치 확인: public/assets/wall/palisade_face_b-v1.png,C1e
wave4b,wave4b/wall/palisade_face_c-v1.png,dc907dfed94eb9690b472ca7f10b5f8dfe307a637672d336994092a7243cac48,confirmed,,설치됨 · 설치 확인: public/assets/wall/palisade_face_c-v1.png,C1e
wave4b,wave4b/wall/stone_face_a-v1.png,b5695e475cf7bf97d882c67afe58a0fae8c4af9ac975a81adbfad21d9257a01f,confirmed,,설치됨 · 설치 확인: public/assets/wall/stone_face_a-v1.png · stone_face_a-v1.png와 동일 바이트(정본: wave4-pilot/candidates-20260925/assets/wall/stone_face_a-v1.png),C1e
wave4b,wave4b/wall/stone_face_b-v1.png,1ffd7053b7d3cbd727bff98a1ecd6393153bc245978f9bc98053a2c68c043460,confirmed,,설치됨 · 설치 확인: public/assets/wall/stone_face_b-v1.png,C1e
wave4b,wave4b/wall/stone_face_c-v1.png,da921b0b0166c336d0fcbc7309d8d48da1d3e7e9c70a2c92771257522c815421,confirmed,,설치됨 · 설치 확인: public/assets/wall/stone_face_c-v1.png,C1e
wave4b,wave4b/water/shallow_a-v1.png,fa56a7e84f8464ae4afe094ff3ebe2ef792ee18d86b4cc044d36bc7cdccdfac0,confirmed,,설치됨 · 설치 확인: public/assets/shore/shallow_a-v1.png · shallow_a-v1.png와 동일 바이트(정본: wave4-pilot/candidates-20260925/assets/water/shallow_a-v1.png),C1e
wave4b,wave4b/water/shallow_b-v1.png,f1a71e30db8842734f38f1e60698a7b2a34a770a1e4fad66b1593a7a0d7dd361,confirmed,,설치됨 · 설치 확인: public/assets/shore/shallow_b-v1.png,C1e
wave4b,wave4b/water/shallow_c-v1.png,f59e6c5ec38aab77f13d6b8be70eb22a26fd3566654f1979eee4ccebcacf2c66,confirmed,,설치됨 · 설치 확인: public/assets/shore/shallow_c-v1.png,C1e
wave4c,wave4c/animal/cattle_pair-v1.png,0cc40d9faab2743e3c64fdbdcad14740c356987b81e0a1bfa154bfa856ee21ba,confirmed,,설치됨 · 설치 확인: public/assets/zones/animals/cattle_pair-v1.png · C2PA caBX 포함(받은 바이트 그대로),C1f
wave4c,wave4c/animal/ox_cart_hay-v1.png,0bc0da3d1b501fce825e31c452010d363e295d8cbbd9e5c8d952230029a53a25,confirmed,,설치됨 · 설치 확인: public/assets/zones/animals/ox_cart_hay-v1.png · C2PA caBX 포함(받은 바이트 그대로),C1f
wave4c,wave4c/animal/ox_plough_team-v1.png,91b28d96593e7b6faf6a7e02f6d21b8831e336405da5a3ac2cf619623413ebe3,confirmed,,설치됨 · 설치 확인: public/assets/zones/animals/ox_plough_team-v1.png · C2PA caBX 포함(받은 바이트 그대로),C1f
wave4c,wave4c/animal/sheep_flock-v1.png,4c408c9dab376d73a6b0908665340465edb4baa64aa45e9742e9fdc179edabd3,confirmed,,설치됨 · 설치 확인: public/assets/zones/animals/sheep_flock-v1.png · C2PA caBX 포함(받은 바이트 그대로),C1f
wave4c,wave4c/candidates-v1/assets/masks/hurdle_corner_e-v1-topology.png,9c79b38ff90dc0eaaf3731c9678a891fc9fd7e48137f70fb41d803326ec65e79,confirmed,,"보조 자료(기록), 게임 코드 미사용 (2026-09-27 판정) · 정리 때 비고: 규칙 밖: 울타리 이음 위상 마스크(보조 자료, 설치 대상 아님) · 이전 비고: 판정 기록 없음 — 본선 public/assets에서 같은 바이트 미발견",
wave4c,wave4c/candidates-v1/assets/masks/hurdle_corner_s-v1-topology.png,30e9ae6869f0d62c76322c6d76f14e93683e56ce89272f5b46ae57875ddddc79,confirmed,,"보조 자료(기록), 게임 코드 미사용 (2026-09-27 판정) · 정리 때 비고: 규칙 밖: 울타리 이음 위상 마스크(보조 자료, 설치 대상 아님) · 이전 비고: 판정 기록 없음 — 본선 public/assets에서 같은 바이트 미발견",
wave4c,wave4c/candidates-v1/assets/masks/hurdle_corner_w-v1-topology.png,6dc4e4c45135a4a02c0e5b73eca9092c19ede9b0adc157767ee4e83b59f554dc,confirmed,,"보조 자료(기록), 게임 코드 미사용 (2026-09-27 판정) · 정리 때 비고: 규칙 밖: 울타리 이음 위상 마스크(보조 자료, 설치 대상 아님) · 이전 비고: 판정 기록 없음 — 본선 public/assets에서 같은 바이트 미발견",
wave4c,wave4c/candidates-v1/assets/masks/hurdle_gate-v1-topology.png,38a6f7b136887dab7a82c87a3eda8ea08044e8c88077945fc7e41f82d03a948c,confirmed,,"보조 자료(기록), 게임 코드 미사용 (2026-09-27 판정) · 정리 때 비고: 규칙 밖: 울타리 이음 위상 마스크(보조 자료, 설치 대상 아님) · 이전 비고: 판정 기록 없음 — 본선 public/assets에서 같은 바이트 미발견",
wave4c,wave4c/candidates-v1/assets/masks/hurdle_half-v1-topology.png,fb3b2ddc16f877b2c9683a8d841898ded477302ed045a1e18b88f03ae6dab535,confirmed,,"보조 자료(기록), 게임 코드 미사용 (2026-09-27 판정) · 정리 때 비고: 규칙 밖: 울타리 이음 위상 마스크(보조 자료, 설치 대상 아님) · 이전 비고: 판정 기록 없음 — 본선 public/assets에서 같은 바이트 미발견",
wave4c,wave4c/candidates-v1/proofs/01-hurdle-assembly.png,89e4ca08c387675e8b76caa4ce85780cd98dafcf748c1f3d523ae048e74109d0,confirmed,,확인 그림 (2026-09-27 판정) · 정리 때 비고: 규칙 밖: 확정된 묶음의 확인·기록 그림(설치 대상 아님) — confirmed 제안 · 확인 그림 · 이전 비고: 판정 기록 없음 — 본선 public/assets에서 같은 바이트 미발견,
wave4c,wave4c/candidates-v1/proofs/02-orchards.png,431ef075149b5e9beab59d5465dd2ddb852a92b3bf0881d72a96a7f34ea1cbe2,confirmed,,확인 그림 (2026-09-27 판정) · 정리 때 비고: 규칙 밖: 확정된 묶음의 확인·기록 그림(설치 대상 아님) — confirmed 제안 · 확인 그림 · 이전 비고: 판정 기록 없음 — 본선 public/assets에서 같은 바이트 미발견,
wave4c,wave4c/candidates-v1/proofs/03-fields-farmsteads.png,72b965c96985edac9010e69aabc1e2fa20af62f28db2c7b02fd12762a843aa89,confirmed,,확인 그림 (2026-09-27 판정) · 정리 때 비고: 규칙 밖: 확정된 묶음의 확인·기록 그림(설치 대상 아님) — confirmed 제안 · 확인 그림 · 이전 비고: 판정 기록 없음 — 본선 public/assets에서 같은 바이트 미발견,
wave4c,wave4c/candidates-v1/records/module-representative-12x12.png,9422a73481ecf309a4463483d446662d1b30b69bdd3291e89c163b9c5f281d85,confirmed,,확인 그림 (2026-09-27 판정) · 정리 때 비고: 규칙 밖: 확정된 묶음의 확인·기록 그림(설치 대상 아님) — confirmed 제안 · 기록 그림 · 이전 비고: 판정 기록 없음 — 본선 public/assets에서 같은 바이트 미발견,
wave4c,wave4c/candidates-v1/records/ox-alpha-composite-review.png,4223691c5fa00db04cd3c1320012b73a317fa8971581f6dc1634f8958cf26147,confirmed,,확인 그림 (2026-09-27 판정) · 정리 때 비고: 규칙 밖: 확정된 묶음의 확인·기록 그림(설치 대상 아님) — confirmed 제안 · 기록 그림 · 이전 비고: 판정 기록 없음 — 본선 public/assets에서 같은 바이트 미발견,
wave4c,wave4c/candidates-v1/records/representative-12x12.png,7f6d8a8627a3d5d4c5531e3fcd986cd67408f9eee42c4e230cb7b726fe04a674,confirmed,,확인 그림 (2026-09-27 판정) · 정리 때 비고: 규칙 밖: 확정된 묶음의 확인·기록 그림(설치 대상 아님) — confirmed 제안 · 기록 그림 · 이전 비고: 판정 기록 없음 — 본선 public/assets에서 같은 바이트 미발견,
wave4c,wave4c/farmstead_a-v1.png,8b6c10ef208ebdc212a7951c4d08c346a5f3abd88d7a49d0e855061503d2ba9c,confirmed,,설치됨 · 설치 확인: public/assets/buildings/farmstead/farmstead_a-v1.png · C2PA caBX 포함(받은 바이트 그대로),C1f
wave4c,wave4c/farmstead_b-v1.png,2fec0afa95e4b454035f6d57997df60833d7a6f4b23b61bd737ba4a221f61ae2,confirmed,,설치됨 · 설치 확인: public/assets/buildings/farmstead/farmstead_b-v1.png · C2PA caBX 포함(받은 바이트 그대로),C1f
wave4c,wave4c/farmstead_working-v1.png,0c8b3a4f60a72aad163274b317fd8aeb2de47425df9121758e57d1ded61605c9,confirmed,,설치됨 · 설치 확인: public/assets/buildings/farmstead/farmstead_working-v1.png · C2PA caBX 포함(받은 바이트 그대로),C1f
wave4c,wave4c/fence/hurdle_corner_e-v1.png,445439af3719d6ec81120d77ea1759a9b7d8990762a8fc5e6d27392ade621540,confirmed,,설치됨 · 설치 확인: public/assets/yards/hurdle_corner_e-v1.png · C2PA caBX 포함(받은 바이트 그대로),C1f
wave4c,wave4c/fence/hurdle_corner_s-v1.png,e60e4c9e06ce307a968ba747f51b28dfba48c36abed6cac9a420eebdde4bb330,confirmed,,설치됨 · 설치 확인: public/assets/yards/hurdle_corner_s-v1.png · C2PA caBX 포함(받은 바이트 그대로),C1f
wave4c,wave4c/fence/hurdle_corner_w-v1.png,90d692a105ad53950fe48d22a496ad1a45f43c9b0b34f95e6ee5ce2746075b30,confirmed,,설치됨 · 설치 확인: public/assets/yards/hurdle_corner_w-v1.png · C2PA caBX 포함(받은 바이트 그대로),C1f
wave4c,wave4c/fence/hurdle_gate-v1.png,a139b6f63571925c0eafe389979deaca5e99fdad06e81fd92ee9aa8ba62d6a1c,confirmed,,설치됨 · 설치 확인: public/assets/yards/hurdle_gate-v1.png · C2PA caBX 포함(받은 바이트 그대로),C1f
wave4c,wave4c/fence/hurdle_half-v1.png,afdd899f33ae949dfb46c6dd64ffa1142368614ec23aca5a50570b1c879c4394,confirmed,,설치됨 · 설치 확인: public/assets/yards/hurdle_half-v1.png · C2PA caBX 포함(받은 바이트 그대로),C1f
wave4c,wave4c/field/ridge_stubble_a-v1.png,4a0aea22da8d86aae8cd2aa9e426f6c5821330598035983d05b137ef0ef2ce5b,confirmed,,설치됨 · 설치 확인: public/assets/fields/ridge_stubble_a-v1.png · C2PA caBX 포함(받은 바이트 그대로),C1f
wave4c,wave4c/field/ridge_stubble_b-v1.png,3244779303b0f1c26b2a0aac52b331846f6cade6a68cb412b653cf13051e26af,confirmed,,설치됨 · 설치 확인: public/assets/fields/ridge_stubble_b-v1.png · C2PA caBX 포함(받은 바이트 그대로),C1f
wave4c,wave4c/tree/orchard_apple_g-v1.png,a204445e3aee5db6f9505c0ae6f3b32c02f2a470c6cc5f1922df3de84443f94d,confirmed,,설치됨 · 설치 확인: public/assets/zones/orchard_apple_g-v1.png · C2PA caBX 포함(받은 바이트 그대로),C1f
wave4c,wave4c/tree/orchard_apple_h-v1.png,3bed9b6bcf7b80a6ed5fa2952d3533802ca89c189b0b2440098ebe97ed8d2aa9,confirmed,,설치됨 · 설치 확인: public/assets/zones/orchard_apple_h-v1.png · C2PA caBX 포함(받은 바이트 그대로),C1f
wave4c,wave4c/tree/orchard_pear_i-v1.png,bf31e9984964aeefd7bd4a0520a79bd13ac55836c73386fc848940761aa94d8e,confirmed,,설치됨 · 설치 확인: public/assets/zones/orchard_pear_i-v1.png · C2PA caBX 포함(받은 바이트 그대로),C1f
wave4c,wave4c/tree/orchard_plum_j-v1.png,4cbab3beb5518f3edc1b0dfdad48a1f30d095094a97e9386cdcc2e339f1cb343,confirmed,,설치됨 · 설치 확인: public/assets/zones/orchard_plum_j-v1.png · C2PA caBX 포함(받은 바이트 그대로),C1f
wave4d,wave4d/candidates-20260925/proofs/checks/01-walls-joins.png,69d25edceaebf31fdddf5a8dbe9ec188d56cba69d19eadf28e75c417f2d21e6e,confirmed,,확인 그림 (2026-09-27 판정) · 정리 때 비고: 규칙 밖: 확정된 묶음의 확인·기록 그림(설치 대상 아님) — confirmed 제안 · 확인 그림 · 이전 비고: 판정 기록 없음 — 본선 public/assets에서 같은 바이트 미발견,
wave4d,wave4d/candidates-20260925/proofs/checks/02-gate-reconstruction.png,8fb7b61e6f8e6428883e5151a04e7ad92d42b4c0d4871c8a52cb3ac4a3a1ae3e,confirmed,,확인 그림 (2026-09-27 판정) · 정리 때 비고: 규칙 밖: 확정된 묶음의 확인·기록 그림(설치 대상 아님) — confirmed 제안 · 확인 그림 · 이전 비고: 판정 기록 없음 — 본선 public/assets에서 같은 바이트 미발견,
wave4d,wave4d/candidates-20260925/proofs/checks/03-water-transitions.png,36c83d8c344d14da981e1bea408b0dd4fd9af20b99acbdd077e78d655349f4d9,confirmed,,확인 그림 (2026-09-27 판정) · 정리 때 비고: 규칙 밖: 확정된 묶음의 확인·기록 그림(설치 대상 아님) — confirmed 제안 · 확인 그림 · 이전 비고: 판정 기록 없음 — 본선 public/assets에서 같은 바이트 미발견,
wave4d,wave4d/module/bridge_abutment_se_a-v1.png,7b126c2afdd3e38a029959e32339bf179e4ae973e760242d46ade4ba217ae9f4,confirmed,,설치됨 · 설치 확인: public/assets/module/bridge_abutment_se_a-v1.png,D3b-2
wave4d,wave4d/shore/mudstone_a-v1.png,c976d33a98ecb78123410a905018b5a553a47328bc3b42025f46decf7e5b46d0,confirmed,,설치됨 · 설치 확인: public/assets/shore/mudstone_a-v1.png,D3b-2
wave4d,wave4d/shore/mudstone_b-v1.png,ccaac4db5f41dfb07b360432e3f797029c9764d4ec15838e00c7364acd8c3cf1,confirmed,,설치됨 · 설치 확인: public/assets/shore/mudstone_b-v1.png,D3b-2
wave4d,wave4d/shore/reeds_a-v1.png,c3ae2f3cb31e50a81cd488363cf9ad19eb48b846307819bd48a726df8cf9e327,confirmed,,설치됨 · 설치 확인: public/assets/shore/reeds_a-v1.png,D3b-2
wave4d,wave4d/shore/reeds_b-v1.png,ae74081b35691bdcf37b6797c99cfc3dde132cd9ee99b1efbea00b3881808c5b,confirmed,,설치됨 · 설치 확인: public/assets/shore/reeds_b-v1.png,D3b-2
wave4d,wave4d/shore/reeds_c-v1.png,a14a51e9d77e81f86fd3b4a0a72d0ee6003b3cd80cd45c5647d9c24dd9308a8d,confirmed,,설치됨 · 설치 확인: public/assets/shore/reeds_c-v1.png,D3b-2
wave4d,wave4d/shore/shoreline_e-v1.png,c356222ede7dbad723c7462c54de85c57a41b8f330259e519edb0824afc33438,confirmed,,설치됨 · 설치 확인: public/assets/shore/shoreline_e-v1.png,D3b-2
wave4d,wave4d/shore/shoreline_f-v1.png,b64523339bf2960bfc466c87cc176b4d5ec67f2aef26cbfedbe717fd8c74219a,confirmed,,설치됨 · 설치 확인: public/assets/shore/shoreline_f-v1.png,D3b-2
wave4d,wave4d/wall/palisade_face_a-v2.png,11df8678fd92866e0b48e313a284ee549519cf6918778d94d2f6293e219834d9,confirmed,,설치됨 · 설치 확인: public/assets/wall/palisade_face_a-v2.png,D3b-2
wave4d,wave4d/wall/palisade_face_b-v2.png,5426ebe2a639d809a13c70e9833edcc370ce603fd87de58c9d8969c5163b3069,confirmed,,설치됨 · 설치 확인: public/assets/wall/palisade_face_b-v2.png,D3b-2
wave4d,wave4d/wall/palisade_face_diag_top-v1.png,a2b9286656fcd1bb8216ddce2250bee767c026cde81577571a13413755faba98,confirmed,,설치됨 · 설치 확인: public/assets/wall/palisade_face_diag_top-v1.png,D3b-2
wave4d,wave4d/wall/palisade_top-v1.png,bca0edb8271d6a24ab523cffc5d9b795428a87b87d2f8bd9bb4df4641584eedb,confirmed,,설치됨 · 설치 확인: public/assets/wall/palisade_top-v1.png,D3b-2
wave4d,wave4d/wall/stone_face_a-v2.png,da62cc62342d5e5b0c909c850c7c9d990dbeeda62502211dc235c300fe2f9c1c,confirmed,,설치됨 · 설치 확인: public/assets/wall/stone_face_a-v2.png,D3b-2
wave4d,wave4d/wall/stone_face_b-v2.png,81033b1d780b6b6cec17ec020a7c7d68452fbffe3dc2f2539e3856ef5c934755,confirmed,,설치됨 · 설치 확인: public/assets/wall/stone_face_b-v2.png,D3b-2
wave4d,wave4d/wall/stone_face_c-v2.png,0c7b85888ea4c8c8b3ca23904669f66c05a13cfaa23b41bc2c5f0b243a1a8917,confirmed,,설치됨 · 설치 확인: public/assets/wall/stone_face_c-v2.png,D3b-2
wave4d,wave4d/wall/stone_face_diag_top-v1.png,0b572589f3abbbe3ae5110e786bffb870ebcfe489d4b04e109f1325121ceb774,confirmed,,설치됨 · 설치 확인: public/assets/wall/stone_face_diag_top-v1.png,D3b-2
wave4d,wave4d/wall/stone_top_a-v1.png,9762b7265c362f040bf6ef922ef1567232a19fa8d8c2ac84629d2db11f295751,confirmed,,설치됨 · 설치 확인: public/assets/wall/stone_top_a-v1.png,D3b-2
wave4d,wave4d/wall/stone_top_b-v1.png,261428e9fb88bd3de9f14b67976fac455e6d40dfe16788fa33f17d5c4b8d53c0,confirmed,,설치됨 · 설치 확인: public/assets/wall/stone_top_b-v1.png,D3b-2
wave4d,wave4d/wall/stone_tower_corner-v1.png,27af40224b1be9ecd7e46f74db626faf1de83ca623b60c6e2bb1ed86a700ad53,confirmed,,설치됨 · 설치 확인: public/assets/wall/stone_tower_corner-v1.png,D3b-2
wave4d,wave4d/water/deep_a-v1.png,6e75254ff53937623e95da192da448cff58695fceff6263d5e1fbdadb1f81ed7,confirmed,,설치됨 · 설치 확인: public/assets/water/deep_a-v1.png,D3b-2
wave4d,wave4d/water/deep_b-v1.png,f6a2d4de1c4f9985fb058b6eb3439232e7f286db2166f6f5a7f678f152839eb2,confirmed,,설치됨 · 설치 확인: public/assets/water/deep_b-v1.png,D3b-2
wave4d,wave4d/water/deep_c-v1.png,e9421915c368cca4259ac60ff153e87dda99ba80f0999038b6126cb548d051a8,confirmed,,설치됨 · 설치 확인: public/assets/water/deep_c-v1.png,D3b-2
wave4e,wave4e/animal/pig_pair-v1.png,cd3dda1b538040ab0e5ba6847e6ad576c84b2ef537bb6ffa3470102d68cba5d8,confirmed,,설치됨 · 설치 확인: public/assets/zones/animals/pig_pair-v1.png · C2PA caBX 포함(받은 바이트 그대로),INSTALL-4e
wave4e,wave4e/animal/sheep_flock_b-v1.png,0430431b588532bfdb1e98726b3d41b0d84d95193169b2fb091179a707d7fcf1,confirmed,,설치됨 · 설치 확인: public/assets/zones/animals/sheep_flock_b-v1.png · C2PA caBX 포함(받은 바이트 그대로),INSTALL-4e
wave4e,wave4e/animal/sheep_flock_c-v1.png,90cd99fb93503dcf0fd6ca68986ba6e61084af8feccf84efa8e77f1f744fe585,confirmed,,설치됨 · 설치 확인: public/assets/zones/animals/sheep_flock_c-v1.png · C2PA caBX 포함(받은 바이트 그대로),INSTALL-4e
wave4e,wave4e/animal/sheep_flock_d-v1.png,675d67591966e9a9a1ec198f06df805c61113b9e4e93a7451ce8674ee6b56b97,confirmed,,설치됨 · 설치 확인: public/assets/zones/animals/sheep_flock_d-v1.png · C2PA caBX 포함(받은 바이트 그대로),INSTALL-4e
wave4e,wave4e/candidates-v1/assets/masters/overlay_cloak_merchant_m-v1.png,f8f41a16e7a80c3b7cb7d8ead4d6b5d3432434a46ba9f841c49bf425d4c45031,superseded,wave4e/overlays/overlay_cloak_merchant_m-v1.png,"같은 그림의 먼저 받은 판(바이트만 다름), 확정본은 wave4e/overlays/overlay_cloak_merchant_m-v1.png (2026-09-27 판정) · 정리 때 비고: 규칙 밖: 같은 이름의 확정·설치본(wave4e/workers·overlays, INSTALL-4e)과 바이트가 다른 후보판, 판 번호가 같아 규칙 2 대상 아님 — rejected 제안 · 이전 비고: 판정 기록 없음 — 본선 public/assets에서 같은 바이트 미발견",
wave4e,wave4e/candidates-v1/assets/masters/wk_labor_f_03-v1.png,8ff60a399376d10608345ee43941b51b12e7da5e5fa7787422a1962980000fee,superseded,wave4e/workers/wk_labor_f_03-v1.png,"같은 그림의 먼저 받은 판(바이트만 다름), 확정본은 wave4e/workers/wk_labor_f_03-v1.png (2026-09-27 판정) · 정리 때 비고: 규칙 밖: 같은 이름의 확정·설치본(wave4e/workers·overlays, INSTALL-4e)과 바이트가 다른 후보판, 판 번호가 같아 규칙 2 대상 아님 — rejected 제안 · 이전 비고: 판정 기록 없음 — 본선 public/assets에서 같은 바이트 미발견",
wave4e,wave4e/candidates-v1/assets/masters/wk_labor_f_04-v1.png,e10b920cbf3f64c381fcb3c22884222e896289aae299d8164a30da490d26458c,superseded,wave4e/workers/wk_labor_f_04-v1.png,"같은 그림의 먼저 받은 판(바이트만 다름), 확정본은 wave4e/workers/wk_labor_f_04-v1.png (2026-09-27 판정) · 정리 때 비고: 규칙 밖: 같은 이름의 확정·설치본(wave4e/workers·overlays, INSTALL-4e)과 바이트가 다른 후보판, 판 번호가 같아 규칙 2 대상 아님 — rejected 제안 · 이전 비고: 판정 기록 없음 — 본선 public/assets에서 같은 바이트 미발견",
wave4e,wave4e/candidates-v1/assets/masters/wk_labor_f_05-v1.png,578c1f0a5ab2bec763e4843b56f5e6ea5bb7b1b9649eddb1f01584a921a99a04,superseded,wave4e/workers/wk_labor_f_05-v1.png,"같은 그림의 먼저 받은 판(바이트만 다름), 확정본은 wave4e/workers/wk_labor_f_05-v1.png (2026-09-27 판정) · 정리 때 비고: 규칙 밖: 같은 이름의 확정·설치본(wave4e/workers·overlays, INSTALL-4e)과 바이트가 다른 후보판, 판 번호가 같아 규칙 2 대상 아님 — rejected 제안 · 이전 비고: 판정 기록 없음 — 본선 public/assets에서 같은 바이트 미발견",
wave4e,wave4e/candidates-v1/assets/masters/wk_poor_f_02-v1.png,56affccf59983d31b91f05027c3679a38ee4e4143eb80b48711a65e0b1655c87,superseded,wave4e/workers/wk_poor_f_02-v1.png,"같은 그림의 먼저 받은 판(바이트만 다름), 확정본은 wave4e/workers/wk_poor_f_02-v1.png (2026-09-27 판정) · 정리 때 비고: 규칙 밖: 같은 이름의 확정·설치본(wave4e/workers·overlays, INSTALL-4e)과 바이트가 다른 후보판, 판 번호가 같아 규칙 2 대상 아님 — rejected 제안 · 이전 비고: 판정 기록 없음 — 본선 public/assets에서 같은 바이트 미발견",
wave4e,wave4e/candidates-v1/assets/masters/wk_poor_m_02-v1.png,d9d419436eb4256b93455f293863e2110bc68eaeeddf66f4a2f7414b67e1e610,superseded,wave4e/workers/wk_poor_m_02-v1.png,"같은 그림의 먼저 받은 판(바이트만 다름), 확정본은 wave4e/workers/wk_poor_m_02-v1.png (2026-09-27 판정) · 정리 때 비고: 규칙 밖: 같은 이름의 확정·설치본(wave4e/workers·overlays, INSTALL-4e)과 바이트가 다른 후보판, 판 번호가 같아 규칙 2 대상 아님 — rejected 제안 · 이전 비고: 판정 기록 없음 — 본선 public/assets에서 같은 바이트 미발견",
wave4e,wave4e/candidates-v1/assets/masters/wk_servant_f_03-v1.png,471e7382ec2547d9b3e4e06d851011b1cfcd93c8b23a97ddd9c74628af81f031,superseded,wave4e/workers/wk_servant_f_03-v1.png,"같은 그림의 먼저 받은 판(바이트만 다름), 확정본은 wave4e/workers/wk_servant_f_03-v1.png (2026-09-27 판정) · 정리 때 비고: 규칙 밖: 같은 이름의 확정·설치본(wave4e/workers·overlays, INSTALL-4e)과 바이트가 다른 후보판, 판 번호가 같아 규칙 2 대상 아님 — rejected 제안 · 이전 비고: 판정 기록 없음 — 본선 public/assets에서 같은 바이트 미발견",
wave4e,wave4e/candidates-v1/assets/masters/wk_servant_f_04-v1.png,09db03baa5510ac2e2c458ecb0d5c828940548738909d46ce215076a74bd66a9,superseded,wave4e/workers/wk_servant_f_04-v1.png,"같은 그림의 먼저 받은 판(바이트만 다름), 확정본은 wave4e/workers/wk_servant_f_04-v1.png (2026-09-27 판정) · 정리 때 비고: 규칙 밖: 같은 이름의 확정·설치본(wave4e/workers·overlays, INSTALL-4e)과 바이트가 다른 후보판, 판 번호가 같아 규칙 2 대상 아님 — rejected 제안 · 이전 비고: 판정 기록 없음 — 본선 public/assets에서 같은 바이트 미발견",
wave4e,wave4e/candidates-v1/assets/templates/actor_civilian_man-v1.png,d9fd443484fbe96a531e9dbdf0826f12ff359980eda0dc9ac4b7f3ab7c41afd2,rejected,,"재스킨 참조 템플릿, 제품 아님(확정 템플릿은 derived-templates) (2026-09-27 판정) · 정리 때 비고: 규칙 밖: 같은 이름의 runtime 파일(runtime-actors-v1, 장부 밖 초기 시트)과 바이트가 다른 템플릿 후보, 장부에 확정본 없음 — rejected 제안 · 이전 비고: 판정 기록 없음 — 본선 public/assets에서 같은 바이트 미발견 · actor_civilian_man-v1.png와 동일 바이트(정본: wave5a/candidates-v1/assets/templates/actor_civilian_man-v1.png)",
wave4e,wave4e/candidates-v1/assets/templates/actor_civilian_woman-v1.png,bb13f139307d3eb7fb9be93146825a5fe4f3ff1d5c07ae749ef6eb4195dfc19b,rejected,,"재스킨 참조 템플릿, 제품 아님(확정 템플릿은 derived-templates) (2026-09-27 판정) · 정리 때 비고: 규칙 밖: 같은 이름의 runtime 파일(runtime-actors-v1, 장부 밖 초기 시트)과 바이트가 다른 템플릿 후보, 장부에 확정본 없음 — rejected 제안 · 이전 비고: 판정 기록 없음 — 본선 public/assets에서 같은 바이트 미발견 · actor_civilian_woman-v1.png와 동일 바이트(정본: wave5a/candidates-v1/assets/templates/actor_civilian_woman-v1.png)",
wave4e,wave4e/candidates-v1/assets/templates/actor_merchant-v1.png,0e97168a4354235204fcf777056e037dafa59c517ec293d569b97e09020b08ce,rejected,,"재스킨 참조 템플릿, 제품 아님(확정 템플릿은 derived-templates) (2026-09-27 판정) · 정리 때 비고: 규칙 밖: 같은 이름의 runtime 파일(runtime-actors-v1, 장부 밖 초기 시트)과 바이트가 다른 템플릿 후보, 장부에 확정본 없음 — rejected 제안 · 이전 비고: 판정 기록 없음 — 본선 public/assets에서 같은 바이트 미발견 · actor_merchant-v1.png와 동일 바이트(정본: wave5a/candidates-v1/assets/templates/actor_merchant-v1.png)",
wave4e,wave4e/candidates-v1/proofs/01-walls.png,c3479973424efa524cd93e9a4789f3ad546c4ab1285de0b37f4e16b23e2c580f,confirmed,,확인 그림 (2026-09-27 판정) · 정리 때 비고: 규칙 밖: 확정된 묶음의 확인·기록 그림(설치 대상 아님) — confirmed 제안 · 확인 그림 · 이전 비고: 판정 기록 없음 — 본선 public/assets에서 같은 바이트 미발견,
wave4e,wave4e/candidates-v1/proofs/02-water.png,0e72cbf17f1e710f94304a288edd41da1278b2ff555e25ee7f86aadbb0427c35,confirmed,,확인 그림 (2026-09-27 판정) · 정리 때 비고: 규칙 밖: 확정된 묶음의 확인·기록 그림(설치 대상 아님) — confirmed 제안 · 확인 그림 · 이전 비고: 판정 기록 없음 — 본선 public/assets에서 같은 바이트 미발견,
wave4e,wave4e/candidates-v1/proofs/03-walkers.png,173b8554650a1e0a78f42201060a2a1787282fe5257bbfa6010c0ecf705d02ca,confirmed,,확인 그림 (2026-09-27 판정) · 정리 때 비고: 규칙 밖: 확정된 묶음의 확인·기록 그림(설치 대상 아님) — confirmed 제안 · 확인 그림 · 이전 비고: 판정 기록 없음 — 본선 public/assets에서 같은 바이트 미발견,
wave4e,wave4e/candidates-v1/records/objects-family-12x12.png,b0a462dc8c3b4d1c932c55ee09473752966a9859c86f61874ea600c81550ec7b,confirmed,,확인 그림 (2026-09-27 판정) · 정리 때 비고: 규칙 밖: 확정된 묶음의 확인·기록 그림(설치 대상 아님) — confirmed 제안 · 기록 그림 · 이전 비고: 판정 기록 없음 — 본선 public/assets에서 같은 바이트 미발견,
wave4e,wave4e/candidates-v1/records/objects-review.png,cd01658dfd8bece49ed3f41255781e137e136be53384d916fd35ed65ca7eb5a0,confirmed,,확인 그림 (2026-09-27 판정) · 정리 때 비고: 규칙 밖: 확정된 묶음의 확인·기록 그림(설치 대상 아님) — confirmed 제안 · 기록 그림 · 이전 비고: 판정 기록 없음 — 본선 public/assets에서 같은 바이트 미발견,
wave4e,wave4e/candidates-v1/records/props-review.png,298abbdafe1b47a12b31809ff470f76f40d55466e02aeac7ee333155ae20675e,confirmed,,확인 그림 (2026-09-27 판정) · 정리 때 비고: 규칙 밖: 확정된 묶음의 확인·기록 그림(설치 대상 아님) — confirmed 제안 · 기록 그림 · 이전 비고: 판정 기록 없음 — 본선 public/assets에서 같은 바이트 미발견,
wave4e,wave4e/candidates-v1/records/walkers-overlay-composite.png,7f025aa0fb13e4d5d580efc03f07c506651ec7803acb1e43ef7c12c1fa0e20f7,confirmed,,확인 그림 (2026-09-27 판정) · 정리 때 비고: 규칙 밖: 확정된 묶음의 확인·기록 그림(설치 대상 아님) — confirmed 제안 · 기록 그림 · 이전 비고: 판정 기록 없음 — 본선 public/assets에서 같은 바이트 미발견,
wave4e,wave4e/farmstead_winter-v1.png,fa84fe4434f6150b05e054a944472c7a84a14e728b80d363a0805cd921f6fe08,confirmed,,설치됨 · 설치 확인: public/assets/buildings/farmstead/farmstead_winter-v1.png · C2PA caBX 포함(받은 바이트 그대로),INSTALL-4e
wave4e,wave4e/fence/hurdle_gate_short-v1.png,eb81e6551f9454e026ab357f4f5770ff0210d1ead14716412c5a549c00f04de5,confirmed,,설치됨 · 설치 확인: public/assets/yards/hurdle_gate_short-v1.png · C2PA caBX 포함(받은 바이트 그대로),INSTALL-4e
wave4e,wave4e/fence/hurdle_quarter-v1.png,adb636dc6a4ea1b2b0c950ff8245b658cae70476624c2688d274d9bbbb91add3,confirmed,,설치됨 · 설치 확인: public/assets/yards/hurdle_quarter-v1.png · C2PA caBX 포함(받은 바이트 그대로),INSTALL-4e
wave4e,wave4e/fence/hurdle_three_quarter-v1.png,505e2bdf66f789feeb856cf4da5026de288fb8f14f434f0d260a8d30c48a8e58,confirmed,,설치됨 · 설치 확인: public/assets/yards/hurdle_three_quarter-v1.png · C2PA caBX 포함(받은 바이트 그대로),INSTALL-4e
wave4e,wave4e/module/bridge_abutment_nw_b-v1.png,4fcb51d48049282b62a1432138c97da40853763faf03f2943a51828690e1bd84,confirmed,,설치됨 · 설치 확인: public/assets/module/bridge_abutment_nw_b-v1.png · C2PA caBX 포함(받은 바이트 그대로),INSTALL-4e
wave4e,wave4e/module/bridge_abutment_sw_a-v1.png,a66f3e053356ee619d30d0c19d6d08a397f8b2cd006f271bb662ab7b6fccf48a,confirmed,,설치됨 · 설치 확인: public/assets/module/bridge_abutment_sw_a-v1.png · C2PA caBX 포함(받은 바이트 그대로),INSTALL-4e
wave4e,wave4e/module/ferry_landing-v1.png,d137de6f9c9130e4aaff09581f5575269d4cf5072e65fa5dd484c11b1ac5830f,confirmed,,설치됨 · 설치 확인: public/assets/module/ferry_landing-v1.png · C2PA caBX 포함(받은 바이트 그대로),INSTALL-4e
wave4e,wave4e/overlays/overlay_cloak_merchant_m-v1.png,b83258393f4967d2f2aaa6cb39aed2939e011eff2e2b382108270a590560c47c,confirmed,,설치됨 · 설치 확인: public/assets/walker-props-v1/overlay_cloak_merchant_m-v1.png · C2PA caBX 포함(받은 바이트 그대로),INSTALL-4e
wave4e,wave4e/props/held_ale_jug_NE-v1.png,72e070ab7f7210046257f96a33be545bd6f0cae252551bdd6bb09dcc2349f2b7,confirmed,,설치됨 · 설치 확인: public/assets/walker-props-v1/held_ale_jug_NE-v1.png · C2PA caBX 포함(받은 바이트 그대로),INSTALL-4e
wave4e,wave4e/props/held_ale_jug_NW-v1.png,0f286682c3684342e67ef4f42e48f121370aca111f60a7a8615c1a1f5d6c2f4e,confirmed,,설치됨 · 설치 확인: public/assets/walker-props-v1/held_ale_jug_NW-v1.png · C2PA caBX 포함(받은 바이트 그대로),INSTALL-4e
wave4e,wave4e/props/held_ale_jug_SE-v1.png,35f0a5b8cec4f48cedb64953bba0a38aee2c334fa013d28935a6f0b86eb9a3ce,confirmed,,설치됨 · 설치 확인: public/assets/walker-props-v1/held_ale_jug_SE-v1.png · C2PA caBX 포함(받은 바이트 그대로),INSTALL-4e
wave4e,wave4e/props/held_ale_jug_SW-v1.png,f13ead57baa50c7f2c259a791cea0b8f3498df9febd58fd60f95c9524b591bfa,confirmed,,설치됨 · 설치 확인: public/assets/walker-props-v1/held_ale_jug_SW-v1.png · C2PA caBX 포함(받은 바이트 그대로),INSTALL-4e
wave4e,wave4e/props/held_yarn_bundle_NE-v1.png,e8e7861a23b4c0f7bfc645be5d8494399f4fb73495cecc3a6fed334afcb3c732,confirmed,,설치됨 · 설치 확인: public/assets/walker-props-v1/held_yarn_bundle_NE-v1.png · C2PA caBX 포함(받은 바이트 그대로),INSTALL-4e
wave4e,wave4e/props/held_yarn_bundle_NW-v1.png,c181de0055dd48a668207af6057cda5da5b7962f9ab3878da3c75ea0562f5bff,confirmed,,설치됨 · 설치 확인: public/assets/walker-props-v1/held_yarn_bundle_NW-v1.png · C2PA caBX 포함(받은 바이트 그대로),INSTALL-4e
wave4e,wave4e/props/held_yarn_bundle_SE-v1.png,737883bf547abd81e1d10a17d7cbd1a7855855e850c7ef8aa6c1356987578d21,confirmed,,설치됨 · 설치 확인: public/assets/walker-props-v1/held_yarn_bundle_SE-v1.png · C2PA caBX 포함(받은 바이트 그대로),INSTALL-4e
wave4e,wave4e/props/held_yarn_bundle_SW-v1.png,f2a90867101f0784cde6f7d6509dff7f4dd26e82637f6da1e80979edc24ffb5f,confirmed,,설치됨 · 설치 확인: public/assets/walker-props-v1/held_yarn_bundle_SW-v1.png · C2PA caBX 포함(받은 바이트 그대로),INSTALL-4e
wave4e,wave4e/shore/shoreline_deep_a-v1.png,95feae664be6afe2a86bcf124e874e07f08a507e2ca8a7f157ac25a4b163118a,confirmed,,설치됨 · 설치 확인: public/assets/shore/shoreline_deep_a-v1.png · C2PA caBX 포함(받은 바이트 그대로),INSTALL-4e
wave4e,wave4e/shore/shoreline_deep_b-v1.png,532b34fba24c7b3e2397d6be4a7bc8f986ab97f7a305381eacb334bbef98a798,confirmed,,설치됨 · 설치 확인: public/assets/shore/shoreline_deep_b-v1.png · C2PA caBX 포함(받은 바이트 그대로),INSTALL-4e
wave4e,wave4e/wall/palisade_gate_v2-v1.png,273acec28e6204e7357d2faf9c8c62d7e65517cc19fa3f9f67ac007d24933f5f,confirmed,,설치됨 · 설치 확인: public/assets/wall/palisade_gate_v2-v1.png · C2PA caBX 포함(받은 바이트 그대로),INSTALL-4e
wave4e,wave4e/wall/stone_face_rubble_a-v2.png,ff10b285bff94b8ddc74607f84ac94bf50ee038a1c690295507197385cb1767c,confirmed,,설치됨 · 설치 확인: public/assets/wall/stone_face_rubble_a-v2.png · C2PA caBX 포함(받은 바이트 그대로),INSTALL-4e
wave4e,wave4e/wall/stone_face_rubble_b-v2.png,efe62e2dd53f4a4653c5e25c27e0bc521c032accc25a8e1dd9abe8f7fa5df5d8,confirmed,,설치됨 · 설치 확인: public/assets/wall/stone_face_rubble_b-v2.png · C2PA caBX 포함(받은 바이트 그대로),INSTALL-4e
wave4e,wave4e/wall/stone_gate_v2-v1.png,70839b658d86278e76ae1d4bcfdd2373822a2b1cea87c5dd72821d2fbb55e413,confirmed,,설치됨 · 설치 확인: public/assets/wall/stone_gate_v2-v1.png · C2PA caBX 포함(받은 바이트 그대로),INSTALL-4e
wave4e,wave4e/wall/stone_pillar_135-v1.png,95352d863b2cf7f694f38b13d9d50d2afbed9fbc00cf6d25d6d12eaf195c9f36,confirmed,,설치됨 · 설치 확인: public/assets/wall/stone_pillar_135-v1.png · C2PA caBX 포함(받은 바이트 그대로),INSTALL-4e
wave4e,wave4e/wall/stone_tower_corner_b-v1.png,fe6fa5f01048ec6804870514ef3a4c7226c750e5e9d485a333fbd233a8504e16,confirmed,,설치됨 · 설치 확인: public/assets/wall/stone_tower_corner_b-v1.png · C2PA caBX 포함(받은 바이트 그대로),INSTALL-4e
wave4e,wave4e/workers/wk_labor_f_03-v1.png,c3f462c17a3adce0821629b03ffc33937c27b76684dc3f5e1366032fe4ee679b,confirmed,,설치됨 · 설치 확인: public/assets/walkers-v2/wk_labor_f_03-v1.png · C2PA caBX 포함(받은 바이트 그대로),INSTALL-4e
wave4e,wave4e/workers/wk_labor_f_04-v1.png,5dfcf00f986bc6a5744efad2f642e45d3dc65c76106a4e4a1a52bb1562abe653,confirmed,,설치됨 · 설치 확인: public/assets/walkers-v2/wk_labor_f_04-v1.png · C2PA caBX 포함(받은 바이트 그대로),INSTALL-4e
wave4e,wave4e/workers/wk_labor_f_05-v1.png,6039a721a5bc35a485712983b2eeb759f8e268cd2f109718dee0bb8e2f47466b,confirmed,,설치됨 · 설치 확인: public/assets/walkers-v2/wk_labor_f_05-v1.png · C2PA caBX 포함(받은 바이트 그대로),INSTALL-4e
wave4e,wave4e/workers/wk_poor_f_02-v1.png,3b0d36b7ac38425180b6fc217e001456b299c68d75f5273f304fa3d283f0ce89,confirmed,,설치됨 · 설치 확인: public/assets/walkers-v2/wk_poor_f_02-v1.png · C2PA caBX 포함(받은 바이트 그대로),INSTALL-4e
wave4e,wave4e/workers/wk_poor_m_02-v1.png,f142790d17d2ef57d733c71619c6161e1fdaa00e1001ef687ffdbb1245e56bcb,confirmed,,설치됨 · 설치 확인: public/assets/walkers-v2/wk_poor_m_02-v1.png · C2PA caBX 포함(받은 바이트 그대로),INSTALL-4e
wave4e,wave4e/workers/wk_servant_f_03-v1.png,a868c6d96737c2ccb2bc38d63890e91e0f9fa8364dd0856b18b00fbd8bf577e0,confirmed,,설치됨 · 설치 확인: public/assets/walkers-v2/wk_servant_f_03-v1.png · C2PA caBX 포함(받은 바이트 그대로),INSTALL-4e
wave4e,wave4e/workers/wk_servant_f_04-v1.png,67193b81e977fe8fa09005c7b538ade3ad0039995dbe4072bb784fab48b9595f,confirmed,,설치됨 · 설치 확인: public/assets/walkers-v2/wk_servant_f_04-v1.png · C2PA caBX 포함(받은 바이트 그대로),INSTALL-4e
wave5a,wave5a/candidates-v1/assets/masters/overlay_cloak_f-v1.png,a22d834c527ed7d6a4d128be6e8160681518c9d4e0f82c93fa945dd888a2818b,rejected,,규칙 4: V2 설치에서 선택되지 않음(설치된 V2 워커 시트와 픽셀이 다름) (2026-09-27 정리),
wave5a,wave5a/candidates-v1/assets/masters/overlay_cloak_m-v1.png,893df177e993a772ad3ab71bbcddac8b96bf441b96477a3517115612c88e9dc8,rejected,,규칙 4: V2 설치에서 선택되지 않음(설치된 V2 워커 시트와 픽셀이 다름) (2026-09-27 정리),
wave5a,wave5a/candidates-v1/assets/masters/wk_artisan_f_01-v1.png,ce175c318c05f2557abc7beb1d198676cf65919b57fc4849efe1ed7df0966727,rejected,,규칙 4: V2 설치에서 선택되지 않음(설치된 V2 워커 시트와 픽셀이 다름) (2026-09-27 정리),
wave5a,wave5a/candidates-v1/assets/masters/wk_artisan_f_02-v1.png,a526a449c2d755c69f2bc6b1d11463e53cdb65809b5b4801fc069e3de29bc49b,rejected,,규칙 4: V2 설치에서 선택되지 않음(설치된 V2 워커 시트와 픽셀이 다름) (2026-09-27 정리),
wave5a,wave5a/candidates-v1/assets/masters/wk_artisan_m_01-v1.png,eee7a4060118f1059417bf5ca6b99436a1b47bf4eca97fe30eb4ee1673a176f1,rejected,,규칙 4: V2 설치에서 선택되지 않음(설치된 V2 워커 시트와 픽셀이 다름) (2026-09-27 정리),
wave5a,wave5a/candidates-v1/assets/masters/wk_artisan_m_02-v1.png,9cc6a60f9e37b5167ab84c2bdc4904f96be7d4594a38e0ba5682601aab7fa6ac,rejected,,규칙 4: V2 설치에서 선택되지 않음(설치된 V2 워커 시트와 픽셀이 다름) (2026-09-27 정리),
wave5a,wave5a/candidates-v1/assets/masters/wk_gentry_f_01-v1.png,45c1a47e3165a916555c974463ab5beb2dae5c2826c72228ec0be5cae7f6377e,rejected,,규칙 4: V2 설치에서 선택되지 않음(설치된 V2 워커 시트와 픽셀이 다름) (2026-09-27 정리),
wave5a,wave5a/candidates-v1/assets/masters/wk_gentry_m_01-v1.png,137c636d01c9d8094bc56cbea9dfe87321a078cf0250c4364acd0de582312987,rejected,,규칙 4: V2 설치에서 선택되지 않음(설치된 V2 워커 시트와 픽셀이 다름) (2026-09-27 정리),
wave5a,wave5a/candidates-v1/assets/masters/wk_labor_f_01-v1.png,4c9ac951005b3142ec02ad427728afac457be71063eb79b79d34449025fad25d,rejected,,규칙 4: V2 설치에서 선택되지 않음(설치된 V2 워커 시트와 픽셀이 다름) (2026-09-27 정리),
wave5a,wave5a/candidates-v1/assets/masters/wk_labor_f_02-v1.png,96c9b4794cdbb5228912c86a04a3105e325e68b6e102981d136da1f0269e8229,rejected,,규칙 4: V2 설치에서 선택되지 않음(설치된 V2 워커 시트와 픽셀이 다름) (2026-09-27 정리),
wave5a,wave5a/candidates-v1/assets/masters/wk_labor_m_01-v1.png,f5f2a6a2dfe119f9fc017d98433d2a0c3002ca3789f6a64ea0eaa8fbd32abab5,rejected,,규칙 4: V2 설치에서 선택되지 않음(설치된 V2 워커 시트와 픽셀이 다름) (2026-09-27 정리),
wave5a,wave5a/candidates-v1/assets/masters/wk_labor_m_02-v1.png,1e16607a4df4e27af1b772a23a0a111880e582d47a37859b40492f41bf3585a5,rejected,,규칙 4: V2 설치에서 선택되지 않음(설치된 V2 워커 시트와 픽셀이 다름) (2026-09-27 정리),
wave5a,wave5a/candidates-v1/assets/masters/wk_labor_m_03-v1.png,2137e65d91f39f23679317c8202aa14638124b7df64af4e526c3c5cb8268b7e2,rejected,,규칙 4: V2 설치에서 선택되지 않음(설치된 V2 워커 시트와 픽셀이 다름) (2026-09-27 정리),
wave5a,wave5a/candidates-v1/assets/masters/wk_merchant_f_01-v1.png,79958cc9433311f94bfde2b02122ed7bf5ff24b95e7409a9b57640cd39adec19,rejected,,규칙 4: V2 설치에서 선택되지 않음(설치된 V2 워커 시트와 픽셀이 다름) (2026-09-27 정리),
wave5a,wave5a/candidates-v1/assets/masters/wk_merchant_f_02-v1.png,b60f4ad38bcbec7715442128db109159f08de884de142a59e5ea1efde2e03638,rejected,,규칙 4: V2 설치에서 선택되지 않음(설치된 V2 워커 시트와 픽셀이 다름) (2026-09-27 정리),
wave5a,wave5a/candidates-v1/assets/masters/wk_merchant_m_01-v1.png,14d9a39493c81125ab374d30b47c0b3607f4cc9a270b588104c8542e1abc6e76,rejected,,규칙 4: V2 설치에서 선택되지 않음(설치된 V2 워커 시트와 픽셀이 다름) (2026-09-27 정리),
wave5a,wave5a/candidates-v1/assets/masters/wk_merchant_m_02-v1.png,67d25a17ee649628c3870eea82c4b558f341bfe0d82434c1a5edede781f8cb09,rejected,,규칙 4: V2 설치에서 선택되지 않음(설치된 V2 워커 시트와 픽셀이 다름) (2026-09-27 정리),
wave5a,wave5a/candidates-v1/assets/masters/wk_monk_m_01-v1.png,4cfec739a939d40b349a36739568aa8e8426ac02101f28b90049de5272af05ce,rejected,,규칙 4: V2 설치에서 선택되지 않음(설치된 V2 워커 시트와 픽셀이 다름) (2026-09-27 정리),
wave5a,wave5a/candidates-v1/assets/masters/wk_nun_f_01-v1.png,5f81ab88854280552d1f9aa82e23485f489f81e948aa3d759b9971425c71ebbd,rejected,,규칙 4: V2 설치에서 선택되지 않음(설치된 V2 워커 시트와 픽셀이 다름) (2026-09-27 정리),
wave5a,wave5a/candidates-v1/assets/masters/wk_poor_f_01-v1.png,ddeae0742933c2089b005a0e92527e79b1d4a1d34405371c9ce5758619137579,rejected,,규칙 4: V2 설치에서 선택되지 않음(설치된 V2 워커 시트와 픽셀이 다름) (2026-09-27 정리),
wave5a,wave5a/candidates-v1/assets/masters/wk_poor_m_01-v1.png,773db441ff0193e4656ee6bf9da6f41aceee0dce77d7b6e5c1eb973598e00428,rejected,,규칙 4: V2 설치에서 선택되지 않음(설치된 V2 워커 시트와 픽셀이 다름) (2026-09-27 정리),
wave5a,wave5a/candidates-v1/assets/masters/wk_priest_m_01-v1.png,9abc32fde00f8a090625d5277dd38531720d5817832c12af74c0ae7fb8c26903,rejected,,규칙 4: V2 설치에서 선택되지 않음(설치된 V2 워커 시트와 픽셀이 다름) (2026-09-27 정리),
wave5a,wave5a/candidates-v1/assets/masters/wk_servant_f_01-v1.png,8670001ee57f5309c46b0d2a9970b0b972e1c52b03e14564cf09058e9e80bee7,rejected,,규칙 4: V2 설치에서 선택되지 않음(설치된 V2 워커 시트와 픽셀이 다름) (2026-09-27 정리),
wave5a,wave5a/candidates-v1/assets/masters/wk_servant_f_02-v1.png,10df9e6ff7bf8104e3a0aecbc1ea98a68286415318e0240109e5ce9d7b4d4524,rejected,,규칙 4: V2 설치에서 선택되지 않음(설치된 V2 워커 시트와 픽셀이 다름) (2026-09-27 정리),
wave5a,wave5a/candidates-v1/assets/masters/wk_servant_m_01-v1.png,a98dc4b09babcd17db7714c99a2261d3bcbcc1d3b759ea30e8a4896d6b3647b8,rejected,,규칙 4: V2 설치에서 선택되지 않음(설치된 V2 워커 시트와 픽셀이 다름) (2026-09-27 정리),
wave5a,wave5a/candidates-v1/assets/masters/wk_servant_m_02-v1.png,5c58d39c315adf85208f57d945bfa6d0ed987743ab434aa9870923d066fd0f9e,rejected,,규칙 4: V2 설치에서 선택되지 않음(설치된 V2 워커 시트와 픽셀이 다름) (2026-09-27 정리),
wave5a,wave5a/candidates-v1/assets/masters/wk_textile_f_01-v1.png,7cc2a0200f60d536bac2ef9ea405d9d5eb2514351fe80c27ab4179c8cfff866b,rejected,,규칙 4: V2 설치에서 선택되지 않음(설치된 V2 워커 시트와 픽셀이 다름) (2026-09-27 정리),
wave5a,wave5a/candidates-v1/assets/masters/wk_textile_f_02-v1.png,1bb6aa349562be138e79bedc25baf772915979d4f244d6eea09c5ac74f7a2d81,rejected,,규칙 4: V2 설치에서 선택되지 않음(설치된 V2 워커 시트와 픽셀이 다름) (2026-09-27 정리),
wave5a,wave5a/candidates-v1/assets/masters/wk_textile_m_01-v1.png,03978d5336954a266b4ecbd11256a52601000a30490c5c6e5931c652036ac710,rejected,,규칙 4: V2 설치에서 선택되지 않음(설치된 V2 워커 시트와 픽셀이 다름) (2026-09-27 정리),
wave5a,wave5a/candidates-v1/assets/masters/wk_visitor_f_01-v1.png,9c5330ff21039407699badf7bc3937e95ca639277b50d9b53963fd67475a6adf,rejected,,규칙 4: V2 설치에서 선택되지 않음(설치된 V2 워커 시트와 픽셀이 다름) (2026-09-27 정리),
wave5a,wave5a/candidates-v1/assets/masters/wk_visitor_m_01-v1.png,8d7e28ab6df26573c1dffa5bb29262dc816f856b1ccc72fcba95e444ad471279,rejected,,규칙 4: V2 설치에서 선택되지 않음(설치된 V2 워커 시트와 픽셀이 다름) (2026-09-27 정리),
wave5a,wave5a/candidates-v1/assets/templates/actor_builder-v1.png,c321c6add867ca83e7014e64ef3eb7c499c2bfce88a46eeefca77a3d5862b3d1,rejected,,규칙 4: V2 설치에서 선택되지 않음(설치된 V2 워커 시트와 픽셀이 다름) (2026-09-27 정리),
wave5a,wave5a/candidates-v1/assets/templates/actor_carter-v1.png,a5b12e855b992c17d8426450175e59ffd736982028857445b8f9907210d1b03f,rejected,,규칙 4: V2 설치에서 선택되지 않음(설치된 V2 워커 시트와 픽셀이 다름) (2026-09-27 정리),
wave5a,wave5a/candidates-v1/assets/templates/actor_civilian_man-v1.png,d9fd443484fbe96a531e9dbdf0826f12ff359980eda0dc9ac4b7f3ab7c41afd2,rejected,,규칙 4: V2 설치에서 선택되지 않음(설치된 V2 워커 시트와 픽셀이 다름) (2026-09-27 정리),
wave5a,wave5a/candidates-v1/assets/templates/actor_civilian_woman-v1.png,bb13f139307d3eb7fb9be93146825a5fe4f3ff1d5c07ae749ef6eb4195dfc19b,rejected,,규칙 4: V2 설치에서 선택되지 않음(설치된 V2 워커 시트와 픽셀이 다름) (2026-09-27 정리),
wave5a,wave5a/candidates-v1/assets/templates/actor_cleric-v3.png,2eb1aa701c40e9c732085b24d084e48ae3897f0aad0f332b6cc1ad30d9106fb9,rejected,,규칙 4: V2 설치에서 선택되지 않음(설치된 V2 워커 시트와 픽셀이 다름) (2026-09-27 정리),
wave5a,wave5a/candidates-v1/assets/templates/actor_farmer-v1.png,e0a1fd4806bdf2d52e3ffe0c73a91125e0f9c67804ba2a431f21ef901caa9604,rejected,,규칙 4: V2 설치에서 선택되지 않음(설치된 V2 워커 시트와 픽셀이 다름) (2026-09-27 정리),
wave5a,wave5a/candidates-v1/assets/templates/actor_guard-v1.png,63eec078c24d344d05ed6378f0abeea6cd77182aa552d8876a67fb4b6443491f,rejected,,규칙 4: V2 설치에서 선택되지 않음(설치된 V2 워커 시트와 픽셀이 다름) (2026-09-27 정리),
wave5a,wave5a/candidates-v1/assets/templates/actor_logger-v1.png,068a499ba76e17760dcbd6ac81ed19a99673864dc7eba28b4b339d7ae2740f77,rejected,,규칙 4: V2 설치에서 선택되지 않음(설치된 V2 워커 시트와 픽셀이 다름) (2026-09-27 정리),
wave5a,wave5a/candidates-v1/assets/templates/actor_merchant-v1.png,0e97168a4354235204fcf777056e037dafa59c517ec293d569b97e09020b08ce,rejected,,규칙 4: V2 설치에서 선택되지 않음(설치된 V2 워커 시트와 픽셀이 다름) (2026-09-27 정리),
wave5a,wave5a/candidates-v1/proofs/01-overlap-summary.png,67b9181e1d6c32df3924c1f54a03bf5ae02e957b228ec2f4f43b09793ca547c1,superseded,wave5a/candidates-v2-29sheets/proofs/01-overlap-summary.png,v1 → v2(29장 시트) 같은 이름 다른 바이트,
wave5a,wave5a/candidates-v1/proofs/02-street-candidates.png,dcb30167afdba6d816f2ad81ed2855d24decb3f29cff533af8843f6c95f9dc6c,superseded,wave5a/candidates-v2-29sheets/proofs/02-street-candidates.png,v1 → v2(29장 시트) 같은 이름 다른 바이트,
wave5a,wave5a/candidates-v1/proofs/03-winter-overlay.png,d4cd34de1244de625c9d86daf9c5f8d8cc5248dd6192f4b41d0e531228fcce0e,rejected,,규칙 4: V2 설치에서 선택되지 않음(설치된 V2 워커 시트와 픽셀이 다름) · 확인 그림 (2026-09-27 정리),
wave5a,wave5a/candidates-v1/records/all-sheets-review.png,f750f4f50f193ddb40b8b37630c79f01e1d0c3c73aeaabce86dc186f45b31ac4,superseded,wave5a/candidates-v2-29sheets/records/all-sheets-review.png,v1 → v2(29장 시트) 같은 이름 다른 바이트,
wave5a,wave5a/candidates-v1/records/props-inspection.png,9fb831070807c9637c81e57527675d0296f1c97d9699f5b0dd15ef550efe7564,rejected,,규칙 4: V2 설치에서 선택되지 않음(설치된 V2 워커 시트와 픽셀이 다름) · 기록 그림 (2026-09-27 정리),
wave5a,wave5a/candidates-v2-29sheets/assets/masters/overlay_cloak_f-v1.png,a22d834c527ed7d6a4d128be6e8160681518c9d4e0f82c93fa945dd888a2818b,rejected,,규칙 4: V2 설치에서 선택되지 않음(설치된 V2 워커 시트와 픽셀이 다름) (2026-09-27 정리) · overlay_cloak_f-v1.png와 동일 바이트(정본: wave5a/candidates-v1/assets/masters/overlay_cloak_f-v1.png),
wave5a,wave5a/candidates-v2-29sheets/assets/masters/overlay_cloak_m-v1.png,893df177e993a772ad3ab71bbcddac8b96bf441b96477a3517115612c88e9dc8,rejected,,규칙 4: V2 설치에서 선택되지 않음(설치된 V2 워커 시트와 픽셀이 다름) (2026-09-27 정리) · overlay_cloak_m-v1.png와 동일 바이트(정본: wave5a/candidates-v1/assets/masters/overlay_cloak_m-v1.png),
wave5a,wave5a/candidates-v2-29sheets/assets/masters/wk_artisan_f_01-v1.png,ce175c318c05f2557abc7beb1d198676cf65919b57fc4849efe1ed7df0966727,rejected,,규칙 4: V2 설치에서 선택되지 않음(설치된 V2 워커 시트와 픽셀이 다름) (2026-09-27 정리) · wk_artisan_f_01-v1.png와 동일 바이트(정본: wave5a/candidates-v1/assets/masters/wk_artisan_f_01-v1.png),
wave5a,wave5a/candidates-v2-29sheets/assets/masters/wk_artisan_f_02-v1.png,a526a449c2d755c69f2bc6b1d11463e53cdb65809b5b4801fc069e3de29bc49b,rejected,,규칙 4: V2 설치에서 선택되지 않음(설치된 V2 워커 시트와 픽셀이 다름) (2026-09-27 정리) · wk_artisan_f_02-v1.png와 동일 바이트(정본: wave5a/candidates-v1/assets/masters/wk_artisan_f_02-v1.png),
wave5a,wave5a/candidates-v2-29sheets/assets/masters/wk_artisan_m_01-v1.png,eee7a4060118f1059417bf5ca6b99436a1b47bf4eca97fe30eb4ee1673a176f1,rejected,,규칙 4: V2 설치에서 선택되지 않음(설치된 V2 워커 시트와 픽셀이 다름) (2026-09-27 정리) · wk_artisan_m_01-v1.png와 동일 바이트(정본: wave5a/candidates-v1/assets/masters/wk_artisan_m_01-v1.png),
wave5a,wave5a/candidates-v2-29sheets/assets/masters/wk_artisan_m_02-v1.png,9cc6a60f9e37b5167ab84c2bdc4904f96be7d4594a38e0ba5682601aab7fa6ac,rejected,,규칙 4: V2 설치에서 선택되지 않음(설치된 V2 워커 시트와 픽셀이 다름) (2026-09-27 정리) · wk_artisan_m_02-v1.png와 동일 바이트(정본: wave5a/candidates-v1/assets/masters/wk_artisan_m_02-v1.png),
wave5a,wave5a/candidates-v2-29sheets/assets/masters/wk_gentry_f_01-v1.png,45c1a47e3165a916555c974463ab5beb2dae5c2826c72228ec0be5cae7f6377e,rejected,,규칙 4: V2 설치에서 선택되지 않음(설치된 V2 워커 시트와 픽셀이 다름) (2026-09-27 정리) · wk_gentry_f_01-v1.png와 동일 바이트(정본: wave5a/candidates-v1/assets/masters/wk_gentry_f_01-v1.png),
wave5a,wave5a/candidates-v2-29sheets/assets/masters/wk_gentry_m_01-v1.png,137c636d01c9d8094bc56cbea9dfe87321a078cf0250c4364acd0de582312987,rejected,,규칙 4: V2 설치에서 선택되지 않음(설치된 V2 워커 시트와 픽셀이 다름) (2026-09-27 정리) · wk_gentry_m_01-v1.png와 동일 바이트(정본: wave5a/candidates-v1/assets/masters/wk_gentry_m_01-v1.png),
wave5a,wave5a/candidates-v2-29sheets/assets/masters/wk_labor_f_01-v1.png,4c9ac951005b3142ec02ad427728afac457be71063eb79b79d34449025fad25d,rejected,,규칙 4: V2 설치에서 선택되지 않음(설치된 V2 워커 시트와 픽셀이 다름) (2026-09-27 정리) · wk_labor_f_01-v1.png와 동일 바이트(정본: wave5a/candidates-v1/assets/masters/wk_labor_f_01-v1.png),
wave5a,wave5a/candidates-v2-29sheets/assets/masters/wk_labor_f_02-v1.png,96c9b4794cdbb5228912c86a04a3105e325e68b6e102981d136da1f0269e8229,rejected,,규칙 4: V2 설치에서 선택되지 않음(설치된 V2 워커 시트와 픽셀이 다름) (2026-09-27 정리) · wk_labor_f_02-v1.png와 동일 바이트(정본: wave5a/candidates-v1/assets/masters/wk_labor_f_02-v1.png),
wave5a,wave5a/candidates-v2-29sheets/assets/masters/wk_labor_m_01-v1.png,f5f2a6a2dfe119f9fc017d98433d2a0c3002ca3789f6a64ea0eaa8fbd32abab5,rejected,,규칙 4: V2 설치에서 선택되지 않음(설치된 V2 워커 시트와 픽셀이 다름) (2026-09-27 정리) · wk_labor_m_01-v1.png와 동일 바이트(정본: wave5a/candidates-v1/assets/masters/wk_labor_m_01-v1.png),
wave5a,wave5a/candidates-v2-29sheets/assets/masters/wk_labor_m_02-v1.png,1e16607a4df4e27af1b772a23a0a111880e582d47a37859b40492f41bf3585a5,rejected,,규칙 4: V2 설치에서 선택되지 않음(설치된 V2 워커 시트와 픽셀이 다름) (2026-09-27 정리) · wk_labor_m_02-v1.png와 동일 바이트(정본: wave5a/candidates-v1/assets/masters/wk_labor_m_02-v1.png),
wave5a,wave5a/candidates-v2-29sheets/assets/masters/wk_labor_m_03-v1.png,2137e65d91f39f23679317c8202aa14638124b7df64af4e526c3c5cb8268b7e2,rejected,,규칙 4: V2 설치에서 선택되지 않음(설치된 V2 워커 시트와 픽셀이 다름) (2026-09-27 정리) · wk_labor_m_03-v1.png와 동일 바이트(정본: wave5a/candidates-v1/assets/masters/wk_labor_m_03-v1.png),
wave5a,wave5a/candidates-v2-29sheets/assets/masters/wk_merchant_f_01-v1.png,79958cc9433311f94bfde2b02122ed7bf5ff24b95e7409a9b57640cd39adec19,rejected,,규칙 4: V2 설치에서 선택되지 않음(설치된 V2 워커 시트와 픽셀이 다름) (2026-09-27 정리) · wk_merchant_f_01-v1.png와 동일 바이트(정본: wave5a/candidates-v1/assets/masters/wk_merchant_f_01-v1.png),
wave5a,wave5a/candidates-v2-29sheets/assets/masters/wk_merchant_f_02-v1.png,b60f4ad38bcbec7715442128db109159f08de884de142a59e5ea1efde2e03638,rejected,,규칙 4: V2 설치에서 선택되지 않음(설치된 V2 워커 시트와 픽셀이 다름) (2026-09-27 정리) · wk_merchant_f_02-v1.png와 동일 바이트(정본: wave5a/candidates-v1/assets/masters/wk_merchant_f_02-v1.png),
wave5a,wave5a/candidates-v2-29sheets/assets/masters/wk_merchant_m_01-v1.png,14d9a39493c81125ab374d30b47c0b3607f4cc9a270b588104c8542e1abc6e76,rejected,,규칙 4: V2 설치에서 선택되지 않음(설치된 V2 워커 시트와 픽셀이 다름) (2026-09-27 정리) · wk_merchant_m_01-v1.png와 동일 바이트(정본: wave5a/candidates-v1/assets/masters/wk_merchant_m_01-v1.png),
wave5a,wave5a/candidates-v2-29sheets/assets/masters/wk_merchant_m_02-v1.png,67d25a17ee649628c3870eea82c4b558f341bfe0d82434c1a5edede781f8cb09,rejected,,규칙 4: V2 설치에서 선택되지 않음(설치된 V2 워커 시트와 픽셀이 다름) (2026-09-27 정리) · wk_merchant_m_02-v1.png와 동일 바이트(정본: wave5a/candidates-v1/assets/masters/wk_merchant_m_02-v1.png),
wave5a,wave5a/candidates-v2-29sheets/assets/masters/wk_monk_m_01-v1.png,4cfec739a939d40b349a36739568aa8e8426ac02101f28b90049de5272af05ce,rejected,,규칙 4: V2 설치에서 선택되지 않음(설치된 V2 워커 시트와 픽셀이 다름) (2026-09-27 정리) · wk_monk_m_01-v1.png와 동일 바이트(정본: wave5a/candidates-v1/assets/masters/wk_monk_m_01-v1.png),
wave5a,wave5a/candidates-v2-29sheets/assets/masters/wk_nun_f_01-v1.png,5f81ab88854280552d1f9aa82e23485f489f81e948aa3d759b9971425c71ebbd,rejected,,규칙 4: V2 설치에서 선택되지 않음(설치된 V2 워커 시트와 픽셀이 다름) (2026-09-27 정리) · wk_nun_f_01-v1.png와 동일 바이트(정본: wave5a/candidates-v1/assets/masters/wk_nun_f_01-v1.png),
wave5a,wave5a/candidates-v2-29sheets/assets/masters/wk_poor_f_01-v1.png,ddeae0742933c2089b005a0e92527e79b1d4a1d34405371c9ce5758619137579,rejected,,규칙 4: V2 설치에서 선택되지 않음(설치된 V2 워커 시트와 픽셀이 다름) (2026-09-27 정리) · wk_poor_f_01-v1.png와 동일 바이트(정본: wave5a/candidates-v1/assets/masters/wk_poor_f_01-v1.png),
wave5a,wave5a/candidates-v2-29sheets/assets/masters/wk_poor_m_01-v1.png,773db441ff0193e4656ee6bf9da6f41aceee0dce77d7b6e5c1eb973598e00428,rejected,,규칙 4: V2 설치에서 선택되지 않음(설치된 V2 워커 시트와 픽셀이 다름) (2026-09-27 정리) · wk_poor_m_01-v1.png와 동일 바이트(정본: wave5a/candidates-v1/assets/masters/wk_poor_m_01-v1.png),
wave5a,wave5a/candidates-v2-29sheets/assets/masters/wk_priest_m_01-v1.png,9abc32fde00f8a090625d5277dd38531720d5817832c12af74c0ae7fb8c26903,rejected,,규칙 4: V2 설치에서 선택되지 않음(설치된 V2 워커 시트와 픽셀이 다름) (2026-09-27 정리) · wk_priest_m_01-v1.png와 동일 바이트(정본: wave5a/candidates-v1/assets/masters/wk_priest_m_01-v1.png),
wave5a,wave5a/candidates-v2-29sheets/assets/masters/wk_servant_f_01-v1.png,8670001ee57f5309c46b0d2a9970b0b972e1c52b03e14564cf09058e9e80bee7,rejected,,규칙 4: V2 설치에서 선택되지 않음(설치된 V2 워커 시트와 픽셀이 다름) (2026-09-27 정리) · wk_servant_f_01-v1.png와 동일 바이트(정본: wave5a/candidates-v1/assets/masters/wk_servant_f_01-v1.png),
wave5a,wave5a/candidates-v2-29sheets/assets/masters/wk_servant_f_02-v1.png,10df9e6ff7bf8104e3a0aecbc1ea98a68286415318e0240109e5ce9d7b4d4524,rejected,,규칙 4: V2 설치에서 선택되지 않음(설치된 V2 워커 시트와 픽셀이 다름) (2026-09-27 정리) · wk_servant_f_02-v1.png와 동일 바이트(정본: wave5a/candidates-v1/assets/masters/wk_servant_f_02-v1.png),
wave5a,wave5a/candidates-v2-29sheets/assets/masters/wk_servant_m_01-v1.png,a98dc4b09babcd17db7714c99a2261d3bcbcc1d3b759ea30e8a4896d6b3647b8,rejected,,규칙 4: V2 설치에서 선택되지 않음(설치된 V2 워커 시트와 픽셀이 다름) (2026-09-27 정리) · wk_servant_m_01-v1.png와 동일 바이트(정본: wave5a/candidates-v1/assets/masters/wk_servant_m_01-v1.png),
wave5a,wave5a/candidates-v2-29sheets/assets/masters/wk_servant_m_02-v1.png,5c58d39c315adf85208f57d945bfa6d0ed987743ab434aa9870923d066fd0f9e,rejected,,규칙 4: V2 설치에서 선택되지 않음(설치된 V2 워커 시트와 픽셀이 다름) (2026-09-27 정리) · wk_servant_m_02-v1.png와 동일 바이트(정본: wave5a/candidates-v1/assets/masters/wk_servant_m_02-v1.png),
wave5a,wave5a/candidates-v2-29sheets/assets/masters/wk_textile_f_01-v1.png,7cc2a0200f60d536bac2ef9ea405d9d5eb2514351fe80c27ab4179c8cfff866b,rejected,,규칙 4: V2 설치에서 선택되지 않음(설치된 V2 워커 시트와 픽셀이 다름) (2026-09-27 정리) · wk_textile_f_01-v1.png와 동일 바이트(정본: wave5a/candidates-v1/assets/masters/wk_textile_f_01-v1.png),
wave5a,wave5a/candidates-v2-29sheets/assets/masters/wk_textile_f_02-v1.png,1bb6aa349562be138e79bedc25baf772915979d4f244d6eea09c5ac74f7a2d81,rejected,,규칙 4: V2 설치에서 선택되지 않음(설치된 V2 워커 시트와 픽셀이 다름) (2026-09-27 정리) · wk_textile_f_02-v1.png와 동일 바이트(정본: wave5a/candidates-v1/assets/masters/wk_textile_f_02-v1.png),
wave5a,wave5a/candidates-v2-29sheets/assets/masters/wk_textile_m_01-v1.png,03978d5336954a266b4ecbd11256a52601000a30490c5c6e5931c652036ac710,rejected,,규칙 4: V2 설치에서 선택되지 않음(설치된 V2 워커 시트와 픽셀이 다름) (2026-09-27 정리) · wk_textile_m_01-v1.png와 동일 바이트(정본: wave5a/candidates-v1/assets/masters/wk_textile_m_01-v1.png),
wave5a,wave5a/candidates-v2-29sheets/assets/masters/wk_visitor_f_01-v1.png,9c5330ff21039407699badf7bc3937e95ca639277b50d9b53963fd67475a6adf,rejected,,규칙 4: V2 설치에서 선택되지 않음(설치된 V2 워커 시트와 픽셀이 다름) (2026-09-27 정리) · wk_visitor_f_01-v1.png와 동일 바이트(정본: wave5a/candidates-v1/assets/masters/wk_visitor_f_01-v1.png),
wave5a,wave5a/candidates-v2-29sheets/assets/masters/wk_visitor_m_01-v1.png,8d7e28ab6df26573c1dffa5bb29262dc816f856b1ccc72fcba95e444ad471279,rejected,,규칙 4: V2 설치에서 선택되지 않음(설치된 V2 워커 시트와 픽셀이 다름) (2026-09-27 정리) · wk_visitor_m_01-v1.png와 동일 바이트(정본: wave5a/candidates-v1/assets/masters/wk_visitor_m_01-v1.png),
wave5a,wave5a/candidates-v2-29sheets/assets/templates/actor_builder-v1.png,c321c6add867ca83e7014e64ef3eb7c499c2bfce88a46eeefca77a3d5862b3d1,rejected,,규칙 4: V2 설치에서 선택되지 않음(설치된 V2 워커 시트와 픽셀이 다름) (2026-09-27 정리) · actor_builder-v1.png와 동일 바이트(정본: wave5a/candidates-v1/assets/templates/actor_builder-v1.png),
wave5a,wave5a/candidates-v2-29sheets/assets/templates/actor_carter-v1.png,a5b12e855b992c17d8426450175e59ffd736982028857445b8f9907210d1b03f,rejected,,규칙 4: V2 설치에서 선택되지 않음(설치된 V2 워커 시트와 픽셀이 다름) (2026-09-27 정리) · actor_carter-v1.png와 동일 바이트(정본: wave5a/candidates-v1/assets/templates/actor_carter-v1.png),
wave5a,wave5a/candidates-v2-29sheets/assets/templates/actor_civilian_man-v1.png,d9fd443484fbe96a531e9dbdf0826f12ff359980eda0dc9ac4b7f3ab7c41afd2,rejected,,규칙 4: V2 설치에서 선택되지 않음(설치된 V2 워커 시트와 픽셀이 다름) (2026-09-27 정리) · actor_civilian_man-v1.png와 동일 바이트(정본: wave5a/candidates-v1/assets/templates/actor_civilian_man-v1.png),
wave5a,wave5a/candidates-v2-29sheets/assets/templates/actor_civilian_woman-v1.png,bb13f139307d3eb7fb9be93146825a5fe4f3ff1d5c07ae749ef6eb4195dfc19b,rejected,,규칙 4: V2 설치에서 선택되지 않음(설치된 V2 워커 시트와 픽셀이 다름) (2026-09-27 정리) · actor_civilian_woman-v1.png와 동일 바이트(정본: wave5a/candidates-v1/assets/templates/actor_civilian_woman-v1.png),
wave5a,wave5a/candidates-v2-29sheets/assets/templates/actor_cleric-v3.png,2eb1aa701c40e9c732085b24d084e48ae3897f0aad0f332b6cc1ad30d9106fb9,rejected,,규칙 4: V2 설치에서 선택되지 않음(설치된 V2 워커 시트와 픽셀이 다름) (2026-09-27 정리) · actor_cleric-v3.png와 동일 바이트(정본: wave5a/candidates-v1/assets/templates/actor_cleric-v3.png),
wave5a,wave5a/candidates-v2-29sheets/assets/templates/actor_farmer-v1.png,e0a1fd4806bdf2d52e3ffe0c73a91125e0f9c67804ba2a431f21ef901caa9604,rejected,,규칙 4: V2 설치에서 선택되지 않음(설치된 V2 워커 시트와 픽셀이 다름) (2026-09-27 정리) · actor_farmer-v1.png와 동일 바이트(정본: wave5a/candidates-v1/assets/templates/actor_farmer-v1.png),
wave5a,wave5a/candidates-v2-29sheets/assets/templates/actor_guard-v1.png,63eec078c24d344d05ed6378f0abeea6cd77182aa552d8876a67fb4b6443491f,rejected,,규칙 4: V2 설치에서 선택되지 않음(설치된 V2 워커 시트와 픽셀이 다름) (2026-09-27 정리) · actor_guard-v1.png와 동일 바이트(정본: wave5a/candidates-v1/assets/templates/actor_guard-v1.png),
wave5a,wave5a/candidates-v2-29sheets/assets/templates/actor_logger-v1.png,068a499ba76e17760dcbd6ac81ed19a99673864dc7eba28b4b339d7ae2740f77,rejected,,규칙 4: V2 설치에서 선택되지 않음(설치된 V2 워커 시트와 픽셀이 다름) (2026-09-27 정리) · actor_logger-v1.png와 동일 바이트(정본: wave5a/candidates-v1/assets/templates/actor_logger-v1.png),
wave5a,wave5a/candidates-v2-29sheets/assets/templates/actor_merchant-v1.png,0e97168a4354235204fcf777056e037dafa59c517ec293d569b97e09020b08ce,rejected,,규칙 4: V2 설치에서 선택되지 않음(설치된 V2 워커 시트와 픽셀이 다름) (2026-09-27 정리) · actor_merchant-v1.png와 동일 바이트(정본: wave5a/candidates-v1/assets/templates/actor_merchant-v1.png),
wave5a,wave5a/candidates-v2-29sheets/proofs/01-overlap-summary.png,97cf805455fe0f5b674ca437cd4ec85bbd4a0372c8be95f8d01c304c6b7c0943,rejected,,규칙 4: V2 설치에서 선택되지 않음(설치된 V2 워커 시트와 픽셀이 다름) · 확인 그림 (2026-09-27 정리),
wave5a,wave5a/candidates-v2-29sheets/proofs/02-street-candidates.png,1200ea9e676308f4efce36c258e7cc5990d45bce108b1f56d8c2605915a7f849,rejected,,규칙 4: V2 설치에서 선택되지 않음(설치된 V2 워커 시트와 픽셀이 다름) · 확인 그림 (2026-09-27 정리),
wave5a,wave5a/candidates-v2-29sheets/proofs/03-winter-overlay.png,d4cd34de1244de625c9d86daf9c5f8d8cc5248dd6192f4b41d0e531228fcce0e,rejected,,규칙 4: V2 설치에서 선택되지 않음(설치된 V2 워커 시트와 픽셀이 다름) · 확인 그림 (2026-09-27 정리) · 03-winter-overlay.png와 동일 바이트(정본: wave5a/candidates-v1/proofs/03-winter-overlay.png),
wave5a,wave5a/candidates-v2-29sheets/records/all-sheets-review.png,ba1071bceedf77cd7ef5feaf6171a7fc16324275f87bf7b2e696518adb7a40b1,rejected,,규칙 4: V2 설치에서 선택되지 않음(설치된 V2 워커 시트와 픽셀이 다름) · 기록 그림 (2026-09-27 정리),
wave5a,wave5a/candidates-v2-29sheets/records/props-inspection.png,9fb831070807c9637c81e57527675d0296f1c97d9699f5b0dd15ef550efe7564,rejected,,규칙 4: V2 설치에서 선택되지 않음(설치된 V2 워커 시트와 픽셀이 다름) · 기록 그림 (2026-09-27 정리) · props-inspection.png와 동일 바이트(정본: wave5a/candidates-v1/records/props-inspection.png),
wave5a,wave5a/overlays/overlay_cloak_f-v1.png,6747d58058ce03fca8e5923d9408cfaf763c42ad1bdc49f06a54aa2035600ab1,confirmed,,설치됨 · 설치 확인: public/assets/walker-props-v1/overlay_cloak_f-v1.png,V2
wave5a,wave5a/overlays/overlay_cloak_m-v1.png,75ec7c0c4f806c3593d5ce685d4e4991b7a8c193a884d5cde6b5e4ae89e5a02e,confirmed,,설치됨 · 설치 확인: public/assets/walker-props-v1/overlay_cloak_m-v1.png,V2
wave5a,wave5a/portraits/pt_pilot_P1-v1.png,4fe32158e0ecdb7c4855d1d554a586e112f4bf6f5dd58c08a6cd18442870eaef,confirmed,,"인물 파일럿 초상(E단계 확정, 기록용) · pt_pilot_P1-v1.png와 동일 바이트(정본: people-pilot1/candidates-v1/assets/portraits/pt_pilot_P1-v1.png)",
wave5a,wave5a/portraits/pt_pilot_P2-v1.png,ed135a79818c45849c1183b52171e9b1df2dd3308e74344a8d62b4cdc6e75de8,confirmed,,"인물 파일럿 초상(E단계 확정, 기록용) · pt_pilot_P2-v1.png와 동일 바이트(정본: people-pilot1/candidates-v1/assets/portraits/pt_pilot_P2-v1.png)",
wave5a,wave5a/portraits/pt_pilot_P3-v1.png,0746eda8ed908e17c462eb47432af741bd06940bcaedff54ba96d88c02d7fd4d,confirmed,,"인물 파일럿 초상(E단계 확정, 기록용) · pt_pilot_P3-v1.png와 동일 바이트(정본: people-pilot1/candidates-v1/assets/portraits/pt_pilot_P3-v1.png)",
wave5a,wave5a/portraits/pt_pilot_P4-v1.png,d54d2f383d119f85667c5b4993b7fd607e3bc3be9c8fd7bbb9a6f81848b6b2be,confirmed,,"인물 파일럿 초상(E단계 확정, 기록용) · pt_pilot_P4-v1.png와 동일 바이트(정본: people-pilot1/candidates-v1/assets/portraits/pt_pilot_P4-v1.png)",
wave5a,wave5a/portraits/pt_pilot_P5-v1.png,f38fd1c9242ed411811e112d400903aac4940a7f93ee3364d6527fad9c95deac,confirmed,,"인물 파일럿 초상(E단계 확정, 기록용) · pt_pilot_P5-v1.png와 동일 바이트(정본: people-pilot1/candidates-v1/assets/portraits/pt_pilot_P5-v1.png)",
wave5a,wave5a/portraits/pt_pilot_P6-v1.png,de4de4daeb5e69207222a693498fabc2c4054b2e96e4a491415f3a0e85db00ad,confirmed,,"인물 파일럿 초상(E단계 확정, 기록용) · pt_pilot_P6-v1.png와 동일 바이트(정본: people-pilot1/candidates-v1/assets/portraits/pt_pilot_P6-v1.png)",
wave5a,wave5a/props/held_bundle_cloth_NE-v1.png,f5c03a73b48efeb4db8dfbcf7dff67c23085bb7caf151257dc0c3308fa526d41,confirmed,,설치됨 · 설치 확인: public/assets/walker-props-v1/held_bundle_cloth_NE-v1.png,V2
wave5a,wave5a/props/held_bundle_cloth_NW-v1.png,a93092a4a8bcf4e6ac846079e52a505c7e58e46d2be26999a1bacc5a7974e244,confirmed,,설치됨 · 설치 확인: public/assets/walker-props-v1/held_bundle_cloth_NW-v1.png,V2
wave5a,wave5a/props/held_bundle_cloth_SE-v1.png,7727c535d2173f94161014b2af926c2c71f72a6cdafd105c21538f379676287f,confirmed,,설치됨 · 설치 확인: public/assets/walker-props-v1/held_bundle_cloth_SE-v1.png,V2
wave5a,wave5a/props/held_bundle_cloth_SW-v1.png,0cd86076a1b64ff38b885cffab6039b64a3fca38342737426376bd6dd297f962,confirmed,,설치됨 · 설치 확인: public/assets/walker-props-v1/held_bundle_cloth_SW-v1.png,V2
wave5a,wave5a/props/held_bundle_wool_NE-v1.png,d9ea899186bf4696e004e51dcde854f9551b61f90afb03b24a51c53a7d3b27bb,confirmed,,설치됨 · 설치 확인: public/assets/walker-props-v1/held_bundle_wool_NE-v1.png,V2
wave5a,wave5a/props/held_bundle_wool_NW-v1.png,d1175f7db963a02cbaa6445d0b6ec79dcd785a1d7c24294f1029f7324a09818c,confirmed,,설치됨 · 설치 확인: public/assets/walker-props-v1/held_bundle_wool_NW-v1.png,V2
wave5a,wave5a/props/held_bundle_wool_SE-v1.png,a51276d466addc063574371fe8c9d9b60b6c506de52aacce0e18c220ba26b757,confirmed,,설치됨 · 설치 확인: public/assets/walker-props-v1/held_bundle_wool_SE-v1.png,V2
wave5a,wave5a/props/held_bundle_wool_SW-v1.png,cd08f23b21dcad33e1c8c374d3cee4961ec7f475a7535766af6f7e6e1997e707,confirmed,,설치됨 · 설치 확인: public/assets/walker-props-v1/held_bundle_wool_SW-v1.png,V2
wave5a,wave5a/props/held_jug_NE-v1.png,286d35cf86075fc443926eb115adb3ea3fb7d0956bc9ac3647d78d6a6dc01c29,confirmed,,설치됨 · 설치 확인: public/assets/walker-props-v1/held_jug_NE-v1.png,V2
wave5a,wave5a/props/held_jug_NW-v1.png,88e73a297d4c44afb0e0c340b68345903375bc5d10dcfef11e3a5a99c6a2267b,confirmed,,설치됨 · 설치 확인: public/assets/walker-props-v1/held_jug_NW-v1.png,V2
wave5a,wave5a/props/held_jug_SE-v1.png,1dd5b154ab541914c896c72063f6359eb25fef620390f70cdc117eeb4d4a4b2c,confirmed,,설치됨 · 설치 확인: public/assets/walker-props-v1/held_jug_SE-v1.png,V2
wave5a,wave5a/props/held_jug_SW-v1.png,5698bfd33a0b8a7c0071a39928d3ba236fd8f1887ee397b1c84238876a6e0b42,confirmed,,설치됨 · 설치 확인: public/assets/walker-props-v1/held_jug_SW-v1.png,V2
wave5a,wave5a/props/held_loaf_NE-v1.png,dbd3dc7cf6cdb513d96c6a7ab9c80ec70ec7159abe915b07fc7fbbf68be1d7be,confirmed,,설치됨 · 설치 확인: public/assets/walker-props-v1/held_loaf_NE-v1.png,V2
wave5a,wave5a/props/held_loaf_NW-v1.png,2fb98ccf9a6943c47ffd14fd963a5e66fa0362e60c5915d7adce5da96de9baf6,confirmed,,설치됨 · 설치 확인: public/assets/walker-props-v1/held_loaf_NW-v1.png,V2
wave5a,wave5a/props/held_loaf_SE-v1.png,e916bc47c4455e75618d895a5f294837251155a5c4377c72992ab9131219115f,confirmed,,설치됨 · 설치 확인: public/assets/walker-props-v1/held_loaf_SE-v1.png,V2
wave5a,wave5a/props/held_loaf_SW-v1.png,de1109a608fa414032120ed6fcf470f2dfa943cd74ea5024a9a9626f1b3d01ea,confirmed,,설치됨 · 설치 확인: public/assets/walker-props-v1/held_loaf_SW-v1.png,V2
wave5a,wave5a/props/held_tool_axe_NE-v1.png,60759e58fdfb9f86b508e0eedc2ed36120140db8cc7228a07cba5f87598fa3c5,confirmed,,설치됨 · 설치 확인: public/assets/walker-props-v1/held_tool_axe_NE-v1.png,V2
wave5a,wave5a/props/held_tool_axe_NW-v1.png,9d5d59cac0b36c7106e50842a18147facff93473d188faaaabc9555177f25ada,confirmed,,설치됨 · 설치 확인: public/assets/walker-props-v1/held_tool_axe_NW-v1.png,V2
wave5a,wave5a/props/held_tool_axe_SE-v1.png,8ae76a91430274fcadbf1133eb6929a6c2cd06732c8173a671a6171e77057cdc,confirmed,,설치됨 · 설치 확인: public/assets/walker-props-v1/held_tool_axe_SE-v1.png,V2
wave5a,wave5a/props/held_tool_axe_SW-v1.png,8eef452c826f4832ae3e9b5219831b0db7d89d359042443a63ec8e878b5ca8c7,confirmed,,설치됨 · 설치 확인: public/assets/walker-props-v1/held_tool_axe_SW-v1.png,V2
wave5a,wave5a/props/held_tool_hammer_NE-v1.png,ef82913f1a25f2cec045a34b30fbb4eeda7d63e2e7e43699ba3af5ab6559792e,confirmed,,설치됨 · 설치 확인: public/assets/walker-props-v1/held_tool_hammer_NE-v1.png,V2
wave5a,wave5a/props/held_tool_hammer_NW-v1.png,f0f4a57253fac1c758e8e9d48c163c61d1768ec89b6f1b45e75b567eac7b98b3,confirmed,,설치됨 · 설치 확인: public/assets/walker-props-v1/held_tool_hammer_NW-v1.png,V2
wave5a,wave5a/props/held_tool_hammer_SE-v1.png,ac048acbb4d61ebd004137dac74e7f00d15214e288dad95ef26fffe5679b673c,confirmed,,설치됨 · 설치 확인: public/assets/walker-props-v1/held_tool_hammer_SE-v1.png,V2
wave5a,wave5a/props/held_tool_hammer_SW-v1.png,2e6cf985c4f6823d4b618652a761cec3f4fdc19fd8fb9a6fb44c3808a41e4677,confirmed,,설치됨 · 설치 확인: public/assets/walker-props-v1/held_tool_hammer_SW-v1.png,V2
wave5a,wave5a/workers/wk_artisan_f_01-v1.png,4ae87eee25ebaf58f97f2d22dc56d3bcbe856d989d8dd1f05cfc356c0dd0818f,confirmed,,설치됨 · 설치 확인: public/assets/walkers-v2/wk_artisan_f_01-v1.png,V2
wave5a,wave5a/workers/wk_artisan_f_02-v1.png,f7e8a46821fa75c9a0c30f77d7b6766f01ff076513b5df7fdb676151a626e8f8,confirmed,,설치됨 · 설치 확인: public/assets/walkers-v2/wk_artisan_f_02-v1.png,V2
wave5a,wave5a/workers/wk_artisan_m_01-v1.png,7f659fc914232263330e9cc8304ce062a634026f3c549fa67aad56c7c6f17ce3,confirmed,,설치됨 · 설치 확인: public/assets/walkers-v2/wk_artisan_m_01-v1.png,V2
wave5a,wave5a/workers/wk_artisan_m_02-v1.png,0434e9612a7a8fed5377f96ae4b203813d8f58bd1073cd4863908565220ed465,confirmed,,설치됨 · 설치 확인: public/assets/walkers-v2/wk_artisan_m_02-v1.png,V2
wave5a,wave5a/workers/wk_gentry_f_01-v1.png,53d6876864409effe8d30e00e5f7c7d17ccac6cb2076372ae36be173276ce38c,confirmed,,설치됨 · 설치 확인: public/assets/walkers-v2/wk_gentry_f_01-v1.png,V2
wave5a,wave5a/workers/wk_gentry_m_01-v1.png,f95e250aa0f9f4f6e7599f10f73e58dad286267f31b31a6ec9d7f3ef69b45881,confirmed,,설치됨 · 설치 확인: public/assets/walkers-v2/wk_gentry_m_01-v1.png,V2
wave5a,wave5a/workers/wk_labor_f_01-v1.png,091b07a907a51653ce35cfaa14a6a20f049c0be9dabcb93b9cdaf6338f202c4a,confirmed,,설치됨 · 설치 확인: public/assets/walkers-v2/wk_labor_f_01-v1.png,V2
wave5a,wave5a/workers/wk_labor_f_02-v1.png,20f59c9dc894aaf2b3bdbd9f960c93558064509433cb7140c49974f45f288c86,confirmed,,설치됨 · 설치 확인: public/assets/walkers-v2/wk_labor_f_02-v1.png,V2
wave5a,wave5a/workers/wk_labor_m_01-v1.png,fd3ac60196ff7c6dd671babcb38e0b891dadb50161342fd4e43c4766e2440e2c,confirmed,,설치됨 · 설치 확인: public/assets/walkers-v2/wk_labor_m_01-v1.png,V2
wave5a,wave5a/workers/wk_labor_m_02-v1.png,a720df0c5c8711aa0f0ae8525a481acfc1077bffbedac38ad1b107fd6076f2b4,confirmed,,설치됨 · 설치 확인: public/assets/walkers-v2/wk_labor_m_02-v1.png,V2
wave5a,wave5a/workers/wk_labor_m_03-v1.png,ed4729dc8dc7b13616a67e532e46b1501cb6b207813f997b2d4816ac7b8965b5,confirmed,,설치됨 · 설치 확인: public/assets/walkers-v2/wk_labor_m_03-v1.png,V2
wave5a,wave5a/workers/wk_merchant_f_01-v1.png,c394ebc1c9e2e123f7468b28dfaa93f7910ddb5d717424bda59df1a6d50ccc17,confirmed,,설치됨 · 설치 확인: public/assets/walkers-v2/wk_merchant_f_01-v1.png,V2
wave5a,wave5a/workers/wk_merchant_f_02-v1.png,e18ad92a5c323fed4d77215f90e99dac3bbfd280c9e26479d104fc8817c39450,confirmed,,설치됨 · 설치 확인: public/assets/walkers-v2/wk_merchant_f_02-v1.png,V2
wave5a,wave5a/workers/wk_merchant_m_01-v1.png,20a01d076bcbdaa0b9ec731568a1f8f16698412c57c37c8765664c416f3f6841,confirmed,,설치됨 · 설치 확인: public/assets/walkers-v2/wk_merchant_m_01-v1.png,V2
wave5a,wave5a/workers/wk_merchant_m_02-v1.png,ed0bfce9a15c4b1d58267aff5dcb98594076d169ad8783193dd14942c01015db,confirmed,,설치됨 · 설치 확인: public/assets/walkers-v2/wk_merchant_m_02-v1.png,V2
wave5a,wave5a/workers/wk_monk_m_01-v1.png,235cddbd2da74a5b93f905fabb825cba291e7fd6e7a754c6ba4d6502dc59aca6,confirmed,,설치됨 · 설치 확인: public/assets/walkers-v2/wk_monk_m_01-v1.png,V2
wave5a,wave5a/workers/wk_nun_f_01-v1.png,d8d3db12959a56d37b43175a68b834bb38524ed266d781c0f4ca014a7eb960a1,confirmed,,설치됨 · 설치 확인: public/assets/walkers-v2/wk_nun_f_01-v1.png,V2
wave5a,wave5a/workers/wk_poor_f_01-v1.png,c926894acd62ef14ad5c8b91905487e2112c7cbff8478100b2aa29324c5143a2,confirmed,,설치됨 · 설치 확인: public/assets/walkers-v2/wk_poor_f_01-v1.png,V2
wave5a,wave5a/workers/wk_poor_m_01-v1.png,0703b5d13c646c8c2459711505abeebdfb9df0bd620894820588985118d59bc9,confirmed,,설치됨 · 설치 확인: public/assets/walkers-v2/wk_poor_m_01-v1.png,V2
wave5a,wave5a/workers/wk_priest_m_01-v1.png,87cc0643daed82c6581fd311559076f3375e041d57104618c5c04278d4c5a0cd,confirmed,,설치됨 · 설치 확인: public/assets/walkers-v2/wk_priest_m_01-v1.png,V2
wave5a,wave5a/workers/wk_servant_f_01-v1.png,b1f96ea81d1a40dff38c8d786c35018c754a38e039eb8b8420b1164dfc241cb3,confirmed,,설치됨 · 설치 확인: public/assets/walkers-v2/wk_servant_f_01-v1.png,V2
wave5a,wave5a/workers/wk_servant_f_02-v1.png,0f2fff24fa2799d292197e6a9c032498a5c4c31cbdf415eb88973df09d3a2e7a,confirmed,,설치됨 · 설치 확인: public/assets/walkers-v2/wk_servant_f_02-v1.png,V2
wave5a,wave5a/workers/wk_servant_m_01-v1.png,af105d802ad07536672eacdc7d335dbc51fd75d25cec9050113c4b55030f297c,confirmed,,설치됨 · 설치 확인: public/assets/walkers-v2/wk_servant_m_01-v1.png,V2
wave5a,wave5a/workers/wk_servant_m_02-v1.png,0398aec751b4ceac9ee0d28bcdb007f2a35e364f8e63053a33708c8f31f7e3bf,confirmed,,설치됨 · 설치 확인: public/assets/walkers-v2/wk_servant_m_02-v1.png,V2
wave5a,wave5a/workers/wk_textile_f_01-v1.png,082b9ebaa10b3130e44dc27c24d10ed040e5394706548af36ead95eb34edefd6,confirmed,,설치됨 · 설치 확인: public/assets/walkers-v2/wk_textile_f_01-v1.png,V2
wave5a,wave5a/workers/wk_textile_f_02-v1.png,3c7d5b5162075f2d3460e4e3ae868c273cf1c68f21fd4edb1e99fe2840143439,confirmed,,설치됨 · 설치 확인: public/assets/walkers-v2/wk_textile_f_02-v1.png,V2
wave5a,wave5a/workers/wk_textile_m_01-v1.png,6fa5630ba419848d87b3278aa39ba9c62c00c60e291ebec0c9ec716776cb42e0,confirmed,,설치됨 · 설치 확인: public/assets/walkers-v2/wk_textile_m_01-v1.png,V2
wave5a,wave5a/workers/wk_visitor_f_01-v1.png,fd30ddc63ee3044bc1b63456cc84931b3e0147bec3ad14a6243b03e31c7d65e4,confirmed,,설치됨 · 설치 확인: public/assets/walkers-v2/wk_visitor_f_01-v1.png,V2
wave5a,wave5a/workers/wk_visitor_m_01-v1.png,d4e909efe533c239101ba66043d38fa384a09092fd1e29302aa8a4b5b9acd7e7,confirmed,,설치됨 · 설치 확인: public/assets/walkers-v2/wk_visitor_m_01-v1.png,V2
wave5b,wave5b/A/actor_child-v1.png,2b7d062bca95d54a3432c22e1305fec35b4af55d30568f2b3fcd0255e5e5bbd5,rejected,,아이·노인 자유 생성 시트 보행 교대 실패(README),
wave5b,wave5b/A/actor_elder_f-v1.png,1b971366f09fc81159916b283cb043c7043923aacdf81866e06083109242caa7,rejected,,아이·노인 자유 생성 시트 보행 교대 실패(README),
wave5b,wave5b/A/actor_elder_m-v1.png,9a28a8614125b2f94de0362055d3b996c5fe4d1c76574e327b8240f29ea88544,rejected,,아이·노인 자유 생성 시트 보행 교대 실패(README),
wave5b,wave5b/A/checks/01-walk-pairs.png,70057912c7d7a5242fdd44eeb4d037e0c4f23d6abfbcd7c810a389876177f8fb,rejected,,A 시트 확인 그림,
wave5b,wave5b/A/checks/02-direction-scale.png,5c9737f3ccf39a6733dc88544cd416b262036eeb9ca5a68be164665629a7843e,rejected,,A 시트 확인 그림,
wave5b,wave5b/B/checks/01-original-reconstruction.png,7eb23b8aaa3e206496e7d0bea3b70878b3c1e17dfdd20f001777ae198749a1ba,rejected,,방식 전환: 레이어 합성 → 완성 초상 풀(판정 2026-09-26) · 확인 그림 · 이전 상태 candidate,
wave5b,wave5b/B/checks/02-age-overlay.png,28041c45a88abbccce66eaa5bd4c3e354b15e41cdb9387b47bd5aa64d172d8e7,rejected,,방식 전환: 레이어 합성 → 완성 초상 풀(판정 2026-09-26) · 확인 그림 · 이전 상태 candidate,
wave5b,wave5b/B/checks/03-hat-gown.png,9bfe420991dd2a548b45613046185268da32a1ee8fbc326785c1a3d8a0491efa,rejected,,방식 전환: 레이어 합성 → 완성 초상 풀(판정 2026-09-26) · 확인 그림 · 이전 상태 candidate,
wave5b,wave5b/B/checks/04-mask-colors.png,00bc165437bf8c3043dca761ad04f2275aeb2df3eb63c993b930a403c4207ed2,rejected,,방식 전환: 레이어 합성 → 완성 초상 풀(판정 2026-09-26) · 확인 그림 · 이전 상태 candidate,
wave5b,wave5b/B/layers/pt_age_m_old-v1.png,2cf41372873a032fe3e79562535053937125b624d1f9b0fae744eccce930a8f7,rejected,,방식 전환: 레이어 합성 → 완성 초상 풀(판정 2026-09-26) · 이전 상태 candidate,
wave5b,wave5b/B/layers/pt_beard_m_01-v1.png,aec3ecb19f8a78e87e37633484786240b67b588a5e1bf0e2e73f3064a94e9b1a,rejected,,방식 전환: 레이어 합성 → 완성 초상 풀(판정 2026-09-26) · 이전 상태 candidate,
wave5b,wave5b/B/layers/pt_face_m_01-v1.png,0c7a217d8f5d73d9983711161ecccc1e95769056007cd1ce80cc8646c7f15e98,rejected,,방식 전환: 레이어 합성 → 완성 초상 풀(판정 2026-09-26) · 이전 상태 candidate,
wave5b,wave5b/B/layers/pt_garment_merchant_gown-v1.png,2fe477abc332084146de4d9417fa3c02f5d06a2c3a6b5d24fc4d0befb02e38cb,rejected,,방식 전환: 레이어 합성 → 완성 초상 풀(판정 2026-09-26) · 이전 상태 candidate,
wave5b,wave5b/B/layers/pt_garment_work_tunic-v1.png,12dd9a29fcea65b6b89e72881c362d5ff9c3ed1059815d03aed8d75f825a11ae,rejected,,방식 전환: 레이어 합성 → 완성 초상 풀(판정 2026-09-26) · 이전 상태 candidate,
wave5b,wave5b/B/layers/pt_garment_work_tunic-v1_mask.png,e8afe55ebe3669d55eed4e1e94578059da22628444e40cde42836965b56ab064,rejected,,방식 전환: 레이어 합성 → 완성 초상 풀(판정 2026-09-26) · 이전 상태 candidate,
wave5b,wave5b/B/layers/pt_hair_m_grey_01-v1.png,58bae01a3fc7698c95f357c965c651a984e1d21ddab35f4632a7bd40c0a15809,rejected,,방식 전환: 레이어 합성 → 완성 초상 풀(판정 2026-09-26) · 이전 상태 candidate,
wave5b,wave5b/B/layers/pt_hair_m_grey_01_rear-v1.png,b82cd163a0760057c5cb755310ead1c8611e6033cdc1af10ee08502f39cc694b,rejected,,방식 전환: 레이어 합성 → 완성 초상 풀(판정 2026-09-26) · 이전 상태 candidate,
wave5b,wave5b/B/layers/pt_hair_m_short_01-v1.png,f72f77356eb8aa2ec069b89afd537e6725ad70a1a943943df6eb1f255b6ae37b,rejected,,방식 전환: 레이어 합성 → 완성 초상 풀(판정 2026-09-26) · 이전 상태 candidate,
wave5b,wave5b/B/layers/pt_hair_m_short_01_rear-v1.png,c4e69c1c7ddf51c5b91638e61c79c176b7f246618e2c90aaec52116e2a2ee1e1,rejected,,방식 전환: 레이어 합성 → 완성 초상 풀(판정 2026-09-26) · 이전 상태 candidate,
wave5b,wave5b/B/layers/pt_hat_brim-v1.png,2ef24b95d8041cc67bd0e9e132d1d37930b1e231194dfb660c926421ac942e91,rejected,,방식 전환: 레이어 합성 → 완성 초상 풀(판정 2026-09-26) · 이전 상태 candidate,
wave5b,wave5b/B/layers/pt_hood-v1.png,61ed71ae27cd284ef9e6ae2ce19e749220c131794b5974eeff901d5578b79131,rejected,,방식 전환: 레이어 합성 → 완성 초상 풀(판정 2026-09-26) · 이전 상태 candidate,
wave5b,wave5b/candidates-20260925/assets/A/attempts/child_frame0_duplicated_input.png,9140f1c06d051bed87cce572d2e67a2182fbae04fecd88378bbd46fd6e10cb05,rejected,,A 시트 시도본(보관만),
wave5b,wave5b/candidates-20260925/assets/A/attempts/child_from_frame0_feet_only_native.png,1b9a99349ec3745f534e00dc0a3b06224d622c0dc606cab050245b2b1b38d3c8,rejected,,A 시트 시도본(보관만) · C2PA caBX 포함(받은 바이트 그대로),
wave5b,wave5b/candidates-20260925/assets/A/attempts/child_from_frame0_feet_only_normalized.png,b24ccc64c11bdb51bb18188a20b6d70ea5c4f20852252a9854cc9e34551210de,rejected,,A 시트 시도본(보관만),
wave5b,wave5b/candidates-20260925/assets/A/attempts/child_initial_failed.png,cdfda89f4568e7cd675700fa1787053024413aeb2702807bbd2d5edf7110cbad,rejected,,A 시트 시도본(보관만),
wave5b,wave5b/candidates-20260925/assets/A/attempts/elder-f-from-frame0-feet-redraw-failed.png,819d758707720c45a354849802cc0bc199b1200b8ee95f37749c58ebdae36a45,rejected,,A 시트 시도본(보관만),
wave5b,wave5b/candidates-20260925/assets/A/attempts/elder-f-native-gait-failed.png,c199dd5f28073105f5baeda1f277bf6d6858d29d3a04715598dc30c628f19ad1,rejected,,A 시트 시도본(보관만),
wave5b,wave5b/candidates-20260925/assets/A/attempts/elder-m-attempt-1.png,b7a73092e55b86c6ef9a94229955d84f74bbb6e094afa518cdfdf9d2c7ec1dc1,rejected,,A 시트 시도본(보관만),
wave5b,wave5b/candidates-20260925/assets/A/attempts/elder-m-attempt-2.png,1d62e4162851cf16aff663ee9b7e6bcf1033409a3b4654da2d682589a41abfb5,rejected,,A 시트 시도본(보관만),
wave5b,wave5b/candidates-20260925/assets/A/attempts/elder-m-attempt-3.png,dafd0ced18ea1c80182f3e69327b11480596813705058f00586dd7f9617d5349,rejected,,A 시트 시도본(보관만),
wave5b,wave5b/candidates-20260925/assets/A/attempts/elder-m-attempt-5.png,e9fa88bdff3555d066bc47d0726d50c9986a6a04c4f5a4b0b744e0bbdb5f4d45,rejected,,A 시트 시도본(보관만),
wave5b,wave5b/candidates-20260925/assets/A/attempts/elder-m-frame0-duplicated-input.png,b110c8817458c32c642181872090b36140591f0ddb5fb56b277be089a4715320,rejected,,A 시트 시도본(보관만),
wave5b,wave5b/candidates-20260925/assets/reused/held_staff_NE-v1.png,e654121218d3390e8b09ac28b30360320bb4bd93bf1c1c7659a0e9fff0ec57f6,superseded,walker-pilot2/candidates-v1/assets/props/held_staff_NE-v1.png,"다른 Wave 중복 — walker-pilot2/candidates-v1/assets/props/held_staff_NE-v1.png와 같은 바이트 (2026-09-27 판정) · 정리 때 비고: 규칙 밖: walker-pilot2/candidates-v1/assets/props/의 확정본과 같은 바이트(다른 Wave 중복) — 중복 표시 제안 · 이전 비고: 재사용 소품(held_staff, 워커 파일럿 2와 같은 계열) — 판정 전 · held_staff_NE-v1.png와 동일 바이트(정본: walker-pilot2/candidates-v1/assets/props/held_staff_NE-v1.png)",
wave5b,wave5b/candidates-20260925/assets/reused/held_staff_NW-v1.png,5411c7d3489b8897065607b2a76048804fcce36dbde0c19da202677e5a5b97b7,superseded,walker-pilot2/candidates-v1/assets/props/held_staff_NW-v1.png,"다른 Wave 중복 — walker-pilot2/candidates-v1/assets/props/held_staff_NW-v1.png와 같은 바이트 (2026-09-27 판정) · 정리 때 비고: 규칙 밖: walker-pilot2/candidates-v1/assets/props/의 확정본과 같은 바이트(다른 Wave 중복) — 중복 표시 제안 · 이전 비고: 재사용 소품(held_staff, 워커 파일럿 2와 같은 계열) — 판정 전 · held_staff_NW-v1.png와 동일 바이트(정본: walker-pilot2/candidates-v1/assets/props/held_staff_NW-v1.png)",
wave5b,wave5b/candidates-20260925/assets/reused/held_staff_SE-v1.png,c55421365b9e9c3748c374a9ee97acbf828d589a6d9b93196860ec6e30f123d6,superseded,walker-pilot2/candidates-v1/assets/props/held_staff_SE-v1.png,"다른 Wave 중복 — walker-pilot2/candidates-v1/assets/props/held_staff_SE-v1.png와 같은 바이트 (2026-09-27 판정) · 정리 때 비고: 규칙 밖: walker-pilot2/candidates-v1/assets/props/의 확정본과 같은 바이트(다른 Wave 중복) — 중복 표시 제안 · 이전 비고: 재사용 소품(held_staff, 워커 파일럿 2와 같은 계열) — 판정 전 · held_staff_SE-v1.png와 동일 바이트(정본: walker-pilot2/candidates-v1/assets/props/held_staff_SE-v1.png)",
wave5b,wave5b/candidates-20260925/assets/reused/held_staff_SW-v1.png,fc49cf1abb510a737750b7b13e4e1b26d547e897772bb03e5babe3b27b0d40fc,superseded,walker-pilot2/candidates-v1/assets/props/held_staff_SW-v1.png,"다른 Wave 중복 — walker-pilot2/candidates-v1/assets/props/held_staff_SW-v1.png와 같은 바이트 (2026-09-27 판정) · 정리 때 비고: 규칙 밖: walker-pilot2/candidates-v1/assets/props/의 확정본과 같은 바이트(다른 Wave 중복) — 중복 표시 제안 · 이전 비고: 재사용 소품(held_staff, 워커 파일럿 2와 같은 계열) — 판정 전 · held_staff_SW-v1.png와 동일 바이트(정본: walker-pilot2/candidates-v1/assets/props/held_staff_SW-v1.png)",
wave5c,wave5c/candidates-20260925/assets/actors/wk_child_f_01-v1.png,a8ddff1cf198dbac1606f739b450f06969a7a116661f5de112b395942b5a8c40,confirmed,,"판정표: confirmed, 설치 INSTALL-5c · INSTALL-5c가 public/assets에 같은 바이트로 설치",INSTALL-5c
wave5c,wave5c/candidates-20260925/assets/actors/wk_child_f_02-v1.png,85f48c179ace72804705910d60d804a12bc6705e4784e3a83a62a853f0830287,confirmed,,"판정표: confirmed, 설치 INSTALL-5c · INSTALL-5c가 public/assets에 같은 바이트로 설치",INSTALL-5c
wave5c,wave5c/candidates-20260925/assets/actors/wk_child_m_01-v1.png,7d696a0d530e95b63f91965c5e57843f4abbbea2e3d009c993cec2504bd8089d,confirmed,,"판정표: confirmed, 설치 INSTALL-5c · INSTALL-5c가 public/assets에 같은 바이트로 설치",INSTALL-5c
wave5c,wave5c/candidates-20260925/assets/actors/wk_child_m_02-v1.png,d4f23c093d9dea2ee81b9cde6e34c48c72aebc99609610a971d6e7b858e16e6d,confirmed,,"판정표: confirmed, 설치 INSTALL-5c · INSTALL-5c가 public/assets에 같은 바이트로 설치",INSTALL-5c
wave5c,wave5c/candidates-20260925/assets/actors/wk_elder_f_01-v1.png,846cfdc955ce5c9f0a4d29bd53e0848a7893694570c7c27ad6c8a62a4d11adc9,confirmed,,"판정표: confirmed, 설치 INSTALL-5c · INSTALL-5c가 public/assets에 같은 바이트로 설치",INSTALL-5c
wave5c,wave5c/candidates-20260925/assets/actors/wk_elder_f_02-v1.png,4de53017b97ffba24e91e0d42057c4d9d5a6c78f081ec503e6a1dfbc2923adbc,confirmed,,"판정표: confirmed, 설치 INSTALL-5c · INSTALL-5c가 public/assets에 같은 바이트로 설치",INSTALL-5c
wave5c,wave5c/candidates-20260925/assets/actors/wk_elder_m_01-v1.png,6e5a58e4cb9d1413a76b3eb93c557f1fc9a4045c141cc49baed3ea9ed7179a12,confirmed,,"판정표: confirmed, 설치 INSTALL-5c · INSTALL-5c가 public/assets에 같은 바이트로 설치",INSTALL-5c
wave5c,wave5c/candidates-20260925/assets/actors/wk_elder_m_02-v1.png,57c60fa33495d0b2182aee495e404eb7094f993446761d29ae7aabfc9f0a90fe,confirmed,,"판정표: confirmed, 설치 INSTALL-5c · INSTALL-5c가 public/assets에 같은 바이트로 설치",INSTALL-5c
wave5c,wave5c/candidates-20260925/assets/wall/stone_gate_v3_nesw-v1.png,2866d5585412c6e800c2eb352ca49c142d0b8bbc21fe3d1c4c88bd1012499477,confirmed,,"판정표: confirmed, 설치 INSTALL-5c · INSTALL-5c가 public/assets에 같은 바이트로 설치",INSTALL-5c
wave5c,wave5c/candidates-20260925/assets/wall/stone_gate_v3_nwse-v1.png,925bf39f9a3d3f502746c456b9bd415bcc2bf99fd9b4bb754f89a28409248952,confirmed,,"판정표: confirmed, 설치 INSTALL-5c · INSTALL-5c가 public/assets에 같은 바이트로 설치",INSTALL-5c
wave5c,wave5c/candidates-20260925/assets/wall/stone_pillar_135_b-v1.png,ca8baa075919e19bf3110f6af55b5857457ac7a64a28c283ea0e3e90e2320d59,confirmed,,"판정표: confirmed, 설치 INSTALL-5c · INSTALL-5c가 public/assets에 같은 바이트로 설치",INSTALL-5c
wave5c,wave5c/candidates-20260925/assets/wall/stone_pillar_135_c-v1.png,7b4d30dad6624afcd9defb170ebad58c6bb2695a1787a32fdac7d3d3676c302c,confirmed,,"판정표: confirmed, 설치 INSTALL-5c · INSTALL-5c가 public/assets에 같은 바이트로 설치",INSTALL-5c
wave5c,wave5c/candidates-20260925/assets/water/shallow_d-v1.png,d2b7ac6176234520edf3fa1cf6e6db1c759bfe21fb7d35c2bff9cf84f2d5a71a,confirmed,,"판정표: confirmed, 설치 INSTALL-5c · INSTALL-5c가 public/assets에 같은 바이트로 설치",INSTALL-5c
wave5c,wave5c/candidates-20260925/assets/water/shallow_e-v1.png,d1cb037c4f479309d10ba6dda34bcc3cf927ab7e3a09b4d301a70a00508291fc,confirmed,,"판정표: confirmed, 설치 INSTALL-5c · INSTALL-5c가 public/assets에 같은 바이트로 설치",INSTALL-5c
wave5c,wave5c/candidates-20260925/proofs/checks/01-actors-overlay-street.png,e5d601b5024407c9270b3889ecb89ed8c0c1b3e3cc8380b3c03b372f1c43315e,confirmed,,"판정표: confirmed, 설치 INSTALL-5c",
wave5c,wave5c/candidates-20260925/proofs/checks/02-gates-wall-sockets.png,71c6a2a66f36db0a9431154bddb016a092be5a6d359a80c1e5daf1d1634df009,confirmed,,"판정표: confirmed, 설치 INSTALL-5c",
wave5c,wave5c/candidates-20260925/proofs/checks/03-water-cross-section-repeat.png,45411ba71ae3cf20c8b0208daf4ec0ce51919087dd539bb09deae9416b60e3a1,confirmed,,"판정표: confirmed, 설치 INSTALL-5c",
wave6,wave6/candidates-20260925/assets/construction/pile_stone_1-v1.png,6eccadacc0a526ea5797aad0a235b8c431c7d96b78db6469f67e2a82e398a295,confirmed,,"판정표: confirmed, 설치 F0-V · F0-V가 public/assets에 같은 바이트로 설치",F0-V
wave6,wave6/candidates-20260925/assets/construction/pile_stone_2-v1.png,9acb35c320345bf2fba46230de5fc68d9264eabdb38901166cdd38bc81767b29,confirmed,,"판정표: confirmed, 설치 F0-V · F0-V가 public/assets에 같은 바이트로 설치",F0-V
wave6,wave6/candidates-20260925/assets/construction/pile_stone_3-v1.png,19402246f37d5f018a81c6cca23097cf7b7ef81a677dae8d0cd6690a0738cd37,confirmed,,"판정표: confirmed, 설치 F0-V · F0-V가 public/assets에 같은 바이트로 설치",F0-V
wave6,wave6/candidates-20260925/assets/construction/pile_wood_1-v1.png,49bed4b5afece8675f1aba0c38db21380d2e094223687c93224ca4577c957973,confirmed,,"판정표: confirmed, 설치 F0-V · F0-V가 public/assets에 같은 바이트로 설치",F0-V
wave6,wave6/candidates-20260925/assets/construction/pile_wood_2-v1.png,b1837da835d86b26185495dcfa4134a718695e1621444279afa34c00c3dac740,confirmed,,"판정표: confirmed, 설치 F0-V · F0-V가 public/assets에 같은 바이트로 설치",F0-V
wave6,wave6/candidates-20260925/assets/construction/pile_wood_3-v1.png,086d178a6d2b0b42ef11e55b5ea943527c2beacdcfd36c5af12d4b32d63ba3a4,confirmed,,"판정표: confirmed, 설치 F0-V · F0-V가 public/assets에 같은 바이트로 설치",F0-V
wave6,wave6/candidates-20260925/assets/construction/roof_frame_thatch-v1.png,2c056010140ca03d325ac8f59c77158b6902a960108c2417430e445fb340f6d0,confirmed,,"판정표: confirmed, 설치 F0-V · F0-V가 public/assets에 같은 바이트로 설치",F0-V
wave6,wave6/candidates-20260925/assets/construction/sign_post-v1.png,17a96d09797190d9e72b0fb03cb1670396d352b72facc760c08faf8de769ec50,confirmed,,"판정표: confirmed, 설치 F0-V · F0-V가 public/assets에 같은 바이트로 설치",F0-V
wave6,wave6/candidates-20260925/assets/construction/well_stages-v1.png,7a7e28d44d3b428999dee62d93123d36a56ea80bea51ba070bccf875a2f2ac5b,confirmed,,"판정표: confirmed, 설치 F0-V · F0-V가 public/assets에 같은 바이트로 설치",F0-V
wave6,wave6/candidates-20260925/assets/fx/completion_burst-v1.png,a68a6d7b7809c9580d073732ec94dfc0566d220e90b8ec1af620b6e3a5469819,confirmed,,"판정표: confirmed, 설치 F0-V · F0-V가 public/assets에 같은 바이트로 설치",F0-V
wave6,wave6/candidates-20260925/assets/fx/dust_puff.png,a6f20fa6fd632e40d04327c13597e1d1441cbe78e0b93438c58b4f4aea4bb2cb,confirmed,,"판정표: confirmed, 설치 F0-V · F0-V가 public/assets에 같은 바이트로 설치",F0-V
wave6,wave6/candidates-20260925/assets/fx/fire_large.png,6adee08c013e2787a26d22e74d99524538b7a9677b301cabbd7a5af4ccfaed82,confirmed,,"판정표: confirmed, 설치 F0-V · F0-V가 public/assets에 같은 바이트로 설치",F0-V
wave6,wave6/candidates-20260925/assets/fx/fire_small.png,babdeb0fed0ecf95afdab7c1f1babf1b7c39eab16583c08a778730f842fc98d1,confirmed,,"판정표: confirmed, 설치 F0-V · F0-V가 public/assets에 같은 바이트로 설치",F0-V
wave6,wave6/candidates-20260925/assets/fx/hammer_sparks-v1.png,35a57939f22c0e9c83d9741207e14793daa17618829196395727ddf546dc2c28,confirmed,,"판정표: confirmed, 설치 F0-V · F0-V가 public/assets에 같은 바이트로 설치",F0-V
wave6,wave6/candidates-20260925/assets/fx/smoke_chimney_a.png,c97e586fdcb4715e36884847261b2c1ffaa38232eaf48383bac5022492b68053,confirmed,,"판정표: confirmed, 설치 F0-V · F0-V가 public/assets에 같은 바이트로 설치",F0-V
wave6,wave6/candidates-20260925/assets/fx/smoke_chimney_b.png,c7a11a4c16074095ec81ff89034c444df002283c184041744db19bb67f34654d,confirmed,,"판정표: confirmed, 설치 F0-V · F0-V가 public/assets에 같은 바이트로 설치",F0-V
wave6,wave6/candidates-20260925/assets/marker/stake_empty_plot.png,a6a002b7fe937ca51c5c18475f5fd252954322d6366e0e39fbc80c6da2a10e1e,confirmed,,"판정표: confirmed, 설치 F0-V · F0-V가 public/assets에 같은 바이트로 설치",F0-V
wave6,wave6/candidates-20260925/assets/work/work_carry_beam-v1.png,3ae96c8dc596e9fe8960c010162096c0a2d7a722e17a0ac08262a8c3869c6257,confirmed,,"판정표: confirmed, 설치 F0-V · F0-V가 public/assets에 같은 바이트로 설치",F0-V
wave6,wave6/candidates-20260925/assets/work/work_hammer-v1.png,7886872606b93a40432457d094bab2179bc7da6257896356cbbb0963065ff652,confirmed,,"판정표: confirmed, 설치 F0-V · F0-V가 public/assets에 같은 바이트로 설치",F0-V
wave6,wave6/candidates-20260925/assets/work/work_pose_overlay_m.png,6f6006cf3974fd0b65bc2026c37556c9e857aaf589ac427c2934777004723222,confirmed,,"판정표: confirmed, 설치 F0-V · F0-V가 public/assets에 같은 바이트로 설치",F0-V
wave6,wave6/candidates-20260925/assets/work/work_shovel-v1.png,6ecf6a1cc7ffa3bb6f953ce3578c8f03f503f8b3f967484dbb30d0e84bc5950b,confirmed,,"판정표: confirmed, 설치 F0-V · F0-V가 public/assets에 같은 바이트로 설치",F0-V
wave6,wave6/candidates-20260925/assets/work/work_sickle-v1.png,347cd0f5a5b46f0b627856dae9c1d47ef8c5fd1e40aa3eb3b5166b059e85708c,confirmed,,"판정표: confirmed, 설치 F0-V · F0-V가 public/assets에 같은 바이트로 설치",F0-V
wave6,wave6/candidates-20260925/proofs/checks/01-construction-material-stages.png,79dbcd0d73a03244f3529d2986730d710f5b43dcc050b8bd1c77081d1f8cb270,confirmed,,"판정표: confirmed, 설치 F0-V",
wave6,wave6/candidates-20260925/proofs/checks/02-workers-props-overlay.png,91c7ba3f40e154aac053a108015cec84b50e261b0d710d3349f2489bf2117991,confirmed,,"판정표: confirmed, 설치 F0-V",
wave6,wave6/candidates-20260925/proofs/checks/03-effects-plot-placement.png,9efd27434a4490b8387735b0db84be83a8a7d458468f05dd1e74a5f9d3e1dca8,confirmed,,"판정표: confirmed, 설치 F0-V",
wave7,wave7/candidates-v1/assets/cart_load_bread_ne-v1.png,e1a55c9991a2366d3ef5fab4b2aa3538395fd0ab55daeffa7e707c15384d897b,confirmed,,Wave 7 확정 · 설치 예정 INSTALL-7(본선 93d0f32 public/assets에서 같은 바이트 미발견),INSTALL-7
wave7,wave7/candidates-v1/assets/cart_load_bread_nw-v1.png,72b21c39c3eba87d87a30327bb8ae35873218ac01ed31b260f044f234725d86c,confirmed,,Wave 7 확정 · 설치 예정 INSTALL-7(본선 93d0f32 public/assets에서 같은 바이트 미발견),INSTALL-7
wave7,wave7/candidates-v1/assets/cart_load_grainsack_ne-v1.png,61b5e8545e1719608c3ae16ea04d78fb71b54fc69b5e7befcc31c18b7dcb96c9,confirmed,,Wave 7 확정 · 설치 예정 INSTALL-7(본선 93d0f32 public/assets에서 같은 바이트 미발견),INSTALL-7
wave7,wave7/candidates-v1/assets/cart_load_grainsack_nw-v1.png,5259ce23d09617005064098161c1460b99219e46c94e64371ec6b307ac2a4cbe,confirmed,,Wave 7 확정 · 설치 예정 INSTALL-7(본선 93d0f32 public/assets에서 같은 바이트 미발견),INSTALL-7
wave7,wave7/candidates-v1/assets/cart_load_log_ne-v1.png,73c5fcde0050e5c83398a68b691a9f051054ade8f9df69b1fc9d5d96c2803c73,confirmed,,Wave 7 확정 · 설치 예정 INSTALL-7(본선 93d0f32 public/assets에서 같은 바이트 미발견),INSTALL-7
wave7,wave7/candidates-v1/assets/cart_load_log_nw-v1.png,a19d1bfad456494a858c59f9a9c14483cf045c584c64c590708c6552c075ec5d,confirmed,,Wave 7 확정 · 설치 예정 INSTALL-7(본선 93d0f32 public/assets에서 같은 바이트 미발견),INSTALL-7
wave7,wave7/candidates-v1/assets/cart_load_rawstone_ne-v1.png,777c24284823f4cbbae8aa53ff7e453fc83ca988efa0ba36b7b15a0219ffe228,confirmed,,Wave 7 확정 · 설치 예정 INSTALL-7(본선 93d0f32 public/assets에서 같은 바이트 미발견),INSTALL-7
wave7,wave7/candidates-v1/assets/cart_load_rawstone_nw-v1.png,b43cc7ffc5a2a50402d31a7bfc52a6dd0ad9c18b41d358ddaf6065326fbfe1f8,confirmed,,Wave 7 확정 · 설치 예정 INSTALL-7(본선 93d0f32 public/assets에서 같은 바이트 미발견),INSTALL-7
wave7,wave7/candidates-v1/assets/cart_load_stone_ne-v1.png,823cfc3797a48aee83d4e88ef6eb0670c27e2b9a86fda3fdca04385f93ccacd6,confirmed,,Wave 7 확정 · 설치 예정 INSTALL-7(본선 93d0f32 public/assets에서 같은 바이트 미발견),INSTALL-7
wave7,wave7/candidates-v1/assets/cart_load_stone_nw-v1.png,ed7816104ecff8b7b6d8338ed37570836e9a0a3202279bcecdad4a8d6d863fcf,confirmed,,Wave 7 확정 · 설치 예정 INSTALL-7(본선 93d0f32 public/assets에서 같은 바이트 미발견),INSTALL-7
wave7,wave7/candidates-v1/assets/cart_load_timber_ne-v1.png,c21201698e5f6046994bf17e9d393334334c528afb59ff99e2bf8f0fa1240076,superseded,wave7/rework-v1/assets/cart_load_timber_ne-v2.png,v1 → 재작업 v2,
wave7,wave7/candidates-v1/assets/cart_load_timber_nw-v1.png,0b328e92214cee1f25ce450b06f84870acea9a4e0d5ec2466310e341555f07de,superseded,wave7/rework-v1/assets/cart_load_timber_nw-v2.png,v1 → 재작업 v2,
wave7,wave7/candidates-v1/assets/construction/roof_frame_large-v1.png,eff6f14b6e1086736bad05cc2c25b22f99d53e02daa9ddb69dcdf80c25f58f08,confirmed,,Wave 7 확정 · 설치 예정 INSTALL-7(본선 93d0f32 public/assets에서 같은 바이트 미발견),INSTALL-7
wave7,wave7/candidates-v1/assets/construction/roof_frame_medium-v1.png,5d616fc8944c7cdddc20e04f5349913569c2b8765a1698c5ad610f60667dccb3,confirmed,,Wave 7 확정 · 설치 예정 INSTALL-7(본선 93d0f32 public/assets에서 같은 바이트 미발견),INSTALL-7
wave7,wave7/candidates-v1/assets/construction/roof_frame_small-v1.png,a6c6daf7b9ccaa7711c5e6b7f8ce5ca1b18b8789644a0a99b1e9a9aaf843a634,confirmed,,Wave 7 확정 · 설치 예정 INSTALL-7(본선 93d0f32 public/assets에서 같은 바이트 미발견),INSTALL-7
wave7,wave7/candidates-v1/assets/construction/roof_frame_stone_large-v1.png,2c03c7424370aa49cd0608441911d7c1f07a694bf21a29fa7868919f9a9d136a,confirmed,,Wave 7 확정 · 설치 예정 INSTALL-7(본선 93d0f32 public/assets에서 같은 바이트 미발견),INSTALL-7
wave7,wave7/candidates-v1/assets/fx/dust_puff_sheet-v1.png,2dc9999684cd1f98b2deae413a0299ffae5f18e20ac628f1797e88bdfa428f24,confirmed,,Wave 7 확정 · 설치 예정 INSTALL-7(본선 93d0f32 public/assets에서 같은 바이트 미발견),INSTALL-7
wave7,wave7/candidates-v1/assets/fx/oven_smoke_sheet-v1.png,ed8908e615b055c78c1cb499687e878d40482c4bd45a7d5f7de40756bf94aeb2,confirmed,,Wave 7 확정 · 설치 예정 INSTALL-7(본선 93d0f32 public/assets에서 같은 바이트 미발견),INSTALL-7
wave7,wave7/candidates-v1/assets/fx/plus_float-v1.png,f685df2c2bc140c77515e05b348ecffa5a1eccd5d46b77f21685f87e67e861bd,confirmed,,Wave 7 확정 · 설치 예정 INSTALL-7(본선 93d0f32 public/assets에서 같은 바이트 미발견),INSTALL-7
wave7,wave7/candidates-v1/assets/fx/roof_smoke_sheet-v1.png,5e3860c88899051dd82b0a4ca7b0a2e97092decdbb4d9591dceef9d0628047b0,confirmed,,Wave 7 확정 · 설치 예정 INSTALL-7(본선 93d0f32 public/assets에서 같은 바이트 미발견),INSTALL-7
wave7,wave7/candidates-v1/assets/fx/roof_smoke_weak_sheet-v1.png,9d409f147a5273bce371743533ff9e48a75b428d1e544b974e09b92c7b207823,confirmed,,Wave 7 확정 · 설치 예정 INSTALL-7(본선 93d0f32 public/assets에서 같은 바이트 미발견),INSTALL-7
wave7,wave7/candidates-v1/assets/overlay/boarded_l0-v1.png,673473f17ddbf083a47ac4f55b829a4a5dbdad96f287315cce98735752210f90,superseded,wave7/rework-v1/assets/overlay/boarded_l0-v2.png,v1 → 재작업 v2,
wave7,wave7/candidates-v1/assets/overlay/boarded_l1-v1.png,2995ed6a7f33af59794dd56aeae3e944a32cf5ecd3e246640c922859b7122dbc,superseded,wave7/rework-v1/assets/overlay/boarded_l1-v2.png,v1 → 재작업 v2,
wave7,wave7/candidates-v1/assets/overlay/boarded_l2-v1.png,7cd345f4cf53a03f2e933130d3288382cfbf86e56bfb127f216f3eaa0ce0d59b,superseded,wave7/rework-v1/assets/overlay/boarded_l2-v2.png,v1 → 재작업 v2,
wave7,wave7/candidates-v1/assets/overlay/boarded_l3-v1.png,fed66223de7d985856560026d4db3799db5532a55740154db0a8252845a58e13,superseded,wave7/rework-v1/assets/overlay/boarded_l3-v2.png,v1 → 재작업 v2,
wave7,wave7/candidates-v1/assets/overlay/boarded_l4-v1.png,012a36efd4cdb9c1ccd799134687ccefa0467fa512911939f0a8f4624354312a,superseded,wave7/rework-v1/assets/overlay/boarded_l4-v2.png,v1 → 재작업 v2,
wave7,wave7/candidates-v1/assets/pile/bread_1-v1.png,c67efa51d469410d0f86c1d34acbe0a1f51872ea8c2028410274db083befb73c,confirmed,,Wave 7 확정 · 설치 예정 INSTALL-7(본선 93d0f32 public/assets에서 같은 바이트 미발견),INSTALL-7
wave7,wave7/candidates-v1/assets/pile/bread_2-v1.png,4f3d3556ca4769e0f6df232c968bad01e3bf14121958c8a590ea21f3ba954e05,confirmed,,Wave 7 확정 · 설치 예정 INSTALL-7(본선 93d0f32 public/assets에서 같은 바이트 미발견),INSTALL-7
wave7,wave7/candidates-v1/assets/pile/bread_3-v1.png,21a0532eaa45c7c636c94a31ace06e82084edaa0e1e9869af973c1eb93c06eaa,confirmed,,Wave 7 확정 · 설치 예정 INSTALL-7(본선 93d0f32 public/assets에서 같은 바이트 미발견),INSTALL-7
wave7,wave7/candidates-v1/assets/pile/crates_1-v1.png,f40f5216d05b9c874da2529eeab26b4385213180411e88aac856ea26e9f853a3,confirmed,,Wave 7 확정 · 설치 예정 INSTALL-7(본선 93d0f32 public/assets에서 같은 바이트 미발견),INSTALL-7
wave7,wave7/candidates-v1/assets/pile/crates_2-v1.png,953450fa1776e7d5b0b6d0ba73b2fc4aac405028dcf952af150e78d997953fd7,confirmed,,Wave 7 확정 · 설치 예정 INSTALL-7(본선 93d0f32 public/assets에서 같은 바이트 미발견),INSTALL-7
wave7,wave7/candidates-v1/assets/pile/crates_3-v1.png,9d3b9f13544386d591e61d5c9dfe6f80d35580513b9a6d26e4d882263a6b822a,confirmed,,Wave 7 확정 · 설치 예정 INSTALL-7(본선 93d0f32 public/assets에서 같은 바이트 미발견),INSTALL-7
wave7,wave7/candidates-v1/assets/pile/sacks_1-v1.png,38492b235bf33f0ed22a4d64e7972875624e37b3409a07137f8445abbc19aebf,confirmed,,Wave 7 확정 · 설치 예정 INSTALL-7(본선 93d0f32 public/assets에서 같은 바이트 미발견),INSTALL-7
wave7,wave7/candidates-v1/assets/pile/sacks_2-v1.png,1873413fd1cf056a5cb15413c232454375646eab4db057b372e480a5bd180654,confirmed,,Wave 7 확정 · 설치 예정 INSTALL-7(본선 93d0f32 public/assets에서 같은 바이트 미발견),INSTALL-7
wave7,wave7/candidates-v1/assets/pile/sacks_3-v1.png,037edff3ea80d0e99ddcccfa88676a14aecd0a7be937c446f961d278213e87d4,confirmed,,Wave 7 확정 · 설치 예정 INSTALL-7(본선 93d0f32 public/assets에서 같은 바이트 미발견),INSTALL-7
wave7,wave7/candidates-v1/assets/pile/sheaves_1-v1.png,4d9bdf6878b9c3537c5b044c489ebb53705efe9e32f924db1ced5c1d37d63656,confirmed,,Wave 7 확정 · 설치 예정 INSTALL-7(본선 93d0f32 public/assets에서 같은 바이트 미발견),INSTALL-7
wave7,wave7/candidates-v1/assets/pile/sheaves_2-v1.png,b9d0d6d71adbeabee33b7c6d216e3697accf2c656d2951bfb69cac1528f58b0b,confirmed,,Wave 7 확정 · 설치 예정 INSTALL-7(본선 93d0f32 public/assets에서 같은 바이트 미발견),INSTALL-7
wave7,wave7/candidates-v1/assets/pile/sheaves_3-v1.png,d213bcc5a66fc9d9de0c9247b1a268532dbf7a14a67be6471bb6b1560165671a,confirmed,,Wave 7 확정 · 설치 예정 INSTALL-7(본선 93d0f32 public/assets에서 같은 바이트 미발견),INSTALL-7
wave7,wave7/candidates-v1/assets/season/dry_grass_a-v1.png,cce298bda39108b56dd88c4928f6602a793b101aebcde00d9f3f428f5f1c16a6,confirmed,,Wave 7 확정 · 설치 예정 INSTALL-7(본선 93d0f32 public/assets에서 같은 바이트 미발견),INSTALL-7
wave7,wave7/candidates-v1/assets/season/dry_grass_b-v1.png,29335eacb6e128c5f4b4c4d2e0c8b00cf83be23b00ba45f5bb43523e122756c4,confirmed,,Wave 7 확정 · 설치 예정 INSTALL-7(본선 93d0f32 public/assets에서 같은 바이트 미발견),INSTALL-7
wave7,wave7/candidates-v1/assets/season/frost_patch_a-v1.png,63f13f63e4bbaec71c343e4b1e0eee4a841c4b9285e1b643f0fc8568538efc0b,superseded,wave7/rework-v1/assets/season/frost_patch_a-v2.png,v1 → 재작업 v2,
wave7,wave7/candidates-v1/assets/season/frost_patch_b-v1.png,c04d5b287510ca2518201cc1589a794c3662597240181913a70dc1e7a288206b,superseded,wave7/rework-v1/assets/season/frost_patch_b-v2.png,v1 → 재작업 v2,
wave7,wave7/candidates-v1/assets/season/frost_patch_c-v1.png,526b7c8b0c1f48a04a544682a5b3ef5e961f5b333aa174caa03266874b0339bb,superseded,wave7/rework-v1/assets/season/frost_patch_c-v2.png,v1 → 재작업 v2,
wave7,wave7/candidates-v1/assets/season/leaves_a-v1.png,95f8a92da9c6a7476666d70aaeac444005d50c6dcaced9740b92d3880b0cc0be,confirmed,,Wave 7 확정 · 설치 예정 INSTALL-7(본선 93d0f32 public/assets에서 같은 바이트 미발견),INSTALL-7
wave7,wave7/candidates-v1/assets/season/leaves_b-v1.png,46655eb8036284018d0e3b7a8e4250ef0408f604cb275c74bd3cfbe0d5975222,confirmed,,Wave 7 확정 · 설치 예정 INSTALL-7(본선 93d0f32 public/assets에서 같은 바이트 미발견),INSTALL-7
wave7,wave7/candidates-v1/assets/season/leaves_c-v1.png,ae47f56c0b476891280101cf0d3b9ca3aa2a46a72cfb644894ed0cbfb39ab84d,confirmed,,Wave 7 확정 · 설치 예정 INSTALL-7(본선 93d0f32 public/assets에서 같은 바이트 미발견),INSTALL-7
wave7,wave7/candidates-v1/assets/season/roof_snow_l0-v1.png,fda2da780fff502d3b338c6a878b1cf736a1f344d8bac98219f4f2551eb24ad5,superseded,wave7/rework-v1/assets/season/roof_snow_l0-v2.png,v1 → 재작업 v2,
wave7,wave7/candidates-v1/assets/season/roof_snow_l1-v1.png,cf412403704556649635b4f66e1ad5a8a31e85c1572bfd65d33b811f8daf779c,superseded,wave7/rework-v1/assets/season/roof_snow_l1-v2.png,v1 → 재작업 v2,
wave7,wave7/candidates-v1/assets/season/roof_snow_l2-v1.png,427197edf0f73d74e483783c1f7fe45919e0f53df9a03ad2969813a5db3b0ae8,superseded,wave7/rework-v1/assets/season/roof_snow_l2-v2.png,v1 → 재작업 v2,
wave7,wave7/candidates-v1/assets/season/roof_snow_l3-v1.png,a050ca439ba87692ae9897c45f48f78086b846dc6987037316bd2f5be7a67ca6,superseded,wave7/rework-v1/assets/season/roof_snow_l3-v2.png,v1 → 재작업 v2,
wave7,wave7/candidates-v1/assets/season/roof_snow_l4-v1.png,c01fcd139f7cec68d505c92e318e66fe09d3bccdc628bef24cf55ab1d2f8ad81,superseded,wave7/rework-v1/assets/season/roof_snow_l4-v2.png,v1 → 재작업 v2,
wave7,wave7/candidates-v1/assets/signifier/bar_latch-v1.png,8286cbc0adc7372f003435b84911dcdf82676cfa3d1a197f08ebf0c395bc3b52,superseded,wave7/rework-v1/assets/signifier/bar_latch-v2.png,v1 → 재작업 v2,
wave7,wave7/candidates-v1/assets/signifier/bundle_family_prop-v1.png,5f6c0e398558500d1919e91e6713854b1c1202569bb73942dcfd3b90a2fbd4d2,superseded,wave7/rework-v1/assets/signifier/bundle_family_prop-v2.png,v1 → 재작업 v2,
wave7,wave7/candidates-v1/assets/signifier/empty_stall-v1.png,9d324d415a60378d5b5dd97f66c2ba1967d36467d8432ef69432666cae0baec6,confirmed,,Wave 7 확정 · 설치 예정 INSTALL-7(본선 93d0f32 public/assets에서 같은 바이트 미발견),INSTALL-7
wave7,wave7/candidates-v1/assets/signifier/footprints_dotted_ne-v1.png,71fe52b2ab1eb55942295366e0f99ad8d22414f4faf9785b2fbe56dd66ef6cbf,confirmed,,Wave 7 확정 · 설치 예정 INSTALL-7(본선 93d0f32 public/assets에서 같은 바이트 미발견),INSTALL-7
wave7,wave7/candidates-v1/assets/signifier/footprints_dotted_nw-v1.png,3b7bf6b5095f11422be98d3f463902b7aadbfc581c14c3857e710f8ad700f3a3,confirmed,,Wave 7 확정 · 설치 예정 INSTALL-7(본선 93d0f32 public/assets에서 같은 바이트 미발견),INSTALL-7
wave7,wave7/candidates-v1/assets/signifier/tall_grass_plot-v1.png,2d833bc79c3e5ccd9e1ea21223c1306662495272e779d53f67d4835a2a4f06a2,confirmed,,Wave 7 확정 · 설치 예정 INSTALL-7(본선 93d0f32 public/assets에서 같은 바이트 미발견),INSTALL-7
wave7,wave7/candidates-v1/assets/work/work_breadbasket_ne-v1.png,2f219d63408a4c1e356d58bc796b6f63a0dea8e0505866af8252445ea7f1a2ff,confirmed,,Wave 7 확정 · 설치 예정 INSTALL-7(본선 93d0f32 public/assets에서 같은 바이트 미발견),INSTALL-7
wave7,wave7/candidates-v1/assets/work/work_breadbasket_nw-v1.png,04a014a39bab168cdeb8540e6d4a9ca91212c8aed17d2827d121be3b33e621ab,confirmed,,Wave 7 확정 · 설치 예정 INSTALL-7(본선 93d0f32 public/assets에서 같은 바이트 미발견),INSTALL-7
wave7,wave7/candidates-v1/assets/work/work_breadbasket_se-v1.png,c56c9280ea4b9dce4d8457450324187a222e358c4185f513548cb4581311c01a,confirmed,,Wave 7 확정 · 설치 예정 INSTALL-7(본선 93d0f32 public/assets에서 같은 바이트 미발견),INSTALL-7
wave7,wave7/candidates-v1/assets/work/work_breadbasket_sw-v1.png,a3d3e0dfd823e7d61967cc64c787832fef994391266151f5887d18beead0fd82,confirmed,,Wave 7 확정 · 설치 예정 INSTALL-7(본선 93d0f32 public/assets에서 같은 바이트 미발견),INSTALL-7
wave7,wave7/candidates-v1/assets/work/work_coinpurse_ne-v1.png,42fc3abed3a8c2af45110ba6ea00e57fac19bacc1b6c25edb19e183fde9c394d,confirmed,,Wave 7 확정 · 설치 예정 INSTALL-7(본선 93d0f32 public/assets에서 같은 바이트 미발견),INSTALL-7
wave7,wave7/candidates-v1/assets/work/work_coinpurse_nw-v1.png,32481a696f8b6e5cfbf4cac5e9c85ec9f6b463feb0a9406fa47ecc0af8c3946c,confirmed,,Wave 7 확정 · 설치 예정 INSTALL-7(본선 93d0f32 public/assets에서 같은 바이트 미발견),INSTALL-7
wave7,wave7/candidates-v1/assets/work/work_coinpurse_se-v1.png,753d8ad70c6af33a2bf7dc7dbcc4bc6afe8d0ea47a81b275e1c1e72116523f83,confirmed,,Wave 7 확정 · 설치 예정 INSTALL-7(본선 93d0f32 public/assets에서 같은 바이트 미발견),INSTALL-7
wave7,wave7/candidates-v1/assets/work/work_coinpurse_sw-v1.png,4f6a193aeabf86548df5d757661a19e6123e58a61d795aa90d50a74371cd3a07,confirmed,,Wave 7 확정 · 설치 예정 INSTALL-7(본선 93d0f32 public/assets에서 같은 바이트 미발견),INSTALL-7
wave7,wave7/candidates-v1/assets/work/work_plough_ne-v1.png,33846aea809254bc7eb1a62a10408aa9144042196226236b2b63e66bce231536,confirmed,,Wave 7 확정 · 설치 예정 INSTALL-7(본선 93d0f32 public/assets에서 같은 바이트 미발견),INSTALL-7
wave7,wave7/candidates-v1/assets/work/work_plough_nw-v1.png,3e9dc4694b4195f6b2c8807fe6be8f5609c550893dfa5e0bfe1cf0fba6289e39,confirmed,,Wave 7 확정 · 설치 예정 INSTALL-7(본선 93d0f32 public/assets에서 같은 바이트 미발견),INSTALL-7
wave7,wave7/candidates-v1/assets/work/work_plough_se-v1.png,314f2952b89e9c70fb79b8544437669378e3ea3fc5e4a97601304c4e2b99da50,confirmed,,Wave 7 확정 · 설치 예정 INSTALL-7(본선 93d0f32 public/assets에서 같은 바이트 미발견),INSTALL-7
wave7,wave7/candidates-v1/assets/work/work_plough_sw-v1.png,1b6cc9945f2abe4ae18a9faded31a8314666a202e7dedb2e5d1cd992e0a304f9,confirmed,,Wave 7 확정 · 설치 예정 INSTALL-7(본선 93d0f32 public/assets에서 같은 바이트 미발견),INSTALL-7
wave7,wave7/candidates-v1/assets/work/work_seedbag_ne-v1.png,b06c459787020082fe83180f7f3be9abbd44f7460826ca59860e40008e54e41d,confirmed,,Wave 7 확정 · 설치 예정 INSTALL-7(본선 93d0f32 public/assets에서 같은 바이트 미발견),INSTALL-7
wave7,wave7/candidates-v1/assets/work/work_seedbag_nw-v1.png,9b3be7ea1a878188c2897a3fbe1b5589e660008e9ba20637590d9c161d616c5a,confirmed,,Wave 7 확정 · 설치 예정 INSTALL-7(본선 93d0f32 public/assets에서 같은 바이트 미발견),INSTALL-7
wave7,wave7/candidates-v1/assets/work/work_seedbag_se-v1.png,9f36ef0c6d5917ef587f0959ee9759f8ff217f5b14afb3fe163c20ea2a18e242,confirmed,,Wave 7 확정 · 설치 예정 INSTALL-7(본선 93d0f32 public/assets에서 같은 바이트 미발견),INSTALL-7
wave7,wave7/candidates-v1/assets/work/work_seedbag_sw-v1.png,f06f5d16949ddfb3e946c1fde007601ff1f65cadff73bc00848ea0f43df5487c,confirmed,,Wave 7 확정 · 설치 예정 INSTALL-7(본선 93d0f32 public/assets에서 같은 바이트 미발견),INSTALL-7
wave7,wave7/candidates-v1/assets/work/work_waterbucket_ne-v1.png,2f3c91633a8b1f22af4a1ac975f52d789ebe9fc9f85d88b34eb697b5870fee4d,confirmed,,Wave 7 확정 · 설치 예정 INSTALL-7(본선 93d0f32 public/assets에서 같은 바이트 미발견),INSTALL-7
wave7,wave7/candidates-v1/assets/work/work_waterbucket_nw-v1.png,38f531423f4cdcf64b1b163069098cfd4817aa3281fae0c07e7ade1f2212448e,confirmed,,Wave 7 확정 · 설치 예정 INSTALL-7(본선 93d0f32 public/assets에서 같은 바이트 미발견),INSTALL-7
wave7,wave7/candidates-v1/assets/work/work_waterbucket_se-v1.png,a4be5ef4235b848dd8e630da16c4c5753dee98478a213deac8d2f27e1c0dc77f,confirmed,,Wave 7 확정 · 설치 예정 INSTALL-7(본선 93d0f32 public/assets에서 같은 바이트 미발견),INSTALL-7
wave7,wave7/candidates-v1/assets/work/work_waterbucket_sw-v1.png,816b4dae6bc9d45e4878bad2aced091fd4fcc219836d6454a5e1a3a7893c9ff1,confirmed,,Wave 7 확정 · 설치 예정 INSTALL-7(본선 93d0f32 public/assets에서 같은 바이트 미발견),INSTALL-7
wave7,wave7/candidates-v1/proofs/01-wheat-bread-home-chain.png,61c1d489a2d871b5b4f90e0dd468194b8760ab43f8f538d04083617d57a285f6,confirmed,,확인 그림,
wave7,wave7/candidates-v1/proofs/02-cart-loads.png,5be34b697cb0ca41c348ed1f09301fc2dd88a5ad34b026326e2068077a0adea9,confirmed,,확인 그림,
wave7,wave7/candidates-v1/proofs/03-winter-street.png,022a5081e8bd6559df8fdadcea8abde6365a88a5e520743ed03449c09a40eae8,confirmed,,확인 그림,
wave7,wave7/candidates-v1/proofs/04-world-signifiers.png,f2c608d1f102733240e3ee32ea17e14eeef490e4a94e3396767e884067586888,confirmed,,확인 그림,
wave7,wave7/candidates-v1/records/effects-all-03.png,3dee1be98a0fa170705aa7280ffceb1f3dfcf5e0657b770dac750b782fa8bf28,confirmed,,기록 그림,
wave7,wave7/candidates-v1/records/effects-frame-representative-03.png,51eac303f36c8697a2a95a53962af881c18b2bf8a45ed076eabfd46c8a081109,confirmed,,기록 그림,
wave7,wave7/candidates-v1/records/effects-frame-representative.png,9c6e95d998f636f0c4afff913b4c0a00a295a31f798574d3ed0399f8cbbccbd3,confirmed,,기록 그림,
wave7,wave7/candidates-v1/records/effects-representative-03.png,628e7b8b525e4082ba85c68fed67898b14c126e8fb22d0bd937979e063f1a45f,confirmed,,기록 그림,
wave7,wave7/candidates-v1/records/loads-width-study.png,2533ce7d23d9907115ac9007781c7cb618cea3592c8d1b196c0da4d7a460025d,confirmed,,기록 그림,
wave7,wave7/candidates-v1/records/piles-contact-sheet.png,550bfa7ce39f00032ff20cd3fee4a3489d8e0d48885b428654e5e042b2ec8b5c,confirmed,,기록 그림,
wave7,wave7/candidates-v1/records/piles-context-03.png,67bb28d52713be68cd0f9c369f13b71239f931286cb3c6262326ec6202a713d5,confirmed,,기록 그림,
wave7,wave7/candidates-v1/records/piles-representative-context-03.png,91f096803998934e166a5bf9b7216b60db65b3821548c3bbf5066df270114bc6,confirmed,,기록 그림,
wave7,wave7/candidates-v1/records/props-breadbasket-representative.png,f15b045f0b14a7f27a9c7cb913fe6f5c6391b7cf9ba4f4dfcdaf691ee5addbee,confirmed,,기록 그림,
wave7,wave7/candidates-v1/records/props-direction-sheet.png,9416b06ce125d5eb97ce00a60245bb295a379d4afd46e568ecff8abeedea4901,confirmed,,기록 그림,
wave7,wave7/candidates-v1/records/props-walker-directions.png,98f3b9260e280fad286da6eb46d294ad98b45bc4207d6824ca2e728f971cce3a,confirmed,,기록 그림,
wave7,wave7/candidates-v1/records/world-dry-grass-representative.png,19c527a5bd48731c88672353dbff4d84936134faa458b81b7ea4b859b3cffd7b,confirmed,,기록 그림,
wave7,wave7/candidates-v1/records/world-leaves-representative.png,84feda3388304d39b62bd77a451ef4f54fe001276adc91418a873d7f26d99e7d,confirmed,,기록 그림,
wave7,wave7/candidates-v1/records/world-representative.png,a4134dd6dc7439e844cde0083e5b07c491437e1decdcdf95ab51a451aeeb1416,confirmed,,기록 그림,
wave7,wave7/candidates-v1/records/world-season-inspection.png,8936f0b9e66b71a56df5e93db58e5fbccce46523b424a9dbc40ca357ace10ef7,confirmed,,기록 그림,
wave7,wave7/candidates-v1/records/world-signifier-representative.png,b267395be41c61a23970531a79a82de09a4645bd0910471de27e5a175a3a3283,confirmed,,기록 그림,
wave7,wave7/rework-v1/assets/cart_load_timber_ne-v2.png,a945a3d6ac517051e59ebf460fa5c5c2be2f7d2064ec6bb7502e16c388be9016,confirmed,,재작업 v2 · 설치 예정 INSTALL-7(본선 93d0f32 public/assets에서 같은 바이트 미발견),INSTALL-7
wave7,wave7/rework-v1/assets/cart_load_timber_nw-v2.png,c3a7cccc8c6b3d6783522688c4089297b9800e563c643f2c18a68ecf476e57a9,confirmed,,재작업 v2 · 설치 예정 INSTALL-7(본선 93d0f32 public/assets에서 같은 바이트 미발견),INSTALL-7
wave7,wave7/rework-v1/assets/original-assets/cart_load_bread_ne-v1.png,e1a55c9991a2366d3ef5fab4b2aa3538395fd0ab55daeffa7e707c15384d897b,confirmed,,재작업 묶음에 든 v1 원본 사본(재작업 대상 아님) · 설치 예정 INSTALL-7(본선 93d0f32 public/assets에서 같은 바이트 미발견) · cart_load_bread_ne-v1.png와 동일 바이트(정본: wave7/candidates-v1/assets/cart_load_bread_ne-v1.png),
wave7,wave7/rework-v1/assets/original-assets/cart_load_bread_nw-v1.png,72b21c39c3eba87d87a30327bb8ae35873218ac01ed31b260f044f234725d86c,confirmed,,재작업 묶음에 든 v1 원본 사본(재작업 대상 아님) · 설치 예정 INSTALL-7(본선 93d0f32 public/assets에서 같은 바이트 미발견) · cart_load_bread_nw-v1.png와 동일 바이트(정본: wave7/candidates-v1/assets/cart_load_bread_nw-v1.png),
wave7,wave7/rework-v1/assets/original-assets/cart_load_grainsack_ne-v1.png,61b5e8545e1719608c3ae16ea04d78fb71b54fc69b5e7befcc31c18b7dcb96c9,confirmed,,재작업 묶음에 든 v1 원본 사본(재작업 대상 아님) · 설치 예정 INSTALL-7(본선 93d0f32 public/assets에서 같은 바이트 미발견) · cart_load_grainsack_ne-v1.png와 동일 바이트(정본: wave7/candidates-v1/assets/cart_load_grainsack_ne-v1.png),
wave7,wave7/rework-v1/assets/original-assets/cart_load_grainsack_nw-v1.png,5259ce23d09617005064098161c1460b99219e46c94e64371ec6b307ac2a4cbe,confirmed,,재작업 묶음에 든 v1 원본 사본(재작업 대상 아님) · 설치 예정 INSTALL-7(본선 93d0f32 public/assets에서 같은 바이트 미발견) · cart_load_grainsack_nw-v1.png와 동일 바이트(정본: wave7/candidates-v1/assets/cart_load_grainsack_nw-v1.png),
wave7,wave7/rework-v1/assets/original-assets/cart_load_log_ne-v1.png,73c5fcde0050e5c83398a68b691a9f051054ade8f9df69b1fc9d5d96c2803c73,confirmed,,재작업 묶음에 든 v1 원본 사본(재작업 대상 아님) · 설치 예정 INSTALL-7(본선 93d0f32 public/assets에서 같은 바이트 미발견) · cart_load_log_ne-v1.png와 동일 바이트(정본: wave7/candidates-v1/assets/cart_load_log_ne-v1.png),
wave7,wave7/rework-v1/assets/original-assets/cart_load_log_nw-v1.png,a19d1bfad456494a858c59f9a9c14483cf045c584c64c590708c6552c075ec5d,confirmed,,재작업 묶음에 든 v1 원본 사본(재작업 대상 아님) · 설치 예정 INSTALL-7(본선 93d0f32 public/assets에서 같은 바이트 미발견) · cart_load_log_nw-v1.png와 동일 바이트(정본: wave7/candidates-v1/assets/cart_load_log_nw-v1.png),
wave7,wave7/rework-v1/assets/original-assets/cart_load_rawstone_ne-v1.png,777c24284823f4cbbae8aa53ff7e453fc83ca988efa0ba36b7b15a0219ffe228,confirmed,,재작업 묶음에 든 v1 원본 사본(재작업 대상 아님) · 설치 예정 INSTALL-7(본선 93d0f32 public/assets에서 같은 바이트 미발견) · cart_load_rawstone_ne-v1.png와 동일 바이트(정본: wave7/candidates-v1/assets/cart_load_rawstone_ne-v1.png),
wave7,wave7/rework-v1/assets/original-assets/cart_load_rawstone_nw-v1.png,b43cc7ffc5a2a50402d31a7bfc52a6dd0ad9c18b41d358ddaf6065326fbfe1f8,confirmed,,재작업 묶음에 든 v1 원본 사본(재작업 대상 아님) · 설치 예정 INSTALL-7(본선 93d0f32 public/assets에서 같은 바이트 미발견) · cart_load_rawstone_nw-v1.png와 동일 바이트(정본: wave7/candidates-v1/assets/cart_load_rawstone_nw-v1.png),
wave7,wave7/rework-v1/assets/original-assets/cart_load_stone_ne-v1.png,823cfc3797a48aee83d4e88ef6eb0670c27e2b9a86fda3fdca04385f93ccacd6,confirmed,,재작업 묶음에 든 v1 원본 사본(재작업 대상 아님) · 설치 예정 INSTALL-7(본선 93d0f32 public/assets에서 같은 바이트 미발견) · cart_load_stone_ne-v1.png와 동일 바이트(정본: wave7/candidates-v1/assets/cart_load_stone_ne-v1.png),
wave7,wave7/rework-v1/assets/original-assets/cart_load_stone_nw-v1.png,ed7816104ecff8b7b6d8338ed37570836e9a0a3202279bcecdad4a8d6d863fcf,confirmed,,재작업 묶음에 든 v1 원본 사본(재작업 대상 아님) · 설치 예정 INSTALL-7(본선 93d0f32 public/assets에서 같은 바이트 미발견) · cart_load_stone_nw-v1.png와 동일 바이트(정본: wave7/candidates-v1/assets/cart_load_stone_nw-v1.png),
wave7,wave7/rework-v1/assets/original-assets/cart_load_timber_ne-v1.png,c21201698e5f6046994bf17e9d393334334c528afb59ff99e2bf8f0fa1240076,superseded,wave7/rework-v1/assets/cart_load_timber_ne-v2.png,재작업 묶음에 든 v1 원본 사본 · cart_load_timber_ne-v1.png와 동일 바이트(정본: wave7/candidates-v1/assets/cart_load_timber_ne-v1.png),
wave7,wave7/rework-v1/assets/original-assets/cart_load_timber_nw-v1.png,0b328e92214cee1f25ce450b06f84870acea9a4e0d5ec2466310e341555f07de,superseded,wave7/rework-v1/assets/cart_load_timber_nw-v2.png,재작업 묶음에 든 v1 원본 사본 · cart_load_timber_nw-v1.png와 동일 바이트(정본: wave7/candidates-v1/assets/cart_load_timber_nw-v1.png),
wave7,wave7/rework-v1/assets/original-assets/construction/roof_frame_large-v1.png,eff6f14b6e1086736bad05cc2c25b22f99d53e02daa9ddb69dcdf80c25f58f08,confirmed,,재작업 묶음에 든 v1 원본 사본(재작업 대상 아님) · 설치 예정 INSTALL-7(본선 93d0f32 public/assets에서 같은 바이트 미발견) · roof_frame_large-v1.png와 동일 바이트(정본: wave7/candidates-v1/assets/construction/roof_frame_large-v1.png),
wave7,wave7/rework-v1/assets/original-assets/construction/roof_frame_medium-v1.png,5d616fc8944c7cdddc20e04f5349913569c2b8765a1698c5ad610f60667dccb3,confirmed,,재작업 묶음에 든 v1 원본 사본(재작업 대상 아님) · 설치 예정 INSTALL-7(본선 93d0f32 public/assets에서 같은 바이트 미발견) · roof_frame_medium-v1.png와 동일 바이트(정본: wave7/candidates-v1/assets/construction/roof_frame_medium-v1.png),
wave7,wave7/rework-v1/assets/original-assets/construction/roof_frame_small-v1.png,a6c6daf7b9ccaa7711c5e6b7f8ce5ca1b18b8789644a0a99b1e9a9aaf843a634,confirmed,,재작업 묶음에 든 v1 원본 사본(재작업 대상 아님) · 설치 예정 INSTALL-7(본선 93d0f32 public/assets에서 같은 바이트 미발견) · roof_frame_small-v1.png와 동일 바이트(정본: wave7/candidates-v1/assets/construction/roof_frame_small-v1.png),
wave7,wave7/rework-v1/assets/original-assets/construction/roof_frame_stone_large-v1.png,2c03c7424370aa49cd0608441911d7c1f07a694bf21a29fa7868919f9a9d136a,confirmed,,재작업 묶음에 든 v1 원본 사본(재작업 대상 아님) · 설치 예정 INSTALL-7(본선 93d0f32 public/assets에서 같은 바이트 미발견) · roof_frame_stone_large-v1.png와 동일 바이트(정본: wave7/candidates-v1/assets/construction/roof_frame_stone_large-v1.png),
wave7,wave7/rework-v1/assets/original-assets/fx/dust_puff_sheet-v1.png,2dc9999684cd1f98b2deae413a0299ffae5f18e20ac628f1797e88bdfa428f24,confirmed,,재작업 묶음에 든 v1 원본 사본(재작업 대상 아님) · 설치 예정 INSTALL-7(본선 93d0f32 public/assets에서 같은 바이트 미발견) · dust_puff_sheet-v1.png와 동일 바이트(정본: wave7/candidates-v1/assets/fx/dust_puff_sheet-v1.png),
wave7,wave7/rework-v1/assets/original-assets/fx/oven_smoke_sheet-v1.png,ed8908e615b055c78c1cb499687e878d40482c4bd45a7d5f7de40756bf94aeb2,confirmed,,재작업 묶음에 든 v1 원본 사본(재작업 대상 아님) · 설치 예정 INSTALL-7(본선 93d0f32 public/assets에서 같은 바이트 미발견) · oven_smoke_sheet-v1.png와 동일 바이트(정본: wave7/candidates-v1/assets/fx/oven_smoke_sheet-v1.png),
wave7,wave7/rework-v1/assets/original-assets/fx/plus_float-v1.png,f685df2c2bc140c77515e05b348ecffa5a1eccd5d46b77f21685f87e67e861bd,confirmed,,재작업 묶음에 든 v1 원본 사본(재작업 대상 아님) · 설치 예정 INSTALL-7(본선 93d0f32 public/assets에서 같은 바이트 미발견) · plus_float-v1.png와 동일 바이트(정본: wave7/candidates-v1/assets/fx/plus_float-v1.png),
wave7,wave7/rework-v1/assets/original-assets/fx/roof_smoke_sheet-v1.png,5e3860c88899051dd82b0a4ca7b0a2e97092decdbb4d9591dceef9d0628047b0,confirmed,,재작업 묶음에 든 v1 원본 사본(재작업 대상 아님) · 설치 예정 INSTALL-7(본선 93d0f32 public/assets에서 같은 바이트 미발견) · roof_smoke_sheet-v1.png와 동일 바이트(정본: wave7/candidates-v1/assets/fx/roof_smoke_sheet-v1.png),
wave7,wave7/rework-v1/assets/original-assets/fx/roof_smoke_weak_sheet-v1.png,9d409f147a5273bce371743533ff9e48a75b428d1e544b974e09b92c7b207823,confirmed,,재작업 묶음에 든 v1 원본 사본(재작업 대상 아님) · 설치 예정 INSTALL-7(본선 93d0f32 public/assets에서 같은 바이트 미발견) · roof_smoke_weak_sheet-v1.png와 동일 바이트(정본: wave7/candidates-v1/assets/fx/roof_smoke_weak_sheet-v1.png),
wave7,wave7/rework-v1/assets/original-assets/overlay/boarded_l0-v1.png,673473f17ddbf083a47ac4f55b829a4a5dbdad96f287315cce98735752210f90,superseded,wave7/rework-v1/assets/overlay/boarded_l0-v2.png,재작업 묶음에 든 v1 원본 사본 · boarded_l0-v1.png와 동일 바이트(정본: wave7/candidates-v1/assets/overlay/boarded_l0-v1.png),
wave7,wave7/rework-v1/assets/original-assets/overlay/boarded_l1-v1.png,2995ed6a7f33af59794dd56aeae3e944a32cf5ecd3e246640c922859b7122dbc,superseded,wave7/rework-v1/assets/overlay/boarded_l1-v2.png,재작업 묶음에 든 v1 원본 사본 · boarded_l1-v1.png와 동일 바이트(정본: wave7/candidates-v1/assets/overlay/boarded_l1-v1.png),
wave7,wave7/rework-v1/assets/original-assets/overlay/boarded_l2-v1.png,7cd345f4cf53a03f2e933130d3288382cfbf86e56bfb127f216f3eaa0ce0d59b,superseded,wave7/rework-v1/assets/overlay/boarded_l2-v2.png,재작업 묶음에 든 v1 원본 사본 · boarded_l2-v1.png와 동일 바이트(정본: wave7/candidates-v1/assets/overlay/boarded_l2-v1.png),
wave7,wave7/rework-v1/assets/original-assets/overlay/boarded_l3-v1.png,fed66223de7d985856560026d4db3799db5532a55740154db0a8252845a58e13,superseded,wave7/rework-v1/assets/overlay/boarded_l3-v2.png,재작업 묶음에 든 v1 원본 사본 · boarded_l3-v1.png와 동일 바이트(정본: wave7/candidates-v1/assets/overlay/boarded_l3-v1.png),
wave7,wave7/rework-v1/assets/original-assets/overlay/boarded_l4-v1.png,012a36efd4cdb9c1ccd799134687ccefa0467fa512911939f0a8f4624354312a,superseded,wave7/rework-v1/assets/overlay/boarded_l4-v2.png,재작업 묶음에 든 v1 원본 사본 · boarded_l4-v1.png와 동일 바이트(정본: wave7/candidates-v1/assets/overlay/boarded_l4-v1.png),
wave7,wave7/rework-v1/assets/original-assets/pile/bread_1-v1.png,c67efa51d469410d0f86c1d34acbe0a1f51872ea8c2028410274db083befb73c,confirmed,,재작업 묶음에 든 v1 원본 사본(재작업 대상 아님) · 설치 예정 INSTALL-7(본선 93d0f32 public/assets에서 같은 바이트 미발견) · bread_1-v1.png와 동일 바이트(정본: wave7/candidates-v1/assets/pile/bread_1-v1.png),
wave7,wave7/rework-v1/assets/original-assets/pile/bread_2-v1.png,4f3d3556ca4769e0f6df232c968bad01e3bf14121958c8a590ea21f3ba954e05,confirmed,,재작업 묶음에 든 v1 원본 사본(재작업 대상 아님) · 설치 예정 INSTALL-7(본선 93d0f32 public/assets에서 같은 바이트 미발견) · bread_2-v1.png와 동일 바이트(정본: wave7/candidates-v1/assets/pile/bread_2-v1.png),
wave7,wave7/rework-v1/assets/original-assets/pile/bread_3-v1.png,21a0532eaa45c7c636c94a31ace06e82084edaa0e1e9869af973c1eb93c06eaa,confirmed,,재작업 묶음에 든 v1 원본 사본(재작업 대상 아님) · 설치 예정 INSTALL-7(본선 93d0f32 public/assets에서 같은 바이트 미발견) · bread_3-v1.png와 동일 바이트(정본: wave7/candidates-v1/assets/pile/bread_3-v1.png),
wave7,wave7/rework-v1/assets/original-assets/pile/crates_1-v1.png,f40f5216d05b9c874da2529eeab26b4385213180411e88aac856ea26e9f853a3,confirmed,,재작업 묶음에 든 v1 원본 사본(재작업 대상 아님) · 설치 예정 INSTALL-7(본선 93d0f32 public/assets에서 같은 바이트 미발견) · crates_1-v1.png와 동일 바이트(정본: wave7/candidates-v1/assets/pile/crates_1-v1.png),
wave7,wave7/rework-v1/assets/original-assets/pile/crates_2-v1.png,953450fa1776e7d5b0b6d0ba73b2fc4aac405028dcf952af150e78d997953fd7,confirmed,,재작업 묶음에 든 v1 원본 사본(재작업 대상 아님) · 설치 예정 INSTALL-7(본선 93d0f32 public/assets에서 같은 바이트 미발견) · crates_2-v1.png와 동일 바이트(정본: wave7/candidates-v1/assets/pile/crates_2-v1.png),
wave7,wave7/rework-v1/assets/original-assets/pile/crates_3-v1.png,9d3b9f13544386d591e61d5c9dfe6f80d35580513b9a6d26e4d882263a6b822a,confirmed,,재작업 묶음에 든 v1 원본 사본(재작업 대상 아님) · 설치 예정 INSTALL-7(본선 93d0f32 public/assets에서 같은 바이트 미발견) · crates_3-v1.png와 동일 바이트(정본: wave7/candidates-v1/assets/pile/crates_3-v1.png),
wave7,wave7/rework-v1/assets/original-assets/pile/sacks_1-v1.png,38492b235bf33f0ed22a4d64e7972875624e37b3409a07137f8445abbc19aebf,confirmed,,재작업 묶음에 든 v1 원본 사본(재작업 대상 아님) · 설치 예정 INSTALL-7(본선 93d0f32 public/assets에서 같은 바이트 미발견) · sacks_1-v1.png와 동일 바이트(정본: wave7/candidates-v1/assets/pile/sacks_1-v1.png),
wave7,wave7/rework-v1/assets/original-assets/pile/sacks_2-v1.png,1873413fd1cf056a5cb15413c232454375646eab4db057b372e480a5bd180654,confirmed,,재작업 묶음에 든 v1 원본 사본(재작업 대상 아님) · 설치 예정 INSTALL-7(본선 93d0f32 public/assets에서 같은 바이트 미발견) · sacks_2-v1.png와 동일 바이트(정본: wave7/candidates-v1/assets/pile/sacks_2-v1.png),
wave7,wave7/rework-v1/assets/original-assets/pile/sacks_3-v1.png,037edff3ea80d0e99ddcccfa88676a14aecd0a7be937c446f961d278213e87d4,confirmed,,재작업 묶음에 든 v1 원본 사본(재작업 대상 아님) · 설치 예정 INSTALL-7(본선 93d0f32 public/assets에서 같은 바이트 미발견) · sacks_3-v1.png와 동일 바이트(정본: wave7/candidates-v1/assets/pile/sacks_3-v1.png),
wave7,wave7/rework-v1/assets/original-assets/pile/sheaves_1-v1.png,4d9bdf6878b9c3537c5b044c489ebb53705efe9e32f924db1ced5c1d37d63656,confirmed,,재작업 묶음에 든 v1 원본 사본(재작업 대상 아님) · 설치 예정 INSTALL-7(본선 93d0f32 public/assets에서 같은 바이트 미발견) · sheaves_1-v1.png와 동일 바이트(정본: wave7/candidates-v1/assets/pile/sheaves_1-v1.png),
wave7,wave7/rework-v1/assets/original-assets/pile/sheaves_2-v1.png,b9d0d6d71adbeabee33b7c6d216e3697accf2c656d2951bfb69cac1528f58b0b,confirmed,,재작업 묶음에 든 v1 원본 사본(재작업 대상 아님) · 설치 예정 INSTALL-7(본선 93d0f32 public/assets에서 같은 바이트 미발견) · sheaves_2-v1.png와 동일 바이트(정본: wave7/candidates-v1/assets/pile/sheaves_2-v1.png),
wave7,wave7/rework-v1/assets/original-assets/pile/sheaves_3-v1.png,d213bcc5a66fc9d9de0c9247b1a268532dbf7a14a67be6471bb6b1560165671a,confirmed,,재작업 묶음에 든 v1 원본 사본(재작업 대상 아님) · 설치 예정 INSTALL-7(본선 93d0f32 public/assets에서 같은 바이트 미발견) · sheaves_3-v1.png와 동일 바이트(정본: wave7/candidates-v1/assets/pile/sheaves_3-v1.png),
wave7,wave7/rework-v1/assets/original-assets/season/dry_grass_a-v1.png,cce298bda39108b56dd88c4928f6602a793b101aebcde00d9f3f428f5f1c16a6,confirmed,,재작업 묶음에 든 v1 원본 사본(재작업 대상 아님) · 설치 예정 INSTALL-7(본선 93d0f32 public/assets에서 같은 바이트 미발견) · dry_grass_a-v1.png와 동일 바이트(정본: wave7/candidates-v1/assets/season/dry_grass_a-v1.png),
wave7,wave7/rework-v1/assets/original-assets/season/dry_grass_b-v1.png,29335eacb6e128c5f4b4c4d2e0c8b00cf83be23b00ba45f5bb43523e122756c4,confirmed,,재작업 묶음에 든 v1 원본 사본(재작업 대상 아님) · 설치 예정 INSTALL-7(본선 93d0f32 public/assets에서 같은 바이트 미발견) · dry_grass_b-v1.png와 동일 바이트(정본: wave7/candidates-v1/assets/season/dry_grass_b-v1.png),
wave7,wave7/rework-v1/assets/original-assets/season/frost_patch_a-v1.png,63f13f63e4bbaec71c343e4b1e0eee4a841c4b9285e1b643f0fc8568538efc0b,superseded,wave7/rework-v1/assets/season/frost_patch_a-v2.png,재작업 묶음에 든 v1 원본 사본 · frost_patch_a-v1.png와 동일 바이트(정본: wave7/candidates-v1/assets/season/frost_patch_a-v1.png),
wave7,wave7/rework-v1/assets/original-assets/season/frost_patch_b-v1.png,c04d5b287510ca2518201cc1589a794c3662597240181913a70dc1e7a288206b,superseded,wave7/rework-v1/assets/season/frost_patch_b-v2.png,재작업 묶음에 든 v1 원본 사본 · frost_patch_b-v1.png와 동일 바이트(정본: wave7/candidates-v1/assets/season/frost_patch_b-v1.png),
wave7,wave7/rework-v1/assets/original-assets/season/frost_patch_c-v1.png,526b7c8b0c1f48a04a544682a5b3ef5e961f5b333aa174caa03266874b0339bb,superseded,wave7/rework-v1/assets/season/frost_patch_c-v2.png,재작업 묶음에 든 v1 원본 사본 · frost_patch_c-v1.png와 동일 바이트(정본: wave7/candidates-v1/assets/season/frost_patch_c-v1.png),
wave7,wave7/rework-v1/assets/original-assets/season/leaves_a-v1.png,95f8a92da9c6a7476666d70aaeac444005d50c6dcaced9740b92d3880b0cc0be,confirmed,,재작업 묶음에 든 v1 원본 사본(재작업 대상 아님) · 설치 예정 INSTALL-7(본선 93d0f32 public/assets에서 같은 바이트 미발견) · leaves_a-v1.png와 동일 바이트(정본: wave7/candidates-v1/assets/season/leaves_a-v1.png),
wave7,wave7/rework-v1/assets/original-assets/season/leaves_b-v1.png,46655eb8036284018d0e3b7a8e4250ef0408f604cb275c74bd3cfbe0d5975222,confirmed,,재작업 묶음에 든 v1 원본 사본(재작업 대상 아님) · 설치 예정 INSTALL-7(본선 93d0f32 public/assets에서 같은 바이트 미발견) · leaves_b-v1.png와 동일 바이트(정본: wave7/candidates-v1/assets/season/leaves_b-v1.png),
wave7,wave7/rework-v1/assets/original-assets/season/leaves_c-v1.png,ae47f56c0b476891280101cf0d3b9ca3aa2a46a72cfb644894ed0cbfb39ab84d,confirmed,,재작업 묶음에 든 v1 원본 사본(재작업 대상 아님) · 설치 예정 INSTALL-7(본선 93d0f32 public/assets에서 같은 바이트 미발견) · leaves_c-v1.png와 동일 바이트(정본: wave7/candidates-v1/assets/season/leaves_c-v1.png),
wave7,wave7/rework-v1/assets/original-assets/season/roof_snow_l0-v1.png,fda2da780fff502d3b338c6a878b1cf736a1f344d8bac98219f4f2551eb24ad5,superseded,wave7/rework-v1/assets/season/roof_snow_l0-v2.png,재작업 묶음에 든 v1 원본 사본 · roof_snow_l0-v1.png와 동일 바이트(정본: wave7/candidates-v1/assets/season/roof_snow_l0-v1.png),
wave7,wave7/rework-v1/assets/original-assets/season/roof_snow_l1-v1.png,cf412403704556649635b4f66e1ad5a8a31e85c1572bfd65d33b811f8daf779c,superseded,wave7/rework-v1/assets/season/roof_snow_l1-v2.png,재작업 묶음에 든 v1 원본 사본 · roof_snow_l1-v1.png와 동일 바이트(정본: wave7/candidates-v1/assets/season/roof_snow_l1-v1.png),
wave7,wave7/rework-v1/assets/original-assets/season/roof_snow_l2-v1.png,427197edf0f73d74e483783c1f7fe45919e0f53df9a03ad2969813a5db3b0ae8,superseded,wave7/rework-v1/assets/season/roof_snow_l2-v2.png,재작업 묶음에 든 v1 원본 사본 · roof_snow_l2-v1.png와 동일 바이트(정본: wave7/candidates-v1/assets/season/roof_snow_l2-v1.png),
wave7,wave7/rework-v1/assets/original-assets/season/roof_snow_l3-v1.png,a050ca439ba87692ae9897c45f48f78086b846dc6987037316bd2f5be7a67ca6,superseded,wave7/rework-v1/assets/season/roof_snow_l3-v2.png,재작업 묶음에 든 v1 원본 사본 · roof_snow_l3-v1.png와 동일 바이트(정본: wave7/candidates-v1/assets/season/roof_snow_l3-v1.png),
wave7,wave7/rework-v1/assets/original-assets/season/roof_snow_l4-v1.png,c01fcd139f7cec68d505c92e318e66fe09d3bccdc628bef24cf55ab1d2f8ad81,superseded,wave7/rework-v1/assets/season/roof_snow_l4-v2.png,재작업 묶음에 든 v1 원본 사본 · roof_snow_l4-v1.png와 동일 바이트(정본: wave7/candidates-v1/assets/season/roof_snow_l4-v1.png),
wave7,wave7/rework-v1/assets/original-assets/signifier/bar_latch-v1.png,8286cbc0adc7372f003435b84911dcdf82676cfa3d1a197f08ebf0c395bc3b52,superseded,wave7/rework-v1/assets/signifier/bar_latch-v2.png,재작업 묶음에 든 v1 원본 사본 · bar_latch-v1.png와 동일 바이트(정본: wave7/candidates-v1/assets/signifier/bar_latch-v1.png),
wave7,wave7/rework-v1/assets/original-assets/signifier/bundle_family_prop-v1.png,5f6c0e398558500d1919e91e6713854b1c1202569bb73942dcfd3b90a2fbd4d2,superseded,wave7/rework-v1/assets/signifier/bundle_family_prop-v2.png,재작업 묶음에 든 v1 원본 사본 · bundle_family_prop-v1.png와 동일 바이트(정본: wave7/candidates-v1/assets/signifier/bundle_family_prop-v1.png),
wave7,wave7/rework-v1/assets/original-assets/signifier/empty_stall-v1.png,9d324d415a60378d5b5dd97f66c2ba1967d36467d8432ef69432666cae0baec6,confirmed,,재작업 묶음에 든 v1 원본 사본(재작업 대상 아님) · 설치 예정 INSTALL-7(본선 93d0f32 public/assets에서 같은 바이트 미발견) · empty_stall-v1.png와 동일 바이트(정본: wave7/candidates-v1/assets/signifier/empty_stall-v1.png),
wave7,wave7/rework-v1/assets/original-assets/signifier/footprints_dotted_ne-v1.png,71fe52b2ab1eb55942295366e0f99ad8d22414f4faf9785b2fbe56dd66ef6cbf,confirmed,,재작업 묶음에 든 v1 원본 사본(재작업 대상 아님) · 설치 예정 INSTALL-7(본선 93d0f32 public/assets에서 같은 바이트 미발견) · footprints_dotted_ne-v1.png와 동일 바이트(정본: wave7/candidates-v1/assets/signifier/footprints_dotted_ne-v1.png),
wave7,wave7/rework-v1/assets/original-assets/signifier/footprints_dotted_nw-v1.png,3b7bf6b5095f11422be98d3f463902b7aadbfc581c14c3857e710f8ad700f3a3,confirmed,,재작업 묶음에 든 v1 원본 사본(재작업 대상 아님) · 설치 예정 INSTALL-7(본선 93d0f32 public/assets에서 같은 바이트 미발견) · footprints_dotted_nw-v1.png와 동일 바이트(정본: wave7/candidates-v1/assets/signifier/footprints_dotted_nw-v1.png),
wave7,wave7/rework-v1/assets/original-assets/signifier/tall_grass_plot-v1.png,2d833bc79c3e5ccd9e1ea21223c1306662495272e779d53f67d4835a2a4f06a2,confirmed,,재작업 묶음에 든 v1 원본 사본(재작업 대상 아님) · 설치 예정 INSTALL-7(본선 93d0f32 public/assets에서 같은 바이트 미발견) · tall_grass_plot-v1.png와 동일 바이트(정본: wave7/candidates-v1/assets/signifier/tall_grass_plot-v1.png),
wave7,wave7/rework-v1/assets/original-assets/work/work_breadbasket_ne-v1.png,2f219d63408a4c1e356d58bc796b6f63a0dea8e0505866af8252445ea7f1a2ff,confirmed,,재작업 묶음에 든 v1 원본 사본(재작업 대상 아님) · 설치 예정 INSTALL-7(본선 93d0f32 public/assets에서 같은 바이트 미발견) · work_breadbasket_ne-v1.png와 동일 바이트(정본: wave7/candidates-v1/assets/work/work_breadbasket_ne-v1.png),
wave7,wave7/rework-v1/assets/original-assets/work/work_breadbasket_nw-v1.png,04a014a39bab168cdeb8540e6d4a9ca91212c8aed17d2827d121be3b33e621ab,confirmed,,재작업 묶음에 든 v1 원본 사본(재작업 대상 아님) · 설치 예정 INSTALL-7(본선 93d0f32 public/assets에서 같은 바이트 미발견) · work_breadbasket_nw-v1.png와 동일 바이트(정본: wave7/candidates-v1/assets/work/work_breadbasket_nw-v1.png),
wave7,wave7/rework-v1/assets/original-assets/work/work_breadbasket_se-v1.png,c56c9280ea4b9dce4d8457450324187a222e358c4185f513548cb4581311c01a,confirmed,,재작업 묶음에 든 v1 원본 사본(재작업 대상 아님) · 설치 예정 INSTALL-7(본선 93d0f32 public/assets에서 같은 바이트 미발견) · work_breadbasket_se-v1.png와 동일 바이트(정본: wave7/candidates-v1/assets/work/work_breadbasket_se-v1.png),
wave7,wave7/rework-v1/assets/original-assets/work/work_breadbasket_sw-v1.png,a3d3e0dfd823e7d61967cc64c787832fef994391266151f5887d18beead0fd82,confirmed,,재작업 묶음에 든 v1 원본 사본(재작업 대상 아님) · 설치 예정 INSTALL-7(본선 93d0f32 public/assets에서 같은 바이트 미발견) · work_breadbasket_sw-v1.png와 동일 바이트(정본: wave7/candidates-v1/assets/work/work_breadbasket_sw-v1.png),
wave7,wave7/rework-v1/assets/original-assets/work/work_coinpurse_ne-v1.png,42fc3abed3a8c2af45110ba6ea00e57fac19bacc1b6c25edb19e183fde9c394d,confirmed,,재작업 묶음에 든 v1 원본 사본(재작업 대상 아님) · 설치 예정 INSTALL-7(본선 93d0f32 public/assets에서 같은 바이트 미발견) · work_coinpurse_ne-v1.png와 동일 바이트(정본: wave7/candidates-v1/assets/work/work_coinpurse_ne-v1.png),
wave7,wave7/rework-v1/assets/original-assets/work/work_coinpurse_nw-v1.png,32481a696f8b6e5cfbf4cac5e9c85ec9f6b463feb0a9406fa47ecc0af8c3946c,confirmed,,재작업 묶음에 든 v1 원본 사본(재작업 대상 아님) · 설치 예정 INSTALL-7(본선 93d0f32 public/assets에서 같은 바이트 미발견) · work_coinpurse_nw-v1.png와 동일 바이트(정본: wave7/candidates-v1/assets/work/work_coinpurse_nw-v1.png),
wave7,wave7/rework-v1/assets/original-assets/work/work_coinpurse_se-v1.png,753d8ad70c6af33a2bf7dc7dbcc4bc6afe8d0ea47a81b275e1c1e72116523f83,confirmed,,재작업 묶음에 든 v1 원본 사본(재작업 대상 아님) · 설치 예정 INSTALL-7(본선 93d0f32 public/assets에서 같은 바이트 미발견) · work_coinpurse_se-v1.png와 동일 바이트(정본: wave7/candidates-v1/assets/work/work_coinpurse_se-v1.png),
wave7,wave7/rework-v1/assets/original-assets/work/work_coinpurse_sw-v1.png,4f6a193aeabf86548df5d757661a19e6123e58a61d795aa90d50a74371cd3a07,confirmed,,재작업 묶음에 든 v1 원본 사본(재작업 대상 아님) · 설치 예정 INSTALL-7(본선 93d0f32 public/assets에서 같은 바이트 미발견) · work_coinpurse_sw-v1.png와 동일 바이트(정본: wave7/candidates-v1/assets/work/work_coinpurse_sw-v1.png),
wave7,wave7/rework-v1/assets/original-assets/work/work_plough_ne-v1.png,33846aea809254bc7eb1a62a10408aa9144042196226236b2b63e66bce231536,confirmed,,재작업 묶음에 든 v1 원본 사본(재작업 대상 아님) · 설치 예정 INSTALL-7(본선 93d0f32 public/assets에서 같은 바이트 미발견) · work_plough_ne-v1.png와 동일 바이트(정본: wave7/candidates-v1/assets/work/work_plough_ne-v1.png),
wave7,wave7/rework-v1/assets/original-assets/work/work_plough_nw-v1.png,3e9dc4694b4195f6b2c8807fe6be8f5609c550893dfa5e0bfe1cf0fba6289e39,confirmed,,재작업 묶음에 든 v1 원본 사본(재작업 대상 아님) · 설치 예정 INSTALL-7(본선 93d0f32 public/assets에서 같은 바이트 미발견) · work_plough_nw-v1.png와 동일 바이트(정본: wave7/candidates-v1/assets/work/work_plough_nw-v1.png),
wave7,wave7/rework-v1/assets/original-assets/work/work_plough_se-v1.png,314f2952b89e9c70fb79b8544437669378e3ea3fc5e4a97601304c4e2b99da50,confirmed,,재작업 묶음에 든 v1 원본 사본(재작업 대상 아님) · 설치 예정 INSTALL-7(본선 93d0f32 public/assets에서 같은 바이트 미발견) · work_plough_se-v1.png와 동일 바이트(정본: wave7/candidates-v1/assets/work/work_plough_se-v1.png),
wave7,wave7/rework-v1/assets/original-assets/work/work_plough_sw-v1.png,1b6cc9945f2abe4ae18a9faded31a8314666a202e7dedb2e5d1cd992e0a304f9,confirmed,,재작업 묶음에 든 v1 원본 사본(재작업 대상 아님) · 설치 예정 INSTALL-7(본선 93d0f32 public/assets에서 같은 바이트 미발견) · work_plough_sw-v1.png와 동일 바이트(정본: wave7/candidates-v1/assets/work/work_plough_sw-v1.png),
wave7,wave7/rework-v1/assets/original-assets/work/work_seedbag_ne-v1.png,b06c459787020082fe83180f7f3be9abbd44f7460826ca59860e40008e54e41d,confirmed,,재작업 묶음에 든 v1 원본 사본(재작업 대상 아님) · 설치 예정 INSTALL-7(본선 93d0f32 public/assets에서 같은 바이트 미발견) · work_seedbag_ne-v1.png와 동일 바이트(정본: wave7/candidates-v1/assets/work/work_seedbag_ne-v1.png),
wave7,wave7/rework-v1/assets/original-assets/work/work_seedbag_nw-v1.png,9b3be7ea1a878188c2897a3fbe1b5589e660008e9ba20637590d9c161d616c5a,confirmed,,재작업 묶음에 든 v1 원본 사본(재작업 대상 아님) · 설치 예정 INSTALL-7(본선 93d0f32 public/assets에서 같은 바이트 미발견) · work_seedbag_nw-v1.png와 동일 바이트(정본: wave7/candidates-v1/assets/work/work_seedbag_nw-v1.png),
wave7,wave7/rework-v1/assets/original-assets/work/work_seedbag_se-v1.png,9f36ef0c6d5917ef587f0959ee9759f8ff217f5b14afb3fe163c20ea2a18e242,confirmed,,재작업 묶음에 든 v1 원본 사본(재작업 대상 아님) · 설치 예정 INSTALL-7(본선 93d0f32 public/assets에서 같은 바이트 미발견) · work_seedbag_se-v1.png와 동일 바이트(정본: wave7/candidates-v1/assets/work/work_seedbag_se-v1.png),
wave7,wave7/rework-v1/assets/original-assets/work/work_seedbag_sw-v1.png,f06f5d16949ddfb3e946c1fde007601ff1f65cadff73bc00848ea0f43df5487c,confirmed,,재작업 묶음에 든 v1 원본 사본(재작업 대상 아님) · 설치 예정 INSTALL-7(본선 93d0f32 public/assets에서 같은 바이트 미발견) · work_seedbag_sw-v1.png와 동일 바이트(정본: wave7/candidates-v1/assets/work/work_seedbag_sw-v1.png),
wave7,wave7/rework-v1/assets/original-assets/work/work_waterbucket_ne-v1.png,2f3c91633a8b1f22af4a1ac975f52d789ebe9fc9f85d88b34eb697b5870fee4d,confirmed,,재작업 묶음에 든 v1 원본 사본(재작업 대상 아님) · 설치 예정 INSTALL-7(본선 93d0f32 public/assets에서 같은 바이트 미발견) · work_waterbucket_ne-v1.png와 동일 바이트(정본: wave7/candidates-v1/assets/work/work_waterbucket_ne-v1.png),
wave7,wave7/rework-v1/assets/original-assets/work/work_waterbucket_nw-v1.png,38f531423f4cdcf64b1b163069098cfd4817aa3281fae0c07e7ade1f2212448e,confirmed,,재작업 묶음에 든 v1 원본 사본(재작업 대상 아님) · 설치 예정 INSTALL-7(본선 93d0f32 public/assets에서 같은 바이트 미발견) · work_waterbucket_nw-v1.png와 동일 바이트(정본: wave7/candidates-v1/assets/work/work_waterbucket_nw-v1.png),
wave7,wave7/rework-v1/assets/original-assets/work/work_waterbucket_se-v1.png,a4be5ef4235b848dd8e630da16c4c5753dee98478a213deac8d2f27e1c0dc77f,confirmed,,재작업 묶음에 든 v1 원본 사본(재작업 대상 아님) · 설치 예정 INSTALL-7(본선 93d0f32 public/assets에서 같은 바이트 미발견) · work_waterbucket_se-v1.png와 동일 바이트(정본: wave7/candidates-v1/assets/work/work_waterbucket_se-v1.png),
wave7,wave7/rework-v1/assets/original-assets/work/work_waterbucket_sw-v1.png,816b4dae6bc9d45e4878bad2aced091fd4fcc219836d6454a5e1a3a7893c9ff1,confirmed,,재작업 묶음에 든 v1 원본 사본(재작업 대상 아님) · 설치 예정 INSTALL-7(본선 93d0f32 public/assets에서 같은 바이트 미발견) · work_waterbucket_sw-v1.png와 동일 바이트(정본: wave7/candidates-v1/assets/work/work_waterbucket_sw-v1.png),
wave7,wave7/rework-v1/assets/overlay/boarded_l0-v2.png,6d19cdb3d34039321ea09ab844b696a91b4e2265d041ba7ec523b916d48afaaa,confirmed,,재작업 v2 · 설치 예정 INSTALL-7(본선 93d0f32 public/assets에서 같은 바이트 미발견),INSTALL-7
wave7,wave7/rework-v1/assets/overlay/boarded_l1-v2.png,175741dbcf5ebb62b4a9c8db46e9ef1c29e24a4ca005a97211eb33c33fd725e8,confirmed,,재작업 v2 · 설치 예정 INSTALL-7(본선 93d0f32 public/assets에서 같은 바이트 미발견),INSTALL-7
wave7,wave7/rework-v1/assets/overlay/boarded_l2-v2.png,3b3e63fea713e6d5be4f0971b16002512fadd836924d9daf760e4311a21fb5d1,confirmed,,재작업 v2 · 설치 예정 INSTALL-7(본선 93d0f32 public/assets에서 같은 바이트 미발견),INSTALL-7
wave7,wave7/rework-v1/assets/overlay/boarded_l3-v2.png,d7510229c8f432347f593e423ca079627f8337216abce85273e66b8104d2977a,confirmed,,재작업 v2 · 설치 예정 INSTALL-7(본선 93d0f32 public/assets에서 같은 바이트 미발견),INSTALL-7
wave7,wave7/rework-v1/assets/overlay/boarded_l4-v2.png,6b0a042e586f96b316e9c3cf449ba189b010eaa08470a3c68005dbd2b6ca19a6,confirmed,,재작업 v2 · 설치 예정 INSTALL-7(본선 93d0f32 public/assets에서 같은 바이트 미발견),INSTALL-7
wave7,wave7/rework-v1/assets/season/frost_patch_a-v2.png,d2ea8762d61c5244ee2581dfa83e51ad6089d1b5dfcbce1fd436941959f1df56,confirmed,,재작업 v2 · 설치 예정 INSTALL-7(본선 93d0f32 public/assets에서 같은 바이트 미발견),INSTALL-7
wave7,wave7/rework-v1/assets/season/frost_patch_b-v2.png,5536a53b286c0c2a0f51a7190cefff2931e333d2b0920b3ab123b063c4cbf1ef,confirmed,,재작업 v2 · 설치 예정 INSTALL-7(본선 93d0f32 public/assets에서 같은 바이트 미발견),INSTALL-7
wave7,wave7/rework-v1/assets/season/frost_patch_c-v2.png,77dadbe3d18e7c46547146c0dae8cea5e0381f74c4f3c12bf9ef9162b9f98ad1,confirmed,,재작업 v2 · 설치 예정 INSTALL-7(본선 93d0f32 public/assets에서 같은 바이트 미발견),INSTALL-7
wave7,wave7/rework-v1/assets/season/roof_snow_l0-v2.png,de6abd02053da883f3ee1000d60f57ba14e3f0d1b525272f02adaf186b24dc8c,confirmed,,재작업 v2 · 설치 예정 INSTALL-7(본선 93d0f32 public/assets에서 같은 바이트 미발견),INSTALL-7
wave7,wave7/rework-v1/assets/season/roof_snow_l1-v2.png,812ba0165e63c0494370d4fe37c9635e86b674d8eb07add02f600f39fb92a42e,confirmed,,재작업 v2 · 설치 예정 INSTALL-7(본선 93d0f32 public/assets에서 같은 바이트 미발견),INSTALL-7
wave7,wave7/rework-v1/assets/season/roof_snow_l2-v2.png,af53c4c70620f3de88bd957e65b908467fb1939ce95cc06c1eca42a6bcac4043,confirmed,,재작업 v2 · 설치 예정 INSTALL-7(본선 93d0f32 public/assets에서 같은 바이트 미발견),INSTALL-7
wave7,wave7/rework-v1/assets/season/roof_snow_l3-v2.png,41c424fda13031e43e85a6b94cba496aaf414ac69b74ccb4a498308aa6f1c2ae,confirmed,,재작업 v2 · 설치 예정 INSTALL-7(본선 93d0f32 public/assets에서 같은 바이트 미발견),INSTALL-7
wave7,wave7/rework-v1/assets/season/roof_snow_l4-v2.png,414108d8367039573613a1300f1bff97ef062357102023fa8d065c17be1106a8,confirmed,,재작업 v2 · 설치 예정 INSTALL-7(본선 93d0f32 public/assets에서 같은 바이트 미발견),INSTALL-7
wave7,wave7/rework-v1/assets/signifier/bar_latch-v2.png,61e21db8f53a95b1758fe4e8e1364e7aed5c4b2247a0f8db1afbf20a708f08c8,confirmed,,재작업 v2 · 설치 예정 INSTALL-7(본선 93d0f32 public/assets에서 같은 바이트 미발견),INSTALL-7
wave7,wave7/rework-v1/assets/signifier/bundle_family_prop-v2.png,376f5322d77e2d355ea00ee6b64860395cae2458b68ba490670d696f390b33e7,confirmed,,재작업 v2 · 설치 예정 INSTALL-7(본선 93d0f32 public/assets에서 같은 바이트 미발견),INSTALL-7
wave7,wave7/rework-v1/proofs/01-winter-street.png,a4af811d91021bcc885eccae7c608c8a4affd0a1efd1dc317861877292c1111e,confirmed,,확인 그림,
wave7,wave7/rework-v1/proofs/02-signifiers-cargo-zoom06.png,ecd77cd33c893c5fe3556ff73bc72f18861de12f9a4869193223873a22ba315f,confirmed,,확인 그림,
wave7,wave7/rework-v1/records/boards-l0-composite.png,5df887a181230b871b636f319a420599c4a0bd63720edaafb0473ea54d2baa07,confirmed,,기록 그림,
wave7,wave7/rework-v1/records/boards-l1-composite.png,f8715e858d9b15a22acad374acf853ff74d4aeb40fd41f44ffe553f41435df92,confirmed,,기록 그림,
wave7,wave7/rework-v1/records/boards-l2-composite.png,87f01872bd32710fddc0f74a0313198799c4ca370dfcbe0abe8740a15d5d8ab4,confirmed,,기록 그림,
wave7,wave7/rework-v1/records/boards-l3-composite.png,08f26352e279d503987cf859a46e51feb540b4912fc58d72c0c7009f4e799d7b,confirmed,,기록 그림,
wave7,wave7/rework-v1/records/boards-l4-composite.png,1451d86de4ae254969335ca0b39dd8e4780a77d3c23631ff92d540f0f88ac933,confirmed,,기록 그림,
wave7,wave7/rework-v1/records/frost-a-grass-proof.png,8671eb35ee26b1bde7786c68af81df3dabf9042efdf38515a666515f6409ca24,confirmed,,기록 그림,
wave7,wave7/rework-v1/records/frost-all-grass-proof.png,67fc35fcc44149371c518762ca9627a183b791de78d6dfb4565f66ce6cae92d9,confirmed,,기록 그림,
wave7,wave7/rework-v1/records/snow-l0-registration.png,915045f2902d220a6e74890d20ab599a04912586437b70a469a71448279d2f3f,confirmed,,기록 그림,
wave7,wave7/rework-v1/records/snow-l1-registration.png,d593c4bc0bcf479f6b94e50d69f95e7a77fbe8322bfe240eb7169cf7f8b760fa,confirmed,,기록 그림,
wave7,wave7/rework-v1/records/snow-l2-registration.png,c4942410d998972724de201311f29a8242870b95e2568ef30d9cee35d43a398b,confirmed,,기록 그림,
wave7,wave7/rework-v1/records/snow-l3-registration.png,d0ce3784db7378fca1ebd42327924ce4c88b4b44e875b8976d1fda6689d146b8,confirmed,,기록 그림,
wave7,wave7/rework-v1/records/snow-l4-registration.png,f6c35ca74a060b83e8dffb4222892c9295c511d19d98ef963555381eea94f6d4,confirmed,,기록 그림,
wave7,wave7/rework-v1/records/timber-comparison.png,c344128a68e67ebea90101f16db74a7ccc0060fd39ede8326476c542f9509e4b,confirmed,,기록 그림,
wave8,wave8/candidates-20260925/assets/frames/frame_chronicle_page.png,7151ab9821854f1901c87b95d288d5101544f254b533682513321f87b05fb4e5,confirmed,,Wave 8 확정,UI-3
wave8,wave8/candidates-20260925/assets/frames/frame_minimap.png,48ce4eb98b360fcb678d4ba09fb1493805d3c392db5b5a4eaac652a7f820ee94,confirmed,,Wave 8 확정,UI-3
wave8,wave8/candidates-20260925/assets/frames/frame_objective_drawer.png,44a13b7f754d0ddc7d173ce05f03c2a02bcce41766f4d0673514bc22352f1ad5,confirmed,,Wave 8 확정,UI-3
wave8,wave8/candidates-20260925/assets/frames/frame_overlay_legend.png,e7eead5dcf94848db1c37a4aa2b598ec6430122548870f6cf5fd890e195d246f,confirmed,,Wave 8 확정,UI-3
wave8,wave8/candidates-20260925/assets/frames/frame_petition.png,7c25810ba99f800ca773e544a7e6227a0d6109b4af7e0e174cfb4d9de7e5ce03,confirmed,,Wave 8 확정,UI-3
wave8,wave8/candidates-20260925/assets/frames/frame_season_ledger.png,cc0be5f69d68f8f945cabd927b0d20d35eb5844cc30cadf95f00f0ae49910dca,confirmed,,Wave 8 확정,UI-3
wave8,wave8/candidates-20260925/assets/icons/icon_alert_bell_bad.png,83a43be9ce65777484fc1c9c578b3413e828154225c74f27632a44712c34c3d3,confirmed,,Wave 8 확정,UI-3
wave8,wave8/candidates-20260925/assets/icons/icon_alert_bell_info.png,2f5c8584a2815b3f9546134a6f20c049e054a9043b34f92cffc1ddfaafb46ea7,confirmed,,Wave 8 확정,UI-3
wave8,wave8/candidates-20260925/assets/icons/icon_alert_bell_threat.png,4f98f70c6b695466405caf0d85653fa746a4f87c6c1b2598741fd7ee15e125c9,confirmed,,Wave 8 확정,UI-3
wave8,wave8/candidates-20260925/assets/icons/icon_overlay_danger.png,47b7bc1557e0983eb4a37953ae70ff7dcfce8054c50c60e845cfcb3d47adae7c,confirmed,,Wave 8 확정,UI-3
wave8,wave8/candidates-20260925/assets/icons/icon_overlay_finance.png,4b6f462caa127c48813db87fc43c5d8470732ff407ba28f95a557645a7b654c0,confirmed,,Wave 8 확정,UI-3
wave8,wave8/candidates-20260925/assets/icons/icon_overlay_food.png,24d650cd04e3e1b388fbf850e474af14c16d2b55aff08464bcc330ac4b95ecb3,confirmed,,Wave 8 확정,UI-3
wave8,wave8/candidates-20260925/assets/icons/icon_overlay_labour.png,bb2c3b3b3134a1a958056914f5e21f77d78a2a1e03bb43dba798369315e8cddb,confirmed,,Wave 8 확정,UI-3
wave8,wave8/candidates-20260925/assets/icons/icon_overlay_rights.png,24461aeb18838f785067088d0f244f3ff58efd1a6f5dc0506f079d503d92c599,confirmed,,Wave 8 확정,UI-3
wave8,wave8/candidates-20260925/assets/icons/icon_overlay_transport.png,7177f7442a935ff33dd20794cf07235dcd4530e53eafc6cf2b5f704eebf33b9b,confirmed,,Wave 8 확정,UI-3
wave8,wave8/candidates-20260925/assets/icons/icon_overlay_water.png,b8eb420d69004f890c44191afbe5fd1faeb31e3f13237032db1b723d3776a6a9,confirmed,,Wave 8 확정,UI-3
wave8,wave8/candidates-20260925/assets/icons/icon_overlay_zone.png,1836fe8459d9efd92f83874bc512bddeaa4c45bc6d643c44085edaf9d4afc20d,confirmed,,Wave 8 확정,UI-3
wave8,wave8/candidates-20260925/assets/keyart/keyart_mode_select.png,9ebbc3ea9c16a5aec348b85b190cea910ba999ec156da0621d77bf2d1691bdd8,confirmed,,Wave 8 확정,UI-3
wave8,wave8/candidates-20260925/assets/keyart/keyart_title_bg.png,201d5ab61296a4a81d258695a72d6b449a0eecef17439d8a14a01f457ddb9236,confirmed,,Wave 8 확정,UI-3
wave8,wave8/candidates-20260925/assets/keyart/keyart_title_emblem.png,977163c2c58e3d57acae3e8bbb22b5b6f410be35c3f9c284aa6013adf6b82845,confirmed,,Wave 8 확정,UI-3
wave8,wave8/candidates-20260925/assets/keyart/loading_1315_famine.png,a3a59b853e4d77bbbc941253898a71d2656a86777a88980287cd3cab54cbbbbc,confirmed,,Wave 8 확정,UI-3
wave8,wave8/candidates-20260925/assets/keyart/loading_1337_war.png,e716ea6381273bc2c9b1db51896293f92c1a8bd5f5d966199dfcb9147819e2f4,confirmed,,Wave 8 확정,UI-3
wave8,wave8/candidates-20260925/assets/keyart/loading_1348_plague.png,f326fd6bb76eddb7db2adc142ae1385438ae408572d33dd13a1a6a4499a5dc61,superseded,wave8/plague-fix-20260926/assets/loading_1348_plague.png,흑사병 로딩 v1 → v2,
wave8,wave8/candidates-20260925/assets/ornaments/chronicle_initial_a.png,acbcf5ec168fbb400a7787771ac56fbb98907763e65030da80b045e6226c2832,confirmed,,Wave 8 확정,UI-3
wave8,wave8/candidates-20260925/assets/ornaments/chronicle_initial_b.png,10857f05d91ffc52731c80475c163f470eb2846be4639d6a78830c29ad11cd6d,confirmed,,Wave 8 확정,UI-3
wave8,wave8/candidates-20260925/assets/ornaments/chronicle_initial_c.png,c220c7d13b3438d7a20abb4fe2418a3d137418b1dd94e6dfe4c6a134eba8e20f,confirmed,,Wave 8 확정,UI-3
wave8,wave8/candidates-20260925/assets/ornaments/seal_petition_accept.png,4d098899db16f0a51a479b04e571b2cb08413fdc569473d336f9a26600b00460,confirmed,,Wave 8 확정,UI-3
wave8,wave8/candidates-20260925/assets/ornaments/seal_petition_price.png,008e24830c65e743416aa29770246e9eae3ed46b8ea1936612a9d0a5f8102f7d,confirmed,,Wave 8 확정,UI-3
wave8,wave8/candidates-20260925/assets/ornaments/seal_petition_reject.png,5275dc6709e9ef6a24989ae61685990afadf1e4a1a2cb0cbfd752c4db958ce45,confirmed,,Wave 8 확정,UI-3
wave8,wave8/candidates-20260925/assets/time/pause_badge.png,0f3de54f286d55a5b84c029496fce71be3b9a97c8c441c5b3d11fdb5e1d4a798,confirmed,,Wave 8 확정,UI-3
wave8,wave8/candidates-20260925/assets/time/pause_vignette.png,a04efcfdeb16b5c6a340f6fd5fd6e1c4be16c4781cfeb392be7e971ff52b87cc,confirmed,,Wave 8 확정,UI-3
wave8,wave8/candidates-20260925/assets/time/season_event_harvest.png,3d42595abb3288ed877cdfcf2c11ddbe354347808f8902a8b21adce9f001187a,confirmed,,Wave 8 확정,UI-3
wave8,wave8/candidates-20260925/assets/time/season_event_market_day.png,32c3efaa42ce111c06adfbdd6897687ac1296c6bcc5d15a9315327e0e68b5808,confirmed,,Wave 8 확정,UI-3
wave8,wave8/candidates-20260925/assets/time/season_event_period_end.png,199a2ec0e0bdc44c3640d40d80c4f444814444f4b06d965131295ecf50967483,confirmed,,Wave 8 확정,UI-3
wave8,wave8/candidates-20260925/assets/time/season_event_sow.png,02db743e024378d8d60bad585ea01cad85c037ef8e036586a58f15ae7e6b7afe,confirmed,,Wave 8 확정,UI-3
wave8,wave8/candidates-20260925/assets/time/season_pin.png,3fa12768f6cba3479ac905fcc3cc81c223e842faf178d6d2a4f9cad2a75aa8a8,confirmed,,Wave 8 확정,UI-3
wave8,wave8/candidates-20260925/assets/time/season_strip.png,32f4b0fa662544cf02e04ede32d98d54afa0fb9ac26065fcf4fc4261f36ace3e,confirmed,,Wave 8 확정,UI-3
wave8,wave8/candidates-20260925/proofs/checks/01_roles_hud.png,cd5bb184ae216db091d496d71b4ea5f21ef6cf0a4b198f73e59a52a88074e0ba,confirmed,,확인 그림,
wave8,wave8/candidates-20260925/proofs/checks/02_season_icons_slices.png,e0549c23205a07d185ec45221afb993427504318dfe04641f51042b72e882a1d,confirmed,,확인 그림,
wave8,wave8/candidates-20260925/proofs/checks/03_keyart_comparison.png,0e1ab82ce6131323da525eff3650c7f27f9a52ff9907a2799a552b4a2a38cd22,confirmed,,확인 그림,
wave8,wave8/plague-fix-20260926/assets/loading_1348_plague.png,1b31bba19de460a520dcc43570ade906acc5047e4b89212b51f1f27a68c1abb8,confirmed,,흑사병 로딩 v2,UI-3
wave9,wave9/candidates-20260925/assets/decal/puddle_a-v1.png,4ea532870f0beda7c12523d2d99c8b2e909eac2307dc899d03d26c05db8525d5,confirmed,,Wave 9 확정,UI-4
wave9,wave9/candidates-20260925/assets/decal/puddle_b-v1.png,ef65e2870a20cb0e41b10fdfe0ec2467cdc211615f3ce539acc19d1367294312,confirmed,,Wave 9 확정,UI-4
wave9,wave9/candidates-20260925/assets/decal/soot_ground-v1.png,1d19df5b19908ca0274a4858af232d9685b5277a23828074d0d754283b2e4f90,confirmed,,Wave 9 확정,UI-4
wave9,wave9/candidates-20260925/assets/decal/weeds_overgrown_a-v1.png,f7a0fa6fce0b341d75406e85243ac5bcb4720f370be8f2ee73b3782e808ea401,confirmed,,Wave 9 확정,UI-4
wave9,wave9/candidates-20260925/assets/decal/weeds_overgrown_b-v1.png,6ef973be4ba529787d84a415ef4f99da6722f8d6238407aa1f5171a7455a37fb,confirmed,,Wave 9 확정,UI-4
wave9,wave9/candidates-20260925/assets/event/abandoned_l0-v1.png,ea6c5f9b52dfa4b9247fcf5fd0b9e4a85e89ae3f66512b3cbd0b2575cc1a7f58,confirmed,,Wave 9 확정,UI-4
wave9,wave9/candidates-20260925/assets/event/abandoned_l1-v1.png,5a6747aaa8d859a6c4711c3021d9a46b7331e8cb2e05cda5998f6b07c680cc1c,confirmed,,Wave 9 확정,UI-4
wave9,wave9/candidates-20260925/assets/event/abandoned_l2-v1.png,b33e2e463336bcc52fda00baf2ecd08a583d56676889b57b034a4d2862b0ca7e,confirmed,,Wave 9 확정,UI-4
wave9,wave9/candidates-20260925/assets/event/burnt_l0-v1.png,4564e0262ee00d6c4e479809cd4bf6660b755a8629ef8c19adb70db33c2dd1bb,confirmed,,Wave 9 확정,UI-4
wave9,wave9/candidates-20260925/assets/event/burnt_l1-v1.png,147e0add6a2a14f09f0461686878ef592db6c298f89b5afc2d963f42c4e22ea5,confirmed,,Wave 9 확정,UI-4
wave9,wave9/candidates-20260925/assets/event/burnt_l2-v1.png,d588b925e5077d6f7878fe3ebb3139b8316e9e9294a655b3a5a9751d12473ccb,confirmed,,Wave 9 확정,UI-4
wave9,wave9/candidates-20260925/assets/event/burnt_l3-v1.png,165ed9ceb6a96cc0e171495e9d8a9aec8b520dc72a8eb6abf64e3ac92cc0aefa,confirmed,,Wave 9 확정,UI-4
wave9,wave9/candidates-20260925/assets/event/burnt_l4-v1.png,8d0963d461dba08d9f99bdff88746dd25e7b7a77d850f4b6c9e65ec001dd3ea0,confirmed,,Wave 9 확정,UI-4
wave9,wave9/candidates-20260925/assets/event/crowd_manor_gate-v1.png,4702bfbc032f2c8d0b7ad94503fe4381704890122a64a699011997cf104939d1,confirmed,,Wave 9 확정,UI-4
wave9,wave9/candidates-20260925/assets/event/fire_roof_l0-v1.png,35d06df281e1c66e87efe1dcf70443150ef50d4ee132278bb6a0282ff999c6b8,confirmed,,Wave 9 확정,UI-4
wave9,wave9/candidates-20260925/assets/event/fire_roof_l1-v1.png,cd67afda19281fbd6df1bba535cbf779c64176541767e3e2c42145c00626873b,confirmed,,Wave 9 확정,UI-4
wave9,wave9/candidates-20260925/assets/event/fire_roof_l2-v1.png,1e70a78c1509d1fd579185a1376c054f0d1d2f7b74099575ed7bd1d669fef065,confirmed,,Wave 9 확정,UI-4
wave9,wave9/candidates-20260925/assets/event/fire_roof_l3-v1.png,fa81c864059b00e2c848e3537ad461b7cf7f80ca6ec8535340159c88d8d79d1d,confirmed,,Wave 9 확정,UI-4
wave9,wave9/candidates-20260925/assets/event/fire_roof_l4-v1.png,c781a944952b7d07e1ca7c844da8cc831eb3faa99f824c7bc51ef5fc43c7ab17,confirmed,,Wave 9 확정,UI-4
wave9,wave9/candidates-20260925/assets/event/plague_door_mark-v1.png,8a10a7ab8da2685b10e77df43d1c7979008bb91a67f35eca10fbb2be0f6eea63,retired,,역사 오류로 퇴역(판정표),
wave9,wave9/candidates-20260925/assets/event/plague_shut_l1-v1.png,56ff9412f3c73312f625063c1067cb5a472b119b1214dfe3ba3adc342f10875d,superseded,wave9/rework-20260926/assets/event/plague_shut_l1-v1.png,v1 → 재작업본(같은 파일 이름),
wave9,wave9/candidates-20260925/assets/event/plague_shut_l2-v1.png,4df85ecd575b1b3e444ebcd773f85fea4d03f587542130c4071513983b2531d4,superseded,wave9/rework-20260926/assets/event/plague_shut_l2-v1.png,v1 → 재작업본(같은 파일 이름),
wave9,wave9/candidates-20260925/assets/event/plague_shut_l3-v1.png,726b5eb46378cdff51afa6d884f6980cc5fe06b6da0351637569f185e0d02598,superseded,wave9/rework-20260926/assets/event/plague_shut_l3-v1.png,v1 → 재작업본(같은 파일 이름),
wave9,wave9/candidates-20260925/assets/field/ridge_blighted_a-v1.png,8284d5de9636f7614e1737d97c8e70a7d4a12f17cd420d6f4914fcbe94a60086,confirmed,,Wave 9 확정,UI-4
wave9,wave9/candidates-20260925/assets/field/ridge_blighted_b-v1.png,a8330ad4df929f0c8437fc885ef44d55bd89875420e5eafb3e04ab6589a6e1d8,confirmed,,Wave 9 확정,UI-4
wave9,wave9/candidates-20260925/assets/field/ridge_flooded-v1.png,d51c59506546e0919dc13bc0539f07839aef731ad665d167a3270aa6a42f32ba,confirmed,,Wave 9 확정,UI-4
wave9,wave9/candidates-20260925/assets/fx/black_smoke_column_sheet-v1.png,28d40e5b07d47baf3a859c8c791c155227b7ad1f8dae219c9af0f7ac99eaed30,confirmed,,Wave 9 확정,UI-4
wave9,wave9/candidates-20260925/assets/fx/rain_streak_sheet-v1.png,654dfe210499525bb29a546cdd669d002b757e2e803f5b2eb318cbd20dca03e5,confirmed,,Wave 9 확정,UI-4
wave9,wave9/candidates-20260925/assets/pile/empty_granary_floor-v1.png,6a12e4296f37a270a30d1c95de1018e30a970546ae4b04dde76d31e1cbc62363,confirmed,,Wave 9 확정,UI-4
wave9,wave9/candidates-20260925/assets/prop/coffin_ne-v1.png,271709852d97fc24dfd32585950c20653b36873d794a4590c576778d3adc999a,retired,,역사 오류로 퇴역(판정표),
wave9,wave9/candidates-20260925/assets/prop/coffin_nw-v1.png,d470333c9e55191c6b27db71d7d6da99b04cb96428e57d19a0b73b0e23c82b03,retired,,역사 오류로 퇴역(판정표),
wave9,wave9/candidates-20260925/assets/prop/leaving_child_sheet-v1.png,64f9b3061e032bb59fda208b905697fca6d883c1c09490f9b4aaeee5cdb4d929,confirmed,,Wave 9 확정,UI-4
wave9,wave9/candidates-20260925/assets/prop/scroll_royal_ne-v1.png,2ab40c0fd3b4374e7fb792050722ad5e7c47e02275744df1c50e9d8a86cbf241,confirmed,,Wave 9 확정,UI-4
wave9,wave9/candidates-20260925/assets/prop/scroll_royal_nw-v1.png,f507f0cb9455eeb9f941b373e2402aa54ec0d965f7a1bf900c319e36739d3199,confirmed,,Wave 9 확정,UI-4
wave9,wave9/candidates-20260925/assets/signifier/hungry_queue-v1.png,d44de38c2b294fbd44a95713a4b55f4eed3779bfbb907a19c958edfb07b6aadf,superseded,wave9/rework-20260926/assets/signifier/hungry_queue-v1.png,v1 → 재작업본(같은 파일 이름),
wave9,wave9/candidates-20260925/assets/wk_funeral_bearers-v1.png,8e51b570cd335df31af90ddaff625102d4db57beb31ee04784a17f10c0dcee68,confirmed,,Wave 9 확정,UI-4
wave9,wave9/candidates-20260925/assets/wk_leaving_family-v1.png,e0ae4333103ae02abe0ded93319c46185df0b38ce530e2d34c75a27cafe551ff,confirmed,,Wave 9 확정,UI-4
wave9,wave9/candidates-20260925/assets/wk_petitioner_f-v1.png,325514dadac14471fa16a2a4eebbab2041678be3a5bb9ac855ed1ef424c38477,confirmed,,Wave 9 확정,UI-4
wave9,wave9/candidates-20260925/assets/wk_petitioner_m-v1.png,41b4e57950acd801dc61881f7893d2d017de3bfed6e6d04b17da8b1a04e3394a,confirmed,,Wave 9 확정,UI-4
wave9,wave9/candidates-20260925/assets/wk_royal_messenger-v1.png,99a6964de58e1c18f57fb2c2c4a0db6677866deb201534d3079c5863a32d7909,confirmed,,Wave 9 확정,UI-4
wave9,wave9/candidates-20260925/proofs/checks/01_fire_sequence.png,94c72f44d10c7680dee016fc99b3366be85babd7c5748452da0b7d35f1ef275f,confirmed,,확인 그림,
wave9,wave9/candidates-20260925/proofs/checks/02_famine_field.png,e3ec927fbdf51f3bae1027e7e22f7eef2d8a2340af89695f1ee093ea23a06be5,confirmed,,확인 그림,
wave9,wave9/candidates-20260925/proofs/checks/03_plague_and_workers.png,718184459f2ddf69ac28055e4a2d204bd104ed6a58030d6e180ff3652480e45f,confirmed,,확인 그림,
wave9,wave9/rework-20260926/assets/decal/fresh_graves_a-v1.png,38117bdf171e4c33ffe190b7b98887cddae9320c439b09d33d615b00c1f973c4,confirmed,,재작업본,UI-4
wave9,wave9/rework-20260926/assets/decal/fresh_graves_b-v1.png,16a476f97d7ea70acdc6ee79f06e7d1b1eb0358f763031ef958393508f4b6dc9,confirmed,,재작업본,UI-4
wave9,wave9/rework-20260926/assets/event/plague_shut_l1-v1.png,9b142f8864ce724c14aedfac3cb359e4fd289ed4880de57bd7cb900dbe71f9ef,confirmed,,재작업본,UI-4
wave9,wave9/rework-20260926/assets/event/plague_shut_l2-v1.png,f451409a2d218143db8db9b248fa6b820580c68db44d05d1bdb6f0e1fa114fb7,confirmed,,재작업본,UI-4
wave9,wave9/rework-20260926/assets/event/plague_shut_l3-v1.png,a936ec32605db6fccf18b051252b8b0872a52b6eef5e4bf24471d16af7e209db,confirmed,,재작업본,UI-4
wave9,wave9/rework-20260926/assets/prop/bier_shroud_ne-v1.png,5726d1eb760a2fe604616766f221b10a63270c7f94a9a7a92c9d2b4974884fa7,confirmed,,재작업본,UI-4
wave9,wave9/rework-20260926/assets/prop/bier_shroud_nw-v1.png,0431d99caf69ce82867f313c214f5751f7090d698b6b36b06b32d15a39393533,confirmed,,재작업본,UI-4
wave9,wave9/rework-20260926/assets/signifier/hungry_queue-v1.png,305f67eb549e18a8355fea199de4c42ead1efdc85e615bb59625f3318cc35a7b,confirmed,,재작업본,UI-4
wave9,wave9/rework-20260926/proofs/checks/01_plague_street_rework.png,7f204a6d2745a8f3700a2651c5108f5e0690352654f64ff818fe90a17f1ab144,confirmed,,확인 그림,
zone-ground-pilot,zone-ground-pilot/pilot-20260924/assets/orchard_tree_apple-pilot.png,88341247e12f0997b997cae38ea5f70c359a8769a8bbc730d5082f5cd22b354a,rejected,,구역 지면 파일럿 불채택(판정 2026-09-26),
zone-ground-pilot,zone-ground-pilot/pilot-20260924/assets/orchard_tree_pear-pilot.png,7aa1c1a91b84a81e3196fbedcb352b497a204b150c4120667056a12f57eac4c1,rejected,,구역 지면 파일럿 불채택(판정 2026-09-26),
zone-ground-pilot,zone-ground-pilot/pilot-20260924/assets/zone_surface_croft-pilot.png,5aa1fdca46520834fc37c17c3d783dc5a13c848e01778bdeff46fa33acfc2350,rejected,,구역 지면 파일럿 불채택(판정 2026-09-26),
zone-ground-pilot,zone-ground-pilot/pilot-20260924/assets/zone_surface_open_field-pilot.png,f2be942bc02119bae8a6e03f6a2f0608c3799c083c67aa67ebf004ef2c838820,rejected,,구역 지면 파일럿 불채택(판정 2026-09-26),
zone-ground-pilot,zone-ground-pilot/pilot-20260924/assets/zone_surface_pasture-pilot.png,6e3f5cc1705351a61527b4ad2869c1886dbfa99b4b5e36486a7e5d5d581369c3,rejected,,구역 지면 파일럿 불채택(판정 2026-09-26),
zone-ground-pilot,zone-ground-pilot/pilot-20260924/assets/zone_surfaces_preview-pilot.png,fc566c279302f4118079b19c8b0d7682084fb5b13d3a11e082984a4d3f7f5126,rejected,,구역 지면 파일럿 불채택(판정 2026-09-26) · 확인 그림,
zone-ground-pilot,zone-ground-pilot/pilot-20260924/assets/zone_surfaces_repeat_check-pilot.png,7119b5146a951f608e2208f16074fb520d753c025b365fa037e74712df4b3524,rejected,,구역 지면 파일럿 불채택(판정 2026-09-26) · 확인 그림,
