"assetId","version","runtimePath","runtimeSha256","sourcePath","sourceSha256","tool","model","generatedAt","prompt","referenceInputs","seed","candidates","manualEdits","artBible","historicalProfile","owner","usedIn","status","notes"
"foliage/tree_oak_large_autumn-v1","v1","foliage/tree_oak_large_autumn-v1.png","787293e80a7b38c9e58e1010f182ad17db769ed574fc4f328d6ff64d6961c5c2","/Users/rexxa/Library/Application Support/orca/codex-accounts/54be5844-95fd-4c46-925c-75327ccd186a/home/generated_images/01a0db00-5d14-7bf1-9f38-15a8f8b1082c/exec-53003c30-1161-41f2-82fc-f9f81b7295c9.png","e73afed9a5f3a670f46195bb5ef939ed29f6213270949dd57cead067f6aaf9b5","native image_gen edit","not exposed","2026-09-25T23:58:10.120Z","ATTEMPT 1
Use case: lighting-weather. Edit target: the attached exact project tree_oak_large sprite. Create ONE autumn version of this SAME oak tree, transparent PNG. Preserve original canvas aspect, tree position, trunk and root contact point, all main branch directions, and the precise irregular rounded crown silhouette and outer landmarks. Change ONLY season: southern England 1300–1450 oak, muted brown, tan, ochre and soft gold leaves, somewhat sparser late-autumn foliage. No vivid red. Keep painterly low-resolution city-builder brushwork and soft top-left light, no new ground patch, no text, no checkerboard. Original is a tiny 86×112 canvas with tree occupying the bottom half: preserve that unusual transparent top space and footprint exactly; do not enlarge or recenter the tree. Return transparent background.","tree_oak_large.png","not exposed","1","Single high-quality crop/resize and translation registering source visible alpha bounding box to original visible alpha bounding box, on exact original canvas; transparent margins retained. Lower 22 percent receives integer row translations tapering to contact-centroid alignment; no painted pixels invented procedurally.","AB_2026-09-19_v1","S_England_1300_1450_v1","Astra Wave15","candidate only; no game installation","candidate","Native seasonal edit selected after side-by-side original comparison; crown envelope, root baseline, low saturation and thin snow checked at final canvas size.; Source identity: tree_oak_large.png"
"foliage/tree_oak_large_winter-v1","v1","foliage/tree_oak_large_winter-v1.png","c5fa00e8fdc8cb5e2f8862f8a7e406e13983e62c9213734f589b88ef84273ba5","/Users/rexxa/Library/Application Support/orca/codex-accounts/54be5844-95fd-4c46-925c-75327ccd186a/home/generated_images/01a0db00-5d14-7bf1-9f38-15a8f8b1082c/exec-f81ecd13-87d1-461a-b06d-84852a0b1b7d.png","49f462d7f22ae68ca92f1333017e3c3b61e8f186793f1d6532bb1aed9cc55b07","native image_gen edit","not exposed","2026-09-25T23:59:16.567Z","ATTEMPT 1
Use case: lighting-weather. Edit target: exact attached tree_oak_large project sprite, 88×112 original canvas. Make ONE snow-free winter version of the SAME tree on true transparent background. Keep original huge transparent top space, exact trunk/root contact, twisted bifurcating trunk, branch directions, camera, and rounded low spreading crown outer landmarks. Remove foliage to reveal an open leafless oak branch network ending at the original crown contours; do not invent a taller/new tree, do not shrink the winter skeleton. Southern England winter; subdued grey-brown wood, no snow, no leaves, no ground patch. Keep original painterly tiny game sprite style and soft upper-left light. No text, grid or checkerboard.

ATTEMPT 2
Edit the attached original tree_oak_large sprite into the SAME tree in snow-free winter. Preserve exact 88×112 original canvas proportions, bottom placement and root contact, twisted forked trunk, and low spreading rounded crown envelope. Remove leaves to show bare brown branches reaching the same crown landmarks. Do not make a new tree or enlarge it. True transparent background, original painterly game art, soft top-left light. No ground, snow, text or checkerboard.","tree_oak_large.png","not exposed","1","Single high-quality crop/resize and translation registering source visible alpha bounding box to original visible alpha bounding box, on exact original canvas; transparent margins retained. Lower 22 percent receives integer row translations tapering to contact-centroid alignment; no painted pixels invented procedurally.","AB_2026-09-19_v1","S_England_1300_1450_v1","Astra Wave15","candidate only; no game installation","candidate","Native seasonal edit selected after side-by-side original comparison; crown envelope, root baseline, low saturation and thin snow checked at final canvas size.; Source identity: tree_oak_large.png"
"foliage/tree_oak_large_winter_snow-v1","v1","foliage/tree_oak_large_winter_snow-v1.png","62d0fc2d98a766399efea9f63fb68078356e7fcd7bb48ab45282d70126edb155","/Users/rexxa/Library/Application Support/orca/codex-accounts/54be5844-95fd-4c46-925c-75327ccd186a/home/generated_images/01a0db00-5d14-7bf1-9f38-15a8f8b1082c/exec-f98f0462-5e07-4acc-8bea-59448dfa71b9.png","1cdae8e62f0a529555ebcd8e9a4139eca062a9ea8118e6e3c31e902764f06b4d","native image_gen edit","not exposed","2026-09-26T00:00:43.824Z","ATTEMPT 1
Use case: lighting-weather. Edit target: the attached original project tree_oak_large sprite. Create ONE winter_snow seasonal version of this exact SAME plant. Winter with VERY THIN light snow on upward branch surfaces. Deciduous trees leafless skeleton follows original crown outer landmarks, pine keeps original green needles all over with a few narrow white snow edges. No piled snow or white blanket. Preserve original canvas aspect ratio, unusually empty transparent margins, precise tree placement, foot/root contact, trunk shape, branch directions and asymmetrical canopy contour. Winter branch tips must reach the same outer crown landmarks; do not make a different tree or resize/recenter it. Southern England 1300–1450, muted painterly city-builder sprite, soft top-left daylight. True transparent PNG. No new ground patch, no cast shadow expansion, no text, checkerboard, grid, vivid red foliage or modern objects. Keep silhouette readable when reduced to original tiny pixel dimensions.","tree_oak_large.png","not exposed","1","Single high-quality crop/resize and translation registering source visible alpha bounding box to original visible alpha bounding box, on exact original canvas; transparent margins retained. Lower 22 percent receives integer row translations tapering to contact-centroid alignment; no painted pixels invented procedurally.","AB_2026-09-19_v1","S_England_1300_1450_v1","Astra Wave15","candidate only; no game installation","candidate","Native seasonal edit selected after side-by-side original comparison; crown envelope, root baseline, low saturation and thin snow checked at final canvas size.; Source identity: tree_oak_large.png"
"foliage/tree_oak_large_spring-v1","v1","foliage/tree_oak_large_spring-v1.png","48bfd0b33bcac02265544ad146f6c111deb5f8c8008134b6eb506a5185bf903f","/Users/rexxa/Library/Application Support/orca/codex-accounts/54be5844-95fd-4c46-925c-75327ccd186a/home/generated_images/01a0db00-5d14-7bf1-9f38-15a8f8b1082c/exec-13c242eb-3062-48e8-b207-28b2d499f469.png","ade60c8ab19920b2d412ca49ab723ae07ae45394681e589fcf5e7547c2d5eec1","native image_gen edit","not exposed","2026-09-26T00:01:57.713Z","ATTEMPT 1
Use case: lighting-weather. Edit target: the attached original project tree_oak_large sprite. Create ONE spring seasonal version of this exact SAME plant. Spring: soft light yellow-green fresh leaves, original foliage volume and same identity. For shrubs specifically hawthorn clusters of small white flowers among fresh green leaves, not pink. Preserve original canvas aspect ratio, unusually empty transparent margins, precise tree placement, foot/root contact, trunk shape, branch directions and asymmetrical canopy contour. Winter branch tips must reach the same outer crown landmarks; do not make a different tree or resize/recenter it. Southern England 1300–1450, muted painterly city-builder sprite, soft top-left daylight. True transparent PNG. No new ground patch, no cast shadow expansion, no text, checkerboard, grid, vivid red foliage or modern objects. Keep silhouette readable when reduced to original tiny pixel dimensions.","tree_oak_large.png","not exposed","1","Single high-quality crop/resize and translation registering source visible alpha bounding box to original visible alpha bounding box, on exact original canvas; transparent margins retained. Lower 22 percent receives integer row translations tapering to contact-centroid alignment; no painted pixels invented procedurally.","AB_2026-09-19_v1","S_England_1300_1450_v1","Astra Wave15","candidate only; no game installation","candidate","Native seasonal edit selected after side-by-side original comparison; crown envelope, root baseline, low saturation and thin snow checked at final canvas size.; Source identity: tree_oak_large.png"
"foliage/tree_oak_small_autumn-v1","v1","foliage/tree_oak_small_autumn-v1.png","b82666a899d226207376168da8d588bcbb19f97923d661358110e205025915ea","/Users/rexxa/Library/Application Support/orca/codex-accounts/54be5844-95fd-4c46-925c-75327ccd186a/home/generated_images/01a0db00-5d14-7bf1-9f38-15a8f8b1082c/exec-3c503983-9104-4990-b83b-48d1a7075bb7.png","eee44cf28114f07ecd86962ab21aec64b142ca7769b71953a57b7ac01b8ffa0f","native image_gen edit","not exposed","2026-09-26T00:02:33.660Z","ATTEMPT 1
Use case: lighting-weather. Edit target: the attached original project tree_oak_small sprite. Create ONE autumn seasonal version of this exact SAME plant. Autumn: muted brown/tan/golden leaves, sparse oak late-autumn brown leaves; birch softly yellow; shrubs muted russet-brown, never bright red. Preserve original canvas aspect ratio, unusually empty transparent margins, precise tree placement, foot/root contact, trunk shape, branch directions and asymmetrical canopy contour. Winter branch tips must reach the same outer crown landmarks; do not make a different tree or resize/recenter it. Southern England 1300–1450, muted painterly city-builder sprite, soft top-left daylight. True transparent PNG. No new ground patch, no cast shadow expansion, no text, checkerboard, grid, vivid red foliage or modern objects. Keep silhouette readable when reduced to original tiny pixel dimensions.","tree_oak_small.png","not exposed","1","Single high-quality crop/resize and translation registering source visible alpha bounding box to original visible alpha bounding box, on exact original canvas; transparent margins retained. Lower 22 percent receives integer row translations tapering to contact-centroid alignment; no painted pixels invented procedurally.","AB_2026-09-19_v1","S_England_1300_1450_v1","Astra Wave15","candidate only; no game installation","candidate","Native seasonal edit selected after side-by-side original comparison; crown envelope, root baseline, low saturation and thin snow checked at final canvas size.; Source identity: tree_oak_small.png"
"foliage/tree_oak_small_winter-v1","v1","foliage/tree_oak_small_winter-v1.png","cac1f5fd486df83f721d6fb0e2621f7f9e653e9810bf2d5dd38d429324ae6f3b","/Users/rexxa/Library/Application Support/orca/codex-accounts/54be5844-95fd-4c46-925c-75327ccd186a/home/generated_images/01a0db00-5d14-7bf1-9f38-15a8f8b1082c/exec-68653194-bf12-40c4-b039-94b961f6e66e.png","f1e80e96b8976342211a928584f2379dbee4c17f15020d4728d59f5f075b899e","native image_gen edit","not exposed","2026-09-26T00:03:07.301Z","ATTEMPT 1
Use case: lighting-weather. Edit target: the attached original project tree_oak_small sprite. Create ONE winter seasonal version of this exact SAME plant. Snow-free winter: leafless branches follow the exact original foliage crown outer landmarks. Grey brown bare wood; birch white bark retained. Shrubs are bare hawthorn twigs with just a few tiny dull red berries. No green foliage. Preserve original canvas aspect ratio, unusually empty transparent margins, precise tree placement, foot/root contact, trunk shape, branch directions and asymmetrical canopy contour. Winter branch tips must reach the same outer crown landmarks; do not make a different tree or resize/recenter it. Southern England 1300–1450, muted painterly city-builder sprite, soft top-left daylight. True transparent PNG. No new ground patch, no cast shadow expansion, no text, checkerboard, grid, vivid red foliage or modern objects. Keep silhouette readable when reduced to original tiny pixel dimensions.","tree_oak_small.png","not exposed","1","Single high-quality crop/resize and translation registering source visible alpha bounding box to original visible alpha bounding box, on exact original canvas; transparent margins retained. Lower 22 percent receives integer row translations tapering to contact-centroid alignment; no painted pixels invented procedurally.","AB_2026-09-19_v1","S_England_1300_1450_v1","Astra Wave15","candidate only; no game installation","candidate","Native seasonal edit selected after side-by-side original comparison; crown envelope, root baseline, low saturation and thin snow checked at final canvas size.; Source identity: tree_oak_small.png"
"foliage/tree_oak_small_winter_snow-v1","v1","foliage/tree_oak_small_winter_snow-v1.png","d266dfb9bc77403e443d029cbe8b04c7ba040b9665d650e67683fcb2bcd48c41","/Users/rexxa/Library/Application Support/orca/codex-accounts/54be5844-95fd-4c46-925c-75327ccd186a/home/generated_images/01a0db00-5d14-7bf1-9f38-15a8f8b1082c/exec-41884d80-de4c-4bba-b020-967eae2c3e2f.png","62671c34e63cc290e73f9c1f8afed6d06c09b44cebefd4addf04fc099901d053","native image_gen edit","not exposed","2026-09-26T00:03:39.251Z","ATTEMPT 1
Use case: lighting-weather. Edit target: the attached original project tree_oak_small sprite. Create ONE winter_snow seasonal version of this exact SAME plant. Winter with VERY THIN light snow on upward branch surfaces. Deciduous trees leafless skeleton follows original crown outer landmarks, pine keeps original green needles all over with a few narrow white snow edges. No piled snow or white blanket. Preserve original canvas aspect ratio, unusually empty transparent margins, precise tree placement, foot/root contact, trunk shape, branch directions and asymmetrical canopy contour. Winter branch tips must reach the same outer crown landmarks; do not make a different tree or resize/recenter it. Southern England 1300–1450, muted painterly city-builder sprite, soft top-left daylight. True transparent PNG. No new ground patch, no cast shadow expansion, no text, checkerboard, grid, vivid red foliage or modern objects. Keep silhouette readable when reduced to original tiny pixel dimensions.","tree_oak_small.png","not exposed","1","Single high-quality crop/resize and translation registering source visible alpha bounding box to original visible alpha bounding box, on exact original canvas; transparent margins retained. Lower 22 percent receives integer row translations tapering to contact-centroid alignment; no painted pixels invented procedurally.","AB_2026-09-19_v1","S_England_1300_1450_v1","Astra Wave15","candidate only; no game installation","candidate","Native seasonal edit selected after side-by-side original comparison; crown envelope, root baseline, low saturation and thin snow checked at final canvas size.; Source identity: tree_oak_small.png"
"foliage/tree_oak_small_spring-v1","v1","foliage/tree_oak_small_spring-v1.png","a4494807f25688512f09e894c9b7dc7ef28ace09e7cc651b59d2755fc2cef9f8","/Users/rexxa/Library/Application Support/orca/codex-accounts/54be5844-95fd-4c46-925c-75327ccd186a/home/generated_images/01a0db00-5d14-7bf1-9f38-15a8f8b1082c/exec-6aa6a116-621f-4114-ab32-4e8f6b11da3b.png","037563b834964b3486ace72a89a49b065b07de070072829793ac7a79abc7cf3d","native image_gen edit","not exposed","2026-09-26T00:04:14.603Z","ATTEMPT 1
Use case: lighting-weather. Edit target: the attached original project tree_oak_small sprite. Create ONE spring seasonal version of this exact SAME plant. Spring: soft light yellow-green fresh leaves, original foliage volume and same identity. For shrubs specifically hawthorn clusters of small white flowers among fresh green leaves, not pink. Preserve original canvas aspect ratio, unusually empty transparent margins, precise tree placement, foot/root contact, trunk shape, branch directions and asymmetrical canopy contour. Winter branch tips must reach the same outer crown landmarks; do not make a different tree or resize/recenter it. Southern England 1300–1450, muted painterly city-builder sprite, soft top-left daylight. True transparent PNG. No new ground patch, no cast shadow expansion, no text, checkerboard, grid, vivid red foliage or modern objects. Keep silhouette readable when reduced to original tiny pixel dimensions.","tree_oak_small.png","not exposed","1","Single high-quality crop/resize and translation registering source visible alpha bounding box to original visible alpha bounding box, on exact original canvas; transparent margins retained. Lower 22 percent receives integer row translations tapering to contact-centroid alignment; no painted pixels invented procedurally.","AB_2026-09-19_v1","S_England_1300_1450_v1","Astra Wave15","candidate only; no game installation","candidate","Native seasonal edit selected after side-by-side original comparison; crown envelope, root baseline, low saturation and thin snow checked at final canvas size.; Source identity: tree_oak_small.png"
"foliage/tree_birch_autumn-v1","v1","foliage/tree_birch_autumn-v1.png","15583e03f2cd6ec5647ed971d9be2c3119efbeed0dfd9852b8e69340159aa2f7","/Users/rexxa/Library/Application Support/orca/codex-accounts/54be5844-95fd-4c46-925c-75327ccd186a/home/generated_images/01a0db00-5d14-7bf1-9f38-15a8f8b1082c/exec-dd96e70a-da50-48ea-9bdd-9adc63cba124.png","91a6a1583b2c0bf85b126c03f41462699495a456917edd693c241bf1c7204596","native image_gen edit","not exposed","2026-09-26T00:13:18.870Z","ATTEMPT 1
Use case: lighting-weather. Edit target: the attached original project tree_birch sprite. Create ONE autumn seasonal version of this exact SAME plant. Autumn: muted brown/tan/golden leaves, sparse oak late-autumn brown leaves; birch softly yellow; shrubs muted russet-brown, never bright red. Preserve original canvas aspect ratio, unusually empty transparent margins, precise tree placement, foot/root contact, trunk shape, branch directions and asymmetrical canopy contour. Winter branch tips must reach the same outer crown landmarks; do not make a different tree or resize/recenter it. Southern England 1300–1450, muted painterly city-builder sprite, soft top-left daylight. True transparent PNG. No new ground patch, no cast shadow expansion, no text, checkerboard, grid, vivid red foliage or modern objects. Keep silhouette readable when reduced to original tiny pixel dimensions.

ATTEMPT 2
Use case: lighting-weather. Edit attached exact tree_birch original sprite to autumn. Change ONLY green leaves to MUTED PALE GOLDEN YELLOW, straw yellow and ochre-yellow, not bronze, not orange-brown, not oak autumn colors. Keep some pale yellow highlights and olive-yellow shadows. Southern English birch has YELLOW autumn leaves. Preserve white peeling birch trunk exactly, exact original tilted asymmetrical canopy silhouette, all trunk/root locations, original 60×96 canvas proportions and empty upper margin. True transparent background. Same handpainted small citybuilder sprite brushwork, soft top-left daylight. No red, orange, text, ground or snow. Return one same-tree seasonal edit.","tree_birch.png","not exposed","2","Single high-quality crop/resize and translation registering source visible alpha bounding box to original visible alpha bounding box, on exact original canvas; transparent margins retained. Lower 22 percent receives integer row translations tapering to contact-centroid alignment; no painted pixels invented procedurally.","AB_2026-09-19_v1","S_England_1300_1450_v1","Astra Wave15","candidate only; no game installation","candidate","Targeted correction: pale muted golden-yellow birch leaves, distinct from brown oak; original white bark and silhouette retained.; Source identity: tree_birch.png"
"foliage/tree_birch_winter-v1","v1","foliage/tree_birch_winter-v1.png","1a25b3117593314473da1366246f95daaca1b9301590c30f1385d6b2823fb062","/Users/rexxa/Library/Application Support/orca/codex-accounts/54be5844-95fd-4c46-925c-75327ccd186a/home/generated_images/01a0db00-5d14-7bf1-9f38-15a8f8b1082c/exec-2a1d14c6-0ffd-4e97-b08a-fe9e5dd3d919.png","562334e5f621c0a1a29632a2ce21af6a4012f00ee4b1ac1c53d4e5223d9b521e","native image_gen edit","not exposed","2026-09-26T00:05:19.917Z","ATTEMPT 1
Use case: lighting-weather. Edit target: the attached original project tree_birch sprite. Create ONE winter seasonal version of this exact SAME plant. Snow-free winter: leafless branches follow the exact original foliage crown outer landmarks. Grey brown bare wood; birch white bark retained. Shrubs are bare hawthorn twigs with just a few tiny dull red berries. No green foliage. Preserve original canvas aspect ratio, unusually empty transparent margins, precise tree placement, foot/root contact, trunk shape, branch directions and asymmetrical canopy contour. Winter branch tips must reach the same outer crown landmarks; do not make a different tree or resize/recenter it. Southern England 1300–1450, muted painterly city-builder sprite, soft top-left daylight. True transparent PNG. No new ground patch, no cast shadow expansion, no text, checkerboard, grid, vivid red foliage or modern objects. Keep silhouette readable when reduced to original tiny pixel dimensions.","tree_birch.png","not exposed","1","Single high-quality crop/resize and translation registering source visible alpha bounding box to original visible alpha bounding box, on exact original canvas; transparent margins retained. Lower 22 percent receives integer row translations tapering to contact-centroid alignment; no painted pixels invented procedurally.","AB_2026-09-19_v1","S_England_1300_1450_v1","Astra Wave15","candidate only; no game installation","candidate","Native seasonal edit selected after side-by-side original comparison; crown envelope, root baseline, low saturation and thin snow checked at final canvas size.; Source identity: tree_birch.png"
"foliage/tree_birch_spring-v1","v1","foliage/tree_birch_spring-v1.png","314f70fc81dcd686e73415f329c4bd4d1ff96fcd9cc6f74a395cd1971c98418e","/Users/rexxa/Library/Application Support/orca/codex-accounts/54be5844-95fd-4c46-925c-75327ccd186a/home/generated_images/01a0db00-5d14-7bf1-9f38-15a8f8b1082c/exec-b83b0c70-f623-41bc-a67a-629048eef137.png","0563e51db538387a4085c6081373fe667caa7c75700ff21f4635a4532c85b878","native image_gen edit","not exposed","2026-09-26T00:05:53.024Z","ATTEMPT 1
Use case: lighting-weather. Edit target: the attached original project tree_birch sprite. Create ONE spring seasonal version of this exact SAME plant. Spring: soft light yellow-green fresh leaves, original foliage volume and same identity. For shrubs specifically hawthorn clusters of small white flowers among fresh green leaves, not pink. Preserve original canvas aspect ratio, unusually empty transparent margins, precise tree placement, foot/root contact, trunk shape, branch directions and asymmetrical canopy contour. Winter branch tips must reach the same outer crown landmarks; do not make a different tree or resize/recenter it. Southern England 1300–1450, muted painterly city-builder sprite, soft top-left daylight. True transparent PNG. No new ground patch, no cast shadow expansion, no text, checkerboard, grid, vivid red foliage or modern objects. Keep silhouette readable when reduced to original tiny pixel dimensions.","tree_birch.png","not exposed","1","Single high-quality crop/resize and translation registering source visible alpha bounding box to original visible alpha bounding box, on exact original canvas; transparent margins retained. Lower 22 percent receives integer row translations tapering to contact-centroid alignment; no painted pixels invented procedurally.","AB_2026-09-19_v1","S_England_1300_1450_v1","Astra Wave15","candidate only; no game installation","candidate","Native seasonal edit selected after side-by-side original comparison; crown envelope, root baseline, low saturation and thin snow checked at final canvas size.; Source identity: tree_birch.png"
"foliage/shrub_a_autumn-v1","v1","foliage/shrub_a_autumn-v1.png","b1e0afdc34735735173a397e7b5f3f310e66267b9bebcc398310edb1a9d38f43","/Users/rexxa/Library/Application Support/orca/codex-accounts/54be5844-95fd-4c46-925c-75327ccd186a/home/generated_images/01a0db00-5d14-7bf1-9f38-15a8f8b1082c/exec-26a8b51d-1e1a-4e78-b542-397a9031f42f.png","3174febe299396e257928219b69445c5f035eeb293dd1816c860dac44ed2324b","native image_gen edit","not exposed","2026-09-26T00:07:31.733Z","ATTEMPT 1
Use case: lighting-weather. Edit target: the attached original project shrub_a sprite. Create ONE autumn seasonal version of this exact SAME plant. Autumn: muted brown/tan/golden leaves, sparse oak late-autumn brown leaves; birch softly yellow; shrubs muted russet-brown, never bright red. Preserve original canvas aspect ratio, unusually empty transparent margins, precise tree placement, foot/root contact, trunk shape, branch directions and asymmetrical canopy contour. Winter branch tips must reach the same outer crown landmarks; do not make a different tree or resize/recenter it. Southern England 1300–1450, muted painterly city-builder sprite, soft top-left daylight. True transparent PNG. No new ground patch, no cast shadow expansion, no text, checkerboard, grid, vivid red foliage or modern objects. Keep silhouette readable when reduced to original tiny pixel dimensions.","shrub_a.png","not exposed","1","Single high-quality crop/resize and translation registering source visible alpha bounding box to original visible alpha bounding box, on exact original canvas; transparent margins retained. Lower 22 percent receives integer row translations tapering to contact-centroid alignment; no painted pixels invented procedurally.","AB_2026-09-19_v1","S_England_1300_1450_v1","Astra Wave15","candidate only; no game installation","candidate","Native seasonal edit selected after side-by-side original comparison; crown envelope, root baseline, low saturation and thin snow checked at final canvas size.; Source identity: shrub_a.png"
"foliage/shrub_a_winter-v1","v1","foliage/shrub_a_winter-v1.png","c6cffda1ac05a4f6589c5976d70a4cc93ac65d3240b2e4801003107041014e26","/Users/rexxa/Library/Application Support/orca/codex-accounts/54be5844-95fd-4c46-925c-75327ccd186a/home/generated_images/01a0db00-5d14-7bf1-9f38-15a8f8b1082c/exec-ff4c1e72-efcd-47f5-896e-e3461920db3b.png","61a9272dae07dfae7e104b7c55eed686e9d393f3115dc97e9c1c18b3fff908a8","native image_gen edit","not exposed","2026-09-26T00:08:05.251Z","ATTEMPT 1
Use case: lighting-weather. Edit target: the attached original project shrub_a sprite. Create ONE winter seasonal version of this exact SAME plant. Snow-free winter: leafless branches follow the exact original foliage crown outer landmarks. Grey brown bare wood; birch white bark retained. Shrubs are bare hawthorn twigs with just a few tiny dull red berries. No green foliage. Preserve original canvas aspect ratio, unusually empty transparent margins, precise tree placement, foot/root contact, trunk shape, branch directions and asymmetrical canopy contour. Winter branch tips must reach the same outer crown landmarks; do not make a different tree or resize/recenter it. Southern England 1300–1450, muted painterly city-builder sprite, soft top-left daylight. True transparent PNG. No new ground patch, no cast shadow expansion, no text, checkerboard, grid, vivid red foliage or modern objects. Keep silhouette readable when reduced to original tiny pixel dimensions.","shrub_a.png","not exposed","1","Single high-quality crop/resize and translation registering source visible alpha bounding box to original visible alpha bounding box, on exact original canvas; transparent margins retained. Lower 22 percent receives integer row translations tapering to contact-centroid alignment; no painted pixels invented procedurally.","AB_2026-09-19_v1","S_England_1300_1450_v1","Astra Wave15","candidate only; no game installation","candidate","Native seasonal edit selected after side-by-side original comparison; crown envelope, root baseline, low saturation and thin snow checked at final canvas size.; Source identity: shrub_a.png"
"foliage/shrub_a_spring-v1","v1","foliage/shrub_a_spring-v1.png","6ae1f0cec9f5cd9f5cb72cd3298838721f2473a3142fb1e270f67ac5d579ed02","/Users/rexxa/Library/Application Support/orca/codex-accounts/54be5844-95fd-4c46-925c-75327ccd186a/home/generated_images/01a0db00-5d14-7bf1-9f38-15a8f8b1082c/exec-502e8424-cb7e-41e3-9765-b8a737754913.png","7b488201ca2b9186d2f8647c52a8f19d36755404f0bb123dfbf4b4b5a4f2aedd","native image_gen edit","not exposed","2026-09-26T00:08:40.819Z","ATTEMPT 1
Use case: lighting-weather. Edit target: the attached original project shrub_a sprite. Create ONE spring seasonal version of this exact SAME plant. Spring: soft light yellow-green fresh leaves, original foliage volume and same identity. For shrubs specifically hawthorn clusters of small white flowers among fresh green leaves, not pink. Preserve original canvas aspect ratio, unusually empty transparent margins, precise tree placement, foot/root contact, trunk shape, branch directions and asymmetrical canopy contour. Winter branch tips must reach the same outer crown landmarks; do not make a different tree or resize/recenter it. Southern England 1300–1450, muted painterly city-builder sprite, soft top-left daylight. True transparent PNG. No new ground patch, no cast shadow expansion, no text, checkerboard, grid, vivid red foliage or modern objects. Keep silhouette readable when reduced to original tiny pixel dimensions.","shrub_a.png","not exposed","1","Single high-quality crop/resize and translation registering source visible alpha bounding box to original visible alpha bounding box, on exact original canvas; transparent margins retained. Lower 22 percent receives integer row translations tapering to contact-centroid alignment; no painted pixels invented procedurally.","AB_2026-09-19_v1","S_England_1300_1450_v1","Astra Wave15","candidate only; no game installation","candidate","Native seasonal edit selected after side-by-side original comparison; crown envelope, root baseline, low saturation and thin snow checked at final canvas size.; Source identity: shrub_a.png"
"foliage/shrub_b_autumn-v1","v1","foliage/shrub_b_autumn-v1.png","69448d49c1605528664676c54760371d2d9524c19e66eef60981fc797a80af1d","/Users/rexxa/Library/Application Support/orca/codex-accounts/54be5844-95fd-4c46-925c-75327ccd186a/home/generated_images/01a0db00-5d14-7bf1-9f38-15a8f8b1082c/exec-7440c888-de9f-4ef8-8edc-8932e749f0e6.png","5e825a272d3fcc2cd24d64d307bb319fcd9b905d7c72c1ce6a7d9558e0f39fe6","native image_gen edit","not exposed","2026-09-26T00:09:14.282Z","ATTEMPT 1
Use case: lighting-weather. Edit target: the attached original project shrub_b sprite. Create ONE autumn seasonal version of this exact SAME plant. Autumn: muted brown/tan/golden leaves, sparse oak late-autumn brown leaves; birch softly yellow; shrubs muted russet-brown, never bright red. Preserve original canvas aspect ratio, unusually empty transparent margins, precise tree placement, foot/root contact, trunk shape, branch directions and asymmetrical canopy contour. Winter branch tips must reach the same outer crown landmarks; do not make a different tree or resize/recenter it. Southern England 1300–1450, muted painterly city-builder sprite, soft top-left daylight. True transparent PNG. No new ground patch, no cast shadow expansion, no text, checkerboard, grid, vivid red foliage or modern objects. Keep silhouette readable when reduced to original tiny pixel dimensions.","shrub_b.png","not exposed","1","Single high-quality crop/resize and translation registering source visible alpha bounding box to original visible alpha bounding box, on exact original canvas; transparent margins retained. Lower 22 percent receives integer row translations tapering to contact-centroid alignment; no painted pixels invented procedurally.","AB_2026-09-19_v1","S_England_1300_1450_v1","Astra Wave15","candidate only; no game installation","candidate","Native seasonal edit selected after side-by-side original comparison; crown envelope, root baseline, low saturation and thin snow checked at final canvas size.; Source identity: shrub_b.png"
"foliage/shrub_b_winter-v1","v1","foliage/shrub_b_winter-v1.png","c885805913314aeeba33f49ded1c36bbcaf344475dfc8ddc760f218c7b0a125b","/Users/rexxa/Library/Application Support/orca/codex-accounts/54be5844-95fd-4c46-925c-75327ccd186a/home/generated_images/01a0db00-5d14-7bf1-9f38-15a8f8b1082c/exec-2d789224-d50b-4b83-a36d-0c82743f5f93.png","090413a844c0076f9b55d1d568336fe436e5f79951d8446fe2d848b49b19c7b4","native image_gen edit","not exposed","2026-09-26T00:09:47.697Z","ATTEMPT 1
Use case: lighting-weather. Edit target: the attached original project shrub_b sprite. Create ONE winter seasonal version of this exact SAME plant. Snow-free winter: leafless branches follow the exact original foliage crown outer landmarks. Grey brown bare wood; birch white bark retained. Shrubs are bare hawthorn twigs with just a few tiny dull red berries. No green foliage. Preserve original canvas aspect ratio, unusually empty transparent margins, precise tree placement, foot/root contact, trunk shape, branch directions and asymmetrical canopy contour. Winter branch tips must reach the same outer crown landmarks; do not make a different tree or resize/recenter it. Southern England 1300–1450, muted painterly city-builder sprite, soft top-left daylight. True transparent PNG. No new ground patch, no cast shadow expansion, no text, checkerboard, grid, vivid red foliage or modern objects. Keep silhouette readable when reduced to original tiny pixel dimensions.","shrub_b.png","not exposed","1","Single high-quality crop/resize and translation registering source visible alpha bounding box to original visible alpha bounding box, on exact original canvas; transparent margins retained. Lower 22 percent receives integer row translations tapering to contact-centroid alignment; no painted pixels invented procedurally.","AB_2026-09-19_v1","S_England_1300_1450_v1","Astra Wave15","candidate only; no game installation","candidate","Native seasonal edit selected after side-by-side original comparison; crown envelope, root baseline, low saturation and thin snow checked at final canvas size.; Source identity: shrub_b.png"
"foliage/shrub_b_spring-v1","v1","foliage/shrub_b_spring-v1.png","d3bfc244bb59f52421b443b28161b7143d3383234367f8db72fed70f9911f776","/Users/rexxa/Library/Application Support/orca/codex-accounts/54be5844-95fd-4c46-925c-75327ccd186a/home/generated_images/01a0db00-5d14-7bf1-9f38-15a8f8b1082c/exec-79a1b05d-a3dd-41f6-a856-701819775c66.png","ba1127089ef6376742745b6e418bfedcb6b49815ec6e9c134fc36c7feaf9254b","native image_gen edit","not exposed","2026-09-26T00:10:24.298Z","ATTEMPT 1
Use case: lighting-weather. Edit target: the attached original project shrub_b sprite. Create ONE spring seasonal version of this exact SAME plant. Spring: soft light yellow-green fresh leaves, original foliage volume and same identity. For shrubs specifically hawthorn clusters of small white flowers among fresh green leaves, not pink. Preserve original canvas aspect ratio, unusually empty transparent margins, precise tree placement, foot/root contact, trunk shape, branch directions and asymmetrical canopy contour. Winter branch tips must reach the same outer crown landmarks; do not make a different tree or resize/recenter it. Southern England 1300–1450, muted painterly city-builder sprite, soft top-left daylight. True transparent PNG. No new ground patch, no cast shadow expansion, no text, checkerboard, grid, vivid red foliage or modern objects. Keep silhouette readable when reduced to original tiny pixel dimensions.","shrub_b.png","not exposed","1","Single high-quality crop/resize and translation registering source visible alpha bounding box to original visible alpha bounding box, on exact original canvas; transparent margins retained. Lower 22 percent receives integer row translations tapering to contact-centroid alignment; no painted pixels invented procedurally.","AB_2026-09-19_v1","S_England_1300_1450_v1","Astra Wave15","candidate only; no game installation","candidate","Native seasonal edit selected after side-by-side original comparison; crown envelope, root baseline, low saturation and thin snow checked at final canvas size.; Source identity: shrub_b.png"
"foliage/tree_pine_short_winter_snow-v1","v1","foliage/tree_pine_short_winter_snow-v1.png","7671687bf3ebccbba08d85d213f5eae4e34546e1736bfdc56feef31980c31ec8","/Users/rexxa/Library/Application Support/orca/codex-accounts/54be5844-95fd-4c46-925c-75327ccd186a/home/generated_images/01a0db00-5d14-7bf1-9f38-15a8f8b1082c/exec-ed4b8172-e249-4fa8-a4cf-f750945efaee.png","4fa2db4a56707a71362daeb12c0a677398281622dcb28f4194801d2f73a48d6e","native image_gen edit","not exposed","2026-09-26T00:06:28.744Z","ATTEMPT 1
Use case: lighting-weather. Edit target: the attached original project tree_pine_short sprite. Create ONE winter_snow seasonal version of this exact SAME plant. Winter with VERY THIN light snow on upward branch surfaces. Deciduous trees leafless skeleton follows original crown outer landmarks, pine keeps original green needles all over with a few narrow white snow edges. No piled snow or white blanket. Preserve original canvas aspect ratio, unusually empty transparent margins, precise tree placement, foot/root contact, trunk shape, branch directions and asymmetrical canopy contour. Winter branch tips must reach the same outer crown landmarks; do not make a different tree or resize/recenter it. Southern England 1300–1450, muted painterly city-builder sprite, soft top-left daylight. True transparent PNG. No new ground patch, no cast shadow expansion, no text, checkerboard, grid, vivid red foliage or modern objects. Keep silhouette readable when reduced to original tiny pixel dimensions.","tree_pine_short.png","not exposed","1","Single high-quality crop/resize and translation registering source visible alpha bounding box to original visible alpha bounding box, on exact original canvas; transparent margins retained. Lower 22 percent receives integer row translations tapering to contact-centroid alignment; no painted pixels invented procedurally.","AB_2026-09-19_v1","S_England_1300_1450_v1","Astra Wave15","candidate only; no game installation","candidate","Native seasonal edit selected after side-by-side original comparison; crown envelope, root baseline, low saturation and thin snow checked at final canvas size.; Source identity: tree_pine_short.png"
"foliage/tree_pine_tall_winter_snow-v1","v1","foliage/tree_pine_tall_winter_snow-v1.png","7b35b71faec923571e56d50b730e805c427603c0fb4afd04fb5d7a6ad3a4bd67","/Users/rexxa/Library/Application Support/orca/codex-accounts/54be5844-95fd-4c46-925c-75327ccd186a/home/generated_images/01a0db00-5d14-7bf1-9f38-15a8f8b1082c/exec-5ff69695-d261-4197-86d4-246661e70a4f.png","3ceea1cf71b8aa9b2682535abfdd65190875fe98c408f9bb9d13131d105bba23","native image_gen edit","not exposed","2026-09-26T00:06:57.275Z","ATTEMPT 1
Use case: lighting-weather. Edit target: the attached original project tree_pine_tall sprite. Create ONE winter_snow seasonal version of this exact SAME plant. Winter with VERY THIN light snow on upward branch surfaces. Deciduous trees leafless skeleton follows original crown outer landmarks, pine keeps original green needles all over with a few narrow white snow edges. No piled snow or white blanket. Preserve original canvas aspect ratio, unusually empty transparent margins, precise tree placement, foot/root contact, trunk shape, branch directions and asymmetrical canopy contour. Winter branch tips must reach the same outer crown landmarks; do not make a different tree or resize/recenter it. Southern England 1300–1450, muted painterly city-builder sprite, soft top-left daylight. True transparent PNG. No new ground patch, no cast shadow expansion, no text, checkerboard, grid, vivid red foliage or modern objects. Keep silhouette readable when reduced to original tiny pixel dimensions.","tree_pine_tall.png","not exposed","1","Single high-quality crop/resize and translation registering source visible alpha bounding box to original visible alpha bounding box, on exact original canvas; transparent margins retained. Lower 22 percent receives integer row translations tapering to contact-centroid alignment; no painted pixels invented procedurally.","AB_2026-09-19_v1","S_England_1300_1450_v1","Astra Wave15","candidate only; no game installation","candidate","Native seasonal edit selected after side-by-side original comparison; crown envelope, root baseline, low saturation and thin snow checked at final canvas size.; Source identity: tree_pine_tall.png"
"foliage/tree_dead_winter_snow-v1","v1","foliage/tree_dead_winter_snow-v1.png","b1a05c875d08439ec40c95e24f5fc3bb0ca1aef303ead50f830a4599049d581d","/Users/rexxa/Library/Application Support/orca/codex-accounts/54be5844-95fd-4c46-925c-75327ccd186a/home/generated_images/01a0db00-5d14-7bf1-9f38-15a8f8b1082c/exec-9361e5cc-1fb2-4b3f-b516-e4ebab58f850.png","9b912bdf42ec24b451a0c15981af01e4228c40a61d6542a5d51b2990949d8b2b","native image_gen edit","not exposed","2026-09-26T00:11:01.205Z","ATTEMPT 1
Use case: lighting-weather. Edit target: the attached original project tree_dead sprite. Create ONE winter_snow seasonal version of this exact SAME plant. Winter with VERY THIN light snow on upward branch surfaces. Deciduous trees leafless skeleton follows original crown outer landmarks, pine keeps original green needles all over with a few narrow white snow edges. No piled snow or white blanket. Preserve original canvas aspect ratio, unusually empty transparent margins, precise tree placement, foot/root contact, trunk shape, branch directions and asymmetrical canopy contour. Winter branch tips must reach the same outer crown landmarks; do not make a different tree or resize/recenter it. Southern England 1300–1450, muted painterly city-builder sprite, soft top-left daylight. True transparent PNG. No new ground patch, no cast shadow expansion, no text, checkerboard, grid, vivid red foliage or modern objects. Keep silhouette readable when reduced to original tiny pixel dimensions.","tree_dead.png","not exposed","1","Single high-quality crop/resize and translation registering source visible alpha bounding box to original visible alpha bounding box, on exact original canvas; transparent margins retained. Lower 22 percent receives integer row translations tapering to contact-centroid alignment; no painted pixels invented procedurally.","AB_2026-09-19_v1","S_England_1300_1450_v1","Astra Wave15","candidate only; no game installation","candidate","Native seasonal edit selected after side-by-side original comparison; crown envelope, root baseline, low saturation and thin snow checked at final canvas size.; Source identity: tree_dead.png"
"foliage/stump_fresh_winter-v1","v1","foliage/stump_fresh_winter-v1.png","f5dcfa2f6cb6a16c7dea78103299029a81b55840e9961e047e473e7527c451ec","/Users/rexxa/Library/Application Support/orca/codex-accounts/54be5844-95fd-4c46-925c-75327ccd186a/home/generated_images/01a0db00-fd75-7c53-b6be-f6af58bc63ba/exec-d5bda71b-2bc4-4b2d-b79b-c22e7bd5e819.png","6debd226367e996495290611332dc6d5c85218e15ce21f4b9f2a1e34ff00a028","image_gen native edit; JS mechanical normalization","not exposed","2026-09-25T23:58:53.790Z","ATTEMPT 1
Use case: lighting-weather. Edit attached project stump_fresh.png only into winter. Preserve the EXACT stump pose, contour, roots, shape, contact point, image canvas and transparent silhouette. Add a very thin dusting of cold off-white snow to the upper cut surface and upper root ridges; retain visible warm brown wood. Southern England medieval hand-painted game sprite, soft upper-left light, no long shadow. Same tiny simple shapes as source, true transparent background, no text or border. Output only one sprite.","stump_fresh.png","not exposed","1","Native alpha-bounds crop; single resize aligned to original visible bounds; nearest valid RGB bleed before exact original alpha restoration. Canvas and source silhouette/ground contact preserved. No procedural artwork.","AB_2026-09-19_v1","S_England_1300_1450_v1","Astra Wave15","candidate only; no game installation","candidate","Thin seasonal snow/frost or autumn straw tone while original contour preserved; Source identity: stump_fresh.png"
"foliage/stump_old_winter-v1","v1","foliage/stump_old_winter-v1.png","1ac1f8112c365ec140811616ba70bd42f6ba69c782b6cff1f9763ec935f04a21","/Users/rexxa/Library/Application Support/orca/codex-accounts/54be5844-95fd-4c46-925c-75327ccd186a/home/generated_images/01a0db00-fd75-7c53-b6be-f6af58bc63ba/exec-0647fe21-ebf4-49bf-979e-cd9065f39e4c.png","b809031fe6f887924a6b76e95d619c8223b9e9b276c126b63159da26bd796a76","image_gen native edit; JS mechanical normalization","not exposed","2026-09-25T23:59:52.939Z","ATTEMPT 1
Use case: lighting-weather. Attached project stump_old.png is edit target. Edit only into winter: very thin snow on broken upper ridges, retain old dark wood. Preserve EXACT original contour, pose, contact point and silhouette. Southern England medieval hand-painted game sprite, soft upper-left light, no long shadow, no text or border. Transparent background, one isolated sprite.","stump_old.png","not exposed","1","Native alpha-bounds crop; single resize aligned to original visible bounds; nearest valid RGB bleed before exact original alpha restoration. Canvas and source silhouette/ground contact preserved. No procedural artwork.","AB_2026-09-19_v1","S_England_1300_1450_v1","Astra Wave15","candidate only; no game installation","candidate","Thin seasonal snow/frost or autumn straw tone while original contour preserved; Source identity: stump_old.png"
"foliage/field_stone_winter-v1","v1","foliage/field_stone_winter-v1.png","fd30b954b5542058ed8a2c6482f49fe1bbf29442842de5b48ff3c0798855202e","/Users/rexxa/Library/Application Support/orca/codex-accounts/54be5844-95fd-4c46-925c-75327ccd186a/home/generated_images/01a0db00-fd75-7c53-b6be-f6af58bc63ba/exec-4ca4e70a-7f71-4b57-8b21-309e1c768e30.png","3dbf28afcd5bbbd9a1d591e0a4d8c4323c84834748298a2c6e2992d7af61d47f","image_gen native edit; JS mechanical normalization","not exposed","2026-09-26T00:00:33.947Z","ATTEMPT 1
Use case: lighting-weather. Attached field_stone.png is the edit target. Change only season: very thin dusting of off-white snow on upper face of same stone, grey beige sides remain. Preserve EXACT original shape, contour, pose and ground contact. Same handpainted southern England medieval game sprite, top-left light, no extra ground shadow. Genuine transparent background, no text or border. One isolated sprite.","field_stone.png","not exposed","1","Native alpha-bounds crop; single resize aligned to original visible bounds; nearest valid RGB bleed before exact original alpha restoration. Canvas and source silhouette/ground contact preserved. No procedural artwork.","AB_2026-09-19_v1","S_England_1300_1450_v1","Astra Wave15","candidate only; no game installation","candidate","Thin seasonal snow/frost or autumn straw tone while original contour preserved; Source identity: field_stone.png"
"foliage/grass_tuft_winter-v1","v1","foliage/grass_tuft_winter-v1.png","2e6af34f70eef2fb57f335112c800ea95dbf7c7135d2ed945c6ccccdc84121b3","/Users/rexxa/Library/Application Support/orca/codex-accounts/54be5844-95fd-4c46-925c-75327ccd186a/home/generated_images/01a0db00-fd75-7c53-b6be-f6af58bc63ba/exec-f43d3543-45f1-4a88-82fd-69acd74156bf.png","0b6bb9acbc4b9c08525eb950427a78193eb3365121ca79fd8105777d6de9eee5","image_gen native edit; JS mechanical normalization","not exposed","2026-09-26T00:01:22.618Z","ATTEMPT 1
Use case: lighting-weather. Attached project grass_tuft.png is edit target. Edit only into winter: same grass tuft dry straw olive-brown with thin white frost tips, retain EXACT blade cluster shape. Preserve EXACT original contour, size relationships, pose, contact point and silhouette. Southern England medieval hand-painted game sprite with soft upper-left light, no long shadows, no text, no border. Do not redesign. Transparent background. Only one isolated sprite.","grass_tuft.png","not exposed","1","Native alpha-bounds crop; single resize aligned to original visible bounds; nearest valid RGB bleed before exact original alpha restoration. Canvas and source silhouette/ground contact preserved. No procedural artwork.","AB_2026-09-19_v1","S_England_1300_1450_v1","Astra Wave15","candidate only; no game installation","candidate","Thin seasonal snow/frost or autumn straw tone while original contour preserved; Source identity: grass_tuft.png"
"foliage/grass_tuft_autumn-v1","v1","foliage/grass_tuft_autumn-v1.png","776564b0c266a1d004505065f00a5efce9ca8ab16bb58e54692b68c1a7bfa613","/Users/rexxa/Library/Application Support/orca/codex-accounts/54be5844-95fd-4c46-925c-75327ccd186a/home/generated_images/01a0db00-fd75-7c53-b6be-f6af58bc63ba/exec-c8e0b93d-4d93-415b-92ee-3288dbb98963.png","f2d51f4a2238c60bf2d6670bc300094ebc749c146b0b615206ec465c3a0ebe5c","image_gen native edit; JS mechanical normalization","not exposed","2026-09-26T00:01:52.388Z","ATTEMPT 1
Use case: lighting-weather. Attached project grass_tuft.png is edit target. Edit only into autumn: same grass tuft warm muted straw brown and ochre, no red, retain EXACT blade cluster shape. Preserve EXACT original contour, size relationships, pose, contact point and silhouette. Southern England medieval hand-painted game sprite with soft upper-left light, no long shadows, no text, no border. Do not redesign. Transparent background. Only one isolated sprite.","grass_tuft.png","not exposed","1","Native alpha-bounds crop; single resize aligned to original visible bounds; nearest valid RGB bleed before exact original alpha restoration. Canvas and source silhouette/ground contact preserved. No procedural artwork.","AB_2026-09-19_v1","S_England_1300_1450_v1","Astra Wave15","candidate only; no game installation","candidate","Thin seasonal snow/frost or autumn straw tone while original contour preserved; Source identity: grass_tuft.png"
"orchard/orchard_apple_c_spring-v1","v1","orchard/orchard_apple_c_spring-v1.png","85cb17adf886febc134c4cc0fa077cf41506f27cf74db430dbb19b2577d34c9f","/Users/rexxa/Library/Application Support/orca/codex-accounts/54be5844-95fd-4c46-925c-75327ccd186a/home/generated_images/01a0db00-967d-7f20-8ad5-b7dc0e5e1f93/exec-8bbae95b-0829-46e1-97fd-54bd4e438b3b.png","2079522edb6ee633fec73ecbe5987a7a19fa9f1da5c0e4f31f95fece728e2590","image_gen built-in native edit","not exposed","2026-09-25T23:58:51.348Z","ATTEMPT 1
Use case: lighting-weather. Edit target: attached project orchard_apple_c-v1.png. Create spring blossom seasonal replacement of exactly this SAME tree. Preserve the exact 256x256 canvas composition, trunk geometry, root contact location, branch joints, overall canopy envelope and individual crown-lobe positions; no new tree design, no change to camera or size. Change only leafy crown seasonal appearance to muted ivory white and very faint pink apple blossom clusters with sparse young olive-green leaves. Large simple painterly clusters readable at game scale, not tiny speckle noise. Southern England 1300–1450 hand-painted 2:1 isometric city builder. Soft top-left light. Trunk unchanged warm grey brown. Truly transparent RGBA background, no ground disk, no cast shadow added, no text, no frame. Retain original empty margins. One single tree asset only.","orchard_apple_c-v1.png","not exposed","1","Mechanical alpha-content bounding-box registration to original alpha>16 extent on exact reference canvas; generated transparency retained. Root lower-seven-row alpha centroid registered in X to original (integer translation), original root baseline retained. No drawn elements.","AB_2026-09-19_v1","S_England_1300_1450_v1","Astra Wave15","candidate only; no game installation","candidate","Same original tree and crown-lobe arrangement, seasonal replacement only; selected after visual comparison.; Source identity: orchard_apple_c-v1.png"
"orchard/orchard_apple_c_winter-v1","v1","orchard/orchard_apple_c_winter-v1.png","9f8364ec8898da73ae1c2112aa0682ff9bae848260de5d2097374cc1cc2fd041","/Users/rexxa/Library/Application Support/orca/codex-accounts/54be5844-95fd-4c46-925c-75327ccd186a/home/generated_images/01a0db00-967d-7f20-8ad5-b7dc0e5e1f93/exec-3a406e68-8911-4352-901d-5a400a8aed64.png","61b65fa469d4bd1e435a8be8a7b3136517146bb5d851d1b090d7c8bdeb55ef61","image_gen built-in native edit","not exposed","2026-09-26T00:13:13.498Z","ATTEMPT 1
Use case: lighting-weather. Edit target: attached orchard_apple_c-v1.png. Make exactly this SAME orchard tree in winter. Keep identical square canvas framing, root contact point and trunk position, trunk geometry and existing branch joints unchanged. Remove all foliage and fruit and reveal a sparse network of bare warm grey-brown branches whose tips follow the original crown-lobe envelope. Each old leaf clump is now an open branch fan, NOT brown solid leaf masses. No snow, no leaves, no ground disk. Same restrained hand-painted 2:1 isometric game style and soft top-left light. Do not redesign, enlarge, recenter, rotate, or move the tree. Truly transparent RGBA background. No text, frame, shadow, additional objects. One single seasonal replacement sprite.

ATTEMPT 2
Use case: precise-object-edit. Input1 is the ORIGINAL summer apple tree. Input2 is its winter attempt. Correct ONLY the winter attempt's thickened trunk and main forks to match input1 EXACTLY. Original trunk silhouette, root footprint, lower fork positions, curvature and woody branch thickness are locked from input1; do not inflate branches. Thin the oversized right main limb and trunk in input2 until identical to input1. Preserve input2's open bare twig fans at the summer canopy envelope, with no foliage, no fruit, no buds or red accents. All wood muted grey brown. Same canvas and root location, soft upper-left light and restrained painted sprite style. True transparent RGBA background, no shadow or ground disk, no text. Produce corrected single winter tree, original256x256 canvas framing.","orchard_apple_c-v1.png","not exposed","2","Mechanical alpha-content bounding-box registration to original alpha>16 extent on exact reference canvas; generated transparency retained. Root lower-seven-row alpha centroid registered in X to original (integer translation), original root baseline retained. No drawn elements.","AB_2026-09-19_v1","S_England_1300_1450_v1","Astra Wave15","candidate only; no game installation","candidate","Same original tree and crown-lobe arrangement, seasonal replacement only; selected after visual comparison.; Source identity: orchard_apple_c-v1.png"
"orchard/orchard_apple_d_spring-v1","v1","orchard/orchard_apple_d_spring-v1.png","4f2dae0f7b1cebf7c210861824b29387c9abcf2e1b24af163e6f312c44e04bd2","/Users/rexxa/Library/Application Support/orca/codex-accounts/54be5844-95fd-4c46-925c-75327ccd186a/home/generated_images/01a0db00-967d-7f20-8ad5-b7dc0e5e1f93/exec-4be54ea2-aca1-460a-9f94-dddb10e1fa30.png","a50e16f680770608f0264c401796afd3ba030f99b16db31dd8a7fbd600fabf92","image_gen built-in native edit","not exposed","2026-09-26T00:01:38.166Z","ATTEMPT 1
Use case: lighting-weather. Edit target: attached project orchard_apple_d-v1.png. Create spring replacement of exactly this SAME tree. Change only foliage and fruit to muted ivory-white blossom clusters with very faint pink accents and sparse young olive-green leaves. Preserve each existing crown lobe position and silhouette. Broad simple paint shapes, no tiny speckle noise. Lock original canvas framing, empty margins, root contact point, trunk silhouette, branch joints, asymmetry, original canopy envelope landmarks and 2:1 isometric view. Do not redesign, move, enlarge or recenter tree. Same restrained hand-painted Southern England 1300–1450 city-builder style, muted natural colors and soft top-left light. True transparent RGBA background. No ground disk, added shadow, text, frame or other objects. Single tree sprite only.","orchard_apple_d-v1.png","not exposed","1","Mechanical alpha-content bounding-box registration to original alpha>16 extent on exact reference canvas; generated transparency retained. Root lower-seven-row alpha centroid registered in X to original (integer translation), original root baseline retained. No drawn elements.","AB_2026-09-19_v1","S_England_1300_1450_v1","Astra Wave15","candidate only; no game installation","candidate","Same original tree and crown-lobe arrangement, seasonal replacement only; selected after visual comparison.; Source identity: orchard_apple_d-v1.png"
"orchard/orchard_apple_d_winter-v1","v1","orchard/orchard_apple_d_winter-v1.png","35c6590da7c3bc219073339c960cd959992f396cdf588816acb4a809b4f3e9d3","/Users/rexxa/Library/Application Support/orca/codex-accounts/54be5844-95fd-4c46-925c-75327ccd186a/home/generated_images/01a0db00-967d-7f20-8ad5-b7dc0e5e1f93/exec-ca8d25fa-7b70-46e3-8795-662c22f5626a.png","743c646d83ffaee738870568ab7316d74e1f1732e96ca1959701989cf098e069","image_gen built-in native edit","not exposed","2026-09-26T00:02:16.943Z","ATTEMPT 1
Use case: lighting-weather. Edit target: attached project orchard_apple_d-v1.png. Create winter replacement of exactly this SAME tree. Remove ALL foliage and fruit and reveal sparse bare warm grey-brown branches; branch tips follow original canopy lobe envelope. Each old leaf clump becomes an OPEN branch fan, never solid brown foliage. No snow. Lock original canvas framing, empty margins, root contact point, trunk silhouette, branch joints, asymmetry, original canopy envelope landmarks and 2:1 isometric view. Do not redesign, move, enlarge or recenter tree. Same restrained hand-painted Southern England 1300–1450 city-builder style, muted natural colors and soft top-left light. True transparent RGBA background. No ground disk, added shadow, text, frame or other objects. Single tree sprite only.","orchard_apple_d-v1.png","not exposed","1","Mechanical alpha-content bounding-box registration to original alpha>16 extent on exact reference canvas; generated transparency retained. Root lower-seven-row alpha centroid registered in X to original (integer translation), original root baseline retained. No drawn elements.","AB_2026-09-19_v1","S_England_1300_1450_v1","Astra Wave15","candidate only; no game installation","candidate","Same original tree and crown-lobe arrangement, seasonal replacement only; selected after visual comparison.; Source identity: orchard_apple_d-v1.png"
"orchard/orchard_apple_g_spring-v1","v1","orchard/orchard_apple_g_spring-v1.png","33d08ebbf1b1b96e500d2e2efb7c4b230683aa8c0a34a23434ebc48a5aebd9e0","/Users/rexxa/Library/Application Support/orca/codex-accounts/54be5844-95fd-4c46-925c-75327ccd186a/home/generated_images/01a0db00-967d-7f20-8ad5-b7dc0e5e1f93/exec-ee478726-bca2-4272-9020-4060725d4d67.png","fe3b2114ce42693b262beaaf2ce8caa0d3f95e6e498b0e4b4829f4a97cb7b51f","image_gen built-in native edit","not exposed","2026-09-26T00:02:55.419Z","ATTEMPT 1
Use case: lighting-weather. Edit target: attached project orchard_apple_g-v1.png. Create spring replacement of exactly this SAME tree. Change only foliage and fruit to muted ivory-white blossom clusters with very faint pink accents and sparse young olive-green leaves. Preserve each existing crown lobe position and silhouette. Broad simple paint shapes, no tiny speckle noise. Lock original canvas framing, empty margins, root contact point, trunk silhouette, branch joints, asymmetry, original canopy envelope landmarks and 2:1 isometric view. Do not redesign, move, enlarge or recenter tree. Same restrained hand-painted Southern England 1300–1450 city-builder style, muted natural colors and soft top-left light. True transparent RGBA background. No ground disk, added shadow, text, frame or other objects. Single tree sprite only.","orchard_apple_g-v1.png","not exposed","1","Mechanical alpha-content bounding-box registration to original alpha>16 extent on exact reference canvas; generated transparency retained. Root lower-seven-row alpha centroid registered in X to original (integer translation), original root baseline retained. No drawn elements.","AB_2026-09-19_v1","S_England_1300_1450_v1","Astra Wave15","candidate only; no game installation","candidate","Same original tree and crown-lobe arrangement, seasonal replacement only; selected after visual comparison.; Source identity: orchard_apple_g-v1.png"
"orchard/orchard_apple_g_winter-v1","v1","orchard/orchard_apple_g_winter-v1.png","ac95a07e9c0dedf65faf86ba39191c14f4292b7f3c30d455a68068cc8dae57e4","/Users/rexxa/Library/Application Support/orca/codex-accounts/54be5844-95fd-4c46-925c-75327ccd186a/home/generated_images/01a0db00-967d-7f20-8ad5-b7dc0e5e1f93/exec-05ae997d-1c73-4587-a9f1-e7707a2bc492.png","29a42eff8bfd40f61e74ef556d8a726f1ab8107c71373389c9f4e01ceb94a6cf","image_gen built-in native edit","not exposed","2026-09-26T00:03:34.722Z","ATTEMPT 1
Use case: lighting-weather. Edit target: attached project orchard_apple_g-v1.png. Create winter replacement of exactly this SAME tree. Remove ALL foliage and fruit and reveal sparse bare warm grey-brown branches; branch tips follow original canopy lobe envelope. Each old leaf clump becomes an OPEN branch fan, never solid brown foliage. No snow. Lock original canvas framing, empty margins, root contact point, trunk silhouette, branch joints, asymmetry, original canopy envelope landmarks and 2:1 isometric view. Do not redesign, move, enlarge or recenter tree. Same restrained hand-painted Southern England 1300–1450 city-builder style, muted natural colors and soft top-left light. True transparent RGBA background. No ground disk, added shadow, text, frame or other objects. Single tree sprite only.","orchard_apple_g-v1.png","not exposed","1","Mechanical alpha-content bounding-box registration to original alpha>16 extent on exact reference canvas; generated transparency retained. Root lower-seven-row alpha centroid registered in X to original (integer translation), original root baseline retained. No drawn elements.","AB_2026-09-19_v1","S_England_1300_1450_v1","Astra Wave15","candidate only; no game installation","candidate","Same original tree and crown-lobe arrangement, seasonal replacement only; selected after visual comparison.; Source identity: orchard_apple_g-v1.png"
"orchard/orchard_apple_h_spring-v1","v1","orchard/orchard_apple_h_spring-v1.png","b4b5f1f8365df41801c4fdf84a9aa1481df902e61bc025532eded57cc8ca86dc","/Users/rexxa/Library/Application Support/orca/codex-accounts/54be5844-95fd-4c46-925c-75327ccd186a/home/generated_images/01a0db00-967d-7f20-8ad5-b7dc0e5e1f93/exec-fa5b7dd7-0247-43c6-a645-de572f2041d8.png","973bdf10647326f608cb6e2b0ce8e09acea709094391fd308393ef781b36812f","image_gen built-in native edit","not exposed","2026-09-26T00:04:17.538Z","ATTEMPT 1
Use case: lighting-weather. Edit target: attached project orchard_apple_h-v1.png. Create spring replacement of exactly this SAME tree. Change only foliage and fruit to muted ivory-white blossom clusters with very faint pink accents and sparse young olive-green leaves. Preserve each existing crown lobe position and silhouette. Broad simple paint shapes, no tiny speckle noise. Lock original canvas framing, empty margins, root contact point, trunk silhouette, branch joints, asymmetry, original canopy envelope landmarks and 2:1 isometric view. Do not redesign, move, enlarge or recenter tree. Same restrained hand-painted Southern England 1300–1450 city-builder style, muted natural colors and soft top-left light. True transparent RGBA background. No ground disk, added shadow, text, frame or other objects. Single tree sprite only.","orchard_apple_h-v1.png","not exposed","1","Mechanical alpha-content bounding-box registration to original alpha>16 extent on exact reference canvas; generated transparency retained. Root lower-seven-row alpha centroid registered in X to original (integer translation), original root baseline retained. No drawn elements.","AB_2026-09-19_v1","S_England_1300_1450_v1","Astra Wave15","candidate only; no game installation","candidate","Same original tree and crown-lobe arrangement, seasonal replacement only; selected after visual comparison.; Source identity: orchard_apple_h-v1.png"
"orchard/orchard_apple_h_winter-v1","v1","orchard/orchard_apple_h_winter-v1.png","de20178c00b1cc8b8e56f5ae9c46ef1808f309860476dfde87c44061a5ec642b","/Users/rexxa/Library/Application Support/orca/codex-accounts/54be5844-95fd-4c46-925c-75327ccd186a/home/generated_images/01a0db00-967d-7f20-8ad5-b7dc0e5e1f93/exec-33992e89-30e8-497c-9dac-7dfecb240e35.png","e958bde96c5dba56c6bb6f419c44f11dc8f708fe99dc8f93caac08ac67756b07","image_gen built-in native edit","not exposed","2026-09-26T00:04:56.909Z","ATTEMPT 1
Use case: lighting-weather. Edit target: attached project orchard_apple_h-v1.png. Create winter replacement of exactly this SAME tree. Remove ALL foliage and fruit and reveal sparse bare warm grey-brown branches; branch tips follow original canopy lobe envelope. Each old leaf clump becomes an OPEN branch fan, never solid brown foliage. No snow. Lock original canvas framing, empty margins, root contact point, trunk silhouette, branch joints, asymmetry, original canopy envelope landmarks and 2:1 isometric view. Do not redesign, move, enlarge or recenter tree. Same restrained hand-painted Southern England 1300–1450 city-builder style, muted natural colors and soft top-left light. True transparent RGBA background. No ground disk, added shadow, text, frame or other objects. Single tree sprite only.","orchard_apple_h-v1.png","not exposed","1","Mechanical alpha-content bounding-box registration to original alpha>16 extent on exact reference canvas; generated transparency retained. Root lower-seven-row alpha centroid registered in X to original (integer translation), original root baseline retained. No drawn elements.","AB_2026-09-19_v1","S_England_1300_1450_v1","Astra Wave15","candidate only; no game installation","candidate","Same original tree and crown-lobe arrangement, seasonal replacement only; selected after visual comparison.; Source identity: orchard_apple_h-v1.png"
"orchard/orchard_pear_e_spring-v1","v1","orchard/orchard_pear_e_spring-v1.png","8b5c545931c9a964989ddf4493b598f3fe5a1abe6cb37eef717153fd5d94286d","/Users/rexxa/Library/Application Support/orca/codex-accounts/54be5844-95fd-4c46-925c-75327ccd186a/home/generated_images/01a0db00-967d-7f20-8ad5-b7dc0e5e1f93/exec-d43b6a8f-14bc-4197-aabc-00e320bdee6f.png","c3558cc55518260759eeaee6b5cd852a450e182dc7585a728fc0cb9d2679d9ad","image_gen built-in native edit","not exposed","2026-09-26T00:05:37.028Z","ATTEMPT 1
Use case: lighting-weather. Edit target: attached project orchard_pear_e-v1.png. Create spring replacement of exactly this SAME tree. Change only foliage and fruit to muted ivory-white blossom clusters with very faint pink accents and sparse young olive-green leaves. Preserve each existing crown lobe position and silhouette. Broad simple paint shapes, no tiny speckle noise. Lock original canvas framing, empty margins, root contact point, trunk silhouette, branch joints, asymmetry, original canopy envelope landmarks and 2:1 isometric view. Do not redesign, move, enlarge or recenter tree. Same restrained hand-painted Southern England 1300–1450 city-builder style, muted natural colors and soft top-left light. True transparent RGBA background. No ground disk, added shadow, text, frame or other objects. Single tree sprite only.","orchard_pear_e-v1.png","not exposed","1","Mechanical alpha-content bounding-box registration to original alpha>16 extent on exact reference canvas; generated transparency retained. Root lower-seven-row alpha centroid registered in X to original (integer translation), original root baseline retained. No drawn elements.","AB_2026-09-19_v1","S_England_1300_1450_v1","Astra Wave15","candidate only; no game installation","candidate","Same original tree and crown-lobe arrangement, seasonal replacement only; selected after visual comparison.; Source identity: orchard_pear_e-v1.png"
"orchard/orchard_pear_e_winter-v1","v1","orchard/orchard_pear_e_winter-v1.png","7ee905876ef9788d504ecf9439b3b4b131cfc8e22d4cc916bd7a19f20df3e98a","/Users/rexxa/Library/Application Support/orca/codex-accounts/54be5844-95fd-4c46-925c-75327ccd186a/home/generated_images/01a0db00-967d-7f20-8ad5-b7dc0e5e1f93/exec-8d0b7678-6d4b-42b0-a2a7-62c8bfdc773b.png","90c8e304928c3841ebf3e9042cf6ca90f2e92221650e30b91e71bf59ec5a2d22","image_gen built-in native edit","not exposed","2026-09-26T00:06:18.248Z","ATTEMPT 1
Use case: lighting-weather. Edit target: attached project orchard_pear_e-v1.png. Create winter replacement of exactly this SAME tree. Remove ALL foliage and fruit and reveal sparse bare warm grey-brown branches; branch tips follow original canopy lobe envelope. Each old leaf clump becomes an OPEN branch fan, never solid brown foliage. No snow. Lock original canvas framing, empty margins, root contact point, trunk silhouette, branch joints, asymmetry, original canopy envelope landmarks and 2:1 isometric view. Do not redesign, move, enlarge or recenter tree. Same restrained hand-painted Southern England 1300–1450 city-builder style, muted natural colors and soft top-left light. True transparent RGBA background. No ground disk, added shadow, text, frame or other objects. Single tree sprite only.","orchard_pear_e-v1.png","not exposed","1","Mechanical alpha-content bounding-box registration to original alpha>16 extent on exact reference canvas; generated transparency retained. Root lower-seven-row alpha centroid registered in X to original (integer translation), original root baseline retained. No drawn elements.","AB_2026-09-19_v1","S_England_1300_1450_v1","Astra Wave15","candidate only; no game installation","candidate","Same original tree and crown-lobe arrangement, seasonal replacement only; selected after visual comparison.; Source identity: orchard_pear_e-v1.png"
"orchard/orchard_pear_i_spring-v1","v1","orchard/orchard_pear_i_spring-v1.png","c87ad44bf6401624ac41606a0f691277195583866c19ae60f318457218eee7db","/Users/rexxa/Library/Application Support/orca/codex-accounts/54be5844-95fd-4c46-925c-75327ccd186a/home/generated_images/01a0db00-967d-7f20-8ad5-b7dc0e5e1f93/exec-ce4aea30-6077-407e-90bb-81c25b08e4ab.png","8eb2867605208375c83e571b50f1ee79cbd2ee3050811ef746cc70ab1172e099","image_gen built-in native edit","not exposed","2026-09-26T00:06:58.751Z","ATTEMPT 1
Use case: lighting-weather. Edit target: attached project orchard_pear_i-v1.png. Create spring replacement of exactly this SAME tree. Change only foliage and fruit to muted ivory-white blossom clusters with very faint pink accents and sparse young olive-green leaves. Preserve each existing crown lobe position and silhouette. Broad simple paint shapes, no tiny speckle noise. Lock original canvas framing, empty margins, root contact point, trunk silhouette, branch joints, asymmetry, original canopy envelope landmarks and 2:1 isometric view. Do not redesign, move, enlarge or recenter tree. Same restrained hand-painted Southern England 1300–1450 city-builder style, muted natural colors and soft top-left light. True transparent RGBA background. No ground disk, added shadow, text, frame or other objects. Single tree sprite only.","orchard_pear_i-v1.png","not exposed","1","Mechanical alpha-content bounding-box registration to original alpha>16 extent on exact reference canvas; generated transparency retained. Root lower-seven-row alpha centroid registered in X to original (integer translation), original root baseline retained. No drawn elements.","AB_2026-09-19_v1","S_England_1300_1450_v1","Astra Wave15","candidate only; no game installation","candidate","Same original tree and crown-lobe arrangement, seasonal replacement only; selected after visual comparison.; Source identity: orchard_pear_i-v1.png"
"orchard/orchard_pear_i_winter-v1","v1","orchard/orchard_pear_i_winter-v1.png","41ddac2bb8ea18e01f6d6659b6802ecef5518fd5bc75f5d8847f9de9ccd18406","/Users/rexxa/Library/Application Support/orca/codex-accounts/54be5844-95fd-4c46-925c-75327ccd186a/home/generated_images/01a0db00-967d-7f20-8ad5-b7dc0e5e1f93/exec-e44a1caf-0a04-42c4-a078-9b511e33b810.png","0288c5f63aa09d4c423445cdfd6dac159680889739425f8b065b572b621df40d","image_gen built-in native edit","not exposed","2026-09-26T00:07:37.867Z","ATTEMPT 1
Use case: lighting-weather. Edit target: attached project orchard_pear_i-v1.png. Create winter replacement of exactly this SAME tree. Remove ALL foliage and fruit and reveal sparse bare warm grey-brown branches; branch tips follow original canopy lobe envelope. Each old leaf clump becomes an OPEN branch fan, never solid brown foliage. No snow. Lock original canvas framing, empty margins, root contact point, trunk silhouette, branch joints, asymmetry, original canopy envelope landmarks and 2:1 isometric view. Do not redesign, move, enlarge or recenter tree. Same restrained hand-painted Southern England 1300–1450 city-builder style, muted natural colors and soft top-left light. True transparent RGBA background. No ground disk, added shadow, text, frame or other objects. Single tree sprite only.","orchard_pear_i-v1.png","not exposed","1","Mechanical alpha-content bounding-box registration to original alpha>16 extent on exact reference canvas; generated transparency retained. Root lower-seven-row alpha centroid registered in X to original (integer translation), original root baseline retained. No drawn elements.","AB_2026-09-19_v1","S_England_1300_1450_v1","Astra Wave15","candidate only; no game installation","candidate","Same original tree and crown-lobe arrangement, seasonal replacement only; selected after visual comparison.; Source identity: orchard_pear_i-v1.png"
"orchard/orchard_plum_f_spring-v1","v1","orchard/orchard_plum_f_spring-v1.png","a165713253200faa539c93b54acfb8b75284c85d8dc5b33b01870eac695fb624","/Users/rexxa/Library/Application Support/orca/codex-accounts/54be5844-95fd-4c46-925c-75327ccd186a/home/generated_images/01a0db00-967d-7f20-8ad5-b7dc0e5e1f93/exec-bc14ddcb-28c9-489a-8b16-f805e82f0ac6.png","80cb6964b68532a49e5816703f9c6a503afd7e425867061196ffbee08ed9b7a4","image_gen built-in native edit","not exposed","2026-09-26T00:08:20.730Z","ATTEMPT 1
Use case: lighting-weather. Edit target: attached project orchard_plum_f-v1.png. Create spring replacement of exactly this SAME tree. Change only foliage and fruit to muted ivory-white blossom clusters with very faint pink accents and sparse young olive-green leaves. Preserve each existing crown lobe position and silhouette. Broad simple paint shapes, no tiny speckle noise. Lock original canvas framing, empty margins, root contact point, trunk silhouette, branch joints, asymmetry, original canopy envelope landmarks and 2:1 isometric view. Do not redesign, move, enlarge or recenter tree. Same restrained hand-painted Southern England 1300–1450 city-builder style, muted natural colors and soft top-left light. True transparent RGBA background. No ground disk, added shadow, text, frame or other objects. Single tree sprite only.","orchard_plum_f-v1.png","not exposed","1","Mechanical alpha-content bounding-box registration to original alpha>16 extent on exact reference canvas; generated transparency retained. Root lower-seven-row alpha centroid registered in X to original (integer translation), original root baseline retained. No drawn elements.","AB_2026-09-19_v1","S_England_1300_1450_v1","Astra Wave15","candidate only; no game installation","candidate","Same original tree and crown-lobe arrangement, seasonal replacement only; selected after visual comparison.; Source identity: orchard_plum_f-v1.png"
"orchard/orchard_plum_f_winter-v1","v1","orchard/orchard_plum_f_winter-v1.png","a6e7f742931607b36ef2e85eaf40cb654b76644bdb85d403a9899f88a4555c8f","/Users/rexxa/Library/Application Support/orca/codex-accounts/54be5844-95fd-4c46-925c-75327ccd186a/home/generated_images/01a0db00-967d-7f20-8ad5-b7dc0e5e1f93/exec-85b45ca8-9956-4dcf-bbc0-39efa4081869.png","b64ecc99e47eade8711ddf841949ce07325500fa1ae72446aaf1a5b84443915d","image_gen built-in native edit","not exposed","2026-09-26T00:09:04.788Z","ATTEMPT 1
Use case: lighting-weather. Edit target: attached project orchard_plum_f-v1.png. Create winter replacement of exactly this SAME tree. Remove ALL foliage and fruit and reveal sparse bare warm grey-brown branches; branch tips follow original canopy lobe envelope. Each old leaf clump becomes an OPEN branch fan, never solid brown foliage. No snow. Lock original canvas framing, empty margins, root contact point, trunk silhouette, branch joints, asymmetry, original canopy envelope landmarks and 2:1 isometric view. Do not redesign, move, enlarge or recenter tree. Same restrained hand-painted Southern England 1300–1450 city-builder style, muted natural colors and soft top-left light. True transparent RGBA background. No ground disk, added shadow, text, frame or other objects. Single tree sprite only.","orchard_plum_f-v1.png","not exposed","1","Mechanical alpha-content bounding-box registration to original alpha>16 extent on exact reference canvas; generated transparency retained. Root lower-seven-row alpha centroid registered in X to original (integer translation), original root baseline retained. No drawn elements.","AB_2026-09-19_v1","S_England_1300_1450_v1","Astra Wave15","candidate only; no game installation","candidate","Same original tree and crown-lobe arrangement, seasonal replacement only; selected after visual comparison.; Source identity: orchard_plum_f-v1.png"
"orchard/orchard_plum_j_spring-v1","v1","orchard/orchard_plum_j_spring-v1.png","8a9106522343d5f4cc3caff1925cb7786835cd4e9dbc16f4fed8dd4f6dbf510e","/Users/rexxa/Library/Application Support/orca/codex-accounts/54be5844-95fd-4c46-925c-75327ccd186a/home/generated_images/01a0db00-967d-7f20-8ad5-b7dc0e5e1f93/exec-7964fc96-c0b0-4faf-87f2-86cdb5baf512.png","36fa02035ed4a2d44ba060b3891953bab520f88b187a037f12c6eecad464ce3e","image_gen built-in native edit","not exposed","2026-09-26T00:09:51.394Z","ATTEMPT 1
Use case: lighting-weather. Edit target: attached project orchard_plum_j-v1.png. Create spring replacement of exactly this SAME tree. Change only foliage and fruit to muted ivory-white blossom clusters with very faint pink accents and sparse young olive-green leaves. Preserve each existing crown lobe position and silhouette. Broad simple paint shapes, no tiny speckle noise. Lock original canvas framing, empty margins, root contact point, trunk silhouette, branch joints, asymmetry, original canopy envelope landmarks and 2:1 isometric view. Do not redesign, move, enlarge or recenter tree. Same restrained hand-painted Southern England 1300–1450 city-builder style, muted natural colors and soft top-left light. True transparent RGBA background. No ground disk, added shadow, text, frame or other objects. Single tree sprite only.","orchard_plum_j-v1.png","not exposed","1","Mechanical alpha-content bounding-box registration to original alpha>16 extent on exact reference canvas; generated transparency retained. Root lower-seven-row alpha centroid registered in X to original (integer translation), original root baseline retained. No drawn elements.","AB_2026-09-19_v1","S_England_1300_1450_v1","Astra Wave15","candidate only; no game installation","candidate","Same original tree and crown-lobe arrangement, seasonal replacement only; selected after visual comparison.; Source identity: orchard_plum_j-v1.png"
"orchard/orchard_plum_j_winter-v1","v1","orchard/orchard_plum_j_winter-v1.png","e2e77285fe5fbc3e944e6be93a919fcc07728433327faceb7ce32a9de1278ec0","/Users/rexxa/Library/Application Support/orca/codex-accounts/54be5844-95fd-4c46-925c-75327ccd186a/home/generated_images/01a0db00-967d-7f20-8ad5-b7dc0e5e1f93/exec-e4fb9e0b-31bb-48f5-9ff3-5f5cac89e017.png","a127cab522dee47bf5b206c2d1c6c73cd5b9446b1385508f30109deeee5bc770","image_gen built-in native edit","not exposed","2026-09-26T00:10:34.308Z","ATTEMPT 1
Use case: lighting-weather. Edit target: attached project orchard_plum_j-v1.png. Create winter replacement of exactly this SAME tree. Remove ALL foliage and fruit and reveal sparse bare warm grey-brown branches; branch tips follow original canopy lobe envelope. Each old leaf clump becomes an OPEN branch fan, never solid brown foliage. No snow. Lock original canvas framing, empty margins, root contact point, trunk silhouette, branch joints, asymmetry, original canopy envelope landmarks and 2:1 isometric view. Do not redesign, move, enlarge or recenter tree. Same restrained hand-painted Southern England 1300–1450 city-builder style, muted natural colors and soft top-left light. True transparent RGBA background. No ground disk, added shadow, text, frame or other objects. Single tree sprite only.","orchard_plum_j-v1.png","not exposed","1","Mechanical alpha-content bounding-box registration to original alpha>16 extent on exact reference canvas; generated transparency retained. Root lower-seven-row alpha centroid registered in X to original (integer translation), original root baseline retained. No drawn elements.","AB_2026-09-19_v1","S_England_1300_1450_v1","Astra Wave15","candidate only; no game installation","candidate","Same original tree and crown-lobe arrangement, seasonal replacement only; selected after visual comparison.; Source identity: orchard_plum_j-v1.png"
"zones/orchard_spring_petals-v1","v1","zones/orchard_spring_petals-v1.png","7695c3f164cf5fddf8969ef1077ca463ff270d17020932423dec0c88b28ba0a3","/Users/rexxa/Library/Application Support/orca/codex-accounts/54be5844-95fd-4c46-925c-75327ccd186a/home/generated_images/01a0db00-967d-7f20-8ad5-b7dc0e5e1f93/exec-c948d0e3-cb01-492f-8ca6-4f068e18d464.png","78e4d140907030993737fb1e49d270a1a3479c67108eccd8e48f1cc3f2c5d5da","image_gen built-in native edit","not exposed","2026-09-26T00:14:07.023Z","ATTEMPT 1
Use case: compositing. Reference image is ONLY palette and ground-style reference from the project, not a background to reproduce. Create one transparent orchard spring fallen-petals decal,96x48 final canvas, 2:1 isometric ground-plane footprint. A modest sparse scatter of ivory apple/pear blossom petals with very faint blush-pink accents, in 4 or5 broad simple little clusters readable after shrinking. Muted off-white, not glowing white. Irregular horizontal oval distribution, substantial empty transparent gaps, no perfect flowers, no grass, no soil, no leaves, no tree, no ground disk, no shadow. Preserve8px clear transparent margin all sides. Match restrained painted medieval Southern England city-builder art. Truly transparent RGBA background. No text or frame. One decal only.","orchard_floor_a-v1.png","not exposed","1","Mechanical alpha-content bounding-box registration to original alpha>16 extent on exact reference canvas; generated transparency retained. Root lower-seven-row alpha centroid registered in X to original (integer translation), original root baseline retained. No drawn elements.","AB_2026-09-19_v1","S_England_1300_1450_v1","Astra Wave15","candidate only; no game installation","candidate","Sparse muted ivory/blush petals on transparent ground decal, eight-pixel content margin, readable broad clusters.; Source identity: orchard_floor_a-v1.png"
"boundary/forest_fringe_a_autumn-v1","v1","boundary/forest_fringe_a_autumn-v1.png","025649b4a223941004cbcd8ef6f0f84b8de281de14a97bcf1f9eb7defe769df8","/Users/rexxa/Library/Application Support/orca/codex-accounts/54be5844-95fd-4c46-925c-75327ccd186a/home/generated_images/01a0db00-c7b3-70d0-933a-4608e80b6da8/exec-abeb3ebe-81bf-4b8f-beac-d23527db7baf.png","7671366315e725f5aa5a83e3809d2705da418a2cabfff3a274c7c48bb390f120","native image_gen imagegen","not exposed","2026-09-25T23:59:10.747Z","ATTEMPT 1
Use case: lighting-weather. Edit target image: forest_fringe_a-v1, a 128x96 transparent game DECAL, not a strip. Change only its season to southern England autumn: olive fronds turn subdued tawny brown and ochre, dry leaf litter dull gold. Preserve EXACT original layout, outer silhouette, three plant groups, scale, ground contact, camera, and transparent canvas. Same hand painted brushwork. Broad readable forms, no new fine noise. No red foliage, no added objects, no text, no shadows. Genuine transparent background. Deliver original 128x96 dimensions if possible.","forest_fringe_a-v1.png","not exposed","1","Native painted edit scaled once to exact source canvas; decal native alpha bounds fitted to source alpha bounds; nearest opaque native RGB extended into transparent edge pixels; original alpha restored exactly to lock footprint/pivot. No procedural painting.","AB_2026-09-19_v1","S_England_1300_1450_v1","Astra Wave15","candidate only; no game installation","candidate","Same source arrangement and muted seasonal palette; exact alpha/canvas retained by mechanical normalization; Source identity: forest_fringe_a-v1.png"
"boundary/forest_fringe_a_winter-v1","v1","boundary/forest_fringe_a_winter-v1.png","daf48ae4a74e7191243f41b08289132e3cceeade92a30643a5afdb836adfdceb","/Users/rexxa/Library/Application Support/orca/codex-accounts/54be5844-95fd-4c46-925c-75327ccd186a/home/generated_images/01a0db00-c7b3-70d0-933a-4608e80b6da8/exec-570dc26f-a40d-40c3-93a9-b73bd0fdc6b8.png","053a8d8ce69e7d4fb16547bfd315e5186f5af16af7d6a9874d986b396ad72e0e","native image_gen imagegen","not exposed","2026-09-26T00:02:29.878Z","ATTEMPT 1
Use case: lighting-weather. Edit exact attached forest_fringe_a-v1.png. ROLE decal, 128x96, genuine transparent RGBA. Southern England winter: vegetation dried muted grey brown and straw with thin silver frost on upper plant edges, dark olive remains, no thick white snow. Preserve EXACT source arrangement, outer plant silhouette, lower ground contact, empty margins, camera and brush style. Retain large frond clump positions. Broad shapes, minimum8-12px at output, no added microdetail, no new objects or shadows, no text.","forest_fringe_a-v1.png","not exposed","1","Native painted edit scaled once to exact source canvas; decal native alpha bounds fitted to source alpha bounds; nearest opaque native RGB extended into transparent edge pixels; original alpha restored exactly to lock footprint/pivot. No procedural painting.","AB_2026-09-19_v1","S_England_1300_1450_v1","Astra Wave15","candidate only; no game installation","candidate","Same source arrangement and muted seasonal palette; exact alpha/canvas retained by mechanical normalization; Source identity: forest_fringe_a-v1.png"
"boundary/forest_fringe_b_autumn-v1","v1","boundary/forest_fringe_b_autumn-v1.png","3107d86973798611d00dd319de44f421140fe87fa9ff1b87bcef51f4008ab018","/Users/rexxa/Library/Application Support/orca/codex-accounts/54be5844-95fd-4c46-925c-75327ccd186a/home/generated_images/01a0db00-c7b3-70d0-933a-4608e80b6da8/exec-f66b8045-055d-4bc8-af37-61425dca31f2.png","7a51faf2c21f4a7a308b00dfc1974529d8a8b2df7548f90fead981b8d3a43ce4","native image_gen imagegen","not exposed","2026-09-26T00:03:40.206Z","ATTEMPT 1
Use case: lighting-weather. Edit exact attached forest_fringe_b-v1.png. ROLE decal, 128x96, genuine transparent RGBA. Southern England. Autumn: muted brown ochre and tawny bronze dry fronds and leaf litter; no orange or primary red. Preserve EXACT original positions of plant clumps, outer silhouette, ground contact, empty margins, camera, flat handpainted brush style. Same plants in same place with only season changed. Broad forms8-12px minimum at output; no extra detail, noise, objects, shadows or text.","forest_fringe_b-v1.png","not exposed","1","Native painted edit scaled once to exact source canvas; decal native alpha bounds fitted to source alpha bounds; nearest opaque native RGB extended into transparent edge pixels; original alpha restored exactly to lock footprint/pivot. No procedural painting.","AB_2026-09-19_v1","S_England_1300_1450_v1","Astra Wave15","candidate only; no game installation","candidate","Same source arrangement and muted seasonal palette; exact alpha/canvas retained by mechanical normalization; Source identity: forest_fringe_b-v1.png"
"boundary/forest_fringe_b_winter-v1","v1","boundary/forest_fringe_b_winter-v1.png","0b158dfb1cc4301e04df50f2d2447cc941c7b0a52f734f07409d66ceb708996c","/Users/rexxa/Library/Application Support/orca/codex-accounts/54be5844-95fd-4c46-925c-75327ccd186a/home/generated_images/01a0db00-c7b3-70d0-933a-4608e80b6da8/exec-9a528f5b-576a-46da-ac16-724999e4f228.png","79c77d5ab73d569560b602adf0a3f3dc64801382c7c0b2e41dfdf6ab9478918f","native image_gen imagegen","not exposed","2026-09-26T00:04:13.392Z","ATTEMPT 1
Use case: lighting-weather. Edit exact attached forest_fringe_b-v1.png. ROLE decal, 128x96, genuine transparent RGBA. Southern England. Winter: dried muted grey brown and straw, thin silver frost on upper frond edges, dark olive remains, no thick snow. Preserve EXACT original positions of plant clumps, outer silhouette, ground contact, empty margins, camera, flat handpainted brush style. Same plants in same place with only season changed. Broad forms8-12px minimum at output; no extra detail, noise, objects, shadows or text.","forest_fringe_b-v1.png","not exposed","1","Native painted edit scaled once to exact source canvas; decal native alpha bounds fitted to source alpha bounds; nearest opaque native RGB extended into transparent edge pixels; original alpha restored exactly to lock footprint/pivot. No procedural painting.","AB_2026-09-19_v1","S_England_1300_1450_v1","Astra Wave15","candidate only; no game installation","candidate","Same source arrangement and muted seasonal palette; exact alpha/canvas retained by mechanical normalization; Source identity: forest_fringe_b-v1.png"
"boundary/forest_fringe_c_autumn-v1","v1","boundary/forest_fringe_c_autumn-v1.png","15200b3f20470299c7b2fb1ffa372c9a9663bf80395e3de28c82dc42f20070ab","/Users/rexxa/Library/Application Support/orca/codex-accounts/54be5844-95fd-4c46-925c-75327ccd186a/home/generated_images/01a0db00-c7b3-70d0-933a-4608e80b6da8/exec-0ae78ade-e49f-4934-9353-ecd3bd75ee93.png","7d64bb43097c3e9d1344944af2d224f1e3dd8a0c7fbc4d0da082bab69196eb3c","native image_gen imagegen","not exposed","2026-09-26T00:04:43.601Z","ATTEMPT 1
Use case: lighting-weather. Edit exact attached forest_fringe_c-v1.png. ROLE decal, 128x96, genuine transparent RGBA. Southern England. Autumn: muted brown ochre and tawny bronze dry fronds and leaf litter; no orange or primary red. Preserve EXACT original positions of plant clumps, outer silhouette, ground contact, empty margins, camera, flat handpainted brush style. Same plants in same place with only season changed. Broad forms8-12px minimum at output; no extra detail, noise, objects, shadows or text.","forest_fringe_c-v1.png","not exposed","1","Native painted edit scaled once to exact source canvas; decal native alpha bounds fitted to source alpha bounds; nearest opaque native RGB extended into transparent edge pixels; original alpha restored exactly to lock footprint/pivot. No procedural painting.","AB_2026-09-19_v1","S_England_1300_1450_v1","Astra Wave15","candidate only; no game installation","candidate","Same source arrangement and muted seasonal palette; exact alpha/canvas retained by mechanical normalization; Source identity: forest_fringe_c-v1.png"
"boundary/forest_fringe_c_winter-v1","v1","boundary/forest_fringe_c_winter-v1.png","90f4f5bc859ed1dd2a2567ff10df39619fb96000b9a236ea328b9a13e70a220a","/Users/rexxa/Library/Application Support/orca/codex-accounts/54be5844-95fd-4c46-925c-75327ccd186a/home/generated_images/01a0db00-c7b3-70d0-933a-4608e80b6da8/exec-bd0df236-c7c6-4b80-b843-f286698a5779.png","22f76a676d87ad30e9c93f351dac42f620a6aae545f3157c18a06650cd859f8f","native image_gen imagegen","not exposed","2026-09-26T00:05:33.966Z","ATTEMPT 1
Use case: lighting-weather. Edit exact attached forest_fringe_c-v1.png. ROLE decal, 128x96, genuine transparent RGBA. Southern England. Winter: dried muted grey brown and straw, thin silver frost on upper plant edges, dark olive remains, no thick snow. Preserve EXACT original positions of plant clumps, outer silhouette, ground contact, empty margins, camera, flat handpainted brush style. Same plants in same place with only season changed. Broad forms8-12px minimum at output; no extra detail, noise, objects, shadows or text.","forest_fringe_c-v1.png","not exposed","1","Native painted edit scaled once to exact source canvas; decal native alpha bounds fitted to source alpha bounds; nearest opaque native RGB extended into transparent edge pixels; original alpha restored exactly to lock footprint/pivot. No procedural painting.","AB_2026-09-19_v1","S_England_1300_1450_v1","Astra Wave15","candidate only; no game installation","candidate","Same source arrangement and muted seasonal palette; exact alpha/canvas retained by mechanical normalization; Source identity: forest_fringe_c-v1.png"
"boundary/grass_edge_autumn-v1","v1","boundary/grass_edge_autumn-v1.png","ae17adcb8e0e973db4753ba59e8e7880bbf7bffb08182ba64b7f747d3204d6e3","/Users/rexxa/Library/Application Support/orca/codex-accounts/54be5844-95fd-4c46-925c-75327ccd186a/home/generated_images/01a0db00-c7b3-70d0-933a-4608e80b6da8/exec-dcba4428-4db1-466c-9013-203e3ee21d41.png","de39fe2d0f252ef7d80976e74c89b9e24442f88a4f07ae2ac985a66fbe19b11a","native image_gen imagegen","not exposed","2026-09-26T00:06:00.932Z","ATTEMPT 1
Use case: lighting-weather. Edit exact attached grass_edge-v1.png. ROLE decal, 128x64, genuine transparent RGBA. Southern England. Autumn: muted brown ochre and tawny bronze dry grasses and leaf litter; no orange or primary red. Preserve EXACT original positions of plant clumps, outer silhouette, ground contact, empty margins, camera, flat handpainted brush style. Same plants in same place with only season changed. Broad forms8-12px minimum at output; no extra detail, noise, objects, shadows or text.","grass_edge-v1.png","not exposed","1","Native painted edit scaled once to exact source canvas; decal native alpha bounds fitted to source alpha bounds; nearest opaque native RGB extended into transparent edge pixels; original alpha restored exactly to lock footprint/pivot. No procedural painting.","AB_2026-09-19_v1","S_England_1300_1450_v1","Astra Wave15","candidate only; no game installation","candidate","Same source arrangement and muted seasonal palette; exact alpha/canvas retained by mechanical normalization; Source identity: grass_edge-v1.png"
"boundary/grass_edge_winter-v1","v1","boundary/grass_edge_winter-v1.png","bbeee0e93305cbfeb904871de4cf2bb1fa607d3005c298df411bd05111ed5965","/Users/rexxa/Library/Application Support/orca/codex-accounts/54be5844-95fd-4c46-925c-75327ccd186a/home/generated_images/01a0db00-c7b3-70d0-933a-4608e80b6da8/exec-7f89746b-dcad-4479-922e-b4e656f3fe2e.png","50c6568679f0e1f1151c01025237bd2f2f4b3257b4a4713f8bca683baba3c355","native image_gen imagegen","not exposed","2026-09-26T00:06:26.805Z","ATTEMPT 1
Use case: lighting-weather. Edit exact attached grass_edge-v1.png. ROLE decal, 128x64, genuine transparent RGBA. Southern England. Winter: dried muted grey brown and straw, thin silver frost on upper plant edges, dark olive remains, no thick snow. Preserve EXACT original positions of plant clumps, outer silhouette, ground contact, empty margins, camera, flat handpainted brush style. Same plants in same place with only season changed. Broad forms8-12px minimum at output; no extra detail, noise, objects, shadows or text.","grass_edge-v1.png","not exposed","1","Native painted edit scaled once to exact source canvas; decal native alpha bounds fitted to source alpha bounds; nearest opaque native RGB extended into transparent edge pixels; original alpha restored exactly to lock footprint/pivot. No procedural painting.","AB_2026-09-19_v1","S_England_1300_1450_v1","Astra Wave15","candidate only; no game installation","candidate","Same source arrangement and muted seasonal palette; exact alpha/canvas retained by mechanical normalization; Source identity: grass_edge-v1.png"
"zones/pasture_autumn-v1","v1","zones/pasture_autumn-v1.png","5c0bf32b5b503caa6b63ddf81e33829b563b9c6e6a8037aa045348ab6ba35441","/Users/rexxa/Library/Application Support/orca/codex-accounts/54be5844-95fd-4c46-925c-75327ccd186a/home/generated_images/01a0db00-c7b3-70d0-933a-4608e80b6da8/exec-22a17104-fc3e-4081-8d47-5246f8714c08.png","1c46e4130a5ec95e05d359923459fb165e06671a5aa215e4200922c7d04467ab","native image_gen imagegen","not exposed","2026-09-26T00:07:03.299Z","ATTEMPT 1
Use case: lighting-weather. Edit exact attached pasture_a-v1.png. ROLE fill,256x128, fully opaque XYseamless. Southern England. Autumn: dry muted straw brown and ochre grass, residual subdued olive, low saturation. Preserve EXACT original broad patch positions, shapes, flat overhead view and lowfrequency handpainted brush style. Same ground with only season changed. Broad color blocks12-20px minimum at output; keep quiet without focalpoint. NO grassblade detail, grains, specks, noise, shadows, new objects, border, vignette, text or perspective. Keep contrast as low as source.","pasture_a-v1.png","not exposed","1","Native painted edit scaled once to specified canvas; opaque alpha enforced; opposing edge color strips symmetrically blended across 12px for XY seamless.","AB_2026-09-19_v1","S_England_1300_1450_v1","Astra Wave15","candidate only; no game installation","candidate","Same source arrangement and muted seasonal palette; exact alpha/canvas retained by mechanical normalization; Source identity: pasture_a-v1.png"
"terrain/grass_autumn_fill-v1","v1","terrain/grass_autumn_fill-v1.png","dbf2dd4843925e1179c8e9d1d9f668806aeba302c8dd81a3e0990e177eb00687","/Users/rexxa/Library/Application Support/orca/codex-accounts/54be5844-95fd-4c46-925c-75327ccd186a/home/generated_images/01a0db00-c7b3-70d0-933a-4608e80b6da8/exec-d0e37a1e-02c4-42f8-bf49-3a1526de2c22.png","ee63a2ae5ffbc7efd2e1df9a00a8ad945e16c04ab939effe19ac878cb259521d","native image_gen imagegen","not exposed","2026-09-26T00:14:59.993Z","ATTEMPT 1
Use case: lighting-weather. Edit attached project grass.png into seasonal game terrain reference. ROLE fill256x128, fully opaque seamlessXY repeating plane, flat overhead no isometricdiamond. Autumn: dry muted golden tan grass with olive remnants, golden brown overall, no orange or red. Southern England1300-1450, restrained handpainted game surface. Preserve source overall grass coverage and evenlydistributed lowcontrast density and shade, no landmarks or newobjects. IMPORTANT newpipeline requires simplifying source finegrain into broad softly angular painted grass patches minimum12-20px at final256x128. No1-4px speckles or blades, no photographnoise, no randomdots. Quiet nearuniform tonal variation, no focalpoint. No shadows, border, vignette, writing or perspective.

ATTEMPT 2
Use case: precise-object-edit. Image1 is projectgrass colorreference, image2 is REQUIRED broadshape/detail level reference. Create seasonal edit of image1 into autumn muted golden tawny olive version. ROLE fill256x128 opaqueXY seamless. The earlier result incorrectly retained microscopic photographicgrass. Correct this: ALL areas must be SIMPLE SOLID PAINTED PATCHES like image2. Only30-45 large interlocking grass-color areas across fullcanvas, each12-35px at256x128. Absolutely no visible grassblade, speckle, grain, dither, tiny dots, scratch, stipple, salttexture, microtexture. No microtexture even inside largepatches. Lowcontrast ochre tan and mutedolive shapes, handpaintedflat topdown citybuilder. No objects or focalpoint. No thickwhite snow, shadows, vignette, text or border. EdgesXYtileable. Samecoverage and overalltone asreference onlyseasonchanged.

ATTEMPT 3
Use case: precise-object-edit. Image1 EDIT TARGET current seasonal grass terrain, image2 ORIGINAL GAME GRASS for material identity. Correct image1: its current distinct hard interlocking CAMOUFLAGE ISLANDS are wrong. Remove those islands completely. Replace with nearly uniform quiet handpainted dry subdued brownish olive autumn grass material matching original game grass coverage. COLOR CONTRAST EXTREMELY LOW: neighboring broad brush areas differ only about4-7 RGB values. Painterly broad short drygrass brush groupings8-16px wide at256x128; internal boundaries gently broken and softly painted, NOT outlined polygonpatches, NOT blur, NOT photographic finegrain. Quiet desaturated olive taupe straw, NOT brightgold, orange or red. No darkorlight focalareas. Same gameground, seasonchanged only. Fully opaque seamlessXY 256x128 rectangular topdown texture, no border, no vignette, no diamonds, no perspective, no text. This must look like actual quietgrass at0.3scale, never camouflage or puzzlepieces.

ATTEMPT 4
Edit ONLY tonal contrast of this exact image. Keep all existing large patch shapes and absolutely smooth painted surfaces unchanged. Compress contrast by85 percent toward the average color so patches are BARELY distinguishable from each other. No distinct camouflage islands at small size. It should look almost uniform with very faint broad brush tonal variations. Preserve overall seasonal average hue. Do not add ANY texture or details: no grain, no grass, no noise, no dots, no edges, no photography, no tiny brush marks. Keep2:1 rectangle fullyopaqueXYseamless, no text. Sole operation: make current largepatch contrast almost disappear.","grass.png; exec-d38e337f-4895-4c7b-9f32-adfebf737700.png","not exposed","4","Native painted edit scaled once to specified canvas; opaque alpha enforced; opposing edge color strips symmetrically blended across 12px for XY seamless.","AB_2026-09-19_v1","S_England_1300_1450_v1","Astra Wave15","candidate only; no game installation","candidate","Fourth native tonal-only edit retains broad smooth motifs at very low contrast; first/third finegrain and second camouflage contrast rejected. No procedural artwork or colorgrading.; Source identity: grass.png"
"zones/pasture_winter-v1","v1","zones/pasture_winter-v1.png","1011bece96f300b1a24d2340b31dccf421853ab3203ffdd0019a55a639be03fb","/Users/rexxa/Library/Application Support/orca/codex-accounts/54be5844-95fd-4c46-925c-75327ccd186a/home/generated_images/01a0db00-c7b3-70d0-933a-4608e80b6da8/exec-98ff8a37-8528-4f93-a9e9-bdc9aa0ba542.png","017a7d1f8183f02e2a36f04ee9e086ffc9c0788bbbcce1fd0df8db962b9a30b1","native image_gen imagegen","not exposed","2026-09-26T00:00:21.741Z","ATTEMPT 1
Edit pasture_a-v1 only to muted winter straw olive with a very thin silver frost. Preserve EXACT broad patch shapes and low frequency painting. Fully opaque256x128 XY seamless fill; no microdetail, no new objects, no border, no snow blanket.","pasture_a-v1.png","not exposed","1","Native painted edit scaled once to specified canvas; opaque alpha enforced; opposing edge color strips symmetrically blended across 12px for XY seamless.","AB_2026-09-19_v1","S_England_1300_1450_v1","Astra Wave15","candidate only; no game installation","candidate","Same source arrangement and muted seasonal palette; exact alpha/canvas retained by mechanical normalization; Source identity: pasture_a-v1.png"
"terrain/grass_winter_fill-v1","v1","terrain/grass_winter_fill-v1.png","fb3944c40dde9679ff08f5b6c019e57af53e5814e743e31176f00627de41c052","/Users/rexxa/Library/Application Support/orca/codex-accounts/54be5844-95fd-4c46-925c-75327ccd186a/home/generated_images/01a0db00-c7b3-70d0-933a-4608e80b6da8/exec-2354a7e2-1c82-4a68-a3fa-bf6a091b9ad8.png","d6432a537c402f2c3fb5a3d72eab0eef385069ddfae7332611226da972ecedf6","native image_gen imagegen","not exposed","2026-09-26T00:15:17.010Z","ATTEMPT 1
Use case: lighting-weather. Edit attached project grass.png into seasonal game terrain reference. ROLE fill256x128, fully opaque seamlessXY repeating plane, flat overhead no isometricdiamond. Winter: thin silver grey frost on muted greyolive straw grass, earth and olive remain visible. Pale cool grey-beige overall, no snow blanket. Southern England1300-1450, restrained handpainted game surface. Preserve source overall grass coverage and evenlydistributed lowcontrast density and shade, no landmarks or newobjects. IMPORTANT newpipeline requires simplifying source finegrain into broad softly angular painted grass patches minimum12-20px at final256x128. No1-4px speckles or blades, no photographnoise, no randomdots. Quiet nearuniform tonal variation, no focalpoint. No shadows, border, vignette, writing or perspective.

ATTEMPT 2
Use case: precise-object-edit. Image1 is projectgrass colorreference, image2 is REQUIRED broadshape/detail level reference. Create seasonal edit of image1 into winter pale greyolive straw with thin frost version. ROLE fill256x128 opaqueXY seamless. The earlier result incorrectly retained microscopic photographicgrass. Correct this: ALL areas must be SIMPLE SOLID PAINTED PATCHES like image2. Only30-45 large interlocking grass-color areas across fullcanvas, each12-35px at256x128. Absolutely no visible grassblade, speckle, grain, dither, tiny dots, scratch, stipple, salttexture, microtexture. No microtexture even inside largepatches. Lowcontrast greyolive with a few pale greybeige frost patches, brownstraw remains shapes, handpaintedflat topdown citybuilder. No objects or focalpoint. No thickwhite snow, shadows, vignette, text or border. EdgesXYtileable. Samecoverage and overalltone asreference onlyseasonchanged.

ATTEMPT 3
Use case: precise-object-edit. Image1 EDIT TARGET current seasonal grass terrain, image2 ORIGINAL GAME GRASS for material identity. Correct image1: its current distinct hard interlocking CAMOUFLAGE ISLANDS are wrong. Remove those islands completely. Replace with nearly uniform quiet handpainted frosted pale grey olive straw grass material matching original game grass coverage. COLOR CONTRAST EXTREMELY LOW: neighboring broad brush areas differ only about4-7 RGB values. Painterly broad short drygrass brush groupings8-16px wide at256x128; internal boundaries gently broken and softly painted, NOT outlined polygonpatches, NOT blur, NOT photographic finegrain. Thin cool silvery frost tone overall but olive straw visible, absolutely no white snow patches. No darkorlight focalareas. Same gameground, seasonchanged only. Fully opaque seamlessXY 256x128 rectangular topdown texture, no border, no vignette, no diamonds, no perspective, no text. This must look like actual quietgrass at0.3scale, never camouflage or puzzlepieces.

ATTEMPT 4
Edit ONLY tonal contrast of this exact image. Keep all existing large patch shapes and absolutely smooth painted surfaces unchanged. Compress contrast by85 percent toward the average color so patches are BARELY distinguishable from each other. No distinct camouflage islands at small size. It should look almost uniform with very faint broad brush tonal variations. Preserve overall seasonal average hue. Do not add ANY texture or details: no grain, no grass, no noise, no dots, no edges, no photography, no tiny brush marks. Keep2:1 rectangle fullyopaqueXYseamless, no text. Sole operation: make current largepatch contrast almost disappear.","grass.png; exec-aa1cf8af-88d6-4bd5-9895-3b6554fe693d.png","not exposed","4","Native painted edit scaled once to specified canvas; opaque alpha enforced; opposing edge color strips symmetrically blended across 12px for XY seamless.","AB_2026-09-19_v1","S_England_1300_1450_v1","Astra Wave15","candidate only; no game installation","candidate","Fourth native tonal-only edit retains broad smooth motifs at very low contrast; first/third finegrain and second camouflage contrast rejected. No procedural artwork or colorgrading.; Source identity: grass.png"
"fields/ridge_fallow_winter-v1","v1","fields/ridge_fallow_winter-v1.png","9c9536c152d5dc5039ffeec75b90cf9d07e3bbcfdc88aea42cf00cfce602f686","/Users/rexxa/Library/Application Support/orca/codex-accounts/54be5844-95fd-4c46-925c-75327ccd186a/home/generated_images/01a0db00-c7b3-70d0-933a-4608e80b6da8/exec-f0081623-6e14-4f50-8262-8646bc3042e8.png","8a0c2676196843137449da59594365524b8b2d94f684d308eb173b2c1472a7f6","native image_gen imagegen","not exposed","2026-09-26T00:01:00.355Z","ATTEMPT 1
Use case: lighting-weather. Edit exact original ridge_fallow_a-v1. ROLE strip512x64, repeatX ONLY, transparent upper/lower borders same as source. Winter southern England fallow field: thin pale grey frost along existing low ridges, olive grass becomes dry grey straw, warm brown furrows remain open. Keep original two long parallel ridge positions, widths, outer alpha contour and shallow depth EXACT. Flat overhead hand painted game material, 8-12px broad marks, no noise or individual grass hairs. Subtle frost not snow blanket. No text. Preserve8:1 canvas.","ridge_fallow_a-v1.png","not exposed","1","Native painted edit scaled once to exact source canvas; strip native alpha bounds fitted to source alpha bounds; nearest opaque native RGB extended into transparent edge pixels; original alpha restored exactly to lock footprint/pivot. No procedural painting. X-only12px symmetric seam blend; Y alpha unchanged.","AB_2026-09-19_v1","S_England_1300_1450_v1","Astra Wave15","candidate only; no game installation","candidate","Same source arrangement and muted seasonal palette; exact alpha/canvas retained by mechanical normalization; Source identity: ridge_fallow_a-v1.png"
"fields/soil_winter-v1","v1","fields/soil_winter-v1.png","37abaff275ddc595291a92f093621dbf1537df23c4a8c28aad22888ed31d7e0e","/Users/rexxa/Library/Application Support/orca/codex-accounts/54be5844-95fd-4c46-925c-75327ccd186a/home/generated_images/01a0db00-c7b3-70d0-933a-4608e80b6da8/exec-2263bc2d-353e-43a4-b011-e5e3e2945bbb.png","5876e4bfe710d2ccac3729f7c635d49d3f635ff41ab7c5df3bf6901e9df700b2","native image_gen imagegen","not exposed","2026-09-26T00:07:20.876Z","ATTEMPT 1
Use case: lighting-weather. Edit exact attached soil_a-v1.png. ROLE fill,256x128, fully opaque XYseamless. Southern England. Winter: thin pale grey silver frost brushing broad existing earth patches. Warm brown soil remains dominant, no thick snow. Preserve EXACT original broad patch positions, shapes, flat overhead view and lowfrequency handpainted brush style. Same ground with only season changed. Broad color blocks12-20px minimum at output; keep quiet without focalpoint. NO grassblade detail, grains, specks, noise, shadows, new objects, border, vignette, text or perspective. Keep contrast as low as source.","soil_a-v1.png","not exposed","1","Native painted edit scaled once to specified canvas; opaque alpha enforced; opposing edge color strips symmetrically blended across 12px for XY seamless.","AB_2026-09-19_v1","S_England_1300_1450_v1","Astra Wave15","candidate only; no game installation","candidate","Same source arrangement and muted seasonal palette; exact alpha/canvas retained by mechanical normalization; Source identity: soil_a-v1.png"
"season/snow_drift_a-v1","v1","season/snow_drift_a-v1.png","d9e31f706041c37bec8b2928cce804f874f8301f8828f54f908bf1cbedef1c74","/Users/rexxa/Library/Application Support/orca/codex-accounts/54be5844-95fd-4c46-925c-75327ccd186a/home/generated_images/01a0db00-fd75-7c53-b6be-f6af58bc63ba/exec-17ba2751-292b-419c-921a-24ec21baaf17.png","fb6117cf8a5f9ef0032cd6bd7b35c4d99d09e54ebc4968d30550327ffe726480","image_gen native edit; JS mechanical normalization","not exposed","2026-09-26T00:04:07.734Z","ATTEMPT 1
Use case: historical-scene. Asset role decal. Create season/snow_drift_a-v1 at 96×48. Attached project frost_patch_a-v2.png is STYLE/PALETTE reference only, not subject to copy. Southern England1300–1450 hand-painted isometric citybuilder. One small thin uneven snow bank at foot of unseen wall, long low left-heavy shape, a few earth gaps. Not deep snow. 2:1 isometric ground-plane view, bottomcentre groundpivot, thin low shape, transparent margins8px all sides. Large simple readable forms, no micro noise. Softupperleftlight, no long shadows, no whitehalo, no text, no watermark. Output transparent RGBA PNG.","frost_patch_a-v2.png","not exposed","1","Native alpha-bounds crop; one aspect-preserving resize inside96x48canvas with8pxmargins, bottomcenter alignment; genuine alpha retained. No procedural artwork.","AB_2026-09-19_v1","S_England_1300_1450_v1","Astra Wave15","candidate only; no game installation","candidate","Thin seasonal snow/frost or autumn straw tone while original contour preserved; New seasonal effect/decal"
"season/snow_drift_b-v1","v1","season/snow_drift_b-v1.png","fbd3014a678649e33dad937862f917482bf95504b55bf58bd68751cb9b9267d9","/Users/rexxa/Library/Application Support/orca/codex-accounts/54be5844-95fd-4c46-925c-75327ccd186a/home/generated_images/01a0db00-fd75-7c53-b6be-f6af58bc63ba/exec-f7a5c649-4623-4312-8a72-00812b6740e5.png","e379edc81755e9ed53f9314306f9e6a15d22068cb1a30c22321b71d738d8ac33","image_gen native edit; JS mechanical normalization","not exposed","2026-09-26T00:04:30.198Z","ATTEMPT 1
Use case: historical-scene. Asset role decal. Create season/snow_drift_b-v1 at 96×48. Attached project frost_patch_a-v2.png is STYLE/PALETTE reference only, not subject to copy. Southern England1300–1450 hand-painted isometric citybuilder. One small thin uneven snow bank at foot of unseen fence, broken right-heavy shape in two connected shallow lobes. Not deep snow. 2:1 isometric ground-plane view, bottomcentre groundpivot, thin low shape, transparent margins8px all sides. Large simple readable forms, no micro noise. Softupperleftlight, no long shadows, no whitehalo, no text, no watermark. Output transparent RGBA PNG.","frost_patch_a-v2.png","not exposed","1","Native alpha-bounds crop; one aspect-preserving resize inside96x48canvas with8pxmargins, bottomcenter alignment; genuine alpha retained. No procedural artwork.","AB_2026-09-19_v1","S_England_1300_1450_v1","Astra Wave15","candidate only; no game installation","candidate","Thin seasonal snow/frost or autumn straw tone while original contour preserved; New seasonal effect/decal"
"season/puddle_ice-v1","v1","season/puddle_ice-v1.png","6b0de1f743035252850c14d56879137dc84a5486db10e42c8fd7d8eb6c4f585a","/Users/rexxa/Library/Application Support/orca/codex-accounts/54be5844-95fd-4c46-925c-75327ccd186a/home/generated_images/01a0db00-fd75-7c53-b6be-f6af58bc63ba/exec-a6c63922-9b3b-4898-a23f-ada0650bd5fd.png","0e02f41d74fdccf01406c719666cb5d83d440882f147d2d48323c325e507b858","image_gen native edit; JS mechanical normalization","not exposed","2026-09-26T00:04:56.592Z","ATTEMPT 1
Use case: historical-scene. Asset role decal. Create season/puddle_ice-v1 at 96×48. Attached project frost_patch_a-v2.png is STYLE/PALETTE reference only, not subject to copy. Southern England1300–1450 hand-painted isometric citybuilder. One small shallow irregular frozen puddle with muted grey blue thin ice and earth rim. Broad simple ice plates, no bright cyan. 2:1 isometric ground-plane view, bottomcentre groundpivot, thin low shape, transparent margins8px all sides. Large simple readable forms, no micro noise. Softupperleftlight, no long shadows, no whitehalo, no text, no watermark. Output transparent RGBA PNG.","frost_patch_a-v2.png","not exposed","1","Native alpha-bounds crop; one aspect-preserving resize inside96x48canvas with8pxmargins, bottomcenter alignment; genuine alpha retained. No procedural artwork.","AB_2026-09-19_v1","S_England_1300_1450_v1","Astra Wave15","candidate only; no game installation","candidate","Thin seasonal snow/frost or autumn straw tone while original contour preserved; New seasonal effect/decal"
"season/spring_flowers_a-v1","v1","season/spring_flowers_a-v1.png","7cfe13ded6a23cbf268c0369cd328a7fefcc93a487084017fe5b0204d4da0d89","/Users/rexxa/Library/Application Support/orca/codex-accounts/54be5844-95fd-4c46-925c-75327ccd186a/home/generated_images/01a0db00-fd75-7c53-b6be-f6af58bc63ba/exec-9c84a6a2-d49f-496f-86dd-5797302ff0fa.png","fc76560bcc0d5cf7412f26644f5e10285d9409af7a88af8de9a6a6926f14ccee","image_gen native edit; JS mechanical normalization","not exposed","2026-09-26T00:05:21.748Z","ATTEMPT 1
Use case: historical-scene. Asset role decal. Create season/spring_flowers_a-v1 at 96×48. Attached project grass_tuft.png is STYLE/PALETTE reference only, not subject to copy. Southern England1300–1450 hand-painted isometric citybuilder. A sparse small low patch of English primroses, pale muted cream-yellow petals, four large readable blooms among restrained olive leaf rosettes. 2:1 isometric ground-plane view, bottomcentre groundpivot, thin low shape, transparent margins8px all sides. Large simple readable forms, no micro noise. Softupperleftlight, no long shadows, no whitehalo, no text, no watermark. Output transparent RGBA PNG.","grass_tuft.png","not exposed","1","Native alpha-bounds crop; one aspect-preserving resize inside96x48canvas with8pxmargins, bottomcenter alignment; genuine alpha retained. No procedural artwork.","AB_2026-09-19_v1","S_England_1300_1450_v1","Astra Wave15","candidate only; no game installation","candidate","Thin seasonal snow/frost or autumn straw tone while original contour preserved; New seasonal effect/decal"
"season/spring_flowers_b-v1","v1","season/spring_flowers_b-v1.png","ecf7b28ce8931d1116d61d685f9958c78cee425d4304ecd11f407976d16e466a","/Users/rexxa/Library/Application Support/orca/codex-accounts/54be5844-95fd-4c46-925c-75327ccd186a/home/generated_images/01a0db00-fd75-7c53-b6be-f6af58bc63ba/exec-6d535370-c116-46eb-849f-b40a318eeae3.png","224ddc00471745efea9c56b1c8161dbbd160346085843657adbd452c1312b0b8","image_gen native edit; JS mechanical normalization","not exposed","2026-09-26T00:05:51.449Z","ATTEMPT 1
Use case: historical-scene. Asset role decal. Create season/spring_flowers_b-v1 at 96×48. Attached project grass_tuft.png is STYLE/PALETTE reference only, not subject to copy. Southern England1300–1450 hand-painted isometric citybuilder. A sparse small low patch of English daisies, ivory petals and muted ochre centres, five readable blooms in staggered low patch of olive grass. Different outline from primroses. 2:1 isometric ground-plane view, bottomcentre groundpivot, thin low shape, transparent margins8px all sides. Large simple readable forms, no micro noise. Softupperleftlight, no long shadows, no whitehalo, no text, no watermark. Output transparent RGBA PNG.","grass_tuft.png","not exposed","1","Native alpha-bounds crop; one aspect-preserving resize inside96x48canvas with8pxmargins, bottomcenter alignment; genuine alpha retained. No procedural artwork.","AB_2026-09-19_v1","S_England_1300_1450_v1","Astra Wave15","candidate only; no game installation","candidate","Thin seasonal snow/frost or autumn straw tone while original contour preserved; New seasonal effect/decal"
"fx/falling_leaves_sheet-v1","v1","fx/falling_leaves_sheet-v1.png","5d7a2fa5d7a306c55fb0e7310cb6da0874bc00f07d2c5aaadec534d18031b79d","/Users/rexxa/Library/Application Support/orca/codex-accounts/54be5844-95fd-4c46-925c-75327ccd186a/home/generated_images/01a0db00-fd75-7c53-b6be-f6af58bc63ba/exec-f3755ef3-d99e-4c57-ab87-48bcf8b00114.png","3f8f7af1d74d0b8e8315aac1e3ae17927754b27d4af338ecabaa0a7d277679c5","image_gen native; JS mechanical normalization/compositing","not exposed","2026-09-26T00:06:17.283Z","ATTEMPT 1
Use case: historical-scene. Asset role effect animation sheet. Create fx/falling_leaves_sheet-v1 at 256×96. Attached project leaves_a-v1.png is STYLE/PALETTE reference only, not subject to copy. Southern England1300–1450 hand-painted isometric citybuilder. Animation sheet exactly four equal frames in one horizontal row. Each frame64×96, total256×96. Same four widely spaced isolated oak leaves tumble and fall progressively from frame0 to1 to2 to3, with x drift and slightrotation. Leaves muted brown ochre gold, never red. Genuine alpha transparency around leaves, leaves moderately translucent. No ground, no labels, no panel borders. Make four distinct stages of samefall, not duplicates.  Softupperleftlight, no long shadows, no whitehalo, no text, no watermark. Output transparent RGBA PNG.","leaves_a-v1.png","not exposed","1","Native four-stage sheet single resize256x96; genuine generated translucent alpha retained. No new painted leaves.","AB_2026-09-19_v1","S_England_1300_1450_v1","Astra Wave15","candidate only; no game installation","candidate","Four leaf clusters descend and rotate, muted brown gold; New seasonal effect/decal"
"fx/snowfall_sheet-v1","v1","fx/snowfall_sheet-v1.png","19b118bf10311f33801bdc6b7729c109e39bb9bdf25aebc89671ab87d87b8495","/Users/rexxa/Library/Application Support/orca/codex-accounts/54be5844-95fd-4c46-925c-75327ccd186a/home/generated_images/01a0db00-fd75-7c53-b6be-f6af58bc63ba/exec-9f3ff401-fba1-4d86-b524-57bd3fe23f75.png","7ccd0b8418b85aecb0080df7003e639b0e1995b91b0cc804daa7e7ee0c176b3e","image_gen native; JS mechanical normalization/compositing","not exposed","2026-09-26T00:06:40.210Z","ATTEMPT 1
Use case: historical-scene. Asset role effect animation sheet. Create fx/snowfall_sheet-v1 at 512×128. Attached project frost_patch_a-v2.png is STYLE/PALETTE reference only, not subject to copy. Southern England1300–1450 hand-painted isometric citybuilder. Animation sheet exactly four equal square frames in one horizontal row. Each frame128×128, total512×128. Very sparse pale offwhite soft-edged snow flecks on true transparentbackground, no dark backdrop. Same sparseflecks move diagonally down progressively frames0,1,2,3 and wrap at eachframeedges. Each frame XYseamless repeating overlay. Very lowopacity, no blizzard, no labels, no panelborders. Distinct movement not duplicates.  Softupperleftlight, no long shadows, no whitehalo, no text, no watermark. Output transparent RGBA PNG.","frost_patch_a-v2.png","not exposed","1","Native generated flake pixels: crop first square, single128pxresize; alpha×0.55; four toroidal translations3pxright/7pxdown perframe; endpointRGBA averagingforXYseams. No new painted particles.","AB_2026-09-19_v1","S_England_1300_1450_v1","Astra Wave15","candidate only; no game installation","candidate","Sparse pale flakes; wrapped progression and exactXYendpoints; New seasonal effect/decal"
"orchard/orchard_tree_spring-v1","v1","orchard/orchard_tree_spring-v1.png","5fb49efeceba4a5f36fe2303b62e23a6e2d88b2b7aa2fd37750cfe53132b40b2","/Users/rexxa/Library/Application Support/orca/codex-accounts/54be5844-95fd-4c46-925c-75327ccd186a/home/generated_images/01a0db00-967d-7f20-8ad5-b7dc0e5e1f93/exec-8928093e-0fad-4b63-9ef9-1f8628000957.png","365416c44b30e8c2662d7b3f8c823f7fbbb58435c6b93a470651ef309736f694","image_gen built-in native edit","not exposed","2026-09-26T00:11:28.481Z","ATTEMPT 1
Use case: lighting-weather. Edit target: attached orchard_original_phase16.png. Make the spring seasonal replacement of this EXACT small, broad, sparse orchard tree. Replace foliage and tiny fruit with muted ivory blossom clusters, a few very pale pink accents and sparse young olive leaves. Do not thicken fine branches or trunk; original is a small open wide tree. Exact original canvas aspect113:80, original root point at(56.5,74.4) within113x80 canvas, branch architecture and asymmetric canopy envelope must remain identical. Same old game sprite's coarse muted hand-painted style; no high-detail realism. Original root and trunk thin, preserve this. Truly transparent background. No shadow, ground disk, text or frame. One tree only.","orchard_original_phase16.png","not exposed","1","Mechanical alpha-content bounding-box registration to original alpha>16 extent on exact reference canvas; generated transparency retained. Root lower-seven-row alpha centroid registered in X to original (integer translation), original root baseline retained. No drawn elements.","AB_2026-09-19_v1","S_England_1300_1450_v1","Astra Wave15","candidate only; no game installation","candidate","Same original tree and crown-lobe arrangement, seasonal replacement only; selected after visual comparison.; Source identity: orchard_original_phase16.png"
"orchard/orchard_tree_winter-v1","v1","orchard/orchard_tree_winter-v1.png","170a19c21a3deff05c854d761340a70d78d360900e24fa4815bd6e4a47eeb258","/Users/rexxa/Library/Application Support/orca/codex-accounts/54be5844-95fd-4c46-925c-75327ccd186a/home/generated_images/01a0db00-967d-7f20-8ad5-b7dc0e5e1f93/exec-6654f60c-1389-407a-a9d1-3ba69a22d1d0.png","b0504317464e5a843b72aab7cd5ed70fb767d32afc26c0f7d0713fe766bd1fab","image_gen built-in native edit","not exposed","2026-09-26T00:12:06.092Z","ATTEMPT 1
Use case: lighting-weather. Edit target: attached orchard_original_phase16.png. Make the winter seasonal replacement of this EXACT small, broad, sparse orchard tree. Remove all foliage and fruit, leave bare fine twig fans and original slender trunk. Warm grey-brown wood only. No red buds, no snow, no added thick branches. Exact original canvas aspect113:80, original root point at(56.5,74.4) within113x80 canvas, branch architecture and asymmetric canopy envelope must remain identical. Same old game sprite's coarse muted hand-painted style; no high-detail realism. Original root and trunk thin, preserve this. Truly transparent background. No shadow, ground disk, text or frame. One tree only.","orchard_original_phase16.png","not exposed","1","Mechanical alpha-content bounding-box registration to original alpha>16 extent on exact reference canvas; generated transparency retained. Root lower-seven-row alpha centroid registered in X to original (integer translation), original root baseline retained. No drawn elements.","AB_2026-09-19_v1","S_England_1300_1450_v1","Astra Wave15","candidate only; no game installation","candidate","Same original tree and crown-lobe arrangement, seasonal replacement only; selected after visual comparison.; Source identity: orchard_original_phase16.png"
