asset_id,file,status,width,height,cell_width,cell_height,columns,frames,directions,pivot_x,pivot_y,pivot_basis,footprint_tiles_x,footprint_tiles_y,prop_world_scale,game_zoom_1_source_scale,game_zoom_06_source_scale,alpha_nonzero_pixels,alpha_opaque_pixels,provenance,reference_files,generated_source,source_sha256,sha256,full_prompt,processing,history_notes
"animal_walk/ox-v1","assets/animal_walk/ox-v1.png","candidate","384","148","96","74","4","2","NE|SE|SW|NW","","","per-frame metadata; inherit registration","","","1","0.5","0.3","19083","1379","byte-reused project candidate","/tmp/astra-wave17-work-20260926/supplemental-wave13-candidates/astra-wave13-candidates-v1/assets/animal_walk/ox-v1.png","/tmp/astra-wave17-work-20260926/supplemental-wave13-candidates/astra-wave13-candidates-v1/assets/animal_walk/ox-v1.png","3ba741cde63793ed3718ccb73abf2eca1d74c7cf54a1c3ceaaa80b972f57f9f9","3ba741cde63793ed3718ccb73abf2eca1d74c7cf54a1c3ceaaa80b972f57f9f9","No generation: byte-for-byte reuse; see records/convoy/assembly.json","","Restrained fourteenth-century visual; no gore; see HISTORICAL_NOTES.md."
"bld/beacon_idle-v1","assets/bld/beacon_idle-v1.png","candidate","128","160","128","160","1","1","","64","151","new candidate ground anchor; overlay inherits target origin","1","1","1","0.5","0.3","4085","2143","builtin imagegen with project references","/tmp/astra-wave17-work-20260926/astra-wave17-reference-files/stage_frame_gate-v1.png","/Users/rexxa/Library/Application Support/orca/codex-accounts/54be5844-95fd-4c46-925c-75327ccd186a/home/generated_images/01a0d8e9-c73c-7df0-8174-f7c58669d181/exec-83d739ab-9632-4270-92b5-012eaf7454be.png","421ab7e5e2c7fe7c636b6705a496b1ee980d8b5bb8a480cde750e85eed7d8c33","136b0c47dcb80b8dd8f58fb370fb7d02926dce8fca3d8feac9d2e2337df74fb5","Hand-painted detailed isometric 2:1 medieval city-builder sprite matching the supplied reference art, southern England 1318–1347. Warm earth, weathered oak, low-saturation limestone. Orthographic isometric, light upper left. True transparent RGBA background, isolated sprite no frame no floor tile no text no labels no watermark. Preserve realistic scale, no cartoon outline, no saturated modern effects. Houses/warehouses have NO chimney, flue or stove pipe. No guns, full plate or fantasy. One compact coastal warning beacon: four rough oak legs braced diagonally, stone footing, elevated iron basket packed with unlit dry brushwood. Small ladder at rear. The basket is unlit, daylight, no smoke. Tall readable single structure, entire object within canvas.","Single uniform downsample alpha crop; placement39,44,49,108","Restrained fourteenth-century visual; no gore; see HISTORICAL_NOTES.md."
"bld/beacon_lit-v1","assets/bld/beacon_lit-v1.png","candidate","128","160","128","160","1","1","","64","151","new candidate ground anchor; overlay inherits target origin","1","1","1","0.5","0.3","5368","2143","builtin imagegen with project references","/tmp/astra-wave17-work-20260926/delivery/assets/bld/beacon_idle-v1.png","/Users/rexxa/Library/Application Support/orca/codex-accounts/54be5844-95fd-4c46-925c-75327ccd186a/home/generated_images/01a0d8e9-c73c-7df0-8174-f7c58669d181/exec-5e1c74f6-e2db-48c9-8dfa-dfc874688407.png","2d903e2bd8f64be0cc86288d9d7df6412898f01d80aa402f0b45194fbfa3b499","69963047875323ec3d9f8a4c60943e8301209e303477c2320265932e604120ad","Precise-object-edit. Reference is the exact final unlit coastal medieval beacon128x160. Keep tower wood, iron basket, poles, ladder, footstones and ALL pixels of structure position unchanged. Light only basket: a compact broad amber orange flame plume rising from basket top at roughly(64,55) up to(65,12), maximumwidth35pixels. A little greysmoke above and tinywarm glow ONLY near basket. True transparent RGBA canvas. NO new tower or ground. Produce JUST isolated transparent flames/smokeglow overlay in SAME fullcanvas128x160 matching image with emptylowerhalf, for alpha compositing onto original. 14th century handpaintedgame, restrainedorange but clear at50%. No text orborder.","AI flame-only upper crop registered38x51at45,5 onto exact idle sprite. All base pixels below y56 identical.","Restrained fourteenth-century visual; no gore; see HISTORICAL_NOTES.md."
"bld/muster_field-v1","assets/bld/muster_field-v1.png","candidate","256","192","256","192","1","1","","128","191","new candidate ground anchor; overlay inherits target origin","2","2","1","0.5","0.3","20786","17854","builtin imagegen with project references","/tmp/astra-wave17-work-20260926/astra-wave17-reference-files/stage_frame_gate-v1.png","/Users/rexxa/Library/Application Support/orca/codex-accounts/54be5844-95fd-4c46-925c-75327ccd186a/home/generated_images/01a0d8e9-c73c-7df0-8174-f7c58669d181/exec-8e4183c4-e1f8-4b52-94c4-ab1ee5f20f93.png","12cadd8f4d15b543584bad391de0bbc2a22da085510ebb4f5eaf3e64a2a8984c","3780fb9436e83970ee42520a765d2bd7db05f4b019770ed7793525d5ead021c5","Hand-painted detailed isometric 2:1 medieval city-builder sprite matching the supplied reference art, southern England 1318–1347. Warm earth, weathered oak, low-saturation limestone. Orthographic isometric, light upper left. True transparent RGBA background, isolated sprite no frame no floor tile no text no labels no watermark. Preserve realistic scale, no cartoon outline, no saturated modern effects. Houses/warehouses have NO chimney, flue or stove pipe. No guns, full plate or fantasy. Small modular militia muster ground: trampled grass clearing, three straw archery butts, bundled straw, a rack holding plain longbows and billhooks, a single faded red banner on a short pole, no people. No modern ringed targets; woven straw round targets only. Arrange coherent isometric loose training clearing with open center. Flattened ground soft isolated irregular edge.","Single uniform downsample alpha crop; placement8,38,240,146","Restrained fourteenth-century visual; no gore; see HISTORICAL_NOTES.md."
"bld/royal_warehouse-v1","assets/bld/royal_warehouse-v1.png","candidate","256","256","256","256","1","1","","128","255","new candidate ground anchor; overlay inherits target origin","2","2","1","0.5","0.3","37654","34888","builtin imagegen with project references","/tmp/astra-wave17-work-20260926/astra-wave17-reference-files/stone_gate_v2-v1.png","/Users/rexxa/Library/Application Support/orca/codex-accounts/54be5844-95fd-4c46-925c-75327ccd186a/home/generated_images/01a0d8e9-c73c-7df0-8174-f7c58669d181/exec-c07b7a77-d63a-4b30-b553-8202ac3f5ce2.png","e5a56fbd962747052f5730cc1c00b36950e8047b871622d79f6d4e33837795fc","ad1c9872cdd59cfc6c7e451c81eeecc476bf744bebe1745e30950009c3607e0e","Hand-painted detailed isometric 2:1 medieval city-builder sprite matching the supplied reference art, southern England 1318–1347. Warm earth, weathered oak, low-saturation limestone. Orthographic isometric, light upper left. True transparent RGBA background, isolated sprite no frame no floor tile no text no labels no watermark. Preserve realistic scale, no cartoon outline, no saturated modern effects. Houses/warehouses have NO chimney, flue or stove pipe. No guns, full plate or fantasy. One royal wool levy warehouse for south English harbour town1338, compact two by two tile footprint. Grey stone lower story, weathered timber upper, plain brown tile gable roof NO chimney, large open double timber cargo doors, several rope-tied cream wool bales beside entrance, small red heraldic cloth above door bearing only three tiny gold lions one over another, NOT quartered arms. Not castle or palace. Same building sprite scale reference.","Single uniform downsample alpha crop; placement14,8,227,240","1337–39 visual convention; red/gold three-lion signal, no later quartering."
"cart/ox_cart_body-v1","assets/cart/ox_cart_body-v1.png","candidate","512","192","128","96","4","2","NE|SE|SW|NW","","","per-frame metadata; inherit registration","","","1","0.5","0.3","34156","2817","byte-reused project candidate","/tmp/astra-wave17-work-20260926/supplemental-wave13-candidates/astra-wave13-candidates-v1/assets/cart/ox_cart_body-v1.png","/tmp/astra-wave17-work-20260926/supplemental-wave13-candidates/astra-wave13-candidates-v1/assets/cart/ox_cart_body-v1.png","bc5a7d8c46e532c54bac797bf13636612998c91661c8a7fb3abf761ca445e158","bc5a7d8c46e532c54bac797bf13636612998c91661c8a7fb3abf761ca445e158","No generation: byte-for-byte reuse; see records/convoy/assembly.json","","Restrained fourteenth-century visual; no gore; see HISTORICAL_NOTES.md."
"decal/trampled_field-v1","assets/decal/trampled_field-v1.png","candidate","128","64","128","64","1","1","","64","63","new candidate ground anchor; overlay inherits target origin","1","1","1","0.5","0.3","3127","34","builtin imagegen with project references","/tmp/astra-wave17-work-20260926/astra-wave17-reference-files/stage_frame_gate-v1.png","/Users/rexxa/Library/Application Support/orca/codex-accounts/54be5844-95fd-4c46-925c-75327ccd186a/home/generated_images/01a0d8e9-c73c-7df0-8174-f7c58669d181/exec-1fe7f145-25d5-44f0-96cf-a794ac763ba0.png","a6506d01f3d4a47bf3f1118b784b82561b1839af99f67fe42a72714a2cb99ce2","8fd3ee6047d5be374252de04984a9c9d73d35bf05cf295a81ab18a92913ad10e","Hand-painted detailed isometric 2:1 medieval city-builder sprite matching the supplied reference art, southern England 1318–1347. Warm earth, weathered oak, low-saturation limestone. Orthographic isometric, light upper left. True transparent RGBA background, isolated sprite no frame no floor tile no text no labels no watermark. Preserve realistic scale, no cartoon outline, no saturated modern effects. Houses/warehouses have NO chimney, flue or stove pipe. No guns, full plate or fantasy. Ground decal only, isometric diamond patch of trampled wheat stubble and muted dark earthy hoof footprints with two shallow cart wheel ruts diagonally NE to SW. Flattened broken straw and compactedsoil.128x64 footprint. No standingplants no cropsupright no buildings no objects no people no shadowsoutside decal. Soft jagged feathered alpha at ground edges, restrained readable texture.","Single uniform downsample alpha crop; placement11,16,106,48","Restrained fourteenth-century visual; no gore; see HISTORICAL_NOTES.md."
"event/raid_burning_quay-v1","assets/event/raid_burning_quay-v1.png","candidate","256","128","256","128","1","1","","68","119","new candidate ground anchor; overlay inherits target origin","2","2","1","0.5","0.3","3360","40","builtin imagegen with project references","/tmp/astra-wave12-work-20260926/delivery/assets/bld/quay-v1.png","/Users/rexxa/Library/Application Support/orca/codex-accounts/54be5844-95fd-4c46-925c-75327ccd186a/home/generated_images/01a0d8e9-c73c-7df0-8174-f7c58669d181/exec-f85d2446-aa76-469b-9c7b-f7be1fc9400e.png","6f427018f9cb2d376d223a0bed3353735e58661e14faa250fd5d4d8f7c30c636","1641a57111cfe03fbdfa442a186113ed56c8f819eb812c899335fc3fd3f9cfaf","Hand-painted detailed isometric 2:1 medieval city-builder sprite matching the supplied reference art, southern England 1318–1347. Warm earth, weathered oak, low-saturation limestone. Orthographic isometric, light upper left. True transparent RGBA background, isolated sprite no frame no floor tile no text no labels no watermark. Preserve realistic scale, no cartoon outline, no saturated modern effects. Houses/warehouses have NO chimney, flue or stove pipe. No guns, full plate or fantasy. EDIT TARGET reference quay. Produce ONLY the registered transparent fire overlay that fits exactly the same 256x128 canvas and unchanged quay position. Do NOT redraw quay stone or add ground. Three moderate orange amber flame clusters on sacks/wood along upper dock diagonal from (90,72) to(218,26), rising20–45pixels, small smoke wisps. Keep base contacts at those coordinates, absolutely transparent everywhere else. Restrained coastal raid damage, no people or bodies. No text.","Independent fire clusters registered to quay cargo surface. Canvas256x128, origin0,0 identical to original quay.","Restrained fourteenth-century visual; no gore; see HISTORICAL_NOTES.md."
"event/raid_smoke_column_sheet-v1","assets/event/raid_smoke_column_sheet-v1.png","candidate","512","192","128","192","4","4","static","64","186","new candidate ground anchor; overlay inherits target origin","1","1","1","0.5","0.3","43617","72","builtin imagegen with project references","/tmp/astra-wave17-work-20260926/astra-wave17-reference-files/stage_frame_gate-v1.png","/Users/rexxa/Library/Application Support/orca/codex-accounts/54be5844-95fd-4c46-925c-75327ccd186a/home/generated_images/01a0d8e9-c73c-7df0-8174-f7c58669d181/exec-9f175da1-4c66-4a03-a170-65c97cc87ec1.png","d5b4185309a7c80c36d770d36ffb21b624296f96b37ce7b3e56db2328b62e6ef","56afedbfdb61114f1cd84de7e678b96620df9f0675e3f02b63afa272ecdc28a3","Transparent sprite atlas4columns1row. FOUR consecutive frames of one same grey brown smoke column from small distant coastal fire. Each identicalcell128x192, same bottom-centered anchor, topdiffusiononlychanges, smoke rises and drifts slightlyleft, silhouettebigreadableat50%. Handpainted muted medievalgame matching reference, NOT solidbuilding not realisticphoto. No flames, no objects, no text, no backplate, true transparent RGBA throughout. Consistentbillowing source and size across4frames. Isolated smoke eachcell no overlap. Render atlas1024x384 with4equal256x384 cells fordownsampling.","4x1; cell128x192; common ground pivot64,186. Individual diffusion normalized to same envelope.","Restrained fourteenth-century visual; no gore; see HISTORICAL_NOTES.md."
"herd/wool_sack_convoy-v1","assets/herd/wool_sack_convoy-v1.png","candidate","512","192","128","96","4","2","NE|SE|SW|NW","","","per-frame metadata; inherit registration","","","1","0.5","0.3","8206","0","builtin imagegen with project references","/tmp/astra-wave17-work-20260926/delivery/assets/cart/ox_cart_body-v1.png","/tmp/astra-wave17-work-20260926/delivery/records/convoy/cargo-ai-source.png","6c96e7acb716e8677686424b17e30a6b08516daae2440a32bbed6b34cdf51d21","2dc94bc01b24fffdd9cbaf010cbd929e301e2723951f63c8c2a82f4db5a39ae6","{""tool"":""image_gen.imagegen"",""status"":""candidate"",""prompts"":[""Create ONE transparent RGBA cargo-only sprite sheet for medieval southern England circa 1337, matching the attached exact ox-cart template geometry. Attached image is positional template and painterly isometric style reference. Output 4 columns x 2 rows. Column directions left to right NE up-right, SE down-right, SW down-left, NW up-left; row 0 and row 1 same load, slight cloth flutter only. Each logical cell is 128x96, total final512x192, you may render at exact integer multiple. Draw ONLY compact tied wool sacks and one small muted red royal pennon on a short pole per cell, with three tiny gold lions stacked vertically, NO quartered arms. NO cart, NO wheels, NO animals, NO driver, NO ground, NO grid, NO labels. Cargo placement must sit inside cart body deck in provided reference: cell-local deck region NE x20..70 y30..57, SE x23..69 y22..49, SW x55..103 y22..49, NW x58..106 y30..57. Fit three sacks into each bed footprint. Small flag pole mounted rear bed corner rises above sacks; no modern heraldry. Muted oatmeal canvas sacks, woven wool fibers, dark hemp ties, hand painted historical citybuilder finish, upper-left soft light, exact 2:1 isometric projection. Empty transparent pixels everywhere else. Keep each cargo group isolated from adjacent cells. Do not draw or regenerate any template cart pixels: cargo and pole only."",""Edit this exact cargo sprite sheet: preserve all eight wool-sack groups and red flags with three gold lions and their exact layout. Remove ALL background, colored glow, haze, shadow halos and floor shadows. Output true hard-clean transparent RGBA with only sacks, hemp ties, flags, flagpoles opaque. Empty spaces MUST have alpha zero, no semi-transparent colored clouds or gradients. Keep 4columns2rows. No cart no animal no text. Do not change sack or flag designs.""],""reference"":""astra-wave17-reference-files/ox_cart_body-v1.png"",""raw"":[""exec-9998972e-cf64-438f-b10d-ed3be69de935.png"",""exec-1aa16dc4-caca-4bd7-b96e-c1473fe08d0b.png""],""note"":""view_image displayed hidden RGB haze. Pixel checks show surrounding haze alpha=0; preserve alpha.""}","","1337–39 visual convention; red/gold three-lion signal, no later quartering."
"illustration/chapter2_end","assets/illustration/chapter2_end.png","candidate","1920","1080","1920","1080","1","1","","","","new candidate ground anchor; overlay inherits target origin","","","1","0.5","0.3","2073600","2073600","builtin imagegen with project references","/tmp/astra-wave17-work-20260926/supplemental/astra-wave16-reference-files/키아트_타이틀_화풍기준.jpg|/tmp/astra-wave17-work-20260926/supplemental/astra-wave16-reference-files/로딩화면_화풍기준.jpg|/tmp/astra-wave17-work-20260926/supplemental/astra-wave16-reference-files/P05.png","/Users/rexxa/Library/Application Support/orca/codex-accounts/54be5844-95fd-4c46-925c-75327ccd186a/home/generated_images/01a0db76-a8d1-7703-b911-94b2d2385e78/exec-6bf58776-fbf2-4dd0-bac8-e4a18bb83bcf.png","d18f33fdbb34aacb5d7150dfe639446120643251ad705df20ef9e303f368d458","7071e63cc12d45f2da42f0c7343f2e8e2c12cabdb6f63b20447b37edf3e9ac68","Create ONE complete illustration for a historical city-building game, one continuous scene, NOT a contact sheet, no collage, no inset panels. Reference 1 sets the muted hand-painted naturalistic storybook landscape style; reference 2 contains multiple examples ONLY for brushwork and materials (do not copy its multi-panel layout); reference 3 sets grounded painted human face style. Southern England in 1318–1347, ordinary timber/plaster/thatch medieval buildings with NO household chimneys, muted ochres, dusty reds and grey greens, subtle painted texture, soft natural light, modest human scale, no modern objects. No words, letters, numbers, captions, interface, border or watermark. No horror, no gore. Landscape format 1920:1080, fill complete image edge to edge. Wide cinematic elevated panorama at evening: a modest prosperous southern English market town now encircled by a completed stone wall and square gate towers, thatch and timber homes and church within; distant harbour on right with two small medieval cargo sailing ships, warm low sunlight and calm blue-grey coast. A few returning villagers and a wool cart in foreground. Hope tempered by the shadow of war, no battle, no smoke from houses, no fantastical castle scale. Output 1920 by 1080 pixels.
ROOF CORRECTION: TARGETED INPAINTING EDIT of this exact finished illustration. Preserve EXACT scene, architecture positions, town walls, gate towers, church tower, carts, every character, composition, warm sunset colors, camera, trees, boats, and painterly detail. ONLY CHANGE: remove ALL HOUSE CHIMNEYS AND FLUES from EVERY domestic rooftop, foreground AND tiny background rooftops. There are many short square brick/stone chimney stacks sticking up from red tile roofs and thatched ridgelines. Delete every single such square stack and seamlessly reconstruct continuous pitched roof tiles or thatch/ridgeline beneath it; where a stack rose above a roof silhouette replace it with the correct sky/tree/background. Inspect the entire town from left edge to right edge: every domestic roof must be uninterrupted without a brick pot, pipe, vent or flue. Preserve church towers, gable peaks, actual wall turrets, chimney-free roof architecture. DO NOT simply remove smoke: remove the physical stacks themselves, including tiny ones. No new objects, no heraldry changes, no composition changes. Output same 1920x1080 landscape image.
Revision history: [{""prompt"":""Create ONE complete illustration for a historical city-building game, one continuous scene, NOT a contact sheet, no collage, no inset panels. Reference 1 sets the muted hand-painted naturalistic storybook landscape style; reference 2 contains multiple examples ONLY for brushwork and materials (do not copy its multi-panel layout); reference 3 sets grounded painted human face style. Southern England in 1318–1347, ordinary timber/plaster/thatch medieval buildings with NO household chimneys, muted ochres, dusty reds and grey greens, subtle painted texture, soft natural light, modest human scale, no modern objects. No words, letters, numbers, captions, interface, border or watermark. No horror, no gore. Landscape format 1920:1080, fill complete image edge to edge. Wide cinematic elevated panorama at evening: a modest prosperous southern English market town now encircled by a completed stone wall and square gate towers, thatch and timber homes and church within; distant harbour on right with two small medieval cargo sailing ships, warm low sunlight and calm blue-grey coast. A few returning villagers and a wool cart in foreground. Hope tempered by the shadow of war, no battle, no smoke from houses, no fantastical castle scale. Output 1920 by 1080 pixels."",""generated_source"":""/Users/rexxa/Library/Application Support/orca/codex-accounts/54be5844-95fd-4c46-925c-75327ccd186a/home/generated_images/01a0db76-a8d1-7703-b911-94b2d2385e78/exec-e031d675-beb4-4d37-89dd-1878e2fd4630.png"",""selected"":false},{""prompt"":""TARGETED INPAINTING EDIT of this exact finished illustration. Preserve EXACT scene, architecture positions, town walls, gate towers, church tower, carts, every character, composition, warm sunset colors, camera, trees, boats, and painterly detail. ONLY CHANGE: remove ALL HOUSE CHIMNEYS AND FLUES from EVERY domestic rooftop, foreground AND tiny background rooftops. There are many short square brick/stone chimney stacks sticking up from red tile roofs and thatched ridgelines. Delete every single such square stack and seamlessly reconstruct continuous pitched roof tiles or thatch/ridgeline beneath it; where a stack rose above a roof silhouette replace it with the correct sky/tree/background. Inspect the entire town from left edge to right edge: every domestic roof must be uninterrupted without a brick pot, pipe, vent or flue. Preserve church towers, gable peaks, actual wall turrets, chimney-free roof architecture. DO NOT simply remove smoke: remove the physical stacks themselves, including tiny ones. No new objects, no heraldry changes, no composition changes. Output same 1920x1080 landscape image."",""references"":[""/tmp/astra-wave17-work-20260926/delivery/assets/illustration/chapter2_end.png""],""generated_source"":""/Users/rexxa/Library/Application Support/orca/codex-accounts/54be5844-95fd-4c46-925c-75327ccd186a/home/generated_images/01a0db76-a8d1-7703-b911-94b2d2385e78/exec-6bf58776-fbf2-4dd0-bac8-e4a18bb83bcf.png"",""selected"":true}]","Lanczos3 resize and central cover crop to target; opaque illustration PNG","1318–1347 fictional southern-English market town; French coastal raids1338–40; historical notes supplied."
"illustration/chronicle/beacon","assets/illustration/chronicle/beacon.png","candidate","384","384","384","384","1","1","","","","new candidate ground anchor; overlay inherits target origin","","","1","0.5","0.3","147456","147456","builtin imagegen with project references","/tmp/astra-wave17-work-20260926/supplemental/astra-wave16-reference-files/키아트_타이틀_화풍기준.jpg|/tmp/astra-wave17-work-20260926/supplemental/astra-wave16-reference-files/로딩화면_화풍기준.jpg|/tmp/astra-wave17-work-20260926/supplemental/astra-wave16-reference-files/P05.png","/Users/rexxa/Library/Application Support/orca/codex-accounts/54be5844-95fd-4c46-925c-75327ccd186a/home/generated_images/01a0db76-a8d1-7703-b911-94b2d2385e78/exec-c7f07738-43a6-4e3a-824b-6e360ec07aec.png","957f5e7e514804ece0bbd5c490b517dbc9b54957ac20223d67481b4411dd31a4","623a52bf49fee1193c11902baa3433a9483bc9857c5b2454f3dc18bb5ffe0b32","Create ONE complete illustration for a historical city-building game, one continuous scene, NOT a contact sheet, no collage, no inset panels. Reference 1 sets the muted hand-painted naturalistic storybook landscape style; reference 2 contains multiple examples ONLY for brushwork and materials (do not copy its multi-panel layout); reference 3 sets grounded painted human face style. Southern England in 1318–1347, ordinary timber/plaster/thatch medieval buildings with NO household chimneys, muted ochres, dusty reds and grey greens, subtle painted texture, soft natural light, modest human scale, no modern objects. No words, letters, numbers, captions, interface, border or watermark. No horror, no gore. Chronicle illustration: square format, slightly simplified illuminated-manuscript storytelling but SAME muted painterly realism, no ornamental frame. Compact readable chronicle vignette: burning wooden coastal beacon basket with two watchmen at its base and the sea behind, orange flame controlled and smoke clear. Output 384 by 384 pixels.","Lanczos3 resize and central cover crop to target; opaque illustration PNG","1318–1347 fictional southern-English market town; French coastal raids1338–40; historical notes supplied."
"illustration/chronicle/conscription","assets/illustration/chronicle/conscription.png","candidate","384","384","384","384","1","1","","","","new candidate ground anchor; overlay inherits target origin","","","1","0.5","0.3","147456","147456","builtin imagegen with project references","/tmp/astra-wave17-work-20260926/supplemental/astra-wave16-reference-files/키아트_타이틀_화풍기준.jpg|/tmp/astra-wave17-work-20260926/supplemental/astra-wave16-reference-files/로딩화면_화풍기준.jpg|/tmp/astra-wave17-work-20260926/supplemental/astra-wave16-reference-files/P05.png","/Users/rexxa/Library/Application Support/orca/codex-accounts/54be5844-95fd-4c46-925c-75327ccd186a/home/generated_images/01a0db76-a8d1-7703-b911-94b2d2385e78/exec-07265052-4604-4a1b-aa69-1f9c63dbf3fe.png","6c61938f4b0aa99d8877eef4b0e3e8c6341839e18207fbf188d2e17f2f802dcf","fd327916d22c821f1ba575aa0b221837b537fe950cb58ad6a4165f542e5bcf24","Create ONE complete illustration for a historical city-building game, one continuous scene, NOT a contact sheet, no collage, no inset panels. Reference 1 sets the muted hand-painted naturalistic storybook landscape style; reference 2 contains multiple examples ONLY for brushwork and materials (do not copy its multi-panel layout); reference 3 sets grounded painted human face style. Southern England in 1318–1347, ordinary timber/plaster/thatch medieval buildings with NO household chimneys, muted ochres, dusty reds and grey greens, subtle painted texture, soft natural light, modest human scale, no modern objects. No words, letters, numbers, captions, interface, border or watermark. No horror, no gore. Chronicle illustration: square format, slightly simplified illuminated-manuscript storytelling but SAME muted painterly realism, no ornamental frame. Compact readable chronicle vignette: three villagers in quilted coats walking out through a timber gate with a tall self longbow and a plain billhook polearm; loved one at doorway watches. Output 384 by 384 pixels.","Lanczos3 resize and central cover crop to target; opaque illustration PNG","1318–1347 fictional southern-English market town; French coastal raids1338–40; historical notes supplied."
"illustration/chronicle/messenger","assets/illustration/chronicle/messenger.png","candidate","384","384","384","384","1","1","","","","new candidate ground anchor; overlay inherits target origin","","","1","0.5","0.3","147456","147456","builtin imagegen with project references","/tmp/astra-wave17-work-20260926/supplemental/astra-wave16-reference-files/키아트_타이틀_화풍기준.jpg|/tmp/astra-wave17-work-20260926/supplemental/astra-wave16-reference-files/로딩화면_화풍기준.jpg|/tmp/astra-wave17-work-20260926/supplemental/astra-wave16-reference-files/P05.png","/Users/rexxa/Library/Application Support/orca/codex-accounts/54be5844-95fd-4c46-925c-75327ccd186a/home/generated_images/01a0db76-a8d1-7703-b911-94b2d2385e78/exec-ee14b3f4-a507-41b6-ba0e-e435f9e9a287.png","a502533a1c634b149c27891b58a50343d6d5a75ba83a5b5a0e25c765048b3b40","2e00a016e3acbda9b681c0bc6dac67654e0a0ed8b1207862206b1c4fdc414f2c","Create ONE complete illustration for a historical city-building game, one continuous scene, NOT a contact sheet, no collage, no inset panels. Reference 1 sets the muted hand-painted naturalistic storybook landscape style; reference 2 contains multiple examples ONLY for brushwork and materials (do not copy its multi-panel layout); reference 3 sets grounded painted human face style. Southern England in 1318–1347, ordinary timber/plaster/thatch medieval buildings with NO household chimneys, muted ochres, dusty reds and grey greens, subtle painted texture, soft natural light, modest human scale, no modern objects. No words, letters, numbers, captions, interface, border or watermark. No horror, no gore. Chronicle illustration: square format, slightly simplified illuminated-manuscript storytelling but SAME muted painterly realism, no ornamental frame. Compact readable chronicle vignette: mounted medieval royal messenger presenting a sealed dispatch to town reeve beside a simple gate. Two main figures only. Output 384 by 384 pixels.
CORRECTION: Edit this exact illustration, preserve all buildings, people, faces, composition, muted painted brushwork, dimensions. HISTORICAL CORRECTION ONLY: remove EVERY heraldic device, gold fleur-de-lis, gold lion, blue-and-red quartered coat of arms, embroidery symbol from ALL clothing and hanging banners. Replace decorated fabric with plain muted dark red or brown wool cloth, completely without symbols. Keep faces, poses, landscape and objects unchanged. No letters or readable text. One continuous image.
ROOF CORRECTION: TARGETED LOCAL EDIT of this exact illustration. Preserve all composition, people, faces, poses, buildings, objects, lighting and brushwork. ONLY REMOVE EVERY domestic rooftop chimney, chimney pot, masonry stack or flue, including small distant ones. Specific offending chimney is red masonry shaft on foreground red roof behind the rider at original 384x384 coordinates x173..179,y81..93. Remove all similar house chimney stacks across the entire illustration. Reconstruct continuous roof tile/thatch/ridge and correct background behind removed stacks. No physical chimney shafts anywhere on houses. Do not just remove smoke. Preserve church towers, wall towers, flagstaffs and ordinary gable peaks. No added objects, no changes to plain red clothing or blank banners. Same exact image and aspect ratio.
Revision history: [{""prompt"":""Create ONE complete illustration for a historical city-building game, one continuous scene, NOT a contact sheet, no collage, no inset panels. Reference 1 sets the muted hand-painted naturalistic storybook landscape style; reference 2 contains multiple examples ONLY for brushwork and materials (do not copy its multi-panel layout); reference 3 sets grounded painted human face style. Southern England in 1318–1347, ordinary timber/plaster/thatch medieval buildings with NO household chimneys, muted ochres, dusty reds and grey greens, subtle painted texture, soft natural light, modest human scale, no modern objects. No words, letters, numbers, captions, interface, border or watermark. No horror, no gore. Chronicle illustration: square format, slightly simplified illuminated-manuscript storytelling but SAME muted painterly realism, no ornamental frame. Compact readable chronicle vignette: mounted medieval royal messenger presenting a sealed dispatch to town reeve beside a simple gate. Two main figures only. Output 384 by 384 pixels."",""generated_source"":""/Users/rexxa/Library/Application Support/orca/codex-accounts/54be5844-95fd-4c46-925c-75327ccd186a/home/generated_images/01a0db76-a8d1-7703-b911-94b2d2385e78/exec-b1031350-4cba-47df-9bd5-05daf7868862.png"",""selected"":false},{""prompt"":""Edit this exact illustration, preserve all buildings, people, faces, composition, muted painted brushwork, dimensions. HISTORICAL CORRECTION ONLY: remove EVERY heraldic device, gold fleur-de-lis, gold lion, blue-and-red quartered coat of arms, embroidery symbol from ALL clothing and hanging banners. Replace decorated fabric with plain muted dark red or brown wool cloth, completely without symbols. Keep faces, poses, landscape and objects unchanged. No letters or readable text. One continuous image."",""references"":[""/tmp/astra-wave17-work-20260926/delivery/assets/illustration/chronicle/messenger.png""],""generated_source"":""/Users/rexxa/Library/Application Support/orca/codex-accounts/54be5844-95fd-4c46-925c-75327ccd186a/home/generated_images/01a0db76-a8d1-7703-b911-94b2d2385e78/exec-7b9eb01a-476c-41ae-9f58-0de406ceb2ef.png"",""selected"":false},{""prompt"":""TARGETED LOCAL EDIT of this exact illustration. Preserve all composition, people, faces, poses, buildings, objects, lighting and brushwork. ONLY REMOVE EVERY domestic rooftop chimney, chimney pot, masonry stack or flue, including small distant ones. Specific offending chimney is red masonry shaft on foreground red roof behind the rider at original 384x384 coordinates x173..179,y81..93. Remove all similar house chimney stacks across the entire illustration. Reconstruct continuous roof tile/thatch/ridge and correct background behind removed stacks. No physical chimney shafts anywhere on houses. Do not just remove smoke. Preserve church towers, wall towers, flagstaffs and ordinary gable peaks. No added objects, no changes to plain red clothing or blank banners. Same exact image and aspect ratio."",""references"":[""/tmp/astra-wave17-work-20260926/delivery/assets/illustration/chronicle/messenger.png""],""generated_source"":""/Users/rexxa/Library/Application Support/orca/codex-accounts/54be5844-95fd-4c46-925c-75327ccd186a/home/generated_images/01a0db76-a8d1-7703-b911-94b2d2385e78/exec-ee14b3f4-a507-41b6-ba0e-e435f9e9a287.png"",""selected"":true}]","Lanczos3 resize and central cover crop to target; opaque illustration PNG","1318–1347 fictional southern-English market town; French coastal raids1338–40; historical notes supplied."
"illustration/chronicle/purveyance_licence","assets/illustration/chronicle/purveyance_licence.png","candidate","384","384","384","384","1","1","","","","new candidate ground anchor; overlay inherits target origin","","","1","0.5","0.3","147456","147456","builtin imagegen with project references","/tmp/astra-wave17-work-20260926/supplemental/astra-wave16-reference-files/키아트_타이틀_화풍기준.jpg|/tmp/astra-wave17-work-20260926/supplemental/astra-wave16-reference-files/로딩화면_화풍기준.jpg|/tmp/astra-wave17-work-20260926/supplemental/astra-wave16-reference-files/P05.png","/Users/rexxa/Library/Application Support/orca/codex-accounts/54be5844-95fd-4c46-925c-75327ccd186a/home/generated_images/01a0db76-a8d1-7703-b911-94b2d2385e78/exec-07043848-16ae-40b0-9b13-64e98f22e687.png","13ae6d660a016914b0d595647ff8c7a2fd0593b63717e8bc8614284cf2a47581","6f55643ee7d51d3ee43f6fe5b944c6395ed4676bb878a4cc17194b9bc5bbc299","Create ONE complete illustration for a historical city-building game, one continuous scene, NOT a contact sheet, no collage, no inset panels. Reference 1 sets the muted hand-painted naturalistic storybook landscape style; reference 2 contains multiple examples ONLY for brushwork and materials (do not copy its multi-panel layout); reference 3 sets grounded painted human face style. Southern England in 1318–1347, ordinary timber/plaster/thatch medieval buildings with NO household chimneys, muted ochres, dusty reds and grey greens, subtle painted texture, soft natural light, modest human scale, no modern objects. No words, letters, numbers, captions, interface, border or watermark. No horror, no gore. Chronicle illustration: square format, slightly simplified illuminated-manuscript storytelling but SAME muted painterly realism, no ornamental frame. Compact readable chronicle vignette: a wax-sealed royal supply licence resting on a wood table beside a closed ledger, small wool bale and purse, town official hand steadying it. No visible writing, parchment turned blank-side up, red wax seal without letters. Output 384 by 384 pixels.
ROOF CORRECTION: TARGETED LOCAL EDIT of this exact illustration. Preserve all composition, people, faces, poses, buildings, objects, lighting and brushwork. ONLY REMOVE EVERY domestic rooftop chimney, chimney pot, masonry stack or flue, including small distant ones. Specific offending positions in original 384x384 image include gray stack on near red roof x144,y56 and thatch x195,y64. Each stack is only about 7–15 pixels wide but must be removed. Reconstruct continuous roof tile/thatch/ridge and correct background behind removed stacks. No physical chimney shafts anywhere on houses. Do not just remove smoke. Preserve church towers, wall towers, market cross, flagstaffs and ordinary gable peaks. No added objects, no changes to heraldry. Same exact image and aspect ratio.
Revision history: [{""prompt"":""Create ONE complete illustration for a historical city-building game, one continuous scene, NOT a contact sheet, no collage, no inset panels. Reference 1 sets the muted hand-painted naturalistic storybook landscape style; reference 2 contains multiple examples ONLY for brushwork and materials (do not copy its multi-panel layout); reference 3 sets grounded painted human face style. Southern England in 1318–1347, ordinary timber/plaster/thatch medieval buildings with NO household chimneys, muted ochres, dusty reds and grey greens, subtle painted texture, soft natural light, modest human scale, no modern objects. No words, letters, numbers, captions, interface, border or watermark. No horror, no gore. Chronicle illustration: square format, slightly simplified illuminated-manuscript storytelling but SAME muted painterly realism, no ornamental frame. Compact readable chronicle vignette: a wax-sealed royal supply licence resting on a wood table beside a closed ledger, small wool bale and purse, town official hand steadying it. No visible writing, parchment turned blank-side up, red wax seal without letters. Output 384 by 384 pixels."",""generated_source"":""/Users/rexxa/Library/Application Support/orca/codex-accounts/54be5844-95fd-4c46-925c-75327ccd186a/home/generated_images/01a0db76-a8d1-7703-b911-94b2d2385e78/exec-638792c7-1191-4154-964f-e16ae51565fa.png"",""selected"":false},{""prompt"":""TARGETED LOCAL EDIT of this exact illustration. Preserve all composition, people, faces, poses, buildings, objects, lighting and brushwork. ONLY REMOVE EVERY domestic rooftop chimney, chimney pot, masonry stack or flue, including small distant ones. Specific offending positions in original 384x384 image include gray stack on near red roof x144,y56 and thatch x195,y64. Each stack is only about 7–15 pixels wide but must be removed. Reconstruct continuous roof tile/thatch/ridge and correct background behind removed stacks. No physical chimney shafts anywhere on houses. Do not just remove smoke. Preserve church towers, wall towers, market cross, flagstaffs and ordinary gable peaks. No added objects, no changes to heraldry. Same exact image and aspect ratio."",""references"":[""/tmp/astra-wave17-work-20260926/delivery/assets/illustration/chronicle/purveyance_licence.png""],""generated_source"":""/Users/rexxa/Library/Application Support/orca/codex-accounts/54be5844-95fd-4c46-925c-75327ccd186a/home/generated_images/01a0db76-a8d1-7703-b911-94b2d2385e78/exec-07043848-16ae-40b0-9b13-64e98f22e687.png"",""selected"":true}]","Lanczos3 resize and central cover crop to target; opaque illustration PNG","1318–1347 fictional southern-English market town; French coastal raids1338–40; historical notes supplied."
"illustration/chronicle/raid","assets/illustration/chronicle/raid.png","candidate","384","384","384","384","1","1","","","","new candidate ground anchor; overlay inherits target origin","","","1","0.5","0.3","147456","147456","builtin imagegen with project references","/tmp/astra-wave17-work-20260926/supplemental/astra-wave16-reference-files/키아트_타이틀_화풍기준.jpg|/tmp/astra-wave17-work-20260926/supplemental/astra-wave16-reference-files/로딩화면_화풍기준.jpg|/tmp/astra-wave17-work-20260926/supplemental/astra-wave16-reference-files/P05.png","/Users/rexxa/Library/Application Support/orca/codex-accounts/54be5844-95fd-4c46-925c-75327ccd186a/home/generated_images/01a0db76-a8d1-7703-b911-94b2d2385e78/exec-56d25a57-5e91-4f7c-93b5-cadc3f982ece.png","730e3ebc0e7913a6d9fc90817730c2b25b2729290790a9b19812c112a7f07acf","ea4c45014aa1d58550d77caf1ab0d9039a4c1612ad16b2256c8e59a7df9bfdfa","Create ONE complete illustration for a historical city-building game, one continuous scene, NOT a contact sheet, no collage, no inset panels. Reference 1 sets the muted hand-painted naturalistic storybook landscape style; reference 2 contains multiple examples ONLY for brushwork and materials (do not copy its multi-panel layout); reference 3 sets grounded painted human face style. Southern England in 1318–1347, ordinary timber/plaster/thatch medieval buildings with NO household chimneys, muted ochres, dusty reds and grey greens, subtle painted texture, soft natural light, modest human scale, no modern objects. No words, letters, numbers, captions, interface, border or watermark. No horror, no gore. Chronicle illustration: square format, slightly simplified illuminated-manuscript storytelling but SAME muted painterly realism, no ornamental frame. Compact readable chronicle vignette: small French raiding boat beside an English quay with a localized dock fire, one villager withdrawing uphill with a bundle. No combat or gore. Output 384 by 384 pixels.","Lanczos3 resize and central cover crop to target; opaque illustration PNG","1318–1347 fictional southern-English market town; French coastal raids1338–40; historical notes supplied."
"illustration/chronicle/stonewall_complete","assets/illustration/chronicle/stonewall_complete.png","candidate","384","384","384","384","1","1","","","","new candidate ground anchor; overlay inherits target origin","","","1","0.5","0.3","147456","147456","builtin imagegen with project references","/tmp/astra-wave17-work-20260926/supplemental/astra-wave16-reference-files/키아트_타이틀_화풍기준.jpg|/tmp/astra-wave17-work-20260926/supplemental/astra-wave16-reference-files/로딩화면_화풍기준.jpg|/tmp/astra-wave17-work-20260926/supplemental/astra-wave16-reference-files/P05.png","/Users/rexxa/Library/Application Support/orca/codex-accounts/54be5844-95fd-4c46-925c-75327ccd186a/home/generated_images/01a0db76-a8d1-7703-b911-94b2d2385e78/exec-19818aba-e5b0-430f-ab5c-de73014d11cb.png","0cf2fa0c50a638ba40a9becce5bc8e87d50de5acd8400751869f225841f186d4","e0bb2d5ff9dae3fbb9f3e139a0a21710b02bf55940adf318ead11b02447e8ad4","Create ONE complete illustration for a historical city-building game, one continuous scene, NOT a contact sheet, no collage, no inset panels. Reference 1 sets the muted hand-painted naturalistic storybook landscape style; reference 2 contains multiple examples ONLY for brushwork and materials (do not copy its multi-panel layout); reference 3 sets grounded painted human face style. Southern England in 1318–1347, ordinary timber/plaster/thatch medieval buildings with NO household chimneys, muted ochres, dusty reds and grey greens, subtle painted texture, soft natural light, modest human scale, no modern objects. No words, letters, numbers, captions, interface, border or watermark. No horror, no gore. Chronicle illustration: square format, slightly simplified illuminated-manuscript storytelling but SAME muted painterly realism, no ornamental frame. Compact readable chronicle vignette: newly completed modest limestone town wall and simple gate, two townspeople entering carrying baskets; warm sense of security after rebuilding. Output 384 by 384 pixels.","Lanczos3 resize and central cover crop to target; opaque illustration PNG","1318–1347 fictional southern-English market town; French coastal raids1338–40; historical notes supplied."
"illustration/chronicle/stonewall_start","assets/illustration/chronicle/stonewall_start.png","candidate","384","384","384","384","1","1","","","","new candidate ground anchor; overlay inherits target origin","","","1","0.5","0.3","147456","147456","builtin imagegen with project references","/tmp/astra-wave17-work-20260926/supplemental/astra-wave16-reference-files/키아트_타이틀_화풍기준.jpg|/tmp/astra-wave17-work-20260926/supplemental/astra-wave16-reference-files/로딩화면_화풍기준.jpg|/tmp/astra-wave17-work-20260926/supplemental/astra-wave16-reference-files/P05.png","/Users/rexxa/Library/Application Support/orca/codex-accounts/54be5844-95fd-4c46-925c-75327ccd186a/home/generated_images/01a0db76-a8d1-7703-b911-94b2d2385e78/exec-b0ee94da-3ad4-4f28-b35f-9ab434d48128.png","20a4783d089a1d27531938ad2639f8288232cf1fddc91964a971c2fe98993490","42bede8cb93e25abf1057b9e673f630a4f3261ba810a995dd3e12efbe0a0903d","Create ONE complete illustration for a historical city-building game, one continuous scene, NOT a contact sheet, no collage, no inset panels. Reference 1 sets the muted hand-painted naturalistic storybook landscape style; reference 2 contains multiple examples ONLY for brushwork and materials (do not copy its multi-panel layout); reference 3 sets grounded painted human face style. Southern England in 1318–1347, ordinary timber/plaster/thatch medieval buildings with NO household chimneys, muted ochres, dusty reds and grey greens, subtle painted texture, soft natural light, modest human scale, no modern objects. No words, letters, numbers, captions, interface, border or watermark. No horror, no gore. Chronicle illustration: square format, slightly simplified illuminated-manuscript storytelling but SAME muted painterly realism, no ornamental frame. Compact readable chronicle vignette: two masons lay the first courses of a new stone town wall, builder with plumb line, baskets of rubble and lime mortar, wooden scaffold beginning behind. Output 384 by 384 pixels.","Lanczos3 resize and central cover crop to target; opaque illustration PNG","1318–1347 fictional southern-English market town; French coastal raids1338–40; historical notes supplied."
"illustration/chronicle/wool_levy","assets/illustration/chronicle/wool_levy.png","candidate","384","384","384","384","1","1","","","","new candidate ground anchor; overlay inherits target origin","","","1","0.5","0.3","147456","147456","builtin imagegen with project references","/tmp/astra-wave17-work-20260926/supplemental/astra-wave16-reference-files/키아트_타이틀_화풍기준.jpg|/tmp/astra-wave17-work-20260926/supplemental/astra-wave16-reference-files/로딩화면_화풍기준.jpg|/tmp/astra-wave17-work-20260926/supplemental/astra-wave16-reference-files/P05.png","/Users/rexxa/Library/Application Support/orca/codex-accounts/54be5844-95fd-4c46-925c-75327ccd186a/home/generated_images/01a0db76-a8d1-7703-b911-94b2d2385e78/exec-a3ca9a67-0219-4d5d-b1b1-1c4d7232e8c8.png","512e8274bbc195d7e791eda66f55d357b13e61cc4778944fdb0914da700b6040","2a9f4ad8d145187a07595a53d8b21452a35cf19d01dd1a79a20a68ea6a57998d","Create ONE complete illustration for a historical city-building game, one continuous scene, NOT a contact sheet, no collage, no inset panels. Reference 1 sets the muted hand-painted naturalistic storybook landscape style; reference 2 contains multiple examples ONLY for brushwork and materials (do not copy its multi-panel layout); reference 3 sets grounded painted human face style. Southern England in 1318–1347, ordinary timber/plaster/thatch medieval buildings with NO household chimneys, muted ochres, dusty reds and grey greens, subtle painted texture, soft natural light, modest human scale, no modern objects. No words, letters, numbers, captions, interface, border or watermark. No horror, no gore. Chronicle illustration: square format, slightly simplified illuminated-manuscript storytelling but SAME muted painterly realism, no ornamental frame. Compact readable chronicle vignette: two workers lifting one tied wool bale onto an ox cart beside a royal purveyor holding closed ledger. Wool collection, simple strong silhouettes. Output 384 by 384 pixels.","Lanczos3 resize and central cover crop to target; opaque illustration PNG","1318–1347 fictional southern-English market town; French coastal raids1338–40; historical notes supplied."
"illustration/decision/levy_response","assets/illustration/decision/levy_response.png","candidate","640","480","640","480","1","1","","","","new candidate ground anchor; overlay inherits target origin","","","1","0.5","0.3","307200","307200","builtin imagegen with project references","/tmp/astra-wave17-work-20260926/supplemental/astra-wave16-reference-files/키아트_타이틀_화풍기준.jpg|/tmp/astra-wave17-work-20260926/supplemental/astra-wave16-reference-files/로딩화면_화풍기준.jpg|/tmp/astra-wave17-work-20260926/supplemental/astra-wave16-reference-files/P05.png","/Users/rexxa/Library/Application Support/orca/codex-accounts/54be5844-95fd-4c46-925c-75327ccd186a/home/generated_images/01a0db76-a8d1-7703-b911-94b2d2385e78/exec-b8e1f1f1-f721-4288-b722-4d8d2dc8aa8c.png","ec5867ac0570a79531a85e870ff08577d9feac0e7785dd9ff82b72b5743c3558","3dcd292b3a6c8ba06770ba46057e44581ef610836d5657abf92b95c221596bc2","Create ONE complete illustration for a historical city-building game, one continuous scene, NOT a contact sheet, no collage, no inset panels. Reference 1 sets the muted hand-painted naturalistic storybook landscape style; reference 2 contains multiple examples ONLY for brushwork and materials (do not copy its multi-panel layout); reference 3 sets grounded painted human face style. Southern England in 1318–1347, ordinary timber/plaster/thatch medieval buildings with NO household chimneys, muted ochres, dusty reds and grey greens, subtle painted texture, soft natural light, modest human scale, no modern objects. No words, letters, numbers, captions, interface, border or watermark. No horror, no gore. Landscape format 640:480, fill complete image edge to edge. Single coherent town hall table scene presenting a difficult levy response: reeve seated at centre, a padded-coat recruit holding a simple longbow waiting by the open door on one side, steward places a small coin purse on table on the other. Human recruitment versus scutage/exemption payment. Natural single scene, no split panels, no symbols or text labels. Output 640 by 480 pixels.
CORRECTION: Edit this exact illustration, preserve all buildings, people, faces, composition, muted painted brushwork, dimensions. HISTORICAL CORRECTION ONLY: remove EVERY heraldic device, gold fleur-de-lis, gold lion, blue-and-red quartered coat of arms, embroidery symbol from ALL clothing and hanging banners. Replace decorated fabric with plain muted dark red or brown wool cloth, completely without symbols. Keep faces, poses, landscape and objects unchanged. No letters or readable text. One continuous image.
Revision history: [{""prompt"":""Create ONE complete illustration for a historical city-building game, one continuous scene, NOT a contact sheet, no collage, no inset panels. Reference 1 sets the muted hand-painted naturalistic storybook landscape style; reference 2 contains multiple examples ONLY for brushwork and materials (do not copy its multi-panel layout); reference 3 sets grounded painted human face style. Southern England in 1318–1347, ordinary timber/plaster/thatch medieval buildings with NO household chimneys, muted ochres, dusty reds and grey greens, subtle painted texture, soft natural light, modest human scale, no modern objects. No words, letters, numbers, captions, interface, border or watermark. No horror, no gore. Landscape format 640:480, fill complete image edge to edge. Single coherent town hall table scene presenting a difficult levy response: reeve seated at centre, a padded-coat recruit holding a simple longbow waiting by the open door on one side, steward places a small coin purse on table on the other. Human recruitment versus scutage/exemption payment. Natural single scene, no split panels, no symbols or text labels. Output 640 by 480 pixels."",""generated_source"":""/Users/rexxa/Library/Application Support/orca/codex-accounts/54be5844-95fd-4c46-925c-75327ccd186a/home/generated_images/01a0db76-a8d1-7703-b911-94b2d2385e78/exec-e32aa4b2-3427-460b-9a23-8c3c3ddebc34.png"",""selected"":false},{""prompt"":""Edit this exact illustration, preserve all buildings, people, faces, composition, muted painted brushwork, dimensions. HISTORICAL CORRECTION ONLY: remove EVERY heraldic device, gold fleur-de-lis, gold lion, blue-and-red quartered coat of arms, embroidery symbol from ALL clothing and hanging banners. Replace decorated fabric with plain muted dark red or brown wool cloth, completely without symbols. Keep faces, poses, landscape and objects unchanged. No letters or readable text. One continuous image."",""references"":[""/tmp/astra-wave17-work-20260926/delivery/assets/illustration/decision/levy_response.png""],""generated_source"":""/Users/rexxa/Library/Application Support/orca/codex-accounts/54be5844-95fd-4c46-925c-75327ccd186a/home/generated_images/01a0db76-a8d1-7703-b911-94b2d2385e78/exec-b8e1f1f1-f721-4288-b722-4d8d2dc8aa8c.png"",""selected"":true}]","Lanczos3 resize and central cover crop to target; opaque illustration PNG","1318–1347 fictional southern-English market town; French coastal raids1338–40; historical notes supplied."
"illustration/decision/refugee_admission","assets/illustration/decision/refugee_admission.png","candidate","640","480","74","74","4","2","NE|SE|SW|NW","","","per-frame metadata; inherit registration","","","1","0.5","0.3","307200","307200","builtin imagegen with project references","/tmp/astra-wave17-work-20260926/supplemental/astra-wave16-reference-files/키아트_타이틀_화풍기준.jpg|/tmp/astra-wave17-work-20260926/supplemental/astra-wave16-reference-files/로딩화면_화풍기준.jpg|/tmp/astra-wave17-work-20260926/supplemental/astra-wave16-reference-files/P05.png","/Users/rexxa/Library/Application Support/orca/codex-accounts/54be5844-95fd-4c46-925c-75327ccd186a/home/generated_images/01a0db76-a8d1-7703-b911-94b2d2385e78/exec-be9c7a76-6f3f-49cf-a511-f26decd88b5f.png","021c4c47891b6c43f1fa9c7a150c6097bd0827adf4b8abd28510a2c1d164037b","f95e9766d8b246d16750f6e2626352e11871d8424e9e9c7a27254564dda97acd","Create ONE complete illustration for a historical city-building game, one continuous scene, NOT a contact sheet, no collage, no inset panels. Reference 1 sets the muted hand-painted naturalistic storybook landscape style; reference 2 contains multiple examples ONLY for brushwork and materials (do not copy its multi-panel layout); reference 3 sets grounded painted human face style. Southern England in 1318–1347, ordinary timber/plaster/thatch medieval buildings with NO household chimneys, muted ochres, dusty reds and grey greens, subtle painted texture, soft natural light, modest human scale, no modern objects. No words, letters, numbers, captions, interface, border or watermark. No horror, no gore. Landscape format 640:480, fill complete image edge to edge. At an open English town gate, a reeve listens to a refugee mother with child and a bundled older man after coastal raids. A townsman offers a cup of water while a watchman waits, space within the gate visible; uncertainty and humane restraint, no abuse, gore or melodrama. Output 640 by 480 pixels.
CORRECTION: Edit this exact illustration, preserve all buildings, people, faces, composition, muted painted brushwork, dimensions. HISTORICAL CORRECTION ONLY: remove EVERY heraldic device, gold fleur-de-lis, gold lion, blue-and-red quartered coat of arms, embroidery symbol from ALL clothing and hanging banners. Replace decorated fabric with plain muted dark red or brown wool cloth, completely without symbols. Keep faces, poses, landscape and objects unchanged. No letters or readable text. One continuous image.
ROOF CORRECTION: TARGETED LOCAL EDIT of this exact illustration. Preserve all composition, people, faces, poses, buildings, objects, lighting and brushwork. ONLY REMOVE EVERY domestic rooftop chimney, chimney pot, masonry stack or flue, including small distant ones. Specific offending positions in original 640x480 image include left thatch x64,y86. Each stack is only about 7–15 pixels wide but must be removed. Reconstruct continuous roof tile/thatch/ridge and correct background behind removed stacks. No physical chimney shafts anywhere on houses. Do not just remove smoke. Preserve church towers, wall towers, market cross, flagstaffs and ordinary gable peaks. No added objects, no changes to heraldry. Same exact image and aspect ratio.
Revision history: [{""prompt"":""Create ONE complete illustration for a historical city-building game, one continuous scene, NOT a contact sheet, no collage, no inset panels. Reference 1 sets the muted hand-painted naturalistic storybook landscape style; reference 2 contains multiple examples ONLY for brushwork and materials (do not copy its multi-panel layout); reference 3 sets grounded painted human face style. Southern England in 1318–1347, ordinary timber/plaster/thatch medieval buildings with NO household chimneys, muted ochres, dusty reds and grey greens, subtle painted texture, soft natural light, modest human scale, no modern objects. No words, letters, numbers, captions, interface, border or watermark. No horror, no gore. Landscape format 640:480, fill complete image edge to edge. At an open English town gate, a reeve listens to a refugee mother with child and a bundled older man after coastal raids. A townsman offers a cup of water while a watchman waits, space within the gate visible; uncertainty and humane restraint, no abuse, gore or melodrama. Output 640 by 480 pixels."",""generated_source"":""/Users/rexxa/Library/Application Support/orca/codex-accounts/54be5844-95fd-4c46-925c-75327ccd186a/home/generated_images/01a0db76-a8d1-7703-b911-94b2d2385e78/exec-ab6e0280-a4a0-4739-a842-7d94b75e231d.png"",""selected"":false},{""prompt"":""Edit this exact illustration, preserve all buildings, people, faces, composition, muted painted brushwork, dimensions. HISTORICAL CORRECTION ONLY: remove EVERY heraldic device, gold fleur-de-lis, gold lion, blue-and-red quartered coat of arms, embroidery symbol from ALL clothing and hanging banners. Replace decorated fabric with plain muted dark red or brown wool cloth, completely without symbols. Keep faces, poses, landscape and objects unchanged. No letters or readable text. One continuous image."",""references"":[""/tmp/astra-wave17-work-20260926/delivery/assets/illustration/decision/refugee_admission.png""],""generated_source"":""/Users/rexxa/Library/Application Support/orca/codex-accounts/54be5844-95fd-4c46-925c-75327ccd186a/home/generated_images/01a0db76-a8d1-7703-b911-94b2d2385e78/exec-cc046b51-f1bd-41c0-8b67-f55ebf960e81.png"",""selected"":false},{""prompt"":""TARGETED LOCAL EDIT of this exact illustration. Preserve all composition, people, faces, poses, buildings, objects, lighting and brushwork. ONLY REMOVE EVERY domestic rooftop chimney, chimney pot, masonry stack or flue, including small distant ones. Specific offending positions in original 640x480 image include left thatch x64,y86. Each stack is only about 7–15 pixels wide but must be removed. Reconstruct continuous roof tile/thatch/ridge and correct background behind removed stacks. No physical chimney shafts anywhere on houses. Do not just remove smoke. Preserve church towers, wall towers, market cross, flagstaffs and ordinary gable peaks. No added objects, no changes to heraldry. Same exact image and aspect ratio."",""references"":[""/tmp/astra-wave17-work-20260926/delivery/assets/illustration/decision/refugee_admission.png""],""generated_source"":""/Users/rexxa/Library/Application Support/orca/codex-accounts/54be5844-95fd-4c46-925c-75327ccd186a/home/generated_images/01a0db76-a8d1-7703-b911-94b2d2385e78/exec-be9c7a76-6f3f-49cf-a511-f26decd88b5f.png"",""selected"":true}]","Lanczos3 resize and central cover crop to target; opaque illustration PNG","1318–1347 fictional southern-English market town; French coastal raids1338–40; historical notes supplied."
"illustration/decision/wall_or_market","assets/illustration/decision/wall_or_market.png","candidate","640","480","640","480","1","1","","","","new candidate ground anchor; overlay inherits target origin","","","1","0.5","0.3","307200","307200","builtin imagegen with project references","/tmp/astra-wave17-work-20260926/supplemental/astra-wave16-reference-files/키아트_타이틀_화풍기준.jpg|/tmp/astra-wave17-work-20260926/supplemental/astra-wave16-reference-files/로딩화면_화풍기준.jpg|/tmp/astra-wave17-work-20260926/supplemental/astra-wave16-reference-files/P05.png","/Users/rexxa/Library/Application Support/orca/codex-accounts/54be5844-95fd-4c46-925c-75327ccd186a/home/generated_images/01a0db76-a8d1-7703-b911-94b2d2385e78/exec-efa51194-1e80-4585-a960-f02c0f90647b.png","21cd102a5b869160f3b64dc15c0c37c497d2a91a23aeb5104b9ad5b6d9c1ddc0","aa6aeabf63aac7e70b8df80c6aefd24f4d42837b5dec8f043b44e78758054b31","Create ONE complete illustration for a historical city-building game, one continuous scene, NOT a contact sheet, no collage, no inset panels. Reference 1 sets the muted hand-painted naturalistic storybook landscape style; reference 2 contains multiple examples ONLY for brushwork and materials (do not copy its multi-panel layout); reference 3 sets grounded painted human face style. Southern England in 1318–1347, ordinary timber/plaster/thatch medieval buildings with NO household chimneys, muted ochres, dusty reds and grey greens, subtle painted texture, soft natural light, modest human scale, no modern objects. No words, letters, numbers, captions, interface, border or watermark. No horror, no gore. Landscape format 640:480, fill complete image edge to edge. Single elevated view from town gate, a reeve and builder in foreground consider two adjacent unfinished civic works: modest new stone wall foundations to left and timber market stalls ready to expand to right. Both fit one continuous English market-town landscape; show limited resources, no divided screen or diagrams. Output 640 by 480 pixels.
ROOF CORRECTION: TARGETED LOCAL EDIT of this exact illustration. Preserve all composition, people, faces, poses, buildings, objects, lighting and brushwork. ONLY REMOVE EVERY domestic rooftop chimney, chimney pot, masonry stack or flue, including small distant ones. Specific offending positions in original 640x480 image include near red roof x247,y122; left thatch x199,y90; rear red roof x373,y92; central roof x364,y118. Each stack is only about 7–15 pixels wide but must be removed. Reconstruct continuous roof tile/thatch/ridge and correct background behind removed stacks. No physical chimney shafts anywhere on houses. Do not just remove smoke. Preserve church towers, wall towers, market cross, flagstaffs and ordinary gable peaks. No added objects, no changes to heraldry. Same exact image and aspect ratio.
Revision history: [{""prompt"":""Create ONE complete illustration for a historical city-building game, one continuous scene, NOT a contact sheet, no collage, no inset panels. Reference 1 sets the muted hand-painted naturalistic storybook landscape style; reference 2 contains multiple examples ONLY for brushwork and materials (do not copy its multi-panel layout); reference 3 sets grounded painted human face style. Southern England in 1318–1347, ordinary timber/plaster/thatch medieval buildings with NO household chimneys, muted ochres, dusty reds and grey greens, subtle painted texture, soft natural light, modest human scale, no modern objects. No words, letters, numbers, captions, interface, border or watermark. No horror, no gore. Landscape format 640:480, fill complete image edge to edge. Single elevated view from town gate, a reeve and builder in foreground consider two adjacent unfinished civic works: modest new stone wall foundations to left and timber market stalls ready to expand to right. Both fit one continuous English market-town landscape; show limited resources, no divided screen or diagrams. Output 640 by 480 pixels."",""generated_source"":""/Users/rexxa/Library/Application Support/orca/codex-accounts/54be5844-95fd-4c46-925c-75327ccd186a/home/generated_images/01a0db76-a8d1-7703-b911-94b2d2385e78/exec-72811171-1701-4c99-9f5b-c0f7e68eefb4.png"",""selected"":false},{""prompt"":""TARGETED LOCAL EDIT of this exact illustration. Preserve all composition, people, faces, poses, buildings, objects, lighting and brushwork. ONLY REMOVE EVERY domestic rooftop chimney, chimney pot, masonry stack or flue, including small distant ones. Specific offending positions in original 640x480 image include near red roof x247,y122; left thatch x199,y90; rear red roof x373,y92; central roof x364,y118. Each stack is only about 7–15 pixels wide but must be removed. Reconstruct continuous roof tile/thatch/ridge and correct background behind removed stacks. No physical chimney shafts anywhere on houses. Do not just remove smoke. Preserve church towers, wall towers, market cross, flagstaffs and ordinary gable peaks. No added objects, no changes to heraldry. Same exact image and aspect ratio."",""references"":[""/tmp/astra-wave17-work-20260926/delivery/assets/illustration/decision/wall_or_market.png""],""generated_source"":""/Users/rexxa/Library/Application Support/orca/codex-accounts/54be5844-95fd-4c46-925c-75327ccd186a/home/generated_images/01a0db76-a8d1-7703-b911-94b2d2385e78/exec-efa51194-1e80-4585-a960-f02c0f90647b.png"",""selected"":true}]","Lanczos3 resize and central cover crop to target; opaque illustration PNG","1318–1347 fictional southern-English market town; French coastal raids1338–40; historical notes supplied."
"illustration/decision/war_funding","assets/illustration/decision/war_funding.png","candidate","640","480","640","480","1","1","","","","new candidate ground anchor; overlay inherits target origin","","","1","0.5","0.3","307200","307200","builtin imagegen with project references","/tmp/astra-wave17-work-20260926/supplemental/astra-wave16-reference-files/키아트_타이틀_화풍기준.jpg|/tmp/astra-wave17-work-20260926/supplemental/astra-wave16-reference-files/로딩화면_화풍기준.jpg|/tmp/astra-wave17-work-20260926/supplemental/astra-wave16-reference-files/P05.png","/Users/rexxa/Library/Application Support/orca/codex-accounts/54be5844-95fd-4c46-925c-75327ccd186a/home/generated_images/01a0db76-a8d1-7703-b911-94b2d2385e78/exec-97d985a7-47ae-47b7-bb3e-cc74dd68e4ba.png","16fed7a3e6736b282ee21ebdeca6ace6c63f211bf349fffede3a68d23517f8d4","1f529d58370d04e3ce706dbc321797b1757a158140b233face31e4c1c844f11f","Create ONE complete illustration for a historical city-building game, one continuous scene, NOT a contact sheet, no collage, no inset panels. Reference 1 sets the muted hand-painted naturalistic storybook landscape style; reference 2 contains multiple examples ONLY for brushwork and materials (do not copy its multi-panel layout); reference 3 sets grounded painted human face style. Southern England in 1318–1347, ordinary timber/plaster/thatch medieval buildings with NO household chimneys, muted ochres, dusty reds and grey greens, subtle painted texture, soft natural light, modest human scale, no modern objects. No words, letters, numbers, captions, interface, border or watermark. No horror, no gore. Landscape format 640:480, fill complete image edge to edge. Three-quarter view of a small town council table: wealthy wool merchant offering a closed money chest and a ledger on one side, worried local householders with small purses on the other, reeve weighing a war funding choice. Merchant loan versus increased taxes; no written labels, ledger pages indistinct blank, restrained faces. Output 640 by 480 pixels.
CORRECTION: Edit this exact illustration, preserve all buildings, people, faces, composition, muted painted brushwork, dimensions. HISTORICAL CORRECTION ONLY: remove EVERY heraldic device, gold fleur-de-lis, gold lion, blue-and-red quartered coat of arms, embroidery symbol from ALL clothing and hanging banners. Replace decorated fabric with plain muted dark red or brown wool cloth, completely without symbols. Keep faces, poses, landscape and objects unchanged. No letters or readable text. One continuous image.
ROOF CORRECTION: TARGETED LOCAL EDIT of this exact illustration. Preserve all composition, people, faces, poses, buildings, objects, lighting and brushwork. ONLY REMOVE EVERY domestic rooftop chimney, chimney pot, masonry stack or flue, including small distant ones. Specific offending positions in original 640x480 image include left thatch x182,y65. Each stack is only about 7–15 pixels wide but must be removed. Reconstruct continuous roof tile/thatch/ridge and correct background behind removed stacks. No physical chimney shafts anywhere on houses. Do not just remove smoke. Preserve church towers, wall towers, market cross, flagstaffs and ordinary gable peaks. No added objects, no changes to heraldry. Same exact image and aspect ratio.
Revision history: [{""prompt"":""Create ONE complete illustration for a historical city-building game, one continuous scene, NOT a contact sheet, no collage, no inset panels. Reference 1 sets the muted hand-painted naturalistic storybook landscape style; reference 2 contains multiple examples ONLY for brushwork and materials (do not copy its multi-panel layout); reference 3 sets grounded painted human face style. Southern England in 1318–1347, ordinary timber/plaster/thatch medieval buildings with NO household chimneys, muted ochres, dusty reds and grey greens, subtle painted texture, soft natural light, modest human scale, no modern objects. No words, letters, numbers, captions, interface, border or watermark. No horror, no gore. Landscape format 640:480, fill complete image edge to edge. Three-quarter view of a small town council table: wealthy wool merchant offering a closed money chest and a ledger on one side, worried local householders with small purses on the other, reeve weighing a war funding choice. Merchant loan versus increased taxes; no written labels, ledger pages indistinct blank, restrained faces. Output 640 by 480 pixels."",""generated_source"":""/Users/rexxa/Library/Application Support/orca/codex-accounts/54be5844-95fd-4c46-925c-75327ccd186a/home/generated_images/01a0db76-a8d1-7703-b911-94b2d2385e78/exec-1482c488-5abf-4284-8478-bc4654f045a8.png"",""selected"":false},{""prompt"":""Edit this exact illustration, preserve all buildings, people, faces, composition, muted painted brushwork, dimensions. HISTORICAL CORRECTION ONLY: remove EVERY heraldic device, gold fleur-de-lis, gold lion, blue-and-red quartered coat of arms, embroidery symbol from ALL clothing and hanging banners. Replace decorated fabric with plain muted dark red or brown wool cloth, completely without symbols. Keep faces, poses, landscape and objects unchanged. No letters or readable text. One continuous image."",""references"":[""/tmp/astra-wave17-work-20260926/delivery/assets/illustration/decision/war_funding.png""],""generated_source"":""/Users/rexxa/Library/Application Support/orca/codex-accounts/54be5844-95fd-4c46-925c-75327ccd186a/home/generated_images/01a0db76-a8d1-7703-b911-94b2d2385e78/exec-0eba36e9-deb2-4cfa-ac6e-b8d1a08bf6ff.png"",""selected"":false},{""prompt"":""TARGETED LOCAL EDIT of this exact illustration. Preserve all composition, people, faces, poses, buildings, objects, lighting and brushwork. ONLY REMOVE EVERY domestic rooftop chimney, chimney pot, masonry stack or flue, including small distant ones. Specific offending positions in original 640x480 image include left thatch x182,y65. Each stack is only about 7–15 pixels wide but must be removed. Reconstruct continuous roof tile/thatch/ridge and correct background behind removed stacks. No physical chimney shafts anywhere on houses. Do not just remove smoke. Preserve church towers, wall towers, market cross, flagstaffs and ordinary gable peaks. No added objects, no changes to heraldry. Same exact image and aspect ratio."",""references"":[""/tmp/astra-wave17-work-20260926/delivery/assets/illustration/decision/war_funding.png""],""generated_source"":""/Users/rexxa/Library/Application Support/orca/codex-accounts/54be5844-95fd-4c46-925c-75327ccd186a/home/generated_images/01a0db76-a8d1-7703-b911-94b2d2385e78/exec-97d985a7-47ae-47b7-bb3e-cc74dd68e4ba.png"",""selected"":true}]","Lanczos3 resize and central cover crop to target; opaque illustration PNG","1318–1347 fictional southern-English market town; French coastal raids1338–40; historical notes supplied."
"illustration/decision/wool_payment","assets/illustration/decision/wool_payment.png","candidate","640","480","640","480","1","1","","","","new candidate ground anchor; overlay inherits target origin","","","1","0.5","0.3","307200","307200","builtin imagegen with project references","/tmp/astra-wave17-work-20260926/supplemental/astra-wave16-reference-files/키아트_타이틀_화풍기준.jpg|/tmp/astra-wave17-work-20260926/supplemental/astra-wave16-reference-files/로딩화면_화풍기준.jpg|/tmp/astra-wave17-work-20260926/supplemental/astra-wave16-reference-files/P05.png","/Users/rexxa/Library/Application Support/orca/codex-accounts/54be5844-95fd-4c46-925c-75327ccd186a/home/generated_images/01a0db76-a8d1-7703-b911-94b2d2385e78/exec-23869f39-b9b0-4527-badc-ecc761c196e8.png","3c5fc80ffeea7346ec2d6617f53c7e8b6cab992c303ea9b95cbcde10f540f3b9","c6a22029e83a9607712461361de8a51e108b844a05948b3d7d2be6cedda07611","Create ONE complete illustration for a historical city-building game, one continuous scene, NOT a contact sheet, no collage, no inset panels. Reference 1 sets the muted hand-painted naturalistic storybook landscape style; reference 2 contains multiple examples ONLY for brushwork and materials (do not copy its multi-panel layout); reference 3 sets grounded painted human face style. Southern England in 1318–1347, ordinary timber/plaster/thatch medieval buildings with NO household chimneys, muted ochres, dusty reds and grey greens, subtle painted texture, soft natural light, modest human scale, no modern objects. No words, letters, numbers, captions, interface, border or watermark. No horror, no gore. Landscape format 640:480, fill complete image edge to edge. Single continuous warehouse counting scene: royal purveyor behind a plain table weighing options, large wool sacks and raw fleece on one side, merchant offering a modest open coin purse on other. Goods or cash levy dilemma, honest material detail, no scales of justice allegory, no split panels. Output 640 by 480 pixels.
CORRECTION: Edit this exact illustration, preserve all buildings, people, faces, composition, muted painted brushwork, dimensions. HISTORICAL CORRECTION ONLY: remove EVERY heraldic device, gold fleur-de-lis, gold lion, blue-and-red quartered coat of arms, embroidery symbol from ALL clothing and hanging banners. Replace decorated fabric with plain muted dark red or brown wool cloth, completely without symbols. Keep faces, poses, landscape and objects unchanged. No letters or readable text. One continuous image.
ROOF CORRECTION: TARGETED LOCAL EDIT of this exact illustration. Preserve all composition, people, faces, poses, buildings, objects, lighting and brushwork. ONLY REMOVE EVERY domestic rooftop chimney, chimney pot, masonry stack or flue, including small distant ones. Specific offending positions in original 640x480 image include red roof beside tree x276,y58. Each stack is only about 7–15 pixels wide but must be removed. Reconstruct continuous roof tile/thatch/ridge and correct background behind removed stacks. No physical chimney shafts anywhere on houses. Do not just remove smoke. Preserve church towers, wall towers, market cross, flagstaffs and ordinary gable peaks. No added objects, no changes to heraldry. Same exact image and aspect ratio.
Revision history: [{""prompt"":""Create ONE complete illustration for a historical city-building game, one continuous scene, NOT a contact sheet, no collage, no inset panels. Reference 1 sets the muted hand-painted naturalistic storybook landscape style; reference 2 contains multiple examples ONLY for brushwork and materials (do not copy its multi-panel layout); reference 3 sets grounded painted human face style. Southern England in 1318–1347, ordinary timber/plaster/thatch medieval buildings with NO household chimneys, muted ochres, dusty reds and grey greens, subtle painted texture, soft natural light, modest human scale, no modern objects. No words, letters, numbers, captions, interface, border or watermark. No horror, no gore. Landscape format 640:480, fill complete image edge to edge. Single continuous warehouse counting scene: royal purveyor behind a plain table weighing options, large wool sacks and raw fleece on one side, merchant offering a modest open coin purse on other. Goods or cash levy dilemma, honest material detail, no scales of justice allegory, no split panels. Output 640 by 480 pixels."",""generated_source"":""/Users/rexxa/Library/Application Support/orca/codex-accounts/54be5844-95fd-4c46-925c-75327ccd186a/home/generated_images/01a0db76-a8d1-7703-b911-94b2d2385e78/exec-81c78c68-fb19-4fe0-a7ef-5f43dc8b086b.png"",""selected"":false},{""prompt"":""Edit this exact illustration, preserve all buildings, people, faces, composition, muted painted brushwork, dimensions. HISTORICAL CORRECTION ONLY: remove EVERY heraldic device, gold fleur-de-lis, gold lion, blue-and-red quartered coat of arms, embroidery symbol from ALL clothing and hanging banners. Replace decorated fabric with plain muted dark red or brown wool cloth, completely without symbols. Keep faces, poses, landscape and objects unchanged. No letters or readable text. One continuous image."",""references"":[""/tmp/astra-wave17-work-20260926/delivery/assets/illustration/decision/wool_payment.png""],""generated_source"":""/Users/rexxa/Library/Application Support/orca/codex-accounts/54be5844-95fd-4c46-925c-75327ccd186a/home/generated_images/01a0db76-a8d1-7703-b911-94b2d2385e78/exec-4b8b4ce4-2456-40db-88d2-f242393de12a.png"",""selected"":false},{""prompt"":""TARGETED LOCAL EDIT of this exact illustration. Preserve all composition, people, faces, poses, buildings, objects, lighting and brushwork. ONLY REMOVE EVERY domestic rooftop chimney, chimney pot, masonry stack or flue, including small distant ones. Specific offending positions in original 640x480 image include red roof beside tree x276,y58. Each stack is only about 7–15 pixels wide but must be removed. Reconstruct continuous roof tile/thatch/ridge and correct background behind removed stacks. No physical chimney shafts anywhere on houses. Do not just remove smoke. Preserve church towers, wall towers, market cross, flagstaffs and ordinary gable peaks. No added objects, no changes to heraldry. Same exact image and aspect ratio."",""references"":[""/tmp/astra-wave17-work-20260926/delivery/assets/illustration/decision/wool_payment.png""],""generated_source"":""/Users/rexxa/Library/Application Support/orca/codex-accounts/54be5844-95fd-4c46-925c-75327ccd186a/home/generated_images/01a0db76-a8d1-7703-b911-94b2d2385e78/exec-23869f39-b9b0-4527-badc-ecc761c196e8.png"",""selected"":true}]","Lanczos3 resize and central cover crop to target; opaque illustration PNG","1318–1347 fictional southern-English market town; French coastal raids1338–40; historical notes supplied."
"illustration/event/beacon_warning","assets/illustration/event/beacon_warning.png","candidate","960","540","960","540","1","1","","","","new candidate ground anchor; overlay inherits target origin","","","1","0.5","0.3","518400","518400","builtin imagegen with project references","/tmp/astra-wave17-work-20260926/supplemental/astra-wave16-reference-files/키아트_타이틀_화풍기준.jpg|/tmp/astra-wave17-work-20260926/supplemental/astra-wave16-reference-files/로딩화면_화풍기준.jpg|/tmp/astra-wave17-work-20260926/supplemental/astra-wave16-reference-files/P05.png","/Users/rexxa/Library/Application Support/orca/codex-accounts/54be5844-95fd-4c46-925c-75327ccd186a/home/generated_images/01a0db76-a8d1-7703-b911-94b2d2385e78/exec-74992b13-92ed-4af1-9489-81c47865c20e.png","6ea0a1994864f92504303fa12471f6178abce8aa3049daea0f6fdec6c1db5443","fafe1b8fef3fd18584cb3371b6f902333bdeb7f077321eab61657b2422cbeff2","Create ONE complete illustration for a historical city-building game, one continuous scene, NOT a contact sheet, no collage, no inset panels. Reference 1 sets the muted hand-painted naturalistic storybook landscape style; reference 2 contains multiple examples ONLY for brushwork and materials (do not copy its multi-panel layout); reference 3 sets grounded painted human face style. Southern England in 1318–1347, ordinary timber/plaster/thatch medieval buildings with NO household chimneys, muted ochres, dusty reds and grey greens, subtle painted texture, soft natural light, modest human scale, no modern objects. No words, letters, numbers, captions, interface, border or watermark. No horror, no gore. Landscape format 960:540, fill complete image edge to edge. A coastal timber beacon basket blazing on a simple tall timber platform above a grassy headland; two modest town watchmen in padded coats tend the warning fire. Small sailing vessels on distant Channel water, smoke bends inland. Urgent but restrained. Output 960 by 540 pixels.","Lanczos3 resize and central cover crop to target; opaque illustration PNG","1318–1347 fictional southern-English market town; French coastal raids1338–40; historical notes supplied."
"illustration/event/coastal_raid","assets/illustration/event/coastal_raid.png","candidate","960","540","960","540","1","1","","","","new candidate ground anchor; overlay inherits target origin","","","1","0.5","0.3","518400","518400","builtin imagegen with project references","/tmp/astra-wave17-work-20260926/supplemental/astra-wave16-reference-files/키아트_타이틀_화풍기준.jpg|/tmp/astra-wave17-work-20260926/supplemental/astra-wave16-reference-files/로딩화면_화풍기준.jpg|/tmp/astra-wave17-work-20260926/supplemental/astra-wave16-reference-files/P05.png","/Users/rexxa/Library/Application Support/orca/codex-accounts/54be5844-95fd-4c46-925c-75327ccd186a/home/generated_images/01a0db76-a8d1-7703-b911-94b2d2385e78/exec-9916dce9-2977-4403-a7b2-6aa6c1056c89.png","f879940f1225e5df807e22a1c5ba4338852746e5d2697ae0272f6868755a0ff2","c84ac162e138fdfa7742bed42fb8e21d793348900f69b72d7b04d5b89e82d82e","Create ONE complete illustration for a historical city-building game, one continuous scene, NOT a contact sheet, no collage, no inset panels. Reference 1 sets the muted hand-painted naturalistic storybook landscape style; reference 2 contains multiple examples ONLY for brushwork and materials (do not copy its multi-panel layout); reference 3 sets grounded painted human face style. Southern England in 1318–1347, ordinary timber/plaster/thatch medieval buildings with NO household chimneys, muted ochres, dusty reds and grey greens, subtle painted texture, soft natural light, modest human scale, no modern objects. No words, letters, numbers, captions, interface, border or watermark. No horror, no gore. Landscape format 960:540, fill complete image edge to edge. French coastal raiders landing beside an English wooden quay during the 1338–1340 raids: one small clinker-built open landing boat, four lightly armed raiders in quilted coats and simple iron caps, villagers retreating inland, a localized fire licking rope and a small dockside shed. Wide establishing scene, no active stabbing, no blood or bodies; believable modest scale. No national tricolours or later heraldry. Output 960 by 540 pixels.","Lanczos3 resize and central cover crop to target; opaque illustration PNG","1318–1347 fictional southern-English market town; French coastal raids1338–40; historical notes supplied."
"illustration/event/conscription_departure","assets/illustration/event/conscription_departure.png","candidate","960","540","960","540","1","1","","","","new candidate ground anchor; overlay inherits target origin","","","1","0.5","0.3","518400","518400","builtin imagegen with project references","/tmp/astra-wave17-work-20260926/supplemental/astra-wave16-reference-files/키아트_타이틀_화풍기준.jpg|/tmp/astra-wave17-work-20260926/supplemental/astra-wave16-reference-files/로딩화면_화풍기준.jpg|/tmp/astra-wave17-work-20260926/supplemental/astra-wave16-reference-files/P05.png","/Users/rexxa/Library/Application Support/orca/codex-accounts/54be5844-95fd-4c46-925c-75327ccd186a/home/generated_images/01a0db76-a8d1-7703-b911-94b2d2385e78/exec-3c435ee7-eb88-45e6-83ed-8db7ed315e38.png","dfaac07f765aff1b51df9e4e09fdbb02aa3eeaa31425f69cf46e06e54b67aa73","a466a791cab2e09b9743ea55a5c312b92d6774c1c9c1bb91b6054dc6950a442f","Create ONE complete illustration for a historical city-building game, one continuous scene, NOT a contact sheet, no collage, no inset panels. Reference 1 sets the muted hand-painted naturalistic storybook landscape style; reference 2 contains multiple examples ONLY for brushwork and materials (do not copy its multi-panel layout); reference 3 sets grounded painted human face style. Southern England in 1318–1347, ordinary timber/plaster/thatch medieval buildings with NO household chimneys, muted ochres, dusty reds and grey greens, subtle painted texture, soft natural light, modest human scale, no modern objects. No words, letters, numbers, captions, interface, border or watermark. No horror, no gore. Landscape format 960:540, fill complete image edge to edge. Five village men leaving for muster along a lane, simple quilted gambeson coats, one long straight wooden self bow almost man height and one simple medieval billhook polearm. A woman and child watch from a cottage doorway; poignant restrained farewell. No plate armour, no uniforms. Output 960 by 540 pixels.","Lanczos3 resize and central cover crop to target; opaque illustration PNG","1318–1347 fictional southern-English market town; French coastal raids1338–40; historical notes supplied."
"illustration/event/empty_workshop","assets/illustration/event/empty_workshop.png","candidate","960","540","960","540","1","1","","","","new candidate ground anchor; overlay inherits target origin","","","1","0.5","0.3","518400","518400","builtin imagegen with project references","/tmp/astra-wave17-work-20260926/supplemental/astra-wave16-reference-files/키아트_타이틀_화풍기준.jpg|/tmp/astra-wave17-work-20260926/supplemental/astra-wave16-reference-files/로딩화면_화풍기준.jpg|/tmp/astra-wave17-work-20260926/supplemental/astra-wave16-reference-files/P05.png","/Users/rexxa/Library/Application Support/orca/codex-accounts/54be5844-95fd-4c46-925c-75327ccd186a/home/generated_images/01a0db76-a8d1-7703-b911-94b2d2385e78/exec-c40848d1-d306-48f2-9d3e-ea2d2ac5970f.png","956c1012acac98572ad6c5f0da1284ec1608b202d23f47c46981f2ceb533964e","ef51d2eaeab848845c7283ccfecd43a8806f311af095b19c61edd0bc7d06471f","Create ONE complete illustration for a historical city-building game, one continuous scene, NOT a contact sheet, no collage, no inset panels. Reference 1 sets the muted hand-painted naturalistic storybook landscape style; reference 2 contains multiple examples ONLY for brushwork and materials (do not copy its multi-panel layout); reference 3 sets grounded painted human face style. Southern England in 1318–1347, ordinary timber/plaster/thatch medieval buildings with NO household chimneys, muted ochres, dusty reds and grey greens, subtle painted texture, soft natural light, modest human scale, no modern objects. No words, letters, numbers, captions, interface, border or watermark. No horror, no gore. Landscape format 960:540, fill complete image edge to edge. An empty shoemaker and cloth mending workshop at noon after the working men have been levied: vacant wooden stools, unused tools, an unfinished leather shoe and folded rough wool cloth on a workbench. Open doorway looks onto a quiet English village lane, one elderly craftswoman pauses outside. Show absence through composition. Output 960 by 540 pixels.
ROOF CORRECTION: TARGETED LOCAL EDIT of this exact illustration. Preserve all composition, people, faces, poses, buildings, objects, lighting and brushwork. ONLY REMOVE EVERY domestic rooftop chimney, chimney pot, masonry stack or flue, including small distant ones. Specifically remove red brick stacks at x637..649,y122..138 and x691..704,y124..147 visible through the doorway in 960x540 image. Reconstruct continuous roof tile/thatch/ridge and correct background behind removed stacks. No physical chimney shafts anywhere on houses. Do not just remove smoke. Preserve church towers, wall towers and ordinary gable peaks. No added objects, no changes to heraldry. Same exact image and aspect ratio.
RESIDUAL ROOF CORRECTION: Very precise corrective edit. IMAGE 1 is the full illustration to preserve. IMAGE 2 is a ten-times enlarged locator crop ONLY, not a second scene: it shows the ONE residual red-brown brick chimney with a dark cap that MUST be removed. This crop comes from original full image coordinates x625,y110,width45,height45. The chimney itself occupies x637..649,y122..138 in IMAGE1 960x540 coordinate space, visible through the workshop open doorway, immediately left of the distant church tower. ERASE THE ENTIRE RED-BROWN VERTICAL SHAFT AND DARK CAP. Replace the deleted shaft with leafy green background above roof and continuous smooth golden thatch ridge at its foot. There must be no red vertical rectangle or dark cap remaining at that position. Preserve every other part of image1, all faces, tools, architecture, light and exact composition. Output ONLY the full image1 scene, same landscape size. No labels or inset. Do not add another chimney elsewhere.
Revision history: [{""prompt"":""Create ONE complete illustration for a historical city-building game, one continuous scene, NOT a contact sheet, no collage, no inset panels. Reference 1 sets the muted hand-painted naturalistic storybook landscape style; reference 2 contains multiple examples ONLY for brushwork and materials (do not copy its multi-panel layout); reference 3 sets grounded painted human face style. Southern England in 1318–1347, ordinary timber/plaster/thatch medieval buildings with NO household chimneys, muted ochres, dusty reds and grey greens, subtle painted texture, soft natural light, modest human scale, no modern objects. No words, letters, numbers, captions, interface, border or watermark. No horror, no gore. Landscape format 960:540, fill complete image edge to edge. An empty shoemaker and cloth mending workshop at noon after the working men have been levied: vacant wooden stools, unused tools, an unfinished leather shoe and folded rough wool cloth on a workbench. Open doorway looks onto a quiet English village lane, one elderly craftswoman pauses outside. Show absence through composition. Output 960 by 540 pixels."",""generated_source"":""/Users/rexxa/Library/Application Support/orca/codex-accounts/54be5844-95fd-4c46-925c-75327ccd186a/home/generated_images/01a0db76-a8d1-7703-b911-94b2d2385e78/exec-66e591eb-0472-4226-9a8c-c0facd7dd3cc.png"",""selected"":false},{""prompt"":""TARGETED LOCAL EDIT of this exact illustration. Preserve all composition, people, faces, poses, buildings, objects, lighting and brushwork. ONLY REMOVE EVERY domestic rooftop chimney, chimney pot, masonry stack or flue, including small distant ones. Specifically remove red brick stacks at x637..649,y122..138 and x691..704,y124..147 visible through the doorway in 960x540 image. Reconstruct continuous roof tile/thatch/ridge and correct background behind removed stacks. No physical chimney shafts anywhere on houses. Do not just remove smoke. Preserve church towers, wall towers and ordinary gable peaks. No added objects, no changes to heraldry. Same exact image and aspect ratio."",""references"":[""/tmp/astra-wave17-work-20260926/delivery/assets/illustration/event/empty_workshop.png""],""generated_source"":""/Users/rexxa/Library/Application Support/orca/codex-accounts/54be5844-95fd-4c46-925c-75327ccd186a/home/generated_images/01a0db76-a8d1-7703-b911-94b2d2385e78/exec-5ea1edcc-6a98-4e1f-aec2-48b57ddff678.png"",""selected"":false},{""prompt"":""Very precise corrective edit. IMAGE 1 is the full illustration to preserve. IMAGE 2 is a ten-times enlarged locator crop ONLY, not a second scene: it shows the ONE residual red-brown brick chimney with a dark cap that MUST be removed. This crop comes from original full image coordinates x625,y110,width45,height45. The chimney itself occupies x637..649,y122..138 in IMAGE1 960x540 coordinate space, visible through the workshop open doorway, immediately left of the distant church tower. ERASE THE ENTIRE RED-BROWN VERTICAL SHAFT AND DARK CAP. Replace the deleted shaft with leafy green background above roof and continuous smooth golden thatch ridge at its foot. There must be no red vertical rectangle or dark cap remaining at that position. Preserve every other part of image1, all faces, tools, architecture, light and exact composition. Output ONLY the full image1 scene, same landscape size. No labels or inset. Do not add another chimney elsewhere."",""references"":[""/tmp/astra-wave17-work-20260926/delivery/assets/illustration/event/empty_workshop.png"",""/tmp/astra-wave17-work-20260926/records/roof-review/empty-remaining.png""],""generated_source"":""/Users/rexxa/Library/Application Support/orca/codex-accounts/54be5844-95fd-4c46-925c-75327ccd186a/home/generated_images/01a0db76-a8d1-7703-b911-94b2d2385e78/exec-c40848d1-d306-48f2-9d3e-ea2d2ac5970f.png"",""selected"":true}]","Lanczos3 resize and central cover crop to target; opaque illustration PNG","1318–1347 fictional southern-English market town; French coastal raids1338–40; historical notes supplied."
"illustration/event/raid_aftermath","assets/illustration/event/raid_aftermath.png","candidate","960","540","960","540","1","1","","","","new candidate ground anchor; overlay inherits target origin","","","1","0.5","0.3","518400","518400","builtin imagegen with project references","/tmp/astra-wave17-work-20260926/supplemental/astra-wave16-reference-files/키아트_타이틀_화풍기준.jpg|/tmp/astra-wave17-work-20260926/supplemental/astra-wave16-reference-files/로딩화면_화풍기준.jpg|/tmp/astra-wave17-work-20260926/supplemental/astra-wave16-reference-files/P05.png","/Users/rexxa/Library/Application Support/orca/codex-accounts/54be5844-95fd-4c46-925c-75327ccd186a/home/generated_images/01a0db76-a8d1-7703-b911-94b2d2385e78/exec-269a924b-1588-4361-9b20-9f309ed63541.png","1f829d81f1acbf767c344438e182930913e71c1734bff5f797049e4ca117d592","78107ae31858c330ae41a1f4c38a58c7c7368f1d13bc6afc83c07000b4dcf79c","Create ONE complete illustration for a historical city-building game, one continuous scene, NOT a contact sheet, no collage, no inset panels. Reference 1 sets the muted hand-painted naturalistic storybook landscape style; reference 2 contains multiple examples ONLY for brushwork and materials (do not copy its multi-panel layout); reference 3 sets grounded painted human face style. Southern England in 1318–1347, ordinary timber/plaster/thatch medieval buildings with NO household chimneys, muted ochres, dusty reds and grey greens, subtle painted texture, soft natural light, modest human scale, no modern objects. No words, letters, numbers, captions, interface, border or watermark. No horror, no gore. Landscape format 960:540, fill complete image edge to edge. Morning after a raid: partially scorched English wooden quay, overturned empty barrels, a damaged mooring post, thin smoke fading over water; three townspeople quietly recover sacks and inspect damage. Buildings largely still standing. No corpses or blood, no apocalyptic destruction. Output 960 by 540 pixels.
ROOF CORRECTION: TARGETED LOCAL EDIT of this exact illustration. Preserve all composition, people, faces, poses, buildings, objects, lighting and brushwork. ONLY REMOVE EVERY domestic rooftop chimney, chimney pot, masonry stack or flue, including small distant ones. Specifically remove masonry chimney with two red pots behind near thatched roof at x181..197,y59..91 in 960x540 image. Reconstruct continuous roof tile/thatch/ridge and correct background behind removed stacks. No physical chimney shafts anywhere on houses. Do not just remove smoke. Preserve church towers, wall towers and ordinary gable peaks. No added objects, no changes to heraldry. Same exact image and aspect ratio.
Revision history: [{""prompt"":""Create ONE complete illustration for a historical city-building game, one continuous scene, NOT a contact sheet, no collage, no inset panels. Reference 1 sets the muted hand-painted naturalistic storybook landscape style; reference 2 contains multiple examples ONLY for brushwork and materials (do not copy its multi-panel layout); reference 3 sets grounded painted human face style. Southern England in 1318–1347, ordinary timber/plaster/thatch medieval buildings with NO household chimneys, muted ochres, dusty reds and grey greens, subtle painted texture, soft natural light, modest human scale, no modern objects. No words, letters, numbers, captions, interface, border or watermark. No horror, no gore. Landscape format 960:540, fill complete image edge to edge. Morning after a raid: partially scorched English wooden quay, overturned empty barrels, a damaged mooring post, thin smoke fading over water; three townspeople quietly recover sacks and inspect damage. Buildings largely still standing. No corpses or blood, no apocalyptic destruction. Output 960 by 540 pixels."",""generated_source"":""/Users/rexxa/Library/Application Support/orca/codex-accounts/54be5844-95fd-4c46-925c-75327ccd186a/home/generated_images/01a0db76-a8d1-7703-b911-94b2d2385e78/exec-a2a3dd97-4188-40b5-a913-03d75a753021.png"",""selected"":false},{""prompt"":""TARGETED LOCAL EDIT of this exact illustration. Preserve all composition, people, faces, poses, buildings, objects, lighting and brushwork. ONLY REMOVE EVERY domestic rooftop chimney, chimney pot, masonry stack or flue, including small distant ones. Specifically remove masonry chimney with two red pots behind near thatched roof at x181..197,y59..91 in 960x540 image. Reconstruct continuous roof tile/thatch/ridge and correct background behind removed stacks. No physical chimney shafts anywhere on houses. Do not just remove smoke. Preserve church towers, wall towers and ordinary gable peaks. No added objects, no changes to heraldry. Same exact image and aspect ratio."",""references"":[""/tmp/astra-wave17-work-20260926/delivery/assets/illustration/event/raid_aftermath.png""],""generated_source"":""/Users/rexxa/Library/Application Support/orca/codex-accounts/54be5844-95fd-4c46-925c-75327ccd186a/home/generated_images/01a0db76-a8d1-7703-b911-94b2d2385e78/exec-269a924b-1588-4361-9b20-9f309ed63541.png"",""selected"":true}]","Lanczos3 resize and central cover crop to target; opaque illustration PNG","1318–1347 fictional southern-English market town; French coastal raids1338–40; historical notes supplied."
"illustration/event/royal_messenger_arrival","assets/illustration/event/royal_messenger_arrival.png","candidate","960","540","960","540","1","1","","","","new candidate ground anchor; overlay inherits target origin","","","1","0.5","0.3","518400","518400","builtin imagegen with project references","/tmp/astra-wave17-work-20260926/supplemental/astra-wave16-reference-files/키아트_타이틀_화풍기준.jpg|/tmp/astra-wave17-work-20260926/supplemental/astra-wave16-reference-files/로딩화면_화풍기준.jpg|/tmp/astra-wave17-work-20260926/supplemental/astra-wave16-reference-files/P05.png","/Users/rexxa/Library/Application Support/orca/codex-accounts/54be5844-95fd-4c46-925c-75327ccd186a/home/generated_images/01a0db76-a8d1-7703-b911-94b2d2385e78/exec-d5db3d17-8658-4f6c-87f6-eb5ad1edc6d7.png","1faec21e165e327aeadf89f38040a1bcd62062945f296199284d20e54ad59811","14ef75f05c07c059f547a538314f4e90ec76c68e39651acd63cd5aa42327788e","Create ONE complete illustration for a historical city-building game, one continuous scene, NOT a contact sheet, no collage, no inset panels. Reference 1 sets the muted hand-painted naturalistic storybook landscape style; reference 2 contains multiple examples ONLY for brushwork and materials (do not copy its multi-panel layout); reference 3 sets grounded painted human face style. Southern England in 1318–1347, ordinary timber/plaster/thatch medieval buildings with NO household chimneys, muted ochres, dusty reds and grey greens, subtle painted texture, soft natural light, modest human scale, no modern objects. No words, letters, numbers, captions, interface, border or watermark. No horror, no gore. Landscape format 960:540, fill complete image edge to edge. A mounted royal messenger arriving at the open timber gate of a small southern English coastal market town, town reeve steps forward to receive his sealed folded dispatch; only four supporting townspeople. Quiet anticipation, coastal inlet distant. Messenger dark red tabard with small three gold lion motif; no quartered arms. Output 960 by 540 pixels.
ROOF CORRECTION: TARGETED LOCAL EDIT of this exact illustration. Preserve all composition, people, faces, poses, buildings, objects, lighting and brushwork. ONLY REMOVE EVERY domestic rooftop chimney, chimney pot, masonry stack or flue, including small distant ones. Specific offending positions in original 960x540 image include red ridge x499,y70; gray shaft above crossbeam x561,y93. Each stack is only about 7–15 pixels wide but must be removed. Reconstruct continuous roof tile/thatch/ridge and correct background behind removed stacks. No physical chimney shafts anywhere on houses. Do not just remove smoke. Preserve church towers, wall towers, market cross, flagstaffs and ordinary gable peaks. No added objects, no changes to heraldry. Same exact image and aspect ratio.
Revision history: [{""prompt"":""Create ONE complete illustration for a historical city-building game, one continuous scene, NOT a contact sheet, no collage, no inset panels. Reference 1 sets the muted hand-painted naturalistic storybook landscape style; reference 2 contains multiple examples ONLY for brushwork and materials (do not copy its multi-panel layout); reference 3 sets grounded painted human face style. Southern England in 1318–1347, ordinary timber/plaster/thatch medieval buildings with NO household chimneys, muted ochres, dusty reds and grey greens, subtle painted texture, soft natural light, modest human scale, no modern objects. No words, letters, numbers, captions, interface, border or watermark. No horror, no gore. Landscape format 960:540, fill complete image edge to edge. A mounted royal messenger arriving at the open timber gate of a small southern English coastal market town, town reeve steps forward to receive his sealed folded dispatch; only four supporting townspeople. Quiet anticipation, coastal inlet distant. Messenger dark red tabard with small three gold lion motif; no quartered arms. Output 960 by 540 pixels."",""generated_source"":""/Users/rexxa/Library/Application Support/orca/codex-accounts/54be5844-95fd-4c46-925c-75327ccd186a/home/generated_images/01a0db76-a8d1-7703-b911-94b2d2385e78/exec-2ab774f4-bb9c-42bf-be2b-51f28de1e64f.png"",""selected"":false},{""prompt"":""TARGETED LOCAL EDIT of this exact illustration. Preserve all composition, people, faces, poses, buildings, objects, lighting and brushwork. ONLY REMOVE EVERY domestic rooftop chimney, chimney pot, masonry stack or flue, including small distant ones. Specific offending positions in original 960x540 image include red ridge x499,y70; gray shaft above crossbeam x561,y93. Each stack is only about 7–15 pixels wide but must be removed. Reconstruct continuous roof tile/thatch/ridge and correct background behind removed stacks. No physical chimney shafts anywhere on houses. Do not just remove smoke. Preserve church towers, wall towers, market cross, flagstaffs and ordinary gable peaks. No added objects, no changes to heraldry. Same exact image and aspect ratio."",""references"":[""/tmp/astra-wave17-work-20260926/delivery/assets/illustration/event/royal_messenger_arrival.png""],""generated_source"":""/Users/rexxa/Library/Application Support/orca/codex-accounts/54be5844-95fd-4c46-925c-75327ccd186a/home/generated_images/01a0db76-a8d1-7703-b911-94b2d2385e78/exec-d5db3d17-8658-4f6c-87f6-eb5ad1edc6d7.png"",""selected"":true}]","Lanczos3 resize and central cover crop to target; opaque illustration PNG","1318–1347 fictional southern-English market town; French coastal raids1338–40; historical notes supplied."
"illustration/event/stonewall_charter","assets/illustration/event/stonewall_charter.png","candidate","960","540","960","540","1","1","","","","new candidate ground anchor; overlay inherits target origin","","","1","0.5","0.3","518400","518400","builtin imagegen with project references","/tmp/astra-wave17-work-20260926/supplemental/astra-wave16-reference-files/키아트_타이틀_화풍기준.jpg|/tmp/astra-wave17-work-20260926/supplemental/astra-wave16-reference-files/로딩화면_화풍기준.jpg|/tmp/astra-wave17-work-20260926/supplemental/astra-wave16-reference-files/P05.png","/Users/rexxa/Library/Application Support/orca/codex-accounts/54be5844-95fd-4c46-925c-75327ccd186a/home/generated_images/01a0db76-a8d1-7703-b911-94b2d2385e78/exec-ff05dbcc-ce41-4ba8-b187-dd95205899ee.png","8d15b1e858bcaa94e4ccba262fa7547690613eec0581689b96f817619493f5db","01c586635da9628195e48ce7b0b0f69ba87dae704001ac83bfe609769cd7d01d","Create ONE complete illustration for a historical city-building game, one continuous scene, NOT a contact sheet, no collage, no inset panels. Reference 1 sets the muted hand-painted naturalistic storybook landscape style; reference 2 contains multiple examples ONLY for brushwork and materials (do not copy its multi-panel layout); reference 3 sets grounded painted human face style. Southern England in 1318–1347, ordinary timber/plaster/thatch medieval buildings with NO household chimneys, muted ochres, dusty reds and grey greens, subtle painted texture, soft natural light, modest human scale, no modern objects. No words, letters, numbers, captions, interface, border or watermark. No horror, no gore. Landscape format 960:540, fill complete image edge to edge. Inside a modest medieval town hall, royal official hands a parchment charter with a large red wax seal to a town reeve; through open window, stone wall foundation work and labourers are visible. Two practical townsmen witness it. Parchment face hidden/blank, no readable letters. Royal licence for fortification, early fourteenth century. Output 960 by 540 pixels.
CORRECTION: Edit this exact illustration, preserve all buildings, people, faces, composition, muted painted brushwork, dimensions. HISTORICAL CORRECTION ONLY: remove EVERY heraldic device, gold fleur-de-lis, gold lion, blue-and-red quartered coat of arms, embroidery symbol from ALL clothing and hanging banners. Replace decorated fabric with plain muted dark red or brown wool cloth, completely without symbols. Keep faces, poses, landscape and objects unchanged. No letters or readable text. One continuous image.
ROOF CORRECTION: TARGETED LOCAL EDIT of this exact illustration. Preserve all composition, people, faces, poses, buildings, objects, lighting and brushwork. ONLY REMOVE EVERY domestic rooftop chimney, chimney pot, masonry stack or flue, including small distant ones. Specific offending positions in original 960x540 image include far left roof x44,y60; thatch x98,y75; rear roofs x261,y72 and x387,y63 and x411,y63 and x450,y66. Each stack is only about 7–15 pixels wide but must be removed. Reconstruct continuous roof tile/thatch/ridge and correct background behind removed stacks. No physical chimney shafts anywhere on houses. Do not just remove smoke. Preserve church towers, wall towers, market cross, flagstaffs and ordinary gable peaks. No added objects, no changes to heraldry. Same exact image and aspect ratio.
Revision history: [{""prompt"":""Create ONE complete illustration for a historical city-building game, one continuous scene, NOT a contact sheet, no collage, no inset panels. Reference 1 sets the muted hand-painted naturalistic storybook landscape style; reference 2 contains multiple examples ONLY for brushwork and materials (do not copy its multi-panel layout); reference 3 sets grounded painted human face style. Southern England in 1318–1347, ordinary timber/plaster/thatch medieval buildings with NO household chimneys, muted ochres, dusty reds and grey greens, subtle painted texture, soft natural light, modest human scale, no modern objects. No words, letters, numbers, captions, interface, border or watermark. No horror, no gore. Landscape format 960:540, fill complete image edge to edge. Inside a modest medieval town hall, royal official hands a parchment charter with a large red wax seal to a town reeve; through open window, stone wall foundation work and labourers are visible. Two practical townsmen witness it. Parchment face hidden/blank, no readable letters. Royal licence for fortification, early fourteenth century. Output 960 by 540 pixels."",""generated_source"":""/Users/rexxa/Library/Application Support/orca/codex-accounts/54be5844-95fd-4c46-925c-75327ccd186a/home/generated_images/01a0db76-a8d1-7703-b911-94b2d2385e78/exec-a3334fd8-ed5c-4f69-9b91-ee1123c8b077.png"",""selected"":false},{""prompt"":""Edit this exact illustration, preserve all buildings, people, faces, composition, muted painted brushwork, dimensions. HISTORICAL CORRECTION ONLY: remove EVERY heraldic device, gold fleur-de-lis, gold lion, blue-and-red quartered coat of arms, embroidery symbol from ALL clothing and hanging banners. Replace decorated fabric with plain muted dark red or brown wool cloth, completely without symbols. Keep faces, poses, landscape and objects unchanged. No letters or readable text. One continuous image."",""references"":[""/tmp/astra-wave17-work-20260926/delivery/assets/illustration/event/stonewall_charter.png""],""generated_source"":""/Users/rexxa/Library/Application Support/orca/codex-accounts/54be5844-95fd-4c46-925c-75327ccd186a/home/generated_images/01a0db76-a8d1-7703-b911-94b2d2385e78/exec-b5866866-0aa7-44c5-a2c0-3ac2361afaf0.png"",""selected"":false},{""prompt"":""TARGETED LOCAL EDIT of this exact illustration. Preserve all composition, people, faces, poses, buildings, objects, lighting and brushwork. ONLY REMOVE EVERY domestic rooftop chimney, chimney pot, masonry stack or flue, including small distant ones. Specific offending positions in original 960x540 image include far left roof x44,y60; thatch x98,y75; rear roofs x261,y72 and x387,y63 and x411,y63 and x450,y66. Each stack is only about 7–15 pixels wide but must be removed. Reconstruct continuous roof tile/thatch/ridge and correct background behind removed stacks. No physical chimney shafts anywhere on houses. Do not just remove smoke. Preserve church towers, wall towers, market cross, flagstaffs and ordinary gable peaks. No added objects, no changes to heraldry. Same exact image and aspect ratio."",""references"":[""/tmp/astra-wave17-work-20260926/delivery/assets/illustration/event/stonewall_charter.png""],""generated_source"":""/Users/rexxa/Library/Application Support/orca/codex-accounts/54be5844-95fd-4c46-925c-75327ccd186a/home/generated_images/01a0db76-a8d1-7703-b911-94b2d2385e78/exec-ff05dbcc-ce41-4ba8-b187-dd95205899ee.png"",""selected"":true}]","Lanczos3 resize and central cover crop to target; opaque illustration PNG","1318–1347 fictional southern-English market town; French coastal raids1338–40; historical notes supplied."
"illustration/event/wool_levy_edict","assets/illustration/event/wool_levy_edict.png","candidate","960","540","960","540","1","1","","","","new candidate ground anchor; overlay inherits target origin","","","1","0.5","0.3","518400","518400","builtin imagegen with project references","/tmp/astra-wave17-work-20260926/supplemental/astra-wave16-reference-files/키아트_타이틀_화풍기준.jpg|/tmp/astra-wave17-work-20260926/supplemental/astra-wave16-reference-files/로딩화면_화풍기준.jpg|/tmp/astra-wave17-work-20260926/supplemental/astra-wave16-reference-files/P05.png","/Users/rexxa/Library/Application Support/orca/codex-accounts/54be5844-95fd-4c46-925c-75327ccd186a/home/generated_images/01a0db76-a8d1-7703-b911-94b2d2385e78/exec-2ae2a6e7-2f0d-4713-88ca-46196ce9bca8.png","128f8abe51e679ac4cf61806da107fb656742e6be4ba41ab91fb9248c570252b","0cbb8a4732d6bde7cd0bd6284bbe87186bd6b9d66885b7f56f0422094e7122a3","Create ONE complete illustration for a historical city-building game, one continuous scene, NOT a contact sheet, no collage, no inset panels. Reference 1 sets the muted hand-painted naturalistic storybook landscape style; reference 2 contains multiple examples ONLY for brushwork and materials (do not copy its multi-panel layout); reference 3 sets grounded painted human face style. Southern England in 1318–1347, ordinary timber/plaster/thatch medieval buildings with NO household chimneys, muted ochres, dusty reds and grey greens, subtle painted texture, soft natural light, modest human scale, no modern objects. No words, letters, numbers, captions, interface, border or watermark. No horror, no gore. Landscape format 960:540, fill complete image edge to edge. The reeve publicly reading a royal wool levy from a parchment in a modest market square, wool sacks stacked in foreground, six wool merchants and farmers listening soberly; royal official beside him, no crowd spectacle. Parchment turned away so no writing visible. Output 960 by 540 pixels.
CORRECTION: Edit this exact illustration, preserve all buildings, people, faces, composition, muted painted brushwork, dimensions. HISTORICAL CORRECTION ONLY: remove EVERY heraldic device, gold fleur-de-lis, gold lion, blue-and-red quartered coat of arms, embroidery symbol from ALL clothing and hanging banners. Replace decorated fabric with plain muted dark red or brown wool cloth, completely without symbols. Keep faces, poses, landscape and objects unchanged. No letters or readable text. One continuous image.
ROOF CORRECTION: TARGETED LOCAL EDIT of this exact illustration. Preserve all composition, people, faces, poses, buildings, objects, lighting and brushwork. ONLY REMOVE EVERY domestic rooftop chimney, chimney pot, masonry stack or flue, including small distant ones. Specific offending positions in original 960x540 image include gray stack on red roof right of market cross x426,y117. Each stack is only about 7–15 pixels wide but must be removed. Reconstruct continuous roof tile/thatch/ridge and correct background behind removed stacks. No physical chimney shafts anywhere on houses. Do not just remove smoke. Preserve church towers, wall towers, market cross, flagstaffs and ordinary gable peaks. No added objects, no changes to heraldry. Same exact image and aspect ratio.
Revision history: [{""prompt"":""Create ONE complete illustration for a historical city-building game, one continuous scene, NOT a contact sheet, no collage, no inset panels. Reference 1 sets the muted hand-painted naturalistic storybook landscape style; reference 2 contains multiple examples ONLY for brushwork and materials (do not copy its multi-panel layout); reference 3 sets grounded painted human face style. Southern England in 1318–1347, ordinary timber/plaster/thatch medieval buildings with NO household chimneys, muted ochres, dusty reds and grey greens, subtle painted texture, soft natural light, modest human scale, no modern objects. No words, letters, numbers, captions, interface, border or watermark. No horror, no gore. Landscape format 960:540, fill complete image edge to edge. The reeve publicly reading a royal wool levy from a parchment in a modest market square, wool sacks stacked in foreground, six wool merchants and farmers listening soberly; royal official beside him, no crowd spectacle. Parchment turned away so no writing visible. Output 960 by 540 pixels."",""generated_source"":""/Users/rexxa/Library/Application Support/orca/codex-accounts/54be5844-95fd-4c46-925c-75327ccd186a/home/generated_images/01a0db76-a8d1-7703-b911-94b2d2385e78/exec-b0afa691-01b8-4fa9-81a2-e2720504baaf.png"",""selected"":false},{""prompt"":""Edit this exact illustration, preserve all buildings, people, faces, composition, muted painted brushwork, dimensions. HISTORICAL CORRECTION ONLY: remove EVERY heraldic device, gold fleur-de-lis, gold lion, blue-and-red quartered coat of arms, embroidery symbol from ALL clothing and hanging banners. Replace decorated fabric with plain muted dark red or brown wool cloth, completely without symbols. Keep faces, poses, landscape and objects unchanged. No letters or readable text. One continuous image."",""references"":[""/tmp/astra-wave17-work-20260926/delivery/assets/illustration/event/wool_levy_edict.png""],""generated_source"":""/Users/rexxa/Library/Application Support/orca/codex-accounts/54be5844-95fd-4c46-925c-75327ccd186a/home/generated_images/01a0db76-a8d1-7703-b911-94b2d2385e78/exec-3ba61111-0d09-478b-813a-283d7c6365ef.png"",""selected"":false},{""prompt"":""TARGETED LOCAL EDIT of this exact illustration. Preserve all composition, people, faces, poses, buildings, objects, lighting and brushwork. ONLY REMOVE EVERY domestic rooftop chimney, chimney pot, masonry stack or flue, including small distant ones. Specific offending positions in original 960x540 image include gray stack on red roof right of market cross x426,y117. Each stack is only about 7–15 pixels wide but must be removed. Reconstruct continuous roof tile/thatch/ridge and correct background behind removed stacks. No physical chimney shafts anywhere on houses. Do not just remove smoke. Preserve church towers, wall towers, market cross, flagstaffs and ordinary gable peaks. No added objects, no changes to heraldry. Same exact image and aspect ratio."",""references"":[""/tmp/astra-wave17-work-20260926/delivery/assets/illustration/event/wool_levy_edict.png""],""generated_source"":""/Users/rexxa/Library/Application Support/orca/codex-accounts/54be5844-95fd-4c46-925c-75327ccd186a/home/generated_images/01a0db76-a8d1-7703-b911-94b2d2385e78/exec-2ae2a6e7-2f0d-4713-88ca-46196ce9bca8.png"",""selected"":true}]","Lanczos3 resize and central cover crop to target; opaque illustration PNG","1318–1347 fictional southern-English market town; French coastal raids1338–40; historical notes supplied."
"prop/held_bill_ne-v1","assets/prop/held_bill_ne-v1.png","candidate","32","32","32","32","1","1","NE","","","new candidate ground anchor; overlay inherits target origin","","","2","0.5","0.3","127","4","builtin imagegen with project references","/tmp/astra-wave17-work-20260926/astra-wave17-reference-files/actor_civilian_man-v1.png|/tmp/astra-wave17-work-20260926/supplemental/astra-walker-pilot2-reference-files/actor_merchant-v1.png","/Users/rexxa/Library/Application Support/orca/codex-accounts/54be5844-95fd-4c46-925c-75327ccd186a/home/generated_images/01a0db77-2eb0-7802-a05b-38fe63b9b356/exec-c4152f3e-4199-4d99-9e91-197044d5fb42.png","110cdc28f3cb1e457f8ce8b7d10e2617032634e47c761f58874cd7b68a45c107","0d00ccffc0158bad308974b74a039302ac354a9c0e5f1dbbbf8b0fd3de86bbe2","Use case: historical-scene. Asset: ONE standalone held prop sprite for a 1338 English town isometric game, intended final 32x32 pixels, enlarged master. Subject: One medieval agricultural billhook weapon: a long plain wooden pole with a small inward hooked dull iron pruning blade at top, compact and practical, no fantasy axe, no halberd spikes, no ornament. Upright pole leaning 12 degrees, hand grip at image center. Direction: NE, carried by a person facing away toward the upper-right; show rear-facing material surfaces and bow curve/blade hook projecting upper-right. Reference images are STYLE ONLY, muted hand-painted small game sprites; do not depict any person, hands, feet, ground or shadow. Paint the single object with compact readable shading in the reference's earthy muted palette. Entire object fully visible, plenty transparent padding. Genuine transparent RGBA background, no backdrop, no checkerboard, no text, no border. Orthographic 2:1 isometric viewing elevation about 30 degrees. It must remain recognizable reduced to 32px. Center object; grip near image center.","Alpha trim, aspect-preserving Lanczos downsample, centered 32x32 transparent canvas; coverage compensation alpha exponent 0.65 at small size; no procedural artwork or mirrored direction copies.","Longbow/simple bill/quilted aketon per commission, no full plate or firearms."
"prop/held_bill_nw-v1","assets/prop/held_bill_nw-v1.png","candidate","32","32","32","32","1","1","NW","","","new candidate ground anchor; overlay inherits target origin","","","2","0.5","0.3","135","13","builtin imagegen with project references","/tmp/astra-wave17-work-20260926/astra-wave17-reference-files/actor_civilian_man-v1.png|/tmp/astra-wave17-work-20260926/supplemental/astra-walker-pilot2-reference-files/actor_merchant-v1.png","/Users/rexxa/Library/Application Support/orca/codex-accounts/54be5844-95fd-4c46-925c-75327ccd186a/home/generated_images/01a0db77-2eb0-7802-a05b-38fe63b9b356/exec-6b89fd53-f24e-49a0-b400-0678bad3767f.png","a17a4c46f66e8542ce890b3c8d2de7840626c2a50a876eae757a0af432406bb8","019cd77549f67114a8136cb4cd012f9c8814e9398e963115880321bd6635f4e8","Use case: historical-scene. Asset: ONE standalone held prop sprite for a 1338 English town isometric game, intended final 32x32 pixels, enlarged master. Subject: One medieval agricultural billhook weapon: a long plain wooden pole with a small inward hooked dull iron pruning blade at top, compact and practical, no fantasy axe, no halberd spikes, no ornament. Upright pole leaning 12 degrees, hand grip at image center. Direction: NW, carried by a person facing away toward upper-left; show rear-facing material surfaces and bow curve/blade hook projecting upper-left. Reference images are STYLE ONLY, muted hand-painted small game sprites; do not depict any person, hands, feet, ground or shadow. Paint the single object with compact readable shading in the reference's earthy muted palette. Entire object fully visible, plenty transparent padding. Genuine transparent RGBA background, no backdrop, no checkerboard, no text, no border. Orthographic 2:1 isometric viewing elevation about 30 degrees. It must remain recognizable reduced to 32px. Center object; grip near image center.","Alpha trim, aspect-preserving Lanczos downsample, centered 32x32 transparent canvas; coverage compensation alpha exponent 0.65 at small size; no procedural artwork or mirrored direction copies.","Longbow/simple bill/quilted aketon per commission, no full plate or firearms."
"prop/held_bill_se-v1","assets/prop/held_bill_se-v1.png","candidate","32","32","32","32","1","1","SE","","","new candidate ground anchor; overlay inherits target origin","","","2","0.5","0.3","127","5","builtin imagegen with project references","/tmp/astra-wave17-work-20260926/astra-wave17-reference-files/actor_civilian_man-v1.png|/tmp/astra-wave17-work-20260926/supplemental/astra-walker-pilot2-reference-files/actor_merchant-v1.png","/Users/rexxa/Library/Application Support/orca/codex-accounts/54be5844-95fd-4c46-925c-75327ccd186a/home/generated_images/01a0db77-2eb0-7802-a05b-38fe63b9b356/exec-1f34a545-4df9-460b-b5ac-6b5f04bcadbf.png","5ece5b2bf5401c417144c8df5925f9dd8bdab7ff51b92d91b6513d6eef851371","6b9b0187007beccec458f5c4f26e818afb4dc1913301a4dae5ad83d1b1512247","Use case: historical-scene. Asset: ONE standalone held prop sprite for a 1338 English town isometric game, intended final 32x32 pixels, enlarged master. Subject: One medieval agricultural billhook weapon: a long plain wooden pole with a small inward hooked dull iron pruning blade at top, compact and practical, no fantasy axe, no halberd spikes, no ornament. Upright pole leaning 12 degrees, hand grip at image center. Direction: SE, carried by a person facing toward lower-right; show front/right material faces, bow curve/blade hook toward right. Reference images are STYLE ONLY, muted hand-painted small game sprites; do not depict any person, hands, feet, ground or shadow. Paint the single object with compact readable shading in the reference's earthy muted palette. Entire object fully visible, plenty transparent padding. Genuine transparent RGBA background, no backdrop, no checkerboard, no text, no border. Orthographic 2:1 isometric viewing elevation about 30 degrees. It must remain recognizable reduced to 32px. Center object; grip near image center.","Alpha trim, aspect-preserving Lanczos downsample, centered 32x32 transparent canvas; coverage compensation alpha exponent 0.65 at small size; no procedural artwork or mirrored direction copies.","Longbow/simple bill/quilted aketon per commission, no full plate or firearms."
"prop/held_bill_sw-v1","assets/prop/held_bill_sw-v1.png","candidate","32","32","32","32","1","1","SW","","","new candidate ground anchor; overlay inherits target origin","","","2","0.5","0.3","128","8","builtin imagegen with project references","/tmp/astra-wave17-work-20260926/astra-wave17-reference-files/actor_civilian_man-v1.png|/tmp/astra-wave17-work-20260926/supplemental/astra-walker-pilot2-reference-files/actor_merchant-v1.png","/Users/rexxa/Library/Application Support/orca/codex-accounts/54be5844-95fd-4c46-925c-75327ccd186a/home/generated_images/01a0db77-2eb0-7802-a05b-38fe63b9b356/exec-f384638f-4b87-4f34-adc5-eee4b65313b9.png","0be0862f427be4f4980916ab109120c0e07ca840d9146e4a719dc43dca0e1349","9858ef8ef7aeb00452871075474c4862c5a65897f4cf97904b7bea186126f9b7","Use case: historical-scene. Asset: ONE standalone held prop sprite for a 1338 English town isometric game, intended final 32x32 pixels, enlarged master. Subject: One medieval agricultural billhook weapon: a long plain wooden pole with a small inward hooked dull iron pruning blade at top, compact and practical, no fantasy axe, no halberd spikes, no ornament. Upright pole leaning 12 degrees, hand grip at image center. Direction: SW, carried by a person facing toward lower-left; show front/left material faces, bow curve/blade hook toward left. Reference images are STYLE ONLY, muted hand-painted small game sprites; do not depict any person, hands, feet, ground or shadow. Paint the single object with compact readable shading in the reference's earthy muted palette. Entire object fully visible, plenty transparent padding. Genuine transparent RGBA background, no backdrop, no checkerboard, no text, no border. Orthographic 2:1 isometric viewing elevation about 30 degrees. It must remain recognizable reduced to 32px. Center object; grip near image center.","Alpha trim, aspect-preserving Lanczos downsample, centered 32x32 transparent canvas; coverage compensation alpha exponent 0.65 at small size; no procedural artwork or mirrored direction copies.","Longbow/simple bill/quilted aketon per commission, no full plate or firearms."
"prop/held_ledger_ne-v1","assets/prop/held_ledger_ne-v1.png","candidate","32","32","32","32","1","1","NE","","","new candidate ground anchor; overlay inherits target origin","","","1","0.5","0.3","190","23","builtin imagegen with project references","/tmp/astra-wave17-work-20260926/astra-wave17-reference-files/actor_civilian_man-v1.png|/tmp/astra-wave17-work-20260926/supplemental/astra-walker-pilot2-reference-files/actor_merchant-v1.png","/Users/rexxa/Library/Application Support/orca/codex-accounts/54be5844-95fd-4c46-925c-75327ccd186a/home/generated_images/01a0db77-2eb0-7802-a05b-38fe63b9b356/exec-38477fe5-3b38-45eb-8c4f-1e753013dee8.png","d4f63662e0aa8f3921e29f420527686dff5d5fde27fad9b9bb134aa07cf88b94","a49270e2d120fbc383236e4108af19be8eee7aed34b9afa1c6288e52031ea5ac","Use case: historical-scene. Asset: ONE standalone held prop sprite for a 1338 English town isometric game, intended final 32x32 pixels, enlarged master. Subject: One small closed plain brown leather ledger book with a single simple wrap strap, unmarked leather cover, pale pages on the exposed fore edge, no letters or symbols. Isometric oblique object, broad cover readable, central attachment grip at image center. Direction: NE, carried by a person facing away toward the upper-right; show rear-facing material surfaces and bow curve/blade hook projecting upper-right. Reference images are STYLE ONLY, muted hand-painted small game sprites; do not depict any person, hands, feet, ground or shadow. Paint the single object with compact readable shading in the reference's earthy muted palette. Entire object fully visible, generous transparent padding. Genuine transparent RGBA background, no backdrop, no checkerboard, no text, no border. Orthographic 2:1 isometric viewing elevation about 30 degrees. Readable at32px; center object and grip near image center.","Alpha trim, aspect-preserving Lanczos downsample, centered 32x32 transparent canvas; coverage compensation alpha exponent 0.65 at small size; no procedural artwork or mirrored direction copies.","Restrained fourteenth-century visual; no gore; see HISTORICAL_NOTES.md."
"prop/held_ledger_nw-v1","assets/prop/held_ledger_nw-v1.png","candidate","32","32","32","32","1","1","NW","","","new candidate ground anchor; overlay inherits target origin","","","1","0.5","0.3","182","23","builtin imagegen with project references","/tmp/astra-wave17-work-20260926/astra-wave17-reference-files/actor_civilian_man-v1.png|/tmp/astra-wave17-work-20260926/supplemental/astra-walker-pilot2-reference-files/actor_merchant-v1.png","/Users/rexxa/Library/Application Support/orca/codex-accounts/54be5844-95fd-4c46-925c-75327ccd186a/home/generated_images/01a0db77-2eb0-7802-a05b-38fe63b9b356/exec-44fc6fce-9a05-4a09-bb8c-dab51cb85616.png","c26d003dfe3649f473c69430eb965bd21903dc2de4ba64553dcf223468b01ccc","310bde0e9bc5f46531b2b67e26b25476fbf1f9445e76f40621cabc17e8e63f35","Use case: historical-scene. Asset: ONE standalone held prop sprite for a 1338 English town isometric game, intended final 32x32 pixels, enlarged master. Subject: One small closed plain brown leather ledger book with a single simple wrap strap, unmarked leather cover, pale pages on the exposed fore edge, no letters or symbols. Isometric oblique object, broad cover readable, central attachment grip at image center. Direction: NW, carried by a person facing away toward upper-left; show rear-facing material surfaces and bow curve/blade hook projecting upper-left. Reference images are STYLE ONLY, muted hand-painted small game sprites; do not depict any person, hands, feet, ground or shadow. Paint the single object with compact readable shading in the reference's earthy muted palette. Entire object fully visible, generous transparent padding. Genuine transparent RGBA background, no backdrop, no checkerboard, no text, no border. Orthographic 2:1 isometric viewing elevation about 30 degrees. Readable at32px; center object and grip near image center.","Alpha trim, aspect-preserving Lanczos downsample, centered 32x32 transparent canvas; coverage compensation alpha exponent 0.65 at small size; no procedural artwork or mirrored direction copies.","Restrained fourteenth-century visual; no gore; see HISTORICAL_NOTES.md."
"prop/held_ledger_se-v1","assets/prop/held_ledger_se-v1.png","candidate","32","32","32","32","1","1","SE","","","new candidate ground anchor; overlay inherits target origin","","","1","0.5","0.3","171","19","builtin imagegen with project references","/tmp/astra-wave17-work-20260926/astra-wave17-reference-files/actor_civilian_man-v1.png|/tmp/astra-wave17-work-20260926/supplemental/astra-walker-pilot2-reference-files/actor_merchant-v1.png","/Users/rexxa/Library/Application Support/orca/codex-accounts/54be5844-95fd-4c46-925c-75327ccd186a/home/generated_images/01a0db77-2eb0-7802-a05b-38fe63b9b356/exec-ef0d9364-929c-4e8e-a140-dc7de88602eb.png","80675488c10770ec2acbbe299d7ae16695ea94cf52d85fea3c2b43fee0f4358f","606ecfb0ae6946952ac77c52241512789dab826064ec9c6b5339cff34f889c2a","Use case: historical-scene. Asset: ONE standalone held prop sprite for a 1338 English town isometric game, intended final 32x32 pixels, enlarged master. Subject: One small closed plain brown leather ledger book with a single simple wrap strap, unmarked leather cover, pale pages on the exposed fore edge, no letters or symbols. Isometric oblique object, broad cover readable, central attachment grip at image center. Direction: SE, carried by a person facing toward lower-right; show front/right material faces, bow curve/blade hook toward right. Reference images are STYLE ONLY, muted hand-painted small game sprites; do not depict any person, hands, feet, ground or shadow. Paint the single object with compact readable shading in the reference's earthy muted palette. Entire object fully visible, generous transparent padding. Genuine transparent RGBA background, no backdrop, no checkerboard, no text, no border. Orthographic 2:1 isometric viewing elevation about 30 degrees. Readable at32px; center object and grip near image center.","Alpha trim, aspect-preserving Lanczos downsample, centered 32x32 transparent canvas; coverage compensation alpha exponent 0.65 at small size; no procedural artwork or mirrored direction copies.","Restrained fourteenth-century visual; no gore; see HISTORICAL_NOTES.md."
"prop/held_ledger_sw-v1","assets/prop/held_ledger_sw-v1.png","candidate","32","32","32","32","1","1","SW","","","new candidate ground anchor; overlay inherits target origin","","","1","0.5","0.3","173","19","builtin imagegen with project references","/tmp/astra-wave17-work-20260926/astra-wave17-reference-files/actor_civilian_man-v1.png|/tmp/astra-wave17-work-20260926/supplemental/astra-walker-pilot2-reference-files/actor_merchant-v1.png","/Users/rexxa/Library/Application Support/orca/codex-accounts/54be5844-95fd-4c46-925c-75327ccd186a/home/generated_images/01a0db77-2eb0-7802-a05b-38fe63b9b356/exec-de953bc0-5c84-4b88-9883-5fcb271a8e48.png","c22874d66b4bb5cd8d572b992da33a5daea53411e44043098be8db9a18244f85","d758b8222cf359eda17d51f9ea2a202b499d0e7d40c17bdd823c4e67b955cd2f","Use case: historical-scene. Asset: ONE standalone held prop sprite for a 1338 English town isometric game, intended final 32x32 pixels, enlarged master. Subject: One small closed plain brown leather ledger book with a single simple wrap strap, unmarked leather cover, pale pages on the exposed fore edge, no letters or symbols. Isometric oblique object, broad cover readable, central attachment grip at image center. Direction: SW, carried by a person facing toward lower-left; show front/left material faces, bow curve/blade hook toward left. Reference images are STYLE ONLY, muted hand-painted small game sprites; do not depict any person, hands, feet, ground or shadow. Paint the single object with compact readable shading in the reference's earthy muted palette. Entire object fully visible, generous transparent padding. Genuine transparent RGBA background, no backdrop, no checkerboard, no text, no border. Orthographic 2:1 isometric viewing elevation about 30 degrees. Readable at32px; center object and grip near image center.","Alpha trim, aspect-preserving Lanczos downsample, centered 32x32 transparent canvas; coverage compensation alpha exponent 0.65 at small size; no procedural artwork or mirrored direction copies.","Restrained fourteenth-century visual; no gore; see HISTORICAL_NOTES.md."
"prop/held_longbow_ne-v1","assets/prop/held_longbow_ne-v1.png","candidate","32","32","32","32","1","1","NE","","","new candidate ground anchor; overlay inherits target origin","","","2","0.5","0.3","110","0","builtin imagegen with project references","/tmp/astra-wave17-work-20260926/astra-wave17-reference-files/actor_civilian_man-v1.png|/tmp/astra-wave17-work-20260926/supplemental/astra-walker-pilot2-reference-files/actor_merchant-v1.png","/Users/rexxa/Library/Application Support/orca/codex-accounts/54be5844-95fd-4c46-925c-75327ccd186a/home/generated_images/01a0db77-2eb0-7802-a05b-38fe63b9b356/exec-0961e907-6a92-4642-8688-4800b857980d.png","f1dd01902ee62aec3fab0392d9549cbef30835b68ab6796f6cf604600967a3f5","27e4d91dc88909d4a685a2ee4c0e771e5bfa9f83ada3f16f232b6c851f7248ac","Use case: historical-scene. Asset: ONE standalone held prop sprite for a 1338 English town isometric game, intended final 32x32 pixels, enlarged master. Subject: A single simple English wooden self longbow, tall slender D-shaped stave and taut straight fine bowstring, undrawn, no arrows, no recurve, no metallic fittings. Bow almost vertical leaning 12 degrees; the central wood grip is at image center. Direction: NE, carried by a person facing away toward the upper-right; show rear-facing material surfaces and bow curve/blade hook projecting upper-right. Reference images are STYLE ONLY, muted hand-painted small game sprites; do not depict any person, hands, feet, ground or shadow. Paint the single object with compact readable shading in the reference's earthy muted palette. Entire object fully visible, plenty transparent padding. Genuine transparent RGBA background, no backdrop, no checkerboard, no text, no border. Orthographic 2:1 isometric viewing elevation about 30 degrees. It must remain recognizable reduced to 32px. Center object; grip near image center.","Alpha trim, aspect-preserving Lanczos downsample, centered 32x32 transparent canvas; coverage compensation alpha exponent 0.65 at small size; no procedural artwork or mirrored direction copies.","Restrained fourteenth-century visual; no gore; see HISTORICAL_NOTES.md."
"prop/held_longbow_nw-v1","assets/prop/held_longbow_nw-v1.png","candidate","32","32","32","32","1","1","NW","","","new candidate ground anchor; overlay inherits target origin","","","2","0.5","0.3","125","0","builtin imagegen with project references","/tmp/astra-wave17-work-20260926/astra-wave17-reference-files/actor_civilian_man-v1.png|/tmp/astra-wave17-work-20260926/supplemental/astra-walker-pilot2-reference-files/actor_merchant-v1.png","/Users/rexxa/Library/Application Support/orca/codex-accounts/54be5844-95fd-4c46-925c-75327ccd186a/home/generated_images/01a0db77-2eb0-7802-a05b-38fe63b9b356/exec-dd514f93-5579-419a-91b4-118dd0f0f008.png","74c7c94501163d087f0fabe5eda15143fcdf9c85d65d757cefd0e11f53491aaf","43f0d03b8e47322775b47b069b0a2e7a0fc956e3827c8861b83556b172305d80","Use case: historical-scene. Asset: ONE standalone held prop sprite for a 1338 English town isometric game, intended final 32x32 pixels, enlarged master. Subject: A single simple English wooden self longbow, tall slender D-shaped stave and taut straight fine bowstring, undrawn, no arrows, no recurve, no metallic fittings. Bow almost vertical leaning 12 degrees; the central wood grip is at image center. Direction: NW, carried by a person facing away toward upper-left; show rear-facing material surfaces and bow curve/blade hook projecting upper-left. Reference images are STYLE ONLY, muted hand-painted small game sprites; do not depict any person, hands, feet, ground or shadow. Paint the single object with compact readable shading in the reference's earthy muted palette. Entire object fully visible, plenty transparent padding. Genuine transparent RGBA background, no backdrop, no checkerboard, no text, no border. Orthographic 2:1 isometric viewing elevation about 30 degrees. It must remain recognizable reduced to 32px. Center object; grip near image center.","Alpha trim, aspect-preserving Lanczos downsample, centered 32x32 transparent canvas; coverage compensation alpha exponent 0.65 at small size; no procedural artwork or mirrored direction copies.","Restrained fourteenth-century visual; no gore; see HISTORICAL_NOTES.md."
"prop/held_longbow_se-v1","assets/prop/held_longbow_se-v1.png","candidate","32","32","32","32","1","1","SE","","","new candidate ground anchor; overlay inherits target origin","","","2","0.5","0.3","122","0","builtin imagegen with project references","/tmp/astra-wave17-work-20260926/astra-wave17-reference-files/actor_civilian_man-v1.png|/tmp/astra-wave17-work-20260926/supplemental/astra-walker-pilot2-reference-files/actor_merchant-v1.png","/Users/rexxa/Library/Application Support/orca/codex-accounts/54be5844-95fd-4c46-925c-75327ccd186a/home/generated_images/01a0db77-2eb0-7802-a05b-38fe63b9b356/exec-e7f26a47-8371-4b12-a77e-31e584e97061.png","984f2900097e26cac74eca1a2161718c1621c6dbdfe57497e627a5b5543f3f77","7cbd97bca4231fd144b80ddfe1680a317765c67cf43f78bab6db506a745e03b0","Use case: historical-scene. Asset: ONE standalone held prop sprite for a 1338 English town isometric game, intended final 32x32 pixels, enlarged master. Subject: A single simple English wooden self longbow, tall slender D-shaped stave and taut straight fine bowstring, undrawn, no arrows, no recurve, no metallic fittings. Bow almost vertical leaning 12 degrees; the central wood grip is at image center. Direction: SE, carried by a person facing toward lower-right; show front/right material faces, bow curve/blade hook toward right. Reference images are STYLE ONLY, muted hand-painted small game sprites; do not depict any person, hands, feet, ground or shadow. Paint the single object with compact readable shading in the reference's earthy muted palette. Entire object fully visible, plenty transparent padding. Genuine transparent RGBA background, no backdrop, no checkerboard, no text, no border. Orthographic 2:1 isometric viewing elevation about 30 degrees. It must remain recognizable reduced to 32px. Center object; grip near image center.","Alpha trim, aspect-preserving Lanczos downsample, centered 32x32 transparent canvas; coverage compensation alpha exponent 0.65 at small size; no procedural artwork or mirrored direction copies.","Restrained fourteenth-century visual; no gore; see HISTORICAL_NOTES.md."
"prop/held_longbow_sw-v1","assets/prop/held_longbow_sw-v1.png","candidate","32","32","32","32","1","1","SW","","","new candidate ground anchor; overlay inherits target origin","","","2","0.5","0.3","98","0","builtin imagegen with project references","/tmp/astra-wave17-work-20260926/astra-wave17-reference-files/actor_civilian_man-v1.png|/tmp/astra-wave17-work-20260926/supplemental/astra-walker-pilot2-reference-files/actor_merchant-v1.png","/Users/rexxa/Library/Application Support/orca/codex-accounts/54be5844-95fd-4c46-925c-75327ccd186a/home/generated_images/01a0db77-2eb0-7802-a05b-38fe63b9b356/exec-f0d4370f-3105-412c-ad4a-241fed2029ba.png","1e6fd19068d0a75d4c7cd8c87e6e4ed3985193a14bba5e3df02e0b0f4077d9fd","940796a124a1716d773ae4de32acb4b163973e9f1a295479028a2621a0d33ed0","Use case: historical-scene. Asset: ONE standalone held prop sprite for a 1338 English town isometric game, intended final 32x32 pixels, enlarged master. Subject: A single simple English wooden self longbow, tall slender D-shaped stave and taut straight fine bowstring, undrawn, no arrows, no recurve, no metallic fittings. Bow almost vertical leaning 12 degrees; the central wood grip is at image center. Direction: SW, carried by a person facing toward lower-left; show front/left material faces, bow curve/blade hook toward left. Reference images are STYLE ONLY, muted hand-painted small game sprites; do not depict any person, hands, feet, ground or shadow. Paint the single object with compact readable shading in the reference's earthy muted palette. Entire object fully visible, plenty transparent padding. Genuine transparent RGBA background, no backdrop, no checkerboard, no text, no border. Orthographic 2:1 isometric viewing elevation about 30 degrees. It must remain recognizable reduced to 32px. Center object; grip near image center.","Alpha trim, aspect-preserving Lanczos downsample, centered 32x32 transparent canvas; coverage compensation alpha exponent 0.65 at small size; no procedural artwork or mirrored direction copies.","Restrained fourteenth-century visual; no gore; see HISTORICAL_NOTES.md."
"prop/held_torch_ne-v1","assets/prop/held_torch_ne-v1.png","candidate","32","32","32","32","1","1","NE","","","new candidate ground anchor; overlay inherits target origin","","","1","0.5","0.3","136","24","builtin imagegen with project references","/tmp/astra-wave17-work-20260926/astra-wave17-reference-files/actor_civilian_man-v1.png|/tmp/astra-wave17-work-20260926/supplemental/astra-walker-pilot2-reference-files/actor_merchant-v1.png","/Users/rexxa/Library/Application Support/orca/codex-accounts/54be5844-95fd-4c46-925c-75327ccd186a/home/generated_images/01a0db77-2eb0-7802-a05b-38fe63b9b356/exec-26679d08-ce38-4d92-9d12-c030b8f7d855.png","13cad26f593604d46c1ce989f43a044200fe5185ac25aec59598fd5eb4e29a39","ecbddb7c033595c4ecf6b18e102dcf1254a1418ce7d845e8d0ca24be4c15dae6","Use case: historical-scene. Asset: ONE standalone held prop sprite for a 1338 English town isometric game, intended final 32x32 pixels, enlarged master. Subject: One plain wooden handheld torch with tarred cloth bound at upper end and a restrained orange flame, short flame and no billowing smoke. Upright shaft leaning 12 degrees, attachment grip at image center. Direction: NE, carried by a person facing away toward the upper-right; show rear-facing material surfaces and bow curve/blade hook projecting upper-right. Reference images are STYLE ONLY, muted hand-painted small game sprites; do not depict any person, hands, feet, ground or shadow. Paint the single object with compact readable shading in the reference's earthy muted palette. Entire object fully visible, generous transparent padding. Genuine transparent RGBA background, no backdrop, no checkerboard, no text, no border. Orthographic 2:1 isometric viewing elevation about 30 degrees. Readable at32px; center object and grip near image center.","Alpha trim, aspect-preserving Lanczos downsample, centered 32x32 transparent canvas; coverage compensation alpha exponent 0.65 at small size; no procedural artwork or mirrored direction copies.","Restrained fourteenth-century visual; no gore; see HISTORICAL_NOTES.md."
"prop/held_torch_nw-v1","assets/prop/held_torch_nw-v1.png","candidate","32","32","32","32","1","1","NW","","","new candidate ground anchor; overlay inherits target origin","","","1","0.5","0.3","145","25","builtin imagegen with project references","/tmp/astra-wave17-work-20260926/astra-wave17-reference-files/actor_civilian_man-v1.png|/tmp/astra-wave17-work-20260926/supplemental/astra-walker-pilot2-reference-files/actor_merchant-v1.png","/Users/rexxa/Library/Application Support/orca/codex-accounts/54be5844-95fd-4c46-925c-75327ccd186a/home/generated_images/01a0db77-2eb0-7802-a05b-38fe63b9b356/exec-6d07966d-b6b4-42ef-b8d7-ff5fc3f821cd.png","35cbc223868772d018b49ad5bc8446eeb1da3dfc47286da74fd292c1f3d0094c","2951d67a4e2c57f29d3cd0dcc3590f4b3b3fc9e7f3fc9e0e19d7d60837c6277e","Use case: historical-scene. Asset: ONE standalone held prop sprite for a 1338 English town isometric game, intended final 32x32 pixels, enlarged master. Subject: One plain wooden handheld torch with tarred cloth bound at upper end and a restrained orange flame, short flame and no billowing smoke. Upright shaft leaning 12 degrees, attachment grip at image center. Direction: NW, carried by a person facing away toward upper-left; show rear-facing material surfaces and bow curve/blade hook projecting upper-left. Reference images are STYLE ONLY, muted hand-painted small game sprites; do not depict any person, hands, feet, ground or shadow. Paint the single object with compact readable shading in the reference's earthy muted palette. Entire object fully visible, generous transparent padding. Genuine transparent RGBA background, no backdrop, no checkerboard, no text, no border. Orthographic 2:1 isometric viewing elevation about 30 degrees. Readable at32px; center object and grip near image center.","Alpha trim, aspect-preserving Lanczos downsample, centered 32x32 transparent canvas; coverage compensation alpha exponent 0.65 at small size; no procedural artwork or mirrored direction copies.","Restrained fourteenth-century visual; no gore; see HISTORICAL_NOTES.md."
"prop/held_torch_se-v1","assets/prop/held_torch_se-v1.png","candidate","32","32","32","32","1","1","SE","","","new candidate ground anchor; overlay inherits target origin","","","1","0.5","0.3","145","27","builtin imagegen with project references","/tmp/astra-wave17-work-20260926/astra-wave17-reference-files/actor_civilian_man-v1.png|/tmp/astra-wave17-work-20260926/supplemental/astra-walker-pilot2-reference-files/actor_merchant-v1.png","/Users/rexxa/Library/Application Support/orca/codex-accounts/54be5844-95fd-4c46-925c-75327ccd186a/home/generated_images/01a0db77-2eb0-7802-a05b-38fe63b9b356/exec-f59ef83e-f499-4cb9-8c50-b959fff805de.png","4b6cd12e08c99618b7d9a8afb0c6fbf698cd2da2cf3924b14b7fee5651d166c1","589765b42af7c0fbd59039c26137f6d8b17e4e23a34550020c3e9411aadbf2c7","Use case: historical-scene. Asset: ONE standalone held prop sprite for a 1338 English town isometric game, intended final 32x32 pixels, enlarged master. Subject: One plain wooden handheld torch with tarred cloth bound at upper end and a restrained orange flame, short flame and no billowing smoke. Upright shaft leaning 12 degrees, attachment grip at image center. Direction: SE, carried by a person facing toward lower-right; show front/right material faces, bow curve/blade hook toward right. Reference images are STYLE ONLY, muted hand-painted small game sprites; do not depict any person, hands, feet, ground or shadow. Paint the single object with compact readable shading in the reference's earthy muted palette. Entire object fully visible, generous transparent padding. Genuine transparent RGBA background, no backdrop, no checkerboard, no text, no border. Orthographic 2:1 isometric viewing elevation about 30 degrees. Readable at32px; center object and grip near image center.","Alpha trim, aspect-preserving Lanczos downsample, centered 32x32 transparent canvas; coverage compensation alpha exponent 0.65 at small size; no procedural artwork or mirrored direction copies.","Restrained fourteenth-century visual; no gore; see HISTORICAL_NOTES.md."
"prop/held_torch_sw-v1","assets/prop/held_torch_sw-v1.png","candidate","32","32","32","32","1","1","SW","","","new candidate ground anchor; overlay inherits target origin","","","1","0.5","0.3","151","28","builtin imagegen with project references","/tmp/astra-wave17-work-20260926/astra-wave17-reference-files/actor_civilian_man-v1.png|/tmp/astra-wave17-work-20260926/supplemental/astra-walker-pilot2-reference-files/actor_merchant-v1.png","/Users/rexxa/Library/Application Support/orca/codex-accounts/54be5844-95fd-4c46-925c-75327ccd186a/home/generated_images/01a0db77-2eb0-7802-a05b-38fe63b9b356/exec-90de7f66-3af1-40f5-931d-664cc4749fd9.png","a0045b84d5eb3b6a17c37dda863c6700236a58d8cfc23e511add02090fb0cf02","18a86b1cece806a0c170b1546bae1fbfd7848e17853c319fb9a1f68ccea83343","Use case: historical-scene. Asset: ONE standalone held prop sprite for a 1338 English town isometric game, intended final 32x32 pixels, enlarged master. Subject: One plain wooden handheld torch with tarred cloth bound at upper end and a restrained orange flame, short flame and no billowing smoke. Upright shaft leaning 12 degrees, attachment grip at image center. Direction: SW, carried by a person facing toward lower-left; show front/left material faces, bow curve/blade hook toward left. Reference images are STYLE ONLY, muted hand-painted small game sprites; do not depict any person, hands, feet, ground or shadow. Paint the single object with compact readable shading in the reference's earthy muted palette. Entire object fully visible, generous transparent padding. Genuine transparent RGBA background, no backdrop, no checkerboard, no text, no border. Orthographic 2:1 isometric viewing elevation about 30 degrees. Readable at32px; center object and grip near image center.","Alpha trim, aspect-preserving Lanczos downsample, centered 32x32 transparent canvas; coverage compensation alpha exponent 0.65 at small size; no procedural artwork or mirrored direction copies.","Restrained fourteenth-century visual; no gore; see HISTORICAL_NOTES.md."
"prop/refugee_bundle_sheet-v1","assets/prop/refugee_bundle_sheet-v1.png","candidate","296","148","74","74","4","2","NE|SE|SW|NW","","","per-frame metadata; inherit registration","","","1","0.5","0.3","1152","144","reuse of Wave9 generated backpack; original crop and attachment coordinates","/tmp/astra-wave9-work-20260925/delivery/assets/wk_leaving_family-v1.png","/Users/rexxa/Library/Application Support/orca/codex-accounts/54be5844-95fd-4c46-925c-75327ccd186a/home/generated_images/01a0d8e9-c73c-7df0-8174-f7c58669d181/exec-8c7170ca-521d-45c6-a9ff-1acaf6b9f5c1.png","bd30f303f3cedf0b3212e69c159174d1f8199e8920b4e2710cc8ba432dc6908b","59ee935100d542bc8d514220a9e5f8ac47c1b633111027240d1060297457c0be","{""id"":""prop/refugee_bundle_sheet-v1"",""source"":""/Users/rexxa/Library/Application Support/orca/codex-accounts/54be5844-95fd-4c46-925c-75327ccd186a/home/generated_images/01a0d8e9-c73c-7df0-8174-f7c58669d181/exec-8c7170ca-521d-45c6-a9ff-1acaf6b9f5c1.png"",""prompt"":""Use case: stylized-concept. One compact bundled bedroll for a departing medieval peasant woman's back: faded ochre blanket tightly rolled with clearly visible spiral end and tied by two dark brown leather straps, small gray-brown cloth sack attached underneath. Object only, no person. Isometric view matching attached woman's game sprite, clear compact bundle silhouette, restrained hand-painted small-game sprite. Truly transparent RGBA background. Accessory layer to be mounted on existing fixed-pose sprite back without modifying anatomy. No text or background."",""reference"":""/tmp/astra-wave9-work-20260925/delivery/assets/wk_leaving_family-v1.png"",""generation"":""Reuse approved Wave9 separated original support image. No new image generation."",""processing"":""Exact replay of Wave9 role_finish.mjs cropfit 12x14 and eight origins; emitted separate alpha overlay on 296x148 canvas. Same single-view compact prop reused in every direction, matching Wave9 approved finishing."",""origins"":[[27,23],[22,25],[43,25],[38,23],[27,24],[23,24],[44,24],[38,24]],""canvas"":[296,148],""placement"":[0,0],""child_companion_offset"":[17,0],""draw_order"":""woman, bundle at identity, child shifted +17px in each cell""}","Exact replay of Wave9 role_finish.mjs cropfit 12x14 and eight origins; emitted separate alpha overlay on 296x148 canvas. Same single-view compact prop reused in every direction, matching Wave9 approved finishing.","Restrained fourteenth-century visual; no gore; see HISTORICAL_NOTES.md."
"prop/refugee_child_sheet-v1","assets/prop/refugee_child_sheet-v1.png","candidate","296","148","74","74","4","2","NE|SE|SW|NW","","","per-frame metadata; inherit registration","","","1","0.5","0.3","4222","625","byte-reused project candidate","/tmp/astra-wave9-work-20260925/delivery/assets/prop/leaving_child_sheet-v1.png","/tmp/astra-wave9-work-20260925/delivery/assets/prop/leaving_child_sheet-v1.png","64f9b3061e032bb59fda208b905697fca6d883c1c09490f9b4aaeee5cdb4d929","64f9b3061e032bb59fda208b905697fca6d883c1c09490f9b4aaeee5cdb4d929","No generation: byte-for-byte reuse; see records/convoy/assembly.json","","Restrained fourteenth-century visual; no gore; see HISTORICAL_NOTES.md."
"wall/stone_wall_repair_scaffold-v1","assets/wall/stone_wall_repair_scaffold-v1.png","candidate","512","128","512","128","1","1","","256","127","new candidate ground anchor; overlay inherits target origin","4","1","1","0.5","0.3","61736","58629","builtin imagegen with project references","/tmp/astra-wave4-candidates-20260925/wall/stone_face_a-v1.png|/tmp/astra-wave17-work-20260926/astra-wave17-reference-files/stage_frame_gate-v1.png","/Users/rexxa/Library/Application Support/orca/codex-accounts/54be5844-95fd-4c46-925c-75327ccd186a/home/generated_images/01a0d8e9-c73c-7df0-8174-f7c58669d181/exec-e071cbdb-0921-49c1-8698-5ecc116f1769.png","9da559b9778bb3293ffca7a3b693c555dcd30ba07d6704127a0eda58373046ca","3356509790b1448ceec28406d9c288d1cde130529eba99bb4fefcac861806b52","Precise edit: reference1 is the EXACT 512x128 straight stone wall strip, reference2 only timber scaffolding style. Produce one 512x128 transparent RGBA stone wall REPAIR STRIP, long horizontal side elevation NOT diagonal isometric building, keep wall rectangular strip layout full width and existing crenellated top shape and base at y127. Add weathered oak scaffolding vertical poles, diagonal braces and horizontal plank catwalk across front of this same stone wall strip; same warm muted handpaintedgame stone colors. Thin poles within height, do not makeground, do not makegateway, no arch, no text, no characters. Unlike ref2 no gate structure. Output 2048x5124:1 ideal. Leave the original crenel gaps transparent, no sky/background. Ends modular; accurate straightonwallfacade strip suited to mapping along wallsegments. 14th-century nonmodern timber joints.","Straight512x128 wall strip per Wave4 stone_face_a. Strip endpoints not declared seamless; overlap scaffold join at installation.","Restrained fourteenth-century visual; no gore; see HISTORICAL_NOTES.md."
"wk/wk_levy_archer-v1","assets/wk/wk_levy_archer-v1.png","candidate","296","148","74","74","4","2","NE|SE|SW|NW","","","per-frame metadata; inherit registration","","","1","0.5","0.3","11963","10","builtin imagegen with project references","/tmp/astra-wave17-work-20260926/supplemental/astra-walker-pilot2-reference-files/actor_civilian_man-v1.png","/Users/rexxa/Library/Application Support/orca/codex-accounts/54be5844-95fd-4c46-925c-75327ccd186a/home/generated_images/01a0db76-e7cd-7ab1-a2a3-a1f550053f8c/exec-71516e37-f6c1-4c4a-9b54-643e403e93aa.png","f782b818af8e88a5442c6581c94f2ef8df7b315d393068e8e632024bb5e20866","9c04c53dcb7dd8b5bc38fca98770c7cfe63016f581d23f2ee4a61fbbe40137d3","Use case: identity-preserve. Edit target: attached exact approved game worker sheet. Repaint CLOTHING ONLY for English village levy archer wearing an undyed oatmeal padded quilted aketon, vertical quilt channels, russet hood; EMPTY hands. No bow; bow is separate layer. Keep all eight original silhouettes, exact pose, same arms, hands, legs, shoes, feet locations, face identity and size. Keep original 4 columns NE SE SW NW and 2 walking frames in rows, identical cell registration and transparent padding. No free pose generation. No text or background. Transparent RGBA. Subdued hand-painted medieval isometric game sprite matching reference brushwork, no photorealism, full plate, firearm, gore, badges except explicitly requested lions. Original sheet may be enlarged for painting but proportions and spacing must remain unchanged. Role details should read after reduction to 74x74px cells.","Generated clothing RGB registered per cell to exact approved Pilot2 template alpha. Entire silhouette unchanged. Bottom 10px figure feet RGB byte-preserved. Original face/head top16px retained except billman top9px ironcap recolor; head alpha unchanged.","Longbow/simple bill/quilted aketon per commission, no full plate or firearms."
"wk/wk_levy_billman-v1","assets/wk/wk_levy_billman-v1.png","candidate","296","148","74","74","4","2","NE|SE|SW|NW","","","per-frame metadata; inherit registration","","","1","0.5","0.3","11963","10","builtin imagegen with project references","/tmp/astra-wave17-work-20260926/supplemental/astra-walker-pilot2-reference-files/actor_civilian_man-v1.png","/Users/rexxa/Library/Application Support/orca/codex-accounts/54be5844-95fd-4c46-925c-75327ccd186a/home/generated_images/01a0db76-e7cd-7ab1-a2a3-a1f550053f8c/exec-682a447e-b345-4319-ae8e-0198e588ecf7.png","8b1637190def379a7cbb8532d0a2bf293d535daaa18ee5db7d0e97f972fdf480","145f36d3a772cece6cc8775739e2a2d04b23603ea9c97b7228b174362bb81ca6","Use case: identity-preserve. Edit target: attached exact approved game worker sheet. Repaint CLOTHING ONLY for English village billman wearing a dull grey simple iron skullcap within the original head contour, muted moss padded quilted coat. EMPTY hands. No bill; bill is separate layer. Keep all eight original silhouettes, exact pose, same arms, hands, legs, shoes, feet locations, face identity and size. Keep original 4 columns NE SE SW NW and 2 walking frames in rows, identical cell registration and transparent padding. No free pose generation. No text or background. Transparent RGBA. Subdued hand-painted medieval isometric game sprite matching reference brushwork, no photorealism, full plate, firearm, gore, badges except explicitly requested lions. Original sheet may be enlarged for painting but proportions and spacing must remain unchanged. Role details should read after reduction to 74x74px cells.","Generated clothing RGB registered per cell to exact approved Pilot2 template alpha. Entire silhouette unchanged. Bottom 10px figure feet RGB byte-preserved. Original face/head top16px retained except billman top9px ironcap recolor; head alpha unchanged.","Longbow/simple bill/quilted aketon per commission, no full plate or firearms."
"wk/wk_raider-v1","assets/wk/wk_raider-v1.png","candidate","296","148","74","74","4","2","NE|SE|SW|NW","","","per-frame metadata; inherit registration","","","1","0.5","0.3","11963","10","builtin imagegen with project references","/tmp/astra-wave17-work-20260926/supplemental/astra-walker-pilot2-reference-files/actor_civilian_man-v1.png","/Users/rexxa/Library/Application Support/orca/codex-accounts/54be5844-95fd-4c46-925c-75327ccd186a/home/generated_images/01a0db76-e7cd-7ab1-a2a3-a1f550053f8c/exec-803d8ef3-a8cd-450d-b020-74e85ffb40d2.png","d303cc212cd11477146e3893cd67c624d954ddd4bfab8a67ed57e525ed9c5813","0aec4bf22946e90b0bcf12d23f0cb94b463e1afa818cbec7922b920eb4b4a325","Use case: identity-preserve. Edit target: attached exact approved game worker sheet. Repaint CLOTHING ONLY for French coastal raider in 1338-1340, a lightly equipped sailor with muted slate-blue hood and tan short quilted aketon, leather belt. EMPTY hands, no weapons. Not scary or monstrous. Keep all eight original silhouettes, exact pose, same arms, hands, legs, shoes, feet locations, face identity and size. Keep original 4 columns NE SE SW NW and 2 walking frames in rows, identical cell registration and transparent padding. No free pose generation. No text or background. Transparent RGBA. Subdued hand-painted medieval isometric game sprite matching reference brushwork, no photorealism, full plate, firearm, gore, badges except explicitly requested lions. Original sheet may be enlarged for painting but proportions and spacing must remain unchanged. Role details should read after reduction to 74x74px cells.","Generated clothing RGB registered per cell to exact approved Pilot2 template alpha. Entire silhouette unchanged. Bottom 10px figure feet RGB byte-preserved. Original face/head top16px retained except billman top9px ironcap recolor; head alpha unchanged.","Restrained fourteenth-century visual; no gore; see HISTORICAL_NOTES.md."
"wk/wk_refugee_family-v1","assets/wk/wk_refugee_family-v1.png","candidate","296","148","74","74","4","2","NE|SE|SW|NW","","","per-frame metadata; inherit registration","","","1","0.5","0.3","10792","38","builtin imagegen with project references","/tmp/astra-wave17-work-20260926/supplemental/astra-walker-pilot2-reference-files/actor_civilian_woman-v1.png","/Users/rexxa/Library/Application Support/orca/codex-accounts/54be5844-95fd-4c46-925c-75327ccd186a/home/generated_images/01a0db76-e7cd-7ab1-a2a3-a1f550053f8c/exec-874de93e-944a-424d-acc0-d64eceb9f68f.png","9425499d53f90a9df4b08131912cabd4d5112cfa371df6958e0666f267e7a34f","52306449940a53fe325cc2d2f9d007ccc9a51c96409ec53bb0048a8cddab4347","Use case: identity-preserve. Edit target: attached exact approved game worker sheet. Repaint CLOTHING ONLY for Displaced English rural woman wearing weathered muted grey-brown wool cloak and faded rust dress with original white linen coif. EMPTY hands, no bundle or child; these are separate prop layers. Keep all eight original silhouettes, exact pose, same arms, hands, legs, shoes, feet locations, face identity and size. Keep original 4 columns NE SE SW NW and 2 walking frames in rows, identical cell registration and transparent padding. No free pose generation. No text or background. Transparent RGBA. Subdued hand-painted medieval isometric game sprite matching reference brushwork, no photorealism, full plate, firearm, gore, badges except explicitly requested lions. Original sheet may be enlarged for painting but proportions and spacing must remain unchanged. Role details should read after reduction to 74x74px cells.","Generated clothing RGB registered per cell to exact approved Pilot2 template alpha. Entire silhouette unchanged. Bottom 10px figure feet RGB byte-preserved. Original face/head top16px retained except billman top9px ironcap recolor; head alpha unchanged.","Restrained fourteenth-century visual; no gore; see HISTORICAL_NOTES.md."
"wk/wk_royal_purveyor-v1","assets/wk/wk_royal_purveyor-v1.png","candidate","296","148","74","74","4","2","NE|SE|SW|NW","","","per-frame metadata; inherit registration","","","1","0.5","0.3","13043","30","builtin imagegen with project references","/tmp/astra-wave17-work-20260926/supplemental/astra-walker-pilot2-reference-files/actor_merchant-v1.png","/Users/rexxa/Library/Application Support/orca/codex-accounts/54be5844-95fd-4c46-925c-75327ccd186a/home/generated_images/01a0db76-e7cd-7ab1-a2a3-a1f550053f8c/exec-da63f52e-bb88-429f-bb39-c3f429e53ab7.png","c885212619311591eab091f283647f70d3571e3b3a32008b3ffbab6ff9e18186","dfb6e1b54910f60fb3b4bd125e2e06b46024494ab2998a9c7df79c6dfa00564c","Use case: identity-preserve. Edit target: attached exact approved game worker sheet. Repaint CLOTHING ONLY for English royal purveyor wearing a muted red sleeveless tabard bearing three small gold lions stacked vertically on the front, English pre-1340 royal arms, no French lilies. EMPTY hands, no ledger. Keep all eight original silhouettes, exact pose, same arms, hands, legs, shoes, feet locations, face identity and size. Keep original 4 columns NE SE SW NW and 2 walking frames in rows, identical cell registration and transparent padding. No free pose generation. No text or background. Transparent RGBA. Subdued hand-painted medieval isometric game sprite matching reference brushwork, no photorealism, full plate, firearm, gore, badges except explicitly requested lions. Original sheet may be enlarged for painting but proportions and spacing must remain unchanged. Role details should read after reduction to 74x74px cells.
Revision history: [{""source"":""/Users/rexxa/Library/Application Support/orca/codex-accounts/54be5844-95fd-4c46-925c-75327ccd186a/home/generated_images/01a0db76-e7cd-7ab1-a2a3-a1f550053f8c/exec-0dd91d08-8c84-4358-8873-8b3352fba9e5.png"",""prompt"":""Use case: identity-preserve. Edit target: attached exact approved game worker sheet. Repaint CLOTHING ONLY for English royal purveyor wearing a muted red sleeveless tabard bearing three small gold lions stacked vertically on the front, English pre-1340 royal arms, no French lilies. EMPTY hands, no ledger. Keep all eight original silhouettes, exact pose, same arms, hands, legs, shoes, feet locations, face identity and size. Keep original 4 columns NE SE SW NW and 2 walking frames in rows, identical cell registration and transparent padding. No free pose generation. No text or background. Transparent RGBA. Subdued hand-painted medieval isometric game sprite matching reference brushwork, no photorealism, full plate, firearm, gore, badges except explicitly requested lions. Original sheet may be enlarged for painting but proportions and spacing must remain unchanged. Role details should read after reduction to 74x74px cells.""},{""source"":""/Users/rexxa/Library/Application Support/orca/codex-accounts/54be5844-95fd-4c46-925c-75327ccd186a/home/generated_images/01a0db76-e7cd-7ab1-a2a3-a1f550053f8c/exec-da63f52e-bb88-429f-bb39-c3f429e53ab7.png"",""prompt"":""Precise-object-edit of this transparent 4-column 2-row medieval sprite sheet. ONLY correct the gold royal lion insignia on the four front-facing red tabards (middle two columns). Each tabard must bear EXACTLY THREE gold lions total, vertically stacked as ONE group ABOVE THE BELT on the CHEST. Remove EVERY gold motif below the belt, replace with plain red cloth. Three chest lions per front view, plain red skirt. Back views plain red unchanged. Keep all poses spacing silhouette colors and rendering otherwise unchanged. Transparent background. No new objects, lettering or decoration.""}]","Generated clothing RGB registered per cell to exact approved Pilot2 template alpha. Entire silhouette unchanged. Bottom 10px figure feet RGB byte-preserved. Original face/head top16px retained except billman top9px ironcap recolor; head alpha unchanged.","1337–39 visual convention; red/gold three-lion signal, no later quartering."
"wk/wk_tax_collector-v1","assets/wk/wk_tax_collector-v1.png","candidate","296","148","74","74","4","2","NE|SE|SW|NW","","","per-frame metadata; inherit registration","","","1","0.5","0.3","13043","30","builtin imagegen with project references","/tmp/astra-wave17-work-20260926/supplemental/astra-walker-pilot2-reference-files/actor_merchant-v1.png","/Users/rexxa/Library/Application Support/orca/codex-accounts/54be5844-95fd-4c46-925c-75327ccd186a/home/generated_images/01a0db76-e7cd-7ab1-a2a3-a1f550053f8c/exec-20a2f690-bc00-49f1-8c04-07174fa1627e.png","a5514e636462703b3466120416fe2ef0f8a052865bc12b76e0aea0c4fceb87c4","2f5961bd508e2137b95050d198bc272f006cdc2a3c6242ac2b7da1ae73e3abb7","Use case: identity-preserve. Edit target: attached exact approved game worker sheet. Repaint CLOTHING ONLY for English tax collector in dark dusty blue wool surcoat, simple cloth purse at the belt, restrained brown leather belt. EMPTY hands, no ledger. Keep all eight original silhouettes, exact pose, same arms, hands, legs, shoes, feet locations, face identity and size. Keep original 4 columns NE SE SW NW and 2 walking frames in rows, identical cell registration and transparent padding. No free pose generation. No text or background. Transparent RGBA. Subdued hand-painted medieval isometric game sprite matching reference brushwork, no photorealism, full plate, firearm, gore, badges except explicitly requested lions. Original sheet may be enlarged for painting but proportions and spacing must remain unchanged. Role details should read after reduction to 74x74px cells.","Generated clothing RGB registered per cell to exact approved Pilot2 template alpha. Entire silhouette unchanged. Bottom 10px figure feet RGB byte-preserved. Original face/head top16px retained except billman top9px ironcap recolor; head alpha unchanged.","Restrained fourteenth-century visual; no gore; see HISTORICAL_NOTES.md."
