sheet,group,path,wave,state,ledger,display_scale,scale_basis,brightness,saturation,dominant,z_brightness,z_saturation,outlier
1_buildings,주택(L0~L4·변형·Wave 2 변형·Wave 20 시대별),public/assets/buildings/variants-wave2/house_l1_tile-v1.png,l1-tile,설치,confirmed,0.4986,buildingVariantAssets: same frame as the base,109.3,0.524,#8f5131,0.08,0.11,
1_buildings,주택(L0~L4·변형·Wave 2 변형·Wave 20 시대별),public/assets/buildings/variants-wave2/house_l0_garden-v1.png,wave2,설치,confirmed,0.4996,buildingVariantAssets: same frame as the base,125.8,0.567,#cc9653,1.32,0.96,
1_buildings,주택(L0~L4·변형·Wave 2 변형·Wave 20 시대별),public/assets/buildings/variants-wave2/house_l0_pen-v1.png,wave2,설치,confirmed,0.4996,buildingVariantAssets: same frame as the base,113.4,0.549,#6f4e30,0.39,0.61,
1_buildings,주택(L0~L4·변형·Wave 2 변형·Wave 20 시대별),public/assets/buildings/variants-wave2/house_l1_artisan-v1.png,wave2,설치,confirmed,0.4986,buildingVariantAssets: same frame as the base,119.8,0.568,#e7ad56,0.88,0.98,
1_buildings,주택(L0~L4·변형·Wave 2 변형·Wave 20 시대별),public/assets/buildings/variants-wave2/house_l1_garden-v1.png,wave2,설치,confirmed,0.4986,buildingVariantAssets: same frame as the base,122.3,0.552,#e7b055,1.06,0.67,
1_buildings,주택(L0~L4·변형·Wave 2 변형·Wave 20 시대별),public/assets/buildings/variants-wave2/house_l2_brewer-v1.png,wave2,설치,confirmed,0.4981,buildingVariantAssets: same frame as the base,99.4,0.51,#724b34,-0.66,-0.15,
1_buildings,주택(L0~L4·변형·Wave 2 변형·Wave 20 시대별),public/assets/buildings/variants-wave2/house_l2_garden-v1.png,wave2,설치,confirmed,0.4981,buildingVariantAssets: same frame as the base,106.4,0.533,#513924,-0.14,0.3,
1_buildings,주택(L0~L4·변형·Wave 2 변형·Wave 20 시대별),public/assets/buildings/variants-wave2/house_l2_weaver-v1.png,wave2,설치,confirmed,0.4981,buildingVariantAssets: same frame as the base,107.0,0.497,#4d3824,-0.09,-0.4,
1_buildings,주택(L0~L4·변형·Wave 2 변형·Wave 20 시대별),public/assets/buildings/variants-wave2/house_l3_clothier-v1.png,wave2,설치,confirmed,0.4984,buildingVariantAssets: same frame as the base,107.4,0.489,#725032,-0.06,-0.56,
1_buildings,주택(L0~L4·변형·Wave 2 변형·Wave 20 시대별),public/assets/buildings/variants-wave2/house_l3_shop-v1.png,wave2,설치,confirmed,0.4984,buildingVariantAssets: same frame as the base,106.5,0.523,#715132,-0.13,0.09,
1_buildings,주택(L0~L4·변형·Wave 2 변형·Wave 20 시대별),public/assets/buildings/variants-wave2/house_l3_storage-v1.png,wave2,설치,confirmed,0.4984,buildingVariantAssets: same frame as the base,103.6,0.503,#714e32,-0.35,-0.28,
1_buildings,주택(L0~L4·변형·Wave 2 변형·Wave 20 시대별),public/assets/buildings/variants-wave2/house_l4_courtyard-v1.png,wave2,설치,confirmed,0.4979,buildingVariantAssets: same frame as the base,102.9,0.494,#714b30,-0.4,-0.48,
1_buildings,주택(L0~L4·변형·Wave 2 변형·Wave 20 시대별),public/assets/buildings/variants-wave2/house_l4_inn-v1.png,wave2,설치,confirmed,0.4979,buildingVariantAssets: same frame as the base,100.7,0.502,#724d31,-0.57,-0.31,
1_buildings,주택(L0~L4·변형·Wave 2 변형·Wave 20 시대별),public/assets/buildings/variants-wave2/house_l4_wing-v1.png,wave2,설치,confirmed,0.4979,buildingVariantAssets: same frame as the base,109.2,0.508,#523a23,0.07,-0.2,
1_buildings,주택(L0~L4·변형·Wave 2 변형·Wave 20 시대별),public/assets/buildings/variants-wave2/house_pair_l3_horizontal_courtyard-v1.png,wave2,설치,confirmed,0.4981,buildingVariantAssets: same frame as the base,96.5,0.521,#704d30,-0.88,0.06,
1_buildings,주택(L0~L4·변형·Wave 2 변형·Wave 20 시대별),public/assets/buildings/variants-wave2/house_pair_l3_vertical_workshop-v1.png,wave2,설치,confirmed,0.4981,buildingVariantAssets: same frame as the base,98.3,0.53,#4f3925,-0.75,0.23,
1_buildings,주택(L0~L4·변형·Wave 2 변형·Wave 20 시대별),public/assets/buildings/variants-wave2/house_pair_l4_horizontal_hall-v1.png,wave2,설치,confirmed,0.4981,buildingVariantAssets: same frame as the base,105.5,0.503,#714c31,-0.2,-0.29,
1_buildings,주택(L0~L4·변형·Wave 2 변형·Wave 20 시대별),public/assets/buildings/variants-wave2/house_pair_l4_vertical_court-v1.png,wave2,설치,confirmed,0.4981,buildingVariantAssets: same frame as the base,101.2,0.527,#b15633,-0.53,0.18,
1_buildings,주택(L0~L4·변형·Wave 2 변형·Wave 20 시대별),assets-inbox/wave20/candidates-20260926/assets/houses/house_l0_1350_a-v1.png,wave20,미설치,confirmed,0.4996,Astra records native_to_world_scale,124.4,0.552,#cd9552,1.22,0.66,
1_buildings,주택(L0~L4·변형·Wave 2 변형·Wave 20 시대별),assets-inbox/wave20/candidates-20260926/assets/houses/house_l0_1350_b-v1.png,wave20,미설치,confirmed,0.4996,Astra records native_to_world_scale,124.5,0.52,#cd9552,1.22,0.04,
1_buildings,주택(L0~L4·변형·Wave 2 변형·Wave 20 시대별),assets-inbox/wave20/candidates-20260926/assets/houses/house_l0_1400_a-v1.png,wave20,미설치,confirmed,0.4996,Astra records native_to_world_scale,132.9,0.536,#cd9552,1.86,0.35,
1_buildings,주택(L0~L4·변형·Wave 2 변형·Wave 20 시대별),assets-inbox/wave20/candidates-20260926/assets/houses/house_l0_1400_b-v1.png,wave20,미설치,confirmed,0.4996,Astra records native_to_world_scale,126.7,0.543,#cd9553,1.39,0.49,
1_buildings,주택(L0~L4·변형·Wave 2 변형·Wave 20 시대별),assets-inbox/wave20/candidates-20260926/assets/houses/house_l1_1350_a-v1.png,wave20,미설치,confirmed,0.4986,Astra records native_to_world_scale,123.8,0.552,#cc944b,1.17,0.66,
1_buildings,주택(L0~L4·변형·Wave 2 변형·Wave 20 시대별),assets-inbox/wave20/candidates-20260926/assets/houses/house_l1_1350_b-v1.png,wave20,미설치,confirmed,0.4986,Astra records native_to_world_scale,125.6,0.522,#cc944b,1.31,0.08,
1_buildings,주택(L0~L4·변형·Wave 2 변형·Wave 20 시대별),assets-inbox/wave20/candidates-20260926/assets/houses/house_l1_1400_a-v1.png,wave20,미설치,confirmed,0.4986,Astra records native_to_world_scale,135.9,0.524,#cc944b,2.09,0.11,yes
1_buildings,주택(L0~L4·변형·Wave 2 변형·Wave 20 시대별),assets-inbox/wave20/candidates-20260926/assets/houses/house_l1_1400_b-v1.png,wave20,미설치,confirmed,0.4986,Astra records native_to_world_scale,130.1,0.538,#cc944b,1.65,0.4,
1_buildings,주택(L0~L4·변형·Wave 2 변형·Wave 20 시대별),assets-inbox/wave20/rework-20260927/assets/houses/house_l2_1350_a-v2.png,wave20,미설치,confirmed,0.4981,Astra records native_to_world_scale,94.5,0.556,#4a2e1a,-1.03,0.74,
1_buildings,주택(L0~L4·변형·Wave 2 변형·Wave 20 시대별),assets-inbox/wave20/rework-20260927/assets/houses/house_l2_1350_b-v2.png,wave20,미설치,confirmed,0.4981,Astra records native_to_world_scale,98.4,0.46,#564638,-0.74,-1.14,
1_buildings,주택(L0~L4·변형·Wave 2 변형·Wave 20 시대별),assets-inbox/wave20/rework-20260927/assets/houses/house_l2_1400_a-v2.png,wave20,미설치,confirmed,0.4981,Astra records native_to_world_scale,100.6,0.552,#af4d2e,-0.57,0.67,
1_buildings,주택(L0~L4·변형·Wave 2 변형·Wave 20 시대별),assets-inbox/wave20/rework-20260927/assets/houses/house_l2_1400_b-v2.png,wave20,미설치,confirmed,0.4981,Astra records native_to_world_scale,93.3,0.562,#4b2f1a,-1.13,0.86,
1_buildings,주택(L0~L4·변형·Wave 2 변형·Wave 20 시대별),assets-inbox/wave20/rework-20260927/assets/houses/house_l3_1350_a-v2.png,wave20,미설치,confirmed,0.4984,Astra records native_to_world_scale,90.4,0.531,#744f31,-1.34,0.25,
1_buildings,주택(L0~L4·변형·Wave 2 변형·Wave 20 시대별),assets-inbox/wave20/rework-20260927/assets/houses/house_l3_1350_b-v2.png,wave20,미설치,confirmed,0.4984,Astra records native_to_world_scale,90.7,0.439,#48382b,-1.32,-1.54,
1_buildings,주택(L0~L4·변형·Wave 2 변형·Wave 20 시대별),assets-inbox/wave20/rework-20260927/assets/houses/house_l3_1400_a-v2.png,wave20,미설치,confirmed,0.4984,Astra records native_to_world_scale,96.3,0.575,#4d3019,-0.9,1.11,
1_buildings,주택(L0~L4·변형·Wave 2 변형·Wave 20 시대별),assets-inbox/wave20/rework-20260927/assets/houses/house_l3_1400_b-v2.png,wave20,미설치,confirmed,0.4984,Astra records native_to_world_scale,89.1,0.573,#4b2d19,-1.44,1.06,
1_buildings,주택(L0~L4·변형·Wave 2 변형·Wave 20 시대별),assets-inbox/wave20/rework-20260927/assets/houses/house_l4_1350_a-v2.png,wave20,미설치,confirmed,0.4979,Astra records native_to_world_scale,96.8,0.526,#503823,-0.86,0.16,
1_buildings,주택(L0~L4·변형·Wave 2 변형·Wave 20 시대별),assets-inbox/wave20/rework-20260927/assets/houses/house_l4_1350_b-v2.png,wave20,미설치,confirmed,0.4979,Astra records native_to_world_scale,99.9,0.427,#876f58,-0.62,-1.77,
1_buildings,주택(L0~L4·변형·Wave 2 변형·Wave 20 시대별),assets-inbox/wave20/rework-20260927/assets/houses/house_l4_1400_a-v2.png,wave20,미설치,confirmed,0.4979,Astra records native_to_world_scale,92.4,0.555,#4c2e1a,-1.19,0.71,
1_buildings,주택(L0~L4·변형·Wave 2 변형·Wave 20 시대별),assets-inbox/wave20/rework-20260927/assets/houses/house_l4_1400_b-v2.png,wave20,미설치,confirmed,0.4979,Astra records native_to_world_scale,89.2,0.564,#4a2d19,-1.43,0.89,
1_buildings,주택(L0~L4·변형·Wave 2 변형·Wave 20 시대별),public/assets/buildings/historical-houses/house_l0-v3.png,장부 밖,설치,장부 밖,0.4996,historicalHouseAssets 0.88×64 opaque width,129.2,0.542,#cd9552,1.58,0.47,
1_buildings,주택(L0~L4·변형·Wave 2 변형·Wave 20 시대별),public/assets/buildings/house_l0.png,장부 밖,설치,장부 밖,0.5143,worldAssetManifest renderScale,111.2,0.581,#714c2a,0.23,1.23,
1_buildings,주택(L0~L4·변형·Wave 2 변형·Wave 20 시대별),public/assets/buildings/historical-houses/house_l1-v2.png,장부 밖,설치,장부 밖,0.4986,historicalHouseAssets 0.88×64 opaque width,133.7,0.52,#cc944b,1.92,0.03,
1_buildings,주택(L0~L4·변형·Wave 2 변형·Wave 20 시대별),public/assets/buildings/house_l1.png,장부 밖,설치,장부 밖,0.48,worldAssetManifest renderScale,135.3,0.546,#e7ae55,2.04,0.55,yes
1_buildings,주택(L0~L4·변형·Wave 2 변형·Wave 20 시대별),public/assets/buildings/historical-houses/house_l2-v2.png,장부 밖,설치,장부 밖,0.4981,historicalHouseAssets 0.88×64 opaque width,105.3,0.52,#714d32,-0.22,0.04,
1_buildings,주택(L0~L4·변형·Wave 2 변형·Wave 20 시대별),public/assets/buildings/house_l2.png,장부 밖,설치,장부 밖,0.5778,worldAssetManifest renderScale,115.2,0.53,#704c2e,0.53,0.24,
1_buildings,주택(L0~L4·변형·Wave 2 변형·Wave 20 시대별),public/assets/buildings/historical-houses/house_l3-v2.png,장부 밖,설치,장부 밖,0.4984,historicalHouseAssets 0.88×64 opaque width,105.3,0.5,#4d3825,-0.22,-0.34,
1_buildings,주택(L0~L4·변형·Wave 2 변형·Wave 20 시대별),public/assets/buildings/house_l3.png,장부 밖,설치,장부 밖,0.4333,worldAssetManifest renderScale,108.7,0.352,#4e2f13,0.04,-3.24,yes
1_buildings,주택(L0~L4·변형·Wave 2 변형·Wave 20 시대별),public/assets/buildings/historical-houses/house_l4-v2.png,장부 밖,설치,장부 밖,0.4979,historicalHouseAssets 0.88×64 opaque width,101.3,0.506,#8c5436,-0.52,-0.23,
1_buildings,주택(L0~L4·변형·Wave 2 변형·Wave 20 시대별),public/assets/buildings/house_l4.png,장부 밖,설치,장부 밖,0.52,worldAssetManifest renderScale,115.1,0.271,#4f5050,0.52,-4.81,yes
1_buildings,주택(L0~L4·변형·Wave 2 변형·Wave 20 시대별),public/assets/buildings/historical-houses/house_pair_l2_horizontal-v4.png,장부 밖,설치,장부 밖,0.4999,houseCompoundAssets (w+h)×32×0.88,98.3,0.534,#8b5135,-0.75,0.32,
1_buildings,주택(L0~L4·변형·Wave 2 변형·Wave 20 시대별),public/assets/buildings/historical-houses/house_pair_l2_vertical-v2.png,장부 밖,설치,장부 밖,0.4973,houseCompoundAssets (w+h)×32×0.88,100.3,0.531,#4d3925,-0.6,0.25,
1_buildings,주택(L0~L4·변형·Wave 2 변형·Wave 20 시대별),public/assets/buildings/historical-houses/house_pair_l3_horizontal-v2.png,장부 밖,설치,장부 밖,0.498,houseCompoundAssets (w+h)×32×0.88,99.5,0.502,#734f36,-0.66,-0.32,
1_buildings,주택(L0~L4·변형·Wave 2 변형·Wave 20 시대별),public/assets/buildings/historical-houses/house_pair_l3_vertical-v2.png,장부 밖,설치,장부 밖,0.499,houseCompoundAssets (w+h)×32×0.88,97.5,0.515,#4f3925,-0.81,-0.06,
1_buildings,주택(L0~L4·변형·Wave 2 변형·Wave 20 시대별),public/assets/buildings/historical-houses/house_pair_l4_horizontal-v2.png,장부 밖,설치,장부 밖,0.4998,houseCompoundAssets (w+h)×32×0.88,102.9,0.491,#8b563a,-0.4,-0.53,
1_buildings,주택(L0~L4·변형·Wave 2 변형·Wave 20 시대별),public/assets/buildings/historical-houses/house_pair_l4_vertical-v2.png,장부 밖,설치,장부 밖,0.4998,houseCompoundAssets (w+h)×32×0.88,94.2,0.523,#8e5335,-1.06,0.09,
1_buildings,시설·공공 건물,assets-inbox/wave12/candidates-20260926/assets/bld/almshouse-v1.png,wave12,미설치,confirmed,0.5,Astra 규격 기본(원본×0.5) — 코드 배율 미확인,111.2,0.492,#90502d,0.6,0.16,
1_buildings,시설·공공 건물,assets-inbox/wave12/candidates-20260926/assets/bld/bridge_chapel-v1.png,wave12,미설치,confirmed,0.5,Astra 규격 기본(원본×0.5) — 코드 배율 미확인,103.7,0.411,#746654,-0.02,-0.56,
1_buildings,시설·공공 건물,assets-inbox/wave12/candidates-20260926/assets/bld/butcher_shambles-v1.png,wave12,미설치,confirmed,0.5,Astra 규격 기본(원본×0.5) — 코드 배율 미확인,88.1,0.577,#6f4e33,-1.31,0.92,
1_buildings,시설·공공 건물,assets-inbox/wave12/candidates-20260926/assets/bld/chantry_chapel-v1.png,wave12,미설치,confirmed,0.5,Astra 규격 기본(원본×0.5) — 코드 배율 미확인,110.0,0.454,#776652,0.5,-0.18,
1_buildings,시설·공공 건물,assets-inbox/wave12/candidates-20260926/assets/bld/charcoal_clamp-v1.png,wave12,미설치,confirmed,0.5,Astra 규격 기본(원본×0.5) — 코드 배율 미확인,92.6,0.519,#6a5234,-0.93,0.4,
1_buildings,시설·공공 건물,assets-inbox/wave12/candidates-20260926/assets/bld/communal_oven-v1.png,wave12,미설치,confirmed,0.5,Astra 규격 기본(원본×0.5) — 코드 배율 미확인,109.8,0.497,#c89656,0.48,0.2,
1_buildings,시설·공공 건물,assets-inbox/wave12/candidates-20260926/assets/bld/conduit_house-v1.png,wave12,미설치,confirmed,0.5,Astra 규격 기본(원본×0.5) — 코드 배율 미확인,99.9,0.512,#8e4e2e,-0.33,0.34,
1_buildings,시설·공공 건물,assets-inbox/wave12/candidates-20260926/assets/bld/cordwainer-v1.png,wave12,미설치,confirmed,0.5,Astra 규격 기본(원본×0.5) — 코드 배율 미확인,102.6,0.54,#8d512f,-0.11,0.59,
1_buildings,시설·공공 건물,assets-inbox/wave12/candidates-20260926/assets/bld/ditch_drain-v1.png,wave12,미설치,confirmed,0.5,Astra 규격 기본(원본×0.5) — 코드 배율 미확인,89.1,0.392,#574631,-1.22,-0.73,
1_buildings,시설·공공 건물,assets-inbox/wave12/candidates-20260926/assets/bld/guildhall-v1.png,wave12,미설치,confirmed,0.5,Astra 규격 기본(원본×0.5) — 코드 배율 미확인,102.5,0.515,#4f3a26,-0.12,0.37,
1_buildings,시설·공공 건물,assets-inbox/wave12/candidates-20260926/assets/bld/hospital-v1.png,wave12,미설치,confirmed,0.5,Astra 규격 기본(원본×0.5) — 코드 배율 미확인,108.2,0.488,#914b29,0.35,0.12,
1_buildings,시설·공공 건물,assets-inbox/wave12/candidates-20260926/assets/bld/inn_a-v1.png,wave12,미설치,confirmed,0.5,Astra 규격 기본(원본×0.5) — 코드 배율 미확인,107.8,0.544,#6e4c2d,0.32,0.62,
1_buildings,시설·공공 건물,assets-inbox/wave12/candidates-20260926/assets/bld/inn_b-v1.png,wave12,미설치,confirmed,0.5,Astra 규격 기본(원본×0.5) — 코드 배율 미확인,103.5,0.548,#6f4e31,-0.04,0.66,
1_buildings,시설·공공 건물,assets-inbox/wave12/candidates-20260926/assets/bld/lime_kiln-v1.png,wave12,미설치,confirmed,0.5,Astra 규격 기본(원본×0.5) — 코드 배율 미확인,116.3,0.303,#776653,1.02,-1.53,
1_buildings,시설·공공 건물,assets-inbox/wave12/candidates-20260926/assets/bld/manor_house_a-v1.png,wave12,미설치,confirmed,0.5,Astra 규격 기본(원본×0.5) — 코드 배율 미확인,110.3,0.498,#6e4d2f,0.52,0.22,
1_buildings,시설·공공 건물,assets-inbox/wave12/candidates-20260926/assets/bld/manor_house_b-v1.png,wave12,미설치,confirmed,0.5,Astra 규격 기본(원본×0.5) — 코드 배율 미확인,108.1,0.508,#ad9272,0.34,0.3,
1_buildings,시설·공공 건물,assets-inbox/wave12/candidates-20260926/assets/bld/market_cross_stone-v1.png,wave12,미설치,confirmed,0.5,Astra 규격 기본(원본×0.5) — 코드 배율 미확인,129.6,0.31,#c9b194,2.12,-1.46,yes
1_buildings,시설·공공 건물,assets-inbox/wave12/candidates-20260926/assets/bld/market_cross_wood-v1.png,wave12,미설치,confirmed,0.5,Astra 규격 기본(원본×0.5) — 코드 배율 미확인,95.2,0.443,#8e7153,-0.72,-0.28,
1_buildings,시설·공공 건물,assets-inbox/wave12/candidates-20260926/assets/bld/pilgrim_shrine-v1.png,wave12,미설치,confirmed,0.5,Astra 규격 기본(원본×0.5) — 코드 배율 미확인,102.3,0.531,#6d4f32,-0.14,0.51,
1_buildings,시설·공공 건물,assets-inbox/wave12/candidates-20260926/assets/bld/pottery_kiln-v1.png,wave12,미설치,confirmed,0.5,Astra 규격 기본(원본×0.5) — 코드 배율 미확인,113.3,0.484,#906f4d,0.78,0.09,
1_buildings,시설·공공 건물,assets-inbox/wave12/candidates-20260926/assets/bld/priory_cell-v1.png,wave12,미설치,confirmed,0.5,Astra 규격 기본(원본×0.5) — 코드 배율 미확인,110.4,0.472,#c9b294,0.54,-0.02,
1_buildings,시설·공공 건물,assets-inbox/wave12/candidates-20260926/assets/bld/quay-v1.png,wave12,미설치,confirmed,0.5,Astra 규격 기본(원본×0.5) — 코드 배율 미확인,119.1,0.299,#968672,1.25,-1.56,
1_buildings,시설·공공 건물,assets-inbox/wave12/candidates-20260926/assets/bld/smithy_a-v1.png,wave12,미설치,confirmed,0.5,Astra 규격 기본(원본×0.5) — 코드 배율 미확인,98.9,0.51,#8f4d2f,-0.42,0.32,
1_buildings,시설·공공 건물,assets-inbox/wave12/candidates-20260926/assets/bld/smithy_b-v1.png,wave12,미설치,confirmed,0.5,Astra 규격 기본(원본×0.5) — 코드 배율 미확인,103.3,0.511,#8e502d,-0.05,0.33,
1_buildings,시설·공공 건물,assets-inbox/wave12/candidates-20260926/assets/bld/tailor-v1.png,wave12,미설치,confirmed,0.5,Astra 규격 기본(원본×0.5) — 코드 배율 미확인,99.5,0.516,#4c3825,-0.37,0.38,
1_buildings,시설·공공 건물,assets-inbox/wave12/candidates-20260926/assets/bld/tannery_a-v1.png,wave12,미설치,confirmed,0.5,Astra 규격 기본(원본×0.5) — 코드 배율 미확인,92.1,0.497,#6e4f33,-0.97,0.2,
1_buildings,시설·공공 건물,assets-inbox/wave12/candidates-20260926/assets/bld/tannery_b-v1.png,wave12,미설치,confirmed,0.5,Astra 규격 기본(원본×0.5) — 코드 배율 미확인,98.7,0.47,#6f4e32,-0.43,-0.04,
1_buildings,시설·공공 건물,assets-inbox/wave12/candidates-20260926/assets/bld/tithe_barn-v1.png,wave12,미설치,confirmed,0.5,Astra 규격 기본(원본×0.5) — 코드 배율 미확인,98.2,0.559,#cd6836,-0.47,0.76,
1_buildings,시설·공공 건물,assets-inbox/wave12/candidates-20260926/assets/bld/tolbooth-v1.png,wave12,미설치,confirmed,0.5,Astra 규격 기본(원본×0.5) — 코드 배율 미확인,107.9,0.46,#4f3927,0.33,-0.13,
1_buildings,시설·공공 건물,assets-inbox/wave17/candidates-20260926/assets/bld/beacon_idle-v1.png,wave17,미설치,confirmed,0.5,Astra records game_zoom_1_source_scale,80.9,0.454,#4c3925,-1.9,-0.18,
1_buildings,시설·공공 건물,assets-inbox/wave17/candidates-20260926/assets/bld/beacon_lit-v1.png,wave17,미설치,confirmed,0.5,Astra records game_zoom_1_source_scale,90.0,0.506,#4c3825,-1.15,0.28,
1_buildings,시설·공공 건물,assets-inbox/wave17/candidates-20260926/assets/bld/muster_field-v1.png,wave17,미설치,confirmed,0.5,Astra records game_zoom_1_source_scale,115.3,0.538,#aa8b53,0.94,0.57,
1_buildings,시설·공공 건물,assets-inbox/wave17/candidates-20260926/assets/bld/royal_warehouse-v1.png,wave17,미설치,confirmed,0.5,Astra records game_zoom_1_source_scale,98.7,0.372,#8c6b51,-0.43,-0.92,
1_buildings,시설·공공 건물,public/assets/buildings/variants-wave2/chapel_b-v1.png,wave2,설치,confirmed,0.4981,buildingVariantAssets: same frame as the base,113.4,0.423,#915033,0.78,-0.46,
1_buildings,시설·공공 건물,public/assets/buildings/variants-wave2/chapel_stone-v1.png,wave2,설치,confirmed,0.4981,buildingVariantAssets: same frame as the base,102.0,0.431,#ac5732,-0.16,-0.38,
1_buildings,시설·공공 건물,public/assets/buildings/variants-wave2/market_active_b-v1.png,wave2,설치,confirmed,0.4984,buildingVariantAssets: same frame as the base,117.0,0.506,#6f4b2b,1.08,0.28,
1_buildings,시설·공공 건물,public/assets/buildings/variants-wave2/market_active_c-v1.png,wave2,설치,confirmed,0.4984,buildingVariantAssets: same frame as the base,113.3,0.494,#6e4c2e,0.78,0.18,
1_buildings,시설·공공 건물,public/assets/buildings/variants-wave2/market_quiet_b-v1.png,wave2,설치,confirmed,0.4984,buildingVariantAssets: same frame as the base,98.3,0.574,#6f4b2b,-0.47,0.89,
1_buildings,시설·공공 건물,public/assets/buildings/variants-wave2/storehouse_b-v1.png,wave2,설치,confirmed,0.8012,buildingVariantAssets: same frame as the base,88.1,0.503,#6f4c34,-1.3,0.26,
1_buildings,시설·공공 건물,public/assets/buildings/variants-wave2/storehouse_c-v1.png,wave2,설치,confirmed,0.8012,buildingVariantAssets: same frame as the base,97.0,0.569,#6f4f31,-0.57,0.85,
1_buildings,시설·공공 건물,public/assets/buildings/variants-wave2/well_b-v1.png,wave2,설치,confirmed,0.7081,buildingVariantAssets: same frame as the base,103.1,0.434,#4b311a,-0.07,-0.36,
1_buildings,시설·공공 건물,public/assets/buildings/variants-wave2/well_c-v1.png,wave2,설치,confirmed,0.7081,buildingVariantAssets: same frame as the base,109.9,0.394,#cab493,0.5,-0.71,
1_buildings,시설·공공 건물,public/assets/buildings/variants-wave2/windmill-v1.png,wave2,설치,confirmed,0.4997,buildingVariantAssets: same frame as the base,88.3,0.503,#6e5036,-1.28,0.26,
1_buildings,시설·공공 건물,assets-inbox/wave3/candidates-20260926/assets/bld/alehouse_a.png,wave3,미설치,confirmed,0.5,Astra 규격 기본(원본×0.5) — 코드 배율 미확인,103.9,0.538,#4a2e1a,-0.0,0.57,
1_buildings,시설·공공 건물,assets-inbox/wave3/candidates-20260926/assets/bld/alehouse_b.png,wave3,미설치,confirmed,0.5,Astra 규격 기본(원본×0.5) — 코드 배율 미확인,99.7,0.543,#4b2c19,-0.34,0.61,
1_buildings,시설·공공 건물,assets-inbox/wave3/candidates-20260926/assets/bld/brewhouse.png,wave3,미설치,confirmed,0.5,Astra 규격 기본(원본×0.5) — 코드 배율 미확인,93.5,0.591,#6f4c2e,-0.85,1.04,
1_buildings,시설·공공 건물,assets-inbox/wave3/candidates-20260926/assets/bld/cloth_hall.png,wave3,미설치,confirmed,0.5,Astra 규격 기본(원본×0.5) — 코드 배율 미확인,90.9,0.616,#6f4c2d,-1.08,1.27,
1_buildings,시설·공공 건물,assets-inbox/wave3/candidates-20260926/assets/bld/dyehouse_a.png,wave3,미설치,confirmed,0.5,Astra 규격 기본(원본×0.5) — 코드 배율 미확인,85.5,0.571,#6f4f32,-1.52,0.87,
1_buildings,시설·공공 건물,assets-inbox/wave3/candidates-20260926/assets/bld/dyehouse_b.png,wave3,미설치,confirmed,0.5,Astra 규격 기본(원본×0.5) — 코드 배율 미확인,80.1,0.601,#2a190e,-1.97,1.14,
1_buildings,시설·공공 건물,assets-inbox/wave3/candidates-20260926/assets/bld/dyehouse_state_active-overlay.png,wave3,미설치,confirmed,0.5,Astra 규격 기본(원본×0.5) — 코드 배율 미확인,144.9,0.281,#8d3832,3.38,-1.72,yes
1_buildings,시설·공공 건물,assets-inbox/wave3/candidates-20260926/assets/bld/fulling_mill_nesw.png,wave3,미설치,confirmed,0.5,Astra 규격 기본(원본×0.5) — 코드 배율 미확인,85.6,0.53,#ae532b,-1.51,0.5,
1_buildings,시설·공공 건물,assets-inbox/wave3/candidates-20260926/assets/bld/fulling_mill_nwse.png,wave3,미설치,confirmed,0.5,Astra 규격 기본(원본×0.5) — 코드 배율 미확인,91.4,0.538,#6e4f33,-1.03,0.57,
1_buildings,시설·공공 건물,assets-inbox/wave3/candidates-20260926/assets/bld/fulling_mill_wheel_sheet.png,wave3,미설치,confirmed,0.5,Astra 규격 기본(원본×0.5) — 코드 배율 미확인,75.4,0.628,#150c05,-2.35,1.37,yes
1_buildings,시설·공공 건물,assets-inbox/wave3/candidates-20260926/assets/bld/malthouse_a.png,wave3,미설치,confirmed,0.5,Astra 규격 기본(원본×0.5) — 코드 배율 미확인,110.6,0.454,#4f3927,0.55,-0.18,
1_buildings,시설·공공 건물,assets-inbox/wave3/candidates-20260926/assets/bld/malthouse_b.png,wave3,미설치,confirmed,0.5,Astra 규격 기본(원본×0.5) — 코드 배율 미확인,109.6,0.498,#714e30,0.47,0.21,
1_buildings,시설·공공 건물,assets-inbox/wave3/candidates-20260926/assets/pasture/shearing_pen-v1.png,wave3,미설치,confirmed,0.5,Astra 규격 기본(원본×0.5) — 코드 배율 미확인,104.3,0.567,#6e502d,0.03,0.83,
1_buildings,시설·공공 건물,assets-inbox/wave3/candidates-20260926/assets/pasture/sheepfold-v1.png,wave3,미설치,confirmed,0.5,Astra 규격 기본(원본×0.5) — 코드 배율 미확인,97.2,0.569,#b08a50,-0.56,0.85,
1_buildings,시설·공공 건물,assets-inbox/wave3/candidates-20260926/assets/bld/shepherd_hut.png,wave3,미설치,confirmed,0.5,Astra 규격 기본(원본×0.5) — 코드 배율 미확인,111.9,0.538,#714d2f,0.66,0.57,
1_buildings,시설·공공 건물,assets-inbox/wave3/candidates-20260926/assets/pasture/wash_pool-v1.png,wave3,미설치,confirmed,0.5,Astra 규격 기본(원본×0.5) — 코드 배율 미확인,104.7,0.472,#514a2f,0.07,-0.02,
1_buildings,시설·공공 건물,assets-inbox/wave3/candidates-20260926/assets/bld/weaver_house_a.png,wave3,미설치,confirmed,0.5,Astra 규격 기본(원본×0.5) — 코드 배율 미확인,104.3,0.565,#4d2d18,0.03,0.81,
1_buildings,시설·공공 건물,assets-inbox/wave3/candidates-20260926/assets/bld/weaver_house_b.png,wave3,미설치,confirmed,0.5,Astra 규격 기본(원본×0.5) — 코드 배율 미확인,99.5,0.561,#4c2c19,-0.36,0.77,
1_buildings,시설·공공 건물,assets-inbox/wave3/candidates-20260926/assets/bld/woolhouse.png,wave3,미설치,confirmed,0.5,Astra 규격 기본(원본×0.5) — 코드 배율 미확인,98.2,0.52,#4f3924,-0.47,0.41,
1_buildings,시설·공공 건물,public/assets/buildings/farmstead/farmstead_a-v1.png,wave4c,설치,confirmed,0.406,farmsteadArt 0.85×64 ÷ opaque width,112.6,0.561,#6f4f2d,0.71,0.78,
1_buildings,시설·공공 건물,public/assets/buildings/farmstead/farmstead_b-v1.png,wave4c,설치,confirmed,0.406,farmsteadArt 0.85×64 ÷ opaque width,112.8,0.533,#6e4f2f,0.73,0.52,
1_buildings,시설·공공 건물,public/assets/buildings/farmstead/farmstead_working-v1.png,wave4c,설치,confirmed,0.406,farmsteadArt 0.85×64 ÷ opaque width,107.1,0.578,#6f4f2c,0.26,0.92,
1_buildings,시설·공공 건물,public/assets/buildings/farmstead/farmstead_winter-v1.png,wave4e,설치,confirmed,0.406,farmsteadArt 0.85×64 ÷ opaque width,118.8,0.509,#6e4e30,1.23,0.31,
1_buildings,시설·공공 건물,public/assets/buildings/barn.png,장부 밖,설치,장부 밖,0.9697,"buildingSpriteFit (2×2, fill 0.75)",87.1,0.616,#6f5031,-1.39,1.27,
1_buildings,시설·공공 건물,public/assets/buildings/historical-facilities-v1/chapel-v2.png,장부 밖,설치,장부 밖,0.4981,historicalFacilityManifest displayWidth / source rect,109.2,0.446,#746654,0.43,-0.25,
1_buildings,시설·공공 건물,public/assets/buildings/historical-facilities-v1/church-v2.png,장부 밖,설치,장부 밖,0.4998,historicalFacilityManifest displayWidth / source rect,112.6,0.396,#766652,0.71,-0.7,
1_buildings,시설·공공 건물,public/assets/buildings/church.png,장부 밖,설치,장부 밖,0.4923,worldAssetManifest renderScale,113.3,0.093,#746d6b,0.78,-3.4,yes
1_buildings,시설·공공 건물,public/assets/buildings/historical-facilities-v1/keep-v2.png,장부 밖,설치,장부 밖,0.5326,historicalFacilityManifest displayWidth / source rect,113.8,0.33,#534637,0.81,-1.29,
1_buildings,시설·공공 건물,public/assets/buildings/keep.png,장부 밖,설치,장부 밖,0.4414,worldAssetManifest renderScale,117.7,0.14,#71706d,1.14,-2.98,yes
1_buildings,시설·공공 건물,public/assets/buildings/logging_camp.png,장부 밖,설치,장부 밖,0.64,"buildingSpriteFit (1×1, fill 0.87)",93.1,0.661,#4d2d15,-0.89,1.66,
1_buildings,시설·공공 건물,public/assets/buildings/market.png,장부 밖,설치,장부 밖,0.5176,worldAssetManifest renderScale,96.9,0.243,#6a7684,-0.58,-2.06,yes
1_buildings,시설·공공 건물,public/assets/buildings/historical-facilities-v1/market_active-v2.png,장부 밖,설치,장부 밖,0.4984,historicalFacilityManifest displayWidth / source rect,119.4,0.511,#ecceae,1.27,0.33,
1_buildings,시설·공공 건물,public/assets/buildings/historical-facilities-v1/market_quiet-v2.png,장부 밖,설치,장부 밖,0.4984,historicalFacilityManifest displayWidth / source rect,114.2,0.505,#926b4c,0.85,0.27,
1_buildings,시설·공공 건물,public/assets/buildings/historical-facilities-v1/masonry-v2.png,장부 밖,설치,장부 밖,0.4984,historicalFacilityManifest displayWidth / source rect,107.0,0.499,#4d3926,0.26,0.22,
1_buildings,시설·공공 건물,public/assets/buildings/masonry.png,장부 밖,설치,장부 밖,0.5867,worldAssetManifest renderScale,91.6,0.233,#3d4650,-1.02,-2.15,yes
1_buildings,시설·공공 건물,public/assets/buildings/historical-facilities-v1/mill-v2.png,장부 밖,설치,장부 밖,0.4997,historicalFacilityManifest displayWidth / source rect,90.8,0.506,#6f4e34,-1.08,0.29,
1_buildings,시설·공공 건물,public/assets/buildings/mill.png,장부 밖,설치,장부 밖,0.44,worldAssetManifest renderScale,121.2,0.179,#898377,1.43,-2.64,yes
1_buildings,시설·공공 건물,public/assets/buildings/runtime-mill-v1/mill_body-v1.png,장부 밖,설치,장부 밖,0.5,animatedMill 68 px,96.6,0.519,#916c4d,-0.6,0.41,
1_buildings,시설·공공 건물,public/assets/buildings/runtime-mill-v1/mill_sails-v3.png,장부 밖,설치,장부 밖,0.492,"animatedMill (skewed, rotated — nominal)",94.5,0.386,#8b6f52,-0.78,-0.79,
1_buildings,시설·공공 건물,public/assets/buildings/quarry.png,장부 밖,설치,장부 밖,0.5867,worldAssetManifest renderScale,109.1,0.214,#8a8071,0.42,-2.32,yes
1_buildings,시설·공공 건물,public/assets/buildings/historical-facilities-v1/quarry_active-v2.png,장부 밖,설치,장부 밖,0.4989,historicalFacilityManifest displayWidth / source rect,128.9,0.307,#cdb290,2.06,-1.49,yes
1_buildings,시설·공공 건물,public/assets/buildings/historical-facilities-v1/quarry_depleted-v2.png,장부 밖,설치,장부 밖,0.4989,historicalFacilityManifest displayWidth / source rect,130.9,0.329,#cdb190,2.22,-1.29,yes
1_buildings,시설·공공 건물,public/assets/buildings/historical-facilities-v1/quarry_idle-v2.png,장부 밖,설치,장부 밖,0.4989,historicalFacilityManifest displayWidth / source rect,127.6,0.342,#ceb290,1.95,-1.18,
1_buildings,시설·공공 건물,public/assets/buildings/historical-facilities-v1/sawmill-v2.png,장부 밖,설치,장부 밖,0.4984,historicalFacilityManifest displayWidth / source rect,96.4,0.508,#6e4d32,-0.62,0.3,
1_buildings,시설·공공 건물,public/assets/buildings/sawmill.png,장부 밖,설치,장부 밖,0.6286,worldAssetManifest renderScale,92.8,0.592,#4c3018,-0.92,1.06,
1_buildings,시설·공공 건물,public/assets/buildings/storehouse.png,장부 밖,설치,장부 밖,0.8012,"buildingSpriteFit (2×2, fill 0.87)",95.3,0.625,#8f2f11,-0.71,1.35,
1_buildings,시설·공공 건물,public/assets/buildings/well.png,장부 밖,설치,장부 밖,0.7081,"buildingSpriteFit (1×1, fill 0.52)",103.1,0.566,#4b2f18,-0.07,0.82,
1_buildings,공사 단계(기초·골조·지붕틀·비계),public/assets/wave11/kit_timber/raising_frame-v1.png,wave11,설치,confirmed,0.34,constructionKits site prop,123.8,0.616,#cd9552,0.84,1.96,
1_buildings,공사 단계(기초·골조·지붕틀·비계),public/assets/wave11/kit_public/stage_foundation_church-v1.png,wave11,설치,confirmed,0.4998,constructionKits: church rectangle,126.5,0.389,#8f6f4e,1.03,-0.7,
1_buildings,공사 단계(기초·골조·지붕틀·비계),public/assets/wave11/kit_defense/stage_foundation_gate-v1.png,wave11,설치,confirmed,0.2,constructionKits tower 0.2 (gate 미사용 — 같은 값으로 표시),135.9,0.296,#c7b094,1.69,-1.79,
1_buildings,공사 단계(기초·골조·지붕틀·비계),public/assets/wave11/kit_public/stage_foundation_keep-v1.png,wave11,설치,confirmed,0.5326,constructionKits: keep rectangle,124.0,0.357,#ab8f73,0.85,-1.07,
1_buildings,공사 단계(기초·골조·지붕틀·비계),public/assets/wave11/kit_stone/stage_foundation_large-v1.png,wave11,설치,confirmed,0.8012,constructionKits: storehouse 2×2 fit,147.6,0.307,#ceb28a,2.52,-1.66,yes
1_buildings,공사 단계(기초·골조·지붕틀·비계),public/assets/wave11/kit_stone/stage_foundation_medium-v1.png,wave11,설치,confirmed,0.4984,constructionKits: masonry rectangle,145.3,0.295,#cab192,2.36,-1.8,yes
1_buildings,공사 단계(기초·골조·지붕틀·비계),public/assets/wave11/kit_timber/stage_foundation_medium-v1.png,wave11,설치,confirmed,0.4981,constructionKits: L2 house rectangle,109.3,0.494,#cc8d4e,-0.19,0.53,
1_buildings,공사 단계(기초·골조·지붕틀·비계),public/assets/wave11/kit_timber/stage_foundation_small-v1.png,wave11,설치,confirmed,0.4996,constructionKits: L0 house rectangle,106.6,0.502,#cc9250,-0.38,0.63,
1_buildings,공사 단계(기초·골조·지붕틀·비계),public/assets/wave11/kit_defense/stage_foundation_tower-v1.png,wave11,설치,confirmed,0.2,constructionKits tower 0.2 (gate 미사용 — 같은 값으로 표시),123.5,0.316,#cab192,0.82,-1.55,
1_buildings,공사 단계(기초·골조·지붕틀·비계),public/assets/wave11/kit_public/stage_frame_church-v1.png,wave11,설치,confirmed,0.4998,constructionKits: church rectangle,112.9,0.455,#8c6f51,0.07,0.08,
1_buildings,공사 단계(기초·골조·지붕틀·비계),public/assets/wave11/kit_defense/stage_frame_gate-v1.png,wave11,설치,confirmed,0.2,constructionKits tower 0.2 (gate 미사용 — 같은 값으로 표시),93.7,0.434,#926c49,-1.29,-0.17,
1_buildings,공사 단계(기초·골조·지붕틀·비계),public/assets/wave11/kit_public/stage_frame_keep-v1.png,wave11,설치,confirmed,0.5326,constructionKits: keep rectangle,108.7,0.437,#8f6d4d,-0.23,-0.13,
1_buildings,공사 단계(기초·골조·지붕틀·비계),public/assets/wave11/kit_stone/stage_frame_large-v1.png,wave11,설치,confirmed,0.8012,constructionKits: storehouse 2×2 fit,108.7,0.48,#4b2f17,-0.23,0.37,
1_buildings,공사 단계(기초·골조·지붕틀·비계),public/assets/wave11/kit_stone/stage_frame_medium-v1.png,wave11,설치,confirmed,0.4984,constructionKits: masonry rectangle,112.1,0.432,#4c3319,0.01,-0.19,
1_buildings,공사 단계(기초·골조·지붕틀·비계),public/assets/wave11/kit_timber/stage_frame_medium-v1.png,wave11,설치,confirmed,0.4981,constructionKits: L2 house rectangle,105.2,0.547,#4d3219,-0.48,1.16,
1_buildings,공사 단계(기초·골조·지붕틀·비계),public/assets/wave11/kit_timber/stage_frame_small-v1.png,wave11,설치,confirmed,0.4996,constructionKits: L0 house rectangle,97.5,0.578,#523318,-1.02,1.52,
1_buildings,공사 단계(기초·골조·지붕틀·비계),public/assets/wave11/kit_defense/stage_frame_tower-v1.png,wave11,설치,confirmed,0.2,constructionKits tower 0.2 (gate 미사용 — 같은 값으로 표시),105.6,0.352,#493829,-0.45,-1.13,
1_buildings,공사 단계(기초·골조·지붕틀·비계),public/assets/wave11/kit_public/stage_plot_church-v1.png,wave11,설치,confirmed,0.4998,constructionKits: church rectangle,110.4,0.523,#926e49,-0.11,0.87,
1_buildings,공사 단계(기초·골조·지붕틀·비계),public/assets/wave11/kit_defense/stage_plot_gate-v1.png,wave11,설치,confirmed,0.2,constructionKits tower 0.2 (gate 미사용 — 같은 값으로 표시),108.7,0.514,#916c4a,-0.23,0.76,
1_buildings,공사 단계(기초·골조·지붕틀·비계),public/assets/wave11/kit_public/stage_plot_keep-v1.png,wave11,설치,confirmed,0.5326,constructionKits: keep rectangle,120.6,0.472,#906e4c,0.61,0.28,
1_buildings,공사 단계(기초·골조·지붕틀·비계),public/assets/wave11/kit_stone/stage_plot_large-v1.png,wave11,설치,confirmed,0.8012,constructionKits: storehouse 2×2 fit,132.2,0.455,#92714c,1.43,0.08,
1_buildings,공사 단계(기초·골조·지붕틀·비계),public/assets/wave11/kit_stone/stage_plot_medium-v1.png,wave11,설치,confirmed,0.4984,constructionKits: masonry rectangle,118.3,0.537,#936f4a,0.45,1.03,
1_buildings,공사 단계(기초·골조·지붕틀·비계),public/assets/wave11/kit_timber/stage_plot_medium-v1.png,wave11,설치,confirmed,0.4981,constructionKits: L2 house rectangle,120.2,0.495,#926e4a,0.58,0.55,
1_buildings,공사 단계(기초·골조·지붕틀·비계),public/assets/wave11/kit_timber/stage_plot_small-v1.png,wave11,설치,confirmed,0.4996,constructionKits: L0 house rectangle,117.7,0.563,#947047,0.41,1.34,
1_buildings,공사 단계(기초·골조·지붕틀·비계),public/assets/wave11/kit_defense/stage_plot_tower-v1.png,wave11,설치,confirmed,0.2,constructionKits tower 0.2 (gate 미사용 — 같은 값으로 표시),96.2,0.552,#6f5130,-1.12,1.22,
1_buildings,공사 단계(기초·골조·지붕틀·비계),public/assets/wave11/kit_public/stage_roof_church-v1.png,wave11,설치,confirmed,0.4998,constructionKits: church rectangle,112.8,0.462,#6e4d2e,0.06,0.16,
1_buildings,공사 단계(기초·골조·지붕틀·비계),public/assets/wave11/kit_defense/stage_roof_gate-v1.png,wave11,설치,confirmed,0.2,constructionKits tower 0.2 (gate 미사용 — 같은 값으로 표시),123.4,0.386,#c7ad8f,0.81,-0.73,
1_buildings,공사 단계(기초·골조·지붕틀·비계),public/assets/wave11/kit_public/stage_roof_keep-v1.png,wave11,설치,confirmed,0.5326,constructionKits: keep rectangle,114.0,0.387,#8c6f51,0.14,-0.72,
1_buildings,공사 단계(기초·골조·지붕틀·비계),public/assets/wave11/kit_stone/stage_roof_large-v1.png,wave11,설치,confirmed,0.8012,constructionKits: storehouse 2×2 fit,105.2,0.48,#4e331a,-0.48,0.37,
1_buildings,공사 단계(기초·골조·지붕틀·비계),public/assets/wave11/kit_stone/stage_roof_medium-v1.png,wave11,설치,confirmed,0.4984,constructionKits: masonry rectangle,103.2,0.467,#6b4c31,-0.62,0.21,
1_buildings,공사 단계(기초·골조·지붕틀·비계),public/assets/wave11/kit_timber/stage_roof_medium-v1.png,wave11,설치,confirmed,0.4981,constructionKits: L2 house rectangle,113.0,0.468,#4c321c,0.07,0.23,
1_buildings,공사 단계(기초·골조·지붕틀·비계),public/assets/wave11/kit_timber/stage_roof_small-v1.png,wave11,설치,confirmed,0.4996,constructionKits: L0 house rectangle,122.4,0.521,#6d4a27,0.74,0.84,
1_buildings,공사 단계(기초·골조·지붕틀·비계),public/assets/wave11/kit_defense/stage_roof_tower-v1.png,wave11,설치,confirmed,0.2,constructionKits tower 0.2 (gate 미사용 — 같은 값으로 표시),124.6,0.321,#756655,0.9,-1.49,
1_buildings,공사 단계(기초·골조·지붕틀·비계),public/assets/wave7/construction/roof_frame_large-v1.png,wave7,설치,confirmed,0.5,constructionArtAssets TRUSS_SCALE,112.9,0.515,#6f5033,0.06,0.78,
1_buildings,공사 단계(기초·골조·지붕틀·비계),public/assets/wave7/construction/roof_frame_medium-v1.png,wave7,설치,confirmed,0.5,constructionArtAssets TRUSS_SCALE,112.6,0.531,#705232,0.05,0.96,
1_buildings,공사 단계(기초·골조·지붕틀·비계),public/assets/wave7/construction/roof_frame_small-v1.png,wave7,설치,confirmed,0.5,constructionArtAssets TRUSS_SCALE,106.7,0.576,#714c2b,-0.37,1.49,
1_buildings,공사 단계(기초·골조·지붕틀·비계),public/assets/wave7/construction/roof_frame_stone_large-v1.png,wave7,설치,confirmed,0.5,constructionArtAssets TRUSS_SCALE,103.5,0.41,#8b7054,-0.6,-0.45,
1_buildings,공사 단계(기초·골조·지붕틀·비계),public/assets/runtime-construction-v1/construction_foundation-v1.png,장부 밖,설치,장부 밖,0.1256,constructionArtAssets (1×1),88.3,0.352,#514735,-1.67,-1.13,
1_buildings,공사 단계(기초·골조·지붕틀·비계),public/assets/runtime-construction-v1/construction_roof_frame-v1.png,장부 밖,설치,장부 밖,0.1192,"constructionArtAssets (1×1, wave7 truss 없을 때)",100.2,0.454,#6a4f36,-0.83,0.06,
1_buildings,공사 단계(기초·골조·지붕틀·비계),public/assets/runtime-construction-v1/construction_salvage-v3.png,장부 밖,설치,장부 밖,0.12,미사용(reserved) — 형제 배율로 표시,93.1,0.307,#46392b,-1.33,-1.66,
1_buildings,공사 단계(기초·골조·지붕틀·비계),public/assets/runtime-construction-v1/construction_scaffold-v2.png,장부 밖,설치,장부 밖,0.0577,constructionArtAssets span×0.30 (1×1),98.6,0.414,#8b7154,-0.94,-0.41,
1_buildings,공사 단계(기초·골조·지붕틀·비계),public/assets/runtime-construction-v1/construction_timber_frame-v2.png,장부 밖,설치,장부 밖,0.1232,constructionArtAssets (1×1),86.4,0.49,#4c3725,-1.8,0.49,
1_buildings,공사 단계(기초·골조·지붕틀·비계),public/assets/runtime-construction-v1/construction_wall-v2.png,장부 밖,설치,장부 밖,0.12,미사용(reserved) — 형제 배율로 표시,81.5,0.349,#463729,-2.15,-1.16,yes
1_buildings,집·시설 오버레이(판자·방치·화재 흔적·역병·지붕 눈·가동 소품·상태 레이어),assets-inbox/wave12/rework-20260926/assets/active/almshouse-active-v1.png,wave12,미설치,confirmed,0.5,Astra 규격 기본(원본×0.5) — 코드 배율 미확인,141.4,0.234,#b0acaa,0.37,-0.71,
1_buildings,집·시설 오버레이(판자·방치·화재 흔적·역병·지붕 눈·가동 소품·상태 레이어),assets-inbox/wave12/rework-20260926/assets/active/bridge_chapel-active-v1.png,wave12,미설치,confirmed,0.5,Astra 규격 기본(원본×0.5) — 코드 배율 미확인,98.0,0.67,#4e3218,-0.72,2.13,yes
1_buildings,집·시설 오버레이(판자·방치·화재 흔적·역병·지붕 눈·가동 소품·상태 레이어),assets-inbox/wave12/rework-20260926/assets/active/butcher_shambles-active-v1.png,wave12,미설치,confirmed,0.5,Astra 규격 기본(원본×0.5) — 코드 배율 미확인,76.6,0.613,#a94a37,-1.26,1.76,
1_buildings,집·시설 오버레이(판자·방치·화재 흔적·역병·지붕 눈·가동 소품·상태 레이어),assets-inbox/wave12/rework-20260926/assets/active/chantry_chapel-active-v1.png,wave12,미설치,confirmed,0.5,Astra 규격 기본(원본×0.5) — 코드 배율 미확인,99.3,0.662,#4e2e14,-0.69,2.08,yes
1_buildings,집·시설 오버레이(판자·방치·화재 흔적·역병·지붕 눈·가동 소품·상태 레이어),assets-inbox/wave12/candidates-20260926/assets/active/charcoal_clamp-active-v1.png,wave12,미설치,confirmed,0.5,Astra 규격 기본(원본×0.5) — 코드 배율 미확인,115.3,0.051,#6f7174,-0.29,-1.9,
1_buildings,집·시설 오버레이(판자·방치·화재 흔적·역병·지붕 눈·가동 소품·상태 레이어),assets-inbox/wave12/candidates-20260926/assets/active/communal_oven-active-v1.png,wave12,미설치,confirmed,0.5,Astra 규격 기본(원본×0.5) — 코드 배율 미확인,128.1,0.23,#6f2b12,0.03,-0.73,
1_buildings,집·시설 오버레이(판자·방치·화재 흔적·역병·지붕 눈·가동 소품·상태 레이어),assets-inbox/wave12/rework-20260926/assets/active/conduit_house-active-v1.png,wave12,미설치,confirmed,0.5,Astra 규격 기본(원본×0.5) — 코드 배율 미확인,107.0,0.314,#4c3217,-0.5,-0.19,
1_buildings,집·시설 오버레이(판자·방치·화재 흔적·역병·지붕 눈·가동 소품·상태 레이어),assets-inbox/wave12/rework-20260926/assets/active/cordwainer-active-v1.png,wave12,미설치,confirmed,0.5,Astra 규격 기본(원본×0.5) — 코드 배율 미확인,73.6,0.601,#4e3017,-1.33,1.68,
1_buildings,집·시설 오버레이(판자·방치·화재 흔적·역병·지붕 눈·가동 소품·상태 레이어),assets-inbox/wave12/rework-20260926/assets/active/guildhall-active-v1.png,wave12,미설치,confirmed,0.5,Astra 규격 기본(원본×0.5) — 코드 배율 미확인,118.3,0.522,#d4ac68,-0.21,1.17,
1_buildings,집·시설 오버레이(판자·방치·화재 흔적·역병·지붕 눈·가동 소품·상태 레이어),assets-inbox/wave12/rework-20260926/assets/active/hospital-active-v1.png,wave12,미설치,confirmed,0.5,Astra 규격 기본(원본×0.5) — 코드 배율 미확인,142.2,0.268,#b2adab,0.39,-0.49,
1_buildings,집·시설 오버레이(판자·방치·화재 흔적·역병·지붕 눈·가동 소품·상태 레이어),assets-inbox/wave12/rework-20260926/assets/active/inn_a-active-v1.png,wave12,미설치,confirmed,0.5,Astra 규격 기본(원본×0.5) — 코드 배율 미확인,120.9,0.4,#928d8d,-0.15,0.37,
1_buildings,집·시설 오버레이(판자·방치·화재 흔적·역병·지붕 눈·가동 소품·상태 레이어),assets-inbox/wave12/rework-20260926/assets/active/inn_b-active-v1.png,wave12,미설치,confirmed,0.5,Astra 규격 기본(원본×0.5) — 코드 배율 미확인,133.7,0.329,#928e8c,0.18,-0.09,
1_buildings,집·시설 오버레이(판자·방치·화재 흔적·역병·지붕 눈·가동 소품·상태 레이어),assets-inbox/wave12/candidates-20260926/assets/active/lime_kiln-active-v1.png,wave12,미설치,confirmed,0.5,Astra 규격 기본(원본×0.5) — 코드 배율 미확인,171.4,0.106,#b7afa4,1.12,-1.55,
1_buildings,집·시설 오버레이(판자·방치·화재 흔적·역병·지붕 눈·가동 소품·상태 레이어),assets-inbox/wave12/rework-20260926/assets/active/manor_house_a-active-v1.png,wave12,미설치,confirmed,0.5,Astra 규격 기본(원본×0.5) — 코드 배율 미확인,136.0,0.27,#b1adac,0.23,-0.48,
1_buildings,집·시설 오버레이(판자·방치·화재 흔적·역병·지붕 눈·가동 소품·상태 레이어),assets-inbox/wave12/rework-20260926/assets/active/manor_house_b-active-v1.png,wave12,미설치,confirmed,0.5,Astra 규격 기본(원본×0.5) — 코드 배율 미확인,141.5,0.276,#b5ada7,0.37,-0.43,
1_buildings,집·시설 오버레이(판자·방치·화재 흔적·역병·지붕 눈·가동 소품·상태 레이어),assets-inbox/wave12/rework-20260926/assets/active/market_cross_stone-active-v1.png,wave12,미설치,confirmed,0.5,Astra 규격 기본(원본×0.5) — 코드 배율 미확인,119.4,0.512,#6e4f2d,-0.18,1.1,
1_buildings,집·시설 오버레이(판자·방치·화재 흔적·역병·지붕 눈·가동 소품·상태 레이어),assets-inbox/wave12/rework-20260926/assets/active/market_cross_wood-active-v1.png,wave12,미설치,confirmed,0.5,Astra 규격 기본(원본×0.5) — 코드 배율 미확인,112.0,0.526,#6d4e2c,-0.37,1.19,
1_buildings,집·시설 오버레이(판자·방치·화재 흔적·역병·지붕 눈·가동 소품·상태 레이어),assets-inbox/wave12/rework-20260926/assets/active/pilgrim_shrine-active-v1.png,wave12,미설치,confirmed,0.5,Astra 규격 기본(원본×0.5) — 코드 배율 미확인,103.7,0.64,#6d4928,-0.58,1.94,
1_buildings,집·시설 오버레이(판자·방치·화재 흔적·역병·지붕 눈·가동 소품·상태 레이어),assets-inbox/wave12/candidates-20260926/assets/active/pottery_kiln-active-v1.png,wave12,미설치,confirmed,0.5,Astra 규격 기본(원본×0.5) — 코드 배율 미확인,162.3,0.173,#b4a697,0.89,-1.11,
1_buildings,집·시설 오버레이(판자·방치·화재 흔적·역병·지붕 눈·가동 소품·상태 레이어),assets-inbox/wave12/rework-20260926/assets/active/priory_cell-active-v1.png,wave12,미설치,confirmed,0.5,Astra 규격 기본(원본×0.5) — 코드 배율 미확인,140.6,0.29,#b5aea7,0.35,-0.35,
1_buildings,집·시설 오버레이(판자·방치·화재 흔적·역병·지붕 눈·가동 소품·상태 레이어),assets-inbox/wave12/rework-20260926/assets/active/quay-active-v1.png,wave12,미설치,confirmed,0.5,Astra 규격 기본(원본×0.5) — 코드 배율 미확인,81.0,0.413,#6c5133,-1.15,0.45,
1_buildings,집·시설 오버레이(판자·방치·화재 흔적·역병·지붕 눈·가동 소품·상태 레이어),assets-inbox/wave12/rework-20260926/assets/active/smithy_a-active-v1.png,wave12,미설치,confirmed,0.5,Astra 규격 기본(원본×0.5) — 코드 배율 미확인,114.9,0.32,#918d89,-0.3,-0.15,
1_buildings,집·시설 오버레이(판자·방치·화재 흔적·역병·지붕 눈·가동 소품·상태 레이어),assets-inbox/wave12/rework-20260926/assets/active/smithy_b-active-v1.png,wave12,미설치,confirmed,0.5,Astra 규격 기본(원본×0.5) — 코드 배율 미확인,123.4,0.339,#736e6b,-0.08,-0.03,
1_buildings,집·시설 오버레이(판자·방치·화재 흔적·역병·지붕 눈·가동 소품·상태 레이어),assets-inbox/wave12/rework-20260926/assets/active/tailor-active-v1.png,wave12,미설치,confirmed,0.5,Astra 규격 기본(원본×0.5) — 코드 배율 미확인,65.3,0.586,#6d4f30,-1.54,1.58,
1_buildings,집·시설 오버레이(판자·방치·화재 흔적·역병·지붕 눈·가동 소품·상태 레이어),assets-inbox/wave12/rework-20260926/assets/active/tannery_a-active-v1.png,wave12,미설치,confirmed,0.5,Astra 규격 기본(원본×0.5) — 코드 배율 미확인,153.6,0.257,#d2ceca,0.67,-0.56,
1_buildings,집·시설 오버레이(판자·방치·화재 흔적·역병·지붕 눈·가동 소품·상태 레이어),assets-inbox/wave12/rework-20260926/assets/active/tannery_b-active-v1.png,wave12,미설치,confirmed,0.5,Astra 규격 기본(원본×0.5) — 코드 배율 미확인,160.0,0.243,#d8cfc6,0.83,-0.66,
1_buildings,집·시설 오버레이(판자·방치·화재 흔적·역병·지붕 눈·가동 소품·상태 레이어),assets-inbox/wave12/rework-20260926/assets/active/tithe_barn-active-v1.png,wave12,미설치,confirmed,0.5,Astra 규격 기본(원본×0.5) — 코드 배율 미확인,71.7,0.59,#0f0a06,-1.38,1.61,
1_buildings,집·시설 오버레이(판자·방치·화재 흔적·역병·지붕 눈·가동 소품·상태 레이어),assets-inbox/wave12/rework-20260926/assets/active/tolbooth-active-v1.png,wave12,미설치,confirmed,0.5,Astra 규격 기본(원본×0.5) — 코드 배율 미확인,124.0,0.461,#4c2f18,-0.07,0.77,
1_buildings,집·시설 오버레이(판자·방치·화재 흔적·역병·지붕 눈·가동 소품·상태 레이어),assets-inbox/wave17/candidates-20260926/assets/event/raid_burning_quay-v1.png,wave17,미설치,confirmed,0.5,Astra records game_zoom_1_source_scale,93.5,0.795,#cf5111,-0.83,2.95,yes
1_buildings,집·시설 오버레이(판자·방치·화재 흔적·역병·지붕 눈·가동 소품·상태 레이어),public/assets/wave7/overlay/boarded_l0-v2.png,wave7,설치,confirmed,0.4996,house rectangle (buildingOverlays),120.5,0.447,#d1b38b,-0.16,0.68,
1_buildings,집·시설 오버레이(판자·방치·화재 흔적·역병·지붕 눈·가동 소품·상태 레이어),public/assets/wave7/overlay/boarded_l1-v2.png,wave7,설치,confirmed,0.4986,house rectangle (buildingOverlays),103.5,0.537,#2a1506,-0.58,1.27,
1_buildings,집·시설 오버레이(판자·방치·화재 흔적·역병·지붕 눈·가동 소품·상태 레이어),public/assets/wave7/overlay/boarded_l2-v2.png,wave7,설치,confirmed,0.4981,house rectangle (buildingOverlays),108.6,0.419,#b19373,-0.45,0.5,
1_buildings,집·시설 오버레이(판자·방치·화재 흔적·역병·지붕 눈·가동 소품·상태 레이어),public/assets/wave7/overlay/boarded_l3-v2.png,wave7,설치,confirmed,0.4984,house rectangle (buildingOverlays),105.5,0.503,#2d150b,-0.53,1.05,
1_buildings,집·시설 오버레이(판자·방치·화재 흔적·역병·지붕 눈·가동 소품·상태 레이어),public/assets/wave7/overlay/boarded_l4-v2.png,wave7,설치,confirmed,0.4979,house rectangle (buildingOverlays),103.9,0.51,#2a160d,-0.57,1.09,
1_buildings,집·시설 오버레이(판자·방치·화재 흔적·역병·지붕 눈·가동 소품·상태 레이어),public/assets/wave7/season/roof_snow_l0-v2.png,wave7,설치,confirmed,0.4996,house rectangle (buildingOverlays),222.4,0.049,#f2f2f3,2.4,-1.91,yes
1_buildings,집·시설 오버레이(판자·방치·화재 흔적·역병·지붕 눈·가동 소품·상태 레이어),public/assets/wave7/season/roof_snow_l1-v2.png,wave7,설치,confirmed,0.4986,house rectangle (buildingOverlays),228.4,0.047,#f3efea,2.55,-1.93,yes
1_buildings,집·시설 오버레이(판자·방치·화재 흔적·역병·지붕 눈·가동 소품·상태 레이어),public/assets/wave7/season/roof_snow_l2-v2.png,wave7,설치,confirmed,0.4981,house rectangle (buildingOverlays),233.2,0.04,#f4f3f0,2.67,-1.97,yes
1_buildings,집·시설 오버레이(판자·방치·화재 흔적·역병·지붕 눈·가동 소품·상태 레이어),public/assets/wave7/season/roof_snow_l3-v2.png,wave7,설치,confirmed,0.4984,house rectangle (buildingOverlays),223.8,0.064,#f6f1e9,2.44,-1.82,yes
1_buildings,집·시설 오버레이(판자·방치·화재 흔적·역병·지붕 눈·가동 소품·상태 레이어),public/assets/wave7/season/roof_snow_l4-v2.png,wave7,설치,confirmed,0.4979,house rectangle (buildingOverlays),223.1,0.055,#f4eee4,2.42,-1.88,yes
1_buildings,집·시설 오버레이(판자·방치·화재 흔적·역병·지붕 눈·가동 소품·상태 레이어),public/assets/wave9/event/abandoned_l0-v1.png,wave9,설치,confirmed,0.4996,house rectangle (abandoned·plague_shut 미사용),117.4,0.512,#6f522f,-0.23,1.1,
1_buildings,집·시설 오버레이(판자·방치·화재 흔적·역병·지붕 눈·가동 소품·상태 레이어),public/assets/wave9/event/abandoned_l1-v1.png,wave9,설치,confirmed,0.4986,house rectangle (abandoned·plague_shut 미사용),116.3,0.531,#ca954e,-0.26,1.22,
1_buildings,집·시설 오버레이(판자·방치·화재 흔적·역병·지붕 눈·가동 소품·상태 레이어),public/assets/wave9/event/abandoned_l2-v1.png,wave9,설치,confirmed,0.4981,house rectangle (abandoned·plague_shut 미사용),93.9,0.516,#6e4f31,-0.82,1.13,
1_buildings,집·시설 오버레이(판자·방치·화재 흔적·역병·지붕 눈·가동 소품·상태 레이어),public/assets/wave9/event/burnt_l0-v1.png,wave9,설치,confirmed,0.4996,house rectangle (abandoned·plague_shut 미사용),63.3,0.422,#110c0a,-1.59,0.51,
1_buildings,집·시설 오버레이(판자·방치·화재 흔적·역병·지붕 눈·가동 소품·상태 레이어),public/assets/wave9/event/burnt_l1-v1.png,wave9,설치,confirmed,0.4986,house rectangle (abandoned·plague_shut 미사용),65.6,0.408,#120e0b,-1.53,0.42,
1_buildings,집·시설 오버레이(판자·방치·화재 흔적·역병·지붕 눈·가동 소품·상태 레이어),public/assets/wave9/event/burnt_l2-v1.png,wave9,설치,confirmed,0.4981,house rectangle (abandoned·plague_shut 미사용),63.5,0.358,#13100e,-1.59,0.1,
1_buildings,집·시설 오버레이(판자·방치·화재 흔적·역병·지붕 눈·가동 소품·상태 레이어),public/assets/wave9/event/burnt_l3-v1.png,wave9,설치,confirmed,0.4984,house rectangle (abandoned·plague_shut 미사용),64.1,0.402,#130f0c,-1.57,0.39,
1_buildings,집·시설 오버레이(판자·방치·화재 흔적·역병·지붕 눈·가동 소품·상태 레이어),public/assets/wave9/event/burnt_l4-v1.png,wave9,설치,confirmed,0.4979,house rectangle (abandoned·plague_shut 미사용),56.7,0.438,#130f0a,-1.76,0.62,
1_buildings,집·시설 오버레이(판자·방치·화재 흔적·역병·지붕 눈·가동 소품·상태 레이어),public/assets/wave9/event/crowd_manor_gate-v1.png,wave9,설치,confirmed,0.55,storyWorldProps fixed,74.7,0.5,#6c4e30,-1.31,1.02,
1_buildings,집·시설 오버레이(판자·방치·화재 흔적·역병·지붕 눈·가동 소품·상태 레이어),public/assets/wave9/event/plague_shut_l1-v1.png,wave9,설치,confirmed,0.4986,house rectangle (abandoned·plague_shut 미사용),51.6,0.365,#221b15,-1.89,0.15,
1_buildings,집·시설 오버레이(판자·방치·화재 흔적·역병·지붕 눈·가동 소품·상태 레이어),public/assets/wave9/event/plague_shut_l2-v1.png,wave9,설치,confirmed,0.4981,house rectangle (abandoned·plague_shut 미사용),53.0,0.364,#221b16,-1.85,0.14,
1_buildings,집·시설 오버레이(판자·방치·화재 흔적·역병·지붕 눈·가동 소품·상태 레이어),public/assets/wave9/event/plague_shut_l3-v1.png,wave9,설치,confirmed,0.4984,house rectangle (abandoned·plague_shut 미사용),52.7,0.37,#221b15,-1.86,0.17,
1_buildings,집·시설 오버레이(판자·방치·화재 흔적·역병·지붕 눈·가동 소품·상태 레이어),public/assets/runtime-construction-v1/condition_decals-v3.png,장부 밖,설치,장부 밖,0.06,houseConditionOverlay fallback (0.03–0.09),104.1,0.437,#8b7150,-0.57,0.61,
1_buildings,집·시설 오버레이(판자·방치·화재 흔적·역병·지붕 눈·가동 소품·상태 레이어),public/assets/phase16-house-condition/house_l0-neglected-v1.png,장부 밖,설치,장부 밖,0.4294,houseConditionOverlay: house rectangle,147.3,0.269,#b6a790,0.52,-0.49,
1_buildings,집·시설 오버레이(판자·방치·화재 흔적·역병·지붕 눈·가동 소품·상태 레이어),public/assets/phase16-house-condition/house_l0-strained-v1.png,장부 밖,설치,장부 밖,0.4294,houseConditionOverlay: house rectangle,161.9,0.222,#b7a790,0.88,-0.79,
1_buildings,집·시설 오버레이(판자·방치·화재 흔적·역병·지붕 눈·가동 소품·상태 레이어),public/assets/phase16-house-condition/house_l0-vacant-v1.png,장부 밖,설치,장부 밖,0.4294,houseConditionOverlay: house rectangle,130.9,0.301,#67503c,0.11,-0.27,
1_buildings,집·시설 오버레이(판자·방치·화재 흔적·역병·지붕 눈·가동 소품·상태 레이어),public/assets/phase16-house-condition/house_l1-neglected-v1.png,장부 밖,설치,장부 밖,0.3894,houseConditionOverlay: house rectangle,147.2,0.271,#b7a790,0.51,-0.47,
1_buildings,집·시설 오버레이(판자·방치·화재 흔적·역병·지붕 눈·가동 소품·상태 레이어),public/assets/phase16-house-condition/house_l1-strained-v1.png,장부 밖,설치,장부 밖,0.3894,houseConditionOverlay: house rectangle,162.1,0.221,#b6a68f,0.89,-0.79,
1_buildings,집·시설 오버레이(판자·방치·화재 흔적·역병·지붕 눈·가동 소품·상태 레이어),public/assets/phase16-house-condition/house_l1-vacant-v1.png,장부 밖,설치,장부 밖,0.3894,houseConditionOverlay: house rectangle,136.4,0.292,#b7a790,0.24,-0.33,
1_buildings,집·시설 오버레이(판자·방치·화재 흔적·역병·지붕 눈·가동 소품·상태 레이어),public/assets/phase16-house-condition/house_l2-neglected-v1.png,장부 밖,설치,장부 밖,0.4014,houseConditionOverlay: house rectangle,141.6,0.289,#b6a78f,0.37,-0.35,
1_buildings,집·시설 오버레이(판자·방치·화재 흔적·역병·지붕 눈·가동 소품·상태 레이어),public/assets/phase16-house-condition/house_l2-strained-v1.png,장부 밖,설치,장부 밖,0.4014,houseConditionOverlay: house rectangle,162.0,0.221,#958672,0.89,-0.8,
1_buildings,집·시설 오버레이(판자·방치·화재 흔적·역병·지붕 눈·가동 소품·상태 레이어),public/assets/phase16-house-condition/house_l2-vacant-v1.png,장부 밖,설치,장부 밖,0.4014,houseConditionOverlay: house rectangle,116.7,0.336,#664f3b,-0.25,-0.05,
1_buildings,집·시설 오버레이(판자·방치·화재 흔적·역병·지붕 눈·가동 소품·상태 레이어),public/assets/phase16-house-condition/house_l3-neglected-v1.png,장부 밖,설치,장부 밖,0.3705,houseConditionOverlay: house rectangle,141.5,0.29,#b6a790,0.37,-0.35,
1_buildings,집·시설 오버레이(판자·방치·화재 흔적·역병·지붕 눈·가동 소품·상태 레이어),public/assets/phase16-house-condition/house_l3-strained-v1.png,장부 밖,설치,장부 밖,0.3705,houseConditionOverlay: house rectangle,162.1,0.221,#978874,0.89,-0.8,
1_buildings,집·시설 오버레이(판자·방치·화재 흔적·역병·지붕 눈·가동 소품·상태 레이어),public/assets/phase16-house-condition/house_l3-vacant-v1.png,장부 밖,설치,장부 밖,0.3705,houseConditionOverlay: house rectangle,116.5,0.336,#664f3b,-0.26,-0.04,
1_buildings,집·시설 오버레이(판자·방치·화재 흔적·역병·지붕 눈·가동 소품·상태 레이어),public/assets/phase16-house-condition/house_l4-neglected-v1.png,장부 밖,설치,장부 밖,0.4504,houseConditionOverlay: house rectangle,141.6,0.291,#b7a78f,0.37,-0.34,
1_buildings,집·시설 오버레이(판자·방치·화재 흔적·역병·지붕 눈·가동 소품·상태 레이어),public/assets/phase16-house-condition/house_l4-strained-v1.png,장부 밖,설치,장부 밖,0.4504,houseConditionOverlay: house rectangle,162.1,0.221,#b8a891,0.89,-0.8,
1_buildings,집·시설 오버레이(판자·방치·화재 흔적·역병·지붕 눈·가동 소품·상태 레이어),public/assets/phase16-house-condition/house_l4-vacant-v1.png,장부 밖,설치,장부 밖,0.4504,houseConditionOverlay: house rectangle,118.0,0.334,#674f3b,-0.22,-0.06,
1_buildings,집·시설 오버레이(판자·방치·화재 흔적·역병·지붕 눈·가동 소품·상태 레이어),public/assets/phase16-house-condition/house_pair_l2_horizontal-neglected-v1.png,장부 밖,설치,장부 밖,0.3823,houseConditionOverlay: house rectangle,141.7,0.289,#b7a892,0.38,-0.35,
1_buildings,집·시설 오버레이(판자·방치·화재 흔적·역병·지붕 눈·가동 소품·상태 레이어),public/assets/phase16-house-condition/house_pair_l2_horizontal-strained-v1.png,장부 밖,설치,장부 밖,0.3823,houseConditionOverlay: house rectangle,162.0,0.221,#968873,0.88,-0.79,
1_buildings,집·시설 오버레이(판자·방치·화재 흔적·역병·지붕 눈·가동 소품·상태 레이어),public/assets/phase16-house-condition/house_pair_l2_horizontal-vacant-v1.png,장부 밖,설치,장부 밖,0.3823,houseConditionOverlay: house rectangle,120.7,0.328,#67503b,-0.15,-0.1,
1_buildings,집·시설 오버레이(판자·방치·화재 흔적·역병·지붕 눈·가동 소품·상태 레이어),public/assets/phase16-house-condition/house_pair_l2_vertical-neglected-v1.png,장부 밖,설치,장부 밖,0.3358,houseConditionOverlay: house rectangle,141.5,0.291,#b7a791,0.37,-0.34,
1_buildings,집·시설 오버레이(판자·방치·화재 흔적·역병·지붕 눈·가동 소품·상태 레이어),public/assets/phase16-house-condition/house_pair_l2_vertical-strained-v1.png,장부 밖,설치,장부 밖,0.3358,houseConditionOverlay: house rectangle,161.9,0.222,#978874,0.88,-0.79,
1_buildings,집·시설 오버레이(판자·방치·화재 흔적·역병·지붕 눈·가동 소품·상태 레이어),public/assets/phase16-house-condition/house_pair_l2_vertical-vacant-v1.png,장부 밖,설치,장부 밖,0.3358,houseConditionOverlay: house rectangle,125.8,0.32,#67503b,-0.02,-0.15,
1_buildings,집·시설 오버레이(판자·방치·화재 흔적·역병·지붕 눈·가동 소품·상태 레이어),public/assets/phase16-house-condition/house_pair_l3_horizontal-neglected-v1.png,장부 밖,설치,장부 밖,0.3744,houseConditionOverlay: house rectangle,141.7,0.293,#b7a891,0.38,-0.33,
1_buildings,집·시설 오버레이(판자·방치·화재 흔적·역병·지붕 눈·가동 소품·상태 레이어),public/assets/phase16-house-condition/house_pair_l3_horizontal-strained-v1.png,장부 밖,설치,장부 밖,0.3744,houseConditionOverlay: house rectangle,162.7,0.221,#b6a68f,0.9,-0.8,
1_buildings,집·시설 오버레이(판자·방치·화재 흔적·역병·지붕 눈·가동 소품·상태 레이어),public/assets/phase16-house-condition/house_pair_l3_horizontal-vacant-v1.png,장부 밖,설치,장부 밖,0.3744,houseConditionOverlay: house rectangle,117.8,0.335,#674f3b,-0.22,-0.05,
1_buildings,집·시설 오버레이(판자·방치·화재 흔적·역병·지붕 눈·가동 소품·상태 레이어),public/assets/phase16-house-condition/house_pair_l3_vertical-neglected-v1.png,장부 밖,설치,장부 밖,0.337,houseConditionOverlay: house rectangle,141.6,0.29,#b7a891,0.37,-0.34,
1_buildings,집·시설 오버레이(판자·방치·화재 흔적·역병·지붕 눈·가동 소품·상태 레이어),public/assets/phase16-house-condition/house_pair_l3_vertical-strained-v1.png,장부 밖,설치,장부 밖,0.337,houseConditionOverlay: house rectangle,162.0,0.223,#978874,0.88,-0.79,
1_buildings,집·시설 오버레이(판자·방치·화재 흔적·역병·지붕 눈·가동 소품·상태 레이어),public/assets/phase16-house-condition/house_pair_l3_vertical-vacant-v1.png,장부 밖,설치,장부 밖,0.337,houseConditionOverlay: house rectangle,120.2,0.33,#674f3b,-0.16,-0.08,
1_buildings,집·시설 오버레이(판자·방치·화재 흔적·역병·지붕 눈·가동 소품·상태 레이어),public/assets/phase16-house-condition/house_pair_l4_horizontal-neglected-v1.png,장부 밖,설치,장부 밖,0.3922,houseConditionOverlay: house rectangle,141.7,0.289,#b7a791,0.38,-0.35,
1_buildings,집·시설 오버레이(판자·방치·화재 흔적·역병·지붕 눈·가동 소품·상태 레이어),public/assets/phase16-house-condition/house_pair_l4_horizontal-strained-v1.png,장부 밖,설치,장부 밖,0.3922,houseConditionOverlay: house rectangle,161.9,0.222,#968772,0.88,-0.79,
1_buildings,집·시설 오버레이(판자·방치·화재 흔적·역병·지붕 눈·가동 소품·상태 레이어),public/assets/phase16-house-condition/house_pair_l4_horizontal-vacant-v1.png,장부 밖,설치,장부 밖,0.3922,houseConditionOverlay: house rectangle,119.9,0.33,#674f3b,-0.17,-0.08,
1_buildings,집·시설 오버레이(판자·방치·화재 흔적·역병·지붕 눈·가동 소품·상태 레이어),public/assets/phase16-house-condition/house_pair_l4_vertical-neglected-v1.png,장부 밖,설치,장부 밖,0.3537,houseConditionOverlay: house rectangle,140.7,0.295,#b7a790,0.35,-0.31,
1_buildings,집·시설 오버레이(판자·방치·화재 흔적·역병·지붕 눈·가동 소품·상태 레이어),public/assets/phase16-house-condition/house_pair_l4_vertical-strained-v1.png,장부 밖,설치,장부 밖,0.3537,houseConditionOverlay: house rectangle,162.8,0.223,#b5a690,0.91,-0.79,
1_buildings,집·시설 오버레이(판자·방치·화재 흔적·역병·지붕 눈·가동 소품·상태 레이어),public/assets/phase16-house-condition/house_pair_l4_vertical-vacant-v1.png,장부 밖,설치,장부 밖,0.3537,houseConditionOverlay: house rectangle,118.4,0.336,#674f3b,-0.21,-0.05,
2_walkers_animals_carts,워커(정면 SE 셀),assets-inbox/derived-templates/actor_child_template_f-v1.png,derived-templates,미설치,confirmed,0.419,미설치 — 워커 합성기 규칙(설치된 같은 계열): walkerComposer: figure drawn 17.6 px tall,110.6,0.559,#91482a,1.68,0.89,
2_walkers_animals_carts,워커(정면 SE 셀),assets-inbox/derived-templates/actor_child_template_m-v1.png,derived-templates,미설치,confirmed,0.4,미설치 — 워커 합성기 규칙(설치된 같은 계열): walkerComposer: figure drawn 17.6 px tall,79.9,0.467,#6c5137,-0.11,0.12,
2_walkers_animals_carts,워커(정면 SE 셀),assets-inbox/derived-templates/actor_elder_template_f-v1.png,derived-templates,미설치,confirmed,0.3088,미설치 — 워커 합성기 규칙(설치된 같은 계열): walkerComposer: figure drawn 17.6 px tall,106.3,0.579,#924729,1.43,1.05,
2_walkers_animals_carts,워커(정면 SE 셀),assets-inbox/derived-templates/actor_elder_template_m-v1.png,derived-templates,미설치,confirmed,0.2933,미설치 — 워커 합성기 규칙(설치된 같은 계열): walkerComposer: figure drawn 17.6 px tall,80.0,0.465,#6d5138,-0.1,0.1,
2_walkers_animals_carts,워커(정면 SE 셀),assets-inbox/walker-pilot2/candidates-v1/assets/workers/wk_reskin_P1_merchant_m-v1.png,walker-pilot2,미설치,confirmed,0.2588,미설치 — 워커 합성기 규칙(설치된 같은 계열): walkerComposer: figure drawn 17.6 px tall,54.8,0.495,#263451,-1.57,0.35,
2_walkers_animals_carts,워커(정면 SE 셀),assets-inbox/walker-pilot2/candidates-v1/assets/workers/wk_reskin_P4_labour_m-v1.png,walker-pilot2,미설치,confirmed,0.2708,미설치 — 워커 합성기 규칙(설치된 같은 계열): walkerComposer: figure drawn 17.6 px tall,62.4,0.618,#713124,-1.12,1.39,
2_walkers_animals_carts,워커(정면 SE 셀),assets-inbox/walker-pilot2/candidates-v1/assets/workers/wk_reskin_P5_labour_f-v1.png,walker-pilot2,미설치,confirmed,0.2885,미설치 — 워커 합성기 규칙(설치된 같은 계열): walkerComposer: figure drawn 17.6 px tall,100.1,0.35,#2e364d,1.07,-0.86,
2_walkers_animals_carts,워커(정면 SE 셀),assets-inbox/walker-pilot2/candidates-v1/assets/workers/wk_reskin_P6_widow_f-v1.png,walker-pilot2,미설치,confirmed,0.2885,미설치 — 워커 합성기 규칙(설치된 같은 계열): walkerComposer: figure drawn 17.6 px tall,91.2,0.246,#464a57,0.56,-1.73,
2_walkers_animals_carts,워커(정면 SE 셀),public/assets/wave11/workers/wk_carpenter-v1.png,wave11,설치,confirmed,0.2708,walkerComposer: figure drawn 17.6 px tall,86.7,0.502,#6d4f33,0.29,0.41,
2_walkers_animals_carts,워커(정면 SE 셀),public/assets/wave11/workers/wk_mason-v1.png,wave11,설치,confirmed,0.2708,walkerComposer: figure drawn 17.6 px tall,80.3,0.462,#6c4e36,-0.08,0.08,
2_walkers_animals_carts,워커(정면 SE 셀),assets-inbox/wave13/candidates-v1/assets/workers/wk_drover_m-v1.png,wave13,미설치,confirmed,0.2708,미설치 — 워커 합성기 규칙(설치된 같은 계열): walkerComposer: figure drawn 17.6 px tall,77.0,0.3,#4b4f54,-0.28,-1.28,
2_walkers_animals_carts,워커(정면 SE 셀),assets-inbox/wave13/candidates-v1/assets/workers/wk_goosegirl_f-v1.png,wave13,미설치,confirmed,0.2708,미설치 — 워커 합성기 규칙(설치된 같은 계열): walkerComposer: figure drawn 17.6 px tall,109.3,0.411,#c9af92,1.6,-0.35,
2_walkers_animals_carts,워커(정면 SE 셀),assets-inbox/wave13/candidates-v1/assets/workers/wk_packhorse_leader-v1.png,wave13,미설치,confirmed,0.2708,미설치 — 워커 합성기 규칙(설치된 같은 계열): walkerComposer: figure drawn 17.6 px tall,86.6,0.534,#6c5231,0.29,0.68,
2_walkers_animals_carts,워커(정면 SE 셀),assets-inbox/wave13/candidates-v1/assets/workers/wk_swineherd_m-v1.png,wave13,미설치,confirmed,0.2708,미설치 — 워커 합성기 규칙(설치된 같은 계열): walkerComposer: figure drawn 17.6 px tall,69.2,0.527,#4c3728,-0.73,0.62,
2_walkers_animals_carts,워커(정면 SE 셀),assets-inbox/wave17/candidates-20260926/assets/wk/wk_levy_archer-v1.png,wave17,미설치,confirmed,0.2708,미설치 — 워커 합성기 규칙(설치된 같은 계열): walkerComposer: figure drawn 17.6 px tall,96.2,0.403,#4a3727,0.84,-0.42,
2_walkers_animals_carts,워커(정면 SE 셀),assets-inbox/wave17/candidates-20260926/assets/wk/wk_levy_billman-v1.png,wave17,미설치,confirmed,0.2708,미설치 — 워커 합성기 규칙(설치된 같은 계열): walkerComposer: figure drawn 17.6 px tall,74.2,0.454,#54482e,-0.44,0.01,
2_walkers_animals_carts,워커(정면 SE 셀),assets-inbox/wave17/candidates-20260926/assets/wk/wk_raider-v1.png,wave17,미설치,confirmed,0.2708,미설치 — 워커 합성기 규칙(설치된 같은 계열): walkerComposer: figure drawn 17.6 px tall,88.2,0.444,#8e6f4e,0.38,-0.07,
2_walkers_animals_carts,워커(정면 SE 셀),assets-inbox/wave17/candidates-20260926/assets/wk/wk_refugee_family-v1.png,wave17,미설치,confirmed,0.2885,미설치 — 워커 합성기 규칙(설치된 같은 계열): walkerComposer: figure drawn 17.6 px tall,89.5,0.544,#6c4c35,0.45,0.76,
2_walkers_animals_carts,워커(정면 SE 셀),assets-inbox/wave17/candidates-20260926/assets/wk/wk_royal_purveyor-v1.png,wave17,미설치,confirmed,0.2588,미설치 — 워커 합성기 규칙(설치된 같은 계열): walkerComposer: figure drawn 17.6 px tall,66.8,0.582,#4d3527,-0.87,1.08,
2_walkers_animals_carts,워커(정면 SE 셀),assets-inbox/wave17/candidates-20260926/assets/wk/wk_tax_collector-v1.png,wave17,미설치,confirmed,0.2588,미설치 — 워커 합성기 규칙(설치된 같은 계열): walkerComposer: figure drawn 17.6 px tall,61.2,0.413,#2d3749,-1.2,-0.33,
2_walkers_animals_carts,워커(정면 SE 셀),assets-inbox/wave3/candidates-20260926/assets/workers/wk_alewife-v1.png,wave3,미설치,confirmed,0.2708,미설치 — 워커 합성기 규칙(설치된 같은 계열): walkerComposer: figure drawn 17.6 px tall,110.6,0.565,#6e3019,1.68,0.93,
2_walkers_animals_carts,워커(정면 SE 셀),assets-inbox/wave3/candidates-20260926/assets/workers/wk_fuller-v1.png,wave3,미설치,confirmed,0.2708,미설치 — 워커 합성기 규칙(설치된 같은 계열): walkerComposer: figure drawn 17.6 px tall,76.6,0.387,#49382a,-0.3,-0.55,
2_walkers_animals_carts,워커(정면 SE 셀),assets-inbox/wave3/candidates-20260926/assets/workers/wk_maltster-v1.png,wave3,미설치,confirmed,0.2708,미설치 — 워커 합성기 규칙(설치된 같은 계열): walkerComposer: figure drawn 17.6 px tall,90.9,0.428,#4c3727,0.54,-0.21,
2_walkers_animals_carts,워커(정면 SE 셀),assets-inbox/wave3/candidates-20260926/assets/workers/wk_shepherd-v1.png,wave3,미설치,confirmed,0.2708,미설치 — 워커 합성기 규칙(설치된 같은 계열): walkerComposer: figure drawn 17.6 px tall,74.6,0.496,#6b5136,-0.41,0.36,
2_walkers_animals_carts,워커(정면 SE 셀),assets-inbox/wave3/candidates-20260926/assets/workers/wk_wool_merchant-v1.png,wave3,미설치,confirmed,0.2708,미설치 — 워커 합성기 규칙(설치된 같은 계열): walkerComposer: figure drawn 17.6 px tall,59.7,0.525,#4e3627,-1.28,0.6,
2_walkers_animals_carts,워커(정면 SE 셀),public/assets/walkers-v2/wk_labor_f_03-v1.png,wave4e,설치,confirmed,0.2885,walkerComposer: figure drawn 17.6 px tall,100.9,0.696,#8d732a,1.12,2.04,yes
2_walkers_animals_carts,워커(정면 SE 셀),public/assets/walkers-v2/wk_labor_f_04-v1.png,wave4e,설치,confirmed,0.2885,walkerComposer: figure drawn 17.6 px tall,73.8,0.522,#954733,-0.46,0.57,
2_walkers_animals_carts,워커(정면 SE 셀),public/assets/walkers-v2/wk_labor_f_05-v1.png,wave4e,설치,confirmed,0.2885,walkerComposer: figure drawn 17.6 px tall,108.4,0.448,#896e56,1.55,-0.04,
2_walkers_animals_carts,워커(정면 SE 셀),public/assets/walkers-v2/wk_poor_f_02-v1.png,wave4e,설치,confirmed,0.2885,walkerComposer: figure drawn 17.6 px tall,84.9,0.36,#4d4c34,0.18,-0.78,
2_walkers_animals_carts,워커(정면 SE 셀),public/assets/walkers-v2/wk_poor_m_02-v1.png,wave4e,설치,confirmed,0.2708,walkerComposer: figure drawn 17.6 px tall,87.0,0.485,#6e4f2e,0.31,0.26,
2_walkers_animals_carts,워커(정면 SE 셀),public/assets/walkers-v2/wk_servant_f_03-v1.png,wave4e,설치,confirmed,0.2885,walkerComposer: figure drawn 17.6 px tall,91.7,0.589,#6c2c1a,0.58,1.14,
2_walkers_animals_carts,워커(정면 SE 셀),public/assets/walkers-v2/wk_servant_f_04-v1.png,wave4e,설치,confirmed,0.2885,walkerComposer: figure drawn 17.6 px tall,84.1,0.357,#6b5356,0.14,-0.8,
2_walkers_animals_carts,워커(정면 SE 셀),public/assets/walkers-v2/wk_artisan_f_01-v1.png,wave5a,설치,confirmed,0.2885,walkerComposer: figure drawn 17.6 px tall,97.8,0.575,#89732e,0.94,1.02,
2_walkers_animals_carts,워커(정면 SE 셀),public/assets/walkers-v2/wk_artisan_f_02-v1.png,wave5a,설치,confirmed,0.2885,walkerComposer: figure drawn 17.6 px tall,84.0,0.665,#6c2f1a,0.13,1.77,
2_walkers_animals_carts,워커(정면 SE 셀),public/assets/walkers-v2/wk_artisan_m_01-v1.png,wave5a,설치,confirmed,0.2708,walkerComposer: figure drawn 17.6 px tall,79.7,0.462,#6b5334,-0.12,0.08,
2_walkers_animals_carts,워커(정면 SE 셀),public/assets/walkers-v2/wk_artisan_m_02-v1.png,wave5a,설치,confirmed,0.2708,walkerComposer: figure drawn 17.6 px tall,67.0,0.318,#2c2c31,-0.85,-1.13,
2_walkers_animals_carts,워커(정면 SE 셀),public/assets/walkers-v2/wk_gentry_f_01-v1.png,wave5a,설치,confirmed,0.2885,walkerComposer: figure drawn 17.6 px tall,85.8,0.402,#4f2f34,0.24,-0.42,
2_walkers_animals_carts,워커(정면 SE 셀),public/assets/walkers-v2/wk_gentry_m_01-v1.png,wave5a,설치,confirmed,0.2588,walkerComposer: figure drawn 17.6 px tall,49.2,0.294,#2b2a30,-1.89,-1.33,
2_walkers_animals_carts,워커(정면 SE 셀),public/assets/walkers-v2/wk_labor_f_01-v1.png,wave5a,설치,confirmed,0.2885,walkerComposer: figure drawn 17.6 px tall,111.6,0.208,#494c55,1.74,-2.05,yes
2_walkers_animals_carts,워커(정면 SE 셀),public/assets/walkers-v2/wk_labor_f_02-v1.png,wave5a,설치,confirmed,0.2885,walkerComposer: figure drawn 17.6 px tall,78.8,0.461,#4b3728,-0.17,0.06,
2_walkers_animals_carts,워커(정면 SE 셀),public/assets/walkers-v2/wk_labor_m_01-v1.png,wave5a,설치,confirmed,0.2708,walkerComposer: figure drawn 17.6 px tall,81.6,0.258,#474e56,-0.01,-1.63,
2_walkers_animals_carts,워커(정면 SE 셀),public/assets/walkers-v2/wk_labor_m_02-v1.png,wave5a,설치,confirmed,0.2708,walkerComposer: figure drawn 17.6 px tall,64.1,0.486,#4d3428,-1.03,0.28,
2_walkers_animals_carts,워커(정면 SE 셀),public/assets/walkers-v2/wk_labor_m_03-v1.png,wave5a,설치,confirmed,0.2708,walkerComposer: figure drawn 17.6 px tall,93.3,0.52,#6b532b,0.67,0.56,
2_walkers_animals_carts,워커(정면 SE 셀),public/assets/walkers-v2/wk_merchant_f_01-v1.png,wave5a,설치,confirmed,0.2885,walkerComposer: figure drawn 17.6 px tall,64.7,0.484,#262f19,-0.99,0.26,
2_walkers_animals_carts,워커(정면 SE 셀),public/assets/walkers-v2/wk_merchant_f_02-v1.png,wave5a,설치,confirmed,0.2885,walkerComposer: figure drawn 17.6 px tall,73.4,0.641,#4f1510,-0.48,1.57,
2_walkers_animals_carts,워커(정면 SE 셀),public/assets/walkers-v2/wk_merchant_m_01-v1.png,wave5a,설치,confirmed,0.2588,walkerComposer: figure drawn 17.6 px tall,60.5,0.444,#2b354e,-1.23,-0.08,
2_walkers_animals_carts,워커(정면 SE 셀),public/assets/walkers-v2/wk_merchant_m_02-v1.png,wave5a,설치,confirmed,0.2588,walkerComposer: figure drawn 17.6 px tall,49.0,0.439,#4a2e32,-1.91,-0.11,
2_walkers_animals_carts,워커(정면 SE 셀),public/assets/walkers-v2/wk_monk_m_01-v1.png,wave5a,설치,confirmed,0.3088,walkerComposer: figure drawn 17.6 px tall,29.9,0.222,#151311,-3.02,-1.93,yes
2_walkers_animals_carts,워커(정면 SE 셀),public/assets/walkers-v2/wk_nun_f_01-v1.png,wave5a,설치,confirmed,0.2885,walkerComposer: figure drawn 17.6 px tall,43.5,0.256,#2e2826,-2.22,-1.65,yes
2_walkers_animals_carts,워커(정면 SE 셀),public/assets/walkers-v2/wk_poor_f_01-v1.png,wave5a,설치,confirmed,0.2885,walkerComposer: figure drawn 17.6 px tall,77.0,0.662,#542517,-0.27,1.75,
2_walkers_animals_carts,워커(정면 SE 셀),public/assets/walkers-v2/wk_poor_m_01-v1.png,wave5a,설치,confirmed,0.2708,walkerComposer: figure drawn 17.6 px tall,88.5,0.242,#4e4e51,0.4,-1.77,
2_walkers_animals_carts,워커(정면 SE 셀),public/assets/walkers-v2/wk_priest_m_01-v1.png,wave5a,설치,confirmed,0.3088,walkerComposer: figure drawn 17.6 px tall,49.4,0.26,#332e2b,-1.88,-1.61,
2_walkers_animals_carts,워커(정면 SE 셀),public/assets/walkers-v2/wk_servant_f_01-v1.png,wave5a,설치,confirmed,0.2885,walkerComposer: figure drawn 17.6 px tall,108.1,0.34,#46586f,1.54,-0.94,
2_walkers_animals_carts,워커(정면 SE 셀),public/assets/walkers-v2/wk_servant_f_02-v1.png,wave5a,설치,confirmed,0.2885,walkerComposer: figure drawn 17.6 px tall,103.5,0.578,#746a2b,1.27,1.05,
2_walkers_animals_carts,워커(정면 SE 셀),public/assets/walkers-v2/wk_servant_m_01-v1.png,wave5a,설치,confirmed,0.2708,walkerComposer: figure drawn 17.6 px tall,104.9,0.276,#a5998c,1.35,-1.48,
2_walkers_animals_carts,워커(정면 SE 셀),public/assets/walkers-v2/wk_servant_m_02-v1.png,wave5a,설치,confirmed,0.2708,walkerComposer: figure drawn 17.6 px tall,80.4,0.522,#703328,-0.07,0.58,
2_walkers_animals_carts,워커(정면 SE 셀),public/assets/walkers-v2/wk_textile_f_01-v1.png,wave5a,설치,confirmed,0.2885,walkerComposer: figure drawn 17.6 px tall,109.7,0.322,#4c4936,1.63,-1.09,
2_walkers_animals_carts,워커(정면 SE 셀),public/assets/walkers-v2/wk_textile_f_02-v1.png,wave5a,설치,confirmed,0.2885,walkerComposer: figure drawn 17.6 px tall,76.2,0.637,#914837,-0.32,1.54,
2_walkers_animals_carts,워커(정면 SE 셀),public/assets/walkers-v2/wk_textile_m_01-v1.png,wave5a,설치,confirmed,0.2708,walkerComposer: figure drawn 17.6 px tall,83.9,0.294,#494a55,0.13,-1.33,
2_walkers_animals_carts,워커(정면 SE 셀),public/assets/walkers-v2/wk_visitor_f_01-v1.png,wave5a,설치,confirmed,0.2885,walkerComposer: figure drawn 17.6 px tall,106.2,0.558,#aa7329,1.43,0.88,
2_walkers_animals_carts,워커(정면 SE 셀),public/assets/walkers-v2/wk_visitor_m_01-v1.png,wave5a,설치,confirmed,0.2708,walkerComposer: figure drawn 17.6 px tall,72.4,0.429,#534b30,-0.54,-0.2,
2_walkers_animals_carts,워커(정면 SE 셀),public/assets/walkers-v2/wk_child_f_01-v1.png,wave5c,설치,confirmed,0.419,walkerComposer: figure drawn 17.6 px tall,96.5,0.433,#534d35,0.86,-0.17,
2_walkers_animals_carts,워커(정면 SE 셀),public/assets/walkers-v2/wk_child_f_02-v1.png,wave5c,설치,confirmed,0.419,walkerComposer: figure drawn 17.6 px tall,75.1,0.443,#4d2914,-0.39,-0.08,
2_walkers_animals_carts,워커(정면 SE 셀),public/assets/walkers-v2/wk_child_m_01-v1.png,wave5c,설치,confirmed,0.4,walkerComposer: figure drawn 17.6 px tall,73.8,0.547,#6a522e,-0.46,0.79,
2_walkers_animals_carts,워커(정면 SE 셀),public/assets/walkers-v2/wk_child_m_02-v1.png,wave5c,설치,confirmed,0.4,walkerComposer: figure drawn 17.6 px tall,76.3,0.569,#4f2a1a,-0.32,0.97,
2_walkers_animals_carts,워커(정면 SE 셀),public/assets/walkers-v2/wk_elder_f_01-v1.png,wave5c,설치,confirmed,0.3088,walkerComposer: figure drawn 17.6 px tall,81.0,0.219,#302d31,-0.04,-1.96,
2_walkers_animals_carts,워커(정면 SE 셀),public/assets/walkers-v2/wk_elder_f_02-v1.png,wave5c,설치,confirmed,0.3088,walkerComposer: figure drawn 17.6 px tall,87.2,0.439,#534931,0.32,-0.11,
2_walkers_animals_carts,워커(정면 SE 셀),public/assets/walkers-v2/wk_elder_m_01-v1.png,wave5c,설치,confirmed,0.2933,walkerComposer: figure drawn 17.6 px tall,82.2,0.341,#534a37,0.03,-0.94,
2_walkers_animals_carts,워커(정면 SE 셀),public/assets/walkers-v2/wk_elder_m_02-v1.png,wave5c,설치,confirmed,0.2933,walkerComposer: figure drawn 17.6 px tall,82.2,0.229,#4b4d53,0.03,-1.88,
2_walkers_animals_carts,워커(정면 SE 셀),public/assets/wave9/walker/wk_funeral_bearers-v1.png,wave9,설치,confirmed,0.5,storyWorldProps WALKER_SCALE 0.5 per cell px,70.1,0.321,#342e29,-0.68,-1.11,
2_walkers_animals_carts,워커(정면 SE 셀),public/assets/wave9/walker/wk_leaving_family-v1.png,wave9,설치,confirmed,0.5,storyWorldProps WALKER_SCALE 0.5 per cell px,96.9,0.572,#502c15,0.89,0.99,
2_walkers_animals_carts,워커(정면 SE 셀),public/assets/wave9/walker/wk_petitioner_f-v1.png,wave9,설치,confirmed,0.5,storyWorldProps WALKER_SCALE 0.5 per cell px,103.7,0.33,#4f5668,1.28,-1.03,
2_walkers_animals_carts,워커(정면 SE 셀),public/assets/wave9/walker/wk_petitioner_m-v1.png,wave9,설치,confirmed,0.5,storyWorldProps WALKER_SCALE 0.5 per cell px,88.6,0.49,#917248,0.4,0.31,
2_walkers_animals_carts,워커(정면 SE 셀),public/assets/wave9/walker/wk_royal_messenger-v1.png,wave9,설치,confirmed,0.5,storyWorldProps WALKER_SCALE 0.5 per cell px,56.8,0.626,#4c3428,-1.45,1.45,
2_walkers_animals_carts,워커(정면 SE 셀),public/assets/runtime-actors-v1/actor_builder-v1.png,장부 밖,설치,장부 밖,0.2708,walkerComposer: figure drawn 17.6 px tall,80.8,0.503,#6e4b2f,-0.05,0.42,
2_walkers_animals_carts,워커(정면 SE 셀),public/assets/runtime-actors-v1/actor_carter-v1.png,장부 밖,설치,장부 밖,0.275,walkerComposer: figure drawn 17.6 px tall,83.5,0.473,#896f53,0.1,0.17,
2_walkers_animals_carts,워커(정면 SE 셀),public/assets/runtime-actors-v1/actor_civilian_man-v1.png,장부 밖,설치,장부 밖,0.2708,walkerComposer: figure drawn 17.6 px tall,80.0,0.466,#6d5137,-0.1,0.11,
2_walkers_animals_carts,워커(정면 SE 셀),public/assets/runtime-actors-v1/actor_civilian_woman-v1.png,장부 밖,설치,장부 밖,0.2708,walkerComposer: figure drawn 17.6 px tall,106.7,0.581,#934729,1.45,1.07,
2_walkers_animals_carts,워커(정면 SE 셀),public/assets/runtime-actors-v1/actor_cleric-v3.png,장부 밖,설치,장부 밖,0.2667,walkerComposer: figure drawn 17.6 px tall,53.2,0.452,#493729,-1.66,-0.01,
2_walkers_animals_carts,워커(정면 SE 셀),public/assets/runtime-actors-v1/actor_farmer-v1.png,장부 밖,설치,장부 밖,0.2667,walkerComposer: figure drawn 17.6 px tall,84.8,0.53,#715328,0.18,0.65,
2_walkers_animals_carts,워커(정면 SE 셀),public/assets/runtime-actors-v1/actor_guard-v1.png,장부 밖,설치,장부 밖,0.2794,walkerComposer: figure drawn 17.6 px tall,85.8,0.464,#6c5135,0.24,0.09,
2_walkers_animals_carts,워커(정면 SE 셀),public/assets/runtime-actors-v1/actor_logger-v1.png,장부 밖,설치,장부 밖,0.275,walkerComposer: figure drawn 17.6 px tall,72.2,0.519,#6c5032,-0.55,0.55,
2_walkers_animals_carts,워커(정면 SE 셀),public/assets/runtime-actors-v1/actor_merchant-v1.png,장부 밖,설치,장부 밖,0.2708,walkerComposer: figure drawn 17.6 px tall,76.5,0.578,#4c3629,-0.3,1.04,
2_walkers_animals_carts,동물·수레·무리,assets-inbox/wave13/candidates-v1/assets/cart/barrow_body-v1.png,wave13,미설치,confirmed,0.5,Astra 규격 기본(원본×0.5) — 코드 배율 미확인,79.1,0.455,#4b3726,-0.87,-0.29,
2_walkers_animals_carts,동물·수레·무리,assets-inbox/wave13/candidates-v1/assets/herd/cattle_drove-v1.png,wave13,미설치,confirmed,0.5,Astra 규격 기본(원본×0.5) — 코드 배율 미확인,101.8,0.614,#8c4f29,-0.05,1.81,
2_walkers_animals_carts,동물·수레·무리,assets-inbox/wave13/candidates-v1/assets/animal_walk/cow_single-v1.png,wave13,미설치,confirmed,0.5,Astra 규격 기본(원본×0.5) — 코드 배율 미확인,101.9,0.613,#8c4f29,-0.05,1.8,
2_walkers_animals_carts,동물·수레·무리,assets-inbox/wave13/candidates-v1/assets/animal_walk/dog_herding-v1.png,wave13,미설치,confirmed,0.5,Astra 규격 기본(원본×0.5) — 코드 배율 미확인,96.0,0.494,#8d704f,-0.26,0.22,
2_walkers_animals_carts,동물·수레·무리,assets-inbox/wave13/candidates-v1/assets/herd/goose_flock_a-v1.png,wave13,미설치,confirmed,0.5,Astra 규격 기본(원본×0.5) — 코드 배율 미확인,143.2,0.405,#ac9272,1.46,-0.95,
2_walkers_animals_carts,동물·수레·무리,assets-inbox/wave13/candidates-v1/assets/herd/goose_flock_b-v1.png,wave13,미설치,confirmed,0.5,Astra 규격 기본(원본×0.5) — 코드 배율 미확인,143.2,0.405,#ac9372,1.46,-0.95,
2_walkers_animals_carts,동물·수레·무리,assets-inbox/wave13/candidates-v1/assets/animal_walk/goose_single-v1.png,wave13,미설치,confirmed,0.5,Astra 규격 기본(원본×0.5) — 코드 배율 미확인,143.3,0.406,#ac9372,1.46,-0.94,
2_walkers_animals_carts,동물·수레·무리,assets-inbox/wave13/candidates-v1/assets/cart/handcart_body-v2.png,wave13,미설치,confirmed,0.5,Astra 규격 기본(원본×0.5) — 코드 배율 미확인,79.5,0.417,#4c3728,-0.86,-0.79,
2_walkers_animals_carts,동물·수레·무리,assets-inbox/wave13/candidates-v1/assets/cart/horse_cart_body-v1.png,wave13,미설치,confirmed,0.5,Astra 규격 기본(원본×0.5) — 코드 배율 미확인,96.6,0.432,#6b5136,-0.24,-0.59,
2_walkers_animals_carts,동물·수레·무리,assets-inbox/wave13/candidates-v1/assets/animal_walk/horse_draught-v1.png,wave13,미설치,confirmed,0.5,Astra 규격 기본(원본×0.5) — 코드 배율 미확인,54.1,0.493,#191412,-1.78,0.21,
2_walkers_animals_carts,동물·수레·무리,assets-inbox/wave13/candidates-v1/assets/animal_walk/horse_riding-v1.png,wave13,미설치,confirmed,0.5,Astra 규격 기본(원본×0.5) — 코드 배율 미확인,86.3,0.313,#312b27,-0.61,-2.18,yes
2_walkers_animals_carts,동물·수레·무리,assets-inbox/wave13/candidates-v1/assets/animal_walk/ox-v1.png,wave13,미설치,confirmed,0.5,Astra 규격 기본(원본×0.5) — 코드 배율 미확인,106.8,0.565,#8d5129,0.13,1.16,
2_walkers_animals_carts,동물·수레·무리,assets-inbox/wave13/candidates-v1/assets/cart/ox_cart_body-v1.png,wave13,미설치,confirmed,0.5,Astra 규격 기본(원본×0.5) — 코드 배율 미확인,69.2,0.526,#362616,-1.23,0.65,
2_walkers_animals_carts,동물·수레·무리,assets-inbox/wave13/candidates-v1/assets/herd/pig_cluster-v1.png,wave13,미설치,confirmed,0.5,Astra 규격 기본(원본×0.5) — 코드 배율 미확인,66.9,0.428,#49372b,-1.32,-0.65,
2_walkers_animals_carts,동물·수레·무리,assets-inbox/wave13/candidates-v1/assets/animal_walk/pig_single-v1.png,wave13,미설치,confirmed,0.5,Astra 규격 기본(원본×0.5) — 코드 배율 미확인,67.3,0.426,#49372b,-1.3,-0.67,
2_walkers_animals_carts,동물·수레·무리,assets-inbox/wave13/candidates-v1/assets/rider/saddle_rider_merchant-v1.png,wave13,미설치,confirmed,0.5,Astra 규격 기본(원본×0.5) — 코드 배율 미확인,67.3,0.577,#4e3627,-1.3,1.33,
2_walkers_animals_carts,동물·수레·무리,assets-inbox/wave13/candidates-v1/assets/herd/sheep_cluster_moving_a-v1.png,wave13,미설치,confirmed,0.5,Astra 규격 기본(원본×0.5) — 코드 배율 미확인,129.0,0.49,#e9c993,0.94,0.17,
2_walkers_animals_carts,동물·수레·무리,assets-inbox/wave13/candidates-v1/assets/herd/sheep_cluster_moving_b-v1.png,wave13,미설치,confirmed,0.5,Astra 규격 기본(원본×0.5) — 코드 배율 미확인,129.3,0.49,#e9c993,0.95,0.17,
2_walkers_animals_carts,동물·수레·무리,assets-inbox/wave13/candidates-v1/assets/animal_walk/sheep_single-v1.png,wave13,미설치,confirmed,0.5,Astra 규격 기본(원본×0.5) — 코드 배율 미확인,129.0,0.489,#e9c993,0.94,0.16,
2_walkers_animals_carts,동물·수레·무리,assets-inbox/wave17/candidates-20260926/assets/herd/wool_sack_convoy-v1.png,wave17,미설치,confirmed,0.5,Astra records game_zoom_1_source_scale,98.3,0.557,#130903,-0.18,1.06,
2_walkers_animals_carts,동물·수레·무리,public/assets/zones/animals/cattle_pair-v1.png,wave4c,설치,confirmed,0.234,zoneAssetManifest displayWidth 30,113.3,0.529,#74472a,0.37,0.68,
2_walkers_animals_carts,동물·수레·무리,public/assets/zones/animals/ox_cart_hay-v1.png,wave4c,설치,confirmed,0.24,zoneAssetManifest displayWidth 46,103.9,0.572,#704d2f,0.03,1.26,
2_walkers_animals_carts,동물·수레·무리,public/assets/zones/animals/ox_plough_team-v1.png,wave4c,설치,confirmed,0.24,zoneAssetManifest displayWidth 46,102.2,0.561,#704a2c,-0.04,1.11,
2_walkers_animals_carts,동물·수레·무리,public/assets/zones/animals/sheep_flock-v1.png,wave4c,설치,confirmed,0.234,zoneAssetManifest displayWidth 30,137.4,0.443,#90704a,1.25,-0.45,
2_walkers_animals_carts,동물·수레·무리,public/assets/zones/animals/pig_pair-v1.png,wave4e,설치,confirmed,0.234,zoneAssetManifest displayWidth 30,77.0,0.428,#4b382c,-0.95,-0.65,
2_walkers_animals_carts,동물·수레·무리,public/assets/zones/animals/sheep_flock_b-v1.png,wave4e,설치,confirmed,0.234,zoneAssetManifest displayWidth 30,148.7,0.463,#eccc93,1.65,-0.19,
2_walkers_animals_carts,동물·수레·무리,public/assets/zones/animals/sheep_flock_c-v1.png,wave4e,설치,confirmed,0.234,zoneAssetManifest displayWidth 30,129.5,0.349,#eacb95,0.96,-1.7,
2_walkers_animals_carts,동물·수레·무리,public/assets/zones/animals/sheep_flock_d-v1.png,wave4e,설치,confirmed,0.234,zoneAssetManifest displayWidth 30,134.5,0.43,#8f714d,1.14,-0.63,
2_walkers_animals_carts,동물·수레·무리,public/assets/runtime-actors-v1/cart_hand-v4.png,장부 밖,설치,장부 밖,0.255,runtimeActorAssets: cart 17.6 px wide,87.4,0.395,#4b3827,-0.57,-1.09,
2_walkers_animals_carts,동물·수레·무리,public/assets/runtime-actors-v1/cart_ox-v3.png,장부 밖,설치,장부 밖,0.255,runtimeActorAssets: cart 17.6 px wide,72.9,0.548,#4c3925,-1.1,0.94,
3_props_piles_loads_signs,소품·더미·적재물·기표·손에 든 물건·작업 도구,assets-inbox/walker-pilot2/candidates-v1/assets/props/held_basket_NE-v1.png,walker-pilot2,미설치,confirmed,0.18,미설치 — 워커 합성기 규칙(설치된 같은 계열): 0.65 × carrier factor (adult ≈0.27),71.8,0.626,#6e4c28,-0.97,1.16,
3_props_piles_loads_signs,소품·더미·적재물·기표·손에 든 물건·작업 도구,assets-inbox/walker-pilot2/candidates-v1/assets/props/held_basket_NW-v1.png,walker-pilot2,미설치,confirmed,0.18,미설치 — 워커 합성기 규칙(설치된 같은 계열): 0.65 × carrier factor (adult ≈0.27),106.1,0.728,#8e5625,0.27,1.94,
3_props_piles_loads_signs,소품·더미·적재물·기표·손에 든 물건·작업 도구,assets-inbox/walker-pilot2/candidates-v1/assets/props/held_basket_SE-v1.png,walker-pilot2,미설치,confirmed,0.18,미설치 — 워커 합성기 규칙(설치된 같은 계열): 0.65 × carrier factor (adult ≈0.27),90.5,0.653,#4b321c,-0.3,1.37,
3_props_piles_loads_signs,소품·더미·적재물·기표·손에 든 물건·작업 도구,assets-inbox/walker-pilot2/candidates-v1/assets/props/held_basket_SW-v1.png,walker-pilot2,미설치,confirmed,0.18,미설치 — 워커 합성기 규칙(설치된 같은 계열): 0.65 × carrier factor (adult ≈0.27),99.3,0.693,#4d321a,0.02,1.67,
3_props_piles_loads_signs,소품·더미·적재물·기표·손에 든 물건·작업 도구,assets-inbox/walker-pilot2/candidates-v1/assets/props/held_purse_NE-v1.png,walker-pilot2,미설치,confirmed,0.18,미설치 — 워커 합성기 규칙(설치된 같은 계열): 0.65 × carrier factor (adult ≈0.27),92.0,0.657,#8d4f33,-0.24,1.4,
3_props_piles_loads_signs,소품·더미·적재물·기표·손에 든 물건·작업 도구,assets-inbox/walker-pilot2/candidates-v1/assets/props/held_purse_NW-v1.png,walker-pilot2,미설치,confirmed,0.18,미설치 — 워커 합성기 규칙(설치된 같은 계열): 0.65 × carrier factor (adult ≈0.27),89.1,0.625,#8d5335,-0.34,1.16,
3_props_piles_loads_signs,소품·더미·적재물·기표·손에 든 물건·작업 도구,assets-inbox/walker-pilot2/candidates-v1/assets/props/held_purse_SE-v1.png,walker-pilot2,미설치,confirmed,0.18,미설치 — 워커 합성기 규칙(설치된 같은 계열): 0.65 × carrier factor (adult ≈0.27),81.8,0.597,#2e190e,-0.61,0.94,
3_props_piles_loads_signs,소품·더미·적재물·기표·손에 든 물건·작업 도구,assets-inbox/walker-pilot2/candidates-v1/assets/props/held_purse_SW-v1.png,walker-pilot2,미설치,confirmed,0.18,미설치 — 워커 합성기 규칙(설치된 같은 계열): 0.65 × carrier factor (adult ≈0.27),87.1,0.605,#8d5639,-0.42,1.01,
3_props_piles_loads_signs,소품·더미·적재물·기표·손에 든 물건·작업 도구,assets-inbox/walker-pilot2/candidates-v1/assets/props/held_sack_NE-v1.png,walker-pilot2,미설치,confirmed,0.18,미설치 — 워커 합성기 규칙(설치된 같은 계열): 0.65 × carrier factor (adult ≈0.27),105.3,0.388,#ad906e,0.24,-0.64,
3_props_piles_loads_signs,소품·더미·적재물·기표·손에 든 물건·작업 도구,assets-inbox/walker-pilot2/candidates-v1/assets/props/held_sack_NW-v1.png,walker-pilot2,미설치,confirmed,0.18,미설치 — 워커 합성기 규칙(설치된 같은 계열): 0.65 × carrier factor (adult ≈0.27),139.7,0.379,#d2b48d,1.49,-0.71,
3_props_piles_loads_signs,소품·더미·적재물·기표·손에 든 물건·작업 도구,assets-inbox/walker-pilot2/candidates-v1/assets/props/held_sack_SE-v1.png,walker-pilot2,미설치,confirmed,0.18,미설치 — 워커 합성기 규칙(설치된 같은 계열): 0.65 × carrier factor (adult ≈0.27),123.9,0.39,#b0916c,0.92,-0.63,
3_props_piles_loads_signs,소품·더미·적재물·기표·손에 든 물건·작업 도구,assets-inbox/walker-pilot2/candidates-v1/assets/props/held_sack_SW-v1.png,walker-pilot2,미설치,confirmed,0.18,미설치 — 워커 합성기 규칙(설치된 같은 계열): 0.65 × carrier factor (adult ≈0.27),138.8,0.386,#af906b,1.45,-0.65,
3_props_piles_loads_signs,소품·더미·적재물·기표·손에 든 물건·작업 도구,assets-inbox/walker-pilot2/candidates-v1/assets/props/held_staff_NE-v1.png,walker-pilot2,미설치,confirmed,0.18,미설치 — 워커 합성기 규칙(설치된 같은 계열): 0.65 × carrier factor (adult ≈0.27),74.8,0.572,#352315,-0.86,0.75,
3_props_piles_loads_signs,소품·더미·적재물·기표·손에 든 물건·작업 도구,assets-inbox/walker-pilot2/candidates-v1/assets/props/held_staff_NW-v1.png,walker-pilot2,미설치,confirmed,0.18,미설치 — 워커 합성기 규칙(설치된 같은 계열): 0.65 × carrier factor (adult ≈0.27),114.2,0.609,#875a35,0.57,1.04,
3_props_piles_loads_signs,소품·더미·적재물·기표·손에 든 물건·작업 도구,assets-inbox/walker-pilot2/candidates-v1/assets/props/held_staff_SE-v1.png,walker-pilot2,미설치,confirmed,0.18,미설치 — 워커 합성기 규칙(설치된 같은 계열): 0.65 × carrier factor (adult ≈0.27),94.3,0.587,#704d30,-0.16,0.87,
3_props_piles_loads_signs,소품·더미·적재물·기표·손에 든 물건·작업 도구,assets-inbox/walker-pilot2/candidates-v1/assets/props/held_staff_SW-v1.png,walker-pilot2,미설치,confirmed,0.18,미설치 — 워커 합성기 규칙(설치된 같은 계열): 0.65 × carrier factor (adult ≈0.27),105.6,0.633,#4c2c13,0.25,1.22,
3_props_piles_loads_signs,소품·더미·적재물·기표·손에 든 물건·작업 도구,public/assets/wave11/site/centering_arch-v1.png,wave11,설치,confirmed,0.4,constructionKits site prop (ramp_plank 미사용),98.2,0.446,#8b7150,-0.02,-0.2,
3_props_piles_loads_signs,소품·더미·적재물·기표·손에 든 물건·작업 도구,public/assets/wave11/site/lime_heap-v1.png,wave11,설치,confirmed,0.4,constructionKits site prop (ramp_plank 미사용),193.4,0.145,#f0e5d3,3.44,-2.49,yes
3_props_piles_loads_signs,소품·더미·적재물·기표·손에 든 물건·작업 도구,public/assets/wave11/site/mortar_tub-v1.png,wave11,설치,confirmed,0.4,constructionKits site prop (ramp_plank 미사용),90.9,0.368,#483a29,-0.28,-0.79,
3_props_piles_loads_signs,소품·더미·적재물·기표·손에 든 물건·작업 도구,public/assets/wave11/site/ramp_plank-v1.png,wave11,설치,confirmed,0.4,constructionKits site prop (ramp_plank 미사용),106.7,0.373,#8a7358,0.29,-0.76,
3_props_piles_loads_signs,소품·더미·적재물·기표·손에 든 물건·작업 도구,public/assets/wave11/site/sawpit-v1.png,wave11,설치,confirmed,0.34,constructionKits site prop,82.8,0.387,#110d0b,-0.58,-0.65,
3_props_piles_loads_signs,소품·더미·적재물·기표·손에 든 물건·작업 도구,public/assets/wave11/site/stone_block_hoisted-v1.png,wave11,설치,confirmed,0.5,Astra 규격 기본(원본×0.5) — 코드 배율 미확인,104.3,0.313,#776855,0.21,-1.21,
3_props_piles_loads_signs,소품·더미·적재물·기표·손에 든 물건·작업 도구,public/assets/wave11/site/timber_beam_stack-v1.png,wave11,설치,confirmed,0.5,Astra 규격 기본(원본×0.5) — 코드 배율 미확인,101.1,0.432,#ac8d6b,0.09,-0.31,
3_props_piles_loads_signs,소품·더미·적재물·기표·손에 든 물건·작업 도구,public/assets/wave11/site/treadwheel_crane-v1.png,wave11,설치,confirmed,0.45,constructionKits site prop,86.5,0.434,#8d7353,-0.44,-0.29,
3_props_piles_loads_signs,소품·더미·적재물·기표·손에 든 물건·작업 도구,public/assets/wave11/work/work_adze_ne-v1.png,wave11,설치,confirmed,0.178,0.65 × carrier factor,84.9,0.476,#4f2e11,-0.5,0.03,
3_props_piles_loads_signs,소품·더미·적재물·기표·손에 든 물건·작업 도구,public/assets/wave11/work/work_adze_nw-v1.png,wave11,설치,confirmed,0.178,0.65 × carrier factor,97.1,0.445,#373029,-0.05,-0.21,
3_props_piles_loads_signs,소품·더미·적재물·기표·손에 든 물건·작업 도구,public/assets/wave11/work/work_adze_se-v1.png,wave11,설치,confirmed,0.178,0.65 × carrier factor,98.9,0.451,#59524c,0.01,-0.17,
3_props_piles_loads_signs,소품·더미·적재물·기표·손에 든 물건·작업 도구,public/assets/wave11/work/work_adze_sw-v1.png,wave11,설치,confirmed,0.178,0.65 × carrier factor,98.9,0.406,#564f4a,0.01,-0.5,
3_props_piles_loads_signs,소품·더미·적재물·기표·손에 든 물건·작업 도구,public/assets/wave11/work/work_saw_ne-v1.png,wave11,설치,confirmed,0.178,0.65 × carrier factor,86.1,0.357,#564e48,-0.45,-0.88,
3_props_piles_loads_signs,소품·더미·적재물·기표·손에 든 물건·작업 도구,public/assets/wave11/work/work_saw_nw-v1.png,wave11,설치,confirmed,0.178,0.65 × carrier factor,94.6,0.338,#544f4b,-0.15,-1.02,
3_props_piles_loads_signs,소품·더미·적재물·기표·손에 든 물건·작업 도구,public/assets/wave11/work/work_saw_se-v1.png,wave11,설치,confirmed,0.178,0.65 × carrier factor,95.1,0.323,#645b53,-0.13,-1.13,
3_props_piles_loads_signs,소품·더미·적재물·기표·손에 든 물건·작업 도구,public/assets/wave11/work/work_saw_sw-v1.png,wave11,설치,confirmed,0.178,0.65 × carrier factor,97.6,0.323,#35312d,-0.04,-1.13,
3_props_piles_loads_signs,소품·더미·적재물·기표·손에 든 물건·작업 도구,public/assets/wave11/work/work_trowel_ne-v1.png,wave11,설치,confirmed,0.178,0.65 × carrier factor,105.7,0.27,#736b66,0.25,-1.53,
3_props_piles_loads_signs,소품·더미·적재물·기표·손에 든 물건·작업 도구,public/assets/wave11/work/work_trowel_nw-v1.png,wave11,설치,confirmed,0.178,0.65 × carrier factor,117.7,0.255,#786f69,0.69,-1.65,
3_props_piles_loads_signs,소품·더미·적재물·기표·손에 든 물건·작업 도구,public/assets/wave11/work/work_trowel_se-v1.png,wave11,설치,confirmed,0.178,0.65 × carrier factor,120.9,0.21,#766f6b,0.81,-1.99,
3_props_piles_loads_signs,소품·더미·적재물·기표·손에 든 물건·작업 도구,public/assets/wave11/work/work_trowel_sw-v1.png,wave11,설치,confirmed,0.178,0.65 × carrier factor,122.7,0.29,#685a51,0.87,-1.39,
3_props_piles_loads_signs,소품·더미·적재물·기표·손에 든 물건·작업 도구,assets-inbox/wave13/candidates-v1/assets/pack/packsaddle_cloth-v1.png,wave13,미설치,confirmed,0.5,Astra 규격 기본(원본×0.5) — 코드 배율 미확인,60.3,0.522,#4c2c1a,-1.39,0.37,
3_props_piles_loads_signs,소품·더미·적재물·기표·손에 든 물건·작업 도구,assets-inbox/wave13/candidates-v1/assets/pack/packsaddle_sacks-v1.png,wave13,미설치,confirmed,0.5,Astra 규격 기본(원본×0.5) — 코드 배율 미확인,96.6,0.455,#4d3826,-0.08,-0.13,
3_props_piles_loads_signs,소품·더미·적재물·기표·손에 든 물건·작업 도구,assets-inbox/wave13/candidates-v1/assets/pack/packsaddle_wool-v1.png,wave13,미설치,confirmed,0.5,Astra 규격 기본(원본×0.5) — 코드 배율 미확인,104.8,0.338,#4b3728,0.22,-1.02,
3_props_piles_loads_signs,소품·더미·적재물·기표·손에 든 물건·작업 도구,assets-inbox/wave13/candidates-v1/assets/work/work_goad_ne-v1.png,wave13,미설치,confirmed,0.178,미설치 — 워커 합성기 규칙(설치된 같은 계열): 설치된 손 소품 계열(0.65 × 운반자 배율) — 추정,86.8,0.568,#956e48,-0.43,0.72,
3_props_piles_loads_signs,소품·더미·적재물·기표·손에 든 물건·작업 도구,assets-inbox/wave13/candidates-v1/assets/work/work_goad_nw-v1.png,wave13,미설치,confirmed,0.178,미설치 — 워커 합성기 규칙(설치된 같은 계열): 설치된 손 소품 계열(0.65 × 운반자 배율) — 추정,96.9,0.53,#8e6d48,-0.06,0.43,
3_props_piles_loads_signs,소품·더미·적재물·기표·손에 든 물건·작업 도구,assets-inbox/wave13/candidates-v1/assets/work/work_goad_se-v1.png,wave13,미설치,confirmed,0.178,미설치 — 워커 합성기 규칙(설치된 같은 계열): 설치된 손 소품 계열(0.65 × 운반자 배율) — 추정,78.2,0.626,#26150a,-0.74,1.16,
3_props_piles_loads_signs,소품·더미·적재물·기표·손에 든 물건·작업 도구,assets-inbox/wave13/candidates-v1/assets/work/work_goad_sw-v1.png,wave13,미설치,confirmed,0.178,미설치 — 워커 합성기 규칙(설치된 같은 계열): 설치된 손 소품 계열(0.65 × 운반자 배율) — 추정,98.2,0.644,#5b391c,-0.02,1.3,
3_props_piles_loads_signs,소품·더미·적재물·기표·손에 든 물건·작업 도구,assets-inbox/wave13/candidates-v1/assets/work/work_whip_ne-v1.png,wave13,미설치,confirmed,0.178,미설치 — 워커 합성기 규칙(설치된 같은 계열): 설치된 손 소품 계열(0.65 × 운반자 배율) — 추정,47.8,0.478,#261813,-1.84,0.04,
3_props_piles_loads_signs,소품·더미·적재물·기표·손에 든 물건·작업 도구,assets-inbox/wave13/candidates-v1/assets/work/work_whip_nw-v1.png,wave13,미설치,confirmed,0.178,미설치 — 워커 합성기 규칙(설치된 같은 계열): 설치된 손 소품 계열(0.65 × 운반자 배율) — 추정,56.3,0.476,#2a1c14,-1.53,0.02,
3_props_piles_loads_signs,소품·더미·적재물·기표·손에 든 물건·작업 도구,assets-inbox/wave13/candidates-v1/assets/work/work_whip_se-v1.png,wave13,미설치,confirmed,0.178,미설치 — 워커 합성기 규칙(설치된 같은 계열): 설치된 손 소품 계열(0.65 × 운반자 배율) — 추정,48.1,0.496,#180e0a,-1.83,0.18,
3_props_piles_loads_signs,소품·더미·적재물·기표·손에 든 물건·작업 도구,assets-inbox/wave13/candidates-v1/assets/work/work_whip_sw-v1.png,wave13,미설치,confirmed,0.178,미설치 — 워커 합성기 규칙(설치된 같은 계열): 설치된 손 소품 계열(0.65 × 운반자 배율) — 추정,48.8,0.548,#26160e,-1.8,0.57,
3_props_piles_loads_signs,소품·더미·적재물·기표·손에 든 물건·작업 도구,assets-inbox/wave17/candidates-20260926/assets/prop/held_bill_ne-v1.png,wave17,미설치,confirmed,0.5,Astra records game_zoom_1_source_scale,70.5,0.481,#664b2d,-1.02,0.06,
3_props_piles_loads_signs,소품·더미·적재물·기표·손에 든 물건·작업 도구,assets-inbox/wave17/candidates-20260926/assets/prop/held_bill_nw-v1.png,wave17,미설치,confirmed,0.5,Astra records game_zoom_1_source_scale,76.4,0.522,#704e2a,-0.81,0.37,
3_props_piles_loads_signs,소품·더미·적재물·기표·손에 든 물건·작업 도구,assets-inbox/wave17/candidates-20260926/assets/prop/held_bill_se-v1.png,wave17,미설치,confirmed,0.5,Astra records game_zoom_1_source_scale,77.7,0.458,#6d5034,-0.76,-0.11,
3_props_piles_loads_signs,소품·더미·적재물·기표·손에 든 물건·작업 도구,assets-inbox/wave17/candidates-20260926/assets/prop/held_bill_sw-v1.png,wave17,미설치,confirmed,0.5,Astra records game_zoom_1_source_scale,73.5,0.471,#684c2d,-0.91,-0.01,
3_props_piles_loads_signs,소품·더미·적재물·기표·손에 든 물건·작업 도구,assets-inbox/wave17/candidates-20260926/assets/prop/held_ledger_ne-v1.png,wave17,미설치,confirmed,0.5,Astra records game_zoom_1_source_scale,69.6,0.553,#6a462e,-1.05,0.61,
3_props_piles_loads_signs,소품·더미·적재물·기표·손에 든 물건·작업 도구,assets-inbox/wave17/candidates-20260926/assets/prop/held_ledger_nw-v1.png,wave17,미설치,confirmed,0.5,Astra records game_zoom_1_source_scale,63.6,0.536,#523726,-1.27,0.48,
3_props_piles_loads_signs,소품·더미·적재물·기표·손에 든 물건·작업 도구,assets-inbox/wave17/candidates-20260926/assets/prop/held_ledger_se-v1.png,wave17,미설치,confirmed,0.5,Astra records game_zoom_1_source_scale,66.6,0.581,#583924,-1.16,0.82,
3_props_piles_loads_signs,소품·더미·적재물·기표·손에 든 물건·작업 도구,assets-inbox/wave17/candidates-20260926/assets/prop/held_ledger_sw-v1.png,wave17,미설치,confirmed,0.5,Astra records game_zoom_1_source_scale,76.2,0.534,#6d4a31,-0.81,0.47,
3_props_piles_loads_signs,소품·더미·적재물·기표·손에 든 물건·작업 도구,assets-inbox/wave17/candidates-20260926/assets/prop/held_longbow_ne-v1.png,wave17,미설치,confirmed,0.5,Astra records game_zoom_1_source_scale,93.9,0.547,#6f4f2d,-0.17,0.57,
3_props_piles_loads_signs,소품·더미·적재물·기표·손에 든 물건·작업 도구,assets-inbox/wave17/candidates-20260926/assets/prop/held_longbow_nw-v1.png,wave17,미설치,confirmed,0.5,Astra records game_zoom_1_source_scale,75.0,0.599,#6d4d29,-0.86,0.96,
3_props_piles_loads_signs,소품·더미·적재물·기표·손에 든 물건·작업 도구,assets-inbox/wave17/candidates-20260926/assets/prop/held_longbow_se-v1.png,wave17,미설치,confirmed,0.5,Astra records game_zoom_1_source_scale,76.6,0.575,#714f29,-0.8,0.77,
3_props_piles_loads_signs,소품·더미·적재물·기표·손에 든 물건·작업 도구,assets-inbox/wave17/candidates-20260926/assets/prop/held_longbow_sw-v1.png,wave17,미설치,confirmed,0.5,Astra records game_zoom_1_source_scale,77.6,0.588,#704f29,-0.76,0.87,
3_props_piles_loads_signs,소품·더미·적재물·기표·손에 든 물건·작업 도구,assets-inbox/wave17/candidates-20260926/assets/prop/held_torch_ne-v1.png,wave17,미설치,confirmed,0.5,Astra records game_zoom_1_source_scale,74.4,0.546,#6c4d30,-0.88,0.56,
3_props_piles_loads_signs,소품·더미·적재물·기표·손에 든 물건·작업 도구,assets-inbox/wave17/candidates-20260926/assets/prop/held_torch_nw-v1.png,wave17,미설치,confirmed,0.5,Astra records game_zoom_1_source_scale,68.1,0.561,#493526,-1.11,0.67,
3_props_piles_loads_signs,소품·더미·적재물·기표·손에 든 물건·작업 도구,assets-inbox/wave17/candidates-20260926/assets/prop/held_torch_se-v1.png,wave17,미설치,confirmed,0.5,Astra records game_zoom_1_source_scale,83.8,0.621,#714e2e,-0.54,1.12,
3_props_piles_loads_signs,소품·더미·적재물·기표·손에 든 물건·작업 도구,assets-inbox/wave17/candidates-20260926/assets/prop/held_torch_sw-v1.png,wave17,미설치,confirmed,0.5,Astra records game_zoom_1_source_scale,76.9,0.608,#6b4d32,-0.79,1.02,
3_props_piles_loads_signs,소품·더미·적재물·기표·손에 든 물건·작업 도구,public/assets/wave9/prop/leaving_child_sheet-v1.png,wave17,설치,confirmed,0.5,storyWorldProps WALKER_SCALE 0.5 per cell px,74.4,0.464,#554832,-0.88,-0.07,
3_props_piles_loads_signs,소품·더미·적재물·기표·손에 든 물건·작업 도구,assets-inbox/wave17/candidates-20260926/assets/prop/refugee_bundle_sheet-v1.png,wave17,미설치,confirmed,0.5,Astra records game_zoom_1_source_scale,91.8,0.619,#513524,-0.25,1.11,
3_props_piles_loads_signs,소품·더미·적재물·기표·손에 든 물건·작업 도구,assets-inbox/wave3/candidates-20260926/assets/pile/ale_barrels_1-v1.png,wave3,미설치,confirmed,0.3,미설치 — 설치된 같은 계열 배율: stockPiles PILE_SCALE,87.7,0.585,#6f492b,-0.4,0.85,
3_props_piles_loads_signs,소품·더미·적재물·기표·손에 든 물건·작업 도구,assets-inbox/wave3/candidates-20260926/assets/pile/ale_barrels_2-v1.png,wave3,미설치,confirmed,0.3,미설치 — 설치된 같은 계열 배율: stockPiles PILE_SCALE,76.1,0.538,#523824,-0.82,0.49,
3_props_piles_loads_signs,소품·더미·적재물·기표·손에 든 물건·작업 도구,assets-inbox/wave3/candidates-20260926/assets/pile/ale_barrels_3-v1.png,wave3,미설치,confirmed,0.3,미설치 — 설치된 같은 계열 배율: stockPiles PILE_SCALE,77.4,0.548,#513824,-0.77,0.57,
3_props_piles_loads_signs,소품·더미·적재물·기표·손에 든 물건·작업 도구,assets-inbox/wave3/fix-20260926/assets/pile/barley_sacks_1-v1.png,wave3,미설치,confirmed,0.3,미설치 — 설치된 같은 계열 배율: stockPiles PILE_SCALE,119.9,0.498,#6e5130,0.77,0.2,
3_props_piles_loads_signs,소품·더미·적재물·기표·손에 든 물건·작업 도구,assets-inbox/wave3/fix-20260926/assets/pile/barley_sacks_2-v1.png,wave3,미설치,confirmed,0.3,미설치 — 설치된 같은 계열 배율: stockPiles PILE_SCALE,121.5,0.526,#6e5332,0.83,0.41,
3_props_piles_loads_signs,소품·더미·적재물·기표·손에 든 물건·작업 도구,assets-inbox/wave3/fix-20260926/assets/pile/barley_sacks_3-v1.png,wave3,미설치,confirmed,0.3,미설치 — 설치된 같은 계열 배율: stockPiles PILE_SCALE,120.6,0.554,#6f502f,0.8,0.62,
3_props_piles_loads_signs,소품·더미·적재물·기표·손에 든 물건·작업 도구,assets-inbox/wave3/candidates-20260926/assets/loads/cart_load_ale_barrels_ne-v1.png,wave3,미설치,confirmed,0.2689,미설치 — 설치된 같은 계열 배율: drawWalkers 17.6×0.55÷36,65.3,0.472,#322517,-1.21,-0.01,
3_props_piles_loads_signs,소품·더미·적재물·기표·손에 든 물건·작업 도구,assets-inbox/wave3/candidates-20260926/assets/loads/cart_load_ale_barrels_nw-v1.png,wave3,미설치,confirmed,0.2689,미설치 — 설치된 같은 계열 배율: drawWalkers 17.6×0.55÷36,59.0,0.524,#150e08,-1.44,0.39,
3_props_piles_loads_signs,소품·더미·적재물·기표·손에 든 물건·작업 도구,assets-inbox/wave3/fix-20260926/assets/loads/cart_load_barley_ne-v1.png,wave3,미설치,confirmed,0.2689,미설치 — 설치된 같은 계열 배율: drawWalkers 17.6×0.55÷36,117.8,0.582,#6f512f,0.69,0.83,
3_props_piles_loads_signs,소품·더미·적재물·기표·손에 든 물건·작업 도구,assets-inbox/wave3/fix-20260926/assets/loads/cart_load_barley_nw-v1.png,wave3,미설치,confirmed,0.2689,미설치 — 설치된 같은 계열 배율: drawWalkers 17.6×0.55÷36,121.3,0.564,#6e512e,0.82,0.69,
3_props_piles_loads_signs,소품·더미·적재물·기표·손에 든 물건·작업 도구,assets-inbox/wave3/fix-20260926/assets/loads/cart_load_cloth_dyed_ne-v1.png,wave3,미설치,confirmed,0.2689,미설치 — 설치된 같은 계열 배율: drawWalkers 17.6×0.55÷36,93.6,0.172,#2f2e2d,-0.18,-2.28,yes
3_props_piles_loads_signs,소품·더미·적재물·기표·손에 든 물건·작업 도구,assets-inbox/wave3/fix-20260926/assets/loads/cart_load_cloth_dyed_nw-v1.png,wave3,미설치,confirmed,0.2689,미설치 — 설치된 같은 계열 배율: drawWalkers 17.6×0.55÷36,92.9,0.189,#6d6e71,-0.21,-2.15,yes
3_props_piles_loads_signs,소품·더미·적재물·기표·손에 든 물건·작업 도구,assets-inbox/wave3/candidates-20260926/assets/loads/cart_load_cloth_raw_ne-v1.png,wave3,미설치,confirmed,0.2689,미설치 — 설치된 같은 계열 배율: drawWalkers 17.6×0.55÷36,132.9,0.298,#97876d,1.24,-1.33,
3_props_piles_loads_signs,소품·더미·적재물·기표·손에 든 물건·작업 도구,assets-inbox/wave3/candidates-20260926/assets/loads/cart_load_cloth_raw_nw-v1.png,wave3,미설치,confirmed,0.2689,미설치 — 설치된 같은 계열 배율: drawWalkers 17.6×0.55÷36,137.3,0.318,#c7b496,1.4,-1.17,
3_props_piles_loads_signs,소품·더미·적재물·기표·손에 든 물건·작업 도구,assets-inbox/wave3/candidates-20260926/assets/loads/cart_load_malt_ne-v1.png,wave3,미설치,confirmed,0.2689,미설치 — 설치된 같은 계열 배율: drawWalkers 17.6×0.55÷36,103.9,0.509,#90724c,0.19,0.27,
3_props_piles_loads_signs,소품·더미·적재물·기표·손에 든 물건·작업 도구,assets-inbox/wave3/candidates-20260926/assets/loads/cart_load_malt_nw-v1.png,wave3,미설치,confirmed,0.2689,미설치 — 설치된 같은 계열 배율: drawWalkers 17.6×0.55÷36,100.7,0.507,#6a5134,0.07,0.26,
3_props_piles_loads_signs,소품·더미·적재물·기표·손에 든 물건·작업 도구,assets-inbox/wave3/candidates-20260926/assets/loads/cart_load_wool_bales_ne-v1.png,wave3,미설치,confirmed,0.2689,미설치 — 설치된 같은 계열 배율: drawWalkers 17.6×0.55÷36,146.0,0.349,#e8d5b3,1.72,-0.94,
3_props_piles_loads_signs,소품·더미·적재물·기표·손에 든 물건·작업 도구,assets-inbox/wave3/candidates-20260926/assets/loads/cart_load_wool_bales_nw-v1.png,wave3,미설치,confirmed,0.2689,미설치 — 설치된 같은 계열 배율: drawWalkers 17.6×0.55÷36,148.7,0.335,#e7d5b3,1.81,-1.04,
3_props_piles_loads_signs,소품·더미·적재물·기표·손에 든 물건·작업 도구,assets-inbox/wave3/candidates-20260926/assets/pile/cloth_bolts_raw_1-v1.png,wave3,미설치,confirmed,0.3,미설치 — 설치된 같은 계열 배율: stockPiles PILE_SCALE,129.9,0.309,#a89377,1.13,-1.24,
3_props_piles_loads_signs,소품·더미·적재물·기표·손에 든 물건·작업 도구,assets-inbox/wave3/candidates-20260926/assets/pile/cloth_bolts_raw_2-v1.png,wave3,미설치,confirmed,0.3,미설치 — 설치된 같은 계열 배율: stockPiles PILE_SCALE,135.3,0.34,#ac9373,1.33,-1.0,
3_props_piles_loads_signs,소품·더미·적재물·기표·손에 든 물건·작업 도구,assets-inbox/wave3/candidates-20260926/assets/pile/cloth_bolts_raw_3-v1.png,wave3,미설치,confirmed,0.3,미설치 — 설치된 같은 계열 배율: stockPiles PILE_SCALE,134.9,0.301,#cab392,1.32,-1.3,
3_props_piles_loads_signs,소품·더미·적재물·기표·손에 든 물건·작업 도구,assets-inbox/wave3/candidates-20260926/assets/pile/fleece_heap_1-v1.png,wave3,미설치,confirmed,0.3,미설치 — 설치된 같은 계열 배율: stockPiles PILE_SCALE,180.1,0.298,#ebd4ae,2.95,-1.33,yes
3_props_piles_loads_signs,소품·더미·적재물·기표·손에 든 물건·작업 도구,assets-inbox/wave3/candidates-20260926/assets/pile/fleece_heap_2-v1.png,wave3,미설치,confirmed,0.3,미설치 — 설치된 같은 계열 배율: stockPiles PILE_SCALE,168.8,0.281,#cab391,2.55,-1.45,yes
3_props_piles_loads_signs,소품·더미·적재물·기표·손에 든 물건·작업 도구,assets-inbox/wave3/candidates-20260926/assets/pile/fleece_heap_3-v1.png,wave3,미설치,confirmed,0.3,미설치 — 설치된 같은 계열 배율: stockPiles PILE_SCALE,173.7,0.322,#ead4ad,2.72,-1.14,yes
3_props_piles_loads_signs,소품·더미·적재물·기표·손에 든 물건·작업 도구,assets-inbox/wave3/candidates-20260926/assets/pile/malt_sacks_1-v1.png,wave3,미설치,confirmed,0.3,미설치 — 설치된 같은 계열 배율: stockPiles PILE_SCALE,104.8,0.514,#8f6e4a,0.23,0.32,
3_props_piles_loads_signs,소품·더미·적재물·기표·손에 든 물건·작업 도구,assets-inbox/wave3/candidates-20260926/assets/pile/malt_sacks_2-v1.png,wave3,미설치,confirmed,0.3,미설치 — 설치된 같은 계열 배율: stockPiles PILE_SCALE,96.1,0.49,#6e5337,-0.09,0.13,
3_props_piles_loads_signs,소품·더미·적재물·기표·손에 든 물건·작업 도구,assets-inbox/wave3/candidates-20260926/assets/pile/malt_sacks_3-v1.png,wave3,미설치,confirmed,0.3,미설치 — 설치된 같은 계열 배율: stockPiles PILE_SCALE,101.9,0.49,#6c5237,0.12,0.13,
3_props_piles_loads_signs,소품·더미·적재물·기표·손에 든 물건·작업 도구,assets-inbox/wave3/candidates-20260926/assets/yard/tenter_frames_a-v1.png,wave3,미설치,confirmed,0.5,Astra 규격 기본(원본×0.5) — 코드 배율 미확인,75.1,0.61,#342813,-0.85,1.04,
3_props_piles_loads_signs,소품·더미·적재물·기표·손에 든 물건·작업 도구,assets-inbox/wave3/candidates-20260926/assets/yard/tenter_frames_b-v1.png,wave3,미설치,confirmed,0.5,Astra 규격 기본(원본×0.5) — 코드 배율 미확인,133.2,0.47,#e5d4b6,1.25,-0.02,
3_props_piles_loads_signs,소품·더미·적재물·기표·손에 든 물건·작업 도구,assets-inbox/wave3/fix-20260926/assets/yard/tenter_frames_dyed-v1.png,wave3,미설치,confirmed,0.5,Astra 규격 기본(원본×0.5) — 코드 배율 미확인,100.1,0.447,#4c3618,0.05,-0.19,
3_props_piles_loads_signs,소품·더미·적재물·기표·손에 든 물건·작업 도구,assets-inbox/wave3/candidates-20260926/assets/pile/wool_bales_1-v1.png,wave3,미설치,confirmed,0.3,미설치 — 설치된 같은 계열 배율: stockPiles PILE_SCALE,129.1,0.405,#d0b38a,1.1,-0.51,
3_props_piles_loads_signs,소품·더미·적재물·기표·손에 든 물건·작업 도구,assets-inbox/wave3/candidates-20260926/assets/pile/wool_bales_2-v1.png,wave3,미설치,confirmed,0.3,미설치 — 설치된 같은 계열 배율: stockPiles PILE_SCALE,117.1,0.41,#8e7353,0.67,-0.47,
3_props_piles_loads_signs,소품·더미·적재물·기표·손에 든 물건·작업 도구,assets-inbox/wave3/candidates-20260926/assets/pile/wool_bales_3-v1.png,wave3,미설치,confirmed,0.3,미설치 — 설치된 같은 계열 배율: stockPiles PILE_SCALE,110.6,0.456,#6a5137,0.43,-0.13,
3_props_piles_loads_signs,소품·더미·적재물·기표·손에 든 물건·작업 도구,assets-inbox/wave3/candidates-20260926/assets/props/work_distaff_ne-v1.png,wave3,미설치,confirmed,0.27,미설치 — 워커 합성기 규칙(설치된 같은 계열): walkerComposer: 1.0 in the cell × carrier factor,139.4,0.425,#4e2c15,1.48,-0.36,
3_props_piles_loads_signs,소품·더미·적재물·기표·손에 든 물건·작업 도구,assets-inbox/wave3/candidates-20260926/assets/props/work_distaff_nw-v1.png,wave3,미설치,confirmed,0.27,미설치 — 워커 합성기 규칙(설치된 같은 계열): walkerComposer: 1.0 in the cell × carrier factor,147.0,0.377,#e7d2b3,1.75,-0.73,
3_props_piles_loads_signs,소품·더미·적재물·기표·손에 든 물건·작업 도구,assets-inbox/wave3/candidates-20260926/assets/props/work_distaff_se-v1.png,wave3,미설치,confirmed,0.27,미설치 — 워커 합성기 규칙(설치된 같은 계열): walkerComposer: 1.0 in the cell × carrier factor,144.8,0.364,#c6b194,1.67,-0.83,
3_props_piles_loads_signs,소품·더미·적재물·기표·손에 든 물건·작업 도구,assets-inbox/wave3/candidates-20260926/assets/props/work_distaff_sw-v1.png,wave3,미설치,confirmed,0.27,미설치 — 워커 합성기 규칙(설치된 같은 계열): walkerComposer: 1.0 in the cell × carrier factor,141.2,0.405,#c8b192,1.54,-0.51,
3_props_piles_loads_signs,소품·더미·적재물·기표·손에 든 물건·작업 도구,assets-inbox/wave3/candidates-20260926/assets/props/work_dye_paddle_ne-v1.png,wave3,미설치,confirmed,0.27,미설치 — 워커 합성기 규칙(설치된 같은 계열): walkerComposer: 1.0 in the cell × carrier factor,110.6,0.409,#b28857,0.43,-0.49,
3_props_piles_loads_signs,소품·더미·적재물·기표·손에 든 물건·작업 도구,assets-inbox/wave3/candidates-20260926/assets/props/work_dye_paddle_nw-v1.png,wave3,미설치,confirmed,0.27,미설치 — 워커 합성기 규칙(설치된 같은 계열): walkerComposer: 1.0 in the cell × carrier factor,106.2,0.399,#ab7950,0.27,-0.56,
3_props_piles_loads_signs,소품·더미·적재물·기표·손에 든 물건·작업 도구,assets-inbox/wave3/candidates-20260926/assets/props/work_dye_paddle_se-v1.png,wave3,미설치,confirmed,0.27,미설치 — 워커 합성기 규칙(설치된 같은 계열): walkerComposer: 1.0 in the cell × carrier factor,93.7,0.406,#4b5564,-0.18,-0.51,
3_props_piles_loads_signs,소품·더미·적재물·기표·손에 든 물건·작업 도구,assets-inbox/wave3/candidates-20260926/assets/props/work_dye_paddle_sw-v1.png,wave3,미설치,confirmed,0.27,미설치 — 워커 합성기 규칙(설치된 같은 계열): walkerComposer: 1.0 in the cell × carrier factor,97.6,0.41,#4b5662,-0.04,-0.48,
3_props_piles_loads_signs,소품·더미·적재물·기표·손에 든 물건·작업 도구,assets-inbox/wave3/candidates-20260926/assets/props/work_shears_ne-v1.png,wave3,미설치,confirmed,0.27,미설치 — 워커 합성기 규칙(설치된 같은 계열): walkerComposer: 1.0 in the cell × carrier factor,75.7,0.234,#39302a,-0.83,-1.81,
3_props_piles_loads_signs,소품·더미·적재물·기표·손에 든 물건·작업 도구,assets-inbox/wave3/candidates-20260926/assets/props/work_shears_nw-v1.png,wave3,미설치,confirmed,0.27,미설치 — 워커 합성기 규칙(설치된 같은 계열): walkerComposer: 1.0 in the cell × carrier factor,78.4,0.258,#372f28,-0.73,-1.62,
3_props_piles_loads_signs,소품·더미·적재물·기표·손에 든 물건·작업 도구,assets-inbox/wave3/candidates-20260926/assets/props/work_shears_se-v1.png,wave3,미설치,confirmed,0.27,미설치 — 워커 합성기 규칙(설치된 같은 계열): walkerComposer: 1.0 in the cell × carrier factor,83.7,0.256,#574d47,-0.54,-1.64,
3_props_piles_loads_signs,소품·더미·적재물·기표·손에 든 물건·작업 도구,assets-inbox/wave3/candidates-20260926/assets/props/work_shears_sw-v1.png,wave3,미설치,confirmed,0.27,미설치 — 워커 합성기 규칙(설치된 같은 계열): walkerComposer: 1.0 in the cell × carrier factor,81.8,0.177,#514b49,-0.61,-2.24,yes
3_props_piles_loads_signs,소품·더미·적재물·기표·손에 든 물건·작업 도구,assets-inbox/wave3/candidates-20260926/assets/props/work_shepherd_crook_ne-v1.png,wave3,미설치,confirmed,0.27,미설치 — 워커 합성기 규칙(설치된 같은 계열): walkerComposer: 1.0 in the cell × carrier factor,94.7,0.583,#704a2b,-0.14,0.84,
3_props_piles_loads_signs,소품·더미·적재물·기표·손에 든 물건·작업 도구,assets-inbox/wave3/candidates-20260926/assets/props/work_shepherd_crook_nw-v1.png,wave3,미설치,confirmed,0.27,미설치 — 워커 합성기 규칙(설치된 같은 계열): walkerComposer: 1.0 in the cell × carrier factor,86.6,0.514,#6d4931,-0.43,0.31,
3_props_piles_loads_signs,소품·더미·적재물·기표·손에 든 물건·작업 도구,assets-inbox/wave3/candidates-20260926/assets/props/work_shepherd_crook_se-v1.png,wave3,미설치,confirmed,0.27,미설치 — 워커 합성기 규칙(설치된 같은 계열): walkerComposer: 1.0 in the cell × carrier factor,84.2,0.578,#523627,-0.52,0.8,
3_props_piles_loads_signs,소품·더미·적재물·기표·손에 든 물건·작업 도구,assets-inbox/wave3/candidates-20260926/assets/props/work_shepherd_crook_sw-v1.png,wave3,미설치,confirmed,0.27,미설치 — 워커 합성기 규칙(설치된 같은 계열): walkerComposer: 1.0 in the cell × carrier factor,85.7,0.587,#744d2b,-0.47,0.87,
3_props_piles_loads_signs,소품·더미·적재물·기표·손에 든 물건·작업 도구,assets-inbox/wave3/candidates-20260926/assets/pile/yarn_skeins_1-v1.png,wave3,미설치,confirmed,0.3,미설치 — 설치된 같은 계열 배율: stockPiles PILE_SCALE,173.4,0.281,#e7d6b3,2.71,-1.45,yes
3_props_piles_loads_signs,소품·더미·적재물·기표·손에 든 물건·작업 도구,assets-inbox/wave3/candidates-20260926/assets/pile/yarn_skeins_2-v1.png,wave3,미설치,confirmed,0.3,미설치 — 설치된 같은 계열 배율: stockPiles PILE_SCALE,146.3,0.33,#ac9475,1.73,-1.08,
3_props_piles_loads_signs,소품·더미·적재물·기표·손에 든 물건·작업 도구,assets-inbox/wave3/candidates-20260926/assets/pile/yarn_skeins_3-v1.png,wave3,미설치,confirmed,0.3,미설치 — 설치된 같은 계열 배율: stockPiles PILE_SCALE,163.2,0.291,#e8d4b2,2.34,-1.37,yes
3_props_piles_loads_signs,소품·더미·적재물·기표·손에 든 물건·작업 도구,public/assets/zones/haycock_a-v1.png,wave4-pilot,설치,confirmed,0.234,zoneAssetManifest displayWidth 30,147.6,0.589,#d1a85a,1.77,0.89,
3_props_piles_loads_signs,소품·더미·적재물·기표·손에 든 물건·작업 도구,public/assets/zones/haycock_b-v1.png,wave4-pilot,설치,confirmed,0.203,zoneAssetManifest displayWidth 26,164.2,0.583,#d4ab59,2.38,0.83,yes
3_props_piles_loads_signs,소품·더미·적재물·기표·손에 든 물건·작업 도구,public/assets/zones/haycock_c-v1.png,wave4b,설치,confirmed,0.219,zoneAssetManifest displayWidth 28,146.9,0.59,#d0a859,1.75,0.89,
3_props_piles_loads_signs,소품·더미·적재물·기표·손에 든 물건·작업 도구,public/assets/zones/haycock_d-v1.png,wave4b,설치,confirmed,0.219,zoneAssetManifest displayWidth 28,147.2,0.589,#d1a85a,1.76,0.88,
3_props_piles_loads_signs,소품·더미·적재물·기표·손에 든 물건·작업 도구,public/assets/zones/haycock_e-v1.png,wave4b,설치,confirmed,0.219,zoneAssetManifest displayWidth 28,146.3,0.588,#d1a85a,1.73,0.88,
3_props_piles_loads_signs,소품·더미·적재물·기표·손에 든 물건·작업 도구,public/assets/zones/haycock_f-v1.png,wave4b,설치,confirmed,0.219,zoneAssetManifest displayWidth 28,146.7,0.591,#d2a95a,1.74,0.9,
3_props_piles_loads_signs,소품·더미·적재물·기표·손에 든 물건·작업 도구,public/assets/walker-props-v1/held_ale_jug_NE-v1.png,wave4e,설치,confirmed,0.18,0.65 × carrier factor (adult ≈0.27),73.9,0.614,#2c190f,-0.9,1.07,
3_props_piles_loads_signs,소품·더미·적재물·기표·손에 든 물건·작업 도구,public/assets/walker-props-v1/held_ale_jug_NW-v1.png,wave4e,설치,confirmed,0.18,0.65 × carrier factor (adult ≈0.27),76.9,0.625,#4d2d19,-0.79,1.16,
3_props_piles_loads_signs,소품·더미·적재물·기표·손에 든 물건·작업 도구,public/assets/walker-props-v1/held_ale_jug_SE-v1.png,wave4e,설치,confirmed,0.18,0.65 × carrier factor (adult ≈0.27),91.1,0.586,#72482d,-0.27,0.86,
3_props_piles_loads_signs,소품·더미·적재물·기표·손에 든 물건·작업 도구,public/assets/walker-props-v1/held_ale_jug_SW-v1.png,wave4e,설치,confirmed,0.18,0.65 × carrier factor (adult ≈0.27),87.6,0.611,#4d2e19,-0.4,1.05,
3_props_piles_loads_signs,소품·더미·적재물·기표·손에 든 물건·작업 도구,public/assets/walker-props-v1/held_yarn_bundle_NE-v1.png,wave4e,설치,confirmed,0.18,0.65 × carrier factor (adult ≈0.27),99.7,0.396,#26374f,0.04,-0.58,
3_props_piles_loads_signs,소품·더미·적재물·기표·손에 든 물건·작업 도구,public/assets/walker-props-v1/held_yarn_bundle_NW-v1.png,wave4e,설치,confirmed,0.18,0.65 × carrier factor (adult ≈0.27),100.7,0.409,#253751,0.08,-0.49,
3_props_piles_loads_signs,소품·더미·적재물·기표·손에 든 물건·작업 도구,public/assets/walker-props-v1/held_yarn_bundle_SE-v1.png,wave4e,설치,confirmed,0.18,0.65 × carrier factor (adult ≈0.27),128.7,0.362,#ac9472,1.09,-0.84,
3_props_piles_loads_signs,소품·더미·적재물·기표·손에 든 물건·작업 도구,public/assets/walker-props-v1/held_yarn_bundle_SW-v1.png,wave4e,설치,confirmed,0.18,0.65 × carrier factor (adult ≈0.27),109.8,0.426,#364c6f,0.4,-0.36,
3_props_piles_loads_signs,소품·더미·적재물·기표·손에 든 물건·작업 도구,public/assets/walker-props-v1/overlay_cloak_merchant_m-v1.png,wave4e,설치,confirmed,0.275,walkerComposer: copied 1:1 into the adult cell,47.9,0.463,#29354e,-1.84,-0.08,
3_props_piles_loads_signs,소품·더미·적재물·기표·손에 든 물건·작업 도구,public/assets/walker-props-v1/held_bundle_cloth_NE-v1.png,wave5a,설치,confirmed,0.18,0.65 × carrier factor (adult ≈0.27),67.7,0.409,#4a546c,-1.12,-0.48,
3_props_piles_loads_signs,소품·더미·적재물·기표·손에 든 물건·작업 도구,public/assets/walker-props-v1/held_bundle_cloth_NW-v1.png,wave5a,설치,confirmed,0.18,0.65 × carrier factor (adult ≈0.27),74.8,0.44,#282b34,-0.86,-0.24,
3_props_piles_loads_signs,소품·더미·적재물·기표·손에 든 물건·작업 도구,public/assets/walker-props-v1/held_bundle_cloth_SE-v1.png,wave5a,설치,confirmed,0.18,0.65 × carrier factor (adult ≈0.27),77.8,0.451,#31384c,-0.76,-0.17,
3_props_piles_loads_signs,소품·더미·적재물·기표·손에 든 물건·작업 도구,public/assets/walker-props-v1/held_bundle_cloth_SW-v1.png,wave5a,설치,confirmed,0.18,0.65 × carrier factor (adult ≈0.27),80.5,0.419,#313749,-0.66,-0.41,
3_props_piles_loads_signs,소품·더미·적재물·기표·손에 든 물건·작업 도구,public/assets/walker-props-v1/held_bundle_wool_NE-v1.png,wave5a,설치,confirmed,0.18,0.65 × carrier factor (adult ≈0.27),128.8,0.367,#896e53,1.09,-0.8,
3_props_piles_loads_signs,소품·더미·적재물·기표·손에 든 물건·작업 도구,public/assets/walker-props-v1/held_bundle_wool_NW-v1.png,wave5a,설치,confirmed,0.18,0.65 × carrier factor (adult ≈0.27),125.5,0.346,#594635,0.97,-0.96,
3_props_piles_loads_signs,소품·더미·적재물·기표·손에 든 물건·작업 도구,public/assets/walker-props-v1/held_bundle_wool_SE-v1.png,wave5a,설치,confirmed,0.18,0.65 × carrier factor (adult ≈0.27),140.3,0.35,#ccb393,1.51,-0.93,
3_props_piles_loads_signs,소품·더미·적재물·기표·손에 든 물건·작업 도구,public/assets/walker-props-v1/held_bundle_wool_SW-v1.png,wave5a,설치,confirmed,0.18,0.65 × carrier factor (adult ≈0.27),137.1,0.367,#ac9172,1.39,-0.8,
3_props_piles_loads_signs,소품·더미·적재물·기표·손에 든 물건·작업 도구,public/assets/walker-props-v1/held_jug_NE-v1.png,wave5a,설치,confirmed,0.18,0.65 × carrier factor (adult ≈0.27),74.0,0.642,#2c170c,-0.89,1.29,
3_props_piles_loads_signs,소품·더미·적재물·기표·손에 든 물건·작업 도구,public/assets/walker-props-v1/held_jug_NW-v1.png,wave5a,설치,confirmed,0.18,0.65 × carrier factor (adult ≈0.27),77.0,0.635,#2a160d,-0.79,1.23,
3_props_piles_loads_signs,소품·더미·적재물·기표·손에 든 물건·작업 도구,public/assets/walker-props-v1/held_jug_SE-v1.png,wave5a,설치,confirmed,0.18,0.65 × carrier factor (adult ≈0.27),86.9,0.646,#2d170c,-0.43,1.32,
3_props_piles_loads_signs,소품·더미·적재물·기표·손에 든 물건·작업 도구,public/assets/walker-props-v1/held_jug_SW-v1.png,wave5a,설치,confirmed,0.18,0.65 × carrier factor (adult ≈0.27),84.6,0.65,#4a2813,-0.51,1.35,
3_props_piles_loads_signs,소품·더미·적재물·기표·손에 든 물건·작업 도구,public/assets/walker-props-v1/held_loaf_NE-v1.png,wave5a,설치,confirmed,0.18,0.65 × carrier factor (adult ≈0.27),100.7,0.647,#8e522d,0.07,1.32,
3_props_piles_loads_signs,소품·더미·적재물·기표·손에 든 물건·작업 도구,public/assets/walker-props-v1/held_loaf_NW-v1.png,wave5a,설치,confirmed,0.18,0.65 × carrier factor (adult ≈0.27),104.6,0.637,#8e522c,0.22,1.25,
3_props_piles_loads_signs,소품·더미·적재물·기표·손에 든 물건·작업 도구,public/assets/walker-props-v1/held_loaf_SE-v1.png,wave5a,설치,confirmed,0.18,0.65 × carrier factor (adult ≈0.27),110.4,0.668,#91512c,0.43,1.48,
3_props_piles_loads_signs,소품·더미·적재물·기표·손에 든 물건·작업 도구,public/assets/walker-props-v1/held_loaf_SW-v1.png,wave5a,설치,confirmed,0.18,0.65 × carrier factor (adult ≈0.27),107.7,0.666,#8e4f2a,0.33,1.47,
3_props_piles_loads_signs,소품·더미·적재물·기표·손에 든 물건·작업 도구,public/assets/walker-props-v1/held_tool_axe_NE-v1.png,wave5a,설치,confirmed,0.18,0.65 × carrier factor (adult ≈0.27),69.9,0.398,#352e2a,-1.04,-0.57,
3_props_piles_loads_signs,소품·더미·적재물·기표·손에 든 물건·작업 도구,public/assets/walker-props-v1/held_tool_axe_NW-v1.png,wave5a,설치,confirmed,0.18,0.65 × carrier factor (adult ≈0.27),78.3,0.37,#362f2a,-0.74,-0.78,
3_props_piles_loads_signs,소품·더미·적재물·기표·손에 든 물건·작업 도구,public/assets/walker-props-v1/held_tool_axe_SE-v1.png,wave5a,설치,confirmed,0.18,0.65 × carrier factor (adult ≈0.27),83.9,0.385,#49382d,-0.53,-0.66,
3_props_piles_loads_signs,소품·더미·적재물·기표·손에 든 물건·작업 도구,public/assets/walker-props-v1/held_tool_axe_SW-v1.png,wave5a,설치,confirmed,0.18,0.65 × carrier factor (adult ≈0.27),87.4,0.397,#4d382b,-0.41,-0.57,
3_props_piles_loads_signs,소품·더미·적재물·기표·손에 든 물건·작업 도구,public/assets/walker-props-v1/held_tool_hammer_NE-v1.png,wave5a,설치,confirmed,0.18,0.65 × carrier factor (adult ≈0.27),71.3,0.545,#1b0f08,-0.99,0.55,
3_props_piles_loads_signs,소품·더미·적재물·기표·손에 든 물건·작업 도구,public/assets/walker-props-v1/held_tool_hammer_NW-v1.png,wave5a,설치,confirmed,0.18,0.65 × carrier factor (adult ≈0.27),82.7,0.517,#23130b,-0.58,0.34,
3_props_piles_loads_signs,소품·더미·적재물·기표·손에 든 물건·작업 도구,public/assets/walker-props-v1/held_tool_hammer_SE-v1.png,wave5a,설치,confirmed,0.18,0.65 × carrier factor (adult ≈0.27),86.1,0.512,#1c0d05,-0.46,0.3,
3_props_piles_loads_signs,소품·더미·적재물·기표·손에 든 물건·작업 도구,public/assets/walker-props-v1/held_tool_hammer_SW-v1.png,wave5a,설치,confirmed,0.18,0.65 × carrier factor (adult ≈0.27),84.8,0.498,#24160e,-0.5,0.19,
3_props_piles_loads_signs,소품·더미·적재물·기표·손에 든 물건·작업 도구,public/assets/walker-props-v1/overlay_cloak_f-v1.png,wave5a,설치,confirmed,0.275,walkerComposer: copied 1:1 into the adult cell,87.5,0.174,#474d57,-0.4,-2.26,yes
3_props_piles_loads_signs,소품·더미·적재물·기표·손에 든 물건·작업 도구,public/assets/walker-props-v1/overlay_cloak_m-v1.png,wave5a,설치,confirmed,0.275,walkerComposer: copied 1:1 into the adult cell,78.4,0.348,#6a5746,-0.73,-0.94,
3_props_piles_loads_signs,소품·더미·적재물·기표·손에 든 물건·작업 도구,public/assets/visibility-v1/construction/pile_stone_1-v1.png,wave6,설치,confirmed,0.5,constructionPlaque / worldSigns fixed,118.4,0.273,#756854,0.71,-1.51,
3_props_piles_loads_signs,소품·더미·적재물·기표·손에 든 물건·작업 도구,public/assets/visibility-v1/construction/pile_stone_2-v1.png,wave6,설치,confirmed,0.5,constructionPlaque / worldSigns fixed,132.1,0.271,#716653,1.21,-1.53,
3_props_piles_loads_signs,소품·더미·적재물·기표·손에 든 물건·작업 도구,public/assets/visibility-v1/construction/pile_stone_3-v1.png,wave6,설치,confirmed,0.5,constructionPlaque / worldSigns fixed,129.6,0.263,#756754,1.12,-1.59,
3_props_piles_loads_signs,소품·더미·적재물·기표·손에 든 물건·작업 도구,public/assets/visibility-v1/construction/pile_wood_1-v1.png,wave6,설치,confirmed,0.5,constructionPlaque / worldSigns fixed,91.0,0.486,#92704f,-0.28,0.1,
3_props_piles_loads_signs,소품·더미·적재물·기표·손에 든 물건·작업 도구,public/assets/visibility-v1/construction/pile_wood_2-v1.png,wave6,설치,confirmed,0.5,constructionPlaque / worldSigns fixed,94.9,0.512,#4e3824,-0.13,0.3,
3_props_piles_loads_signs,소품·더미·적재물·기표·손에 든 물건·작업 도구,public/assets/visibility-v1/construction/pile_wood_3-v1.png,wave6,설치,confirmed,0.5,constructionPlaque / worldSigns fixed,93.2,0.471,#684f35,-0.2,-0.01,
3_props_piles_loads_signs,소품·더미·적재물·기표·손에 든 물건·작업 도구,public/assets/visibility-v1/construction/roof_frame_thatch-v1.png,wave6,설치,confirmed,0.5,constructionPlaque / worldSigns fixed,102.9,0.533,#6d4d31,0.16,0.46,
3_props_piles_loads_signs,소품·더미·적재물·기표·손에 든 물건·작업 도구,public/assets/visibility-v1/construction/sign_post-v1.png,wave6,설치,confirmed,0.5,constructionPlaque / worldSigns fixed,89.0,0.485,#896846,-0.35,0.09,
3_props_piles_loads_signs,소품·더미·적재물·기표·손에 든 물건·작업 도구,public/assets/visibility-v1/marker/stake_empty_plot.png,wave6,설치,confirmed,0.5,constructionPlaque / worldSigns fixed,99.5,0.528,#8f6d49,0.03,0.42,
3_props_piles_loads_signs,소품·더미·적재물·기표·손에 든 물건·작업 도구,public/assets/visibility-v1/construction/well_stages-v1.png,wave6,설치,confirmed,0.72,constructionPlaque fixed,84.5,0.504,#372415,-0.51,0.24,
3_props_piles_loads_signs,소품·더미·적재물·기표·손에 든 물건·작업 도구,public/assets/visibility-v1/work/work_carry_beam-v1.png,wave6,설치,confirmed,0.18,0.65 × carrier factor (adult ≈0.27),80.1,0.501,#352616,-0.67,0.22,
3_props_piles_loads_signs,소품·더미·적재물·기표·손에 든 물건·작업 도구,public/assets/visibility-v1/work/work_hammer-v1.png,wave6,설치,confirmed,0.18,0.65 × carrier factor (adult ≈0.27),62.6,0.502,#28180c,-1.31,0.23,
3_props_piles_loads_signs,소품·더미·적재물·기표·손에 든 물건·작업 도구,public/assets/visibility-v1/work/work_pose_overlay_m.png,wave6,설치,confirmed,0.18,0.65 × carrier factor (adult ≈0.27),72.1,0.512,#4f3826,-0.96,0.3,
3_props_piles_loads_signs,소품·더미·적재물·기표·손에 든 물건·작업 도구,public/assets/visibility-v1/work/work_shovel-v1.png,wave6,설치,confirmed,0.18,0.65 × carrier factor (adult ≈0.27),58.3,0.476,#493829,-1.46,0.03,
3_props_piles_loads_signs,소품·더미·적재물·기표·손에 든 물건·작업 도구,public/assets/visibility-v1/work/work_sickle-v1.png,wave6,설치,confirmed,0.18,0.65 × carrier factor (adult ≈0.27),81.1,0.599,#4e3416,-0.63,0.96,
3_props_piles_loads_signs,소품·더미·적재물·기표·손에 든 물건·작업 도구,public/assets/wave7/signifier/bar_latch-v2.png,wave7,설치,confirmed,0.42,worldSigns SIGN_PROP_SCALE,70.1,0.601,#2b190e,-1.03,0.97,
3_props_piles_loads_signs,소품·더미·적재물·기표·손에 든 물건·작업 도구,public/assets/wave7/pile/bread_1-v1.png,wave7,설치,confirmed,0.3,stockPiles PILE_SCALE,106.0,0.611,#6f5031,0.27,1.05,
3_props_piles_loads_signs,소품·더미·적재물·기표·손에 든 물건·작업 도구,public/assets/wave7/pile/bread_2-v1.png,wave7,설치,confirmed,0.3,stockPiles PILE_SCALE,99.7,0.676,#4f3017,0.04,1.54,
3_props_piles_loads_signs,소품·더미·적재물·기표·손에 든 물건·작업 도구,public/assets/wave7/pile/bread_3-v1.png,wave7,설치,confirmed,0.3,stockPiles PILE_SCALE,99.9,0.608,#704c2c,0.05,1.03,
3_props_piles_loads_signs,소품·더미·적재물·기표·손에 든 물건·작업 도구,public/assets/wave7/signifier/bundle_family_prop-v2.png,wave7,설치,confirmed,0.42,worldSigns SIGN_PROP_SCALE,76.6,0.641,#6f3228,-0.8,1.28,
3_props_piles_loads_signs,소품·더미·적재물·기표·손에 든 물건·작업 도구,public/assets/wave7/cart/cart_load_bread_ne-v1.png,wave7,설치,confirmed,0.2689,drawWalkers 17.6×0.55÷36,84.3,0.583,#4c3626,-0.52,0.84,
3_props_piles_loads_signs,소품·더미·적재물·기표·손에 든 물건·작업 도구,public/assets/wave7/cart/cart_load_bread_nw-v1.png,wave7,설치,confirmed,0.2689,drawWalkers 17.6×0.55÷36,73.7,0.628,#281a11,-0.9,1.18,
3_props_piles_loads_signs,소품·더미·적재물·기표·손에 든 물건·작업 도구,public/assets/wave7/cart/cart_load_grainsack_ne-v1.png,wave7,설치,confirmed,0.2689,drawWalkers 17.6×0.55÷36,131.2,0.356,#ac9273,1.18,-0.89,
3_props_piles_loads_signs,소품·더미·적재물·기표·손에 든 물건·작업 도구,public/assets/wave7/cart/cart_load_grainsack_nw-v1.png,wave7,설치,confirmed,0.2689,drawWalkers 17.6×0.55÷36,125.9,0.396,#8b7354,0.99,-0.58,
3_props_piles_loads_signs,소품·더미·적재물·기표·손에 든 물건·작업 도구,public/assets/wave7/cart/cart_load_log_ne-v1.png,wave7,설치,confirmed,0.2689,drawWalkers 17.6×0.55÷36,81.5,0.471,#4d3827,-0.62,-0.02,
3_props_piles_loads_signs,소품·더미·적재물·기표·손에 든 물건·작업 도구,public/assets/wave7/cart/cart_load_log_nw-v1.png,wave7,설치,confirmed,0.2689,drawWalkers 17.6×0.55÷36,85.2,0.49,#6e4e35,-0.49,0.13,
3_props_piles_loads_signs,소품·더미·적재물·기표·손에 든 물건·작업 도구,public/assets/wave7/cart/cart_load_rawstone_ne-v1.png,wave7,설치,confirmed,0.2689,drawWalkers 17.6×0.55÷36,76.2,0.042,#2f2f31,-0.81,-3.27,yes
3_props_piles_loads_signs,소품·더미·적재물·기표·손에 든 물건·작업 도구,public/assets/wave7/cart/cart_load_rawstone_nw-v1.png,wave7,설치,confirmed,0.2689,drawWalkers 17.6×0.55÷36,72.4,0.055,#2f2e30,-0.95,-3.17,yes
3_props_piles_loads_signs,소품·더미·적재물·기표·손에 든 물건·작업 도구,public/assets/wave7/cart/cart_load_stone_ne-v1.png,wave7,설치,confirmed,0.2689,drawWalkers 17.6×0.55÷36,146.4,0.081,#6a6869,1.73,-2.97,yes
3_props_piles_loads_signs,소품·더미·적재물·기표·손에 든 물건·작업 도구,public/assets/wave7/cart/cart_load_stone_nw-v1.png,wave7,설치,confirmed,0.2689,drawWalkers 17.6×0.55÷36,149.2,0.077,#928c88,1.83,-3.0,yes
3_props_piles_loads_signs,소품·더미·적재물·기표·손에 든 물건·작업 도구,public/assets/wave7/cart/cart_load_timber_ne-v2.png,wave7,설치,confirmed,0.2689,drawWalkers 17.6×0.55÷36,100.0,0.497,#6e5135,0.05,0.19,
3_props_piles_loads_signs,소품·더미·적재물·기표·손에 든 물건·작업 도구,public/assets/wave7/cart/cart_load_timber_nw-v2.png,wave7,설치,confirmed,0.2689,drawWalkers 17.6×0.55÷36,109.8,0.549,#6f4e30,0.4,0.58,
3_props_piles_loads_signs,소품·더미·적재물·기표·손에 든 물건·작업 도구,public/assets/wave7/pile/crates_1-v1.png,wave7,설치,confirmed,0.3,stockPiles PILE_SCALE,94.8,0.535,#6e5232,-0.14,0.47,
3_props_piles_loads_signs,소품·더미·적재물·기표·손에 든 물건·작업 도구,public/assets/wave7/pile/crates_2-v1.png,wave7,설치,confirmed,0.3,stockPiles PILE_SCALE,84.8,0.534,#6f5132,-0.5,0.47,
3_props_piles_loads_signs,소품·더미·적재물·기표·손에 든 물건·작업 도구,public/assets/wave7/pile/crates_3-v1.png,wave7,설치,confirmed,0.3,stockPiles PILE_SCALE,78.3,0.494,#362618,-0.74,0.16,
3_props_piles_loads_signs,소품·더미·적재물·기표·손에 든 물건·작업 도구,public/assets/wave7/signifier/empty_stall-v1.png,wave7,설치,confirmed,0.4,worldSigns SIGN_STALL_SCALE,122.4,0.413,#d0b48c,0.86,-0.45,
3_props_piles_loads_signs,소품·더미·적재물·기표·손에 든 물건·작업 도구,public/assets/wave7/signifier/footprints_dotted_ne-v1.png,wave7,설치,confirmed,0.5,worldSigns fixed,70.2,0.605,#533824,-1.03,1.01,
3_props_piles_loads_signs,소품·더미·적재물·기표·손에 든 물건·작업 도구,public/assets/wave7/signifier/footprints_dotted_nw-v1.png,wave7,설치,confirmed,0.5,worldSigns fixed,71.0,0.614,#462f19,-1.0,1.07,
3_props_piles_loads_signs,소품·더미·적재물·기표·손에 든 물건·작업 도구,public/assets/wave7/pile/sacks_1-v1.png,wave7,설치,confirmed,0.3,stockPiles PILE_SCALE,118.0,0.469,#90704d,0.7,-0.02,
3_props_piles_loads_signs,소품·더미·적재물·기표·손에 든 물건·작업 도구,public/assets/wave7/pile/sacks_2-v1.png,wave7,설치,confirmed,0.3,stockPiles PILE_SCALE,121.9,0.456,#6a5137,0.84,-0.13,
3_props_piles_loads_signs,소품·더미·적재물·기표·손에 든 물건·작업 도구,public/assets/wave7/pile/sacks_3-v1.png,wave7,설치,confirmed,0.3,stockPiles PILE_SCALE,105.5,0.428,#8e7053,0.25,-0.34,
3_props_piles_loads_signs,소품·더미·적재물·기표·손에 든 물건·작업 도구,public/assets/wave7/pile/sheaves_1-v1.png,wave7,설치,confirmed,0.3,stockPiles PILE_SCALE,123.5,0.655,#c7954b,0.9,1.38,
3_props_piles_loads_signs,소품·더미·적재물·기표·손에 든 물건·작업 도구,public/assets/wave7/pile/sheaves_2-v1.png,wave7,설치,confirmed,0.3,stockPiles PILE_SCALE,126.9,0.728,#ab742a,1.02,1.94,
3_props_piles_loads_signs,소품·더미·적재물·기표·손에 든 물건·작업 도구,public/assets/wave7/pile/sheaves_3-v1.png,wave7,설치,confirmed,0.3,stockPiles PILE_SCALE,121.8,0.612,#916a36,0.84,1.06,
3_props_piles_loads_signs,소품·더미·적재물·기표·손에 든 물건·작업 도구,public/assets/wave7/signifier/tall_grass_plot-v1.png,wave7,설치,confirmed,0.5,worldSigns fixed,87.5,0.381,#4c5333,-0.4,-0.7,
3_props_piles_loads_signs,소품·더미·적재물·기표·손에 든 물건·작업 도구,public/assets/wave7/work/work_breadbasket_ne-v1.png,wave7,설치,confirmed,0.27,walkerComposer: 1.0 in the cell × carrier factor,91.9,0.623,#6d492c,-0.24,1.14,
3_props_piles_loads_signs,소품·더미·적재물·기표·손에 든 물건·작업 도구,public/assets/wave7/work/work_breadbasket_nw-v1.png,wave7,설치,confirmed,0.27,walkerComposer: 1.0 in the cell × carrier factor,97.3,0.659,#8a552c,-0.05,1.41,
3_props_piles_loads_signs,소품·더미·적재물·기표·손에 든 물건·작업 도구,public/assets/wave7/work/work_breadbasket_se-v1.png,wave7,설치,confirmed,0.27,walkerComposer: 1.0 in the cell × carrier factor,91.4,0.69,#734726,-0.26,1.65,
3_props_piles_loads_signs,소품·더미·적재물·기표·손에 든 물건·작업 도구,public/assets/wave7/work/work_breadbasket_sw-v1.png,wave7,설치,confirmed,0.27,walkerComposer: 1.0 in the cell × carrier factor,100.7,0.606,#6f4b31,0.07,1.01,
3_props_piles_loads_signs,소품·더미·적재물·기표·손에 든 물건·작업 도구,public/assets/wave7/work/work_coinpurse_ne-v1.png,wave7,설치,confirmed,0.27,walkerComposer: 1.0 in the cell × carrier factor,45.6,0.511,#4e3228,-1.92,0.29,
3_props_piles_loads_signs,소품·더미·적재물·기표·손에 든 물건·작업 도구,public/assets/wave7/work/work_coinpurse_nw-v1.png,wave7,설치,confirmed,0.27,walkerComposer: 1.0 in the cell × carrier factor,48.9,0.564,#513024,-1.8,0.69,
3_props_piles_loads_signs,소품·더미·적재물·기표·손에 든 물건·작업 도구,public/assets/wave7/work/work_coinpurse_se-v1.png,wave7,설치,confirmed,0.27,walkerComposer: 1.0 in the cell × carrier factor,44.8,0.54,#4b2f25,-1.95,0.51,
3_props_piles_loads_signs,소품·더미·적재물·기표·손에 든 물건·작업 도구,public/assets/wave7/work/work_coinpurse_sw-v1.png,wave7,설치,confirmed,0.27,walkerComposer: 1.0 in the cell × carrier factor,49.1,0.495,#4c3228,-1.8,0.17,
3_props_piles_loads_signs,소품·더미·적재물·기표·손에 든 물건·작업 도구,public/assets/wave7/work/work_plough_ne-v1.png,wave7,설치,confirmed,0.27,walkerComposer: 1.0 in the cell × carrier factor,77.6,0.489,#705231,-0.76,0.12,
3_props_piles_loads_signs,소품·더미·적재물·기표·손에 든 물건·작업 도구,public/assets/wave7/work/work_plough_nw-v1.png,wave7,설치,confirmed,0.27,walkerComposer: 1.0 in the cell × carrier factor,84.4,0.461,#6f5033,-0.51,-0.09,
3_props_piles_loads_signs,소품·더미·적재물·기표·손에 든 물건·작업 도구,public/assets/wave7/work/work_plough_se-v1.png,wave7,설치,confirmed,0.27,walkerComposer: 1.0 in the cell × carrier factor,83.5,0.497,#704d2f,-0.55,0.19,
3_props_piles_loads_signs,소품·더미·적재물·기표·손에 든 물건·작업 도구,public/assets/wave7/work/work_plough_sw-v1.png,wave7,설치,confirmed,0.27,walkerComposer: 1.0 in the cell × carrier factor,81.2,0.404,#8f6f4c,-0.63,-0.52,
3_props_piles_loads_signs,소품·더미·적재물·기표·손에 든 물건·작업 도구,public/assets/wave7/work/work_seedbag_ne-v1.png,wave7,설치,confirmed,0.27,walkerComposer: 1.0 in the cell × carrier factor,110.4,0.446,#8e714f,0.43,-0.2,
3_props_piles_loads_signs,소품·더미·적재물·기표·손에 든 물건·작업 도구,public/assets/wave7/work/work_seedbag_nw-v1.png,wave7,설치,confirmed,0.27,walkerComposer: 1.0 in the cell × carrier factor,105.7,0.437,#8d7151,0.26,-0.27,
3_props_piles_loads_signs,소품·더미·적재물·기표·손에 든 물건·작업 도구,public/assets/wave7/work/work_seedbag_se-v1.png,wave7,설치,confirmed,0.27,walkerComposer: 1.0 in the cell × carrier factor,114.2,0.511,#8f6d48,0.57,0.29,
3_props_piles_loads_signs,소품·더미·적재물·기표·손에 든 물건·작업 도구,public/assets/wave7/work/work_seedbag_sw-v1.png,wave7,설치,confirmed,0.27,walkerComposer: 1.0 in the cell × carrier factor,102.2,0.482,#6b4f35,0.13,0.07,
3_props_piles_loads_signs,소품·더미·적재물·기표·손에 든 물건·작업 도구,public/assets/wave7/work/work_waterbucket_ne-v1.png,wave7,설치,confirmed,0.27,walkerComposer: 1.0 in the cell × carrier factor,73.2,0.409,#4a382b,-0.92,-0.49,
3_props_piles_loads_signs,소품·더미·적재물·기표·손에 든 물건·작업 도구,public/assets/wave7/work/work_waterbucket_nw-v1.png,wave7,설치,confirmed,0.27,walkerComposer: 1.0 in the cell × carrier factor,61.4,0.393,#493727,-1.35,-0.6,
3_props_piles_loads_signs,소품·더미·적재물·기표·손에 든 물건·작업 도구,public/assets/wave7/work/work_waterbucket_se-v1.png,wave7,설치,confirmed,0.27,walkerComposer: 1.0 in the cell × carrier factor,78.7,0.466,#6e5036,-0.72,-0.05,
3_props_piles_loads_signs,소품·더미·적재물·기표·손에 든 물건·작업 도구,public/assets/wave7/work/work_waterbucket_sw-v1.png,wave7,설치,confirmed,0.27,walkerComposer: 1.0 in the cell × carrier factor,81.6,0.446,#906f4f,-0.62,-0.21,
3_props_piles_loads_signs,소품·더미·적재물·기표·손에 든 물건·작업 도구,public/assets/wave9/prop/bier_shroud_ne-v1.png,wave9,설치,confirmed,0.3,미사용 — 더미 배율로 표시,97.3,0.407,#6a4e30,-0.05,-0.5,
3_props_piles_loads_signs,소품·더미·적재물·기표·손에 든 물건·작업 도구,public/assets/wave9/prop/bier_shroud_nw-v1.png,wave9,설치,confirmed,0.3,미사용 — 더미 배율로 표시,113.1,0.4,#705231,0.52,-0.55,
3_props_piles_loads_signs,소품·더미·적재물·기표·손에 든 물건·작업 도구,public/assets/wave9/pile/empty_granary_floor-v1.png,wave9,설치,confirmed,0.3,미사용 — 더미 배율로 표시,97.8,0.538,#6f5035,-0.03,0.5,
3_props_piles_loads_signs,소품·더미·적재물·기표·손에 든 물건·작업 도구,public/assets/wave9/signifier/hungry_queue-v1.png,wave9,설치,confirmed,0.3,미사용 — 더미 배율로 표시,53.3,0.571,#0c0704,-1.64,0.75,
3_props_piles_loads_signs,소품·더미·적재물·기표·손에 든 물건·작업 도구,public/assets/wave9/prop/scroll_royal_ne-v1.png,wave9,설치,confirmed,0.3,미사용 — 더미 배율로 표시,130.2,0.553,#cfac73,1.14,0.61,
3_props_piles_loads_signs,소품·더미·적재물·기표·손에 든 물건·작업 도구,public/assets/wave9/prop/scroll_royal_nw-v1.png,wave9,설치,confirmed,0.3,미사용 — 더미 배율로 표시,124.9,0.574,#503213,0.95,0.77,
3_props_piles_loads_signs,소품·더미·적재물·기표·손에 든 물건·작업 도구,public/assets/runtime-reserved-v1/market_bread_basket-v2.png,장부 밖,설치,장부 밖,0.1,미사용(그리는 코드 없음) — 0.1로 표시,101.5,0.602,#502d16,0.1,0.98,
4_strips_surfaces,지면·띠(도로·물가·물·이랑·목초지·계절 지면·데칼),public/assets/road/earth_strip-v1.png,d1,설치,confirmed,0.363,drawRoadRibbons (along a tile axis; v1·v2 URL override only),117.6,0.398,#8a7354,0.16,-0.1,
4_strips_surfaces,지면·띠(도로·물가·물·이랑·목초지·계절 지면·데칼),public/assets/boundary/field_furrow-v1.png,d1,설치,confirmed,0.5,drawGroundBoundaries 64×32,88.8,0.53,#6e5133,-0.64,0.84,
4_strips_surfaces,지면·띠(도로·물가·물·이랑·목초지·계절 지면·데칼),public/assets/boundary/grass_edge-v1.png,d1,설치,confirmed,0.5,drawGroundBoundaries 64×32,102.7,0.556,#6f6d31,-0.26,1.02,
4_strips_surfaces,지면·띠(도로·물가·물·이랑·목초지·계절 지면·데칼),public/assets/road/stone_strip-v1.png,d1b,설치,confirmed,0.485,drawRoadRibbons (along a tile axis),113.5,0.404,#8a7354,0.04,-0.06,
4_strips_surfaces,지면·띠(도로·물가·물·이랑·목초지·계절 지면·데칼),public/assets/wave15/terrain/grass_autumn_fill-v1.png,wave15,설치,confirmed,0.5,seasonGround pattern 0.5,156.4,0.36,#aa9c6d,1.23,-0.37,
4_strips_surfaces,지면·띠(도로·물가·물·이랑·목초지·계절 지면·데칼),public/assets/wave15/boundary/grass_edge_autumn-v1.png,wave15,설치,confirmed,0.5,drawGroundBoundaries 64×48 × decal scale,106.5,0.622,#724f29,-0.15,1.49,
4_strips_surfaces,지면·띠(도로·물가·물·이랑·목초지·계절 지면·데칼),public/assets/wave15/boundary/grass_edge_winter-v1.png,wave15,설치,confirmed,0.5,drawGroundBoundaries 64×48 × decal scale,124.5,0.258,#756855,0.35,-1.09,
4_strips_surfaces,지면·띠(도로·물가·물·이랑·목초지·계절 지면·데칼),public/assets/wave15/terrain/grass_winter_fill-v1.png,wave15,설치,confirmed,0.5,seasonGround pattern 0.5,150.7,0.198,#9c977d,1.07,-1.52,
4_strips_surfaces,지면·띠(도로·물가·물·이랑·목초지·계절 지면·데칼),public/assets/wave15/zones/orchard_spring_petals-v1.png,wave15,설치,confirmed,0.5,seasonalDecals 0.5 × prop scale,212.5,0.119,#e4d6ca,2.78,-2.08,yes
4_strips_surfaces,지면·띠(도로·물가·물·이랑·목초지·계절 지면·데칼),public/assets/wave15/zones/pasture_autumn-v1.png,wave15,설치,confirmed,0.5,drawZones floor pattern,137.8,0.423,#99845a,0.71,0.08,
4_strips_surfaces,지면·띠(도로·물가·물·이랑·목초지·계절 지면·데칼),public/assets/wave15/zones/pasture_winter-v1.png,wave15,설치,confirmed,0.5,drawZones floor pattern,148.5,0.243,#989172,1.01,-1.2,
4_strips_surfaces,지면·띠(도로·물가·물·이랑·목초지·계절 지면·데칼),public/assets/wave15/season/puddle_ice-v1.png,wave15,설치,confirmed,0.5,seasonalDecals DECAL_SCALE,114.0,0.187,#6c7985,0.05,-1.6,
4_strips_surfaces,지면·띠(도로·물가·물·이랑·목초지·계절 지면·데칼),public/assets/wave15/fields/ridge_fallow_winter-v1.png,wave15,설치,confirmed,0.2795,drawArableFields: 128 PNG px per tile (along the axis),96.6,0.427,#6c4b33,-0.43,0.1,
4_strips_surfaces,지면·띠(도로·물가·물·이랑·목초지·계절 지면·데칼),public/assets/wave15/season/snow_drift_a-v1.png,wave15,설치,confirmed,0.5,seasonalDecals DECAL_SCALE,184.5,0.161,#eeeff3,2.01,-1.78,yes
4_strips_surfaces,지면·띠(도로·물가·물·이랑·목초지·계절 지면·데칼),public/assets/wave15/season/snow_drift_b-v1.png,wave15,설치,confirmed,0.5,seasonalDecals DECAL_SCALE,206.9,0.113,#f0f4fc,2.63,-2.12,yes
4_strips_surfaces,지면·띠(도로·물가·물·이랑·목초지·계절 지면·데칼),public/assets/wave15/fields/soil_winter-v1.png,wave15,설치,confirmed,0.5,drawZones floor pattern,91.1,0.458,#72503b,-0.58,0.33,
4_strips_surfaces,지면·띠(도로·물가·물·이랑·목초지·계절 지면·데칼),public/assets/wave15/season/spring_flowers_a-v1.png,wave15,설치,confirmed,0.5,seasonalDecals DECAL_SCALE,134.9,0.499,#f2e8ac,0.63,0.61,
4_strips_surfaces,지면·띠(도로·물가·물·이랑·목초지·계절 지면·데칼),public/assets/wave15/season/spring_flowers_b-v1.png,wave15,설치,confirmed,0.5,seasonalDecals DECAL_SCALE,124.0,0.521,#6d6d29,0.33,0.78,
4_strips_surfaces,지면·띠(도로·물가·물·이랑·목초지·계절 지면·데칼),assets-inbox/wave17/candidates-20260926/assets/decal/trampled_field-v1.png,wave17,미설치,confirmed,0.5,Astra records game_zoom_1_source_scale,118.1,0.487,#91714a,0.17,0.53,
4_strips_surfaces,지면·띠(도로·물가·물·이랑·목초지·계절 지면·데칼),assets-inbox/wave3/candidates-20260926/assets/field/ridge_barley_growing_a-v1.png,wave3,미설치,confirmed,0.2795,미설치 — 설치된 같은 계열 배율: drawArableFields: 128 PNG px per tile (along the axis),96.0,0.516,#4f4d27,-0.44,0.74,
4_strips_surfaces,지면·띠(도로·물가·물·이랑·목초지·계절 지면·데칼),assets-inbox/wave3/candidates-20260926/assets/field/ridge_barley_growing_b-v1.png,wave3,미설치,confirmed,0.2795,미설치 — 설치된 같은 계열 배율: drawArableFields: 128 PNG px per tile (along the axis),86.6,0.542,#534b26,-0.7,0.92,
4_strips_surfaces,지면·띠(도로·물가·물·이랑·목초지·계절 지면·데칼),assets-inbox/wave3/fix-20260926/assets/field/ridge_barley_ripe_a-v1.png,wave3,미설치,confirmed,0.2795,미설치 — 설치된 같은 계열 배율: drawArableFields: 128 PNG px per tile (along the axis),92.6,0.569,#6a4f2c,-0.54,1.12,
4_strips_surfaces,지면·띠(도로·물가·물·이랑·목초지·계절 지면·데칼),assets-inbox/wave3/fix-20260926/assets/field/ridge_barley_ripe_b-v1.png,wave3,미설치,confirmed,0.2795,미설치 — 설치된 같은 계열 배율: drawArableFields: 128 PNG px per tile (along the axis),93.9,0.569,#694e2c,-0.5,1.11,
4_strips_surfaces,지면·띠(도로·물가·물·이랑·목초지·계절 지면·데칼),public/assets/road/earth_strip_a-v2.png,wave4-pilot,설치,confirmed,0.363,drawRoadRibbons (along a tile axis; v1·v2 URL override only),127.6,0.391,#8e7a56,0.43,-0.15,
4_strips_surfaces,지면·띠(도로·물가·물·이랑·목초지·계절 지면·데칼),public/assets/road/earth_strip_b-v2.png,wave4-pilot,설치,confirmed,0.363,drawRoadRibbons (along a tile axis; v1·v2 URL override only),126.7,0.378,#756f46,0.41,-0.24,
4_strips_surfaces,지면·띠(도로·물가·물·이랑·목초지·계절 지면·데칼),public/assets/zones/orchard_apple_c-v1.png,wave4-pilot,설치,confirmed,0.17,zoneLayer 43 × prop scale (0.155–0.180),117.5,0.45,#4b5130,0.15,0.27,
4_strips_surfaces,지면·띠(도로·물가·물·이랑·목초지·계절 지면·데칼),public/assets/zones/orchard_floor_a-v1.png,wave4-pilot,설치,confirmed,0.5,drawZones floor pattern,124.3,0.374,#7e8350,0.34,-0.27,
4_strips_surfaces,지면·띠(도로·물가·물·이랑·목초지·계절 지면·데칼),public/assets/zones/pasture_a-v1.png,wave4-pilot,설치,confirmed,0.5,drawZones floor pattern,141.2,0.397,#8e9257,0.81,-0.1,
4_strips_surfaces,지면·띠(도로·물가·물·이랑·목초지·계절 지면·데칼),public/assets/shore/shallow_a-v1.png,wave4-pilot,설치,confirmed,0.5,drawShoreline pattern,127.5,0.322,#61878f,0.43,-0.64,
4_strips_surfaces,지면·띠(도로·물가·물·이랑·목초지·계절 지면·데칼),public/assets/shore/shoreline_a-v1.png,wave4-pilot,설치,confirmed,0.2795,등록만(로드 안 함) — 같은 계열 배율,111.2,0.288,#5c7879,-0.02,-0.88,
4_strips_surfaces,지면·띠(도로·물가·물·이랑·목초지·계절 지면·데칼),public/assets/yards/croft_bed_a-v1.png,wave4b,설치,confirmed,0.2734,zoneAssetManifest displayWidth 35,89.4,0.633,#864d2c,-0.63,1.57,
4_strips_surfaces,지면·띠(도로·물가·물·이랑·목초지·계절 지면·데칼),public/assets/yards/croft_bed_b-v1.png,wave4b,설치,confirmed,0.2734,zoneAssetManifest displayWidth 35,98.1,0.64,#8c4e2b,-0.39,1.61,
4_strips_surfaces,지면·띠(도로·물가·물·이랑·목초지·계절 지면·데칼),public/assets/yards/croft_bed_c-v1.png,wave4b,설치,confirmed,0.2734,zoneAssetManifest displayWidth 35,94.8,0.629,#894c2a,-0.48,1.54,
4_strips_surfaces,지면·띠(도로·물가·물·이랑·목초지·계절 지면·데칼),public/assets/road/earth_strip_a-v3.png,wave4b,설치,confirmed,0.363,drawRoadRibbons (along a tile axis; v1·v2 URL override only),121.0,0.385,#917759,0.25,-0.19,
4_strips_surfaces,지면·띠(도로·물가·물·이랑·목초지·계절 지면·데칼),public/assets/road/earth_strip_b-v3.png,wave4b,설치,confirmed,0.363,drawRoadRibbons (along a tile axis; v1·v2 URL override only),120.7,0.383,#8e7756,0.24,-0.21,
4_strips_surfaces,지면·띠(도로·물가·물·이랑·목초지·계절 지면·데칼),public/assets/road/earth_strip_c-v3.png,wave4b,설치,confirmed,0.363,drawRoadRibbons (along a tile axis; v1·v2 URL override only),120.6,0.389,#907658,0.24,-0.16,
4_strips_surfaces,지면·띠(도로·물가·물·이랑·목초지·계절 지면·데칼),public/assets/road/earth_strip_d-v3.png,wave4b,설치,confirmed,0.363,drawRoadRibbons (along a tile axis; v1·v2 URL override only),120.9,0.398,#8a7354,0.25,-0.1,
4_strips_surfaces,지면·띠(도로·물가·물·이랑·목초지·계절 지면·데칼),public/assets/fields/furrow_stamp_a-v1.png,wave4b,설치,confirmed,0.4,drawArableFields 64×length÷1.4 (0.268–0.536),69.1,0.581,#533623,-1.19,1.2,
4_strips_surfaces,지면·띠(도로·물가·물·이랑·목초지·계절 지면·데칼),public/assets/fields/furrow_stamp_b-v1.png,wave4b,설치,confirmed,0.4,drawArableFields 64×length÷1.4 (0.268–0.536),72.3,0.59,#533623,-1.1,1.26,
4_strips_surfaces,지면·띠(도로·물가·물·이랑·목초지·계절 지면·데칼),public/assets/fields/furrow_stamp_c-v1.png,wave4b,설치,confirmed,0.4,drawArableFields 64×length÷1.4 (0.268–0.536),69.7,0.605,#543722,-1.18,1.37,
4_strips_surfaces,지면·띠(도로·물가·물·이랑·목초지·계절 지면·데칼),public/assets/fields/furrow_stamp_d-v1.png,wave4b,설치,confirmed,0.4,drawArableFields 64×length÷1.4 (0.268–0.536),68.7,0.598,#6e492c,-1.2,1.32,
4_strips_surfaces,지면·띠(도로·물가·물·이랑·목초지·계절 지면·데칼),public/assets/zones/orchard_apple_d-v1.png,wave4b,설치,confirmed,0.17,zoneLayer 43 × prop scale (0.155–0.180),117.0,0.44,#4c5133,0.14,0.2,
4_strips_surfaces,지면·띠(도로·물가·물·이랑·목초지·계절 지면·데칼),public/assets/zones/orchard_floor_b-v1.png,wave4b,설치,confirmed,0.5,drawZones floor pattern,124.2,0.374,#7d8350,0.34,-0.27,
4_strips_surfaces,지면·띠(도로·물가·물·이랑·목초지·계절 지면·데칼),public/assets/zones/orchard_pear_e-v1.png,wave4b,설치,confirmed,0.17,zoneLayer 43 × prop scale (0.155–0.180),117.4,0.447,#4c5232,0.15,0.25,
4_strips_surfaces,지면·띠(도로·물가·물·이랑·목초지·계절 지면·데칼),public/assets/zones/orchard_plum_f-v1.png,wave4b,설치,confirmed,0.17,zoneLayer 43 × prop scale (0.155–0.180),117.1,0.443,#8d9149,0.14,0.22,
4_strips_surfaces,지면·띠(도로·물가·물·이랑·목초지·계절 지면·데칼),public/assets/zones/pasture_b-v1.png,wave4b,설치,confirmed,0.5,drawZones floor pattern,140.9,0.398,#8f9157,0.8,-0.1,
4_strips_surfaces,지면·띠(도로·물가·물·이랑·목초지·계절 지면·데칼),public/assets/zones/pasture_c-v1.png,wave4b,설치,confirmed,0.5,drawZones floor pattern,141.0,0.395,#8e9158,0.8,-0.12,
4_strips_surfaces,지면·띠(도로·물가·물·이랑·목초지·계절 지면·데칼),public/assets/fields/ridge_fallow_a-v1.png,wave4b,설치,confirmed,0.2795,drawArableFields: 128 PNG px per tile (along the axis),84.8,0.522,#6a4e33,-0.76,0.78,
4_strips_surfaces,지면·띠(도로·물가·물·이랑·목초지·계절 지면·데칼),public/assets/fields/ridge_fallow_b-v1.png,wave4b,설치,confirmed,0.2795,drawArableFields: 128 PNG px per tile (along the axis),84.4,0.525,#6a4e33,-0.77,0.8,
4_strips_surfaces,지면·띠(도로·물가·물·이랑·목초지·계절 지면·데칼),public/assets/fields/ridge_growing_a-v1.png,wave4b,설치,confirmed,0.2795,drawArableFields: 128 PNG px per tile (along the axis),97.7,0.599,#6c4e2f,-0.4,1.32,
4_strips_surfaces,지면·띠(도로·물가·물·이랑·목초지·계절 지면·데칼),public/assets/fields/ridge_growing_b-v1.png,wave4b,설치,confirmed,0.2795,drawArableFields: 128 PNG px per tile (along the axis),98.2,0.601,#6d4d2f,-0.38,1.34,
4_strips_surfaces,지면·띠(도로·물가·물·이랑·목초지·계절 지면·데칼),public/assets/fields/ridge_ploughed_a-v1.png,wave4b,설치,confirmed,0.2795,drawArableFields: 128 PNG px per tile (along the axis),77.3,0.571,#724f2f,-0.96,1.13,
4_strips_surfaces,지면·띠(도로·물가·물·이랑·목초지·계절 지면·데칼),public/assets/fields/ridge_ploughed_b-v1.png,wave4b,설치,confirmed,0.2795,drawArableFields: 128 PNG px per tile (along the axis),77.7,0.542,#714f31,-0.95,0.92,
4_strips_surfaces,지면·띠(도로·물가·물·이랑·목초지·계절 지면·데칼),public/assets/fields/ridge_seedling_a-v1.png,wave4b,설치,confirmed,0.2795,drawArableFields: 128 PNG px per tile (along the axis),83.3,0.602,#765030,-0.8,1.34,
4_strips_surfaces,지면·띠(도로·물가·물·이랑·목초지·계절 지면·데칼),public/assets/fields/ridge_seedling_b-v1.png,wave4b,설치,confirmed,0.2795,drawArableFields: 128 PNG px per tile (along the axis),85.7,0.592,#765030,-0.73,1.28,
4_strips_surfaces,지면·띠(도로·물가·물·이랑·목초지·계절 지면·데칼),public/assets/shore/shallow_b-v1.png,wave4b,설치,confirmed,0.5,drawShoreline pattern,127.4,0.323,#62888d,0.42,-0.63,
4_strips_surfaces,지면·띠(도로·물가·물·이랑·목초지·계절 지면·데칼),public/assets/shore/shallow_c-v1.png,wave4b,설치,confirmed,0.5,drawShoreline pattern,127.2,0.326,#61878e,0.42,-0.61,
4_strips_surfaces,지면·띠(도로·물가·물·이랑·목초지·계절 지면·데칼),public/assets/shore/shoreline_b-v1.png,wave4b,설치,confirmed,0.2795,등록만(로드 안 함) — 같은 계열 배율,112.3,0.286,#6d704a,0.01,-0.89,
4_strips_surfaces,지면·띠(도로·물가·물·이랑·목초지·계절 지면·데칼),public/assets/shore/shoreline_c-v1.png,wave4b,설치,confirmed,0.2795,등록만(로드 안 함) — 같은 계열 배율,111.2,0.292,#5b7878,-0.02,-0.85,
4_strips_surfaces,지면·띠(도로·물가·물·이랑·목초지·계절 지면·데칼),public/assets/shore/shoreline_d-v1.png,wave4b,설치,confirmed,0.2795,등록만(로드 안 함) — 같은 계열 배율,111.6,0.318,#59787b,-0.01,-0.66,
4_strips_surfaces,지면·띠(도로·물가·물·이랑·목초지·계절 지면·데칼),public/assets/fields/soil_a-v1.png,wave4b,설치,confirmed,0.5,drawZones floor pattern,86.1,0.547,#735034,-0.72,0.96,
4_strips_surfaces,지면·띠(도로·물가·물·이랑·목초지·계절 지면·데칼),public/assets/fields/soil_b-v1.png,wave4b,설치,confirmed,0.5,drawZones floor pattern,88.3,0.551,#765135,-0.66,0.99,
4_strips_surfaces,지면·띠(도로·물가·물·이랑·목초지·계절 지면·데칼),public/assets/zones/orchard_apple_g-v1.png,wave4c,설치,confirmed,0.17,zoneLayer 43 × prop scale (0.155–0.180),116.7,0.421,#4c5135,0.13,0.06,
4_strips_surfaces,지면·띠(도로·물가·물·이랑·목초지·계절 지면·데칼),public/assets/zones/orchard_apple_h-v1.png,wave4c,설치,confirmed,0.17,zoneLayer 43 × prop scale (0.155–0.180),111.8,0.437,#4e4e30,-0.01,0.18,
4_strips_surfaces,지면·띠(도로·물가·물·이랑·목초지·계절 지면·데칼),public/assets/zones/orchard_pear_i-v1.png,wave4c,설치,confirmed,0.17,zoneLayer 43 × prop scale (0.155–0.180),108.6,0.44,#4e4e2f,-0.1,0.2,
4_strips_surfaces,지면·띠(도로·물가·물·이랑·목초지·계절 지면·데칼),public/assets/zones/orchard_plum_j-v1.png,wave4c,설치,confirmed,0.17,zoneLayer 43 × prop scale (0.155–0.180),79.4,0.421,#4f4d2d,-0.9,0.07,
4_strips_surfaces,지면·띠(도로·물가·물·이랑·목초지·계절 지면·데칼),public/assets/fields/ridge_stubble_a-v1.png,wave4c,설치,confirmed,0.2795,drawArableFields: 128 PNG px per tile (along the axis),93.3,0.51,#6b5035,-0.52,0.69,
4_strips_surfaces,지면·띠(도로·물가·물·이랑·목초지·계절 지면·데칼),public/assets/fields/ridge_stubble_b-v1.png,wave4c,설치,confirmed,0.2795,drawArableFields: 128 PNG px per tile (along the axis),88.3,0.528,#6d5034,-0.66,0.82,
4_strips_surfaces,지면·띠(도로·물가·물·이랑·목초지·계절 지면·데칼),public/assets/water/deep_a-v1.png,wave4d,설치,confirmed,0.5,drawShoreline pattern,107.3,0.334,#4f7278,-0.13,-0.55,
4_strips_surfaces,지면·띠(도로·물가·물·이랑·목초지·계절 지면·데칼),public/assets/water/deep_b-v1.png,wave4d,설치,confirmed,0.5,drawShoreline pattern,107.0,0.331,#507177,-0.14,-0.57,
4_strips_surfaces,지면·띠(도로·물가·물·이랑·목초지·계절 지면·데칼),public/assets/water/deep_c-v1.png,wave4d,설치,confirmed,0.5,drawShoreline pattern,107.5,0.334,#507278,-0.12,-0.55,
4_strips_surfaces,지면·띠(도로·물가·물·이랑·목초지·계절 지면·데칼),public/assets/shore/mudstone_a-v1.png,wave4d,설치,confirmed,0.25,drawShoreline fixed width,105.1,0.279,#544937,-0.19,-0.94,
4_strips_surfaces,지면·띠(도로·물가·물·이랑·목초지·계절 지면·데칼),public/assets/shore/mudstone_b-v1.png,wave4d,설치,confirmed,0.25,drawShoreline fixed width,106.3,0.261,#695b45,-0.16,-1.07,
4_strips_surfaces,지면·띠(도로·물가·물·이랑·목초지·계절 지면·데칼),public/assets/shore/reeds_a-v1.png,wave4d,설치,confirmed,0.25,drawShoreline fixed width,107.0,0.46,#585333,-0.14,0.34,
4_strips_surfaces,지면·띠(도로·물가·물·이랑·목초지·계절 지면·데칼),public/assets/shore/reeds_b-v1.png,wave4d,설치,confirmed,0.25,drawShoreline fixed width,123.0,0.433,#716a46,0.3,0.15,
4_strips_surfaces,지면·띠(도로·물가·물·이랑·목초지·계절 지면·데칼),public/assets/shore/reeds_c-v1.png,wave4d,설치,confirmed,0.25,drawShoreline fixed width,127.1,0.46,#ac9153,0.42,0.34,
4_strips_surfaces,지면·띠(도로·물가·물·이랑·목초지·계절 지면·데칼),public/assets/shore/shoreline_e-v1.png,wave4d,설치,confirmed,0.2795,등록만(로드 안 함) — 같은 계열 배율,93.9,0.259,#4d6264,-0.5,-1.08,
4_strips_surfaces,지면·띠(도로·물가·물·이랑·목초지·계절 지면·데칼),public/assets/shore/shoreline_f-v1.png,wave4d,설치,confirmed,0.2795,등록만(로드 안 함) — 같은 계열 배율,96.5,0.256,#4d6366,-0.43,-1.1,
4_strips_surfaces,지면·띠(도로·물가·물·이랑·목초지·계절 지면·데칼),public/assets/shore/shoreline_deep_a-v1.png,wave4e,설치,confirmed,0.2795,drawShoreline 128 PNG px per tile,95.8,0.366,#47676f,-0.45,-0.33,
4_strips_surfaces,지면·띠(도로·물가·물·이랑·목초지·계절 지면·데칼),public/assets/shore/shoreline_deep_b-v1.png,wave4e,설치,confirmed,0.2795,drawShoreline 128 PNG px per tile,98.9,0.328,#4c686f,-0.36,-0.6,
4_strips_surfaces,지면·띠(도로·물가·물·이랑·목초지·계절 지면·데칼),public/assets/shore/shallow_d-v1.png,wave5c,설치,confirmed,0.5,drawShoreline pattern,111.4,0.322,#53757b,-0.02,-0.63,
4_strips_surfaces,지면·띠(도로·물가·물·이랑·목초지·계절 지면·데칼),public/assets/shore/shallow_e-v1.png,wave5c,설치,confirmed,0.5,drawShoreline pattern,111.3,0.323,#53757b,-0.02,-0.63,
4_strips_surfaces,지면·띠(도로·물가·물·이랑·목초지·계절 지면·데칼),public/assets/wave7/season/dry_grass_a-v1.png,wave7,설치,confirmed,0.5,seasonalDecals DECAL_SCALE,128.1,0.411,#8c7550,0.44,-0.01,
4_strips_surfaces,지면·띠(도로·물가·물·이랑·목초지·계절 지면·데칼),public/assets/wave7/season/dry_grass_b-v1.png,wave7,설치,confirmed,0.5,seasonalDecals DECAL_SCALE,124.4,0.41,#8b7452,0.34,-0.02,
4_strips_surfaces,지면·띠(도로·물가·물·이랑·목초지·계절 지면·데칼),public/assets/wave7/season/frost_patch_a-v2.png,wave7,설치,confirmed,0.5,seasonalDecals DECAL_SCALE,254.9,0.0,#ffffff,3.96,-2.92,yes
4_strips_surfaces,지면·띠(도로·물가·물·이랑·목초지·계절 지면·데칼),public/assets/wave7/season/frost_patch_b-v2.png,wave7,설치,confirmed,0.5,seasonalDecals DECAL_SCALE,254.9,0.0,#ffffff,3.96,-2.92,yes
4_strips_surfaces,지면·띠(도로·물가·물·이랑·목초지·계절 지면·데칼),public/assets/wave7/season/frost_patch_c-v2.png,wave7,설치,confirmed,0.5,seasonalDecals DECAL_SCALE,254.9,0.0,#ffffff,3.96,-2.91,yes
4_strips_surfaces,지면·띠(도로·물가·물·이랑·목초지·계절 지면·데칼),public/assets/wave7/season/leaves_a-v1.png,wave7,설치,confirmed,0.5,seasonalDecals DECAL_SCALE,90.5,0.719,#ad6e2c,-0.6,2.18,yes
4_strips_surfaces,지면·띠(도로·물가·물·이랑·목초지·계절 지면·데칼),public/assets/wave7/season/leaves_b-v1.png,wave7,설치,confirmed,0.5,seasonalDecals DECAL_SCALE,95.1,0.522,#6e4d34,-0.47,0.78,
4_strips_surfaces,지면·띠(도로·물가·물·이랑·목초지·계절 지면·데칼),public/assets/wave7/season/leaves_c-v1.png,wave7,설치,confirmed,0.5,seasonalDecals DECAL_SCALE,95.1,0.504,#724f32,-0.47,0.65,
4_strips_surfaces,지면·띠(도로·물가·물·이랑·목초지·계절 지면·데칼),public/assets/wave9/decal/fresh_graves_a-v1.png,wave9,설치,confirmed,0.5,seasonalDecals fixed (graves·weeds 미사용),71.0,0.354,#554835,-1.14,-0.41,
4_strips_surfaces,지면·띠(도로·물가·물·이랑·목초지·계절 지면·데칼),public/assets/wave9/decal/fresh_graves_b-v1.png,wave9,설치,confirmed,0.5,seasonalDecals fixed (graves·weeds 미사용),74.1,0.374,#554835,-1.05,-0.27,
4_strips_surfaces,지면·띠(도로·물가·물·이랑·목초지·계절 지면·데칼),public/assets/wave9/decal/puddle_a-v1.png,wave9,설치,confirmed,0.5,seasonalDecals fixed (graves·weeds 미사용),96.6,0.307,#6d6d6f,-0.43,-0.74,
4_strips_surfaces,지면·띠(도로·물가·물·이랑·목초지·계절 지면·데칼),public/assets/wave9/decal/puddle_b-v1.png,wave9,설치,confirmed,0.5,seasonalDecals fixed (graves·weeds 미사용),85.2,0.359,#6a5135,-0.75,-0.37,
4_strips_surfaces,지면·띠(도로·물가·물·이랑·목초지·계절 지면·데칼),public/assets/wave9/field/ridge_blighted_a-v1.png,wave9,설치,confirmed,0.2795,drawArableFields: 128 PNG px per tile (along the axis),51.3,0.407,#2f251b,-1.68,-0.04,
4_strips_surfaces,지면·띠(도로·물가·물·이랑·목초지·계절 지면·데칼),public/assets/wave9/field/ridge_blighted_b-v1.png,wave9,설치,confirmed,0.2795,drawArableFields: 128 PNG px per tile (along the axis),61.3,0.505,#4b3825,-1.41,0.66,
4_strips_surfaces,지면·띠(도로·물가·물·이랑·목초지·계절 지면·데칼),public/assets/wave9/field/ridge_flooded-v1.png,wave9,설치,confirmed,0.2795,drawArableFields: 128 PNG px per tile (along the axis),85.8,0.435,#695234,-0.73,0.16,
4_strips_surfaces,지면·띠(도로·물가·물·이랑·목초지·계절 지면·데칼),public/assets/wave9/decal/soot_ground-v1.png,wave9,설치,confirmed,0.7,buildingOverlays fixed,69.9,0.303,#342c29,-1.17,-0.77,
4_strips_surfaces,지면·띠(도로·물가·물·이랑·목초지·계절 지면·데칼),public/assets/wave9/decal/weeds_overgrown_a-v1.png,wave9,설치,confirmed,0.5,seasonalDecals fixed (graves·weeds 미사용),81.8,0.571,#68542d,-0.84,1.13,
4_strips_surfaces,지면·띠(도로·물가·물·이랑·목초지·계절 지면·데칼),public/assets/wave9/decal/weeds_overgrown_b-v1.png,wave9,설치,confirmed,0.5,seasonalDecals fixed (graves·weeds 미사용),69.8,0.478,#57462d,-1.17,0.47,
4_strips_surfaces,지면·띠(도로·물가·물·이랑·목초지·계절 지면·데칼),public/assets/terrain/forest_floor.png,장부 밖,설치,장부 밖,1.0,terrainPatterns 1.0,96.1,0.402,#766547,-0.44,-0.07,
4_strips_surfaces,지면·띠(도로·물가·물·이랑·목초지·계절 지면·데칼),public/assets/terrain/grass.png,장부 밖,설치,장부 밖,1.0,terrainPatterns 1.0,131.5,0.375,#878b57,0.54,-0.26,
4_strips_surfaces,지면·띠(도로·물가·물·이랑·목초지·계절 지면·데칼),public/assets/terrain/packed_earth_road.png,장부 밖,설치,장부 밖,1.0,terrainPatterns 1.0,148.7,0.306,#a99375,1.02,-0.75,
4_strips_surfaces,지면·띠(도로·물가·물·이랑·목초지·계절 지면·데칼),public/assets/phase16-landscape/pasture.png,장부 밖,설치,장부 밖,0.3774,townLandscapeManifest displayWidth/width,109.8,0.481,#6e7037,-0.06,0.49,
4_strips_surfaces,지면·띠(도로·물가·물·이랑·목초지·계절 지면·데칼),public/assets/terrain/rock.png,장부 밖,설치,장부 밖,1.0,terrainPatterns 1.0,117.5,0.157,#76716a,0.15,-1.8,
4_strips_surfaces,지면·띠(도로·물가·물·이랑·목초지·계절 지면·데칼),public/assets/phase16-landscape/vegetable.png,장부 밖,설치,장부 밖,0.3333,townLandscapeManifest displayWidth/width,73.0,0.501,#554a2d,-1.08,0.63,
4_strips_surfaces,지면·띠(도로·물가·물·이랑·목초지·계절 지면·데칼),public/assets/terrain/water.png,장부 밖,설치,장부 밖,1.0,terrainPatterns 1.0,141.5,0.395,#6390a6,0.81,-0.12,
4_strips_surfaces,나무·수풀·숲 가장자리,public/assets/boundary/forest_fringe_a-v1.png,d1,설치,confirmed,0.5,drawGroundBoundaries 64×48 × decal scale,98.6,0.492,#514e2a,-0.52,0.56,
4_strips_surfaces,나무·수풀·숲 가장자리,public/assets/boundary/forest_fringe_b-v1.png,d1,설치,confirmed,0.5,drawGroundBoundaries 64×48 × decal scale,96.5,0.556,#524e25,-0.6,1.08,
4_strips_surfaces,나무·수풀·숲 가장자리,public/assets/boundary/forest_fringe_c-v1.png,d1b,설치,confirmed,0.5,drawGroundBoundaries 64×48 × decal scale,89.7,0.552,#684f2e,-0.86,1.04,
4_strips_surfaces,나무·수풀·숲 가장자리,public/assets/wave15/foliage/field_stone_winter-v1.png,wave15,설치,confirmed,1.0,groundCoverLayout per-instance 0.75–1.25,152.7,0.144,#d2d1cf,1.55,-2.24,yes
4_strips_surfaces,나무·수풀·숲 가장자리,public/assets/wave15/boundary/forest_fringe_a_autumn-v1.png,wave15,설치,confirmed,0.5,drawGroundBoundaries 64×48 × decal scale,107.4,0.666,#6e4c26,-0.19,1.96,
4_strips_surfaces,나무·수풀·숲 가장자리,public/assets/wave15/boundary/forest_fringe_a_winter-v1.png,wave15,설치,confirmed,0.5,drawGroundBoundaries 64×48 × decal scale,105.5,0.395,#6b4f36,-0.26,-0.22,
4_strips_surfaces,나무·수풀·숲 가장자리,public/assets/wave15/boundary/forest_fringe_b_autumn-v1.png,wave15,설치,confirmed,0.5,drawGroundBoundaries 64×48 × decal scale,91.7,0.642,#4d321b,-0.79,1.77,
4_strips_surfaces,나무·수풀·숲 가장자리,public/assets/wave15/boundary/forest_fringe_b_winter-v1.png,wave15,설치,confirmed,0.5,drawGroundBoundaries 64×48 × decal scale,106.4,0.394,#4b3626,-0.23,-0.22,
4_strips_surfaces,나무·수풀·숲 가장자리,public/assets/wave15/boundary/forest_fringe_c_autumn-v1.png,wave15,설치,confirmed,0.5,drawGroundBoundaries 64×48 × decal scale,91.5,0.632,#4b321a,-0.8,1.69,
4_strips_surfaces,나무·수풀·숲 가장자리,public/assets/wave15/boundary/forest_fringe_c_winter-v1.png,wave15,설치,confirmed,0.5,drawGroundBoundaries 64×48 × decal scale,112.5,0.345,#685139,0.01,-0.62,
4_strips_surfaces,나무·수풀·숲 가장자리,public/assets/wave15/foliage/grass_tuft_autumn-v1.png,wave15,설치,confirmed,1.0,groundCoverLayout per-instance 0.75–1.25,115.1,0.654,#745325,0.11,1.87,
4_strips_surfaces,나무·수풀·숲 가장자리,public/assets/wave15/foliage/grass_tuft_winter-v1.png,wave15,설치,confirmed,1.0,groundCoverLayout per-instance 0.75–1.25,115.2,0.46,#6e5830,0.11,0.3,
4_strips_surfaces,나무·수풀·숲 가장자리,public/assets/wave15/orchard/orchard_apple_c_spring-v1.png,wave15,설치,confirmed,0.17,zoneLayer 43 × prop scale (0.155–0.180),170.3,0.29,#f1d5c9,2.23,-1.07,yes
4_strips_surfaces,나무·수풀·숲 가장자리,public/assets/wave15/orchard/orchard_apple_c_winter-v1.png,wave15,설치,confirmed,0.17,zoneLayer 43 × prop scale (0.155–0.180),123.6,0.358,#6d5844,0.44,-0.51,
4_strips_surfaces,나무·수풀·숲 가장자리,public/assets/wave15/orchard/orchard_apple_d_spring-v1.png,wave15,설치,confirmed,0.17,zoneLayer 43 × prop scale (0.155–0.180),172.8,0.278,#faead2,2.32,-1.16,yes
4_strips_surfaces,나무·수풀·숲 가장자리,public/assets/wave15/orchard/orchard_apple_d_winter-v1.png,wave15,설치,confirmed,0.17,zoneLayer 43 × prop scale (0.155–0.180),109.3,0.361,#6e5844,-0.11,-0.49,
4_strips_surfaces,나무·수풀·숲 가장자리,public/assets/wave15/orchard/orchard_apple_g_spring-v1.png,wave15,설치,confirmed,0.17,zoneLayer 43 × prop scale (0.155–0.180),177.5,0.252,#f9e9d6,2.5,-1.37,yes
4_strips_surfaces,나무·수풀·숲 가장자리,public/assets/wave15/orchard/orchard_apple_g_winter-v1.png,wave15,설치,confirmed,0.17,zoneLayer 43 × prop scale (0.155–0.180),105.9,0.352,#6b5745,-0.24,-0.56,
4_strips_surfaces,나무·수풀·숲 가장자리,public/assets/wave15/orchard/orchard_apple_h_spring-v1.png,wave15,설치,confirmed,0.17,zoneLayer 43 × prop scale (0.155–0.180),161.1,0.307,#f9e9d2,1.87,-0.93,
4_strips_surfaces,나무·수풀·숲 가장자리,public/assets/wave15/orchard/orchard_apple_h_winter-v1.png,wave15,설치,confirmed,0.17,zoneLayer 43 × prop scale (0.155–0.180),99.6,0.393,#8b7054,-0.49,-0.23,
4_strips_surfaces,나무·수풀·숲 가장자리,public/assets/wave15/orchard/orchard_pear_e_spring-v1.png,wave15,설치,confirmed,0.17,zoneLayer 43 × prop scale (0.155–0.180),164.2,0.283,#f8e9d3,1.99,-1.12,
4_strips_surfaces,나무·수풀·숲 가장자리,public/assets/wave15/orchard/orchard_pear_e_winter-v1.png,wave15,설치,confirmed,0.17,zoneLayer 43 × prop scale (0.155–0.180),98.1,0.362,#574637,-0.54,-0.48,
4_strips_surfaces,나무·수풀·숲 가장자리,public/assets/wave15/orchard/orchard_pear_i_spring-v1.png,wave15,설치,confirmed,0.17,zoneLayer 43 × prop scale (0.155–0.180),152.6,0.302,#f8eacf,1.55,-0.97,
4_strips_surfaces,나무·수풀·숲 가장자리,public/assets/wave15/orchard/orchard_pear_i_winter-v1.png,wave15,설치,confirmed,0.17,zoneLayer 43 × prop scale (0.155–0.180),100.0,0.413,#574531,-0.47,-0.07,
4_strips_surfaces,나무·수풀·숲 가장자리,public/assets/wave15/orchard/orchard_plum_f_spring-v1.png,wave15,설치,confirmed,0.17,zoneLayer 43 × prop scale (0.155–0.180),183.1,0.242,#f9e9d6,2.72,-1.45,yes
4_strips_surfaces,나무·수풀·숲 가장자리,public/assets/wave15/orchard/orchard_plum_f_winter-v1.png,wave15,설치,confirmed,0.17,zoneLayer 43 × prop scale (0.155–0.180),103.2,0.356,#6e5745,-0.35,-0.53,
4_strips_surfaces,나무·수풀·숲 가장자리,public/assets/wave15/orchard/orchard_plum_j_spring-v1.png,wave15,설치,confirmed,0.17,zoneLayer 43 × prop scale (0.155–0.180),138.6,0.335,#544d2d,1.01,-0.7,
4_strips_surfaces,나무·수풀·숲 가장자리,public/assets/wave15/orchard/orchard_plum_j_winter-v1.png,wave15,설치,confirmed,0.17,zoneLayer 43 × prop scale (0.155–0.180),89.7,0.373,#574636,-0.87,-0.4,
4_strips_surfaces,나무·수풀·숲 가장자리,public/assets/wave15/orchard/orchard_tree_spring-v1.png,wave15,설치,confirmed,0.17,zoneLayer 43 × prop scale (0.155–0.180),132.0,0.426,#675630,0.76,0.03,
4_strips_surfaces,나무·수풀·숲 가장자리,public/assets/wave15/orchard/orchard_tree_winter-v1.png,wave15,설치,confirmed,0.17,zoneLayer 43 × prop scale (0.155–0.180),79.0,0.423,#554630,-1.28,0.0,
4_strips_surfaces,나무·수풀·숲 가장자리,public/assets/wave15/foliage/shrub_a_autumn-v1.png,wave15,설치,confirmed,1.0,groundCoverLayout per-instance 0.75–1.25,93.1,0.65,#6e4c26,-0.74,1.83,
4_strips_surfaces,나무·수풀·숲 가장자리,public/assets/wave15/foliage/shrub_a_spring-v1.png,wave15,설치,confirmed,1.0,groundCoverLayout per-instance 0.75–1.25,120.3,0.492,#485329,0.31,0.56,
4_strips_surfaces,나무·수풀·숲 가장자리,public/assets/wave15/foliage/shrub_a_winter-v1.png,wave15,설치,confirmed,1.0,groundCoverLayout per-instance 0.75–1.25,96.5,0.314,#564739,-0.61,-0.87,
4_strips_surfaces,나무·수풀·숲 가장자리,public/assets/wave15/foliage/shrub_b_autumn-v1.png,wave15,설치,confirmed,1.0,groundCoverLayout per-instance 0.75–1.25,83.3,0.535,#4f3826,-1.11,0.91,
4_strips_surfaces,나무·수풀·숲 가장자리,public/assets/wave15/foliage/shrub_b_spring-v1.png,wave15,설치,confirmed,1.0,groundCoverLayout per-instance 0.75–1.25,105.6,0.521,#4c5127,-0.26,0.79,
4_strips_surfaces,나무·수풀·숲 가장자리,public/assets/wave15/foliage/shrub_b_winter-v1.png,wave15,설치,confirmed,1.0,groundCoverLayout per-instance 0.75–1.25,81.3,0.251,#4f443a,-1.19,-1.37,
4_strips_surfaces,나무·수풀·숲 가장자리,public/assets/wave15/foliage/stump_fresh_winter-v1.png,wave15,설치,confirmed,0.75,treeLayout 0.62–0.88,126.5,0.429,#f1f0ef,0.55,0.06,
4_strips_surfaces,나무·수풀·숲 가장자리,public/assets/wave15/foliage/stump_old_winter-v1.png,wave15,설치,confirmed,0.56,treeLayout 0.40–0.72,83.3,0.299,#45382c,-1.11,-0.99,
4_strips_surfaces,나무·수풀·숲 가장자리,public/assets/wave15/foliage/tree_birch_autumn-v1.png,wave15,설치,confirmed,0.533,same as base tree,139.3,0.657,#8f7224,1.03,1.89,
4_strips_surfaces,나무·수풀·숲 가장자리,public/assets/wave15/foliage/tree_birch_spring-v1.png,wave15,설치,confirmed,0.533,same as base tree,129.3,0.491,#4b542a,0.65,0.55,
4_strips_surfaces,나무·수풀·숲 가장자리,public/assets/wave15/foliage/tree_birch_winter-v1.png,wave15,설치,confirmed,0.533,same as base tree,107.0,0.298,#685747,-0.2,-1.0,
4_strips_surfaces,나무·수풀·숲 가장자리,public/assets/wave15/foliage/tree_dead_winter_snow-v1.png,wave15,설치,confirmed,0.52,same as base tree,89.3,0.341,#48392b,-0.88,-0.65,
4_strips_surfaces,나무·수풀·숲 가장자리,public/assets/wave15/foliage/tree_oak_large_autumn-v1.png,wave15,설치,confirmed,0.514,same as base tree (renderScale),107.4,0.622,#6e4a28,-0.19,1.61,
4_strips_surfaces,나무·수풀·숲 가장자리,public/assets/wave15/foliage/tree_oak_large_spring-v1.png,wave15,설치,confirmed,0.514,same as base tree (renderScale),127.2,0.53,#4c5129,0.57,0.87,
4_strips_surfaces,나무·수풀·숲 가장자리,public/assets/wave15/foliage/tree_oak_large_winter-v1.png,wave15,설치,confirmed,0.514,same as base tree (renderScale),87.9,0.475,#4b3726,-0.94,0.42,
4_strips_surfaces,나무·수풀·숲 가장자리,public/assets/wave15/foliage/tree_oak_large_winter_snow-v1.png,wave15,설치,confirmed,0.514,same as base tree (renderScale),98.5,0.337,#564634,-0.53,-0.69,
4_strips_surfaces,나무·수풀·숲 가장자리,public/assets/wave15/foliage/tree_oak_small_autumn-v1.png,wave15,설치,confirmed,0.544,same as base tree (renderScale),94.9,0.617,#6f4c2a,-0.66,1.57,
4_strips_surfaces,나무·수풀·숲 가장자리,public/assets/wave15/foliage/tree_oak_small_spring-v1.png,wave15,설치,confirmed,0.544,same as base tree (renderScale),127.4,0.567,#495425,0.58,1.16,
4_strips_surfaces,나무·수풀·숲 가장자리,public/assets/wave15/foliage/tree_oak_small_winter-v1.png,wave15,설치,confirmed,0.544,same as base tree (renderScale),96.4,0.288,#544739,-0.61,-1.08,
4_strips_surfaces,나무·수풀·숲 가장자리,public/assets/wave15/foliage/tree_oak_small_winter_snow-v1.png,wave15,설치,confirmed,0.544,same as base tree (renderScale),99.0,0.315,#584636,-0.51,-0.86,
4_strips_surfaces,나무·수풀·숲 가장자리,public/assets/wave15/foliage/tree_pine_short_winter_snow-v1.png,wave15,설치,confirmed,0.524,same as base tree,83.1,0.252,#2b3228,-1.12,-1.37,
4_strips_surfaces,나무·수풀·숲 가장자리,public/assets/wave15/foliage/tree_pine_tall_winter_snow-v1.png,wave15,설치,confirmed,0.533,same as base tree,88.0,0.291,#2e3227,-0.93,-1.06,
4_strips_surfaces,나무·수풀·숲 가장자리,public/assets/foliage/field_stone.png,장부 밖,설치,장부 밖,1.0,groundCoverLayout per-instance 0.75–1.25,157.9,0.254,#cab396,1.75,-1.36,
4_strips_surfaces,나무·수풀·숲 가장자리,public/assets/foliage/grass_tuft.png,장부 밖,설치,장부 밖,1.0,groundCoverLayout per-instance 0.75–1.25,107.6,0.457,#68703b,-0.18,0.28,
4_strips_surfaces,나무·수풀·숲 가장자리,public/assets/phase16-landscape/orchard.png,장부 밖,설치,장부 밖,0.354,townLandscapeManifest displayWidth/width,90.0,0.456,#514f2d,-0.86,0.27,
4_strips_surfaces,나무·수풀·숲 가장자리,public/assets/foliage/shrub_a.png,장부 밖,설치,장부 밖,1.0,groundCoverLayout per-instance 0.75–1.25,113.5,0.538,#4a562a,0.05,0.93,
4_strips_surfaces,나무·수풀·숲 가장자리,public/assets/foliage/shrub_b.png,장부 밖,설치,장부 밖,1.0,groundCoverLayout per-instance 0.75–1.25,96.2,0.484,#4b502b,-0.62,0.5,
4_strips_surfaces,나무·수풀·숲 가장자리,public/assets/foliage/stump_fresh.png,장부 밖,설치,장부 밖,0.75,treeLayout 0.62–0.88,127.3,0.483,#6e4f33,0.58,0.49,
4_strips_surfaces,나무·수풀·숲 가장자리,public/assets/foliage/stump_old.png,장부 밖,설치,장부 밖,0.56,treeLayout 0.40–0.72,98.8,0.368,#473a2e,-0.52,-0.44,
4_strips_surfaces,나무·수풀·숲 가장자리,public/assets/foliage/tree_birch.png,장부 밖,설치,장부 밖,0.6667,worldAssetManifest renderScale,123.4,0.507,#4d5429,0.43,0.68,
4_strips_surfaces,나무·수풀·숲 가장자리,public/assets/foliage/tree_dead.png,장부 밖,설치,장부 밖,0.8,worldAssetManifest renderScale,91.1,0.446,#8d704e,-0.81,0.2,
4_strips_surfaces,나무·수풀·숲 가장자리,public/assets/foliage/tree_oak_large.png,장부 밖,설치,장부 밖,0.5714,worldAssetManifest renderScale,111.9,0.508,#4b512b,-0.01,0.69,
4_strips_surfaces,나무·수풀·숲 가장자리,public/assets/foliage/tree_oak_small.png,장부 밖,설치,장부 밖,0.8,worldAssetManifest renderScale,106.3,0.522,#4a5329,-0.23,0.8,
4_strips_surfaces,나무·수풀·숲 가장자리,public/assets/foliage/tree_pine_short.png,장부 밖,설치,장부 밖,0.7273,worldAssetManifest renderScale,83.2,0.418,#2b3626,-1.11,-0.03,
4_strips_surfaces,나무·수풀·숲 가장자리,public/assets/foliage/tree_pine_tall.png,장부 밖,설치,장부 밖,0.5333,worldAssetManifest renderScale,82.7,0.393,#2f3426,-1.14,-0.23,
4_strips_surfaces,성벽·울타리·다리·교대,assets-inbox/wave17/candidates-20260926/assets/wall/stone_wall_repair_scaffold-v1.png,wave17,미설치,confirmed,0.5,Astra records game_zoom_1_source_scale,121.4,0.343,#ab9275,0.62,-0.11,
4_strips_surfaces,성벽·울타리·다리·교대,public/assets/module/bridge_abutment_ne_a-v1.png,wave4-pilot,설치,confirmed,0.25,drawShoreline abutment 64 px wide (ferry_landing 등록만),115.0,0.428,#917655,0.23,0.49,
4_strips_surfaces,성벽·울타리·다리·교대,public/assets/wall/palisade_face_a-v1.png,wave4-pilot,설치,confirmed,0.17,"drawWallFaces strip: 205 PNG px per tile along the wall, 128 rows → 20 px (v1 미사용)",112.4,0.433,#8e6e51,0.07,0.52,
4_strips_surfaces,성벽·울타리·다리·교대,public/assets/wall/stone_face_a-v1.png,wave4-pilot,설치,confirmed,0.17,"drawWallFaces strip: 205 PNG px per tile along the wall, 128 rows → 20 px (v1 미사용)",150.0,0.223,#aa9a85,2.37,-0.97,yes
4_strips_surfaces,성벽·울타리·다리·교대,public/assets/module/bridge_abutment_nw_a-v1.png,wave4b,설치,confirmed,0.25,drawShoreline abutment 64 px wide (ferry_landing 등록만),122.4,0.456,#a8845b,0.68,0.69,
4_strips_surfaces,성벽·울타리·다리·교대,public/assets/yards/hurdle_end_corner-v1.png,wave4b,설치,confirmed,0.5,zoneAssetManifest displayWidth = half,115.8,0.602,#72512b,0.28,1.72,
4_strips_surfaces,성벽·울타리·다리·교대,public/assets/yards/hurdle_straight-v1.png,wave4b,설치,confirmed,0.5,zoneAssetManifest displayWidth = half,123.6,0.553,#b58d53,0.75,1.38,
4_strips_surfaces,성벽·울타리·다리·교대,public/assets/wall/palisade_face_b-v1.png,wave4b,설치,confirmed,0.17,"drawWallFaces strip: 205 PNG px per tile along the wall, 128 rows → 20 px (v1 미사용)",112.6,0.436,#8f7051,0.08,0.55,
4_strips_surfaces,성벽·울타리·다리·교대,public/assets/wall/palisade_face_c-v1.png,wave4b,설치,confirmed,0.17,"drawWallFaces strip: 205 PNG px per tile along the wall, 128 rows → 20 px (v1 미사용)",112.4,0.428,#8f6f52,0.07,0.49,
4_strips_surfaces,성벽·울타리·다리·교대,public/assets/wall/stone_face_b-v1.png,wave4b,설치,confirmed,0.17,"drawWallFaces strip: 205 PNG px per tile along the wall, 128 rows → 20 px (v1 미사용)",150.1,0.223,#aa9a85,2.37,-0.97,yes
4_strips_surfaces,성벽·울타리·다리·교대,public/assets/wall/stone_face_c-v1.png,wave4b,설치,confirmed,0.17,"drawWallFaces strip: 205 PNG px per tile along the wall, 128 rows → 20 px (v1 미사용)",150.2,0.225,#aa9a85,2.38,-0.95,yes
4_strips_surfaces,성벽·울타리·다리·교대,public/assets/yards/hurdle_corner_e-v1.png,wave4c,설치,confirmed,0.5,zoneAssetManifest displayWidth = half,120.1,0.581,#b4874b,0.54,1.57,
4_strips_surfaces,성벽·울타리·다리·교대,public/assets/yards/hurdle_corner_s-v1.png,wave4c,설치,confirmed,0.5,zoneAssetManifest displayWidth = half,120.2,0.583,#71532d,0.54,1.59,
4_strips_surfaces,성벽·울타리·다리·교대,public/assets/yards/hurdle_corner_w-v1.png,wave4c,설치,confirmed,0.5,zoneAssetManifest displayWidth = half,120.1,0.581,#8c683a,0.54,1.58,
4_strips_surfaces,성벽·울타리·다리·교대,public/assets/yards/hurdle_gate-v1.png,wave4c,설치,confirmed,0.5,zoneAssetManifest displayWidth = half,120.2,0.576,#8d683a,0.54,1.54,
4_strips_surfaces,성벽·울타리·다리·교대,public/assets/yards/hurdle_half-v1.png,wave4c,설치,confirmed,0.5,zoneAssetManifest displayWidth = half,119.6,0.581,#8c693a,0.51,1.57,
4_strips_surfaces,성벽·울타리·다리·교대,public/assets/module/bridge_abutment_se_a-v1.png,wave4d,설치,confirmed,0.25,drawShoreline abutment 64 px wide (ferry_landing 등록만),119.4,0.453,#b18f64,0.5,0.66,
4_strips_surfaces,성벽·울타리·다리·교대,public/assets/wall/palisade_face_a-v2.png,wave4d,설치,confirmed,0.17,"drawWallFaces strip: 205 PNG px per tile along the wall, 128 rows → 20 px (v1 미사용)",96.2,0.562,#4f3623,-0.92,1.44,
4_strips_surfaces,성벽·울타리·다리·교대,public/assets/wall/palisade_face_b-v2.png,wave4d,설치,confirmed,0.17,"drawWallFaces strip: 205 PNG px per tile along the wall, 128 rows → 20 px (v1 미사용)",98.7,0.493,#4b3727,-0.77,0.95,
4_strips_surfaces,성벽·울타리·다리·교대,public/assets/wall/palisade_face_diag_top-v1.png,wave4d,설치,confirmed,0.156,drawWallFaces tops (vertical),107.6,0.536,#704c32,-0.22,1.26,
4_strips_surfaces,성벽·울타리·다리·교대,public/assets/wall/palisade_top-v1.png,wave4d,설치,confirmed,0.156,drawWallFaces tops (vertical),118.7,0.557,#c48d53,0.45,1.4,
4_strips_surfaces,성벽·울타리·다리·교대,public/assets/wall/stone_face_a-v2.png,wave4d,설치,confirmed,0.17,"drawWallFaces strip: 205 PNG px per tile along the wall, 128 rows → 20 px (v1 미사용)",116.5,0.208,#938776,0.32,-1.07,
4_strips_surfaces,성벽·울타리·다리·교대,public/assets/wall/stone_face_b-v2.png,wave4d,설치,confirmed,0.17,"drawWallFaces strip: 205 PNG px per tile along the wall, 128 rows → 20 px (v1 미사용)",116.5,0.215,#958877,0.32,-1.02,
4_strips_surfaces,성벽·울타리·다리·교대,public/assets/wall/stone_face_c-v2.png,wave4d,설치,confirmed,0.17,"drawWallFaces strip: 205 PNG px per tile along the wall, 128 rows → 20 px (v1 미사용)",116.2,0.206,#958776,0.3,-1.08,
4_strips_surfaces,성벽·울타리·다리·교대,public/assets/wall/stone_face_diag_top-v1.png,wave4d,설치,confirmed,0.156,drawWallFaces tops (vertical),124.8,0.185,#847a6c,0.82,-1.23,
4_strips_surfaces,성벽·울타리·다리·교대,public/assets/wall/stone_top_a-v1.png,wave4d,설치,confirmed,0.156,drawWallFaces tops (vertical),124.7,0.19,#8e8475,0.82,-1.2,
4_strips_surfaces,성벽·울타리·다리·교대,public/assets/wall/stone_top_b-v1.png,wave4d,설치,confirmed,0.156,drawWallFaces tops (vertical),126.0,0.191,#9b9184,0.9,-1.19,
4_strips_surfaces,성벽·울타리·다리·교대,public/assets/wall/stone_tower_corner-v1.png,wave4d,설치,confirmed,0.0737,drawWallFaces crop 44 px tall,116.2,0.22,#958774,0.3,-0.99,
4_strips_surfaces,성벽·울타리·다리·교대,public/assets/module/bridge_abutment_nw_b-v1.png,wave4e,설치,confirmed,0.25,drawShoreline abutment 64 px wide (ferry_landing 등록만),116.0,0.369,#ab906f,0.29,0.07,
4_strips_surfaces,성벽·울타리·다리·교대,public/assets/module/bridge_abutment_sw_a-v1.png,wave4e,설치,confirmed,0.25,drawShoreline abutment 64 px wide (ferry_landing 등록만),115.3,0.475,#ae865b,0.24,0.82,
4_strips_surfaces,성벽·울타리·다리·교대,public/assets/module/ferry_landing-v1.png,wave4e,설치,confirmed,0.25,drawShoreline abutment 64 px wide (ferry_landing 등록만),118.4,0.424,#ae8e6b,0.44,0.46,
4_strips_surfaces,성벽·울타리·다리·교대,public/assets/yards/hurdle_gate_short-v1.png,wave4e,설치,confirmed,0.5,zoneAssetManifest displayWidth = half,116.0,0.584,#372511,0.29,1.59,
4_strips_surfaces,성벽·울타리·다리·교대,public/assets/yards/hurdle_quarter-v1.png,wave4e,설치,confirmed,0.5,zoneAssetManifest displayWidth = half,117.5,0.587,#946a33,0.38,1.62,
4_strips_surfaces,성벽·울타리·다리·교대,public/assets/yards/hurdle_three_quarter-v1.png,wave4e,설치,confirmed,0.5,zoneAssetManifest displayWidth = half,114.0,0.644,#916934,0.17,2.02,yes
4_strips_surfaces,성벽·울타리·다리·교대,public/assets/wall/palisade_gate_v2-v1.png,wave4e,설치,confirmed,0.147,gateArtRenderer panels — vertical scale,108.2,0.418,#8f6f50,-0.19,0.42,
4_strips_surfaces,성벽·울타리·다리·교대,public/assets/wall/stone_face_rubble_a-v2.png,wave4e,설치,confirmed,0.17,"drawWallFaces strip: 205 PNG px per tile along the wall, 128 rows → 20 px (v1 미사용)",117.8,0.261,#756754,0.4,-0.69,
4_strips_surfaces,성벽·울타리·다리·교대,public/assets/wall/stone_face_rubble_b-v2.png,wave4e,설치,confirmed,0.17,"drawWallFaces strip: 205 PNG px per tile along the wall, 128 rows → 20 px (v1 미사용)",128.9,0.162,#908578,1.08,-1.4,
4_strips_surfaces,성벽·울타리·다리·교대,public/assets/wall/stone_gate_v2-v1.png,wave4e,설치,confirmed,0.147,gateArtRenderer panels — vertical scale,124.5,0.219,#b6a694,0.81,-0.99,
4_strips_surfaces,성벽·울타리·다리·교대,public/assets/wall/stone_pillar_135-v1.png,wave4e,설치,confirmed,0.0434,drawWallFaces crop 30 px tall,128.9,0.249,#b5a792,1.08,-0.78,
4_strips_surfaces,성벽·울타리·다리·교대,public/assets/wall/stone_tower_corner_b-v1.png,wave4e,설치,confirmed,0.0568,drawWallFaces crop 48 px tall,117.2,0.225,#575046,0.36,-0.95,
4_strips_surfaces,성벽·울타리·다리·교대,public/assets/wall/stone_gate_v3_nesw-v1.png,wave5c,설치,confirmed,0.251,gateArtRenderer 51.2÷204,126.5,0.208,#968675,0.93,-1.07,
4_strips_surfaces,성벽·울타리·다리·교대,public/assets/wall/stone_gate_v3_nwse-v1.png,wave5c,설치,confirmed,0.251,gateArtRenderer 51.2÷204,130.6,0.231,#ab9985,1.18,-0.91,
4_strips_surfaces,성벽·울타리·다리·교대,public/assets/wall/stone_pillar_135_b-v1.png,wave5c,설치,confirmed,0.0434,drawWallFaces crop 30 px tall,133.2,0.262,#b6a691,1.34,-0.69,
4_strips_surfaces,성벽·울타리·다리·교대,public/assets/wall/stone_pillar_135_c-v1.png,wave5c,설치,confirmed,0.0434,drawWallFaces crop 30 px tall,125.8,0.259,#746656,0.89,-0.71,
4_strips_surfaces,성벽·울타리·다리·교대,public/assets/complete-art-v1/water-bridges/bridge_stone_ne_sw-v2.png,장부 밖,설치,장부 밖,0.63,미사용(bridgeWaterKit 호출 없음) — 나무 다리 배율로 표시,98.2,0.228,#706656,-0.8,-0.93,
4_strips_surfaces,성벽·울타리·다리·교대,public/assets/complete-art-v1/water-bridges/bridge_stone_nw_se-v2.png,장부 밖,설치,장부 밖,0.63,미사용(bridgeWaterKit 호출 없음) — 나무 다리 배율로 표시,106.2,0.25,#726655,-0.31,-0.77,
4_strips_surfaces,성벽·울타리·다리·교대,public/assets/complete-art-v1/water-bridges/bridge_wood_ne_sw-v2.png,장부 밖,설치,장부 밖,0.63,drawBridges affine (deck ≈0.63 along),87.5,0.391,#312919,-1.45,0.23,
4_strips_surfaces,성벽·울타리·다리·교대,public/assets/complete-art-v1/water-bridges/bridge_wood_nw_se-v2.png,장부 밖,설치,장부 밖,0.63,drawBridges affine (deck ≈0.63 along),89.5,0.377,#655539,-1.33,0.13,
4_strips_surfaces,성벽·울타리·다리·교대,public/assets/complete-art-v1/water-bridges/ford_gravel-v1.png,장부 밖,설치,장부 밖,0.63,미사용(bridgeWaterKit 호출 없음) — 나무 다리 배율로 표시,90.8,0.218,#746f68,-1.25,-1.0,
4_strips_surfaces,성벽·울타리·다리·교대,public/assets/complete-art-v1/water-bridges/ford_stepping_stones-v1.png,장부 밖,설치,장부 밖,0.63,미사용(bridgeWaterKit 호출 없음) — 나무 다리 배율로 표시,96.9,0.271,#928773,-0.88,-0.62,
4_strips_surfaces,성벽·울타리·다리·교대,public/assets/buildings/historical-gate/gate_part_doors_closed_ne_sw-v1.png,장부 밖,설치,장부 밖,0.09,gateArtRenderer door leaves — vertical scale,83.2,0.307,#6a5846,-1.71,-0.37,
4_strips_surfaces,성벽·울타리·다리·교대,public/assets/buildings/historical-gate/gate_part_doors_closed_nw_se-v1.png,장부 밖,설치,장부 밖,0.09,gateArtRenderer door leaves — vertical scale,97.1,0.295,#786552,-0.87,-0.46,
4_strips_surfaces,성벽·울타리·다리·교대,public/assets/buildings/historical-gate/gate_part_doors_open_ne_sw-v1.png,장부 밖,설치,장부 밖,0.09,gateArtRenderer door leaves — vertical scale,92.0,0.298,#746754,-1.18,-0.43,
4_strips_surfaces,성벽·울타리·다리·교대,public/assets/buildings/historical-gate/gate_part_doors_open_nw_se-v1.png,장부 밖,설치,장부 밖,0.09,gateArtRenderer door leaves — vertical scale,99.8,0.279,#766752,-0.7,-0.57,
4_strips_surfaces,성벽·울타리·다리·교대,public/assets/buildings/historical-gate/gate_part_stone_arch_ne_sw-v1.png,장부 밖,설치,장부 밖,0.1176,"gateArtRenderer panels — non-uniform, vertical scale",115.7,0.217,#716657,0.27,-1.01,
4_strips_surfaces,성벽·울타리·다리·교대,public/assets/buildings/historical-gate/gate_part_stone_arch_nw_se-v1.png,장부 밖,설치,장부 밖,0.1176,"gateArtRenderer panels — non-uniform, vertical scale",113.6,0.2,#554f47,0.14,-1.13,
4_strips_surfaces,성벽·울타리·다리·교대,public/assets/buildings/historical-gate/gate_part_timber_frame_ne_sw-v1.png,장부 밖,설치,장부 밖,0.147,"gateArtRenderer panels — non-uniform, vertical scale",92.7,0.363,#564635,-1.14,0.03,
4_strips_surfaces,성벽·울타리·다리·교대,public/assets/buildings/historical-gate/gate_part_timber_frame_nw_se-v1.png,장부 밖,설치,장부 밖,0.147,"gateArtRenderer panels — non-uniform, vertical scale",105.7,0.352,#8a7256,-0.34,-0.05,
4_strips_surfaces,성벽·울타리·다리·교대,public/assets/buildings/historical-palisade-reserved/palisade_corner-v2.png,장부 밖,설치,장부 밖,0.1,미사용(그리는 코드 없음) — 0.1로 표시,79.9,0.392,#47392a,-1.92,0.23,
4_strips_surfaces,성벽·울타리·다리·교대,public/assets/buildings/historical-palisade-reserved/palisade_cross-v2.png,장부 밖,설치,장부 밖,0.1,미사용(그리는 코드 없음) — 0.1로 표시,81.0,0.401,#49382b,-1.85,0.3,
4_strips_surfaces,성벽·울타리·다리·교대,public/assets/buildings/historical-gate/palisade_straight_nw_se.png,장부 밖,설치,장부 밖,0.25,timberGateRenderer post texture — vertical scale,96.9,0.528,#a97549,-0.88,1.2,
4_strips_surfaces,성벽·울타리·다리·교대,public/assets/buildings/historical-palisade-reserved/palisade_t_junction-v2.png,장부 밖,설치,장부 밖,0.1,미사용(그리는 코드 없음) — 0.1로 표시,79.1,0.431,#120e09,-1.97,0.51,
4_strips_surfaces,성벽·울타리·다리·교대,public/assets/buildings/historical-palisade-reserved/palisade_terminal-v2.png,장부 밖,설치,장부 밖,0.1,미사용(그리는 코드 없음) — 0.1로 표시,78.7,0.507,#342618,-1.99,1.05,
4_strips_surfaces,성벽·울타리·다리·교대,public/assets/buildings/historical-palisade-reserved/palisade_watchtower-v2.png,장부 밖,설치,장부 밖,0.1,미사용(그리는 코드 없음) — 0.1로 표시,87.3,0.464,#6a5436,-1.47,0.75,
4_strips_surfaces,성벽·울타리·다리·교대,public/assets/complete-art-v1/water-bridges/riverbank_mud-v2.png,장부 밖,설치,장부 밖,0.63,미사용(bridgeWaterKit 호출 없음) — 나무 다리 배율로 표시,82.9,0.38,#564830,-1.73,0.15,
4_strips_surfaces,성벽·울타리·다리·교대,public/assets/complete-art-v1/water-bridges/riverbank_stone-v2.png,장부 밖,설치,장부 밖,0.63,미사용(bridgeWaterKit 호출 없음) — 나무 다리 배율로 표시,97.2,0.365,#524a2e,-0.86,0.05,
4_strips_surfaces,성벽·울타리·다리·교대,public/assets/buildings/stone_wall_segment.png,장부 밖,설치,장부 밖,1,worldAssetManifest renderScale,101.1,0.182,#8a8071,-0.62,-1.25,
4_strips_surfaces,성벽·울타리·다리·교대,public/assets/buildings/historical-wall/stone_wall_straight_ne_sw-v3.png,장부 밖,설치,장부 밖,0.083,stoneWallGeometry (only with render-wall-strips=0),108.0,0.342,#554636,-0.2,-0.12,
4_strips_surfaces,성벽·울타리·다리·교대,public/assets/buildings/historical-wall/stone_wall_straight_nw_se-v3.png,장부 밖,설치,장부 밖,0.083,stoneWallGeometry (only with render-wall-strips=0),117.0,0.305,#897057,0.35,-0.38,
4_strips_surfaces,성벽·울타리·다리·교대,public/assets/complete-art-v1/water-bridges/water_shallow-v1.png,장부 밖,설치,장부 밖,0.63,미사용(bridgeWaterKit 호출 없음) — 나무 다리 배율로 표시,123.4,0.152,#757666,0.74,-1.47,
4_strips_surfaces,성벽·울타리·다리·교대,public/assets/complete-art-v1/water-bridges/water_surface-v1.png,장부 밖,설치,장부 밖,0.4225,drawWater 742 px crop → 128,93.3,0.147,#52594b,-1.1,-1.5,
5_effects,효과·연기·불,public/assets/wave15/fx/falling_leaves_sheet-v1.png,wave15,설치,confirmed,0.75,seasonFx LEAF_SCALE,99.3,0.668,#946832,-1.41,0.89,
5_effects,효과·연기·불,public/assets/wave15/fx/snowfall_sheet-v1.png,wave15,설치,confirmed,1.0,"screen-space fill, 1 CSS px per PNG px",171.0,0.016,#000000,1.0,-1.08,
5_effects,효과·연기·불,assets-inbox/wave17/candidates-20260926/assets/event/raid_smoke_column_sheet-v1.png,wave17,미설치,confirmed,0.5,Astra records game_zoom_1_source_scale,109.3,0.155,#786d66,-1.07,-0.66,
5_effects,효과·연기·불,public/assets/visibility-v1/fx/completion_burst-v1.png,wave6,설치,confirmed,0.548,constructionCompletionEffects (1×1),169.2,0.303,#cbb192,0.94,-0.22,
5_effects,효과·연기·불,public/assets/visibility-v1/fx/dust_puff.png,wave6,설치,confirmed,0.8,constructionMoments fallback (1×1),174.7,0.235,#c7b196,1.12,-0.42,
5_effects,효과·연기·불,public/assets/visibility-v1/fx/fire_large.png,wave6,설치,confirmed,0.5,미사용 — 0.5로 표시,135.8,0.809,#d04e13,-0.18,1.31,
5_effects,효과·연기·불,public/assets/visibility-v1/fx/fire_small.png,wave6,설치,confirmed,0.5,미사용 — 0.5로 표시,118.6,0.799,#b34713,-0.76,1.28,
5_effects,효과·연기·불,public/assets/visibility-v1/fx/hammer_sparks-v1.png,wave6,설치,confirmed,0.44,constructionCompletionEffects,153.8,0.215,#ab9886,0.42,-0.48,
5_effects,효과·연기·불,public/assets/visibility-v1/fx/smoke_chimney_a.png,wave6,설치,confirmed,0.3,roofSmoke fallback,171.2,0.065,#b6b1ab,1.01,-0.94,
5_effects,효과·연기·불,public/assets/visibility-v1/fx/smoke_chimney_b.png,wave6,설치,confirmed,0.3,roofSmoke fallback,173.8,0.077,#b6aea9,1.09,-0.9,
5_effects,효과·연기·불,public/assets/wave7/fx/dust_puff_sheet-v1.png,wave7,설치,confirmed,0.75,constructionMoments (1×1),144.3,0.236,#968674,0.11,-0.42,
5_effects,효과·연기·불,public/assets/wave7/fx/oven_smoke_sheet-v1.png,wave7,설치,confirmed,0.3,roofSmoke SMOKE_SCALE,90.9,0.123,#524c49,-1.69,-0.76,
5_effects,효과·연기·불,public/assets/wave7/fx/plus_float-v1.png,wave7,설치,confirmed,0.5,미사용 — 0.5로 표시,166.6,0.326,#f8eac7,0.85,-0.15,
5_effects,효과·연기·불,public/assets/wave7/fx/roof_smoke_sheet-v1.png,wave7,설치,confirmed,0.3,roofSmoke SMOKE_SCALE,179.0,0.107,#b9b0a5,1.27,-0.81,
5_effects,효과·연기·불,public/assets/wave7/fx/roof_smoke_weak_sheet-v1.png,wave7,설치,confirmed,0.3,roofSmoke SMOKE_SCALE,150.5,0.093,#978f89,0.31,-0.85,
5_effects,효과·연기·불,public/assets/wave9/fx/black_smoke_column_sheet-v1.png,wave9,설치,confirmed,0.55,buildingOverlays fixed,67.4,0.075,#4f4b48,-2.47,-0.91,yes
5_effects,효과·연기·불,public/assets/wave9/event/fire_roof_l0-v1.png,wave9,설치,confirmed,0.4996,house rectangle (abandoned·plague_shut 미사용),132.3,0.873,#e9510c,-0.3,1.5,
5_effects,효과·연기·불,public/assets/wave9/event/fire_roof_l1-v1.png,wave9,설치,confirmed,0.4986,house rectangle (abandoned·plague_shut 미사용),127.7,0.882,#ec4f08,-0.45,1.53,
5_effects,효과·연기·불,public/assets/wave9/event/fire_roof_l2-v1.png,wave9,설치,confirmed,0.4981,house rectangle (abandoned·plague_shut 미사용),120.4,0.892,#b23305,-0.7,1.56,
5_effects,효과·연기·불,public/assets/wave9/event/fire_roof_l3-v1.png,wave9,설치,confirmed,0.4984,house rectangle (abandoned·plague_shut 미사용),127.8,0.865,#eb510f,-0.45,1.48,
5_effects,효과·연기·불,public/assets/wave9/event/fire_roof_l4-v1.png,wave9,설치,confirmed,0.4979,house rectangle (abandoned·plague_shut 미사용),135.0,0.838,#f66e14,-0.21,1.4,
5_effects,효과·연기·불,public/assets/wave9/fx/rain_streak_sheet-v1.png,wave9,설치,confirmed,1.0,"screen-space fill, 1 CSS px per PNG px",126.6,0.178,#75787c,-0.49,-0.6,
5_effects,효과·연기·불,public/assets/runtime-construction-v1/effect_dust-v1.png,장부 밖,설치,장부 밖,0.25,constructionCompletionEffects 32×64 per 128×256 frame,169.9,0.143,#c4b9ac,0.96,-0.7,
5_effects,효과·연기·불,public/assets/runtime-construction-v1/effect_smoke-v1.png,장부 밖,설치,장부 밖,0.25,constructionCompletionEffects 32×64 per 128×256 frame,173.0,0.03,#b3afae,1.07,-1.04,
6_ui_icons_24px,아이콘(셀마다 24 px),public/assets/ui-p0/icon_alert_priority_sheet.png,ui-p0,설치,confirmed,,,151.7,0.433,#e7d0b0,2.53,-1.15,yes
6_ui_icons_24px,아이콘(셀마다 24 px),public/assets/ui-p0/icon_build_category_sheet.png,ui-p0,설치,confirmed,,,107.5,0.565,#6f4c2b,0.02,0.01,
6_ui_icons_24px,아이콘(셀마다 24 px),public/assets/ui-p0/icon_cause_family_sheet.png,ui-p0,설치,confirmed,,,118.2,0.486,#2b1a0a,0.62,-0.68,
6_ui_icons_24px,아이콘(셀마다 24 px),public/assets/ui-p0/icon_first_session_buildings_sheet.png,ui-p0,설치,confirmed,,,102.9,0.555,#6f4d2d,-0.24,-0.07,
6_ui_icons_24px,아이콘(셀마다 24 px),public/assets/ui-p0/icon_layer_mode_sheet.png,ui-p0,설치,confirmed,,,103.8,0.521,#27160b,-0.2,-0.37,
6_ui_icons_24px,아이콘(셀마다 24 px),public/assets/ui-p0/icon_lock_new_sheet.png,ui-p0,설치,confirmed,,,140.2,0.442,#ecd5ac,1.88,-1.07,
6_ui_icons_24px,아이콘(셀마다 24 px),public/assets/ui-p0/icon_objective_action_sheet.png,ui-p0,설치,confirmed,,,115.8,0.536,#2b1504,0.49,-0.24,
6_ui_icons_24px,아이콘(셀마다 24 px),public/assets/ui-p0/icon_prediction_sheet.png,ui-p0,설치,confirmed,,,122.7,0.521,#3b2312,0.88,-0.38,
6_ui_icons_24px,아이콘(셀마다 24 px),public/assets/ui-p0/icon_resource_sheet.png,ui-p0,설치,confirmed,,,105.0,0.516,#2b1809,-0.12,-0.42,
6_ui_icons_24px,아이콘(셀마다 24 px),public/assets/ui-p0/icon_time_sheet.png,ui-p0,설치,confirmed,,,103.6,0.558,#361d0a,-0.21,-0.05,
6_ui_icons_24px,아이콘(셀마다 24 px),public/assets/ui-p0/warning_map_marker_sheet.png,ui-p0,설치,confirmed,,,105.6,0.636,#442914,-0.09,0.65,
6_ui_icons_24px,아이콘(셀마다 24 px),assets-inbox/wave12/candidates-20260926/assets/icons/buildings_AB-96.png,wave12,미설치,confirmed,,,97.0,0.517,#6d4e32,-0.58,-0.41,
6_ui_icons_24px,아이콘(셀마다 24 px),assets-inbox/wave12/candidates-20260926/assets/icons/buildings_C-96.png,wave12,미설치,confirmed,,,110.2,0.448,#914f2f,0.17,-1.02,
6_ui_icons_24px,아이콘(셀마다 24 px),assets-inbox/wave12/candidates-20260926/assets/icons/buildings_D-96.png,wave12,미설치,confirmed,,,106.0,0.475,#924d2d,-0.07,-0.78,
6_ui_icons_24px,아이콘(셀마다 24 px),assets-inbox/wave14/candidates-v1/assets/ui-icons/icon_faction_church-v1.png,wave14,미설치,confirmed,,,137.0,0.451,#ecdcc3,1.7,-0.99,
6_ui_icons_24px,아이콘(셀마다 24 px),assets-inbox/wave14/candidates-v1/assets/ui-icons/icon_faction_commune-v1.png,wave14,미설치,confirmed,,,103.6,0.635,#502c13,-0.21,0.64,
6_ui_icons_24px,아이콘(셀마다 24 px),assets-inbox/wave14/candidates-v1/assets/ui-icons/icon_faction_crown-v1.png,wave14,미설치,confirmed,,,113.6,0.684,#93692d,0.36,1.08,
6_ui_icons_24px,아이콘(셀마다 24 px),assets-inbox/wave14/candidates-v1/assets/ui-icons/icon_faction_lord_household-v1.png,wave14,미설치,confirmed,,,89.5,0.671,#ac3726,-1.01,0.95,
6_ui_icons_24px,아이콘(셀마다 24 px),assets-inbox/wave14/candidates-v1/assets/ui-icons/icon_faction_merchant_elite-v1.png,wave14,미설치,confirmed,,,80.7,0.733,#6f2815,-1.51,1.51,
6_ui_icons_24px,아이콘(셀마다 24 px),assets-inbox/wave14/candidates-v1/assets/ui-icons/icon_right_burgage-v1.png,wave14,미설치,confirmed,,,99.0,0.625,#714c30,-0.47,0.55,
6_ui_icons_24px,아이콘(셀마다 24 px),assets-inbox/wave14/candidates-v1/assets/ui-icons/icon_right_court-v1.png,wave14,미설치,confirmed,,,80.1,0.553,#715129,-1.55,-0.09,
6_ui_icons_24px,아이콘(셀마다 24 px),assets-inbox/wave14/candidates-v1/assets/ui-icons/icon_right_fair-v1.png,wave14,미설치,confirmed,,,134.7,0.49,#e7d3b6,1.57,-0.65,
6_ui_icons_24px,아이콘(셀마다 24 px),assets-inbox/wave14/candidates-v1/assets/ui-icons/icon_right_guild-v1.png,wave14,미설치,confirmed,,,79.4,0.497,#180600,-1.59,-0.59,
6_ui_icons_24px,아이콘(셀마다 24 px),assets-inbox/wave14/candidates-v1/assets/ui-icons/icon_right_market-v1.png,wave14,미설치,confirmed,,,97.5,0.615,#b24b36,-0.55,0.46,
6_ui_icons_24px,아이콘(셀마다 24 px),assets-inbox/wave14/candidates-v1/assets/ui-icons/icon_right_toll-v1.png,wave14,미설치,confirmed,,,100.1,0.601,#503217,-0.41,0.34,
6_ui_icons_24px,아이콘(셀마다 24 px),public/assets/wave19/timeline/icon_actual.png,wave19,설치,confirmed,,,102.8,0.668,#ae7135,-0.25,0.93,
6_ui_icons_24px,아이콘(셀마다 24 px),public/assets/wave19/timeline/icon_delta_down.png,wave19,설치,confirmed,,,84.8,0.712,#aa5031,-1.27,1.32,
6_ui_icons_24px,아이콘(셀마다 24 px),public/assets/wave19/timeline/icon_delta_up.png,wave19,설치,confirmed,,,111.1,0.451,#8d9465,0.22,-1.0,
6_ui_icons_24px,아이콘(셀마다 24 px),public/assets/wave19/timeline/icon_predicted.png,wave19,설치,confirmed,,,109.5,0.662,#49260e,0.13,0.88,
6_ui_icons_24px,아이콘(셀마다 24 px),assets-inbox/wave3/candidates-20260926/assets/icons/icon_building_chain_sheet.png,wave3,미설치,confirmed,,,93.0,0.434,#8f6f4f,-0.81,-1.15,
6_ui_icons_24px,아이콘(셀마다 24 px),assets-inbox/wave3/candidates-20260926/assets/icons/icon_resource_chain_sheet.png,wave3,미설치,confirmed,,,105.2,0.533,#160b03,-0.11,-0.26,
6_ui_icons_24px,아이콘(셀마다 24 px),public/assets/wave8/icons/icon_alert_bell_bad.png,wave8,설치,confirmed,,,92.9,0.677,#291609,-0.82,1.01,
6_ui_icons_24px,아이콘(셀마다 24 px),public/assets/wave8/icons/icon_alert_bell_info.png,wave8,설치,confirmed,,,98.4,0.653,#2f1b0c,-0.5,0.8,
6_ui_icons_24px,아이콘(셀마다 24 px),public/assets/wave8/icons/icon_alert_bell_threat.png,wave8,설치,confirmed,,,91.7,0.697,#271507,-0.89,1.19,
6_ui_icons_24px,아이콘(셀마다 24 px),public/assets/wave8/icons/icon_overlay_danger.png,wave8,설치,confirmed,,,89.6,0.719,#281504,-1.0,1.39,
6_ui_icons_24px,아이콘(셀마다 24 px),public/assets/wave8/icons/icon_overlay_finance.png,wave8,설치,confirmed,,,117.0,0.721,#271407,0.56,1.4,
6_ui_icons_24px,아이콘(셀마다 24 px),public/assets/wave8/icons/icon_overlay_food.png,wave8,설치,confirmed,,,116.7,0.651,#b16c35,0.54,0.78,
6_ui_icons_24px,아이콘(셀마다 24 px),public/assets/wave8/icons/icon_overlay_labour.png,wave8,설치,confirmed,,,91.8,0.587,#241409,-0.88,0.21,
6_ui_icons_24px,아이콘(셀마다 24 px),public/assets/wave8/icons/icon_overlay_rights.png,wave8,설치,confirmed,,,156.9,0.488,#e9c894,2.83,-0.67,yes
6_ui_icons_24px,아이콘(셀마다 24 px),public/assets/wave8/icons/icon_overlay_transport.png,wave8,설치,confirmed,,,80.8,0.68,#281508,-1.51,1.04,
6_ui_icons_24px,아이콘(셀마다 24 px),public/assets/wave8/icons/icon_overlay_water.png,wave8,설치,confirmed,,,94.9,0.615,#2c1807,-0.7,0.46,
6_ui_icons_24px,아이콘(셀마다 24 px),public/assets/wave8/icons/icon_overlay_zone.png,wave8,설치,confirmed,,,99.7,0.644,#2b1509,-0.43,0.72,
6_ui_icons_24px,아이콘(셀마다 24 px),public/assets/runtime-icons-v1/bread.png,장부 밖,설치,장부 밖,,,113.3,0.681,#8f522a,0.35,1.05,
6_ui_icons_24px,아이콘(셀마다 24 px),public/assets/runtime-icons-v1/coin.png,장부 밖,설치,장부 밖,,,131.5,0.354,#af8c54,1.38,-1.85,
6_ui_icons_24px,아이콘(셀마다 24 px),public/assets/runtime-icons-v1/logs.png,장부 밖,설치,장부 밖,,,96.9,0.539,#4c3726,-0.59,-0.22,
6_ui_icons_24px,아이콘(셀마다 24 px),public/assets/runtime-icons-v1/population.png,장부 밖,설치,장부 밖,,,103.2,0.503,#6b4a30,-0.23,-0.53,
6_ui_icons_24px,아이콘(셀마다 24 px),public/assets/runtime-icons-v1/stone.png,장부 밖,설치,장부 밖,,,119.9,0.256,#726556,0.72,-2.72,yes
6_ui_icons_24px,아이콘(셀마다 24 px),public/assets/runtime-icons-v1/stone_raw.png,장부 밖,설치,장부 밖,,,107.8,0.238,#383027,0.03,-2.88,yes
6_ui_icons_24px,아이콘(셀마다 24 px),public/assets/runtime-icons-v1/timber.png,장부 밖,설치,장부 밖,,,107.3,0.554,#6b492c,0.01,-0.08,
6_ui_icons_24px,아이콘(셀마다 24 px),public/assets/runtime-icons-v1/wheat.png,장부 밖,설치,장부 밖,,,139.0,0.674,#ad722c,1.81,0.99,
6_ui_icons_24px,UI 조각(틀·버튼·질감·장식 — 높이 64 px로 축소),public/assets/ui-p0/advisor_portrait_frame.png,ui-p0,설치,confirmed,,,106.7,0.87,#8c4d0c,-0.84,2.11,yes
6_ui_icons_24px,UI 조각(틀·버튼·질감·장식 — 높이 64 px로 축소),public/assets/ui-p0/banner_unlock.png,ui-p0,설치,confirmed,,,205.0,0.238,#e0d0ae,0.92,-0.67,
6_ui_icons_24px,UI 조각(틀·버튼·질감·장식 — 높이 64 px로 축소),public/assets/ui-p0/button_icon_square_base.png,ui-p0,설치,confirmed,,,208.1,0.228,#e0d0ad,0.97,-0.72,
6_ui_icons_24px,UI 조각(틀·버튼·질감·장식 — 높이 64 px로 축소),public/assets/ui-p0/button_primary_base.png,ui-p0,설치,confirmed,,,202.5,0.247,#e0d0ad,0.87,-0.63,
6_ui_icons_24px,UI 조각(틀·버튼·질감·장식 — 높이 64 px로 축소),public/assets/ui-p0/button_secondary_base.png,ui-p0,설치,confirmed,,,206.0,0.23,#e1d1af,0.94,-0.71,
6_ui_icons_24px,UI 조각(틀·버튼·질감·장식 — 높이 64 px로 축소),public/assets/ui-p0/chip_condition_base.png,ui-p0,설치,confirmed,,,203.7,0.241,#e1d1ae,0.89,-0.66,
6_ui_icons_24px,UI 조각(틀·버튼·질감·장식 — 높이 64 px로 축소),public/assets/ui-p0/cursor_inspect.png,ui-p0,설치,confirmed,,,176.2,0.311,#f4e7cd,0.4,-0.35,
6_ui_icons_24px,UI 조각(틀·버튼·질감·장식 — 높이 64 px로 축소),public/assets/ui-p0/cursor_place_invalid.png,ui-p0,설치,confirmed,,,157.4,0.403,#f8e7c7,0.07,0.05,
6_ui_icons_24px,UI 조각(틀·버튼·질감·장식 — 높이 64 px로 축소),public/assets/ui-p0/cursor_place_valid.png,ui-p0,설치,confirmed,,,166.4,0.348,#f3e5c6,0.23,-0.19,
6_ui_icons_24px,UI 조각(틀·버튼·질감·장식 — 높이 64 px로 축소),public/assets/ui-p0/cursor_road_draw.png,ui-p0,설치,confirmed,,,173.8,0.362,#f9eacb,0.36,-0.13,
6_ui_icons_24px,UI 조각(틀·버튼·질감·장식 — 높이 64 px로 축소),public/assets/ui-p0/cursor_select.png,ui-p0,설치,confirmed,,,188.0,0.314,#faeaca,0.61,-0.34,
6_ui_icons_24px,UI 조각(틀·버튼·질감·장식 — 높이 64 px로 축소),public/assets/ui-p0/cursor_zone_brush.png,ui-p0,설치,confirmed,,,159.9,0.427,#fbeaca,0.11,0.16,
6_ui_icons_24px,UI 조각(틀·버튼·질감·장식 — 높이 64 px로 축소),public/assets/ui-p0/divider_manuscript_dark.png,ui-p0,설치,confirmed,,,249.6,0.029,#fffffe,1.71,-1.6,
6_ui_icons_24px,UI 조각(틀·버튼·질감·장식 — 높이 64 px로 축소),public/assets/ui-p0/divider_manuscript_light.png,ui-p0,설치,confirmed,,,218.9,0.936,#ffff00,1.17,2.41,yes
6_ui_icons_24px,UI 조각(틀·버튼·질감·장식 — 높이 64 px로 축소),public/assets/ui-p0/frame_advisor_normal.png,ui-p0,설치,confirmed,,,196.7,0.287,#decca7,0.77,-0.46,
6_ui_icons_24px,UI 조각(틀·버튼·질감·장식 — 높이 64 px로 축소),public/assets/ui-p0/frame_advisor_warn.png,ui-p0,설치,confirmed,,,195.3,0.287,#decda8,0.74,-0.46,
6_ui_icons_24px,UI 조각(틀·버튼·질감·장식 — 높이 64 px로 축소),public/assets/ui-p0/frame_hud_strip_bottom.png,ui-p0,설치,confirmed,,,70.3,0.37,#514233,-1.49,-0.09,
6_ui_icons_24px,UI 조각(틀·버튼·질감·장식 — 높이 64 px로 축소),public/assets/ui-p0/frame_hud_strip_top.png,ui-p0,설치,confirmed,,,69.9,0.369,#514233,-1.5,-0.1,
6_ui_icons_24px,UI 조각(틀·버튼·질감·장식 — 높이 64 px로 축소),public/assets/ui-p0/frame_modal.png,ui-p0,설치,confirmed,,,169.7,0.349,#decca8,0.29,-0.18,
6_ui_icons_24px,UI 조각(틀·버튼·질감·장식 — 높이 64 px로 축소),public/assets/ui-p0/frame_objective_complete.png,ui-p0,설치,confirmed,,,194.0,0.27,#decca8,0.72,-0.53,
6_ui_icons_24px,UI 조각(틀·버튼·질감·장식 — 높이 64 px로 축소),public/assets/ui-p0/frame_objective_normal.png,ui-p0,설치,confirmed,,,196.2,0.263,#ddcca7,0.76,-0.56,
6_ui_icons_24px,UI 조각(틀·버튼·질감·장식 — 높이 64 px로 축소),public/assets/ui-p0/frame_objective_warn.png,ui-p0,설치,confirmed,,,195.6,0.27,#ddcca8,0.75,-0.53,
6_ui_icons_24px,UI 조각(틀·버튼·질감·장식 — 높이 64 px로 축소),public/assets/ui-p0/frame_panel_dark.png,ui-p0,설치,confirmed,,,70.3,0.365,#514233,-1.49,-0.11,
6_ui_icons_24px,UI 조각(틀·버튼·질감·장식 — 높이 64 px로 축소),public/assets/ui-p0/frame_panel_light.png,ui-p0,설치,confirmed,,,202.2,0.239,#decdaa,0.87,-0.67,
6_ui_icons_24px,UI 조각(틀·버튼·질감·장식 — 높이 64 px로 축소),public/assets/ui-p0/frame_tooltip.png,ui-p0,설치,confirmed,,,207.2,0.231,#e1d1ae,0.96,-0.71,
6_ui_icons_24px,UI 조각(틀·버튼·질감·장식 — 높이 64 px로 축소),public/assets/ui-p0/tab_build_base.png,ui-p0,설치,confirmed,,,70.9,0.369,#514333,-1.48,-0.1,
6_ui_icons_24px,UI 조각(틀·버튼·질감·장식 — 높이 64 px로 축소),public/assets/ui-p0/texture_vellum_dark.png,ui-p0,설치,confirmed,,,68.3,0.361,#504233,-1.53,-0.13,
6_ui_icons_24px,UI 조각(틀·버튼·질감·장식 — 높이 64 px로 축소),public/assets/ui-p0/texture_vellum_light.png,ui-p0,설치,confirmed,,,209.8,0.227,#e0d0ad,1.0,-0.72,
6_ui_icons_24px,UI 조각(틀·버튼·질감·장식 — 높이 64 px로 축소),public/assets/ui-p0/toast_small.png,ui-p0,설치,confirmed,,,205.4,0.241,#e1d1ae,0.92,-0.66,
6_ui_icons_24px,UI 조각(틀·버튼·질감·장식 — 높이 64 px로 축소),assets-inbox/wave14/candidates-v1/assets/ui-frames/frame_charter-v1.png,wave14,미설치,confirmed,,,200.1,0.228,#dcceaf,0.83,-0.72,
6_ui_icons_24px,UI 조각(틀·버튼·질감·장식 — 높이 64 px로 축소),assets-inbox/wave14/candidates-v1/assets/ui-frames/frame_faction_panel-v1.png,wave14,미설치,confirmed,,,186.2,0.285,#dacda9,0.58,-0.47,
6_ui_icons_24px,UI 조각(틀·버튼·질감·장식 — 높이 64 px로 축소),assets-inbox/wave14/candidates-v1/assets/ui-frames/frame_grievance_ledger-v1.png,wave14,미설치,confirmed,,,160.2,0.344,#dbcba8,0.12,-0.21,
6_ui_icons_24px,UI 조각(틀·버튼·질감·장식 — 높이 64 px로 축소),public/assets/wave14/ui-frames/frame_person_card-v1.png,wave14,설치,confirmed,,,179.7,0.3,#dacca8,0.46,-0.4,
6_ui_icons_24px,UI 조각(틀·버튼·질감·장식 — 높이 64 px로 축소),assets-inbox/wave14/candidates-v1/assets/ui-frames/frame_rights_register-v1.png,wave14,미설치,confirmed,,,185.7,0.308,#ddcda9,0.57,-0.37,
6_ui_icons_24px,UI 조각(틀·버튼·질감·장식 — 높이 64 px로 축소),assets-inbox/wave14/texture-rework-20260926/assets/merchant/merchant_carved_texture.png,wave14,미설치,confirmed,,,117.0,0.0,#747474,-0.66,-1.73,
6_ui_icons_24px,UI 조각(틀·버튼·질감·장식 — 높이 64 px로 축소),public/assets/wave14/merchant/merchant_ink_stamp_texture.png,wave14,설치,confirmed,,,197.4,0.0,#f4f4f4,0.78,-1.73,
6_ui_icons_24px,UI 조각(틀·버튼·질감·장식 — 높이 64 px로 축소),assets-inbox/wave14/candidates-v1/assets/seals/seal_town_pointed_oval.png,wave14,미설치,confirmed,,,59.8,0.757,#67331b,-1.68,1.62,
6_ui_icons_24px,UI 조각(틀·버튼·질감·장식 — 높이 64 px로 축소),assets-inbox/wave14/candidates-v1/assets/seals/seal_town_round.png,wave14,미설치,confirmed,,,60.5,0.685,#51321a,-1.66,1.3,
6_ui_icons_24px,UI 조각(틀·버튼·질감·장식 — 높이 64 px로 축소),public/assets/wave14/heraldry/shield_heater.png,wave14,설치,confirmed,,,229.9,0.0,#fefefe,1.36,-1.73,
6_ui_icons_24px,UI 조각(틀·버튼·질감·장식 — 높이 64 px로 축소),public/assets/wave14/heraldry/shield_knightly.png,wave14,설치,confirmed,,,225.9,0.0,#fefefe,1.29,-1.73,
6_ui_icons_24px,UI 조각(틀·버튼·질감·장식 — 높이 64 px로 축소),public/assets/wave14/heraldry/shield_rounded.png,wave14,설치,confirmed,,,231.3,0.0,#fefefe,1.39,-1.73,
6_ui_icons_24px,UI 조각(틀·버튼·질감·장식 — 높이 64 px로 축소),public/assets/wave14/heraldry/shield_surface_texture_multiply.png,wave14,설치,confirmed,,,179.7,0.0,#d0d0d0,0.46,-1.73,
6_ui_icons_24px,UI 조각(틀·버튼·질감·장식 — 높이 64 px로 축소),public/assets/wave14/heraldry/shield_surface_texture_screen.png,wave14,설치,confirmed,,,23.4,0.0,#0a0a0a,-2.33,-1.73,yes
6_ui_icons_24px,UI 조각(틀·버튼·질감·장식 — 높이 64 px로 축소),assets-inbox/wave14/candidates-v1/assets/seals/wax_seal_hanging.png,wave14,미설치,confirmed,,,65.6,0.783,#892815,-1.57,1.73,
6_ui_icons_24px,UI 조각(틀·버튼·질감·장식 — 높이 64 px로 축소),public/assets/wave19/pages/biography_life_dot.png,wave19,설치,confirmed,,,177.6,0.346,#e3d4b3,0.43,-0.2,
6_ui_icons_24px,UI 조각(틀·버튼·질감·장식 — 높이 64 px로 축소),public/assets/wave19/pages/biography_life_end.png,wave19,설치,confirmed,,,83.3,0.683,#2d1408,-1.26,1.29,
6_ui_icons_24px,UI 조각(틀·버튼·질감·장식 — 높이 64 px로 축소),public/assets/wave19/pages/biography_life_line.png,wave19,설치,confirmed,,,69.8,0.695,#4d2f18,-1.5,1.35,
6_ui_icons_24px,UI 조각(틀·버튼·질감·장식 — 높이 64 px로 축소),public/assets/wave19/pages/frame_biography.png,wave19,설치,confirmed,,,190.4,0.257,#d9ceae,0.66,-0.59,
6_ui_icons_24px,UI 조각(틀·버튼·질감·장식 — 높이 64 px로 축소),public/assets/wave19/timeline/frame_decision_compare.png,wave19,설치,confirmed,,,192.8,0.322,#e7d5ac,0.7,-0.31,
6_ui_icons_24px,UI 조각(틀·버튼·질감·장식 — 높이 64 px로 축소),public/assets/wave19/pages/frame_faction_page.png,wave19,설치,confirmed,,,181.5,0.296,#d7cba9,0.5,-0.42,
6_ui_icons_24px,UI 조각(틀·버튼·질감·장식 — 높이 64 px로 축소),public/assets/wave19/cards/frame_record_decision.png,wave19,설치,confirmed,,,198.5,0.264,#e4d7b7,0.8,-0.56,
6_ui_icons_24px,UI 조각(틀·버튼·질감·장식 — 높이 64 px로 축소),public/assets/wave19/cards/frame_record_era.png,wave19,설치,confirmed,,,170.0,0.342,#e9d8b3,0.29,-0.21,
6_ui_icons_24px,UI 조각(틀·버튼·질감·장식 — 높이 64 px로 축소),public/assets/wave19/cards/frame_record_event.png,wave19,설치,confirmed,,,191.9,0.294,#e0d2ad,0.68,-0.43,
6_ui_icons_24px,UI 조각(틀·버튼·질감·장식 — 높이 64 px로 축소),public/assets/wave19/cards/frame_record_ledger.png,wave19,설치,confirmed,,,202.9,0.268,#e7d9b5,0.88,-0.54,
6_ui_icons_24px,UI 조각(틀·버튼·질감·장식 — 높이 64 px로 축소),public/assets/wave19/cards/frame_record_milestone.png,wave19,설치,confirmed,,,203.5,0.284,#e8dbb7,0.89,-0.47,
6_ui_icons_24px,UI 조각(틀·버튼·질감·장식 — 높이 64 px로 축소),public/assets/wave19/cards/frame_record_person.png,wave19,설치,confirmed,,,199.5,0.27,#e8ddbd,0.82,-0.53,
6_ui_icons_24px,UI 조각(틀·버튼·질감·장식 — 높이 64 px로 축소),public/assets/wave19/pages/frame_snapshot_map_160.png,wave19,설치,confirmed,,,164.4,0.473,#e6c993,0.19,0.37,
6_ui_icons_24px,UI 조각(틀·버튼·질감·장식 — 높이 64 px로 축소),public/assets/wave19/pages/frame_snapshot_map_320.png,wave19,설치,confirmed,,,164.6,0.483,#e7c993,0.2,0.41,
6_ui_icons_24px,UI 조각(틀·버튼·질감·장식 — 높이 64 px로 축소),public/assets/wave19/pages/relation_scale_pin.png,wave19,설치,confirmed,,,86.6,0.718,#ad4d25,-1.2,1.44,
6_ui_icons_24px,UI 조각(틀·버튼·질감·장식 — 높이 64 px로 축소),public/assets/wave19/pages/relation_scale_track.png,wave19,설치,confirmed,,,111.8,0.538,#4f3016,-0.75,0.65,
6_ui_icons_24px,UI 조각(틀·버튼·질감·장식 — 높이 64 px로 축소),public/assets/wave19/timeline/timeline_marker_decision.png,wave19,설치,confirmed,,,65.3,0.815,#8e331b,-1.58,1.87,
6_ui_icons_24px,UI 조각(틀·버튼·질감·장식 — 높이 64 px로 축소),public/assets/wave19/timeline/timeline_marker_era.png,wave19,설치,confirmed,,,66.1,0.711,#724625,-1.57,1.41,
6_ui_icons_24px,UI 조각(틀·버튼·질감·장식 — 높이 64 px로 축소),public/assets/wave19/timeline/timeline_marker_event.png,wave19,설치,confirmed,,,112.9,0.704,#aa3719,-0.73,1.38,
6_ui_icons_24px,UI 조각(틀·버튼·질감·장식 — 높이 64 px로 축소),public/assets/wave19/timeline/timeline_marker_milestone.png,wave19,설치,confirmed,,,94.8,0.719,#2f1709,-1.05,1.45,
6_ui_icons_24px,UI 조각(틀·버튼·질감·장식 — 높이 64 px로 축소),public/assets/wave19/timeline/timeline_marker_person.png,wave19,설치,confirmed,,,99.1,0.647,#4e2d14,-0.97,1.13,
6_ui_icons_24px,UI 조각(틀·버튼·질감·장식 — 높이 64 px로 축소),public/assets/wave19/timeline/timeline_pin_now.png,wave19,설치,confirmed,,,81.5,0.758,#6c2b15,-1.29,1.62,
6_ui_icons_24px,UI 조각(틀·버튼·질감·장식 — 높이 64 px로 축소),public/assets/wave19/timeline/timeline_pin_select.png,wave19,설치,confirmed,,,108.0,0.677,#d7a856,-0.82,1.26,
6_ui_icons_24px,UI 조각(틀·버튼·질감·장식 — 높이 64 px로 축소),public/assets/wave19/timeline/timeline_strip_base.png,wave19,설치,confirmed,,,145.8,0.336,#8c8c93,-0.14,-0.24,
6_ui_icons_24px,UI 조각(틀·버튼·질감·장식 — 높이 64 px로 축소),public/assets/wave19/timeline/timeline_zoom_handle.png,wave19,설치,confirmed,,,110.2,0.634,#502b12,-0.78,1.08,
6_ui_icons_24px,UI 조각(틀·버튼·질감·장식 — 높이 64 px로 축소),public/assets/wave8/ornaments/chronicle_initial_a.png,wave8,설치,confirmed,,,202.9,0.236,#e4d6b5,0.88,-0.68,
6_ui_icons_24px,UI 조각(틀·버튼·질감·장식 — 높이 64 px로 축소),public/assets/wave8/ornaments/chronicle_initial_b.png,wave8,설치,confirmed,,,201.2,0.257,#e4d6b6,0.85,-0.59,
6_ui_icons_24px,UI 조각(틀·버튼·질감·장식 — 높이 64 px로 축소),public/assets/wave8/ornaments/chronicle_initial_c.png,wave8,설치,confirmed,,,203.9,0.248,#e4d7b5,0.9,-0.63,
6_ui_icons_24px,UI 조각(틀·버튼·질감·장식 — 높이 64 px로 축소),public/assets/wave8/frames/frame_chronicle_page.png,wave8,설치,confirmed,,,198.9,0.273,#dccfa7,0.81,-0.52,
6_ui_icons_24px,UI 조각(틀·버튼·질감·장식 — 높이 64 px로 축소),public/assets/wave8/frames/frame_minimap.png,wave8,설치,confirmed,,,164.9,0.373,#dccea7,0.2,-0.08,
6_ui_icons_24px,UI 조각(틀·버튼·질감·장식 — 높이 64 px로 축소),public/assets/wave8/frames/frame_objective_drawer.png,wave8,설치,confirmed,,,173.1,0.358,#dccfa7,0.35,-0.15,
6_ui_icons_24px,UI 조각(틀·버튼·질감·장식 — 높이 64 px로 축소),public/assets/wave8/frames/frame_overlay_legend.png,wave8,설치,confirmed,,,193.8,0.286,#dccea6,0.72,-0.46,
6_ui_icons_24px,UI 조각(틀·버튼·질감·장식 — 높이 64 px로 축소),public/assets/wave8/frames/frame_petition.png,wave8,설치,confirmed,,,196.1,0.279,#dccea6,0.76,-0.49,
6_ui_icons_24px,UI 조각(틀·버튼·질감·장식 — 높이 64 px로 축소),public/assets/wave8/frames/frame_season_ledger.png,wave8,설치,confirmed,,,193.0,0.294,#dccea7,0.7,-0.43,
6_ui_icons_24px,UI 조각(틀·버튼·질감·장식 — 높이 64 px로 축소),public/assets/wave8/time/pause_badge.png,wave8,설치,confirmed,,,193.4,0.298,#e8d7b5,0.71,-0.41,
6_ui_icons_24px,UI 조각(틀·버튼·질감·장식 — 높이 64 px로 축소),public/assets/wave8/time/pause_vignette.png,wave8,설치,confirmed,,,24.4,0.754,#251308,-2.31,1.61,yes
6_ui_icons_24px,UI 조각(틀·버튼·질감·장식 — 높이 64 px로 축소),public/assets/wave8/ornaments/seal_petition_accept.png,wave8,설치,confirmed,,,74.0,0.703,#712919,-1.42,1.38,
6_ui_icons_24px,UI 조각(틀·버튼·질감·장식 — 높이 64 px로 축소),public/assets/wave8/ornaments/seal_petition_price.png,wave8,설치,confirmed,,,82.3,0.755,#331404,-1.27,1.61,
6_ui_icons_24px,UI 조각(틀·버튼·질감·장식 — 높이 64 px로 축소),public/assets/wave8/ornaments/seal_petition_reject.png,wave8,설치,confirmed,,,83.5,0.669,#913724,-1.25,1.23,
6_ui_icons_24px,UI 조각(틀·버튼·질감·장식 — 높이 64 px로 축소),public/assets/wave8/time/season_event_harvest.png,wave8,설치,confirmed,,,115.9,0.751,#331a08,-0.67,1.59,
6_ui_icons_24px,UI 조각(틀·버튼·질감·장식 — 높이 64 px로 축소),public/assets/wave8/time/season_event_market_day.png,wave8,설치,confirmed,,,103.6,0.59,#2d1a0b,-0.89,0.88,
6_ui_icons_24px,UI 조각(틀·버튼·질감·장식 — 높이 64 px로 축소),public/assets/wave8/time/season_event_period_end.png,wave8,설치,confirmed,,,142.0,0.62,#d6a753,-0.21,1.01,
6_ui_icons_24px,UI 조각(틀·버튼·질감·장식 — 높이 64 px로 축소),public/assets/wave8/time/season_event_sow.png,wave8,설치,confirmed,,,86.1,0.599,#38210d,-1.21,0.92,
6_ui_icons_24px,UI 조각(틀·버튼·질감·장식 — 높이 64 px로 축소),public/assets/wave8/time/season_pin.png,wave8,설치,confirmed,,,112.2,0.726,#311a07,-0.74,1.48,
6_ui_icons_24px,UI 조각(틀·버튼·질감·장식 — 높이 64 px로 축소),public/assets/wave8/time/season_strip.png,wave8,설치,confirmed,,,147.0,0.405,#b3744f,-0.12,0.06,
6_ui_icons_24px,UI 조각(틀·버튼·질감·장식 — 높이 64 px로 축소),public/assets/ui/illumination_corner.png,장부 밖,설치,장부 밖,,,185.9,0.225,#f2e9d4,0.58,-0.73,
6_ui_icons_24px,UI 조각(틀·버튼·질감·장식 — 높이 64 px로 축소),public/assets/ui/parchment_texture.png,장부 밖,설치,장부 밖,,,219.9,0.093,#dce4e8,1.18,-1.31,
6_ui_icons_24px,UI 조각(틀·버튼·질감·장식 — 높이 64 px로 축소),public/assets/ui/scroll_frame.png,장부 밖,설치,장부 밖,,,177.0,0.286,#f3eced,0.42,-0.46,
6_ui_icons_24px,UI 조각(틀·버튼·질감·장식 — 높이 64 px로 축소),public/assets/ui/seal_slot.png,장부 밖,설치,장부 밖,,,180.4,0.239,#c9b896,0.48,-0.67,
6_ui_icons_24px,UI 조각(틀·버튼·질감·장식 — 높이 64 px로 축소),public/assets/ui/wood_console.png,장부 밖,설치,장부 밖,,,69.0,0.511,#2a1e17,-1.51,0.53,
6_ui_icons_24px,"단색 마스크(문장·상인 표식·인장 — 코드에서 색칠, 통계 제외)",public/assets/wave14/charges/charge_boar.png,wave14,설치,confirmed,,,255.0,0.0,#ffffff,0,0,
6_ui_icons_24px,"단색 마스크(문장·상인 표식·인장 — 코드에서 색칠, 통계 제외)",public/assets/wave14/charges/charge_cartwheel.png,wave14,설치,confirmed,,,255.0,0.0,#ffffff,0,0,
6_ui_icons_24px,"단색 마스크(문장·상인 표식·인장 — 코드에서 색칠, 통계 제외)",public/assets/wave14/charges/charge_crescent.png,wave14,설치,confirmed,,,255.0,0.0,#ffffff,0,0,
6_ui_icons_24px,"단색 마스크(문장·상인 표식·인장 — 코드에서 색칠, 통계 제외)",public/assets/wave14/charges/charge_eagle.png,wave14,설치,confirmed,,,255.0,0.0,#ffffff,0,0,
6_ui_icons_24px,"단색 마스크(문장·상인 표식·인장 — 코드에서 색칠, 통계 제외)",public/assets/wave14/charges/charge_fish.png,wave14,설치,confirmed,,,255.0,0.0,#ffffff,0,0,
6_ui_icons_24px,"단색 마스크(문장·상인 표식·인장 — 코드에서 색칠, 통계 제외)",public/assets/wave14/charges/charge_fleur_de_lis.png,wave14,설치,confirmed,,,255.0,0.0,#ffffff,0,0,
6_ui_icons_24px,"단색 마스크(문장·상인 표식·인장 — 코드에서 색칠, 통계 제외)",public/assets/wave14/charges/charge_lion_passant.png,wave14,설치,confirmed,,,255.0,0.0,#ffffff,0,0,
6_ui_icons_24px,"단색 마스크(문장·상인 표식·인장 — 코드에서 색칠, 통계 제외)",public/assets/wave14/charges/charge_mullet.png,wave14,설치,confirmed,,,255.0,0.0,#ffffff,0,0,
6_ui_icons_24px,"단색 마스크(문장·상인 표식·인장 — 코드에서 색칠, 통계 제외)",public/assets/wave14/charges/charge_rose.png,wave14,설치,confirmed,,,255.0,0.0,#ffffff,0,0,
6_ui_icons_24px,"단색 마스크(문장·상인 표식·인장 — 코드에서 색칠, 통계 제외)",public/assets/wave14/charges/charge_stag_head.png,wave14,설치,confirmed,,,255.0,0.0,#ffffff,0,0,
6_ui_icons_24px,"단색 마스크(문장·상인 표식·인장 — 코드에서 색칠, 통계 제외)",public/assets/wave14/charges/charge_tower.png,wave14,설치,confirmed,,,255.0,0.0,#ffffff,0,0,
6_ui_icons_24px,"단색 마스크(문장·상인 표식·인장 — 코드에서 색칠, 통계 제외)",public/assets/wave14/charges/charge_wheatsheaf.png,wave14,설치,confirmed,,,255.0,0.0,#ffffff,0,0,
6_ui_icons_24px,"단색 마스크(문장·상인 표식·인장 — 코드에서 색칠, 통계 제외)",public/assets/wave14/merchant/merchant_branch_diagonal-v1.png,wave14,설치,confirmed,,,255.0,0.0,#ffffff,0,0,
6_ui_icons_24px,"단색 마스크(문장·상인 표식·인장 — 코드에서 색칠, 통계 제외)",public/assets/wave14/merchant/merchant_branch_diamond-v1.png,wave14,설치,confirmed,,,255.0,0.0,#ffffff,0,0,
6_ui_icons_24px,"단색 마스크(문장·상인 표식·인장 — 코드에서 색칠, 통계 제외)",public/assets/wave14/merchant/merchant_branch_double_fork-v1.png,wave14,설치,confirmed,,,255.0,0.0,#ffffff,0,0,
6_ui_icons_24px,"단색 마스크(문장·상인 표식·인장 — 코드에서 색칠, 통계 제외)",public/assets/wave14/merchant/merchant_branch_horizontal-v1.png,wave14,설치,confirmed,,,255.0,0.0,#ffffff,0,0,
6_ui_icons_24px,"단색 마스크(문장·상인 표식·인장 — 코드에서 색칠, 통계 제외)",public/assets/wave14/merchant/merchant_branch_loop-v1.png,wave14,설치,confirmed,,,255.0,0.0,#ffffff,0,0,
6_ui_icons_24px,"단색 마스크(문장·상인 표식·인장 — 코드에서 색칠, 통계 제외)",public/assets/wave14/merchant/merchant_branch_steps-v1.png,wave14,설치,confirmed,,,255.0,0.0,#ffffff,0,0,
6_ui_icons_24px,"단색 마스크(문장·상인 표식·인장 — 코드에서 색칠, 통계 제외)",public/assets/wave14/merchant/merchant_branch_v-v1.png,wave14,설치,confirmed,,,255.0,0.0,#ffffff,0,0,
6_ui_icons_24px,"단색 마스크(문장·상인 표식·인장 — 코드에서 색칠, 통계 제외)",public/assets/wave14/merchant/merchant_branch_w-v1.png,wave14,설치,confirmed,,,255.0,0.0,#ffffff,0,0,
6_ui_icons_24px,"단색 마스크(문장·상인 표식·인장 — 코드에서 색칠, 통계 제외)",public/assets/wave14/merchant/merchant_frame_circle-v1.png,wave14,설치,confirmed,,,255.0,0.0,#ffffff,0,0,
6_ui_icons_24px,"단색 마스크(문장·상인 표식·인장 — 코드에서 색칠, 통계 제외)",public/assets/wave14/merchant/merchant_frame_shield-v1.png,wave14,설치,confirmed,,,255.0,0.0,#ffffff,0,0,
6_ui_icons_24px,"단색 마스크(문장·상인 표식·인장 — 코드에서 색칠, 통계 제외)",public/assets/wave14/merchant/merchant_staff_figure4-v1.png,wave14,설치,confirmed,,,255.0,0.0,#ffffff,0,0,
6_ui_icons_24px,"단색 마스크(문장·상인 표식·인장 — 코드에서 색칠, 통계 제외)",public/assets/wave14/merchant/merchant_staff_pennant-v1.png,wave14,설치,confirmed,,,255.0,0.0,#ffffff,0,0,
6_ui_icons_24px,"단색 마스크(문장·상인 표식·인장 — 코드에서 색칠, 통계 제외)",public/assets/wave14/merchant/merchant_staff_rake-v1.png,wave14,설치,confirmed,,,255.0,0.0,#ffffff,0,0,
6_ui_icons_24px,"단색 마스크(문장·상인 표식·인장 — 코드에서 색칠, 통계 제외)",public/assets/wave14/merchant/merchant_staff_topcross-v1.png,wave14,설치,confirmed,,,255.0,0.0,#ffffff,0,0,
6_ui_icons_24px,"단색 마스크(문장·상인 표식·인장 — 코드에서 색칠, 통계 제외)",public/assets/wave14/heraldry/ordinary_bend.png,wave14,설치,confirmed,,,255.0,0.0,#ffffff,0,0,
6_ui_icons_24px,"단색 마스크(문장·상인 표식·인장 — 코드에서 색칠, 통계 제외)",assets-inbox/wave14/candidates-v1/assets/heraldry/ordinary_bordure.png,wave14,미설치,confirmed,,,255.0,0.0,#ffffff,0,0,
6_ui_icons_24px,"단색 마스크(문장·상인 표식·인장 — 코드에서 색칠, 통계 제외)",public/assets/wave14/heraldry/ordinary_chevron.png,wave14,설치,confirmed,,,255.0,0.0,#ffffff,0,0,
6_ui_icons_24px,"단색 마스크(문장·상인 표식·인장 — 코드에서 색칠, 통계 제외)",public/assets/wave14/heraldry/ordinary_chief.png,wave14,설치,confirmed,,,255.0,0.0,#ffffff,0,0,
6_ui_icons_24px,"단색 마스크(문장·상인 표식·인장 — 코드에서 색칠, 통계 제외)",public/assets/wave14/heraldry/ordinary_cross.png,wave14,설치,confirmed,,,255.0,0.0,#ffffff,0,0,
6_ui_icons_24px,"단색 마스크(문장·상인 표식·인장 — 코드에서 색칠, 통계 제외)",public/assets/wave14/heraldry/ordinary_fess.png,wave14,설치,confirmed,,,255.0,0.0,#ffffff,0,0,
6_ui_icons_24px,"단색 마스크(문장·상인 표식·인장 — 코드에서 색칠, 통계 제외)",public/assets/wave14/heraldry/ordinary_pale.png,wave14,설치,confirmed,,,255.0,0.0,#ffffff,0,0,
6_ui_icons_24px,"단색 마스크(문장·상인 표식·인장 — 코드에서 색칠, 통계 제외)",public/assets/wave14/heraldry/ordinary_saltire.png,wave14,설치,confirmed,,,255.0,0.0,#ffffff,0,0,
6_ui_icons_24px,"단색 마스크(문장·상인 표식·인장 — 코드에서 색칠, 통계 제외)",public/assets/wave14/heraldry/partition_barry.png,wave14,설치,confirmed,,,255.0,0.0,#ffffff,0,0,
6_ui_icons_24px,"단색 마스크(문장·상인 표식·인장 — 코드에서 색칠, 통계 제외)",public/assets/wave14/heraldry/partition_paly.png,wave14,설치,confirmed,,,255.0,0.0,#ffffff,0,0,
6_ui_icons_24px,"단색 마스크(문장·상인 표식·인장 — 코드에서 색칠, 통계 제외)",public/assets/wave14/heraldry/partition_per_bend.png,wave14,설치,confirmed,,,255.0,0.0,#ffffff,0,0,
6_ui_icons_24px,"단색 마스크(문장·상인 표식·인장 — 코드에서 색칠, 통계 제외)",public/assets/wave14/heraldry/partition_per_bend_sinister.png,wave14,설치,confirmed,,,255.0,0.0,#ffffff,0,0,
6_ui_icons_24px,"단색 마스크(문장·상인 표식·인장 — 코드에서 색칠, 통계 제외)",public/assets/wave14/heraldry/partition_per_chevron.png,wave14,설치,confirmed,,,255.0,0.0,#ffffff,0,0,
6_ui_icons_24px,"단색 마스크(문장·상인 표식·인장 — 코드에서 색칠, 통계 제외)",public/assets/wave14/heraldry/partition_per_fess.png,wave14,설치,confirmed,,,255.0,0.0,#ffffff,0,0,
6_ui_icons_24px,"단색 마스크(문장·상인 표식·인장 — 코드에서 색칠, 통계 제외)",public/assets/wave14/heraldry/partition_per_pale.png,wave14,설치,confirmed,,,255.0,0.0,#ffffff,0,0,
6_ui_icons_24px,"단색 마스크(문장·상인 표식·인장 — 코드에서 색칠, 통계 제외)",public/assets/wave14/heraldry/partition_per_pale_indented.png,wave14,설치,confirmed,,,255.0,0.0,#ffffff,0,0,
6_ui_icons_24px,"단색 마스크(문장·상인 표식·인장 — 코드에서 색칠, 통계 제외)",public/assets/wave14/heraldry/partition_per_saltire.png,wave14,설치,confirmed,,,255.0,0.0,#ffffff,0,0,
6_ui_icons_24px,"단색 마스크(문장·상인 표식·인장 — 코드에서 색칠, 통계 제외)",public/assets/wave14/heraldry/partition_quarterly.png,wave14,설치,confirmed,,,255.0,0.0,#ffffff,0,0,
6_ui_icons_24px,"단색 마스크(문장·상인 표식·인장 — 코드에서 색칠, 통계 제외)",assets-inbox/wave14/candidates-v1/assets/seals/seal_town_center_bridge.png,wave14,미설치,confirmed,,,0.0,0.0,#000000,0,0,
6_ui_icons_24px,"단색 마스크(문장·상인 표식·인장 — 코드에서 색칠, 통계 제외)",assets-inbox/wave14/candidates-v1/assets/seals/seal_town_center_church.png,wave14,미설치,confirmed,,,0.0,0.0,#000000,0,0,
6_ui_icons_24px,"단색 마스크(문장·상인 표식·인장 — 코드에서 색칠, 통계 제외)",assets-inbox/wave14/candidates-v1/assets/seals/seal_town_center_gate.png,wave14,미설치,confirmed,,,0.0,0.0,#000000,0,0,
6_ui_icons_24px,"단색 마스크(문장·상인 표식·인장 — 코드에서 색칠, 통계 제외)",assets-inbox/wave14/candidates-v1/assets/seals/seal_town_center_ship.png,wave14,미설치,confirmed,,,0.0,0.0,#000000,0,0,
7_portraits_96px,초상,assets-inbox/people-pilot1/candidates-v1/assets/portraits/pt_pilot_P1-v1.png,people-pilot1,미설치,confirmed,,,95.5,0.366,#8e8474,0.66,-0.27,
7_portraits_96px,초상,assets-inbox/people-pilot1/candidates-v1/assets/portraits/pt_pilot_P2-v1.png,people-pilot1,미설치,confirmed,,,124.9,0.283,#8e8474,2.44,-1.36,yes
7_portraits_96px,초상,assets-inbox/people-pilot1/candidates-v1/assets/portraits/pt_pilot_P3-v1.png,people-pilot1,미설치,confirmed,,,109.5,0.271,#8e8474,1.5,-1.53,
7_portraits_96px,초상,assets-inbox/people-pilot1/candidates-v1/assets/portraits/pt_pilot_P4-v1.png,people-pilot1,미설치,confirmed,,,95.4,0.449,#8d8474,0.65,0.84,
7_portraits_96px,초상,assets-inbox/people-pilot1/candidates-v1/assets/portraits/pt_pilot_P5-v1.png,people-pilot1,미설치,confirmed,,,132.3,0.245,#8e8574,2.89,-1.88,yes
7_portraits_96px,초상,assets-inbox/people-pilot1/candidates-v1/assets/portraits/pt_pilot_P6-v1.png,people-pilot1,미설치,confirmed,,,139.9,0.209,#8e8574,3.35,-2.35,yes
7_portraits_96px,초상,assets-inbox/portrait-pool/pool1-20260926/assets/portraits/I037_mature.png,portrait-pool,빌드 파생(설치),confirmed,,,70.1,0.334,#11130d,-0.89,-0.69,
7_portraits_96px,초상,assets-inbox/portrait-pool/pool1-20260926/assets/portraits/I037_old.png,portrait-pool,빌드 파생(설치),confirmed,,,83.1,0.318,#655a4b,-0.1,-0.91,
7_portraits_96px,초상,assets-inbox/portrait-pool/pool1-20260926/assets/portraits/I037_young.png,portrait-pool,빌드 파생(설치),confirmed,,,82.0,0.422,#6e6455,-0.17,0.48,
7_portraits_96px,초상,assets-inbox/portrait-pool/pool1-20260926/assets/portraits/I038_mature.png,portrait-pool,빌드 파생(설치),confirmed,,,70.1,0.537,#4f100c,-0.89,2.0,
7_portraits_96px,초상,assets-inbox/portrait-pool/pool1-20260926/assets/portraits/I038_old.png,portrait-pool,빌드 파생(설치),confirmed,,,67.7,0.566,#4f0e0a,-1.03,2.38,yes
7_portraits_96px,초상,assets-inbox/portrait-pool/pool1-20260926/assets/portraits/I038_young.png,portrait-pool,빌드 파생(설치),confirmed,,,70.2,0.569,#50100c,-0.88,2.43,yes
7_portraits_96px,초상,assets-inbox/portrait-pool/pool1-20260926/assets/portraits/I039_mature.png,portrait-pool,빌드 파생(설치),confirmed,,,86.3,0.383,#665a4c,0.1,-0.04,
7_portraits_96px,초상,assets-inbox/portrait-pool/pool1-20260926/assets/portraits/I039_old.png,portrait-pool,빌드 파생(설치),confirmed,,,80.6,0.388,#655a4e,-0.25,0.03,
7_portraits_96px,초상,assets-inbox/portrait-pool/pool1-20260926/assets/portraits/I039_young.png,portrait-pool,빌드 파생(설치),confirmed,,,87.4,0.354,#6e6355,0.16,-0.43,
7_portraits_96px,초상,assets-inbox/portrait-pool/pool1-20260926/assets/portraits/I040_mature.png,portrait-pool,빌드 파생(설치),confirmed,,,92.0,0.326,#726556,0.44,-0.8,
7_portraits_96px,초상,assets-inbox/portrait-pool/pool1-20260926/assets/portraits/I040_old.png,portrait-pool,빌드 파생(설치),confirmed,,,89.3,0.321,#6f6252,0.28,-0.86,
7_portraits_96px,초상,assets-inbox/portrait-pool/pool1-20260926/assets/portraits/I040_young.png,portrait-pool,빌드 파생(설치),confirmed,,,96.7,0.312,#74695b,0.73,-0.99,
7_portraits_96px,초상,assets-inbox/portrait-pool/pool1-20260926/assets/portraits/I041_mature.png,portrait-pool,빌드 파생(설치),confirmed,,,85.4,0.473,#655848,0.04,1.15,
7_portraits_96px,초상,assets-inbox/portrait-pool/pool1-20260926/assets/portraits/I041_old.png,portrait-pool,빌드 파생(설치),confirmed,,,78.0,0.506,#675a4b,-0.41,1.59,
7_portraits_96px,초상,assets-inbox/portrait-pool/pool1-20260926/assets/portraits/I041_young.png,portrait-pool,빌드 파생(설치),confirmed,,,81.9,0.497,#6e6252,-0.17,1.48,
7_portraits_96px,초상,assets-inbox/portrait-pool/pool1-20260926/assets/portraits/I042_mature.png,portrait-pool,빌드 파생(설치),confirmed,,,94.6,0.303,#63594d,0.6,-1.11,
7_portraits_96px,초상,assets-inbox/portrait-pool/pool1-20260926/assets/portraits/I042_old.png,portrait-pool,빌드 파생(설치),confirmed,,,103.3,0.278,#5a5248,1.13,-1.44,
7_portraits_96px,초상,assets-inbox/portrait-pool/pool1-20260926/assets/portraits/I042_young.png,portrait-pool,빌드 파생(설치),confirmed,,,104.2,0.28,#6c6356,1.18,-1.41,
7_portraits_96px,초상,assets-inbox/portrait-pool/pool1-20260926/assets/portraits/I043_mature.png,portrait-pool,빌드 파생(설치),confirmed,,,70.4,0.282,#706658,-0.87,-1.38,
7_portraits_96px,초상,assets-inbox/portrait-pool/pool1-20260926/assets/portraits/I043_old.png,portrait-pool,빌드 파생(설치),confirmed,,,77.7,0.28,#73685a,-0.42,-1.41,
7_portraits_96px,초상,assets-inbox/portrait-pool/pool1-20260926/assets/portraits/I043_young.png,portrait-pool,빌드 파생(설치),confirmed,,,78.5,0.294,#756b5d,-0.37,-1.22,
7_portraits_96px,초상,assets-inbox/portrait-pool/pool1-20260926/assets/portraits/I044_mature.png,portrait-pool,빌드 파생(설치),confirmed,,,70.5,0.391,#6e6455,-0.86,0.07,
7_portraits_96px,초상,assets-inbox/portrait-pool/pool1-20260926/assets/portraits/I044_old.png,portrait-pool,빌드 파생(설치),confirmed,,,77.3,0.381,#706657,-0.45,-0.07,
7_portraits_96px,초상,assets-inbox/portrait-pool/pool1-20260926/assets/portraits/I044_young.png,portrait-pool,빌드 파생(설치),confirmed,,,71.4,0.401,#746b5c,-0.81,0.2,
7_portraits_96px,초상,assets-inbox/portrait-pool/pool1-20260926/assets/portraits/I045_mature.png,portrait-pool,빌드 파생(설치),confirmed,,,81.9,0.296,#716659,-0.17,-1.19,
7_portraits_96px,초상,assets-inbox/portrait-pool/pool1-20260926/assets/portraits/I045_old.png,portrait-pool,빌드 파생(설치),confirmed,,,81.6,0.295,#6e6457,-0.19,-1.2,
7_portraits_96px,초상,assets-inbox/portrait-pool/pool1-20260926/assets/portraits/I045_young.png,portrait-pool,빌드 파생(설치),confirmed,,,86.0,0.31,#796f60,0.08,-1.01,
7_portraits_96px,초상,assets-inbox/portrait-pool/pool1-20260926/assets/portraits/I046_mature.png,portrait-pool,빌드 파생(설치),confirmed,,,94.8,0.274,#716659,0.61,-1.49,
7_portraits_96px,초상,assets-inbox/portrait-pool/pool1-20260926/assets/portraits/I046_old.png,portrait-pool,빌드 파생(설치),confirmed,,,84.8,0.288,#74675a,0.0,-1.3,
7_portraits_96px,초상,assets-inbox/portrait-pool/pool1-20260926/assets/portraits/I046_young.png,portrait-pool,빌드 파생(설치),confirmed,,,94.7,0.284,#766b5d,0.61,-1.36,
7_portraits_96px,초상,assets-inbox/portrait-pool/pool1-20260926/assets/portraits/I047_mature.png,portrait-pool,빌드 파생(설치),confirmed,,,77.1,0.388,#706455,-0.46,0.02,
7_portraits_96px,초상,assets-inbox/portrait-pool/pool1-20260926/assets/portraits/I047_old.png,portrait-pool,빌드 파생(설치),confirmed,,,89.9,0.352,#665b4d,0.32,-0.45,
7_portraits_96px,초상,assets-inbox/portrait-pool/pool1-20260926/assets/portraits/I047_young.png,portrait-pool,빌드 파생(설치),confirmed,,,89.9,0.373,#736859,0.31,-0.18,
7_portraits_96px,초상,assets-inbox/portrait-pool/pool1-20260926/assets/portraits/I048_mature.png,portrait-pool,빌드 파생(설치),confirmed,,,88.6,0.312,#6e6556,0.23,-0.99,
7_portraits_96px,초상,assets-inbox/portrait-pool/pool1-20260926/assets/portraits/I048_old.png,portrait-pool,빌드 파생(설치),confirmed,,,83.0,0.286,#6d6456,-0.11,-1.33,
7_portraits_96px,초상,assets-inbox/portrait-pool/pool1-20260926/assets/portraits/I048_young.png,portrait-pool,빌드 파생(설치),confirmed,,,85.4,0.327,#797061,0.04,-0.78,
7_portraits_96px,초상,assets-inbox/portrait-pool/pool1-20260926/assets/portraits/I049_mature.png,portrait-pool,빌드 파생(설치),confirmed,,,70.1,0.34,#2c2931,-0.88,-0.61,
7_portraits_96px,초상,assets-inbox/portrait-pool/pool1-20260926/assets/portraits/I049_old.png,portrait-pool,빌드 파생(설치),confirmed,,,77.5,0.383,#695b4d,-0.44,-0.04,
7_portraits_96px,초상,assets-inbox/portrait-pool/pool1-20260926/assets/portraits/I049_young.png,portrait-pool,빌드 파생(설치),confirmed,,,78.1,0.39,#716352,-0.4,0.05,
7_portraits_96px,초상,assets-inbox/portrait-pool/pool1-20260926/assets/portraits/I050_mature.png,portrait-pool,빌드 파생(설치),confirmed,,,79.7,0.491,#6e6659,-0.3,1.39,
7_portraits_96px,초상,assets-inbox/portrait-pool/pool1-20260926/assets/portraits/I050_old.png,portrait-pool,빌드 파생(설치),confirmed,,,86.9,0.448,#6d6557,0.13,0.82,
7_portraits_96px,초상,assets-inbox/portrait-pool/pool1-20260926/assets/portraits/I050_young.png,portrait-pool,빌드 파생(설치),confirmed,,,89.5,0.459,#746c5c,0.29,0.97,
7_portraits_96px,초상,assets-inbox/portrait-pool/pool1-20260926/assets/portraits/I051_mature.png,portrait-pool,빌드 파생(설치),confirmed,,,82.5,0.409,#786f60,-0.13,0.3,
7_portraits_96px,초상,assets-inbox/portrait-pool/pool1-20260926/assets/portraits/I051_old.png,portrait-pool,빌드 파생(설치),confirmed,,,92.0,0.369,#766d61,0.44,-0.23,
7_portraits_96px,초상,assets-inbox/portrait-pool/pool1-20260926/assets/portraits/I051_young.png,portrait-pool,빌드 파생(설치),confirmed,,,92.7,0.383,#7d7466,0.48,-0.05,
7_portraits_96px,초상,assets-inbox/portrait-pool/pool1-20260926/assets/portraits/I052_mature.png,portrait-pool,빌드 파생(설치),confirmed,,,84.3,0.344,#706355,-0.02,-0.56,
7_portraits_96px,초상,assets-inbox/portrait-pool/pool1-20260926/assets/portraits/I052_old.png,portrait-pool,빌드 파생(설치),confirmed,,,82.4,0.311,#6e6254,-0.14,-0.99,
7_portraits_96px,초상,assets-inbox/portrait-pool/pool1-20260926/assets/portraits/I052_young.png,portrait-pool,빌드 파생(설치),confirmed,,,95.7,0.334,#746959,0.67,-0.68,
7_portraits_96px,초상,assets-inbox/portrait-pool/pool1-20260926/assets/portraits/I053_mature.png,portrait-pool,빌드 파생(설치),confirmed,,,91.1,0.42,#6c6254,0.39,0.46,
7_portraits_96px,초상,assets-inbox/portrait-pool/pool1-20260926/assets/portraits/I053_old.png,portrait-pool,빌드 파생(설치),confirmed,,,88.2,0.396,#6d6255,0.21,0.13,
7_portraits_96px,초상,assets-inbox/portrait-pool/pool1-20260926/assets/portraits/I053_young.png,portrait-pool,빌드 파생(설치),confirmed,,,95.4,0.434,#72695a,0.65,0.63,
7_portraits_96px,초상,assets-inbox/portrait-pool/pool1-20260926/assets/portraits/I054_mature.png,portrait-pool,빌드 파생(설치),confirmed,,,82.6,0.354,#675c4e,-0.13,-0.42,
7_portraits_96px,초상,assets-inbox/portrait-pool/pool1-20260926/assets/portraits/I054_old.png,portrait-pool,빌드 파생(설치),confirmed,,,90.7,0.316,#655b4e,0.36,-0.94,
7_portraits_96px,초상,assets-inbox/portrait-pool/pool1-20260926/assets/portraits/I054_young.png,portrait-pool,빌드 파생(설치),confirmed,,,91.6,0.338,#6c6253,0.42,-0.63,
7_portraits_96px,초상,assets-inbox/portrait-pool/pool1-20260926/assets/portraits/I055_mature.png,portrait-pool,빌드 파생(설치),confirmed,,,76.6,0.307,#726a5c,-0.49,-1.04,
7_portraits_96px,초상,assets-inbox/portrait-pool/pool1-20260926/assets/portraits/I055_old.png,portrait-pool,빌드 파생(설치),confirmed,,,87.3,0.32,#736a5c,0.15,-0.88,
7_portraits_96px,초상,assets-inbox/portrait-pool/pool1-20260926/assets/portraits/I055_young.png,portrait-pool,빌드 파생(설치),confirmed,,,87.4,0.321,#787061,0.16,-0.86,
7_portraits_96px,초상,assets-inbox/portrait-pool/pool1-20260926/assets/portraits/I056_mature.png,portrait-pool,빌드 파생(설치),confirmed,,,78.7,0.493,#6c6254,-0.37,1.41,
7_portraits_96px,초상,assets-inbox/portrait-pool/pool1-20260926/assets/portraits/I056_old.png,portrait-pool,빌드 파생(설치),confirmed,,,87.7,0.445,#695d4e,0.18,0.79,
7_portraits_96px,초상,assets-inbox/portrait-pool/pool1-20260926/assets/portraits/I056_young.png,portrait-pool,빌드 파생(설치),confirmed,,,87.3,0.464,#6f6454,0.15,1.04,
7_portraits_96px,초상,assets-inbox/portrait-pool/pool1-20260926/assets/portraits/I057_mature.png,portrait-pool,빌드 파생(설치),confirmed,,,95.3,0.365,#6c6356,0.64,-0.27,
7_portraits_96px,초상,assets-inbox/portrait-pool/pool1-20260926/assets/portraits/I057_old.png,portrait-pool,빌드 파생(설치),confirmed,,,99.0,0.304,#6e6557,0.87,-1.09,
7_portraits_96px,초상,assets-inbox/portrait-pool/pool1-20260926/assets/portraits/I057_young.png,portrait-pool,빌드 파생(설치),confirmed,,,100.6,0.344,#706759,0.97,-0.56,
7_portraits_96px,초상,assets-inbox/portrait-pool/pool1-20260926/assets/portraits/I058_mature.png,portrait-pool,빌드 파생(설치),confirmed,,,90.7,0.254,#766a5d,0.36,-1.75,
7_portraits_96px,초상,assets-inbox/portrait-pool/pool1-20260926/assets/portraits/I058_old.png,portrait-pool,빌드 파생(설치),confirmed,,,98.3,0.298,#766b5d,0.83,-1.16,
7_portraits_96px,초상,assets-inbox/portrait-pool/pool1-20260926/assets/portraits/I058_young.png,portrait-pool,빌드 파생(설치),confirmed,,,100.2,0.296,#796f61,0.94,-1.19,
7_portraits_96px,초상,assets-inbox/portrait-pool/pool1-20260926/assets/portraits/I059_mature.png,portrait-pool,빌드 파생(설치),confirmed,,,95.0,0.438,#6c6355,0.62,0.69,
7_portraits_96px,초상,assets-inbox/portrait-pool/pool1-20260926/assets/portraits/I059_old.png,portrait-pool,빌드 파생(설치),confirmed,,,104.6,0.379,#6b6153,1.21,-0.1,
7_portraits_96px,초상,assets-inbox/portrait-pool/pool1-20260926/assets/portraits/I059_young.png,portrait-pool,빌드 파생(설치),confirmed,,,101.9,0.423,#756b5c,1.04,0.5,
7_portraits_96px,초상,assets-inbox/portrait-pool/pool1-20260926/assets/portraits/I060_mature.png,portrait-pool,빌드 파생(설치),confirmed,,,73.9,0.415,#746c5c,-0.66,0.39,
7_portraits_96px,초상,assets-inbox/portrait-pool/pool1-20260926/assets/portraits/I060_old.png,portrait-pool,빌드 파생(설치),confirmed,,,76.3,0.402,#726a5b,-0.51,0.21,
7_portraits_96px,초상,assets-inbox/portrait-pool/pool1-20260926/assets/portraits/I060_young.png,portrait-pool,빌드 파생(설치),confirmed,,,80.2,0.384,#7a7262,-0.28,-0.03,
7_portraits_96px,초상,assets-inbox/portrait-pool/pool1-20260926/assets/portraits/I061_mature.png,portrait-pool,빌드 파생(설치),confirmed,,,78.0,0.376,#6d6253,-0.41,-0.13,
7_portraits_96px,초상,assets-inbox/portrait-pool/pool1-20260926/assets/portraits/I061_old.png,portrait-pool,빌드 파생(설치),confirmed,,,81.1,0.376,#6f6251,-0.22,-0.14,
7_portraits_96px,초상,assets-inbox/portrait-pool/pool1-20260926/assets/portraits/I061_young.png,portrait-pool,빌드 파생(설치),confirmed,,,82.0,0.386,#746858,-0.17,-0.0,
7_portraits_96px,초상,assets-inbox/portrait-pool/pool1-20260926/assets/portraits/I062_mature.png,portrait-pool,빌드 파생(설치),confirmed,,,70.2,0.29,#16120f,-0.88,-1.27,
7_portraits_96px,초상,assets-inbox/portrait-pool/pool1-20260926/assets/portraits/I062_old.png,portrait-pool,빌드 파생(설치),confirmed,,,70.2,0.297,#15110e,-0.88,-1.18,
7_portraits_96px,초상,assets-inbox/portrait-pool/pool1-20260926/assets/portraits/I062_young.png,portrait-pool,빌드 파생(설치),confirmed,,,76.6,0.262,#171411,-0.49,-1.64,
7_portraits_96px,초상,assets-inbox/portrait-pool/pool1-20260926/assets/portraits/I063_mature.png,portrait-pool,빌드 파생(설치),confirmed,,,84.0,0.482,#6f6455,-0.05,1.27,
7_portraits_96px,초상,assets-inbox/portrait-pool/pool1-20260926/assets/portraits/I063_old.png,portrait-pool,빌드 파생(설치),confirmed,,,93.0,0.414,#6e6457,0.5,0.38,
7_portraits_96px,초상,assets-inbox/portrait-pool/pool1-20260926/assets/portraits/I063_young.png,portrait-pool,빌드 파생(설치),confirmed,,,92.4,0.425,#716758,0.46,0.51,
7_portraits_96px,초상,assets-inbox/portrait-pool/pool1-20260926/assets/portraits/I064_mature.png,portrait-pool,빌드 파생(설치),confirmed,,,94.2,0.276,#73685a,0.57,-1.47,
7_portraits_96px,초상,assets-inbox/portrait-pool/pool1-20260926/assets/portraits/I064_old.png,portrait-pool,빌드 파생(설치),confirmed,,,92.6,0.247,#776a5b,0.48,-1.84,
7_portraits_96px,초상,assets-inbox/portrait-pool/pool1-20260926/assets/portraits/I064_young.png,portrait-pool,빌드 파생(설치),confirmed,,,97.0,0.243,#7a7163,0.75,-1.9,
7_portraits_96px,초상,assets-inbox/portrait-pool/pool1-20260926/assets/portraits/I065_child.png,portrait-pool,빌드 파생(설치),confirmed,,,84.9,0.436,#716758,0.01,0.66,
7_portraits_96px,초상,assets-inbox/portrait-pool/pool1-20260926/assets/portraits/I065_young.png,portrait-pool,빌드 파생(설치),confirmed,,,80.0,0.449,#6c6253,-0.29,0.83,
7_portraits_96px,초상,assets-inbox/portrait-pool/pool1-20260926/assets/portraits/I066_child.png,portrait-pool,빌드 파생(설치),confirmed,,,76.5,0.412,#72695b,-0.5,0.34,
7_portraits_96px,초상,assets-inbox/portrait-pool/pool1-20260926/assets/portraits/I066_young.png,portrait-pool,빌드 파생(설치),confirmed,,,70.3,0.453,#311715,-0.88,0.88,
7_portraits_96px,초상,assets-inbox/portrait-pool/pool1-20260926/assets/portraits/I067_child.png,portrait-pool,빌드 파생(설치),confirmed,,,83.8,0.397,#6f6352,-0.05,0.15,
7_portraits_96px,초상,assets-inbox/portrait-pool/pool1-20260926/assets/portraits/I067_young.png,portrait-pool,빌드 파생(설치),confirmed,,,88.0,0.4,#665848,0.2,0.19,
7_portraits_96px,초상,assets-inbox/portrait-pool/pool1-20260926/assets/portraits/I068_child.png,portrait-pool,빌드 파생(설치),confirmed,,,97.3,0.336,#675d4f,0.76,-0.66,
7_portraits_96px,초상,assets-inbox/portrait-pool/pool1-20260926/assets/portraits/I068_young.png,portrait-pool,빌드 파생(설치),confirmed,,,85.3,0.388,#63574a,0.03,0.02,
7_portraits_96px,초상,assets-inbox/portrait-pool/pool2-20260926/assets/portraits/I069_mature.png,portrait-pool,빌드 파생(설치),candidate,,,68.8,0.455,#554738,-0.97,0.92,
7_portraits_96px,초상,assets-inbox/portrait-pool/pool2-20260926/assets/portraits/I069_old.png,portrait-pool,빌드 파생(설치),candidate,,,69.3,0.453,#544737,-0.93,0.88,
7_portraits_96px,초상,assets-inbox/portrait-pool/pool2-20260926/assets/portraits/I069_young.png,portrait-pool,빌드 파생(설치),candidate,,,70.8,0.455,#564939,-0.84,0.91,
7_portraits_96px,초상,assets-inbox/portrait-pool/pool2-20260926/assets/portraits/I070_mature.png,portrait-pool,빌드 파생(설치),candidate,,,69.1,0.509,#564a3a,-0.95,1.63,
7_portraits_96px,초상,assets-inbox/portrait-pool/pool2-20260926/assets/portraits/I070_old.png,portrait-pool,빌드 파생(설치),candidate,,,72.8,0.485,#564939,-0.72,1.32,
7_portraits_96px,초상,assets-inbox/portrait-pool/pool2-20260926/assets/portraits/I070_young.png,portrait-pool,빌드 파생(설치),candidate,,,72.6,0.507,#625544,-0.73,1.61,
7_portraits_96px,초상,assets-inbox/portrait-pool/pool2-20260926/assets/portraits/I071_mature.png,portrait-pool,빌드 파생(설치),candidate,,,100.9,0.427,#534639,0.98,0.55,
7_portraits_96px,초상,assets-inbox/portrait-pool/pool2-20260926/assets/portraits/I071_old.png,portrait-pool,빌드 파생(설치),candidate,,,102.3,0.404,#53473a,1.07,0.24,
7_portraits_96px,초상,assets-inbox/portrait-pool/pool2-20260926/assets/portraits/I071_young.png,portrait-pool,빌드 파생(설치),candidate,,,99.8,0.422,#564a3b,0.91,0.48,
7_portraits_96px,초상,assets-inbox/portrait-pool/pool2-20260926/assets/portraits/I072_mature.png,portrait-pool,빌드 파생(설치),candidate,,,66.7,0.451,#625546,-1.1,0.86,
7_portraits_96px,초상,assets-inbox/portrait-pool/pool2-20260926/assets/portraits/I072_old.png,portrait-pool,빌드 파생(설치),candidate,,,68.1,0.441,#4c3824,-1.01,0.72,
7_portraits_96px,초상,assets-inbox/portrait-pool/pool2-20260926/assets/portraits/I072_young.png,portrait-pool,빌드 파생(설치),candidate,,,69.5,0.45,#635747,-0.92,0.84,
7_portraits_96px,초상,assets-inbox/portrait-pool/pool2-20260926/assets/portraits/I073_mature.png,portrait-pool,빌드 파생(설치),candidate,,,63.5,0.486,#524638,-1.29,1.33,
7_portraits_96px,초상,assets-inbox/portrait-pool/pool2-20260926/assets/portraits/I073_old.png,portrait-pool,빌드 파생(설치),candidate,,,65.7,0.479,#524638,-1.16,1.24,
7_portraits_96px,초상,assets-inbox/portrait-pool/pool2-20260926/assets/portraits/I073_young.png,portrait-pool,빌드 파생(설치),candidate,,,67.1,0.471,#544839,-1.07,1.12,
7_portraits_96px,초상,assets-inbox/portrait-pool/pool2-20260926/assets/portraits/I074_mature.png,portrait-pool,빌드 파생(설치),candidate,,,65.4,0.404,#645747,-1.17,0.24,
7_portraits_96px,초상,assets-inbox/portrait-pool/pool2-20260926/assets/portraits/I074_old.png,portrait-pool,빌드 파생(설치),candidate,,,64.4,0.397,#56493b,-1.23,0.14,
7_portraits_96px,초상,assets-inbox/portrait-pool/pool2-20260926/assets/portraits/I074_young.png,portrait-pool,빌드 파생(설치),candidate,,,67.2,0.395,#645849,-1.06,0.12,
7_portraits_96px,초상,assets-inbox/portrait-pool/pool2-20260926/assets/portraits/I075_mature.png,portrait-pool,빌드 파생(설치),candidate,,,65.4,0.444,#635544,-1.17,0.77,
7_portraits_96px,초상,assets-inbox/portrait-pool/pool2-20260926/assets/portraits/I075_old.png,portrait-pool,빌드 파생(설치),candidate,,,65.9,0.434,#645645,-1.14,0.63,
7_portraits_96px,초상,assets-inbox/portrait-pool/pool2-20260926/assets/portraits/I075_young.png,portrait-pool,빌드 파생(설치),candidate,,,68.0,0.423,#655848,-1.02,0.49,
7_portraits_96px,초상,assets-inbox/portrait-pool/pool2-20260926/assets/portraits/I076_mature.png,portrait-pool,빌드 파생(설치),candidate,,,55.6,0.42,#554839,-1.77,0.44,
7_portraits_96px,초상,assets-inbox/portrait-pool/pool2-20260926/assets/portraits/I076_old.png,portrait-pool,빌드 파생(설치),candidate,,,58.6,0.393,#55483a,-1.59,0.09,
7_portraits_96px,초상,assets-inbox/portrait-pool/pool2-20260926/assets/portraits/I076_young.png,portrait-pool,빌드 파생(설치),candidate,,,59.0,0.397,#564a3a,-1.56,0.15,
7_portraits_96px,초상,assets-inbox/portrait-pool/pool2-20260926/assets/portraits/I077_mature.png,portrait-pool,빌드 파생(설치),candidate,,,63.4,0.386,#2c1616,-1.29,-0.01,
7_portraits_96px,초상,assets-inbox/portrait-pool/pool2-20260926/assets/portraits/I077_old.png,portrait-pool,빌드 파생(설치),candidate,,,63.5,0.384,#5a4f43,-1.29,-0.02,
7_portraits_96px,초상,assets-inbox/portrait-pool/pool2-20260926/assets/portraits/I077_young.png,portrait-pool,빌드 파생(설치),candidate,,,67.3,0.377,#64584a,-1.06,-0.12,
7_portraits_96px,초상,assets-inbox/portrait-pool/pool2-20260926/assets/portraits/I078_mature.png,portrait-pool,빌드 파생(설치),candidate,,,61.5,0.506,#635747,-1.41,1.6,
7_portraits_96px,초상,assets-inbox/portrait-pool/pool2-20260926/assets/portraits/I078_old.png,portrait-pool,빌드 파생(설치),candidate,,,62.5,0.509,#635647,-1.35,1.63,
7_portraits_96px,초상,assets-inbox/portrait-pool/pool2-20260926/assets/portraits/I078_young.png,portrait-pool,빌드 파생(설치),candidate,,,64.3,0.505,#66594a,-1.24,1.58,
7_portraits_96px,초상,assets-inbox/portrait-pool/pool2-20260926/assets/portraits/I079_mature.png,portrait-pool,빌드 파생(설치),candidate,,,57.3,0.432,#140d09,-1.66,0.61,
7_portraits_96px,초상,assets-inbox/portrait-pool/pool2-20260926/assets/portraits/I079_old.png,portrait-pool,빌드 파생(설치),candidate,,,58.4,0.42,#594b3c,-1.59,0.45,
7_portraits_96px,초상,assets-inbox/portrait-pool/pool2-20260926/assets/portraits/I079_young.png,portrait-pool,빌드 파생(설치),candidate,,,59.7,0.436,#645646,-1.52,0.66,
7_portraits_96px,초상,assets-inbox/portrait-pool/pool2-20260926/assets/portraits/I080_mature.png,portrait-pool,빌드 파생(설치),candidate,,,82.4,0.415,#645647,-0.14,0.38,
7_portraits_96px,초상,assets-inbox/portrait-pool/pool2-20260926/assets/portraits/I080_old.png,portrait-pool,빌드 파생(설치),candidate,,,82.6,0.406,#645647,-0.13,0.26,
7_portraits_96px,초상,assets-inbox/portrait-pool/pool2-20260926/assets/portraits/I080_young.png,portrait-pool,빌드 파생(설치),candidate,,,84.5,0.421,#675949,-0.01,0.46,
7_portraits_96px,초상,assets-inbox/portrait-pool/pool2-20260926/assets/portraits/I081_mature.png,portrait-pool,빌드 파생(설치),candidate,,,67.0,0.366,#50463a,-1.07,-0.27,
7_portraits_96px,초상,assets-inbox/portrait-pool/pool2-20260926/assets/portraits/I081_old.png,portrait-pool,빌드 파생(설치),candidate,,,68.0,0.373,#4f4538,-1.01,-0.17,
7_portraits_96px,초상,assets-inbox/portrait-pool/pool2-20260926/assets/portraits/I081_young.png,portrait-pool,빌드 파생(설치),candidate,,,71.3,0.363,#574f44,-0.81,-0.31,
7_portraits_96px,초상,assets-inbox/portrait-pool/pool2-20260926/assets/portraits/I082_mature.png,portrait-pool,빌드 파생(설치),candidate,,,73.8,0.502,#635648,-0.66,1.54,
7_portraits_96px,초상,assets-inbox/portrait-pool/pool2-20260926/assets/portraits/I082_old.png,portrait-pool,빌드 파생(설치),candidate,,,77.0,0.511,#665849,-0.47,1.65,
7_portraits_96px,초상,assets-inbox/portrait-pool/pool2-20260926/assets/portraits/I082_young.png,portrait-pool,빌드 파생(설치),candidate,,,77.3,0.505,#66594a,-0.45,1.58,
7_portraits_96px,초상,assets-inbox/portrait-pool/pool2-20260926/assets/portraits/I083_mature.png,portrait-pool,빌드 파생(설치),candidate,,,72.6,0.439,#554738,-0.73,0.71,
7_portraits_96px,초상,assets-inbox/portrait-pool/pool2-20260926/assets/portraits/I083_old.png,portrait-pool,빌드 파생(설치),candidate,,,73.4,0.422,#564839,-0.69,0.48,
7_portraits_96px,초상,assets-inbox/portrait-pool/pool2-20260926/assets/portraits/I083_young.png,portrait-pool,빌드 파생(설치),candidate,,,76.1,0.427,#655849,-0.52,0.54,
7_portraits_96px,초상,assets-inbox/portrait-pool/pool2-20260926/assets/portraits/I084_mature.png,portrait-pool,빌드 파생(설치),candidate,,,68.4,0.559,#564939,-0.99,2.29,yes
7_portraits_96px,초상,assets-inbox/portrait-pool/pool2-20260926/assets/portraits/I084_old.png,portrait-pool,빌드 파생(설치),candidate,,,68.6,0.567,#544737,-0.98,2.4,yes
7_portraits_96px,초상,assets-inbox/portrait-pool/pool2-20260926/assets/portraits/I084_young.png,portrait-pool,빌드 파생(설치),candidate,,,71.7,0.522,#655847,-0.79,1.8,
7_portraits_96px,초상,assets-inbox/portrait-pool/pool2-20260926/assets/portraits/I085_mature.png,portrait-pool,빌드 파생(설치),candidate,,,79.1,0.362,#564b3c,-0.34,-0.32,
7_portraits_96px,초상,assets-inbox/portrait-pool/pool2-20260926/assets/portraits/I085_old.png,portrait-pool,빌드 파생(설치),candidate,,,63.8,0.312,#50463a,-1.27,-0.98,
7_portraits_96px,초상,assets-inbox/portrait-pool/pool2-20260926/assets/portraits/I085_young.png,portrait-pool,빌드 파생(설치),candidate,,,84.0,0.344,#5c5345,-0.04,-0.56,
7_portraits_96px,초상,assets-inbox/portrait-pool/pool2-20260926/assets/portraits/I086_mature.png,portrait-pool,빌드 파생(설치),candidate,,,91.0,0.375,#564739,0.38,-0.15,
7_portraits_96px,초상,assets-inbox/portrait-pool/pool2-20260926/assets/portraits/I086_old.png,portrait-pool,빌드 파생(설치),candidate,,,93.7,0.343,#655546,0.54,-0.57,
7_portraits_96px,초상,assets-inbox/portrait-pool/pool2-20260926/assets/portraits/I086_young.png,portrait-pool,빌드 파생(설치),candidate,,,93.1,0.368,#665849,0.51,-0.23,
7_portraits_96px,초상,assets-inbox/portrait-pool/pool2-20260926/assets/portraits/I087_mature.png,portrait-pool,빌드 파생(설치),candidate,,,77.6,0.454,#524739,-0.43,0.9,
7_portraits_96px,초상,assets-inbox/portrait-pool/pool2-20260926/assets/portraits/I087_old.png,portrait-pool,빌드 파생(설치),candidate,,,86.4,0.42,#554a3c,0.1,0.45,
7_portraits_96px,초상,assets-inbox/portrait-pool/pool2-20260926/assets/portraits/I087_young.png,portrait-pool,빌드 파생(설치),candidate,,,88.2,0.409,#594f41,0.21,0.3,
7_portraits_96px,초상,assets-inbox/portrait-pool/pool2-20260926/assets/portraits/I088_mature.png,portrait-pool,빌드 파생(설치),candidate,,,78.9,0.471,#544738,-0.35,1.13,
7_portraits_96px,초상,assets-inbox/portrait-pool/pool2-20260926/assets/portraits/I088_old.png,portrait-pool,빌드 파생(설치),candidate,,,86.2,0.446,#564839,0.09,0.8,
7_portraits_96px,초상,assets-inbox/portrait-pool/pool2-20260926/assets/portraits/I088_young.png,portrait-pool,빌드 파생(설치),candidate,,,76.2,0.439,#665748,-0.52,0.7,
7_portraits_96px,초상,assets-inbox/portrait-pool/pool2-20260926/assets/portraits/I089_mature.png,portrait-pool,빌드 파생(설치),candidate,,,71.2,0.412,#4b3628,-0.82,0.35,
7_portraits_96px,초상,assets-inbox/portrait-pool/pool2-20260926/assets/portraits/I089_old.png,portrait-pool,빌드 파생(설치),candidate,,,82.9,0.369,#54473a,-0.11,-0.23,
7_portraits_96px,초상,assets-inbox/portrait-pool/pool2-20260926/assets/portraits/I089_young.png,portrait-pool,빌드 파생(설치),candidate,,,87.3,0.369,#645848,0.16,-0.22,
7_portraits_96px,초상,assets-inbox/portrait-pool/pool2-20260926/assets/portraits/I090_mature.png,portrait-pool,빌드 파생(설치),candidate,,,56.8,0.445,#17100b,-1.69,0.78,
7_portraits_96px,초상,assets-inbox/portrait-pool/pool2-20260926/assets/portraits/I090_old.png,portrait-pool,빌드 파생(설치),candidate,,,58.4,0.434,#17100c,-1.6,0.63,
7_portraits_96px,초상,assets-inbox/portrait-pool/pool2-20260926/assets/portraits/I090_young.png,portrait-pool,빌드 파생(설치),candidate,,,60.3,0.445,#665949,-1.48,0.78,
7_portraits_96px,초상,assets-inbox/portrait-pool/pool2-20260926/assets/portraits/I091_mature.png,portrait-pool,빌드 파생(설치),candidate,,,74.5,0.338,#16130f,-0.62,-0.64,
7_portraits_96px,초상,assets-inbox/portrait-pool/pool2-20260926/assets/portraits/I091_old.png,portrait-pool,빌드 파생(설치),candidate,,,76.6,0.322,#171410,-0.49,-0.85,
7_portraits_96px,초상,assets-inbox/portrait-pool/pool2-20260926/assets/portraits/I091_young.png,portrait-pool,빌드 파생(설치),candidate,,,77.4,0.317,#181411,-0.45,-0.91,
7_portraits_96px,초상,assets-inbox/portrait-pool/pool2-20260926/assets/portraits/I092_mature.png,portrait-pool,빌드 파생(설치),candidate,,,69.2,0.441,#655748,-0.94,0.73,
7_portraits_96px,초상,assets-inbox/portrait-pool/pool2-20260926/assets/portraits/I092_old.png,portrait-pool,빌드 파생(설치),candidate,,,70.4,0.427,#635648,-0.87,0.55,
7_portraits_96px,초상,assets-inbox/portrait-pool/pool2-20260926/assets/portraits/I092_young.png,portrait-pool,빌드 파생(설치),candidate,,,70.9,0.435,#66594a,-0.84,0.65,
7_portraits_96px,초상,assets-inbox/portrait-pool/pool2-20260926/assets/portraits/I093_mature.png,portrait-pool,빌드 파생(설치),candidate,,,63.8,0.393,#524537,-1.27,0.09,
7_portraits_96px,초상,assets-inbox/portrait-pool/pool2-20260926/assets/portraits/I093_old.png,portrait-pool,빌드 파생(설치),candidate,,,60.1,0.395,#544639,-1.49,0.12,
7_portraits_96px,초상,assets-inbox/portrait-pool/pool2-20260926/assets/portraits/I093_young.png,portrait-pool,빌드 파생(설치),candidate,,,67.0,0.395,#56493a,-1.07,0.12,
7_portraits_96px,초상,assets-inbox/portrait-pool/pool2-20260926/assets/portraits/I094_mature.png,portrait-pool,빌드 파생(설치),candidate,,,67.9,0.512,#534838,-1.02,1.66,
7_portraits_96px,초상,assets-inbox/portrait-pool/pool2-20260926/assets/portraits/I094_old.png,portrait-pool,빌드 파생(설치),candidate,,,69.6,0.509,#554938,-0.92,1.63,
7_portraits_96px,초상,assets-inbox/portrait-pool/pool2-20260926/assets/portraits/I094_young.png,portrait-pool,빌드 파생(설치),candidate,,,72.9,0.514,#584b3b,-0.72,1.7,
7_portraits_96px,초상,assets-inbox/portrait-pool/pool2-20260926/assets/portraits/I095_mature.png,portrait-pool,빌드 파생(설치),candidate,,,73.0,0.467,#524538,-0.71,1.08,
7_portraits_96px,초상,assets-inbox/portrait-pool/pool2-20260926/assets/portraits/I095_old.png,portrait-pool,빌드 파생(설치),candidate,,,73.2,0.476,#544637,-0.7,1.19,
7_portraits_96px,초상,assets-inbox/portrait-pool/pool2-20260926/assets/portraits/I095_young.png,portrait-pool,빌드 파생(설치),candidate,,,79.3,0.447,#665848,-0.33,0.81,
7_portraits_96px,초상,assets-inbox/portrait-pool/pool2-20260926/assets/portraits/I096_mature.png,portrait-pool,빌드 파생(설치),candidate,,,62.1,0.476,#544738,-1.37,1.19,
7_portraits_96px,초상,assets-inbox/portrait-pool/pool2-20260926/assets/portraits/I096_old.png,portrait-pool,빌드 파생(설치),candidate,,,62.1,0.47,#544739,-1.37,1.11,
7_portraits_96px,초상,assets-inbox/portrait-pool/pool2-20260926/assets/portraits/I096_young.png,portrait-pool,빌드 파생(설치),candidate,,,65.4,0.472,#544738,-1.17,1.13,
7_portraits_96px,초상,assets-inbox/portrait-pool/pool2-20260926/assets/portraits/I097_child.png,portrait-pool,빌드 파생(설치),candidate,,,69.9,0.538,#574a38,-0.9,2.01,yes
7_portraits_96px,초상,assets-inbox/portrait-pool/pool2-20260926/assets/portraits/I097_young.png,portrait-pool,빌드 파생(설치),candidate,,,65.7,0.556,#534636,-1.15,2.26,yes
7_portraits_96px,초상,assets-inbox/portrait-pool/pool2-20260926/assets/portraits/I098_child.png,portrait-pool,빌드 파생(설치),candidate,,,72.6,0.375,#655949,-0.74,-0.15,
7_portraits_96px,초상,assets-inbox/portrait-pool/pool2-20260926/assets/portraits/I098_young.png,portrait-pool,빌드 파생(설치),candidate,,,65.7,0.395,#513726,-1.15,0.12,
7_portraits_96px,초상,assets-inbox/portrait-pool/pool2-20260926/assets/portraits/I099_child.png,portrait-pool,빌드 파생(설치),candidate,,,65.9,0.402,#574939,-1.14,0.21,
7_portraits_96px,초상,assets-inbox/portrait-pool/pool2-20260926/assets/portraits/I099_young.png,portrait-pool,빌드 파생(설치),candidate,,,61.6,0.418,#544636,-1.4,0.42,
7_portraits_96px,초상,assets-inbox/portrait-pool/pool2-20260926/assets/portraits/I100_child.png,portrait-pool,빌드 파생(설치),candidate,,,75.4,0.464,#635749,-0.57,1.04,
7_portraits_96px,초상,assets-inbox/portrait-pool/pool2-20260926/assets/portraits/I100_young.png,portrait-pool,빌드 파생(설치),candidate,,,72.1,0.47,#5b5042,-0.76,1.12,
7_portraits_96px,초상,assets-inbox/portrait-pool/pivot-pilot-20260926/assets/aging/P01_mature.png,portrait-pool,빌드 파생(설치),confirmed,,,96.2,0.27,#80786b,0.7,-1.54,
7_portraits_96px,초상,assets-inbox/portrait-pool/pivot-pilot-20260926/assets/aging/P01_old.png,portrait-pool,빌드 파생(설치),confirmed,,,98.7,0.266,#807667,0.84,-1.6,
7_portraits_96px,초상,assets-inbox/portrait-pool/pivot-pilot-20260926/assets/aging/P01_young.png,portrait-pool,빌드 파생(설치),confirmed,,,101.5,0.277,#877e6e,1.02,-1.45,
7_portraits_96px,초상,assets-inbox/portrait-pool/pivot-pilot-20260926/assets/portraits/P02.png,portrait-pool,빌드 파생(설치),confirmed,,,109.5,0.392,#887e6d,1.5,0.08,
7_portraits_96px,초상,assets-inbox/portrait-pool/pivot-pilot-20260926/assets/portraits/P03.png,portrait-pool,빌드 파생(설치),confirmed,,,109.9,0.346,#887e70,1.53,-0.53,
7_portraits_96px,초상,assets-inbox/portrait-pool/pivot-pilot-20260926/assets/portraits/P04.png,portrait-pool,빌드 파생(설치),confirmed,,,124.9,0.241,#8a8071,2.43,-1.93,yes
7_portraits_96px,초상,assets-inbox/portrait-pool/pivot-pilot-20260926/assets/portraits/P05.png,portrait-pool,빌드 파생(설치),confirmed,,,97.4,0.432,#877e6e,0.77,0.6,
7_portraits_96px,초상,assets-inbox/portrait-pool/pivot-pilot-20260926/assets/portraits/P06.png,portrait-pool,빌드 파생(설치),confirmed,,,116.8,0.325,#887e6e,1.95,-0.82,
7_portraits_96px,초상,assets-inbox/portrait-pool/pivot-pilot-20260926/assets/portraits/P07.png,portrait-pool,빌드 파생(설치),confirmed,,,115.3,0.394,#877d6e,1.85,0.11,
7_portraits_96px,초상,assets-inbox/portrait-pool/pivot-pilot-20260926/assets/aging/P08_mature.png,portrait-pool,빌드 파생(설치),confirmed,,,91.6,0.369,#7e7568,0.42,-0.22,
7_portraits_96px,초상,assets-inbox/portrait-pool/pivot-pilot-20260926/assets/aging/P08_old.png,portrait-pool,빌드 파생(설치),confirmed,,,94.8,0.358,#827a6b,0.61,-0.38,
7_portraits_96px,초상,assets-inbox/portrait-pool/pivot-pilot-20260926/assets/aging/P08_young.png,portrait-pool,빌드 파생(설치),confirmed,,,99.2,0.367,#877e6f,0.88,-0.25,
7_portraits_96px,초상,assets-inbox/portrait-pool/pivot-pilot-20260926/assets/portraits/P09.png,portrait-pool,빌드 파생(설치),confirmed,,,123.0,0.266,#8a806f,2.32,-1.59,yes
7_portraits_96px,초상,assets-inbox/portrait-pool/pivot-pilot-20260926/assets/portraits/P10.png,portrait-pool,빌드 파생(설치),confirmed,,,104.4,0.395,#8a8070,1.19,0.12,
7_portraits_96px,초상,assets-inbox/portrait-pool/pivot-pilot-20260926/assets/portraits/P11.png,portrait-pool,빌드 파생(설치),confirmed,,,118.1,0.264,#898071,2.02,-1.61,yes
7_portraits_96px,초상,assets-inbox/portrait-pool/pivot-pilot-20260926/assets/portraits/P12.png,portrait-pool,빌드 파생(설치),confirmed,,,93.5,0.323,#867d6c,0.53,-0.84,
7_portraits_96px,초상,assets-inbox/portrait-pool/pivot-pilot-20260926/assets/portraits/P13.png,portrait-pool,빌드 파생(설치),confirmed,,,89.4,0.365,#877e6e,0.28,-0.28,
7_portraits_96px,초상,assets-inbox/portrait-pool/pivot-pilot-20260926/assets/aging/P14_mature.png,portrait-pool,빌드 파생(설치),confirmed,,,104.4,0.419,#7e7465,1.19,0.44,
7_portraits_96px,초상,assets-inbox/portrait-pool/pivot-pilot-20260926/assets/aging/P14_old.png,portrait-pool,빌드 파생(설치),confirmed,,,108.4,0.401,#81786a,1.44,0.2,
7_portraits_96px,초상,assets-inbox/portrait-pool/pivot-pilot-20260926/assets/aging/P14_young.png,portrait-pool,빌드 파생(설치),confirmed,,,111.6,0.41,#877d6d,1.63,0.32,
7_portraits_96px,초상,assets-inbox/portrait-pool/pivot-pilot-20260926/assets/portraits/P15.png,portrait-pool,빌드 파생(설치),confirmed,,,106.7,0.276,#887e6e,1.33,-1.47,
7_portraits_96px,초상,assets-inbox/portrait-pool/pivot-pilot-20260926/assets/portraits/P16.png,portrait-pool,빌드 파생(설치),confirmed,,,115.0,0.343,#8b806f,1.83,-0.58,
7_portraits_96px,초상,assets-inbox/portrait-pool/pivot-pilot-20260926/assets/portraits/P17.png,portrait-pool,빌드 파생(설치),confirmed,,,98.8,0.387,#898070,0.85,0.02,
7_portraits_96px,초상,assets-inbox/portrait-pool/pivot-pilot-20260926/assets/portraits/P18.png,portrait-pool,빌드 파생(설치),confirmed,,,118.7,0.249,#867c6e,2.06,-1.82,yes
7_portraits_96px,초상,assets-inbox/portrait-pool/pivot-pilot-20260926/assets/portraits/P19.png,portrait-pool,빌드 파생(설치),confirmed,,,94.0,0.331,#898070,0.57,-0.74,
7_portraits_96px,초상,assets-inbox/portrait-pool/pivot-pilot-20260926/assets/aging/P20_mature.png,portrait-pool,빌드 파생(설치),confirmed,,,108.7,0.309,#7e7568,1.46,-1.02,
7_portraits_96px,초상,assets-inbox/portrait-pool/pivot-pilot-20260926/assets/aging/P20_old.png,portrait-pool,빌드 파생(설치),confirmed,,,109.8,0.319,#817869,1.52,-0.89,
7_portraits_96px,초상,assets-inbox/portrait-pool/pivot-pilot-20260926/assets/aging/P20_young.png,portrait-pool,빌드 파생(설치),confirmed,,,115.1,0.319,#877e6e,1.84,-0.89,
7_portraits_96px,초상,assets-inbox/portrait-pool/pivot-pilot-20260926/assets/portraits/P21.png,portrait-pool,빌드 파생(설치),confirmed,,,92.6,0.401,#867d6e,0.48,0.2,
7_portraits_96px,초상,assets-inbox/portrait-pool/pivot-pilot-20260926/assets/portraits/P22.png,portrait-pool,빌드 파생(설치),confirmed,,,110.5,0.372,#877d6d,1.56,-0.19,
7_portraits_96px,초상,assets-inbox/portrait-pool/pivot-pilot-20260926/assets/portraits/P23.png,portrait-pool,빌드 파생(설치),confirmed,,,94.2,0.299,#847b6e,0.57,-1.15,
7_portraits_96px,초상,assets-inbox/portrait-pool/pivot-pilot-20260926/assets/portraits/P24.png,portrait-pool,빌드 파생(설치),confirmed,,,117.6,0.365,#887e6e,2.0,-0.28,
7_portraits_96px,초상,assets-inbox/portrait-pool/pivot-pilot-20260926/assets/portraits/P25.png,portrait-pool,빌드 파생(설치),confirmed,,,93.9,0.284,#877e6f,0.56,-1.36,
7_portraits_96px,초상,assets-inbox/portrait-pool/pivot-pilot-20260926/assets/portraits/P26.png,portrait-pool,빌드 파생(설치),confirmed,,,92.4,0.299,#887e6f,0.47,-1.16,
7_portraits_96px,초상,assets-inbox/portrait-pool/pivot-pilot-20260926/assets/portraits/P27.png,portrait-pool,빌드 파생(설치),confirmed,,,98.9,0.336,#877d6d,0.86,-0.66,
7_portraits_96px,초상,assets-inbox/portrait-pool/pivot-pilot-20260926/assets/portraits/P28.png,portrait-pool,빌드 파생(설치),confirmed,,,102.1,0.266,#8a8070,1.06,-1.59,
7_portraits_96px,초상,assets-inbox/portrait-pool/pivot-pilot-20260926/assets/portraits/P29.png,portrait-pool,빌드 파생(설치),confirmed,,,104.2,0.329,#898071,1.18,-0.76,
7_portraits_96px,초상,assets-inbox/portrait-pool/pivot-pilot-20260926/assets/portraits/P30.png,portrait-pool,빌드 파생(설치),confirmed,,,93.4,0.253,#877e6f,0.53,-1.77,
7_portraits_96px,초상,assets-inbox/portrait-pool/pivot-pilot-20260926/assets/portraits/P31.png,portrait-pool,빌드 파생(설치),confirmed,,,119.2,0.36,#8a8070,2.09,-0.34,yes
7_portraits_96px,초상,assets-inbox/portrait-pool/pivot-pilot-20260926/assets/portraits/P32.png,portrait-pool,빌드 파생(설치),confirmed,,,97.6,0.345,#887e6e,0.78,-0.54,
7_portraits_96px,초상,assets-inbox/portrait-pool/pivot-pilot-20260926/assets/portraits/P33.png,portrait-pool,빌드 파생(설치),confirmed,,,120.6,0.3,#877c6d,2.17,-1.14,yes
7_portraits_96px,초상,assets-inbox/portrait-pool/pivot-pilot-20260926/assets/portraits/P34.png,portrait-pool,빌드 파생(설치),confirmed,,,113.1,0.378,#877e6e,1.72,-0.1,
7_portraits_96px,초상,assets-inbox/portrait-pool/pivot-pilot-20260926/assets/portraits/P35.png,portrait-pool,빌드 파생(설치),confirmed,,,120.3,0.266,#898070,2.16,-1.6,yes
7_portraits_96px,초상,assets-inbox/portrait-pool/pivot-pilot-20260926/assets/portraits/P36.png,portrait-pool,빌드 파생(설치),confirmed,,,104.3,0.354,#877e6e,1.18,-0.43,
7_portraits_96px,초상,public/assets/ui-p0/advisor_steward_portrait_concern.png,ui-p0,설치,confirmed,,,94.7,0.379,#847c6e,0.6,-0.09,
7_portraits_96px,초상,public/assets/ui-p0/advisor_steward_portrait_neutral.png,ui-p0,설치,confirmed,,,98.0,0.384,#898070,0.8,-0.03,
7_portraits_96px,초상,public/assets/ui-p0/advisor_steward_portrait_success.png,ui-p0,설치,confirmed,,,94.2,0.402,#857b6c,0.58,0.21,
8_illustrations,회화 삽화(키아트·로딩·이벤트·연대기·결정·장),assets-inbox/wave16/candidates-v1/assets/chapters/chapter1_end.png,wave16,빌드 파생(설치),confirmed,,,103.6,0.314,#514932,0.65,-1.15,
8_illustrations,회화 삽화(키아트·로딩·이벤트·연대기·결정·장),assets-inbox/wave16/candidates-v1/assets/chapters/chapter2_intro.png,wave16,빌드 파생(설치),confirmed,,,87.0,0.409,#4a3729,-0.7,0.31,
8_illustrations,회화 삽화(키아트·로딩·이벤트·연대기·결정·장),assets-inbox/wave16/candidates-v1/assets/chronicle/chronicle_bad_harvest.png,wave16,빌드 파생(설치),confirmed,,,89.4,0.315,#4a372a,-0.51,-1.14,
8_illustrations,회화 삽화(키아트·로딩·이벤트·연대기·결정·장),assets-inbox/wave16/candidates-v1/assets/chronicle/chronicle_charter.png,wave16,빌드 파생(설치),confirmed,,,107.7,0.426,#6d4c32,0.98,0.57,
8_illustrations,회화 삽화(키아트·로딩·이벤트·연대기·결정·장),assets-inbox/wave16/candidates-v1/assets/chronicle/chronicle_church_dedication.png,wave16,빌드 파생(설치),confirmed,,,116.2,0.405,#8c7051,1.68,0.25,
8_illustrations,회화 삽화(키아트·로딩·이벤트·연대기·결정·장),assets-inbox/wave16/candidates-v1/assets/chronicle/chronicle_famine.png,wave16,빌드 파생(설치),confirmed,,,83.1,0.392,#4e3727,-1.02,0.04,
8_illustrations,회화 삽화(키아트·로딩·이벤트·연대기·결정·장),assets-inbox/wave16/candidates-v1/assets/chronicle/chronicle_first_fire.png,wave16,빌드 파생(설치),confirmed,,,70.1,0.42,#322717,-2.07,0.48,yes
8_illustrations,회화 삽화(키아트·로딩·이벤트·연대기·결정·장),assets-inbox/wave16/candidates-v1/assets/chronicle/chronicle_first_mill.png,wave16,빌드 파생(설치),confirmed,,,128.0,0.335,#adb5c7,2.63,-0.83,yes
8_illustrations,회화 삽화(키아트·로딩·이벤트·연대기·결정·장),assets-inbox/wave16/candidates-v1/assets/chronicle/chronicle_first_plough.png,wave16,빌드 파생(설치),confirmed,,,88.3,0.402,#4d3527,-0.59,0.2,
8_illustrations,회화 삽화(키아트·로딩·이벤트·연대기·결정·장),assets-inbox/wave16/candidates-v1/assets/chronicle/chronicle_first_winter.png,wave16,빌드 파생(설치),confirmed,,,126.1,0.219,#49372b,2.48,-2.62,yes
8_illustrations,회화 삽화(키아트·로딩·이벤트·연대기·결정·장),assets-inbox/wave16/candidates-v1/assets/chronicle/chronicle_market_day.png,wave16,빌드 파생(설치),confirmed,,,94.2,0.431,#4b3825,-0.12,0.65,
8_illustrations,회화 삽화(키아트·로딩·이벤트·연대기·결정·장),assets-inbox/wave16/candidates-v1/assets/chronicle/chronicle_market_town.png,wave16,빌드 파생(설치),confirmed,,,106.3,0.402,#53492f,0.87,0.19,
8_illustrations,회화 삽화(키아트·로딩·이벤트·연대기·결정·장),assets-inbox/wave16/candidates-v1/assets/chronicle/chronicle_palisade.png,wave16,빌드 파생(설치),confirmed,,,99.2,0.442,#6c5032,0.29,0.82,
8_illustrations,회화 삽화(키아트·로딩·이벤트·연대기·결정·장),assets-inbox/wave16/candidates-v1/assets/chronicle/chronicle_petition.png,wave16,빌드 파생(설치),confirmed,,,100.1,0.475,#6b4f33,0.36,1.32,
8_illustrations,회화 삽화(키아트·로딩·이벤트·연대기·결정·장),assets-inbox/wave16/candidates-v1/assets/chronicle/chronicle_rebuilding.png,wave16,빌드 파생(설치),confirmed,,,100.4,0.375,#6b4c31,0.39,-0.21,
8_illustrations,회화 삽화(키아트·로딩·이벤트·연대기·결정·장),assets-inbox/wave16/candidates-v1/assets/chronicle/chronicle_relief.png,wave16,빌드 파생(설치),confirmed,,,91.3,0.475,#8d6e4f,-0.35,1.32,
8_illustrations,회화 삽화(키아트·로딩·이벤트·연대기·결정·장),assets-inbox/wave16/candidates-v1/assets/chronicle/chronicle_settlement.png,wave16,빌드 파생(설치),confirmed,,,110.5,0.381,#554730,1.21,-0.12,
8_illustrations,회화 삽화(키아트·로딩·이벤트·연대기·결정·장),assets-inbox/wave16/candidates-v1/assets/chronicle/chronicle_survival_spring.png,wave16,빌드 파생(설치),confirmed,,,97.2,0.391,#524930,0.13,0.04,
8_illustrations,회화 삽화(키아트·로딩·이벤트·연대기·결정·장),assets-inbox/wave16/candidates-v1/assets/decisions/decision_famine_intro.png,wave16,빌드 파생(설치),confirmed,,,85.7,0.33,#4a372a,-0.8,-0.9,
8_illustrations,회화 삽화(키아트·로딩·이벤트·연대기·결정·장),assets-inbox/wave16/candidates-v1/assets/decisions/decision_laissez_faire.png,wave16,빌드 파생(설치),confirmed,,,82.5,0.322,#695747,-1.06,-1.02,
8_illustrations,회화 삽화(키아트·로딩·이벤트·연대기·결정·장),assets-inbox/wave16/candidates-v1/assets/decisions/decision_price_control.png,wave16,빌드 파생(설치),confirmed,,,91.8,0.362,#4b3728,-0.31,-0.42,
8_illustrations,회화 삽화(키아트·로딩·이벤트·연대기·결정·장),assets-inbox/wave16/candidates-v1/assets/decisions/decision_relief.png,wave16,빌드 파생(설치),confirmed,,,87.4,0.413,#4b3728,-0.67,0.38,
8_illustrations,회화 삽화(키아트·로딩·이벤트·연대기·결정·장),assets-inbox/wave16/candidates-v1/assets/decisions/decision_speculation.png,wave16,빌드 파생(설치),confirmed,,,84.8,0.34,#4b3629,-0.88,-0.75,
8_illustrations,회화 삽화(키아트·로딩·이벤트·연대기·결정·장),assets-inbox/wave16/candidates-v1/assets/events/event_bad_harvest.png,wave16,빌드 파생(설치),confirmed,,,91.3,0.36,#4b3729,-0.35,-0.44,
8_illustrations,회화 삽화(키아트·로딩·이벤트·연대기·결정·장),assets-inbox/wave16/candidates-v1/assets/events/event_famine_omen.png,wave16,빌드 파생(설치),confirmed,,,93.9,0.236,#342f2a,-0.14,-2.35,yes
8_illustrations,회화 삽화(키아트·로딩·이벤트·연대기·결정·장),assets-inbox/wave16/candidates-v1/assets/events/event_fire.png,wave16,빌드 파생(설치),confirmed,,,60.2,0.466,#2f2b2b,-2.88,1.19,yes
8_illustrations,회화 삽화(키아트·로딩·이벤트·연대기·결정·장),assets-inbox/wave16/candidates-v1/assets/events/event_fire_aftermath.png,wave16,빌드 파생(설치),confirmed,,,98.3,0.378,#4b372b,0.22,-0.17,
8_illustrations,회화 삽화(키아트·로딩·이벤트·연대기·결정·장),assets-inbox/wave16/candidates-v1/assets/events/event_fire_warning.png,wave16,빌드 파생(설치),confirmed,,,91.7,0.522,#6f4d30,-0.32,2.05,yes
8_illustrations,회화 삽화(키아트·로딩·이벤트·연대기·결정·장),assets-inbox/wave16/candidates-v1/assets/events/event_first_winter.png,wave16,빌드 파생(설치),confirmed,,,113.1,0.297,#4a3629,1.42,-1.42,
8_illustrations,회화 삽화(키아트·로딩·이벤트·연대기·결정·장),assets-inbox/wave16/candidates-v1/assets/events/event_hungry_gap.png,wave16,빌드 파생(설치),confirmed,,,88.3,0.469,#6b4c34,-0.59,1.23,
8_illustrations,회화 삽화(키아트·로딩·이벤트·연대기·결정·장),assets-inbox/wave16/candidates-v1/assets/events/event_market_charter.png,wave16,빌드 파생(설치),confirmed,,,97.5,0.304,#4b362a,0.16,-1.31,
8_illustrations,회화 삽화(키아트·로딩·이벤트·연대기·결정·장),assets-inbox/wave16/candidates-v1/assets/events/event_market_petition.png,wave16,빌드 파생(설치),confirmed,,,75.8,0.387,#2a1913,-1.61,-0.02,
8_illustrations,회화 삽화(키아트·로딩·이벤트·연대기·결정·장),assets-inbox/wave16/candidates-v1/assets/events/event_market_town.png,wave16,빌드 파생(설치),confirmed,,,92.3,0.385,#4c3628,-0.26,-0.06,
8_illustrations,회화 삽화(키아트·로딩·이벤트·연대기·결정·장),assets-inbox/wave16/candidates-v1/assets/events/event_palisade.png,wave16,빌드 파생(설치),confirmed,,,90.8,0.369,#4c3728,-0.39,-0.3,
8_illustrations,회화 삽화(키아트·로딩·이벤트·연대기·결정·장),assets-inbox/wave16/candidates-v1/assets/events/event_wet_summer.png,wave16,빌드 파생(설치),confirmed,,,98.2,0.391,#6d5030,0.21,0.04,
8_illustrations,회화 삽화(키아트·로딩·이벤트·연대기·결정·장),assets-inbox/wave17/candidates-20260926/assets/illustration/chronicle/beacon.png,wave17,미설치,confirmed,,,98.8,0.349,#53472f,0.26,-0.61,
8_illustrations,회화 삽화(키아트·로딩·이벤트·연대기·결정·장),assets-inbox/wave17/candidates-20260926/assets/illustration/event/beacon_warning.png,wave17,미설치,confirmed,,,103.5,0.304,#8a94ac,0.64,-1.3,
8_illustrations,회화 삽화(키아트·로딩·이벤트·연대기·결정·장),assets-inbox/wave17/candidates-20260926/assets/illustration/chapter2_end.png,wave17,미설치,confirmed,,,99.0,0.366,#333129,0.28,-0.35,
8_illustrations,회화 삽화(키아트·로딩·이벤트·연대기·결정·장),assets-inbox/wave17/candidates-20260926/assets/illustration/event/coastal_raid.png,wave17,미설치,confirmed,,,90.0,0.351,#4a372a,-0.45,-0.58,
8_illustrations,회화 삽화(키아트·로딩·이벤트·연대기·결정·장),assets-inbox/wave17/candidates-20260926/assets/illustration/chronicle/conscription.png,wave17,미설치,confirmed,,,93.8,0.399,#4a3729,-0.14,0.15,
8_illustrations,회화 삽화(키아트·로딩·이벤트·연대기·결정·장),assets-inbox/wave17/candidates-20260926/assets/illustration/event/conscription_departure.png,wave17,미설치,confirmed,,,97.6,0.404,#322917,0.16,0.23,
8_illustrations,회화 삽화(키아트·로딩·이벤트·연대기·결정·장),assets-inbox/wave17/candidates-20260926/assets/illustration/event/empty_workshop.png,wave17,미설치,confirmed,,,72.6,0.481,#2b190f,-1.87,1.42,
8_illustrations,회화 삽화(키아트·로딩·이벤트·연대기·결정·장),assets-inbox/wave17/candidates-20260926/assets/illustration/decision/levy_response.png,wave17,미설치,confirmed,,,74.3,0.484,#2c1810,-1.73,1.47,
8_illustrations,회화 삽화(키아트·로딩·이벤트·연대기·결정·장),assets-inbox/wave17/candidates-20260926/assets/illustration/chronicle/messenger.png,wave17,미설치,confirmed,,,101.3,0.399,#4a362a,0.46,0.15,
8_illustrations,회화 삽화(키아트·로딩·이벤트·연대기·결정·장),assets-inbox/wave17/candidates-20260926/assets/illustration/chronicle/purveyance_licence.png,wave17,미설치,confirmed,,,82.4,0.479,#6d4c33,-1.07,1.39,
8_illustrations,회화 삽화(키아트·로딩·이벤트·연대기·결정·장),assets-inbox/wave17/candidates-20260926/assets/illustration/chronicle/raid.png,wave17,미설치,confirmed,,,94.3,0.344,#534731,-0.11,-0.69,
8_illustrations,회화 삽화(키아트·로딩·이벤트·연대기·결정·장),assets-inbox/wave17/candidates-20260926/assets/illustration/event/raid_aftermath.png,wave17,미설치,confirmed,,,98.4,0.337,#4c3729,0.23,-0.8,
8_illustrations,회화 삽화(키아트·로딩·이벤트·연대기·결정·장),assets-inbox/wave17/candidates-20260926/assets/illustration/decision/refugee_admission.png,wave17,미설치,confirmed,,,98.2,0.417,#4b382a,0.21,0.43,
8_illustrations,회화 삽화(키아트·로딩·이벤트·연대기·결정·장),assets-inbox/wave17/candidates-20260926/assets/illustration/event/royal_messenger_arrival.png,wave17,미설치,confirmed,,,98.5,0.378,#343028,0.24,-0.17,
8_illustrations,회화 삽화(키아트·로딩·이벤트·연대기·결정·장),assets-inbox/wave17/candidates-20260926/assets/illustration/event/stonewall_charter.png,wave17,미설치,confirmed,,,77.5,0.47,#4d3727,-1.47,1.25,
8_illustrations,회화 삽화(키아트·로딩·이벤트·연대기·결정·장),assets-inbox/wave17/candidates-20260926/assets/illustration/chronicle/stonewall_complete.png,wave17,빌드 파생(설치),confirmed,,,99.7,0.38,#534930,0.33,-0.14,
8_illustrations,회화 삽화(키아트·로딩·이벤트·연대기·결정·장),assets-inbox/wave17/candidates-20260926/assets/illustration/chronicle/stonewall_start.png,wave17,빌드 파생(설치),confirmed,,,99.8,0.361,#4b3828,0.34,-0.43,
8_illustrations,회화 삽화(키아트·로딩·이벤트·연대기·결정·장),assets-inbox/wave17/candidates-20260926/assets/illustration/decision/wall_or_market.png,wave17,미설치,confirmed,,,98.8,0.382,#342e26,0.26,-0.11,
8_illustrations,회화 삽화(키아트·로딩·이벤트·연대기·결정·장),assets-inbox/wave17/candidates-20260926/assets/illustration/decision/war_funding.png,wave17,미설치,confirmed,,,88.4,0.429,#4f3728,-0.59,0.62,
8_illustrations,회화 삽화(키아트·로딩·이벤트·연대기·결정·장),assets-inbox/wave17/candidates-20260926/assets/illustration/chronicle/wool_levy.png,wave17,미설치,confirmed,,,99.8,0.415,#8d7050,0.34,0.4,
8_illustrations,회화 삽화(키아트·로딩·이벤트·연대기·결정·장),assets-inbox/wave17/candidates-20260926/assets/illustration/event/wool_levy_edict.png,wave17,미설치,confirmed,,,97.6,0.399,#4c3628,0.16,0.15,
8_illustrations,회화 삽화(키아트·로딩·이벤트·연대기·결정·장),assets-inbox/wave17/candidates-20260926/assets/illustration/decision/wool_payment.png,wave17,미설치,confirmed,,,99.1,0.43,#4e3626,0.28,0.64,
8_illustrations,회화 삽화(키아트·로딩·이벤트·연대기·결정·장),assets-inbox/wave8/candidates-20260925/assets/keyart/keyart_mode_select.png,wave8,빌드 파생(설치),confirmed,,,103.3,0.557,#6f4b2c,0.62,2.59,yes
8_illustrations,회화 삽화(키아트·로딩·이벤트·연대기·결정·장),assets-inbox/wave8/candidates-20260925/assets/keyart/keyart_title_bg.png,wave8,빌드 파생(설치),confirmed,,,95.9,0.242,#32302b,0.03,-2.26,yes
8_illustrations,회화 삽화(키아트·로딩·이벤트·연대기·결정·장),assets-inbox/wave8/candidates-20260925/assets/keyart/keyart_title_emblem.png,wave8,빌드 파생(설치),confirmed,,,115.5,0.457,#352515,1.62,1.05,
8_illustrations,회화 삽화(키아트·로딩·이벤트·연대기·결정·장),assets-inbox/wave8/candidates-20260925/assets/keyart/loading_1315_famine.png,wave8,빌드 파생(설치),confirmed,,,117.6,0.327,#8b8d92,1.79,-0.95,
8_illustrations,회화 삽화(키아트·로딩·이벤트·연대기·결정·장),assets-inbox/wave8/candidates-20260925/assets/keyart/loading_1337_war.png,wave8,빌드 파생(설치),confirmed,,,110.8,0.457,#544a2f,1.24,1.05,
8_illustrations,회화 삽화(키아트·로딩·이벤트·연대기·결정·장),assets-inbox/wave8/plague-fix-20260926/assets/loading_1348_plague.png,wave8,빌드 파생(설치),confirmed,,,94.1,0.36,#4c3829,-0.12,-0.44,
8_illustrations,Wave 19 장면 그림(투명 배경 소품형),public/assets/wave19/scenes_people/scene_bread_reserve.png,wave19,설치,confirmed,,,105.3,0.68,#4f2d16,0.21,0.7,
8_illustrations,Wave 19 장면 그림(투명 배경 소품형),public/assets/wave19/scenes_people/scene_bread_shortage.png,wave19,설치,confirmed,,,68.2,0.718,#2a170a,-1.41,1.07,
8_illustrations,Wave 19 장면 그림(투명 배경 소품형),public/assets/wave19/scenes_events/scene_charter.png,wave19,설치,confirmed,,,178.4,0.362,#e7d4b2,3.39,-2.38,yes
8_illustrations,Wave 19 장면 그림(투명 배경 소품형),public/assets/wave19/scenes_build/scene_complete_defense.png,wave19,설치,confirmed,,,81.3,0.625,#4b2d18,-0.84,0.17,
8_illustrations,Wave 19 장면 그림(투명 배경 소품형),public/assets/wave19/scenes_build/scene_complete_facility.png,wave19,설치,confirmed,,,115.5,0.488,#e6d0b1,0.65,-1.16,
8_illustrations,Wave 19 장면 그림(투명 배경 소품형),public/assets/wave19/scenes_build/scene_complete_house.png,wave19,설치,confirmed,,,111.3,0.577,#70492a,0.47,-0.3,
8_illustrations,Wave 19 장면 그림(투명 배경 소품형),public/assets/wave19/scenes_build/scene_complete_public.png,wave19,설치,confirmed,,,117.7,0.476,#8b7153,0.75,-1.28,
8_illustrations,Wave 19 장면 그림(투명 배경 소품형),public/assets/wave19/scenes_build/scene_construction_blocked.png,wave19,설치,confirmed,,,98.3,0.56,#2b1709,-0.1,-0.47,
8_illustrations,Wave 19 장면 그림(투명 배경 소품형),public/assets/wave19/scenes_build/scene_fire.png,wave19,설치,confirmed,,,106.5,0.743,#d66a26,0.26,1.31,
8_illustrations,Wave 19 장면 그림(투명 배경 소품형),public/assets/wave19/scenes_events/scene_great_famine.png,wave19,설치,confirmed,,,63.5,0.705,#2b1608,-1.61,0.94,
8_illustrations,Wave 19 장면 그림(투명 배경 소품형),public/assets/wave19/scenes_people/scene_house_fed.png,wave19,설치,confirmed,,,109.9,0.608,#502f19,0.41,0.0,
8_illustrations,Wave 19 장면 그림(투명 배경 소품형),public/assets/wave19/scenes_people/scene_house_hungry.png,wave19,설치,confirmed,,,95.4,0.63,#4d2f19,-0.23,0.21,
8_illustrations,Wave 19 장면 그림(투명 배경 소품형),public/assets/wave19/scenes_people/scene_household_arrival.png,wave19,설치,confirmed,,,90.1,0.631,#2a1507,-0.46,0.22,
8_illustrations,Wave 19 장면 그림(투명 배경 소품형),public/assets/wave19/scenes_people/scene_household_departure.png,wave19,설치,confirmed,,,85.6,0.645,#291305,-0.65,0.35,
8_illustrations,Wave 19 장면 그림(투명 배경 소품형),public/assets/wave19/scenes_events/scene_hungry_gap.png,wave19,설치,confirmed,,,82.8,0.676,#4e2c16,-0.78,0.66,
8_illustrations,Wave 19 장면 그림(투명 배경 소품형),public/assets/wave19/scenes_events/scene_market_busy.png,wave19,설치,confirmed,,,100.2,0.641,#4d2f16,-0.02,0.32,
8_illustrations,Wave 19 장면 그림(투명 배경 소품형),public/assets/wave19/scenes_events/scene_market_quiet.png,wave19,설치,confirmed,,,78.0,0.611,#6c482a,-0.98,0.03,
8_illustrations,Wave 19 장면 그림(투명 배경 소품형),public/assets/wave19/scenes_events/scene_petition.png,wave19,설치,confirmed,,,122.0,0.565,#311704,0.93,-0.41,
8_illustrations,Wave 19 장면 그림(투명 배경 소품형),public/assets/wave19/scenes_events/scene_poor_harvest.png,wave19,설치,confirmed,,,75.1,0.721,#311809,-1.11,1.09,
8_illustrations,Wave 19 장면 그림(투명 배경 소품형),public/assets/wave19/scenes_people/scene_population_down.png,wave19,설치,confirmed,,,90.6,0.711,#ac462e,-0.43,0.99,
8_illustrations,Wave 19 장면 그림(투명 배경 소품형),public/assets/wave19/scenes_people/scene_population_up.png,wave19,설치,confirmed,,,98.7,0.654,#311504,-0.08,0.45,
8_illustrations,Wave 19 장면 그림(투명 배경 소품형),public/assets/wave19/scenes_build/scene_stone_shortage.png,wave19,설치,confirmed,,,120.9,0.359,#c6b9a7,0.89,-2.41,yes
8_illustrations,Wave 19 장면 그림(투명 배경 소품형),public/assets/wave19/scenes_build/scene_timber_shortage.png,wave19,설치,confirmed,,,102.8,0.697,#2e1503,0.1,0.86,
8_illustrations,Wave 19 장면 그림(투명 배경 소품형),public/assets/wave19/scenes_events/scene_winter_survived.png,wave19,설치,confirmed,,,115.6,0.509,#6c6d30,0.65,-0.96,
