"identity_id","stage","id","file","sex","age","class","occupation","body","direction","hair_color","skin_tone","features","clothing","marital_status","expression","headwear_type","source_file","source_sha256","reference_files","prompt","sha256"
"I037","young","I037_young","portraits/I037_young.png","m","24","gentry","steward","thin","left","near-black","pale butter-ivory","low very broad rectangular forehead; unusually wide-set small grey eyes; very short broad saddle-bridge nose with squared tip; deeply cleft jutting square chin; long flat upper lip; large folded-top ears","fine deep forest-green broadcloth cote, strongly visible silver-grey miniver (soft grey-white squirrel fur, no black ermine spots) fur-lined collar, scarlet mantle fastened with bronze quatrefoil brooch, signet ring hand barely at lower edge","married","neutral","coif_cap","provenance/raw/I037_young.png","9699902d999d99349913d727fbe261b79a6f0d60d35022f2a66f49c3f9f6e122","provenance/references/5d0d60b8fddb-I037_young-before-r2.png","Edit ONLY the FUR MATERIAL in this finished portrait. Preserve exactly same face, age, hair, expression, headwear, anatomy, pose, clothing design/colors, background and framing. Replace every black-spotted white ermine-like fur collar/lining/trim with natural MINIVER SQUIRREL FUR: soft dense fine grey-white fur with gently blended grey areas, plain fur WITHOUT ANY BLACK SPOTS or black tail motifs. Greyandwhite shaded soft fur, not striped or spotted. Keep collarshape and luxurious thickness. THIS IS NOT ERMINE. All OTHER pixels/visualelements should remain visuallyunchanged. Same coherent natural hand-painted historicalportrait, no text, no panels, no flip.","62120dd567153893ca82bc7ad7a223952457fe81fc71b5445eef429baad7a878"
"I037","mature","I037_mature","portraits/I037_mature.png","m","45","gentry","steward","thin","left","near-black with scattered grey strands","pale butter-ivory","low very broad rectangular forehead; unusually wide-set small grey eyes; very short broad saddle-bridge nose with squared tip; deeply cleft jutting square chin; long flat upper lip; large folded-top ears","clearly high-status deep forest-green fine dense broadcloth cote, prominently visible silver-grey miniver (soft grey-white squirrel fur, no black ermine spots) fur-lined collar and mantle, restrained silver or bronze quatrefoil brooch, decorated belt edge and signet ring barely visible at lower bust; costly tailoring, small sealed document, NOT plain peasant linen","married","slight_smile","hood","provenance/raw/I037_mature.png","8e4d634d5f3cd6a49795387093767f7640e79aa6b7f780051cd970dd353d3193","provenance/references/26b7def42975-I037_mature-before-r2.png","Edit ONLY the FUR MATERIAL in this finished portrait. Preserve exactly same face, age, hair, expression, headwear, anatomy, pose, clothing design/colors, background and framing. Replace every black-spotted white ermine-like fur collar/lining/trim with natural MINIVER SQUIRREL FUR: soft dense fine grey-white fur with gently blended grey areas, plain fur WITHOUT ANY BLACK SPOTS or black tail motifs. Greyandwhite shaded soft fur, not striped or spotted. Keep collarshape and luxurious thickness. THIS IS NOT ERMINE. All OTHER pixels/visualelements should remain visuallyunchanged. Same coherent natural hand-painted historicalportrait, no text, no panels, no flip.","edbec1c654c033299e84a253e1b16a5d6ff57b8ef4f38f973e0128f642361ac8"
"I037","old","I037_old","portraits/I037_old.png","m","70","gentry","steward","thin","left","silver-grey and white remnants of original near-black","pale butter-ivory","low very broad rectangular forehead; unusually wide-set small grey eyes; very short broad saddle-bridge nose with squared tip; deeply cleft jutting square chin; long flat upper lip; large folded-top ears","clearly high-status deep forest-green fine dense broadcloth cote, prominently visible silver-grey miniver (soft grey-white squirrel fur, no black ermine spots) fur-lined collar and mantle, restrained silver or bronze quatrefoil brooch, decorated belt edge and signet ring barely visible at lower bust; costly tailoring, small sealed document, NOT plain peasant linen","widowed","tired_worried","bald","provenance/raw/I037_old.png","b99ddad2286f26c4bd8f9fce75aadbe90013f1f7f8fb2a02126f7046dfa693f2","provenance/references/a4602fa6e3ef-I037_old-before-r2.png","Edit ONLY the FUR MATERIAL in this finished portrait. Preserve exactly same face, age, hair, expression, headwear, anatomy, pose, clothing design/colors, background and framing. Replace every black-spotted white ermine-like fur collar/lining/trim with natural MINIVER SQUIRREL FUR: soft dense fine grey-white fur with gently blended grey areas, plain fur WITHOUT ANY BLACK SPOTS or black tail motifs. Greyandwhite shaded soft fur, not striped or spotted. Keep collarshape and luxurious thickness. THIS IS NOT ERMINE. All OTHER pixels/visualelements should remain visuallyunchanged. Same coherent natural hand-painted historicalportrait, no text, no panels, no flip.","fd69e6010c0819a0fdb5a3f1407bbddbd7a35abd3e7552a5feb57dea480d258e"
"I038","young","I038_young","portraits/I038_young.png","m","24","gentry","reeve","average","right","copper brown","fair cool rose with freckles","rounded tall cranium and narrow temples; very wide flat nose with flared nostrils; heavy drooping lids over large brown eyes; tiny heart-shaped mouth; broad round chin with off-centre dimple; small high ears","clearly high-status rich deep scarlet fine dense broadcloth cote, prominently visible warm fox fur-lined collar and mantle, restrained silver or bronze quatrefoil brooch, decorated belt edge and signet ring barely visible at lower bust; costly tailoring, small sealed document, NOT plain peasant linen","unmarried","neutral","hood","provenance/raw/I038_young.png","f1d59c55e4a3c6b0e69eae0d89f8b7c993ff8f17b17cb7d3052417d428dc5e63","provenance/references/c88d923aca2f-파일럿_36명_통과_기준.jpg","Paint one complete indivisible square bust portrait, Southern England circa1300, same natural hand-painted realism and fine skin/wool brush texture as approved reference sheet. Reference is STYLE and quality ONLY; invent a completely NEW person unlike ANY reference face, never copy skull/eyes/nose. Opaque plain low-saturation grey-brown background, soft upper-left light, eyes40-48%height, comfortable head margin, full upper chest and shoulders to bottomedge. Natural realistic anatomy, no caricature, no photo filter, no black outlines/text/frame. DISTINCT CRANIOFACIAL IDENTITY and body silhouette. Skin tone and bodyfat do not imply wealth, morality or virtue. Draw desired direction from scratch NEVER mirror. Clothing MUST visibly identify circa1300 class: fine saturated but restrained scarlet/deepblue/forestgreen and sizeable miniver/fox fur for gentry, good mutedblue/plum wool and fur for merchant, workaprons/tools for artisan, coarse faded repairedcloth for labour/poor. All costumes painted coherently with face, not layers. Female headwear per subject must be structurally accurate and varied, NOT generic whiteveil every time. Adult male hair with straight or softlywavy blunt bob reaching BELOW EARS circa1300, no modern cropped sides/crewcut (except specified tonsure or bald elder). Expression MUST follow subject, mild lifelike smiling/worry/sharpness where specified. ONE complete natural hand-painted bust of I038, a 24-year-old man in southern England around 1300, reeve, genuinely facing image RIGHT in three-quarter view. Permanent unique anatomical identity: rounded tall cranium and narrow temples; very wide flat nose with flared nostrils; heavy drooping lids over large brown eyes; tiny heart-shaped mouth; broad round chin with off-centre dimple; small high ears. Build: ordinary medium neck and shoulders with moderate cheek tissue. Skin: fair cool rose with freckles; no complexion or body moral/class symbolism. Hair: copper brown; short divided copper beard; civilian hair below ears in natural blunt medieval bob unless tonsured or balding. Age: youthful facial tissue and clear eyes, no deep mature wrinkles. Expression: quiet neutral relaxed mouth and alert eyes. Clothing must visibly communicate occupation and class: clearly high-status rich deep scarlet fine dense broadcloth cote, prominently visible warm fox fur-lined collar and mantle, restrained silver or bronze quatrefoil brooch, decorated belt edge and signet ring barely visible at lower bust; costly tailoring, small sealed document, NOT plain peasant linen. Headwear: early period chaperon in simple hood-and-cape form, NOT later turban form; visible natural ear-below bob hair. Across ages preserve this actual skull, nose, eye spacing, ear shape and chin asymmetry; do not substitute another actor. No modern fade, undercut, crew cut or makeup. Whole person painted together, no layers and no mirroring. Coherent upper-left light, flat muted grey-brown background, bust fills frame, eye line roughly 40–48 percent canvas height. Gentry colors visibly richer than labour cloth, never neon. Distinct realistic individual, no caricature or repeated pilot face.","03f1b3f11d43aa3870fcc1e7438ef3bf6b6e8569775ba246569279bd851649db"
"I038","mature","I038_mature","portraits/I038_mature.png","m","45","gentry","reeve","average","right","copper brown with scattered grey strands","fair cool rose with freckles","rounded tall cranium and narrow temples; very wide flat nose with flared nostrils; heavy drooping lids over large brown eyes; tiny heart-shaped mouth; broad round chin with off-centre dimple; small high ears","clearly high-status rich deep scarlet fine dense broadcloth cote, prominently visible warm fox fur-lined collar and mantle, restrained silver or bronze quatrefoil brooch, decorated belt edge and signet ring barely visible at lower bust; costly tailoring, small sealed document, NOT plain peasant linen","married","neutral","felt_hat","provenance/raw/I038_mature.png","fc13de609d351bc544f8c6de9a0d42d197d5b0e3092aedb6a1a9cd259363de1e","provenance/references/03f1b3f11d43-I038_young.png","Identity-preserve edit. The reference is the SAME PERSON at the first life stage; age THAT person, do not create another actor. Keep distinctive skull proportions/nose/eye spacing/ears/mouth/chin and asymmetry recognizable even when expression or headwear changes. Paint anatomical aging integrated through eyes, cheeks, jaw and neck; not drawn wrinkle overlays. Young-to-old must read clearly elderly65-75, white-grey hair if visible, sagging tissues and irregular age spots. If child-to-young, grow that child into adult22 with developed jaw, adult neck and shoulders but same signature nose/eyes/ears. Keep original camera angle/direction and natural handpainted style, solidgrey-brown background upperleftlight and256logical squarebust framing. No flips, no layers, no text or grids. IMPORTANT apply the NEW specified expression, headwear and clothing exactly, do not freeze old headwear/clothing; preserve IDENTITY while wardrobe changes. The following specific targetstage is authoritative: ONE complete natural hand-painted bust of I038, a 45-year-old man in southern England around 1300, reeve, genuinely facing image RIGHT in three-quarter view. Permanent unique anatomical identity: rounded tall cranium and narrow temples; very wide flat nose with flared nostrils; heavy drooping lids over large brown eyes; tiny heart-shaped mouth; broad round chin with off-centre dimple; small high ears. Build: ordinary medium neck and shoulders with moderate cheek tissue. Skin: fair cool rose with freckles; no complexion or body moral/class symbolism. Hair: copper brown with scattered grey strands; short divided copper beard; civilian hair below ears in natural blunt medieval bob unless tonsured or balding. Age: same person in middle age, moderate crow feet and nasolabial folds, subtle greying, not elderly. Expression: quiet neutral relaxed mouth and alert eyes. Clothing must visibly communicate occupation and class: clearly high-status rich deep scarlet fine dense broadcloth cote, prominently visible warm fox fur-lined collar and mantle, restrained silver or bronze quatrefoil brooch, decorated belt edge and signet ring barely visible at lower bust; costly tailoring, small sealed document, NOT plain peasant linen. Headwear: low soft felt hat over natural ear-below blunt bob. Across ages preserve this actual skull, nose, eye spacing, ear shape and chin asymmetry; do not substitute another actor. No modern fade, undercut, crew cut or makeup. Whole person painted together, no layers and no mirroring. Coherent upper-left light, flat muted grey-brown background, bust fills frame, eye line roughly 40–48 percent canvas height. Gentry colors visibly richer than labour cloth, never neon. Distinct realistic individual, no caricature or repeated pilot face.","e1c8124ff3f7ef3beffea9dee514b1089c5a5d36ef3a060d0e8e1f47104f4139"
"I038","old","I038_old","portraits/I038_old.png","m","70","gentry","reeve","average","right","silver-grey and white remnants of original copper brown","fair cool rose with freckles","rounded tall cranium and narrow temples; very wide flat nose with flared nostrils; heavy drooping lids over large brown eyes; tiny heart-shaped mouth; broad round chin with off-centre dimple; small high ears","clearly high-status rich deep scarlet fine dense broadcloth cote, prominently visible warm fox fur-lined collar and mantle, restrained silver or bronze quatrefoil brooch, decorated belt edge and signet ring barely visible at lower bust; costly tailoring, small sealed document, NOT plain peasant linen; selected image retains red draped wool hood over white coif band","married","neutral","hood","provenance/raw/I038_old.png","670abbf890791c1761959917484331a9d6c07f7776e64beb603ee218b531cd29","provenance/references/03f1b3f11d43-I038_young.png","Identity-preserve edit. The reference is the SAME PERSON at the first life stage; age THAT person, do not create another actor. Keep distinctive skull proportions/nose/eye spacing/ears/mouth/chin and asymmetry recognizable even when expression or headwear changes. Paint anatomical aging integrated through eyes, cheeks, jaw and neck; not drawn wrinkle overlays. Young-to-old must read clearly elderly65-75, white-grey hair if visible, sagging tissues and irregular age spots. If child-to-young, grow that child into adult22 with developed jaw, adult neck and shoulders but same signature nose/eyes/ears. Keep original camera angle/direction and natural handpainted style, solidgrey-brown background upperleftlight and256logical squarebust framing. No flips, no layers, no text or grids. IMPORTANT apply the NEW specified expression, headwear and clothing exactly, do not freeze old headwear/clothing; preserve IDENTITY while wardrobe changes. The following specific targetstage is authoritative: ONE complete natural hand-painted bust of I038, a 70-year-old man in southern England around 1300, reeve, genuinely facing image RIGHT in three-quarter view. Permanent unique anatomical identity: rounded tall cranium and narrow temples; very wide flat nose with flared nostrils; heavy drooping lids over large brown eyes; tiny heart-shaped mouth; broad round chin with off-centre dimple; small high ears. Build: ordinary medium neck and shoulders with moderate cheek tissue. Skin: fair cool rose with freckles; no complexion or body moral/class symbolism. Hair: silver-grey and white remnants of original copper brown; short divided copper beard; civilian hair below ears in natural blunt medieval bob unless tonsured or balding. Age: same person in old age: natural deep wrinkles, eyelid/cheek sag and age spots, thinner grey-white hair, unchanged distinctive bone landmarks. Expression: quiet neutral relaxed mouth and alert eyes. Clothing must visibly communicate occupation and class: clearly high-status rich deep scarlet fine dense broadcloth cote, prominently visible warm fox fur-lined collar and mantle, restrained silver or bronze quatrefoil brooch, decorated belt edge and signet ring barely visible at lower bust; costly tailoring, small sealed document, NOT plain peasant linen. Headwear: close linen coif under low felt cap; natural ear-below bob ends at sides. Across ages preserve this actual skull, nose, eye spacing, ear shape and chin asymmetry; do not substitute another actor. No modern fade, undercut, crew cut or makeup. Whole person painted together, no layers and no mirroring. Coherent upper-left light, flat muted grey-brown background, bust fills frame, eye line roughly 40–48 percent canvas height. Gentry colors visibly richer than labour cloth, never neon. Distinct realistic individual, no caricature or repeated pilot face.","bca5ac6a781f2290ea12e40503abe977622a70b968315bd6c684989f8f001a16"
"I039","young","I039_young","portraits/I039_young.png","m","24","gentry","estate clerk","fat","front","ash blond","light peach with olive undertone","broad pentagonal skull; close deep eye sockets around a sharply angular nasal root; short hooked nose with sideways triangular tip; protruding lower lip; tiny tucked chin above thick neck; large attached earlobes","clearly high-status deep saturated woad-blue fine dense broadcloth cote, prominently visible silver-grey miniver (soft grey-white squirrel fur, no black ermine spots) fur-lined collar and mantle, restrained silver or bronze quatrefoil brooch, decorated belt edge and signet ring barely visible at lower bust; costly tailoring, small sealed document, NOT plain peasant linen","married","sharp_suspicious","felt_hat","provenance/raw/I039_young.png","ff0299dad7735c13732d44d17d60515a4d2d0562ab6ea28d31befa470129b1f8","provenance/references/41c7f7f1af4e-I039_young-before-r2.png","Edit ONLY FUR MATERIAL. Preserveexactlysameperson,face,age,expression,headwear,hair,pose,clothescolors andbackground. ReplaceALLblackspottedwhitefur with natural soft grey-white SQUIRREL MINIVER: gently blended greywhite fur, NO blackdots/spots/tails. NOTERMINE. Keep collarshape/thickness, allotherdetailsunchanged, samehandpaintedportrait noframes/text/flip.","dfc543036a13431d79a7e4b5b2448e7ba86e300711503c5f18528feb1f77ce1c"
"I039","mature","I039_mature","portraits/I039_mature.png","m","45","gentry","estate clerk","fat","front","ash blond with scattered grey strands","light peach with olive undertone","broad pentagonal skull; close deep eye sockets around a sharply angular nasal root; short hooked nose with sideways triangular tip; protruding lower lip; tiny tucked chin above thick neck; large attached earlobes","clearly high-status deep saturated woad-blue fine dense broadcloth cote, prominently visible silver-grey miniver (soft grey-white squirrel fur, no black ermine spots) fur-lined collar and mantle, restrained silver or bronze quatrefoil brooch, decorated belt edge and signet ring barely visible at lower bust; costly tailoring, small sealed document, NOT plain peasant linen","married","neutral","coif_cap","provenance/raw/I039_mature.png","55df7ee73aee9d0b8d106e908860f864cf1dda58dd5b08c304a1e7f71c5f014e","provenance/references/dfc543036a13-I039_mature-r1-ref0.png","IDENTITY-PRESERVE completeportrait edit. ApplytargetchangesFIRST: Now45middleaged withmoderatecrowfeet/forehead/nasolabialfolds, subtlegreytemples. Notelderly. EXPRESSION:neutralrelaxedmouth. REPLACE HEADWEAR:close linen coif under low felt cap; natural ear-below bob ends at sides. . TARGETCLOTHING:clearly high-status deep saturated woad-blue fine dense broadcloth cote, prominently visible silver-grey miniver (soft grey-white squirrel fur, no black ermine spots) fur-lined collar and mantle, restrained silver or bronze quatrefoil brooch, decorated belt edge and signet ring barely visible at lower bust; costly tailoring, small sealed document, NOT plain peasant linen. HAIRCOLOR:ash blond with scattered grey strands. PreserveEXACT SAMEPERSON recognizable skull/nose/eye spacing/earshape/chin:broad pentagonal skull; close deep eye sockets around a sharply angular nasal root; short hooked nose with sideways triangular tip; protruding lower lip; tiny tucked chin above thick neck; large attached earlobes. Keepfrontorientation andfatbodytype, samehandpaintednaturalrealism, flatgreybrownbackground upperleftlight squarebustcrop. Anatomicalaging integrated throughfaceandneck, notdrawnwrinklemask. Adultmalehair continuousBLUNT BOB BELOW EARLOBES atjawangle unlessbald/tonsured. Miniver is softgreywhiteSQUIRREL noBLACKERMINEspots. Actuallydrawtargetheadwearnotoriginal ifdifferent. No mirror, text, panels, newactor.","234e8233a6914a09b480d7f4676abaecf785113f584f9c870586a090a8d55bbf"
"I039","old","I039_old","portraits/I039_old.png","m","70","gentry","estate clerk","fat","front","silver-grey and white remnants of original ash blond","light peach with olive undertone","broad pentagonal skull; close deep eye sockets around a sharply angular nasal root; short hooked nose with sideways triangular tip; protruding lower lip; tiny tucked chin above thick neck; large attached earlobes","clearly high-status deep saturated woad-blue fine dense broadcloth cote, prominently visible silver-grey miniver (soft grey-white squirrel fur, no black ermine spots) fur-lined collar and mantle, restrained silver or bronze quatrefoil brooch, decorated belt edge and signet ring barely visible at lower bust; costly tailoring, small sealed document, NOT plain peasant linen","married","neutral","hood","provenance/raw/I039_old.png","9d8ef63acd2b1cb6b3ac8d0092dde0e09df1911a458a32d7c9c3869ade81538b","provenance/references/dfc543036a13-I039_old-r1-ref0.png","IDENTITY-PRESERVE completeportrait edit. ApplytargetchangesFIRST: Now70 clearlyELDERLY: whitegreyhair ifvisible, droopinglids/saggingjowls/loose neckskin/age spots. Read65-75at96px. EXPRESSION:neutralrelaxedmouth. REPLACE HEADWEAR:early period chaperon in simple hood-and-cape form, NOT later turban form; visible natural ear-below bob hair. . TARGETCLOTHING:clearly high-status deep saturated woad-blue fine dense broadcloth cote, prominently visible silver-grey miniver (soft grey-white squirrel fur, no black ermine spots) fur-lined collar and mantle, restrained silver or bronze quatrefoil brooch, decorated belt edge and signet ring barely visible at lower bust; costly tailoring, small sealed document, NOT plain peasant linen. HAIRCOLOR:silver-grey and white remnants of original ash blond. PreserveEXACT SAMEPERSON recognizable skull/nose/eye spacing/earshape/chin:broad pentagonal skull; close deep eye sockets around a sharply angular nasal root; short hooked nose with sideways triangular tip; protruding lower lip; tiny tucked chin above thick neck; large attached earlobes. Keepfrontorientation andfatbodytype, samehandpaintednaturalrealism, flatgreybrownbackground upperleftlight squarebustcrop. Anatomicalaging integrated throughfaceandneck, notdrawnwrinklemask. Adultmalehair continuousBLUNT BOB BELOW EARLOBES atjawangle unlessbald/tonsured. Miniver is softgreywhiteSQUIRREL noBLACKERMINEspots. Actuallydrawtargetheadwearnotoriginal ifdifferent. No mirror, text, panels, newactor.","dc3643b8a175f0a9cdd1bb159c97b99d059401e79df6b520d52c60b173766006"
"I040","young","I040_young","portraits/I040_young.png","f","24","gentry","estate household manager","fat","left","dark auburn","very fair porcelain with pink patches","short wide forehead and long lower face; wide-set narrow green eyes; long straight fine nose; heavy square jaw with two separate chin dimples; broad thin upper lip and small full lower lip; backward-tilted large ears","clearly high-status deep forest-green fine dense broadcloth kirtle and surcoat, prominently visible silver-grey miniver (soft grey-white squirrel fur, no black ermine spots) fur-lined collar and mantle, restrained silver or bronze quatrefoil brooch, decorated belt edge and signet ring barely visible at lower bust; costly tailoring, small sealed document, NOT plain peasant linen","unmarried","slight_smile","barbette_fillet","provenance/raw/I040_young.png","45d3928950158428efea030562163e46f605efd2de246f0a60b73eedaa02db30","provenance/references/d3adf7d5557e-I040_young-before-r2.png","Edit ONLY the FUR MATERIAL in this finished portrait. Preserve exactly same face, age, hair, expression, headwear, anatomy, pose, clothing design/colors, background and framing. Replace every black-spotted white ermine-like fur collar/lining/trim with natural MINIVER SQUIRREL FUR: soft dense fine grey-white fur with gently blended grey areas, plain fur WITHOUT ANY BLACK SPOTS or black tail motifs. Greyandwhite shaded soft fur, not striped or spotted. Keep collarshape and luxurious thickness. THIS IS NOT ERMINE. All OTHER pixels/visualelements should remain visuallyunchanged. Same coherent natural hand-painted historicalportrait, no text, no panels, no flip.","47c6db4446d99c06ebf298528f8f7b0a97d52907319d8d3a5acc3acc48b256da"
"I040","mature","I040_mature","portraits/I040_mature.png","f","45","gentry","estate household manager","fat","left","dark auburn with scattered grey strands","very fair porcelain with pink patches","short wide forehead and long lower face; wide-set narrow green eyes; long straight fine nose; heavy square jaw with two separate chin dimples; broad thin upper lip and small full lower lip; backward-tilted large ears","clearly high-status deep forest-green fine dense broadcloth kirtle and surcoat, prominently visible silver-grey miniver (soft grey-white squirrel fur, no black ermine spots) fur-lined collar and mantle, restrained silver or bronze quatrefoil brooch, decorated belt edge and signet ring barely visible at lower bust; costly tailoring, small sealed document, NOT plain peasant linen","married","tired_worried","barbette_fillet","provenance/raw/I040_mature.png","4e8d38a1ed9e0148fbb17868d156214ea21272df0ba95880bdfae1e624dabeb9","provenance/references/0baec8a51561-I040_mature-before-r2.png","Edit ONLY the FUR MATERIAL in this finished portrait. Preserve exactly same face, age, hair, expression, headwear, anatomy, pose, clothing design/colors, background and framing. Replace every black-spotted white ermine-like fur collar/lining/trim with natural MINIVER SQUIRREL FUR: soft dense fine grey-white fur with gently blended grey areas, plain fur WITHOUT ANY BLACK SPOTS or black tail motifs. Greyandwhite shaded soft fur, not striped or spotted. Keep collarshape and luxurious thickness. THIS IS NOT ERMINE. All OTHER pixels/visualelements should remain visuallyunchanged. Same coherent natural hand-painted historicalportrait, no text, no panels, no flip.","bf253bb85ba882b6c03548084ca69b313a016b55ec15ebcc19de577fe1f8db33"
"I040","old","I040_old","portraits/I040_old.png","f","70","gentry","estate household manager","fat","left","silver-grey and white remnants of original dark auburn","very fair porcelain with pink patches","short wide forehead and long lower face; wide-set narrow green eyes; long straight fine nose; heavy square jaw with two separate chin dimples; broad thin upper lip and small full lower lip; backward-tilted large ears","clearly high-status deep forest-green fine dense broadcloth kirtle and surcoat, prominently visible silver-grey miniver (soft grey-white squirrel fur, no black ermine spots) fur-lined collar and mantle, restrained silver or bronze quatrefoil brooch, decorated belt edge and signet ring barely visible at lower bust; costly tailoring, small sealed document, NOT plain peasant linen","widow","neutral","widow_veil","provenance/raw/I040_old.png","cc0f6c4a0092d464fe50f3bb124393a93b05a141581bea84a1d3f6287b3e11c1","provenance/references/87113f984570-I040_old-before-r2.png","Edit ONLY the FUR MATERIAL in this finished portrait. Preserve exactly same face, age, hair, expression, headwear, anatomy, pose, clothing design/colors, background and framing. Replace every black-spotted white ermine-like fur collar/lining/trim with natural MINIVER SQUIRREL FUR: soft dense fine grey-white fur with gently blended grey areas, plain fur WITHOUT ANY BLACK SPOTS or black tail motifs. Greyandwhite shaded soft fur, not striped or spotted. Keep collarshape and luxurious thickness. THIS IS NOT ERMINE. All OTHER pixels/visualelements should remain visuallyunchanged. Same coherent natural hand-painted historicalportrait, no text, no panels, no flip.","dd3651bb7e49aede4b2cff7ed5980f04a93d90d4fa9d660b04eeba3aca4dfaa8"
"I041","young","I041_young","portraits/I041_young.png","f","24","gentry","landholding gentlewoman","thin","right","black brown","light honey-ivory with freckles","high broad dome forehead; close large round dark eyes; tiny concave upturned nose; high sharp cheekbones and hollow cheeks; wide horizontal mouth with thick uneven lips; broad flat chin; one ear higher","clearly high-status rich deep scarlet fine dense broadcloth kirtle and surcoat, prominently visible warm fox fur-lined collar and mantle, restrained silver or bronze quatrefoil brooch, decorated belt edge and signet ring barely visible at lower bust; costly tailoring, small sealed document, NOT plain peasant linen","unmarried","tired_worried","loose_unmarried","provenance/raw/I041_young.png","5264199b2ac1eb63da303085c80946f6280356a2288fcdd2025839f1695f976d","provenance/references/c88d923aca2f-파일럿_36명_통과_기준.jpg","Paint one complete indivisible square bust portrait, Southern England circa1300, same natural hand-painted realism and fine skin/wool brush texture as approved reference sheet. Reference is STYLE and quality ONLY; invent a completely NEW person unlike ANY reference face, never copy skull/eyes/nose. Opaque plain low-saturation grey-brown background, soft upper-left light, eyes40-48%height, comfortable head margin, full upper chest and shoulders to bottomedge. Natural realistic anatomy, no caricature, no photo filter, no black outlines/text/frame. DISTINCT CRANIOFACIAL IDENTITY and body silhouette. Skin tone and bodyfat do not imply wealth, morality or virtue. Draw desired direction from scratch NEVER mirror. Clothing MUST visibly identify circa1300 class: fine saturated but restrained scarlet/deepblue/forestgreen and sizeable miniver/fox fur for gentry, good mutedblue/plum wool and fur for merchant, workaprons/tools for artisan, coarse faded repairedcloth for labour/poor. All costumes painted coherently with face, not layers. Female headwear per subject must be structurally accurate and varied, NOT generic whiteveil every time. Adult male hair with straight or softlywavy blunt bob reaching BELOW EARS circa1300, no modern cropped sides/crewcut (except specified tonsure or bald elder). Expression MUST follow subject, mild lifelike smiling/worry/sharpness where specified. ONE complete natural hand-painted bust of I041, a 24-year-old woman in southern England around 1300, landholding gentlewoman, genuinely facing image RIGHT in three-quarter view. Permanent unique anatomical identity: high broad dome forehead; close large round dark eyes; tiny concave upturned nose; high sharp cheekbones and hollow cheeks; wide horizontal mouth with thick uneven lips; broad flat chin; one ear higher. Build: slender neck, narrow bony shoulders and lean tissues; skull may still be broad. Skin: light honey-ivory with freckles; no complexion or body moral/class symbolism. Hair: black brown. Age: youthful facial tissue and clear eyes, no deep mature wrinkles. Expression: restrained fatigue or concern, faintly pinched brows and weary mouth, humane and natural. Clothing must visibly communicate occupation and class: clearly high-status rich deep scarlet fine dense broadcloth kirtle and surcoat, prominently visible warm fox fur-lined collar and mantle, restrained silver or bronze quatrefoil brooch, decorated belt edge and signet ring barely visible at lower bust; costly tailoring, small sealed document, NOT plain peasant linen. Headwear: unmarried loose shoulder-length hair with a simple narrow woven band, no modern styling. Across ages preserve this actual skull, nose, eye spacing, ear shape and chin asymmetry; do not substitute another actor. No modern fade, undercut, crew cut or makeup. Whole person painted together, no layers and no mirroring. Coherent upper-left light, flat muted grey-brown background, bust fills frame, eye line roughly 40–48 percent canvas height. Gentry colors visibly richer than labour cloth, never neon. Distinct realistic individual, no caricature or repeated pilot face.","6619dd413e360e700a7ba0baccfed2a6f72ce6f19c3f5ec621de3a6c51917056"
"I041","mature","I041_mature","portraits/I041_mature.png","f","45","gentry","landholding gentlewoman","thin","right","black brown with scattered grey strands","light honey-ivory with freckles","high broad dome forehead; close large round dark eyes; tiny concave upturned nose; high sharp cheekbones and hollow cheeks; wide horizontal mouth with thick uneven lips; broad flat chin; one ear higher","clearly high-status rich deep scarlet fine dense broadcloth kirtle and surcoat, prominently visible warm fox fur-lined collar and mantle, restrained silver or bronze quatrefoil brooch, decorated belt edge and signet ring barely visible at lower bust; costly tailoring, small sealed document, NOT plain peasant linen","married","neutral","barbette_fillet","provenance/raw/I041_mature.png","440e164f5b02c1f44e693cddd0d631b430e5f2bfcebf1ba7b02d13e6caca8588","provenance/references/6619dd413e36-I041_mature-r1-ref0.png","IDENTITYPRESERVING completeportrait edit. ApplyVISIBLECHANGES first: Age45middleaged visible crowfeet nasolabialfolds earlygreytemples, notelderly. EXPRESSION:relaxedneutralmouth. REPLACE HEADWEAR:conspicuous linen barbette chin strap and broad structured fillet, fine crespine net enclosing side hair, unmistakable circa-1300 fashionable headwear, no later horns.  CLOTHING:clearly high-status rich deep scarlet fine dense broadcloth kirtle and surcoat, prominently visible warm fox fur-lined collar and mantle, restrained silver or bronze quatrefoil brooch, decorated belt edge and signet ring barely visible at lower bust; costly tailoring, small sealed document, NOT plain peasant linen. Haircolor:black brown with scattered grey strands. PreserveexactSAMEPERSON skull/nose/eyes/ears/chin:high broad dome forehead; close large round dark eyes; tiny concave upturned nose; high sharp cheekbones and hollow cheeks; wide horizontal mouth with thick uneven lips; broad flat chin; one ear higher. Same right direction and thin bodytype. Samepainterlyrealism upperleftlight plaingreybrown opaque squarebust. Integratedskinaging notwrinklestickers. Civiliannormalhair belowearbluntbob exceptspecifiedtonsure/bald. MINIVER plainmottledGREYWHITE SQUIRREL fur NO BLACKERMINE SPOTS. Showtargetheadwear evenifdifferentfromoriginal. No mirror/text/grid/newactor.","de8d6211c55d8d0b99705566b2e80438142a2396d51fb727aa6f2ac2237c9793"
"I041","old","I041_old","portraits/I041_old.png","f","70","gentry","landholding gentlewoman","thin","right","silver-grey and white remnants of original black brown","light honey-ivory with freckles","high broad dome forehead; close large round dark eyes; tiny concave upturned nose; high sharp cheekbones and hollow cheeks; wide horizontal mouth with thick uneven lips; broad flat chin; one ear higher","clearly high-status rich deep scarlet fine dense broadcloth kirtle and surcoat, prominently visible warm fox fur-lined collar and mantle, restrained silver or bronze quatrefoil brooch, decorated belt edge and signet ring barely visible at lower bust; costly tailoring, small sealed document, NOT plain peasant linen","widowed","slight_smile","hood","provenance/raw/I041_old.png","880d519325de00e0389d70e7b06679a09a28b5f06ceca9ec196a9e494e8988fa","provenance/references/6619dd413e36-I041_old-r1-ref0.png","IDENTITYPRESERVING completeportrait edit. ApplyVISIBLECHANGES first: Age70elderly clearlysilverwhitehair saggingcheeksjowlsneck droopinglids andagespots. At96px mustread65-75 not50. EXPRESSION:VISIBLE subtlewarm SMILE raisedmouthcorners softenedeyes. REPLACE HEADWEAR:period fitted wool hood with open face and draped shoulder cape.  CLOTHING:clearly high-status rich deep scarlet fine dense broadcloth kirtle and surcoat, prominently visible warm fox fur-lined collar and mantle, restrained silver or bronze quatrefoil brooch, decorated belt edge and signet ring barely visible at lower bust; costly tailoring, small sealed document, NOT plain peasant linen. Haircolor:silver-grey and white remnants of original black brown. PreserveexactSAMEPERSON skull/nose/eyes/ears/chin:high broad dome forehead; close large round dark eyes; tiny concave upturned nose; high sharp cheekbones and hollow cheeks; wide horizontal mouth with thick uneven lips; broad flat chin; one ear higher. Same right direction and thin bodytype. Samepainterlyrealism upperleftlight plaingreybrown opaque squarebust. Integratedskinaging notwrinklestickers. Civiliannormalhair belowearbluntbob exceptspecifiedtonsure/bald. MINIVER plainmottledGREYWHITE SQUIRREL fur NO BLACKERMINE SPOTS. Showtargetheadwear evenifdifferentfromoriginal. No mirror/text/grid/newactor.","186b4d765c0e612156c008a721572692491266a174df9e92136101b933679178"
"I042","young","I042_young","portraits/I042_young.png","f","24","gentry","manorial accounts keeper","average","front","golden brown","fair pink beige with yellow undertone","low angular forehead and long hexagonal head; very wide nose bridge tapering into tiny downward tip; wide-set grey eyes and heavy straight brows; long philtrum and thin pursed lips; strongly rounded projecting chin; narrow long ears","clearly high-status deep saturated woad-blue fine dense broadcloth kirtle and surcoat, prominently visible silver-grey miniver (soft grey-white squirrel fur, no black ermine spots) fur-lined collar and mantle, restrained silver or bronze quatrefoil brooch, decorated belt edge and signet ring barely visible at lower bust; costly tailoring, small sealed document, NOT plain peasant linen","unmarried","sharp_suspicious","white_veil","provenance/raw/I042_young.png","45a64c09e0dfdc7e84460f39daea35e6e6928f96fe30e3a6cf91a63efd75a345","provenance/references/0d5d8f871657-I042_young-before-r2.png","Edit ONLY the FUR MATERIAL in this finished portrait. Preserve exactly same face, age, hair, expression, headwear, anatomy, pose, clothing design/colors, background and framing. Replace every black-spotted white ermine-like fur collar/lining/trim with natural MINIVER SQUIRREL FUR: soft dense fine grey-white fur with gently blended grey areas, plain fur WITHOUT ANY BLACK SPOTS or black tail motifs. Greyandwhite shaded soft fur, not striped or spotted. Keep collarshape and luxurious thickness. THIS IS NOT ERMINE. All OTHER pixels/visualelements should remain visuallyunchanged. Same coherent natural hand-painted historicalportrait, no text, no panels, no flip.","23b917cef14535874ecb59cabc575cb52bf9c39543133403e4b3708d3f642daa"
"I042","mature","I042_mature","portraits/I042_mature.png","f","45","gentry","manorial accounts keeper","average","front","golden brown with scattered grey strands","fair pink beige with yellow undertone","low angular forehead and long hexagonal head; very wide nose bridge tapering into tiny downward tip; wide-set grey eyes and heavy straight brows; long philtrum and thin pursed lips; strongly rounded projecting chin; narrow long ears","clearly high-status deep saturated woad-blue fine dense broadcloth kirtle and surcoat, prominently visible silver-grey miniver (soft grey-white squirrel fur, no black ermine spots) fur-lined collar and mantle, restrained silver or bronze quatrefoil brooch, decorated belt edge and signet ring barely visible at lower bust; costly tailoring, small sealed document, NOT plain peasant linen","married","neutral","barbette_fillet","provenance/raw/I042_mature.png","33e2c6698cd7bf3b17e2a15c5dc14a8b7587e24286bd4173933c1b69d37b3a07","provenance/references/23b917cef145-I042_mature-r1-ref0.png","IDENTITYPRESERVING completeportrait edit. ApplyVISIBLECHANGES first: Age45middleaged visible crowfeet nasolabialfolds earlygreytemples, notelderly. EXPRESSION:relaxedneutralmouth. REPLACE HEADWEAR:conspicuous linen barbette chin strap and broad structured fillet, fine crespine net enclosing side hair, unmistakable circa-1300 fashionable headwear, no later horns.  CLOTHING:clearly high-status deep saturated woad-blue fine dense broadcloth kirtle and surcoat, prominently visible silver-grey miniver (soft grey-white squirrel fur, no black ermine spots) fur-lined collar and mantle, restrained silver or bronze quatrefoil brooch, decorated belt edge and signet ring barely visible at lower bust; costly tailoring, small sealed document, NOT plain peasant linen. Haircolor:golden brown with scattered grey strands. PreserveexactSAMEPERSON skull/nose/eyes/ears/chin:low angular forehead and long hexagonal head; very wide nose bridge tapering into tiny downward tip; wide-set grey eyes and heavy straight brows; long philtrum and thin pursed lips; strongly rounded projecting chin; narrow long ears. Same front direction and average bodytype. Samepainterlyrealism upperleftlight plaingreybrown opaque squarebust. Integratedskinaging notwrinklestickers. Civiliannormalhair belowearbluntbob exceptspecifiedtonsure/bald. MINIVER plainmottledGREYWHITE SQUIRREL fur NO BLACKERMINE SPOTS. Showtargetheadwear evenifdifferentfromoriginal. No mirror/text/grid/newactor.","5e54ef05df9e42e3e346c5432280494aec025b570b6da972532947f10810951a"
"I042","old","I042_old","portraits/I042_old.png","f","70","gentry","manorial accounts keeper","average","front","silver-grey and white remnants of original golden brown","fair pink beige with yellow undertone","low angular forehead and long hexagonal head; very wide nose bridge tapering into tiny downward tip; wide-set grey eyes and heavy straight brows; long philtrum and thin pursed lips; strongly rounded projecting chin; narrow long ears","clearly high-status deep saturated woad-blue fine dense broadcloth kirtle and surcoat, prominently visible silver-grey miniver (soft grey-white squirrel fur, no black ermine spots) fur-lined collar and mantle, restrained silver or bronze quatrefoil brooch, decorated belt edge and signet ring barely visible at lower bust; costly tailoring, small sealed document, NOT plain peasant linen","married","neutral","veil_wimple","provenance/raw/I042_old.png","f416f0049823035ae2b75fb349522e5e5d59334e940c5f88953bb43a3128586f","provenance/references/23b917cef145-I042_old-r1-ref0.png","IDENTITYPRESERVING completeportrait edit. ApplyVISIBLECHANGES first: Age70elderly clearlysilverwhitehair saggingcheeksjowlsneck droopinglids andagespots. At96px mustread65-75 not50. EXPRESSION:relaxedneutralmouth. REPLACE HEADWEAR:linen veil plus close white wimple enclosing neck and chin.  CLOTHING:clearly high-status deep saturated woad-blue fine dense broadcloth kirtle and surcoat, prominently visible silver-grey miniver (soft grey-white squirrel fur, no black ermine spots) fur-lined collar and mantle, restrained silver or bronze quatrefoil brooch, decorated belt edge and signet ring barely visible at lower bust; costly tailoring, small sealed document, NOT plain peasant linen. Haircolor:silver-grey and white remnants of original golden brown. PreserveexactSAMEPERSON skull/nose/eyes/ears/chin:low angular forehead and long hexagonal head; very wide nose bridge tapering into tiny downward tip; wide-set grey eyes and heavy straight brows; long philtrum and thin pursed lips; strongly rounded projecting chin; narrow long ears. Same front direction and average bodytype. Samepainterlyrealism upperleftlight plaingreybrown opaque squarebust. Integratedskinaging notwrinklestickers. Civiliannormalhair belowearbluntbob exceptspecifiedtonsure/bald. MINIVER plainmottledGREYWHITE SQUIRREL fur NO BLACKERMINE SPOTS. Showtargetheadwear evenifdifferentfromoriginal. No mirror/text/grid/newactor.","3f65cb8ef36e548a053994307b991dbca8b3a9239cdb45e116551003791a5138"
"I043","young","I043_young","portraits/I043_young.png","m","24","merchant","wool merchant","fat","left","russet red","pale cool ivory with pink cheeks","huge rounded cranium and low hairline; tiny wide-set dark eyes; long narrow drooping nose with pinched tip; wide curved mouth with asymmetric corner; bulky lower cheeks and nearly absent chin; very small ears","good muted blue fine wool cote, visible soft modest fur collar less lavish than gentry, leather purse and decorated belt edge, folded wool sample or account parchment, prosperous practical tailoring","married","slight_smile","coif_cap","provenance/raw/I043_young.png","ef20634ca9fa26d14bb410c74834e8155a9e68bd0f97fbf0bc5bc78fd1f84283","provenance/references/c88d923aca2f-파일럿_36명_통과_기준.jpg","Paint one complete indivisible square bust portrait, Southern England circa1300, same natural hand-painted realism and fine skin/wool brush texture as approved reference sheet. Reference is STYLE and quality ONLY; invent a completely NEW person unlike ANY reference face, never copy skull/eyes/nose. Opaque plain low-saturation grey-brown background, soft upper-left light, eyes40-48%height, comfortable head margin, full upper chest and shoulders to bottomedge. Natural realistic anatomy, no caricature, no photo filter, no black outlines/text/frame. DISTINCT CRANIOFACIAL IDENTITY and body silhouette. Skin tone and bodyfat do not imply wealth, morality or virtue. Draw desired direction from scratch NEVER mirror. Clothing MUST visibly identify circa1300 class: fine saturated but restrained scarlet/deepblue/forestgreen and sizeable miniver/fox fur for gentry, good mutedblue/plum wool and fur for merchant, workaprons/tools for artisan, coarse faded repairedcloth for labour/poor. All costumes painted coherently with face, not layers. Female headwear per subject must be structurally accurate and varied, NOT generic whiteveil every time. Adult male hair with straight or softlywavy blunt bob reaching BELOW EARS circa1300, no modern cropped sides/crewcut (except specified tonsure or bald elder). Expression MUST follow subject, mild lifelike smiling/worry/sharpness where specified. ONE complete natural hand-painted bust of I043, a 24-year-old man in southern England around 1300, wool merchant, genuinely facing image LEFT in three-quarter view. Permanent unique anatomical identity: huge rounded cranium and low hairline; tiny wide-set dark eyes; long narrow drooping nose with pinched tip; wide curved mouth with asymmetric corner; bulky lower cheeks and nearly absent chin; very small ears. Build: clearly fat, full cheeks and jaw flesh, thick neck and broad soft shoulders without caricature. Skin: pale cool ivory with pink cheeks; no complexion or body moral/class symbolism. Hair: russet red; clean shaven; civilian hair below ears in natural blunt medieval bob unless tonsured or balding. Age: youthful facial tissue and clear eyes, no deep mature wrinkles. Expression: subtle closed-mouth half-smile with gently lifted corners and softened eyes, no broad grin. Clothing must visibly communicate occupation and class: good muted blue fine wool cote, visible soft modest fur collar less lavish than gentry, leather purse and decorated belt edge, folded wool sample or account parchment, prosperous practical tailoring. Headwear: close linen coif under low felt cap; natural ear-below bob ends at sides. Across ages preserve this actual skull, nose, eye spacing, ear shape and chin asymmetry; do not substitute another actor. No modern fade, undercut, crew cut or makeup. Whole person painted together, no layers and no mirroring. Coherent upper-left light, flat muted grey-brown background, bust fills frame, eye line roughly 40–48 percent canvas height. Gentry colors visibly richer than labour cloth, never neon. Distinct realistic individual, no caricature or repeated pilot face.","7d46fc544ecc2464bfeaf4ddbb8837f283fc0c688b20dd07ceff231f7883fe63"
"I043","mature","I043_mature","portraits/I043_mature.png","m","45","merchant","wool merchant","fat","left","russet red with scattered grey strands","pale cool ivory with pink cheeks","huge rounded cranium and low hairline; tiny wide-set dark eyes; long narrow drooping nose with pinched tip; wide curved mouth with asymmetric corner; bulky lower cheeks and nearly absent chin; very small ears","good muted blue fine wool cote, visible soft modest fur collar less lavish than gentry, leather purse and decorated belt edge, folded wool sample or account parchment, prosperous practical tailoring","married","slight_smile","hood","provenance/raw/I043_mature.png","8db49ca26a4ced96085ddfe048425e2661fd3c69bf23f8d61cb0faa3eeab5494","provenance/references/7d46fc544ecc-I043_young.png","IDENTITY-PRESERVING fullportrait edit of attachedoriginal. FIRST apply these VISIBLE CHANGES: Now age45 MIDDLEAGED: visible nasolabialfolds,crowfeet and earlygreytemples, no elderlydeepwrinkles. EXPRESSION: clearly visible but subtle warm closed-mouth SMILE, raised mouth corners, smiling eyes. REPLACE HEADWEAR with: early period chaperon in simple hood-and-cape form, NOT later turban form; visible natural ear-below bob hair.  TARGET CLOTHES: good muted blue fine wool cote, visible soft modest fur collar less lavish than gentry, leather purse and decorated belt edge, folded wool sample or account parchment, prosperous practical tailoring. Targethaircolor: russet red with scattered grey strands. Preserve SAME PERSON recognizable boneproportions, nose,eye spacing,earshape,chin andanyasymmetry: huge rounded cranium and low hairline; tiny wide-set dark eyes; long narrow drooping nose with pinched tip; wide curved mouth with asymmetric corner; bulky lower cheeks and nearly absent chin; very small ears. Keep left-facing orientation, fat bodytype, same natural painterlyrealism, upperleftlight andplaingreybrown opaque squarebust framing. Coherent anatomicalaging throughfaceandneck, notwrinklestickers. CIVILIAN malehair must visiblyextendbelowearlobes in medievalbluntbob unless targettonsured/bald. Miniver is softmottledgreywhiteSQUIRRELfur withNOBLACKERMINEspots. Do notcopy originalheadwear iftargetdiffers. No flip, no text/frame/grid, no newactor.","2bc7849dac80cf564da01c6d516300c4db788208943f1b98b5ce0c2d6730de2b"
"I043","old","I043_old","portraits/I043_old.png","m","70","merchant","wool merchant","fat","left","silver-grey and white remnants of original russet red","pale cool ivory with pink cheeks","huge rounded cranium and low hairline; tiny wide-set dark eyes; long narrow drooping nose with pinched tip; wide curved mouth with asymmetric corner; bulky lower cheeks and nearly absent chin; very small ears","good muted blue fine wool cote, visible soft modest fur collar less lavish than gentry, leather purse and decorated belt edge, folded wool sample or account parchment, prosperous practical tailoring","married","slight_smile","felt_hat","provenance/raw/I043_old.png","c6c66b514feac1fb4201de7689c20e50c0142a7ec3c2617ac60d6a920e3b932f","provenance/references/7d46fc544ecc-I043_young.png","IDENTITY-PRESERVING fullportrait edit of attachedoriginal. FIRST apply these VISIBLE CHANGES: Now age70 ELDERLY: clearly silverwhitehair ifvisible, sagging cheeks/jaw/neck, thinnertemplevolume, droopingeyelids, irregularagespots. Read65-75 at96px, not merely50. EXPRESSION: clearly visible but subtle warm closed-mouth SMILE, raised mouth corners, smiling eyes. REPLACE HEADWEAR with: low soft felt hat over natural ear-below blunt bob.  TARGET CLOTHES: good muted blue fine wool cote, visible soft modest fur collar less lavish than gentry, leather purse and decorated belt edge, folded wool sample or account parchment, prosperous practical tailoring. Targethaircolor: silver-grey and white remnants of original russet red. Preserve SAME PERSON recognizable boneproportions, nose,eye spacing,earshape,chin andanyasymmetry: huge rounded cranium and low hairline; tiny wide-set dark eyes; long narrow drooping nose with pinched tip; wide curved mouth with asymmetric corner; bulky lower cheeks and nearly absent chin; very small ears. Keep left-facing orientation, fat bodytype, same natural painterlyrealism, upperleftlight andplaingreybrown opaque squarebust framing. Coherent anatomicalaging throughfaceandneck, notwrinklestickers. CIVILIAN malehair must visiblyextendbelowearlobes in medievalbluntbob unless targettonsured/bald. Miniver is softmottledgreywhiteSQUIRRELfur withNOBLACKERMINEspots. Do notcopy originalheadwear iftargetdiffers. No flip, no text/frame/grid, no newactor.","5adc9e8786a0b6765b1bc519873b4a8a3c547563b3c27e88dc19986fa0b8eae7"
"I044","young","I044_young","portraits/I044_young.png","m","24","merchant","cloth merchant","thin","right","dark brown","fair golden beige with cheek freckles","low wide flattened forehead; compact triangular face with very high broad cheekbones; short broad snub nose with upturned square nostrils; narrow deep-set blue eyes; large full lips; broad bony cleft chin; curled prominent ears","good subdued plum fine wool cote, visible soft modest fur collar less lavish than gentry, leather purse and decorated belt edge, folded wool sample or account parchment, prosperous practical tailoring","unmarried","neutral","hood","provenance/raw/I044_young.png","bf1d038ff06f0a91076437cf23f24d5f8ac39281a2eba223d4ec6d3709c8689f","provenance/references/c88d923aca2f-파일럿_36명_통과_기준.jpg","Paint one complete indivisible square bust portrait, Southern England circa1300, same natural hand-painted realism and fine skin/wool brush texture as approved reference sheet. Reference is STYLE and quality ONLY; invent a completely NEW person unlike ANY reference face, never copy skull/eyes/nose. Opaque plain low-saturation grey-brown background, soft upper-left light, eyes40-48%height, comfortable head margin, full upper chest and shoulders to bottomedge. Natural realistic anatomy, no caricature, no photo filter, no black outlines/text/frame. DISTINCT CRANIOFACIAL IDENTITY and body silhouette. Skin tone and bodyfat do not imply wealth, morality or virtue. Draw desired direction from scratch NEVER mirror. Clothing MUST visibly identify circa1300 class: fine saturated but restrained scarlet/deepblue/forestgreen and sizeable miniver/fox fur for gentry, good mutedblue/plum wool and fur for merchant, workaprons/tools for artisan, coarse faded repairedcloth for labour/poor. All costumes painted coherently with face, not layers. Female headwear per subject must be structurally accurate and varied, NOT generic whiteveil every time. Adult male hair with straight or softlywavy blunt bob reaching BELOW EARS circa1300, no modern cropped sides/crewcut (except specified tonsure or bald elder). Expression MUST follow subject, mild lifelike smiling/worry/sharpness where specified. ONE complete natural hand-painted bust of I044, a 24-year-old man in southern England around 1300, cloth merchant, genuinely facing image RIGHT in three-quarter view. Permanent unique anatomical identity: low wide flattened forehead; compact triangular face with very high broad cheekbones; short broad snub nose with upturned square nostrils; narrow deep-set blue eyes; large full lips; broad bony cleft chin; curled prominent ears. Build: slender neck, narrow bony shoulders and lean tissues; skull may still be broad. Skin: fair golden beige with cheek freckles; no complexion or body moral/class symbolism. Hair: dark brown; short horizontal moustache, clean chin; civilian hair below ears in natural blunt medieval bob unless tonsured or balding. Age: youthful facial tissue and clear eyes, no deep mature wrinkles. Expression: quiet neutral relaxed mouth and alert eyes. Clothing must visibly communicate occupation and class: good subdued plum fine wool cote, visible soft modest fur collar less lavish than gentry, leather purse and decorated belt edge, folded wool sample or account parchment, prosperous practical tailoring. Headwear: early period chaperon in simple hood-and-cape form, NOT later turban form; visible natural ear-below bob hair. Across ages preserve this actual skull, nose, eye spacing, ear shape and chin asymmetry; do not substitute another actor. No modern fade, undercut, crew cut or makeup. Whole person painted together, no layers and no mirroring. Coherent upper-left light, flat muted grey-brown background, bust fills frame, eye line roughly 40–48 percent canvas height. Gentry colors visibly richer than labour cloth, never neon. Distinct realistic individual, no caricature or repeated pilot face.","9e1bf448649b4653cdde9b94be4271f722a4f516ee75915eb1f3eb3993408f35"
"I044","mature","I044_mature","portraits/I044_mature.png","m","45","merchant","cloth merchant","thin","right","dark brown with scattered grey strands","fair golden beige with cheek freckles","low wide flattened forehead; compact triangular face with very high broad cheekbones; short broad snub nose with upturned square nostrils; narrow deep-set blue eyes; large full lips; broad bony cleft chin; curled prominent ears","good subdued plum fine wool cote, visible soft modest fur collar less lavish than gentry, leather purse and decorated belt edge, folded wool sample or account parchment, prosperous practical tailoring","married","tired_worried","felt_hat","provenance/raw/I044_mature.png","01a3002342d24585b19f306e1346ee32a039b0918901d97d2bb66c573209e774","provenance/references/9e1bf448649b-I044_young.png","IDENTITY-PRESERVING fullportrait edit of attachedoriginal. FIRST apply these VISIBLE CHANGES: Now age45 MIDDLEAGED: visible nasolabialfolds,crowfeet and earlygreytemples, no elderlydeepwrinkles. EXPRESSION: visibly WEARY and WORRIED: raised innerbrows, slightlypinchedbrow, tired lowerlids andmouth. REPLACE HEADWEAR with: low soft felt hat over natural ear-below blunt bob.  TARGET CLOTHES: good subdued plum fine wool cote, visible soft modest fur collar less lavish than gentry, leather purse and decorated belt edge, folded wool sample or account parchment, prosperous practical tailoring. Targethaircolor: dark brown with scattered grey strands. Preserve SAME PERSON recognizable boneproportions, nose,eye spacing,earshape,chin andanyasymmetry: low wide flattened forehead; compact triangular face with very high broad cheekbones; short broad snub nose with upturned square nostrils; narrow deep-set blue eyes; large full lips; broad bony cleft chin; curled prominent ears. Keep right-facing orientation, thin bodytype, same natural painterlyrealism, upperleftlight andplaingreybrown opaque squarebust framing. Coherent anatomicalaging throughfaceandneck, notwrinklestickers. CIVILIAN malehair must visiblyextendbelowearlobes in medievalbluntbob unless targettonsured/bald. Miniver is softmottledgreywhiteSQUIRRELfur withNOBLACKERMINEspots. Do notcopy originalheadwear iftargetdiffers. No flip, no text/frame/grid, no newactor.","26b6e372e666712c34d303cac83fceab7a48fb47fa9a38eb4991a690a121ff14"
"I044","old","I044_old","portraits/I044_old.png","m","70","merchant","cloth merchant","thin","right","silver-grey and white remnants of original dark brown","fair golden beige with cheek freckles","low wide flattened forehead; compact triangular face with very high broad cheekbones; short broad snub nose with upturned square nostrils; narrow deep-set blue eyes; large full lips; broad bony cleft chin; curled prominent ears","good subdued plum fine wool cote, visible soft modest fur collar less lavish than gentry, leather purse and decorated belt edge, folded wool sample or account parchment, prosperous practical tailoring","married","slight_smile","coif_cap","provenance/raw/I044_old.png","577d5d6a5b20857a577503de264cb4ce5e9a4796b12b4ea714e12a2ddc461242","provenance/references/9e1bf448649b-I044_young.png","IDENTITY-PRESERVING fullportrait edit of attachedoriginal. FIRST apply these VISIBLE CHANGES: Now age70 ELDERLY: clearly silverwhitehair ifvisible, sagging cheeks/jaw/neck, thinnertemplevolume, droopingeyelids, irregularagespots. Read65-75 at96px, not merely50. EXPRESSION: clearly visible but subtle warm closed-mouth SMILE, raised mouth corners, smiling eyes. REPLACE HEADWEAR with: close linen coif under low felt cap; natural ear-below bob ends at sides.  TARGET CLOTHES: good subdued plum fine wool cote, visible soft modest fur collar less lavish than gentry, leather purse and decorated belt edge, folded wool sample or account parchment, prosperous practical tailoring. Targethaircolor: silver-grey and white remnants of original dark brown. Preserve SAME PERSON recognizable boneproportions, nose,eye spacing,earshape,chin andanyasymmetry: low wide flattened forehead; compact triangular face with very high broad cheekbones; short broad snub nose with upturned square nostrils; narrow deep-set blue eyes; large full lips; broad bony cleft chin; curled prominent ears. Keep right-facing orientation, thin bodytype, same natural painterlyrealism, upperleftlight andplaingreybrown opaque squarebust framing. Coherent anatomicalaging throughfaceandneck, notwrinklestickers. CIVILIAN malehair must visiblyextendbelowearlobes in medievalbluntbob unless targettonsured/bald. Miniver is softmottledgreywhiteSQUIRRELfur withNOBLACKERMINEspots. Do notcopy originalheadwear iftargetdiffers. No flip, no text/frame/grid, no newactor.","313bc37d35b2840f228f775e9b5ba62fe64fc4b9ab6292a4bd2257f8641df3fb"
"I045","young","I045_young","portraits/I045_young.png","m","24","merchant","dyed wool factor","average","front","sandy brown","fair neutral cream with olive cast","exceptionally tall egg skull; broad knobby nasal bridge and long blunt tip; wide-set almond green eyes; pale notch in outer right eyebrow; tiny pursed mouth; recessed narrow chin; very large low ears","good dusky violet-blue fine wool cote, visible soft modest fur collar less lavish than gentry, leather purse and decorated belt edge, folded wool sample or account parchment, prosperous practical tailoring","married","slight_smile","felt_hat","provenance/raw/I045_young.png","354cc84e2f5568bb83323324265140f6d22cf0a39dbbed5dd0d633ba19574f93","provenance/references/c88d923aca2f-파일럿_36명_통과_기준.jpg","Paint one complete indivisible square bust portrait, Southern England circa1300, same natural hand-painted realism and fine skin/wool brush texture as approved reference sheet. Reference is STYLE and quality ONLY; invent a completely NEW person unlike ANY reference face, never copy skull/eyes/nose. Opaque plain low-saturation grey-brown background, soft upper-left light, eyes40-48%height, comfortable head margin, full upper chest and shoulders to bottomedge. Natural realistic anatomy, no caricature, no photo filter, no black outlines/text/frame. DISTINCT CRANIOFACIAL IDENTITY and body silhouette. Skin tone and bodyfat do not imply wealth, morality or virtue. Draw desired direction from scratch NEVER mirror. Clothing MUST visibly identify circa1300 class: fine saturated but restrained scarlet/deepblue/forestgreen and sizeable miniver/fox fur for gentry, good mutedblue/plum wool and fur for merchant, workaprons/tools for artisan, coarse faded repairedcloth for labour/poor. All costumes painted coherently with face, not layers. Female headwear per subject must be structurally accurate and varied, NOT generic whiteveil every time. Adult male hair with straight or softlywavy blunt bob reaching BELOW EARS circa1300, no modern cropped sides/crewcut (except specified tonsure or bald elder). Expression MUST follow subject, mild lifelike smiling/worry/sharpness where specified. ONE complete natural hand-painted bust of I045, a 24-year-old man in southern England around 1300, dyed wool factor, almost directly FRONT-facing, both cheeks visible with slight natural asymmetry. Permanent unique anatomical identity: exceptionally tall egg skull; broad knobby nasal bridge and long blunt tip; wide-set almond green eyes; pale notch in outer right eyebrow; tiny pursed mouth; recessed narrow chin; very large low ears. Build: ordinary medium neck and shoulders with moderate cheek tissue. Skin: fair neutral cream with olive cast; no complexion or body moral/class symbolism. Hair: sandy brown; short rounded beard with bare central chin patch; civilian hair below ears in natural blunt medieval bob unless tonsured or balding. Age: youthful facial tissue and clear eyes, no deep mature wrinkles. Expression: subtle closed-mouth half-smile with gently lifted corners and softened eyes, no broad grin. Clothing must visibly communicate occupation and class: good dusky violet-blue fine wool cote, visible soft modest fur collar less lavish than gentry, leather purse and decorated belt edge, folded wool sample or account parchment, prosperous practical tailoring. Headwear: low soft felt hat over natural ear-below blunt bob. Across ages preserve this actual skull, nose, eye spacing, ear shape and chin asymmetry; do not substitute another actor. No modern fade, undercut, crew cut or makeup. Whole person painted together, no layers and no mirroring. Coherent upper-left light, flat muted grey-brown background, bust fills frame, eye line roughly 40–48 percent canvas height. Gentry colors visibly richer than labour cloth, never neon. Distinct realistic individual, no caricature or repeated pilot face. STRICT FRONT VIEW equalcheeks nosecentered eyesdirectlytocamera, NOTthreequarter.","ffb85a1746c61fda094d538f56e3494ac6f5494a015ea2e8ba82c69fed048ee2"
"I045","mature","I045_mature","portraits/I045_mature.png","m","45","merchant","dyed wool factor","average","front","sandy brown with scattered grey strands","fair neutral cream with olive cast","exceptionally tall egg skull; broad knobby nasal bridge and long blunt tip; wide-set almond green eyes; pale notch in outer right eyebrow; tiny pursed mouth; recessed narrow chin; very large low ears","good dusky violet-blue fine wool cote, visible soft modest fur collar less lavish than gentry, leather purse and decorated belt edge, folded wool sample or account parchment, prosperous practical tailoring","married","tired_worried","coif_cap","provenance/raw/I045_mature.png","7de899d96f3d5478ffd6b1447efaeecf6c71d415544f488633624062775d38a0","provenance/references/ffb85a1746c6-I045_young.png","IDENTITY-PRESERVING fullportrait edit of attachedoriginal. FIRST apply these VISIBLE CHANGES: Now age45 MIDDLEAGED: visible nasolabialfolds,crowfeet and earlygreytemples, no elderlydeepwrinkles. EXPRESSION: visibly WEARY and WORRIED: raised innerbrows, slightlypinchedbrow, tired lowerlids andmouth. REPLACE HEADWEAR with: close linen coif under low felt cap; natural ear-below bob ends at sides.  TARGET CLOTHES: good dusky violet-blue fine wool cote, visible soft modest fur collar less lavish than gentry, leather purse and decorated belt edge, folded wool sample or account parchment, prosperous practical tailoring. Targethaircolor: sandy brown with scattered grey strands. Preserve SAME PERSON recognizable boneproportions, nose,eye spacing,earshape,chin andanyasymmetry: exceptionally tall egg skull; broad knobby nasal bridge and long blunt tip; wide-set almond green eyes; pale notch in outer right eyebrow; tiny pursed mouth; recessed narrow chin; very large low ears. Keep front-facing orientation, average bodytype, same natural painterlyrealism, upperleftlight andplaingreybrown opaque squarebust framing. Coherent anatomicalaging throughfaceandneck, notwrinklestickers. CIVILIAN malehair must visiblyextendbelowearlobes in medievalbluntbob unless targettonsured/bald. Miniver is softmottledgreywhiteSQUIRRELfur withNOBLACKERMINEspots. Do notcopy originalheadwear iftargetdiffers. No flip, no text/frame/grid, no newactor.","49c20042115f22e698b42c80274041ed551424dccb4796ca3dfe07237c4ee5d5"
"I045","old","I045_old","portraits/I045_old.png","m","70","merchant","dyed wool factor","average","front","silver-grey and white remnants of original sandy brown","fair neutral cream with olive cast","exceptionally tall egg skull; broad knobby nasal bridge and long blunt tip; wide-set almond green eyes; pale notch in outer right eyebrow; tiny pursed mouth; recessed narrow chin; very large low ears","good dusky violet-blue fine wool cote, visible soft modest fur collar less lavish than gentry, leather purse and decorated belt edge, folded wool sample or account parchment, prosperous practical tailoring","widowed","neutral","bald","provenance/raw/I045_old.png","9a12ababcfde844c0c2d396568393516128c33e5bc8f9c5e30f72b295e99b31c","provenance/references/ffb85a1746c6-I045_young.png","IDENTITY-PRESERVING fullportrait edit of attachedoriginal. FIRST apply these VISIBLE CHANGES: Now age70 ELDERLY: clearly silverwhitehair ifvisible, sagging cheeks/jaw/neck, thinnertemplevolume, droopingeyelids, irregularagespots. Read65-75 at96px, not merely50. EXPRESSION: relaxed neutral mouth. REPLACE HEADWEAR with: naturally balding crown with long wispy ear-below side hair.  TARGET CLOTHES: good dusky violet-blue fine wool cote, visible soft modest fur collar less lavish than gentry, leather purse and decorated belt edge, folded wool sample or account parchment, prosperous practical tailoring. Targethaircolor: silver-grey and white remnants of original sandy brown. Preserve SAME PERSON recognizable boneproportions, nose,eye spacing,earshape,chin andanyasymmetry: exceptionally tall egg skull; broad knobby nasal bridge and long blunt tip; wide-set almond green eyes; pale notch in outer right eyebrow; tiny pursed mouth; recessed narrow chin; very large low ears. Keep front-facing orientation, average bodytype, same natural painterlyrealism, upperleftlight andplaingreybrown opaque squarebust framing. Coherent anatomicalaging throughfaceandneck, notwrinklestickers. CIVILIAN malehair must visiblyextendbelowearlobes in medievalbluntbob unless targettonsured/bald. Miniver is softmottledgreywhiteSQUIRRELfur withNOBLACKERMINEspots. Do notcopy originalheadwear iftargetdiffers. No flip, no text/frame/grid, no newactor.","2d4a204c252eaee4e25d801d38f31d9afb4c7e5367b547acf88e75eb7a109346"
"I046","young","I046_young","portraits/I046_young.png","f","24","merchant","cloth trader","thin","left","dark chestnut","light cool ivory with pink nose","extremely tall narrow oblong skull; very long large convex hooked nose with broad drooping tip; tiny widely spaced hooded brown eyes under sparse nearly absent eyebrows; hollow low cheeks; wide very thin asymmetric lips; tiny deeply receding chin; visibly protruding large ears","good muted blue fine wool kirtle, visible soft modest fur collar less lavish than gentry, leather purse and decorated belt edge, folded wool sample or account parchment, prosperous practical tailoring","unmarried","neutral","coif","provenance/raw/I046_young.png","8486c6727bb31c8d5bb0e76c93a651e7918d6e91402aba828fcc066a2d76e792","provenance/references/ef404dc44688-P15.png","Paint one complete indivisible square bust portrait, Southern England circa1300, same natural hand-painted realism and fine skin/wool brush texture as approved reference sheet. Reference is STYLE and quality ONLY; invent a completely NEW person unlike ANY reference face, never copy skull/eyes/nose. Opaque plain low-saturation grey-brown background, soft upper-left light, eyes40-48%height, comfortable head margin, full upper chest and shoulders to bottomedge. Natural realistic anatomy, no caricature, no photo filter, no black outlines/text/frame. DISTINCT CRANIOFACIAL IDENTITY and body silhouette. Skin tone and bodyfat do not imply wealth, morality or virtue. Draw desired direction from scratch NEVER mirror. Clothing MUST visibly identify circa1300 class: fine saturated but restrained scarlet/deepblue/forestgreen and sizeable miniver/fox fur for gentry, good mutedblue/plum wool and fur for merchant, workaprons/tools for artisan, coarse faded repairedcloth for labour/poor. All costumes painted coherently with face, not layers. Female headwear per subject must be structurally accurate and varied, NOT generic whiteveil every time. Adult male hair with straight or softlywavy blunt bob reaching BELOW EARS circa1300, no modern cropped sides/crewcut (except specified tonsure or bald elder). Expression MUST follow subject, mild lifelike smiling/worry/sharpness where specified.  Material correction: MINIVER means softly mottled grey-white squirrel fur, NEVER bright white with black ermine-tail spots. No heraldic black dotted fur. ONE complete natural hand-painted bust of I046, a 24-year-old woman in southern England around 1300, cloth trader, genuinely facing image LEFT in three-quarter view. Permanent unique anatomical identity: extremely tall narrow oblong skull; very long large convex hooked nose with broad drooping tip; tiny widely spaced hooded brown eyes under sparse nearly absent eyebrows; hollow low cheeks; wide very thin asymmetric lips; tiny deeply receding chin; visibly protruding large ears. Build: slender neck, narrow bony shoulders and lean tissues; skull may still be broad. Skin: light cool ivory with pink nose; no complexion or body moral/class symbolism. Hair: dark chestnut. Age: youthful facial tissue and clear eyes, no deep mature wrinkles. Expression: quiet neutral relaxed mouth and alert eyes. Clothing must visibly communicate occupation and class: good muted blue fine wool kirtle, visible soft modest fur collar less lavish than gentry, leather purse and decorated belt edge, folded wool sample or account parchment, prosperous practical tailoring. Headwear: close cream linen coif neatly tied. Across ages preserve this actual skull, nose, eye spacing, ear shape and chin asymmetry; do not substitute another actor. No modern fade, undercut, crew cut or makeup. Whole person painted together, no layers and no mirroring. Coherent upper-left light, flat muted grey-brown background, bust fills frame, eye line roughly 40–48 percent canvas height. Gentry colors visibly richer than labour cloth, never neon. Distinct realistic individual, no caricature or repeated pilot face. PRIORITY: bold unusual craniofacial proportions asdescribed, not generic beautifulwoman. The male reference is ONLY brushworkfinish; depictwoman completelydifferentanatomy.","0c51defb5d102a95414175456fd574e58b5fe50649961cfdb78ecdb8be91289d"
"I046","mature","I046_mature","portraits/I046_mature.png","f","45","merchant","cloth trader","thin","left","dark chestnut with scattered grey strands","light cool ivory with pink nose","extremely tall narrow oblong skull; very long large convex hooked nose with broad drooping tip; tiny widely spaced hooded brown eyes under sparse nearly absent eyebrows; hollow low cheeks; wide very thin asymmetric lips; tiny deeply receding chin; visibly protruding large ears","good muted blue fine wool kirtle, visible soft modest fur collar less lavish than gentry, leather purse and decorated belt edge, folded wool sample or account parchment, prosperous practical tailoring","married","tired_worried","veil_wimple","provenance/raw/I046_mature.png","d88fca7ed41d508767c2aebf10c03988aa464ffed1da0690fb7479ae945d954d","provenance/references/0c51defb5d10-I046_mature-r1-ref0.png","IDENTITY-PRESERVE completeportrait edit. ApplytargetchangesFIRST: Now45middleaged withmoderatecrowfeet/forehead/nasolabialfolds, subtlegreytemples. Notelderly. EXPRESSION:VISIBLE worriedandweary pinchedraisedinnerbrows tiredmouth. REPLACE HEADWEAR:linen veil plus close white wimple enclosing neck and chin. . TARGETCLOTHING:good muted blue fine wool kirtle, visible soft modest fur collar less lavish than gentry, leather purse and decorated belt edge, folded wool sample or account parchment, prosperous practical tailoring. HAIRCOLOR:dark chestnut with scattered grey strands. PreserveEXACT SAMEPERSON recognizable skull/nose/eye spacing/earshape/chin:extremely tall narrow oblong skull; very long large convex hooked nose with broad drooping tip; tiny widely spaced hooded brown eyes under sparse nearly absent eyebrows; hollow low cheeks; wide very thin asymmetric lips; tiny deeply receding chin; visibly protruding large ears. Keepleftorientation andthinbodytype, samehandpaintednaturalrealism, flatgreybrownbackground upperleftlight squarebustcrop. Anatomicalaging integrated throughfaceandneck, notdrawnwrinklemask. Adultmalehair continuousBLUNT BOB BELOW EARLOBES atjawangle unlessbald/tonsured. Miniver is softgreywhiteSQUIRREL noBLACKERMINEspots. Actuallydrawtargetheadwearnotoriginal ifdifferent. No mirror, text, panels, newactor.","8d43bb689341fa5a898ebf7cf09057be011333f0571b867417a54dfde9509175"
"I046","old","I046_old","portraits/I046_old.png","f","70","merchant","cloth trader","thin","left","silver-grey and white remnants of original dark chestnut","light cool ivory with pink nose","extremely tall narrow oblong skull; very long large convex hooked nose with broad drooping tip; tiny widely spaced hooded brown eyes under sparse nearly absent eyebrows; hollow low cheeks; wide very thin asymmetric lips; tiny deeply receding chin; visibly protruding large ears","good muted blue fine wool kirtle, visible soft modest fur collar less lavish than gentry, leather purse and decorated belt edge, folded wool sample or account parchment, prosperous practical tailoring","widow","neutral","widow_veil","provenance/raw/I046_old.png","d2d55f556a389390fe4f8373829eff02969343c3ebb0e223fb1576dd5938df14","provenance/references/0c51defb5d10-I046_old-r1-ref0.png","IDENTITY-PRESERVE completeportrait edit. ApplytargetchangesFIRST: Now70 clearlyELDERLY: whitegreyhair ifvisible, droopinglids/saggingjowls/loose neckskin/age spots. Read65-75at96px. EXPRESSION:neutralrelaxedmouth. REPLACE HEADWEAR:conservative widow veil in blue-grey or dark brown, not white and not obligatory pure black. . TARGETCLOTHING:good muted blue fine wool kirtle, visible soft modest fur collar less lavish than gentry, leather purse and decorated belt edge, folded wool sample or account parchment, prosperous practical tailoring. HAIRCOLOR:silver-grey and white remnants of original dark chestnut. PreserveEXACT SAMEPERSON recognizable skull/nose/eye spacing/earshape/chin:extremely tall narrow oblong skull; very long large convex hooked nose with broad drooping tip; tiny widely spaced hooded brown eyes under sparse nearly absent eyebrows; hollow low cheeks; wide very thin asymmetric lips; tiny deeply receding chin; visibly protruding large ears. Keepleftorientation andthinbodytype, samehandpaintednaturalrealism, flatgreybrownbackground upperleftlight squarebustcrop. Anatomicalaging integrated throughfaceandneck, notdrawnwrinklemask. Adultmalehair continuousBLUNT BOB BELOW EARLOBES atjawangle unlessbald/tonsured. Miniver is softgreywhiteSQUIRREL noBLACKERMINEspots. Actuallydrawtargetheadwearnotoriginal ifdifferent. No mirror, text, panels, newactor.","06aeb9f99327315e7fead9ea5a5725d24741b8c6a799d24b0c5473915f837786"
"I047","young","I047_young","portraits/I047_young.png","f","24","merchant","wool dealer","average","right","copper red","light warm beige with copper freckles","long cylindrical skull and high flat forehead; large close-set blue eyes; tiny upturned button nose; full upper lip and narrow lower lip; cheek dimples at rest; very wide blunt chin; thin fan-shaped ears","good subdued plum fine wool kirtle, visible soft modest fur collar less lavish than gentry, leather purse and decorated belt edge, folded wool sample or account parchment, prosperous practical tailoring","married","neutral","barbette_fillet","provenance/raw/I047_young.png","df2db70e263857a950d501fe31e61e698b9fc749c8782672687c51f6e18ecb7a","provenance/references/c88d923aca2f-파일럿_36명_통과_기준.jpg","Paint one complete indivisible square bust portrait, Southern England circa1300, same natural hand-painted realism and fine skin/wool brush texture as approved reference sheet. Reference is STYLE and quality ONLY; invent a completely NEW person unlike ANY reference face, never copy skull/eyes/nose. Opaque plain low-saturation grey-brown background, soft upper-left light, eyes40-48%height, comfortable head margin, full upper chest and shoulders to bottomedge. Natural realistic anatomy, no caricature, no photo filter, no black outlines/text/frame. DISTINCT CRANIOFACIAL IDENTITY and body silhouette. Skin tone and bodyfat do not imply wealth, morality or virtue. Draw desired direction from scratch NEVER mirror. Clothing MUST visibly identify circa1300 class: fine saturated but restrained scarlet/deepblue/forestgreen and sizeable miniver/fox fur for gentry, good mutedblue/plum wool and fur for merchant, workaprons/tools for artisan, coarse faded repairedcloth for labour/poor. All costumes painted coherently with face, not layers. Female headwear per subject must be structurally accurate and varied, NOT generic whiteveil every time. Adult male hair with straight or softlywavy blunt bob reaching BELOW EARS circa1300, no modern cropped sides/crewcut (except specified tonsure or bald elder). Expression MUST follow subject, mild lifelike smiling/worry/sharpness where specified. ONE complete natural hand-painted bust of I047, a 24-year-old woman in southern England around 1300, wool dealer, genuinely facing image RIGHT in three-quarter view. Permanent unique anatomical identity: long cylindrical skull and high flat forehead; large close-set blue eyes; tiny upturned button nose; full upper lip and narrow lower lip; cheek dimples at rest; very wide blunt chin; thin fan-shaped ears. Build: ordinary medium neck and shoulders with moderate cheek tissue. Skin: light warm beige with copper freckles; no complexion or body moral/class symbolism. Hair: copper red. Age: youthful facial tissue and clear eyes, no deep mature wrinkles. Expression: quiet neutral relaxed mouth and alert eyes. Clothing must visibly communicate occupation and class: good subdued plum fine wool kirtle, visible soft modest fur collar less lavish than gentry, leather purse and decorated belt edge, folded wool sample or account parchment, prosperous practical tailoring. Headwear: conspicuous linen barbette chin strap and broad structured fillet, fine crespine net enclosing side hair, unmistakable circa-1300 fashionable headwear, no later horns. Across ages preserve this actual skull, nose, eye spacing, ear shape and chin asymmetry; do not substitute another actor. No modern fade, undercut, crew cut or makeup. Whole person painted together, no layers and no mirroring. Coherent upper-left light, flat muted grey-brown background, bust fills frame, eye line roughly 40–48 percent canvas height. Gentry colors visibly richer than labour cloth, never neon. Distinct realistic individual, no caricature or repeated pilot face.","3d3e8b247d30e04b0e27c431cb1264cf51e8aceafde096c6ff64de9e49daa678"
"I047","mature","I047_mature","portraits/I047_mature.png","f","45","merchant","wool dealer","average","right","copper red with scattered grey strands","light warm beige with copper freckles","long cylindrical skull and high flat forehead; large close-set blue eyes; tiny upturned button nose; full upper lip and narrow lower lip; cheek dimples at rest; very wide blunt chin; thin fan-shaped ears","good subdued plum fine wool kirtle, visible soft modest fur collar less lavish than gentry, leather purse and decorated belt edge, folded wool sample or account parchment, prosperous practical tailoring","married","tired_worried","hood","provenance/raw/I047_mature.png","5c7eaa25bbd2d9afb6178ed37d9e26e91e637a15764e8bef69666138cf9ce9bb","provenance/references/3d3e8b247d30-I047_mature-r1-ref0.png","IDENTITYPRESERVING completeportrait edit. ApplyVISIBLECHANGES first: Age45middleaged visible crowfeet nasolabialfolds earlygreytemples, notelderly. EXPRESSION:VISIBLE TIREDWORRIED raisedinnerbrows pinchbrow wearymouth. REPLACE HEADWEAR:period fitted wool hood with open face and draped shoulder cape.  CLOTHING:good subdued plum fine wool kirtle, visible soft modest fur collar less lavish than gentry, leather purse and decorated belt edge, folded wool sample or account parchment, prosperous practical tailoring. Haircolor:copper red with scattered grey strands. PreserveexactSAMEPERSON skull/nose/eyes/ears/chin:long cylindrical skull and high flat forehead; large close-set blue eyes; tiny upturned button nose; full upper lip and narrow lower lip; cheek dimples at rest; very wide blunt chin; thin fan-shaped ears. Same right direction and average bodytype. Samepainterlyrealism upperleftlight plaingreybrown opaque squarebust. Integratedskinaging notwrinklestickers. Civiliannormalhair belowearbluntbob exceptspecifiedtonsure/bald. MINIVER plainmottledGREYWHITE SQUIRREL fur NO BLACKERMINE SPOTS. Showtargetheadwear evenifdifferentfromoriginal. No mirror/text/grid/newactor.","0ced77def3fe4eeee2d290c04e787ee30c41a7e05b66fdf0750bba57ae8523ae"
"I047","old","I047_old","portraits/I047_old.png","f","70","merchant","wool dealer","average","right","silver-grey and white remnants of original copper red","light warm beige with copper freckles","long cylindrical skull and high flat forehead; large close-set blue eyes; tiny upturned button nose; full upper lip and narrow lower lip; cheek dimples at rest; very wide blunt chin; thin fan-shaped ears","good subdued plum fine wool kirtle, visible soft modest fur collar less lavish than gentry, leather purse and decorated belt edge, folded wool sample or account parchment, prosperous practical tailoring","married","slight_smile","white_veil","provenance/raw/I047_old.png","e54b0c39a9c823e354ecc4deb6422213b8c7f32a6b9ff66f6ff3f658af724df0","provenance/references/3d3e8b247d30-I047_old-r1-ref0.png","IDENTITYPRESERVING completeportrait edit. ApplyVISIBLECHANGES first: Age70elderly clearlysilverwhitehair saggingcheeksjowlsneck droopinglids andagespots. At96px mustread65-75 not50. EXPRESSION:VISIBLE subtlewarm SMILE raisedmouthcorners softenedeyes. REPLACE HEADWEAR:softly draped white linen veil with natural folds.  CLOTHING:good subdued plum fine wool kirtle, visible soft modest fur collar less lavish than gentry, leather purse and decorated belt edge, folded wool sample or account parchment, prosperous practical tailoring. Haircolor:silver-grey and white remnants of original copper red. PreserveexactSAMEPERSON skull/nose/eyes/ears/chin:long cylindrical skull and high flat forehead; large close-set blue eyes; tiny upturned button nose; full upper lip and narrow lower lip; cheek dimples at rest; very wide blunt chin; thin fan-shaped ears. Same right direction and average bodytype. Samepainterlyrealism upperleftlight plaingreybrown opaque squarebust. Integratedskinaging notwrinklestickers. Civiliannormalhair belowearbluntbob exceptspecifiedtonsure/bald. MINIVER plainmottledGREYWHITE SQUIRREL fur NO BLACKERMINE SPOTS. Showtargetheadwear evenifdifferentfromoriginal. No mirror/text/grid/newactor.","87122908aa15954708537bc76b2a7e2df38a97808838a521d6f03e742df5a6c1"
"I048","young","I048_young","portraits/I048_young.png","f","24","merchant","independent trader, later widowed merchant","fat","front","black brown","fair peach with sallow undertone","extremely broad cheekbones and short deep lower jaw; high narrow bridge widening into spherical nose tip; small downturned green eyes far apart; thin arched brows; broad asymmetrical full mouth; double chin; compact pointed-top ears","good dusky violet-blue fine wool kirtle, visible soft modest fur collar less lavish than gentry, leather purse and decorated belt edge, folded wool sample or account parchment, prosperous practical tailoring","unmarried","neutral","loose_unmarried","provenance/raw/I048_young.png","1842626779cca05dacc8cff408d092d2e8a74af79b546ec8b92ace36dda0a585","provenance/references/c88d923aca2f-파일럿_36명_통과_기준.jpg","Paint one complete indivisible square bust portrait, Southern England circa1300, same natural hand-painted realism and fine skin/wool brush texture as approved reference sheet. Reference is STYLE and quality ONLY; invent a completely NEW person unlike ANY reference face, never copy skull/eyes/nose. Opaque plain low-saturation grey-brown background, soft upper-left light, eyes40-48%height, comfortable head margin, full upper chest and shoulders to bottomedge. Natural realistic anatomy, no caricature, no photo filter, no black outlines/text/frame. DISTINCT CRANIOFACIAL IDENTITY and body silhouette. Skin tone and bodyfat do not imply wealth, morality or virtue. Draw desired direction from scratch NEVER mirror. Clothing MUST visibly identify circa1300 class: fine saturated but restrained scarlet/deepblue/forestgreen and sizeable miniver/fox fur for gentry, good mutedblue/plum wool and fur for merchant, workaprons/tools for artisan, coarse faded repairedcloth for labour/poor. All costumes painted coherently with face, not layers. Female headwear per subject must be structurally accurate and varied, NOT generic whiteveil every time. Adult male hair with straight or softlywavy blunt bob reaching BELOW EARS circa1300, no modern cropped sides/crewcut (except specified tonsure or bald elder). Expression MUST follow subject, mild lifelike smiling/worry/sharpness where specified. ONE complete natural hand-painted bust of I048, a 24-year-old woman in southern England around 1300, independent trader, later widowed merchant, almost directly FRONT-facing, both cheeks visible with slight natural asymmetry. Permanent unique anatomical identity: extremely broad cheekbones and short deep lower jaw; high narrow bridge widening into spherical nose tip; small downturned green eyes far apart; thin arched brows; broad asymmetrical full mouth; double chin; compact pointed-top ears. Build: clearly fat, full cheeks and jaw flesh, thick neck and broad soft shoulders without caricature. Skin: fair peach with sallow undertone; no complexion or body moral/class symbolism. Hair: black brown. Age: youthful facial tissue and clear eyes, no deep mature wrinkles. Expression: quiet neutral relaxed mouth and alert eyes. Clothing must visibly communicate occupation and class: good dusky violet-blue fine wool kirtle, visible soft modest fur collar less lavish than gentry, leather purse and decorated belt edge, folded wool sample or account parchment, prosperous practical tailoring. Headwear: unmarried loose shoulder-length hair with a simple narrow woven band, no modern styling. Across ages preserve this actual skull, nose, eye spacing, ear shape and chin asymmetry; do not substitute another actor. No modern fade, undercut, crew cut or makeup. Whole person painted together, no layers and no mirroring. Coherent upper-left light, flat muted grey-brown background, bust fills frame, eye line roughly 40–48 percent canvas height. Gentry colors visibly richer than labour cloth, never neon. Distinct realistic individual, no caricature or repeated pilot face. STRICT FRONT VIEW equalcheeks nosecentered eyesdirectlytocamera, NOTthreequarter.","5ea9f67d56f7c1d7ac9adfdf1d325307d8a6b7518c3e97d77252933f271888b7"
"I048","mature","I048_mature","portraits/I048_mature.png","f","45","merchant","independent trader, later widowed merchant","fat","front","black brown with scattered grey strands","fair peach with sallow undertone","extremely broad cheekbones and short deep lower jaw; high narrow bridge widening into spherical nose tip; small downturned green eyes far apart; thin arched brows; broad asymmetrical full mouth; double chin; compact pointed-top ears","good dusky violet-blue fine wool kirtle, visible soft modest fur collar less lavish than gentry, leather purse and decorated belt edge, folded wool sample or account parchment, prosperous practical tailoring","married","neutral","white_veil","provenance/raw/I048_mature.png","0d72337e7154dbfa6827d4e3e2d4a957e77083b751d345068a96c0b60ed040ea","provenance/references/5ea9f67d56f7-I048_mature-r1-ref0.png","IDENTITYPRESERVING completeportrait edit. ApplyVISIBLECHANGES first: Age45middleaged visible crowfeet nasolabialfolds earlygreytemples, notelderly. EXPRESSION:relaxedneutralmouth. REPLACE HEADWEAR:softly draped white linen veil with natural folds.  CLOTHING:good dusky violet-blue fine wool kirtle, visible soft modest fur collar less lavish than gentry, leather purse and decorated belt edge, folded wool sample or account parchment, prosperous practical tailoring. Haircolor:black brown with scattered grey strands. PreserveexactSAMEPERSON skull/nose/eyes/ears/chin:extremely broad cheekbones and short deep lower jaw; high narrow bridge widening into spherical nose tip; small downturned green eyes far apart; thin arched brows; broad asymmetrical full mouth; double chin; compact pointed-top ears. Same front direction and fat bodytype. Samepainterlyrealism upperleftlight plaingreybrown opaque squarebust. Integratedskinaging notwrinklestickers. Civiliannormalhair belowearbluntbob exceptspecifiedtonsure/bald. MINIVER plainmottledGREYWHITE SQUIRREL fur NO BLACKERMINE SPOTS. Showtargetheadwear evenifdifferentfromoriginal. No mirror/text/grid/newactor.","943f072a978afbca82578ee6870e9146c4ab7a706d39653534e980d2b691dcd1"
"I048","old","I048_old","portraits/I048_old.png","f","70","merchant","independent trader, later widowed merchant","fat","front","silver-grey and white remnants of original black brown","fair peach with sallow undertone","extremely broad cheekbones and short deep lower jaw; high narrow bridge widening into spherical nose tip; small downturned green eyes far apart; thin arched brows; broad asymmetrical full mouth; double chin; compact pointed-top ears","good dusky violet-blue fine wool kirtle, visible soft modest fur collar less lavish than gentry, leather purse and decorated belt edge, folded wool sample or account parchment, prosperous practical tailoring","widow","sharp_suspicious","widow_veil","provenance/raw/I048_old.png","17d03a398fd95d7f5a0b787f68692e861385224a9c2eda778103706de3663d86","provenance/references/5ea9f67d56f7-I048_old-r1-ref0.png","IDENTITYPRESERVING completeportrait edit. ApplyVISIBLECHANGES first: Age70elderly clearlysilverwhitehair saggingcheeksjowlsneck droopinglids andagespots. At96px mustread65-75 not50. EXPRESSION:VISIBLE SHARP assessingnarroweyes onebrowraised firmmouth NOTsad. REPLACE HEADWEAR:conservative widow veil in blue-grey or dark brown, not white and not obligatory pure black.  CLOTHING:good dusky violet-blue fine wool kirtle, visible soft modest fur collar less lavish than gentry, leather purse and decorated belt edge, folded wool sample or account parchment, prosperous practical tailoring. Haircolor:silver-grey and white remnants of original black brown. PreserveexactSAMEPERSON skull/nose/eyes/ears/chin:extremely broad cheekbones and short deep lower jaw; high narrow bridge widening into spherical nose tip; small downturned green eyes far apart; thin arched brows; broad asymmetrical full mouth; double chin; compact pointed-top ears. Same front direction and fat bodytype. Samepainterlyrealism upperleftlight plaingreybrown opaque squarebust. Integratedskinaging notwrinklestickers. Civiliannormalhair belowearbluntbob exceptspecifiedtonsure/bald. MINIVER plainmottledGREYWHITE SQUIRREL fur NO BLACKERMINE SPOTS. Showtargetheadwear evenifdifferentfromoriginal. No mirror/text/grid/newactor.","944ea80602bba0b919268637249c3c5083271d9ff5eedb10e7e8322ddb8d7ee3"
"I049","young","I049_young","portraits/I049_young.png","m","24","artisan","blacksmith","average","left","golden brown","light pink ivory with dense freckles","flat-topped rectangular skull; heavy broad brow and close-set brown eyes; short bent nose angled left; very wide lower jaw and small rounded chin; tiny thin mouth with long philtrum; folded-rim protruding ear","faded woad-blue practical wool tunic, prominent worn leather apron, secured or rolled sleeves, work-polished apron, small forging hammer at lower edge, no fur or jewelry","married","neutral","bare_bob","provenance/raw/I049_young.png","37e8b5e648091844246272d86092414d4db6e917a5989752dd39ecc3ce1385cf","","Edit this finished portrait: PRESERVE EXACT same man, facial anatomy, expression, pose, artisan leather apron, hammer, blue tunic, background and painterly style. CHANGE ONLY HAIR LENGTH: replace the modern short haircut with a circa1300 male MEDIEVAL BLUNT BOB. Make side hair visibly hang DOWN PAST BOTH EARLOBES to the angle of the jaw, with full nape hair ending at upperneck. Side locks should overlap outerears and occupy space beside jaw, not cropped aboveear. Soft naturally uneven straight blunt ends, simple forehead fringe, same browncolor. Not long flowing shoulderhair, not modernfade/undercut, not shortcurlcrop. The new BELOWEAR bob must be unmistakable at96px. One complete square opaque portrait, no labels/panels/flip.","c6642989af96120a29719109b2a85e77790fa5756fdd4be90c65c622a4b5ed1d"
"I049","mature","I049_mature","portraits/I049_mature.png","m","45","artisan","blacksmith","average","left","golden brown with scattered grey strands","light pink ivory with dense freckles","flat-topped rectangular skull; heavy broad brow and close-set brown eyes; short bent nose angled left; very wide lower jaw and small rounded chin; tiny thin mouth with long philtrum; folded-rim protruding ear","faded woad-blue practical wool tunic, prominent worn leather apron, secured or rolled sleeves, work-polished apron, small forging hammer at lower edge, no fur or jewelry","married","neutral","hood","provenance/raw/I049_mature.png","131bb664ed7ae6aed74f90eaa8d7f4f7415e3601a9e974e8e7417eb6c7908995","provenance/references/c6642989af96-I049_young.png","IDENTITY-PRESERVING fullportrait edit of attachedoriginal. FIRST apply these VISIBLE CHANGES: Now age45 MIDDLEAGED: visible nasolabialfolds,crowfeet and earlygreytemples, no elderlydeepwrinkles. EXPRESSION: relaxed neutral mouth. REPLACE HEADWEAR with: early period chaperon in simple hood-and-cape form, NOT later turban form; visible natural ear-below bob hair.  TARGET CLOTHES: faded woad-blue practical wool tunic, prominent worn leather apron, secured or rolled sleeves, work-polished apron, small forging hammer at lower edge, no fur or jewelry. Targethaircolor: golden brown with scattered grey strands. Preserve SAME PERSON recognizable boneproportions, nose,eye spacing,earshape,chin andanyasymmetry: flat-topped rectangular skull; heavy broad brow and close-set brown eyes; short bent nose angled left; very wide lower jaw and small rounded chin; tiny thin mouth with long philtrum; folded-rim protruding ear. Keep left-facing orientation, average bodytype, same natural painterlyrealism, upperleftlight andplaingreybrown opaque squarebust framing. Coherent anatomicalaging throughfaceandneck, notwrinklestickers. CIVILIAN malehair must visiblyextendbelowearlobes in medievalbluntbob unless targettonsured/bald. Miniver is softmottledgreywhiteSQUIRRELfur withNOBLACKERMINEspots. Do notcopy originalheadwear iftargetdiffers. No flip, no text/frame/grid, no newactor.","3bf7eb26555099f1d7d3f93cdb12fae68cf1120d1bb8c6aecf458eba52dc3460"
"I049","old","I049_old","portraits/I049_old.png","m","70","artisan","blacksmith","average","left","silver-grey and white remnants of original golden brown","light pink ivory with dense freckles","flat-topped rectangular skull; heavy broad brow and close-set brown eyes; short bent nose angled left; very wide lower jaw and small rounded chin; tiny thin mouth with long philtrum; folded-rim protruding ear","faded woad-blue practical wool tunic, prominent worn leather apron, secured or rolled sleeves, work-polished apron, small forging hammer at lower edge, no fur or jewelry","widowed","tired_worried","bald","provenance/raw/I049_old.png","d5d5d4c1c123a1165133c3f7ab00773eab74fb4fdbe27c026e70a38c74c54d68","provenance/references/c6642989af96-I049_young.png","IDENTITY-PRESERVING fullportrait edit of attachedoriginal. FIRST apply these VISIBLE CHANGES: Now age70 ELDERLY: clearly silverwhitehair ifvisible, sagging cheeks/jaw/neck, thinnertemplevolume, droopingeyelids, irregularagespots. Read65-75 at96px, not merely50. EXPRESSION: visibly WEARY and WORRIED: raised innerbrows, slightlypinchedbrow, tired lowerlids andmouth. REPLACE HEADWEAR with: naturally balding crown with long wispy ear-below side hair.  TARGET CLOTHES: faded woad-blue practical wool tunic, prominent worn leather apron, secured or rolled sleeves, work-polished apron, small forging hammer at lower edge, no fur or jewelry. Targethaircolor: silver-grey and white remnants of original golden brown. Preserve SAME PERSON recognizable boneproportions, nose,eye spacing,earshape,chin andanyasymmetry: flat-topped rectangular skull; heavy broad brow and close-set brown eyes; short bent nose angled left; very wide lower jaw and small rounded chin; tiny thin mouth with long philtrum; folded-rim protruding ear. Keep left-facing orientation, average bodytype, same natural painterlyrealism, upperleftlight andplaingreybrown opaque squarebust framing. Coherent anatomicalaging throughfaceandneck, notwrinklestickers. CIVILIAN malehair must visiblyextendbelowearlobes in medievalbluntbob unless targettonsured/bald. Miniver is softmottledgreywhiteSQUIRRELfur withNOBLACKERMINEspots. Do notcopy originalheadwear iftargetdiffers. No flip, no text/frame/grid, no newactor.","48daf895014edf9063e3682a2efb56e5b4f63a8bbdf5c28d44125c81ef29e77d"
"I050","young","I050_young","portraits/I050_young.png","m","24","artisan","baker","fat","right","dark auburn","fair pale yellow ivory","narrow high forehead above pear-shaped broad cheeks; large wide-set grey eyes; low wide nasal bridge and softly upturned round tip; thick upper lip and small downturned mouth; broad soft chin and thick neck; long narrow earlobes","muted brick-red practical wool tunic, prominent worn leather apron, secured or rolled sleeves, work-polished apron, small baker scraper at lower edge, no fur or jewelry","unmarried","sharp_suspicious","bare_bob","provenance/raw/I050_young.png","102ed6e089f4799ef2a4aff28f937f4c41a5c53961d72a864ab61ef4056770e0","provenance/references/c88d923aca2f-파일럿_36명_통과_기준.jpg","Paint one complete indivisible square bust portrait, Southern England circa1300, same natural hand-painted realism and fine skin/wool brush texture as approved reference sheet. Reference is STYLE and quality ONLY; invent a completely NEW person unlike ANY reference face, never copy skull/eyes/nose. Opaque plain low-saturation grey-brown background, soft upper-left light, eyes40-48%height, comfortable head margin, full upper chest and shoulders to bottomedge. Natural realistic anatomy, no caricature, no photo filter, no black outlines/text/frame. DISTINCT CRANIOFACIAL IDENTITY and body silhouette. Skin tone and bodyfat do not imply wealth, morality or virtue. Draw desired direction from scratch NEVER mirror. Clothing MUST visibly identify circa1300 class: fine saturated but restrained scarlet/deepblue/forestgreen and sizeable miniver/fox fur for gentry, good mutedblue/plum wool and fur for merchant, workaprons/tools for artisan, coarse faded repairedcloth for labour/poor. All costumes painted coherently with face, not layers. Female headwear per subject must be structurally accurate and varied, NOT generic whiteveil every time. Adult male hair with straight or softlywavy blunt bob reaching BELOW EARS circa1300, no modern cropped sides/crewcut (except specified tonsure or bald elder). Expression MUST follow subject, mild lifelike smiling/worry/sharpness where specified. ONE complete natural hand-painted bust of I050, a 24-year-old man in southern England around 1300, baker, genuinely facing image RIGHT in three-quarter view. Permanent unique anatomical identity: narrow high forehead above pear-shaped broad cheeks; large wide-set grey eyes; low wide nasal bridge and softly upturned round tip; thick upper lip and small downturned mouth; broad soft chin and thick neck; long narrow earlobes. Build: clearly fat, full cheeks and jaw flesh, thick neck and broad soft shoulders without caricature. Skin: fair pale yellow ivory; no complexion or body moral/class symbolism. Hair: dark auburn; clean shaven; civilian hair below ears in natural blunt medieval bob unless tonsured or balding. Age: youthful facial tissue and clear eyes, no deep mature wrinkles. Expression: subtly questioning sharp eyes, one raised brow and faintly tightened mouth, not villainous. Clothing must visibly communicate occupation and class: muted brick-red practical wool tunic, prominent worn leather apron, secured or rolled sleeves, work-polished apron, small baker scraper at lower edge, no fur or jewelry. Headwear: bare head with naturally uneven straight or wavy blunt bob below ears, no short sides or fade. Across ages preserve this actual skull, nose, eye spacing, ear shape and chin asymmetry; do not substitute another actor. No modern fade, undercut, crew cut or makeup. Whole person painted together, no layers and no mirroring. Coherent upper-left light, flat muted grey-brown background, bust fills frame, eye line roughly 40–48 percent canvas height. Gentry colors visibly richer than labour cloth, never neon. Distinct realistic individual, no caricature or repeated pilot face.","75615c1fdd075d881976c23499f81bdddacb60749221c8d0da79f7cd4bf91b89"
"I050","mature","I050_mature","portraits/I050_mature.png","m","45","artisan","baker","fat","right","dark auburn with scattered grey strands","fair pale yellow ivory","narrow high forehead above pear-shaped broad cheeks; large wide-set grey eyes; low wide nasal bridge and softly upturned round tip; thick upper lip and small downturned mouth; broad soft chin and thick neck; long narrow earlobes","muted brick-red practical wool tunic, prominent worn leather apron, secured or rolled sleeves, work-polished apron, small baker scraper at lower edge, no fur or jewelry","married","tired_worried","hood","provenance/raw/I050_mature.png","384a80364db1fe811fbf13fdcfb86fbbbe6112a11f000a50e653d2973baf6429","provenance/references/75615c1fdd07-I050_young.png","IDENTITY-PRESERVING fullportrait edit of attachedoriginal. FIRST apply these VISIBLE CHANGES: Now age45 MIDDLEAGED: visible nasolabialfolds,crowfeet and earlygreytemples, no elderlydeepwrinkles. EXPRESSION: visibly WEARY and WORRIED: raised innerbrows, slightlypinchedbrow, tired lowerlids andmouth. REPLACE HEADWEAR with: early period chaperon in simple hood-and-cape form, NOT later turban form; visible natural ear-below bob hair.  TARGET CLOTHES: muted brick-red practical wool tunic, prominent worn leather apron, secured or rolled sleeves, work-polished apron, small baker scraper at lower edge, no fur or jewelry. Targethaircolor: dark auburn with scattered grey strands. Preserve SAME PERSON recognizable boneproportions, nose,eye spacing,earshape,chin andanyasymmetry: narrow high forehead above pear-shaped broad cheeks; large wide-set grey eyes; low wide nasal bridge and softly upturned round tip; thick upper lip and small downturned mouth; broad soft chin and thick neck; long narrow earlobes. Keep right-facing orientation, fat bodytype, same natural painterlyrealism, upperleftlight andplaingreybrown opaque squarebust framing. Coherent anatomicalaging throughfaceandneck, notwrinklestickers. CIVILIAN malehair must visiblyextendbelowearlobes in medievalbluntbob unless targettonsured/bald. Miniver is softmottledgreywhiteSQUIRRELfur withNOBLACKERMINEspots. Do notcopy originalheadwear iftargetdiffers. No flip, no text/frame/grid, no newactor.","8af64fe5453bb4d8cf672a9077ae04bb1621efe654b8d8cfc1e5e15241203502"
"I050","old","I050_old","portraits/I050_old.png","m","70","artisan","baker","fat","right","silver-grey and white remnants of original dark auburn","fair pale yellow ivory","narrow high forehead above pear-shaped broad cheeks; large wide-set grey eyes; low wide nasal bridge and softly upturned round tip; thick upper lip and small downturned mouth; broad soft chin and thick neck; long narrow earlobes","muted brick-red practical wool tunic, prominent worn leather apron, secured or rolled sleeves, work-polished apron, small baker scraper at lower edge, no fur or jewelry","married","neutral","bare_bob","provenance/raw/I050_old.png","a6e8b6fd63a08bd22d94545a31877ed87eed0fcb8a547b3eea9e6409c380b384","provenance/references/75615c1fdd07-I050_young.png","IDENTITY-PRESERVING fullportrait edit of attachedoriginal. FIRST apply these VISIBLE CHANGES: Now age70 ELDERLY: clearly silverwhitehair ifvisible, sagging cheeks/jaw/neck, thinnertemplevolume, droopingeyelids, irregularagespots. Read65-75 at96px, not merely50. EXPRESSION: relaxed neutral mouth. REPLACE HEADWEAR with: bare head with naturally uneven straight or wavy blunt bob below ears, no short sides or fade.  TARGET CLOTHES: muted brick-red practical wool tunic, prominent worn leather apron, secured or rolled sleeves, work-polished apron, small baker scraper at lower edge, no fur or jewelry. Targethaircolor: silver-grey and white remnants of original dark auburn. Preserve SAME PERSON recognizable boneproportions, nose,eye spacing,earshape,chin andanyasymmetry: narrow high forehead above pear-shaped broad cheeks; large wide-set grey eyes; low wide nasal bridge and softly upturned round tip; thick upper lip and small downturned mouth; broad soft chin and thick neck; long narrow earlobes. Keep right-facing orientation, fat bodytype, same natural painterlyrealism, upperleftlight andplaingreybrown opaque squarebust framing. Coherent anatomicalaging throughfaceandneck, notwrinklestickers. CIVILIAN malehair must visiblyextendbelowearlobes in medievalbluntbob unless targettonsured/bald. Miniver is softmottledgreywhiteSQUIRRELfur withNOBLACKERMINEspots. Do notcopy originalheadwear iftargetdiffers. No flip, no text/frame/grid, no newactor.","66157a5335e1e64afc939b6a6bcb4d41c28af6cb7b0134de2d9561d76dee22e9"
"I051","young","I051_young","portraits/I051_young.png","m","24","artisan","joiner","thin","front","black brown","light warm beige with red nose and freckles","very wide butterfly cheekbones; short forehead and long heavy square jaw; short sharply concave nose with raised tip; close-set narrow green eyes; broad full mouth; deeply notched broad chin; low large rounded ears","dull sage practical wool tunic, prominent worn leather apron, secured or rolled sleeves, work-polished apron, small wooden rule at lower edge, no fur or jewelry","married","tired_worried","bare_bob","provenance/raw/I051_young.png","e136b8e9b9216dd747aff32db98ddb9d161b583c93c49cff76594bab4bd67c23","provenance/references/c88d923aca2f-파일럿_36명_통과_기준.jpg","Paint one complete indivisible square bust portrait, Southern England circa1300, same natural hand-painted realism and fine skin/wool brush texture as approved reference sheet. Reference is STYLE and quality ONLY; invent a completely NEW person unlike ANY reference face, never copy skull/eyes/nose. Opaque plain low-saturation grey-brown background, soft upper-left light, eyes40-48%height, comfortable head margin, full upper chest and shoulders to bottomedge. Natural realistic anatomy, no caricature, no photo filter, no black outlines/text/frame. DISTINCT CRANIOFACIAL IDENTITY and body silhouette. Skin tone and bodyfat do not imply wealth, morality or virtue. Draw desired direction from scratch NEVER mirror. Clothing MUST visibly identify circa1300 class: fine saturated but restrained scarlet/deepblue/forestgreen and sizeable miniver/fox fur for gentry, good mutedblue/plum wool and fur for merchant, workaprons/tools for artisan, coarse faded repairedcloth for labour/poor. All costumes painted coherently with face, not layers. Female headwear per subject must be structurally accurate and varied, NOT generic whiteveil every time. Adult male hair with straight or softlywavy blunt bob reaching BELOW EARS circa1300, no modern cropped sides/crewcut (except specified tonsure or bald elder). Expression MUST follow subject, mild lifelike smiling/worry/sharpness where specified. ONE complete natural hand-painted bust of I051, a 24-year-old man in southern England around 1300, joiner, almost directly FRONT-facing, both cheeks visible with slight natural asymmetry. Permanent unique anatomical identity: very wide butterfly cheekbones; short forehead and long heavy square jaw; short sharply concave nose with raised tip; close-set narrow green eyes; broad full mouth; deeply notched broad chin; low large rounded ears. Build: slender neck, narrow bony shoulders and lean tissues; skull may still be broad. Skin: light warm beige with red nose and freckles; no complexion or body moral/class symbolism. Hair: black brown; thin straight moustache; civilian hair below ears in natural blunt medieval bob unless tonsured or balding. Age: youthful facial tissue and clear eyes, no deep mature wrinkles. Expression: restrained fatigue or concern, faintly pinched brows and weary mouth, humane and natural. Clothing must visibly communicate occupation and class: dull sage practical wool tunic, prominent worn leather apron, secured or rolled sleeves, work-polished apron, small wooden rule at lower edge, no fur or jewelry. Headwear: bare head with naturally uneven straight or wavy blunt bob below ears, no short sides or fade. Across ages preserve this actual skull, nose, eye spacing, ear shape and chin asymmetry; do not substitute another actor. No modern fade, undercut, crew cut or makeup. Whole person painted together, no layers and no mirroring. Coherent upper-left light, flat muted grey-brown background, bust fills frame, eye line roughly 40–48 percent canvas height. Gentry colors visibly richer than labour cloth, never neon. Distinct realistic individual, no caricature or repeated pilot face. STRICT FRONT VIEW equalcheeks nosecentered eyesdirectlytocamera, NOTthreequarter.","8ea290039ccef37e5ad8e1847e79aba54c75b0a4a3cc14441fb1c0ee911e8894"
"I051","mature","I051_mature","portraits/I051_mature.png","m","45","artisan","joiner","thin","front","black brown with scattered grey strands","light warm beige with red nose and freckles","very wide butterfly cheekbones; short forehead and long heavy square jaw; short sharply concave nose with raised tip; close-set narrow green eyes; broad full mouth; deeply notched broad chin; low large rounded ears","dull sage practical wool tunic, prominent worn leather apron, secured or rolled sleeves, work-polished apron, small wooden rule at lower edge, no fur or jewelry","married","sharp_suspicious","hood","provenance/raw/I051_mature.png","fa844f8da5be5b22490fe43cdbc5617f4edf9267636bd0281e32fc4e0e416b6a","provenance/references/8ea290039cce-I051_mature-r1-ref0.png","IDENTITYPRESERVING completeportrait edit. ApplyVISIBLECHANGES first: Age45middleaged visible crowfeet nasolabialfolds earlygreytemples, notelderly. EXPRESSION:VISIBLE SHARP assessingnarroweyes onebrowraised firmmouth NOTsad. REPLACE HEADWEAR:early period chaperon in simple hood-and-cape form, NOT later turban form; visible natural ear-below bob hair.  CLOTHING:dull sage practical wool tunic, prominent worn leather apron, secured or rolled sleeves, work-polished apron, small wooden rule at lower edge, no fur or jewelry. Haircolor:black brown with scattered grey strands. PreserveexactSAMEPERSON skull/nose/eyes/ears/chin:very wide butterfly cheekbones; short forehead and long heavy square jaw; short sharply concave nose with raised tip; close-set narrow green eyes; broad full mouth; deeply notched broad chin; low large rounded ears. Same front direction and thin bodytype. Samepainterlyrealism upperleftlight plaingreybrown opaque squarebust. Integratedskinaging notwrinklestickers. Civiliannormalhair belowearbluntbob exceptspecifiedtonsure/bald. MINIVER plainmottledGREYWHITE SQUIRREL fur NO BLACKERMINE SPOTS. Showtargetheadwear evenifdifferentfromoriginal. No mirror/text/grid/newactor.","05fd80df5ad03fd228bc79a55f01d506ad4c618e121fb562a0a829a1c3dc03c5"
"I051","old","I051_old","portraits/I051_old.png","m","70","artisan","joiner","thin","front","silver-grey and white remnants of original black brown","light warm beige with red nose and freckles","very wide butterfly cheekbones; short forehead and long heavy square jaw; short sharply concave nose with raised tip; close-set narrow green eyes; broad full mouth; deeply notched broad chin; low large rounded ears","dull sage practical wool tunic, prominent worn leather apron, secured or rolled sleeves, work-polished apron, small wooden rule at lower edge, no fur or jewelry","married","neutral","bare_bob","provenance/raw/I051_old.png","a5b72a22d5009a49985cea4cd81cef09b5e2406f8bbffaa5fd7dcd860e8a4123","provenance/references/8ea290039cce-I051_old-r1-ref0.png","IDENTITYPRESERVING completeportrait edit. ApplyVISIBLECHANGES first: Age70elderly clearlysilverwhitehair saggingcheeksjowlsneck droopinglids andagespots. At96px mustread65-75 not50. EXPRESSION:relaxedneutralmouth. REPLACE HEADWEAR:bare head with naturally uneven straight or wavy blunt bob below ears, no short sides or fade.  CLOTHING:dull sage practical wool tunic, prominent worn leather apron, secured or rolled sleeves, work-polished apron, small wooden rule at lower edge, no fur or jewelry. Haircolor:silver-grey and white remnants of original black brown. PreserveexactSAMEPERSON skull/nose/eyes/ears/chin:very wide butterfly cheekbones; short forehead and long heavy square jaw; short sharply concave nose with raised tip; close-set narrow green eyes; broad full mouth; deeply notched broad chin; low large rounded ears. Same front direction and thin bodytype. Samepainterlyrealism upperleftlight plaingreybrown opaque squarebust. Integratedskinaging notwrinklestickers. Civiliannormalhair belowearbluntbob exceptspecifiedtonsure/bald. MINIVER plainmottledGREYWHITE SQUIRREL fur NO BLACKERMINE SPOTS. Showtargetheadwear evenifdifferentfromoriginal. No mirror/text/grid/newactor.","3a1369adbd8956d4d6c025026a4a6ed49826f303f40df47cfb4f3611c5f59784"
"I052","young","I052_young","portraits/I052_young.png","f","24","artisan","weaver","fat","left","ash brown","fair cool cream with rosy cheeks","high rectangular forehead; small widely spaced hazel eyes with lowered outer corners; narrow long nose with broad flat tip; full cheeks but strongly square jaw corners; long thin upper lip and small lower lip; broad cleft chin; protruding ears","faded woad-blue practical wool kirtle, prominent worn leather apron, secured or rolled sleeves, work-polished apron, small thread spool at lower edge, no fur or jewelry","unmarried","neutral","coif","provenance/raw/I052_young.png","ed7c6069542f6b8ff58067d801d27f332ec13d146170fa26ca2926c60bef3ee6","provenance/references/c88d923aca2f-파일럿_36명_통과_기준.jpg","Paint one complete indivisible square bust portrait, Southern England circa1300, same natural hand-painted realism and fine skin/wool brush texture as approved reference sheet. Reference is STYLE and quality ONLY; invent a completely NEW person unlike ANY reference face, never copy skull/eyes/nose. Opaque plain low-saturation grey-brown background, soft upper-left light, eyes40-48%height, comfortable head margin, full upper chest and shoulders to bottomedge. Natural realistic anatomy, no caricature, no photo filter, no black outlines/text/frame. DISTINCT CRANIOFACIAL IDENTITY and body silhouette. Skin tone and bodyfat do not imply wealth, morality or virtue. Draw desired direction from scratch NEVER mirror. Clothing MUST visibly identify circa1300 class: fine saturated but restrained scarlet/deepblue/forestgreen and sizeable miniver/fox fur for gentry, good mutedblue/plum wool and fur for merchant, workaprons/tools for artisan, coarse faded repairedcloth for labour/poor. All costumes painted coherently with face, not layers. Female headwear per subject must be structurally accurate and varied, NOT generic whiteveil every time. Adult male hair with straight or softlywavy blunt bob reaching BELOW EARS circa1300, no modern cropped sides/crewcut (except specified tonsure or bald elder). Expression MUST follow subject, mild lifelike smiling/worry/sharpness where specified. ONE complete natural hand-painted bust of I052, a 24-year-old woman in southern England around 1300, weaver, genuinely facing image LEFT in three-quarter view. Permanent unique anatomical identity: high rectangular forehead; small widely spaced hazel eyes with lowered outer corners; narrow long nose with broad flat tip; full cheeks but strongly square jaw corners; long thin upper lip and small lower lip; broad cleft chin; protruding ears. Build: clearly fat, full cheeks and jaw flesh, thick neck and broad soft shoulders without caricature. Skin: fair cool cream with rosy cheeks; no complexion or body moral/class symbolism. Hair: ash brown. Age: youthful facial tissue and clear eyes, no deep mature wrinkles. Expression: quiet neutral relaxed mouth and alert eyes. Clothing must visibly communicate occupation and class: faded woad-blue practical wool kirtle, prominent worn leather apron, secured or rolled sleeves, work-polished apron, small thread spool at lower edge, no fur or jewelry. Headwear: close cream linen coif neatly tied. Across ages preserve this actual skull, nose, eye spacing, ear shape and chin asymmetry; do not substitute another actor. No modern fade, undercut, crew cut or makeup. Whole person painted together, no layers and no mirroring. Coherent upper-left light, flat muted grey-brown background, bust fills frame, eye line roughly 40–48 percent canvas height. Gentry colors visibly richer than labour cloth, never neon. Distinct realistic individual, no caricature or repeated pilot face.","bb503401913dea946ef19e255565fd7fd7e02d570097ca552fb3630be9512ec6"
"I052","mature","I052_mature","portraits/I052_mature.png","f","45","artisan","weaver","fat","left","ash brown with scattered grey strands","fair cool cream with rosy cheeks","high rectangular forehead; small widely spaced hazel eyes with lowered outer corners; narrow long nose with broad flat tip; full cheeks but strongly square jaw corners; long thin upper lip and small lower lip; broad cleft chin; protruding ears","faded woad-blue practical wool kirtle, prominent worn leather apron, secured or rolled sleeves, work-polished apron, small thread spool at lower edge, no fur or jewelry","married","tired_worried","colored_headscarf","provenance/raw/I052_mature.png","4184dd6f61f309fd7c486258903017b0800799e2da00c61b416665f9b75eb92b","provenance/references/bb503401913d-I052_young.png","IDENTITY-PRESERVING fullportrait edit of attachedoriginal. FIRST apply these VISIBLE CHANGES: Now age45 MIDDLEAGED: visible nasolabialfolds,crowfeet and earlygreytemples, no elderlydeepwrinkles. EXPRESSION: visibly WEARY and WORRIED: raised innerbrows, slightlypinchedbrow, tired lowerlids andmouth. REPLACE HEADWEAR with: visibly colored muted ochre or woad-blue headscarf tied behind crown, NOT white veil.  TARGET CLOTHES: faded woad-blue practical wool kirtle, prominent worn leather apron, secured or rolled sleeves, work-polished apron, small thread spool at lower edge, no fur or jewelry. Targethaircolor: ash brown with scattered grey strands. Preserve SAME PERSON recognizable boneproportions, nose,eye spacing,earshape,chin andanyasymmetry: high rectangular forehead; small widely spaced hazel eyes with lowered outer corners; narrow long nose with broad flat tip; full cheeks but strongly square jaw corners; long thin upper lip and small lower lip; broad cleft chin; protruding ears. Keep left-facing orientation, fat bodytype, same natural painterlyrealism, upperleftlight andplaingreybrown opaque squarebust framing. Coherent anatomicalaging throughfaceandneck, notwrinklestickers. CIVILIAN malehair must visiblyextendbelowearlobes in medievalbluntbob unless targettonsured/bald. Miniver is softmottledgreywhiteSQUIRRELfur withNOBLACKERMINEspots. Do notcopy originalheadwear iftargetdiffers. No flip, no text/frame/grid, no newactor.","22f20b513c0995df2c495a634056e4308589b1f6f97abfe500a2fa51b9ee6584"
"I052","old","I052_old","portraits/I052_old.png","f","70","artisan","weaver","fat","left","silver-grey and white remnants of original ash brown","fair cool cream with rosy cheeks","high rectangular forehead; small widely spaced hazel eyes with lowered outer corners; narrow long nose with broad flat tip; full cheeks but strongly square jaw corners; long thin upper lip and small lower lip; broad cleft chin; protruding ears","faded woad-blue practical wool kirtle, prominent worn leather apron, secured or rolled sleeves, work-polished apron, small thread spool at lower edge, no fur or jewelry","married","neutral","hood","provenance/raw/I052_old.png","b22cb546d9985b2ec2426ef5314e7a929c3bdd952e53891ce781ec45a4d74838","provenance/references/bb503401913d-I052_young.png","IDENTITY-PRESERVING fullportrait edit of attachedoriginal. FIRST apply these VISIBLE CHANGES: Now age70 ELDERLY: clearly silverwhitehair ifvisible, sagging cheeks/jaw/neck, thinnertemplevolume, droopingeyelids, irregularagespots. Read65-75 at96px, not merely50. EXPRESSION: relaxed neutral mouth. REPLACE HEADWEAR with: period fitted wool hood with open face and draped shoulder cape.  TARGET CLOTHES: faded woad-blue practical wool kirtle, prominent worn leather apron, secured or rolled sleeves, work-polished apron, small thread spool at lower edge, no fur or jewelry. Targethaircolor: silver-grey and white remnants of original ash brown. Preserve SAME PERSON recognizable boneproportions, nose,eye spacing,earshape,chin andanyasymmetry: high rectangular forehead; small widely spaced hazel eyes with lowered outer corners; narrow long nose with broad flat tip; full cheeks but strongly square jaw corners; long thin upper lip and small lower lip; broad cleft chin; protruding ears. Keep left-facing orientation, fat bodytype, same natural painterlyrealism, upperleftlight andplaingreybrown opaque squarebust framing. Coherent anatomicalaging throughfaceandneck, notwrinklestickers. CIVILIAN malehair must visiblyextendbelowearlobes in medievalbluntbob unless targettonsured/bald. Miniver is softmottledgreywhiteSQUIRRELfur withNOBLACKERMINEspots. Do notcopy originalheadwear iftargetdiffers. No flip, no text/frame/grid, no newactor.","fe2c9aee2061b1b5795f483cc2ec31fce1161dae8b90afbf4644f5b2bd580720"
"I053","young","I053_young","portraits/I053_young.png","f","24","artisan","baker and retail seller","thin","right","red brown","light peach ivory with olive cast","short broad skull; heavy low straight brows over large grey eyes; short broad nose with flat square end; wide full lips and sharp cupid bow; very long slender lower jaw ending in small blunt chin; small high ears","muted brick-red practical wool kirtle, prominent worn leather apron, secured or rolled sleeves, work-polished apron, small baker scraper at lower edge, no fur or jewelry","married","slight_smile","straw_hat","provenance/raw/I053_young.png","fb32199e97b04799fa1773b7bcff71956f9642022a09c579b6e55d06c024bb41","provenance/references/c88d923aca2f-파일럿_36명_통과_기준.jpg","Paint one complete indivisible square bust portrait, Southern England circa1300, same natural hand-painted realism and fine skin/wool brush texture as approved reference sheet. Reference is STYLE and quality ONLY; invent a completely NEW person unlike ANY reference face, never copy skull/eyes/nose. Opaque plain low-saturation grey-brown background, soft upper-left light, eyes40-48%height, comfortable head margin, full upper chest and shoulders to bottomedge. Natural realistic anatomy, no caricature, no photo filter, no black outlines/text/frame. DISTINCT CRANIOFACIAL IDENTITY and body silhouette. Skin tone and bodyfat do not imply wealth, morality or virtue. Draw desired direction from scratch NEVER mirror. Clothing MUST visibly identify circa1300 class: fine saturated but restrained scarlet/deepblue/forestgreen and sizeable miniver/fox fur for gentry, good mutedblue/plum wool and fur for merchant, workaprons/tools for artisan, coarse faded repairedcloth for labour/poor. All costumes painted coherently with face, not layers. Female headwear per subject must be structurally accurate and varied, NOT generic whiteveil every time. Adult male hair with straight or softlywavy blunt bob reaching BELOW EARS circa1300, no modern cropped sides/crewcut (except specified tonsure or bald elder). Expression MUST follow subject, mild lifelike smiling/worry/sharpness where specified. ONE complete natural hand-painted bust of I053, a 24-year-old woman in southern England around 1300, baker and retail seller, genuinely facing image RIGHT in three-quarter view. Permanent unique anatomical identity: short broad skull; heavy low straight brows over large grey eyes; short broad nose with flat square end; wide full lips and sharp cupid bow; very long slender lower jaw ending in small blunt chin; small high ears. Build: slender neck, narrow bony shoulders and lean tissues; skull may still be broad. Skin: light peach ivory with olive cast; no complexion or body moral/class symbolism. Hair: red brown. Age: youthful facial tissue and clear eyes, no deep mature wrinkles. Expression: subtle closed-mouth half-smile with gently lifted corners and softened eyes, no broad grin. Clothing must visibly communicate occupation and class: muted brick-red practical wool kirtle, prominent worn leather apron, secured or rolled sleeves, work-polished apron, small baker scraper at lower edge, no fur or jewelry. Headwear: natural woven straw modest broad-brim hat over secured hair, face unobstructed. Across ages preserve this actual skull, nose, eye spacing, ear shape and chin asymmetry; do not substitute another actor. No modern fade, undercut, crew cut or makeup. Whole person painted together, no layers and no mirroring. Coherent upper-left light, flat muted grey-brown background, bust fills frame, eye line roughly 40–48 percent canvas height. Gentry colors visibly richer than labour cloth, never neon. Distinct realistic individual, no caricature or repeated pilot face.","ffb952af59988ea17068c394435daeb7ebc8d723e2131b8e0dcfa0ecc8b3b710"
"I053","mature","I053_mature","portraits/I053_mature.png","f","45","artisan","baker and retail seller","thin","right","red brown with scattered grey strands","light peach ivory with olive cast","short broad skull; heavy low straight brows over large grey eyes; short broad nose with flat square end; wide full lips and sharp cupid bow; very long slender lower jaw ending in small blunt chin; small high ears","muted brick-red practical wool kirtle, prominent worn leather apron, secured or rolled sleeves, work-polished apron, small baker scraper at lower edge, no fur or jewelry","married","tired_worried","coif","provenance/raw/I053_mature.png","48b6302a28af9fd7139c56ecd00017a6907a6b841b8b4ba09c66619eb79c5322","provenance/references/ffb952af5998-I053_young.png","IDENTITY-PRESERVING fullportrait edit of attachedoriginal. FIRST apply these VISIBLE CHANGES: Now age45 MIDDLEAGED: visible nasolabialfolds,crowfeet and earlygreytemples, no elderlydeepwrinkles. EXPRESSION: visibly WEARY and WORRIED: raised innerbrows, slightlypinchedbrow, tired lowerlids andmouth. REPLACE HEADWEAR with: close cream linen coif neatly tied.  TARGET CLOTHES: muted brick-red practical wool kirtle, prominent worn leather apron, secured or rolled sleeves, work-polished apron, small baker scraper at lower edge, no fur or jewelry. Targethaircolor: red brown with scattered grey strands. Preserve SAME PERSON recognizable boneproportions, nose,eye spacing,earshape,chin andanyasymmetry: short broad skull; heavy low straight brows over large grey eyes; short broad nose with flat square end; wide full lips and sharp cupid bow; very long slender lower jaw ending in small blunt chin; small high ears. Keep right-facing orientation, thin bodytype, same natural painterlyrealism, upperleftlight andplaingreybrown opaque squarebust framing. Coherent anatomicalaging throughfaceandneck, notwrinklestickers. CIVILIAN malehair must visiblyextendbelowearlobes in medievalbluntbob unless targettonsured/bald. Miniver is softmottledgreywhiteSQUIRRELfur withNOBLACKERMINEspots. Do notcopy originalheadwear iftargetdiffers. No flip, no text/frame/grid, no newactor.","c905e51dc15700d141109d42b919bec1db1b76e223bf1c7f40538a1576359052"
"I053","old","I053_old","portraits/I053_old.png","f","70","artisan","baker and retail seller","thin","right","silver-grey and white remnants of original red brown","light peach ivory with olive cast","short broad skull; heavy low straight brows over large grey eyes; short broad nose with flat square end; wide full lips and sharp cupid bow; very long slender lower jaw ending in small blunt chin; small high ears","muted brick-red practical wool kirtle, prominent worn leather apron, secured or rolled sleeves, work-polished apron, small baker scraper at lower edge, no fur or jewelry","widow","neutral","widow_veil","provenance/raw/I053_old.png","501af61df92432d0ecff2728cefba5fffa12e4965ac051e799ec7b27fd5a2706","provenance/references/ffb952af5998-I053_young.png","IDENTITY-PRESERVING fullportrait edit of attachedoriginal. FIRST apply these VISIBLE CHANGES: Now age70 ELDERLY: clearly silverwhitehair ifvisible, sagging cheeks/jaw/neck, thinnertemplevolume, droopingeyelids, irregularagespots. Read65-75 at96px, not merely50. EXPRESSION: relaxed neutral mouth. REPLACE HEADWEAR with: conservative widow veil in blue-grey or dark brown, not white and not obligatory pure black.  TARGET CLOTHES: muted brick-red practical wool kirtle, prominent worn leather apron, secured or rolled sleeves, work-polished apron, small baker scraper at lower edge, no fur or jewelry. Targethaircolor: silver-grey and white remnants of original red brown. Preserve SAME PERSON recognizable boneproportions, nose,eye spacing,earshape,chin andanyasymmetry: short broad skull; heavy low straight brows over large grey eyes; short broad nose with flat square end; wide full lips and sharp cupid bow; very long slender lower jaw ending in small blunt chin; small high ears. Keep right-facing orientation, thin bodytype, same natural painterlyrealism, upperleftlight andplaingreybrown opaque squarebust framing. Coherent anatomicalaging throughfaceandneck, notwrinklestickers. CIVILIAN malehair must visiblyextendbelowearlobes in medievalbluntbob unless targettonsured/bald. Miniver is softmottledgreywhiteSQUIRRELfur withNOBLACKERMINEspots. Do notcopy originalheadwear iftargetdiffers. No flip, no text/frame/grid, no newactor.","7b4cefa42573b1897f20f32f4a8dc0391a86537f75c74ea1989258529971cc03"
"I054","young","I054_young","portraits/I054_young.png","m","24","labour","field labourer","thin","front","light flaxen brown","fair cool ivory with copper freckles","tall narrow forehead over very wide cheekbones; long bony nose bending outward then upward at tip; wide-set hooded dark eyes; nearly invisible upper lip and thick lower lip; jutting rounded chin; huge softly folded ears","coarse faded moss-grey wool tunic over rough hemp-linen, clearly mended patches and rubbed seams, coarse simple apron or shoulder cloth, plain wooden tool handle at lower edge, no rich trim","unmarried","neutral","bare_bob","provenance/raw/I054_young.png","b6df9da9b1e08ee58484349049d0c9abe0492d4241f79193379e2de7a081cbc7","provenance/references/021d5a7813b4-I054_young-before-r2.png","Edit ONLY HAIR of this historicalportrait. Keepexactly sameperson facefeatures/age/expression/pose/garment/colors. Replace shortshaggy modernhair with authenticcirca1300 BLUNT BOB. Thick side locks extend CLEARLY BELOW BOTH EARLOBES TO JAWANGLE, partlycoverouterears, roundedcontinuousbobsilhouette and longer napeendingatupperneck. Samehaircolor, simpleunevenfringe; NO croppedsidehair, nofade/undercut, notmullet. Soft natural hair and natural handpainting, notwig. Sameflatbackground/crop/upperleftlight, no text/panels/flip.","d4eb231f952b4a78f700e7da4617b56db0c3607f53d6d48956acdce00b1c23e6"
"I054","mature","I054_mature","portraits/I054_mature.png","m","45","labour","field labourer","thin","front","light flaxen brown with scattered grey strands","fair cool ivory with copper freckles","tall narrow forehead over very wide cheekbones; long bony nose bending outward then upward at tip; wide-set hooded dark eyes; nearly invisible upper lip and thick lower lip; jutting rounded chin; huge softly folded ears","coarse faded moss-grey wool tunic over rough hemp-linen, clearly mended patches and rubbed seams, coarse simple apron or shoulder cloth, plain wooden tool handle at lower edge, no rich trim","married","neutral","hood","provenance/raw/I054_mature.png","759fe2a0186bb26491e23d7d31579b314bb76732740c4d9cee8d05fcfac0549d","provenance/references/d4eb231f952b-I054_young.png","IDENTITY-PRESERVING fullportrait edit of attachedoriginal. FIRST apply these VISIBLE CHANGES: Now age45 MIDDLEAGED: visible nasolabialfolds,crowfeet and earlygreytemples, no elderlydeepwrinkles. EXPRESSION: relaxed neutral mouth. REPLACE HEADWEAR with: early period chaperon in simple hood-and-cape form, NOT later turban form; visible natural ear-below bob hair.  TARGET CLOTHES: coarse faded moss-grey wool tunic over rough hemp-linen, clearly mended patches and rubbed seams, coarse simple apron or shoulder cloth, plain wooden tool handle at lower edge, no rich trim. Targethaircolor: light flaxen brown with scattered grey strands. Preserve SAME PERSON recognizable boneproportions, nose,eye spacing,earshape,chin andanyasymmetry: tall narrow forehead over very wide cheekbones; long bony nose bending outward then upward at tip; wide-set hooded dark eyes; nearly invisible upper lip and thick lower lip; jutting rounded chin; huge softly folded ears. Keep front-facing orientation, thin bodytype, same natural painterlyrealism, upperleftlight andplaingreybrown opaque squarebust framing. Coherent anatomicalaging throughfaceandneck, notwrinklestickers. CIVILIAN malehair must visiblyextendbelowearlobes in medievalbluntbob unless targettonsured/bald. Miniver is softmottledgreywhiteSQUIRRELfur withNOBLACKERMINEspots. Do notcopy originalheadwear iftargetdiffers. No flip, no text/frame/grid, no newactor.","6de0e43058ceef8b4ddff3fc81a73434865be0eb6df4f36b3a4b193fc95b9b1d"
"I054","old","I054_old","portraits/I054_old.png","m","70","labour","field labourer","thin","front","silver-grey and white remnants of original light flaxen brown","fair cool ivory with copper freckles","tall narrow forehead over very wide cheekbones; long bony nose bending outward then upward at tip; wide-set hooded dark eyes; nearly invisible upper lip and thick lower lip; jutting rounded chin; huge softly folded ears","coarse faded moss-grey wool tunic over rough hemp-linen, clearly mended patches and rubbed seams, coarse simple apron or shoulder cloth, plain wooden tool handle at lower edge, no rich trim","married","neutral","bare_bob","provenance/raw/I054_old.png","5d6757a7588ef191d2c122808c18aa7a0d62c6564e01852cf59f4b2c9f92be8d","provenance/references/d4eb231f952b-I054_young.png","IDENTITY-PRESERVING fullportrait edit of attachedoriginal. FIRST apply these VISIBLE CHANGES: Now age70 ELDERLY: clearly silverwhitehair ifvisible, sagging cheeks/jaw/neck, thinnertemplevolume, droopingeyelids, irregularagespots. Read65-75 at96px, not merely50. EXPRESSION: relaxed neutral mouth. REPLACE HEADWEAR with: bare head with naturally uneven straight or wavy blunt bob below ears, no short sides or fade.  TARGET CLOTHES: coarse faded moss-grey wool tunic over rough hemp-linen, clearly mended patches and rubbed seams, coarse simple apron or shoulder cloth, plain wooden tool handle at lower edge, no rich trim. Targethaircolor: silver-grey and white remnants of original light flaxen brown. Preserve SAME PERSON recognizable boneproportions, nose,eye spacing,earshape,chin andanyasymmetry: tall narrow forehead over very wide cheekbones; long bony nose bending outward then upward at tip; wide-set hooded dark eyes; nearly invisible upper lip and thick lower lip; jutting rounded chin; huge softly folded ears. Keep front-facing orientation, thin bodytype, same natural painterlyrealism, upperleftlight andplaingreybrown opaque squarebust framing. Coherent anatomicalaging throughfaceandneck, notwrinklestickers. CIVILIAN malehair must visiblyextendbelowearlobes in medievalbluntbob unless targettonsured/bald. Miniver is softmottledgreywhiteSQUIRRELfur withNOBLACKERMINEspots. Do notcopy originalheadwear iftargetdiffers. No flip, no text/frame/grid, no newactor.","37b80fc97c684c0321cff750f7755618fc9d64d5729ec965b99d2f8518aece16"
"I055","young","I055_young","portraits/I055_young.png","m","24","labour","carter","fat","left","black brown","light warm peach with red cheeks","short oblong skull; broad straight brows and large close grey eyes; broad short hooked nose; narrow pursed mouth; extremely broad heavy jaw and small cleft chin; full neck; tiny low ears","coarse faded woad-blue wool tunic over rough hemp-linen, clearly mended patches and rubbed seams, coarse simple apron or shoulder cloth, plain wooden tool handle at lower edge, no rich trim","married","slight_smile","bare_bob","provenance/raw/I055_young.png","d031cd3b43fccef4413aa62990eacf4a6b8919050a98bc72c3e97de135196536","provenance/references/b41a2e1df88b-I055_young-before-r2.png","Edit ONLY HAIR of this historicalportrait. Keepexactly sameperson facefeatures/age/expression/pose/garment/colors. Replace shortshaggy modernhair with authenticcirca1300 BLUNT BOB. Thick side locks extend CLEARLY BELOW BOTH EARLOBES TO JAWANGLE, partlycoverouterears, roundedcontinuousbobsilhouette and longer napeendingatupperneck. Samehaircolor, simpleunevenfringe; NO croppedsidehair, nofade/undercut, notmullet. Soft natural hair and natural handpainting, notwig. Sameflatbackground/crop/upperleftlight, no text/panels/flip.","6c0e20a71dcb8c68a0901704d1df348dd70cb70227882bc86222e72bff0dec6b"
"I055","mature","I055_mature","portraits/I055_mature.png","m","45","labour","carter","fat","left","black brown with scattered grey strands","light warm peach with red cheeks","short oblong skull; broad straight brows and large close grey eyes; broad short hooked nose; narrow pursed mouth; extremely broad heavy jaw and small cleft chin; full neck; tiny low ears","coarse faded woad-blue wool tunic over rough hemp-linen, clearly mended patches and rubbed seams, coarse simple apron or shoulder cloth, plain wooden tool handle at lower edge, no rich trim","married","neutral","hood","provenance/raw/I055_mature.png","2c45f8892cdc8e674a42138c2db2c5e2a21e34089769fb05fe3a5c889fd06667","provenance/references/6c0e20a71dcb-I055_mature-r1-ref0.png","IDENTITY-PRESERVE completeportrait edit. ApplytargetchangesFIRST: Now45middleaged withmoderatecrowfeet/forehead/nasolabialfolds, subtlegreytemples. Notelderly. EXPRESSION:neutralrelaxedmouth. REPLACE HEADWEAR:early period chaperon in simple hood-and-cape form, NOT later turban form; visible natural ear-below bob hair. . TARGETCLOTHING:coarse faded woad-blue wool tunic over rough hemp-linen, clearly mended patches and rubbed seams, coarse simple apron or shoulder cloth, plain wooden tool handle at lower edge, no rich trim. HAIRCOLOR:black brown with scattered grey strands. PreserveEXACT SAMEPERSON recognizable skull/nose/eye spacing/earshape/chin:short oblong skull; broad straight brows and large close grey eyes; broad short hooked nose; narrow pursed mouth; extremely broad heavy jaw and small cleft chin; full neck; tiny low ears. Keepleftorientation andfatbodytype, samehandpaintednaturalrealism, flatgreybrownbackground upperleftlight squarebustcrop. Anatomicalaging integrated throughfaceandneck, notdrawnwrinklemask. Adultmalehair continuousBLUNT BOB BELOW EARLOBES atjawangle unlessbald/tonsured. Miniver is softgreywhiteSQUIRREL noBLACKERMINEspots. Actuallydrawtargetheadwearnotoriginal ifdifferent. No mirror, text, panels, newactor.","7461e91fde12f8e8d45d8c0e24b5482ac4901f01460e464cc5bbbe931ca64b8a"
"I055","old","I055_old","portraits/I055_old.png","m","70","labour","carter","fat","left","silver-grey and white remnants of original black brown","light warm peach with red cheeks","short oblong skull; broad straight brows and large close grey eyes; broad short hooked nose; narrow pursed mouth; extremely broad heavy jaw and small cleft chin; full neck; tiny low ears","coarse faded woad-blue wool tunic over rough hemp-linen, clearly mended patches and rubbed seams, coarse simple apron or shoulder cloth, plain wooden tool handle at lower edge, no rich trim","married","slight_smile","bare_bob","provenance/raw/I055_old.png","ff8b30f33c5b0dd9cda2fb92b5246346cb7fa6fb208cda8191eab36cc4e223ff","provenance/references/6c0e20a71dcb-I055_old-r1-ref0.png","IDENTITY-PRESERVE completeportrait edit. ApplytargetchangesFIRST: Now70 clearlyELDERLY: whitegreyhair ifvisible, droopinglids/saggingjowls/loose neckskin/age spots. Read65-75at96px. EXPRESSION:VISIBLE subtlewarmSMILE raisedmouthcorners softenedeyes. REPLACE HEADWEAR:bare head with naturally uneven straight or wavy blunt bob below ears, no short sides or fade. . TARGETCLOTHING:coarse faded woad-blue wool tunic over rough hemp-linen, clearly mended patches and rubbed seams, coarse simple apron or shoulder cloth, plain wooden tool handle at lower edge, no rich trim. HAIRCOLOR:silver-grey and white remnants of original black brown. PreserveEXACT SAMEPERSON recognizable skull/nose/eye spacing/earshape/chin:short oblong skull; broad straight brows and large close grey eyes; broad short hooked nose; narrow pursed mouth; extremely broad heavy jaw and small cleft chin; full neck; tiny low ears. Keepleftorientation andfatbodytype, samehandpaintednaturalrealism, flatgreybrownbackground upperleftlight squarebustcrop. Anatomicalaging integrated throughfaceandneck, notdrawnwrinklemask. Adultmalehair continuousBLUNT BOB BELOW EARLOBES atjawangle unlessbald/tonsured. Miniver is softgreywhiteSQUIRREL noBLACKERMINEspots. Actuallydrawtargetheadwearnotoriginal ifdifferent. No mirror, text, panels, newactor.","b2228c50dcb8ad08eef8bc5eda6b40ad94032e8d42c655c264d61a7210461846"
"I056","young","I056_young","portraits/I056_young.png","m","24","labour","orchard worker","average","right","copper red","light creamy beige with yellow undertone","high broad forehead and narrow long face; short saddle nose with very broad flat tip; small wide-set upward-tilted green eyes; uneven long upper lip; pointed projecting chin; narrow ears flaring only at top","coarse faded madder brown-red wool tunic over rough hemp-linen, clearly mended patches and rubbed seams, coarse simple apron or shoulder cloth, plain wooden tool handle at lower edge, no rich trim","unmarried","neutral","bare_bob","provenance/raw/I056_young.png","3320c75973e3b3d958e21488e9e03397a7d34c0284fb098f7fec751fd56d05b2","provenance/references/f1b315865fa2-I056_young-before-r2.png","Edit ONLY HAIR of this historicalportrait. Keepexactly sameperson facefeatures/age/expression/pose/garment/colors. Replace shortshaggy modernhair with authenticcirca1300 BLUNT BOB. Thick side locks extend CLEARLY BELOW BOTH EARLOBES TO JAWANGLE, partlycoverouterears, roundedcontinuousbobsilhouette and longer napeendingatupperneck. Samehaircolor, simpleunevenfringe; NO croppedsidehair, nofade/undercut, notmullet. Soft natural hair and natural handpainting, notwig. Sameflatbackground/crop/upperleftlight, no text/panels/flip.","2bf9fb9e6e241d8b3f9a8d0eae4040caf76e6481c72215b720eff7de93c71846"
"I056","mature","I056_mature","portraits/I056_mature.png","m","45","labour","orchard worker","average","right","copper red with scattered grey strands","light creamy beige with yellow undertone","high broad forehead and narrow long face; short saddle nose with very broad flat tip; small wide-set upward-tilted green eyes; uneven long upper lip; pointed projecting chin; narrow ears flaring only at top","coarse faded madder brown-red wool tunic over rough hemp-linen, clearly mended patches and rubbed seams, coarse simple apron or shoulder cloth, plain wooden tool handle at lower edge, no rich trim","married","slight_smile","hood","provenance/raw/I056_mature.png","69c33f1286811333be35fe073de7c1d94f61ff2b376cd20f3cf2a5a1f173d4d4","provenance/references/2bf9fb9e6e24-I056_mature-r1-ref0.png","IDENTITY-PRESERVE completeportrait edit. ApplytargetchangesFIRST: Now45middleaged withmoderatecrowfeet/forehead/nasolabialfolds, subtlegreytemples. Notelderly. EXPRESSION:VISIBLE subtlewarmSMILE raisedmouthcorners softenedeyes. REPLACE HEADWEAR:early period chaperon in simple hood-and-cape form, NOT later turban form; visible natural ear-below bob hair. . TARGETCLOTHING:coarse faded madder brown-red wool tunic over rough hemp-linen, clearly mended patches and rubbed seams, coarse simple apron or shoulder cloth, plain wooden tool handle at lower edge, no rich trim. HAIRCOLOR:copper red with scattered grey strands. PreserveEXACT SAMEPERSON recognizable skull/nose/eye spacing/earshape/chin:high broad forehead and narrow long face; short saddle nose with very broad flat tip; small wide-set upward-tilted green eyes; uneven long upper lip; pointed projecting chin; narrow ears flaring only at top. Keeprightorientation andaveragebodytype, samehandpaintednaturalrealism, flatgreybrownbackground upperleftlight squarebustcrop. Anatomicalaging integrated throughfaceandneck, notdrawnwrinklemask. Adultmalehair continuousBLUNT BOB BELOW EARLOBES atjawangle unlessbald/tonsured. Miniver is softgreywhiteSQUIRREL noBLACKERMINEspots. Actuallydrawtargetheadwearnotoriginal ifdifferent. No mirror, text, panels, newactor.","61b60f093df3cc4564192731abcb9cac954dd33342934a2a3376a14c4bf8152b"
"I056","old","I056_old","portraits/I056_old.png","m","70","labour","orchard worker","average","right","silver-grey and white remnants of original copper red","light creamy beige with yellow undertone","high broad forehead and narrow long face; short saddle nose with very broad flat tip; small wide-set upward-tilted green eyes; uneven long upper lip; pointed projecting chin; narrow ears flaring only at top","coarse faded madder brown-red wool tunic over rough hemp-linen, clearly mended patches and rubbed seams, coarse simple apron or shoulder cloth, plain wooden tool handle at lower edge, no rich trim","married","slight_smile","bare_bob","provenance/raw/I056_old.png","c3dd0765ae8cc3bfa0c9c52f08ae0e7df60f4442b54f2cfe00e5b22c2a654cc0","provenance/references/2bf9fb9e6e24-I056_old-r1-ref0.png","IDENTITY-PRESERVE completeportrait edit. ApplytargetchangesFIRST: Now70 clearlyELDERLY: whitegreyhair ifvisible, droopinglids/saggingjowls/loose neckskin/age spots. Read65-75at96px. EXPRESSION:VISIBLE subtlewarmSMILE raisedmouthcorners softenedeyes. REPLACE HEADWEAR:bare head with naturally uneven straight or wavy blunt bob below ears, no short sides or fade. . TARGETCLOTHING:coarse faded madder brown-red wool tunic over rough hemp-linen, clearly mended patches and rubbed seams, coarse simple apron or shoulder cloth, plain wooden tool handle at lower edge, no rich trim. HAIRCOLOR:silver-grey and white remnants of original copper red. PreserveEXACT SAMEPERSON recognizable skull/nose/eye spacing/earshape/chin:high broad forehead and narrow long face; short saddle nose with very broad flat tip; small wide-set upward-tilted green eyes; uneven long upper lip; pointed projecting chin; narrow ears flaring only at top. Keeprightorientation andaveragebodytype, samehandpaintednaturalrealism, flatgreybrownbackground upperleftlight squarebustcrop. Anatomicalaging integrated throughfaceandneck, notdrawnwrinklemask. Adultmalehair continuousBLUNT BOB BELOW EARLOBES atjawangle unlessbald/tonsured. Miniver is softgreywhiteSQUIRREL noBLACKERMINEspots. Actuallydrawtargetheadwearnotoriginal ifdifferent. No mirror, text, panels, newactor.","af2578586a2850f887e5f1df0df0ee2002ba63262ede7727f5aa36a207a898c8"
"I057","young","I057_young","portraits/I057_young.png","f","24","labour","field worker","average","front","golden brown","fair pale pink with fine freckles","wide trapezoid forehead over very short chin; wide high cheeks; long curved nose with downward bulb tip; close-set tiny hazel eyes; low straight brows; broad full lips and short philtrum; large rounded ears","coarse faded moss-grey wool kirtle over rough hemp-linen, clearly mended patches and rubbed seams, coarse simple apron or shoulder cloth, plain wooden tool handle at lower edge, no rich trim","unmarried","tired_worried","loose_unmarried","provenance/raw/I057_young.png","c303416b0a26cdc9375e57683bf77397692519cac9cde3eee2a1e9354df55377","provenance/references/c88d923aca2f-파일럿_36명_통과_기준.jpg","Paint one complete indivisible square bust portrait, Southern England circa1300, same natural hand-painted realism and fine skin/wool brush texture as approved reference sheet. Reference is STYLE and quality ONLY; invent a completely NEW person unlike ANY reference face, never copy skull/eyes/nose. Opaque plain low-saturation grey-brown background, soft upper-left light, eyes40-48%height, comfortable head margin, full upper chest and shoulders to bottomedge. Natural realistic anatomy, no caricature, no photo filter, no black outlines/text/frame. DISTINCT CRANIOFACIAL IDENTITY and body silhouette. Skin tone and bodyfat do not imply wealth, morality or virtue. Draw desired direction from scratch NEVER mirror. Clothing MUST visibly identify circa1300 class: fine saturated but restrained scarlet/deepblue/forestgreen and sizeable miniver/fox fur for gentry, good mutedblue/plum wool and fur for merchant, workaprons/tools for artisan, coarse faded repairedcloth for labour/poor. All costumes painted coherently with face, not layers. Female headwear per subject must be structurally accurate and varied, NOT generic whiteveil every time. Adult male hair with straight or softlywavy blunt bob reaching BELOW EARS circa1300, no modern cropped sides/crewcut (except specified tonsure or bald elder). Expression MUST follow subject, mild lifelike smiling/worry/sharpness where specified. ONE complete natural hand-painted bust of I057, a 24-year-old woman in southern England around 1300, field worker, almost directly FRONT-facing, both cheeks visible with slight natural asymmetry. Permanent unique anatomical identity: wide trapezoid forehead over very short chin; wide high cheeks; long curved nose with downward bulb tip; close-set tiny hazel eyes; low straight brows; broad full lips and short philtrum; large rounded ears. Build: ordinary medium neck and shoulders with moderate cheek tissue. Skin: fair pale pink with fine freckles; no complexion or body moral/class symbolism. Hair: golden brown. Age: youthful facial tissue and clear eyes, no deep mature wrinkles. Expression: restrained fatigue or concern, faintly pinched brows and weary mouth, humane and natural. Clothing must visibly communicate occupation and class: coarse faded moss-grey wool kirtle over rough hemp-linen, clearly mended patches and rubbed seams, coarse simple apron or shoulder cloth, plain wooden tool handle at lower edge, no rich trim. Headwear: unmarried loose shoulder-length hair with a simple narrow woven band, no modern styling. Across ages preserve this actual skull, nose, eye spacing, ear shape and chin asymmetry; do not substitute another actor. No modern fade, undercut, crew cut or makeup. Whole person painted together, no layers and no mirroring. Coherent upper-left light, flat muted grey-brown background, bust fills frame, eye line roughly 40–48 percent canvas height. Gentry colors visibly richer than labour cloth, never neon. Distinct realistic individual, no caricature or repeated pilot face. STRICT FRONT VIEW equalcheeks nosecentered eyesdirectlytocamera, NOTthreequarter.","be7bff38234dd51b7c03ff68b64c5f48ab23d9af884670cad1737454db7edfe6"
"I057","mature","I057_mature","portraits/I057_mature.png","f","45","labour","field worker","average","front","golden brown with scattered grey strands","fair pale pink with fine freckles","wide trapezoid forehead over very short chin; wide high cheeks; long curved nose with downward bulb tip; close-set tiny hazel eyes; low straight brows; broad full lips and short philtrum; large rounded ears","coarse faded moss-grey wool kirtle over rough hemp-linen, clearly mended patches and rubbed seams, coarse simple apron or shoulder cloth, plain wooden tool handle at lower edge, no rich trim","married","neutral","straw_hat","provenance/raw/I057_mature.png","d5d9f7a88081521a12aae58a48d213857906e760136fac68220fa6176654bc97","provenance/references/be7bff38234d-I057_young.png","IDENTITY-PRESERVING fullportrait edit of attachedoriginal. FIRST apply these VISIBLE CHANGES: Now age45 MIDDLEAGED: visible nasolabialfolds,crowfeet and earlygreytemples, no elderlydeepwrinkles. EXPRESSION: relaxed neutral mouth. REPLACE HEADWEAR with: natural woven straw modest broad-brim hat over secured hair, face unobstructed.  TARGET CLOTHES: coarse faded moss-grey wool kirtle over rough hemp-linen, clearly mended patches and rubbed seams, coarse simple apron or shoulder cloth, plain wooden tool handle at lower edge, no rich trim. Targethaircolor: golden brown with scattered grey strands. Preserve SAME PERSON recognizable boneproportions, nose,eye spacing,earshape,chin andanyasymmetry: wide trapezoid forehead over very short chin; wide high cheeks; long curved nose with downward bulb tip; close-set tiny hazel eyes; low straight brows; broad full lips and short philtrum; large rounded ears. Keep front-facing orientation, average bodytype, same natural painterlyrealism, upperleftlight andplaingreybrown opaque squarebust framing. Coherent anatomicalaging throughfaceandneck, notwrinklestickers. CIVILIAN malehair must visiblyextendbelowearlobes in medievalbluntbob unless targettonsured/bald. Miniver is softmottledgreywhiteSQUIRRELfur withNOBLACKERMINEspots. Do notcopy originalheadwear iftargetdiffers. No flip, no text/frame/grid, no newactor.","1bf7ce58d413d23542564dfde80be75592c83625cf9623030b76cbd2857b6fa7"
"I057","old","I057_old","portraits/I057_old.png","f","70","labour","field worker","average","front","silver-grey and white remnants of original golden brown","fair pale pink with fine freckles","wide trapezoid forehead over very short chin; wide high cheeks; long curved nose with downward bulb tip; close-set tiny hazel eyes; low straight brows; broad full lips and short philtrum; large rounded ears","coarse faded moss-grey wool kirtle over rough hemp-linen, clearly mended patches and rubbed seams, coarse simple apron or shoulder cloth, plain wooden tool handle at lower edge, no rich trim","widowed","tired_worried","colored_headscarf","provenance/raw/I057_old.png","f81606c9b2543dec6ca317aa3fe7e48ce94ea575f2cd5edba1c7b67a3a1eb40a","provenance/references/be7bff38234d-I057_young.png","IDENTITY-PRESERVING fullportrait edit of attachedoriginal. FIRST apply these VISIBLE CHANGES: Now age70 ELDERLY: clearly silverwhitehair ifvisible, sagging cheeks/jaw/neck, thinnertemplevolume, droopingeyelids, irregularagespots. Read65-75 at96px, not merely50. EXPRESSION: visibly WEARY and WORRIED: raised innerbrows, slightlypinchedbrow, tired lowerlids andmouth. REPLACE HEADWEAR with: visibly colored muted ochre or woad-blue headscarf tied behind crown, NOT white veil.  TARGET CLOTHES: coarse faded moss-grey wool kirtle over rough hemp-linen, clearly mended patches and rubbed seams, coarse simple apron or shoulder cloth, plain wooden tool handle at lower edge, no rich trim. Targethaircolor: silver-grey and white remnants of original golden brown. Preserve SAME PERSON recognizable boneproportions, nose,eye spacing,earshape,chin andanyasymmetry: wide trapezoid forehead over very short chin; wide high cheeks; long curved nose with downward bulb tip; close-set tiny hazel eyes; low straight brows; broad full lips and short philtrum; large rounded ears. Keep front-facing orientation, average bodytype, same natural painterlyrealism, upperleftlight andplaingreybrown opaque squarebust framing. Coherent anatomicalaging throughfaceandneck, notwrinklestickers. CIVILIAN malehair must visiblyextendbelowearlobes in medievalbluntbob unless targettonsured/bald. Miniver is softmottledgreywhiteSQUIRRELfur withNOBLACKERMINEspots. Do notcopy originalheadwear iftargetdiffers. No flip, no text/frame/grid, no newactor.","7add01fe464278cf88af2b4931377cfc978d1739722db81b04fd6455e475019d"
"I058","young","I058_young","portraits/I058_young.png","f","24","labour","dairy worker","thin","left","dark chestnut","light pale golden ivory","very short very broad rectangular skull; exceptionally low flat forehead; widely spaced narrow green eyes under heavy straight brows; large broad bulbous nose with very low bridge and round tip; long protruding lower jaw with square cleft chin; wide thin mouth with one corner higher; small folded ears","coarse faded woad-blue wool kirtle over rough hemp-linen, clearly mended patches and rubbed seams, coarse simple apron or shoulder cloth, plain wooden tool handle at lower edge, no rich trim","unmarried","slight_smile","colored_headscarf","provenance/raw/I058_young.png","1781f3816da41b97ea3eabd238e9ba1e9bc0815b8ad2cc0ec1d742b0794282fa","provenance/references/ef404dc44688-P15.png","Paint one complete indivisible square bust portrait, Southern England circa1300, same natural hand-painted realism and fine skin/wool brush texture as approved reference sheet. Reference is STYLE and quality ONLY; invent a completely NEW person unlike ANY reference face, never copy skull/eyes/nose. Opaque plain low-saturation grey-brown background, soft upper-left light, eyes40-48%height, comfortable head margin, full upper chest and shoulders to bottomedge. Natural realistic anatomy, no caricature, no photo filter, no black outlines/text/frame. DISTINCT CRANIOFACIAL IDENTITY and body silhouette. Skin tone and bodyfat do not imply wealth, morality or virtue. Draw desired direction from scratch NEVER mirror. Clothing MUST visibly identify circa1300 class: fine saturated but restrained scarlet/deepblue/forestgreen and sizeable miniver/fox fur for gentry, good mutedblue/plum wool and fur for merchant, workaprons/tools for artisan, coarse faded repairedcloth for labour/poor. All costumes painted coherently with face, not layers. Female headwear per subject must be structurally accurate and varied, NOT generic whiteveil every time. Adult male hair with straight or softlywavy blunt bob reaching BELOW EARS circa1300, no modern cropped sides/crewcut (except specified tonsure or bald elder). Expression MUST follow subject, mild lifelike smiling/worry/sharpness where specified.  Material correction: MINIVER means softly mottled grey-white squirrel fur, NEVER bright white with black ermine-tail spots. No heraldic black dotted fur. ONE complete natural hand-painted bust of I058, a 24-year-old woman in southern England around 1300, dairy worker, genuinely facing image LEFT in three-quarter view. Permanent unique anatomical identity: very short very broad rectangular skull; exceptionally low flat forehead; widely spaced narrow green eyes under heavy straight brows; large broad bulbous nose with very low bridge and round tip; long protruding lower jaw with square cleft chin; wide thin mouth with one corner higher; small folded ears. Build: slender neck, narrow bony shoulders and lean tissues; skull may still be broad. Skin: light pale golden ivory; no complexion or body moral/class symbolism. Hair: dark chestnut. Age: youthful facial tissue and clear eyes, no deep mature wrinkles. Expression: subtle closed-mouth half-smile with gently lifted corners and softened eyes, no broad grin. Clothing must visibly communicate occupation and class: coarse faded woad-blue wool kirtle over rough hemp-linen, clearly mended patches and rubbed seams, coarse simple apron or shoulder cloth, plain wooden tool handle at lower edge, no rich trim. Headwear: visibly colored muted ochre or woad-blue headscarf tied behind crown, NOT white veil. Across ages preserve this actual skull, nose, eye spacing, ear shape and chin asymmetry; do not substitute another actor. No modern fade, undercut, crew cut or makeup. Whole person painted together, no layers and no mirroring. Coherent upper-left light, flat muted grey-brown background, bust fills frame, eye line roughly 40–48 percent canvas height. Gentry colors visibly richer than labour cloth, never neon. Distinct realistic individual, no caricature or repeated pilot face. PRIORITY: bold unusual craniofacial proportions asdescribed, not generic beautifulwoman. The male reference is ONLY brushworkfinish; depictwoman completelydifferentanatomy.","a77798968b4d5f100b48c85b2f1b9806ab9cea74be36d666106531c72d483795"
"I058","mature","I058_mature","portraits/I058_mature.png","f","45","labour","dairy worker","thin","left","dark chestnut with scattered grey strands","light pale golden ivory","very short very broad rectangular skull; exceptionally low flat forehead; widely spaced narrow green eyes under heavy straight brows; large broad bulbous nose with very low bridge and round tip; long protruding lower jaw with square cleft chin; wide thin mouth with one corner higher; small folded ears","coarse faded woad-blue wool kirtle over rough hemp-linen, clearly mended patches and rubbed seams, coarse simple apron or shoulder cloth, plain wooden tool handle at lower edge, no rich trim","married","neutral","hood","provenance/raw/I058_mature.png","b6282b3ad2543d06ca9350293077fdb22c304938affefb2f1eb1a9d285b89f77","provenance/references/a77798968b4d-I058_mature-r1-ref0.png","IDENTITY-PRESERVE completeportrait edit. ApplytargetchangesFIRST: Now45middleaged withmoderatecrowfeet/forehead/nasolabialfolds, subtlegreytemples. Notelderly. EXPRESSION:neutralrelaxedmouth. REPLACE HEADWEAR:period fitted wool hood with open face and draped shoulder cape. . TARGETCLOTHING:coarse faded woad-blue wool kirtle over rough hemp-linen, clearly mended patches and rubbed seams, coarse simple apron or shoulder cloth, plain wooden tool handle at lower edge, no rich trim. HAIRCOLOR:dark chestnut with scattered grey strands. PreserveEXACT SAMEPERSON recognizable skull/nose/eye spacing/earshape/chin:very short very broad rectangular skull; exceptionally low flat forehead; widely spaced narrow green eyes under heavy straight brows; large broad bulbous nose with very low bridge and round tip; long protruding lower jaw with square cleft chin; wide thin mouth with one corner higher; small folded ears. Keepleftorientation andthinbodytype, samehandpaintednaturalrealism, flatgreybrownbackground upperleftlight squarebustcrop. Anatomicalaging integrated throughfaceandneck, notdrawnwrinklemask. Adultmalehair continuousBLUNT BOB BELOW EARLOBES atjawangle unlessbald/tonsured. Miniver is softgreywhiteSQUIRREL noBLACKERMINEspots. Actuallydrawtargetheadwearnotoriginal ifdifferent. No mirror, text, panels, newactor.","bed3326b2b4ca149f9adaf954a3484c1cd840c1259562fffbe5a5f3130ef4459"
"I058","old","I058_old","portraits/I058_old.png","f","70","labour","dairy worker","thin","left","silver-grey and white remnants of original dark chestnut","light pale golden ivory","very short very broad rectangular skull; exceptionally low flat forehead; widely spaced narrow green eyes under heavy straight brows; large broad bulbous nose with very low bridge and round tip; long protruding lower jaw with square cleft chin; wide thin mouth with one corner higher; small folded ears","coarse faded woad-blue wool kirtle over rough hemp-linen, clearly mended patches and rubbed seams, coarse simple apron or shoulder cloth, plain wooden tool handle at lower edge, no rich trim","married","slight_smile","straw_hat","provenance/raw/I058_old.png","961cc2118a4471f9de6a133e85ebf4875d84b491a409c9a98cd8b7910240dbe8","provenance/references/a77798968b4d-I058_old-r1-ref0.png","IDENTITY-PRESERVE completeportrait edit. ApplytargetchangesFIRST: Now70 clearlyELDERLY: whitegreyhair ifvisible, droopinglids/saggingjowls/loose neckskin/age spots. Read65-75at96px. EXPRESSION:VISIBLE subtlewarmSMILE raisedmouthcorners softenedeyes. REPLACE HEADWEAR:natural woven straw modest broad-brim hat over secured hair, face unobstructed. . TARGETCLOTHING:coarse faded woad-blue wool kirtle over rough hemp-linen, clearly mended patches and rubbed seams, coarse simple apron or shoulder cloth, plain wooden tool handle at lower edge, no rich trim. HAIRCOLOR:silver-grey and white remnants of original dark chestnut. PreserveEXACT SAMEPERSON recognizable skull/nose/eye spacing/earshape/chin:very short very broad rectangular skull; exceptionally low flat forehead; widely spaced narrow green eyes under heavy straight brows; large broad bulbous nose with very low bridge and round tip; long protruding lower jaw with square cleft chin; wide thin mouth with one corner higher; small folded ears. Keepleftorientation andthinbodytype, samehandpaintednaturalrealism, flatgreybrownbackground upperleftlight squarebustcrop. Anatomicalaging integrated throughfaceandneck, notdrawnwrinklemask. Adultmalehair continuousBLUNT BOB BELOW EARLOBES atjawangle unlessbald/tonsured. Miniver is softgreywhiteSQUIRREL noBLACKERMINEspots. Actuallydrawtargetheadwearnotoriginal ifdifferent. No mirror, text, panels, newactor.","50a04cd82aa5fb8869efab929fab313e71b2ba7590a9f6506285ceef8b2fd6c5"
"I059","young","I059_young","portraits/I059_young.png","f","24","labour","harvest worker","fat","right","auburn","fair rose beige with copper freckles","very high narrow forehead; small deep-set grey eyes very far apart; straight broad medium-length nose; thick protruding lower lip and fine upper lip; long rounded jaw with full cheeks and thick neck; small close ears","coarse faded madder brown-red wool kirtle over rough hemp-linen, clearly mended patches and rubbed seams, coarse simple apron or shoulder cloth, plain wooden tool handle at lower edge, no rich trim","married","neutral","straw_hat","provenance/raw/I059_young.png","4198bbac02d1107fd5589fb1d682fb2daaec3865e529bb70ec4628867912a922","provenance/references/c88d923aca2f-파일럿_36명_통과_기준.jpg","Paint one complete indivisible square bust portrait, Southern England circa1300, same natural hand-painted realism and fine skin/wool brush texture as approved reference sheet. Reference is STYLE and quality ONLY; invent a completely NEW person unlike ANY reference face, never copy skull/eyes/nose. Opaque plain low-saturation grey-brown background, soft upper-left light, eyes40-48%height, comfortable head margin, full upper chest and shoulders to bottomedge. Natural realistic anatomy, no caricature, no photo filter, no black outlines/text/frame. DISTINCT CRANIOFACIAL IDENTITY and body silhouette. Skin tone and bodyfat do not imply wealth, morality or virtue. Draw desired direction from scratch NEVER mirror. Clothing MUST visibly identify circa1300 class: fine saturated but restrained scarlet/deepblue/forestgreen and sizeable miniver/fox fur for gentry, good mutedblue/plum wool and fur for merchant, workaprons/tools for artisan, coarse faded repairedcloth for labour/poor. All costumes painted coherently with face, not layers. Female headwear per subject must be structurally accurate and varied, NOT generic whiteveil every time. Adult male hair with straight or softlywavy blunt bob reaching BELOW EARS circa1300, no modern cropped sides/crewcut (except specified tonsure or bald elder). Expression MUST follow subject, mild lifelike smiling/worry/sharpness where specified. ONE complete natural hand-painted bust of I059, a 24-year-old woman in southern England around 1300, harvest worker, genuinely facing image RIGHT in three-quarter view. Permanent unique anatomical identity: very high narrow forehead; small deep-set grey eyes very far apart; straight broad medium-length nose; thick protruding lower lip and fine upper lip; long rounded jaw with full cheeks and thick neck; small close ears. Build: clearly fat, full cheeks and jaw flesh, thick neck and broad soft shoulders without caricature. Skin: fair rose beige with copper freckles; no complexion or body moral/class symbolism. Hair: auburn. Age: youthful facial tissue and clear eyes, no deep mature wrinkles. Expression: quiet neutral relaxed mouth and alert eyes. Clothing must visibly communicate occupation and class: coarse faded madder brown-red wool kirtle over rough hemp-linen, clearly mended patches and rubbed seams, coarse simple apron or shoulder cloth, plain wooden tool handle at lower edge, no rich trim. Headwear: natural woven straw modest broad-brim hat over secured hair, face unobstructed. Across ages preserve this actual skull, nose, eye spacing, ear shape and chin asymmetry; do not substitute another actor. No modern fade, undercut, crew cut or makeup. Whole person painted together, no layers and no mirroring. Coherent upper-left light, flat muted grey-brown background, bust fills frame, eye line roughly 40–48 percent canvas height. Gentry colors visibly richer than labour cloth, never neon. Distinct realistic individual, no caricature or repeated pilot face.","951db4158c37e28c6c9db4e82b84cd27911d377e2710eae479015bc2b5632293"
"I059","mature","I059_mature","portraits/I059_mature.png","f","45","labour","harvest worker","fat","right","auburn with scattered grey strands","fair rose beige with copper freckles","very high narrow forehead; small deep-set grey eyes very far apart; straight broad medium-length nose; thick protruding lower lip and fine upper lip; long rounded jaw with full cheeks and thick neck; small close ears","coarse faded madder brown-red wool kirtle over rough hemp-linen, clearly mended patches and rubbed seams, coarse simple apron or shoulder cloth, plain wooden tool handle at lower edge, no rich trim","married","tired_worried","colored_headscarf","provenance/raw/I059_mature.png","8fdb2ba5b6ef087a5b1cc69d7cf516f2f85dd4ddcb547e7f1af2be4169eb260f","provenance/references/951db4158c37-I059_mature-r1-ref0.png","IDENTITYPRESERVING completeportrait edit. ApplyVISIBLECHANGES first: Age45middleaged visible crowfeet nasolabialfolds earlygreytemples, notelderly. EXPRESSION:VISIBLE TIREDWORRIED raisedinnerbrows pinchbrow wearymouth. REPLACE HEADWEAR:visibly colored muted ochre or woad-blue headscarf tied behind crown, NOT white veil.  CLOTHING:coarse faded madder brown-red wool kirtle over rough hemp-linen, clearly mended patches and rubbed seams, coarse simple apron or shoulder cloth, plain wooden tool handle at lower edge, no rich trim. Haircolor:auburn with scattered grey strands. PreserveexactSAMEPERSON skull/nose/eyes/ears/chin:very high narrow forehead; small deep-set grey eyes very far apart; straight broad medium-length nose; thick protruding lower lip and fine upper lip; long rounded jaw with full cheeks and thick neck; small close ears. Same right direction and fat bodytype. Samepainterlyrealism upperleftlight plaingreybrown opaque squarebust. Integratedskinaging notwrinklestickers. Civiliannormalhair belowearbluntbob exceptspecifiedtonsure/bald. MINIVER plainmottledGREYWHITE SQUIRREL fur NO BLACKERMINE SPOTS. Showtargetheadwear evenifdifferentfromoriginal. No mirror/text/grid/newactor.","330568a8db005d9367c85fc0950240b9b272d079bd6787e1ff9cad236f8b1fc7"
"I059","old","I059_old","portraits/I059_old.png","f","70","labour","harvest worker","fat","right","silver-grey and white remnants of original auburn","fair rose beige with copper freckles","very high narrow forehead; small deep-set grey eyes very far apart; straight broad medium-length nose; thick protruding lower lip and fine upper lip; long rounded jaw with full cheeks and thick neck; small close ears","coarse faded madder brown-red wool kirtle over rough hemp-linen, clearly mended patches and rubbed seams, coarse simple apron or shoulder cloth, plain wooden tool handle at lower edge, no rich trim","married","neutral","coif","provenance/raw/I059_old.png","ee3fa4d0d69c0b8e09efec197d2ab66319a5f9874240452f23bad885c29c1190","provenance/references/951db4158c37-I059_old-r1-ref0.png","IDENTITYPRESERVING completeportrait edit. ApplyVISIBLECHANGES first: Age70elderly clearlysilverwhitehair saggingcheeksjowlsneck droopinglids andagespots. At96px mustread65-75 not50. EXPRESSION:relaxedneutralmouth. REPLACE HEADWEAR:close cream linen coif neatly tied.  CLOTHING:coarse faded madder brown-red wool kirtle over rough hemp-linen, clearly mended patches and rubbed seams, coarse simple apron or shoulder cloth, plain wooden tool handle at lower edge, no rich trim. Haircolor:silver-grey and white remnants of original auburn. PreserveexactSAMEPERSON skull/nose/eyes/ears/chin:very high narrow forehead; small deep-set grey eyes very far apart; straight broad medium-length nose; thick protruding lower lip and fine upper lip; long rounded jaw with full cheeks and thick neck; small close ears. Same right direction and fat bodytype. Samepainterlyrealism upperleftlight plaingreybrown opaque squarebust. Integratedskinaging notwrinklestickers. Civiliannormalhair belowearbluntbob exceptspecifiedtonsure/bald. MINIVER plainmottledGREYWHITE SQUIRREL fur NO BLACKERMINE SPOTS. Showtargetheadwear evenifdifferentfromoriginal. No mirror/text/grid/newactor.","8f8a6c9003978f7d54d9d36668e971353a0512ec2249a5ae38408eb80550ffc0"
"I060","young","I060_young","portraits/I060_young.png","m","24","clerical","secular parish priest","fat","front","dark brown","fair neutral ivory with faint pink patches","broad domed skull; huge broad rounded nose with low bridge; wide-set large hazel eyes; raised fine arched brows; small thin straight mouth; small round chin inside soft heavy jaw; large flat ears","plain dark-brown long secular clerical robe, closed cloth neckline, no modern Roman collar, no monastic cowl or ceremonial stole","celibate","tired_worried","tonsure","provenance/raw/I060_young.png","d291ed984c5dd938b957224ab0d461352e56f6de8fda02513fbf9842dcb6689e","provenance/references/c88d923aca2f-파일럿_36명_통과_기준.jpg","Paint one complete indivisible square bust portrait, Southern England circa1300, same natural hand-painted realism and fine skin/wool brush texture as approved reference sheet. Reference is STYLE and quality ONLY; invent a completely NEW person unlike ANY reference face, never copy skull/eyes/nose. Opaque plain low-saturation grey-brown background, soft upper-left light, eyes40-48%height, comfortable head margin, full upper chest and shoulders to bottomedge. Natural realistic anatomy, no caricature, no photo filter, no black outlines/text/frame. DISTINCT CRANIOFACIAL IDENTITY and body silhouette. Skin tone and bodyfat do not imply wealth, morality or virtue. Draw desired direction from scratch NEVER mirror. Clothing MUST visibly identify circa1300 class: fine saturated but restrained scarlet/deepblue/forestgreen and sizeable miniver/fox fur for gentry, good mutedblue/plum wool and fur for merchant, workaprons/tools for artisan, coarse faded repairedcloth for labour/poor. All costumes painted coherently with face, not layers. Female headwear per subject must be structurally accurate and varied, NOT generic whiteveil every time. Adult male hair with straight or softlywavy blunt bob reaching BELOW EARS circa1300, no modern cropped sides/crewcut (except specified tonsure or bald elder). Expression MUST follow subject, mild lifelike smiling/worry/sharpness where specified. ONE complete natural hand-painted bust of I060, a 24-year-old man in southern England around 1300, secular parish priest, almost directly FRONT-facing, both cheeks visible with slight natural asymmetry. Permanent unique anatomical identity: broad domed skull; huge broad rounded nose with low bridge; wide-set large hazel eyes; raised fine arched brows; small thin straight mouth; small round chin inside soft heavy jaw; large flat ears. Build: clearly fat, full cheeks and jaw flesh, thick neck and broad soft shoulders without caricature. Skin: fair neutral ivory with faint pink patches; no complexion or body moral/class symbolism. Hair: dark brown; clean shaven; civilian hair below ears in natural blunt medieval bob unless tonsured or balding. Age: youthful facial tissue and clear eyes, no deep mature wrinkles. Expression: restrained fatigue or concern, faintly pinched brows and weary mouth, humane and natural. Clothing must visibly communicate occupation and class: plain dark-brown long secular clerical robe, closed cloth neckline, no modern Roman collar, no monastic cowl or ceremonial stole. Headwear: genuine medieval crown tonsure and uneven ring of ear-length hair. Across ages preserve this actual skull, nose, eye spacing, ear shape and chin asymmetry; do not substitute another actor. No modern fade, undercut, crew cut or makeup. Whole person painted together, no layers and no mirroring. Coherent upper-left light, flat muted grey-brown background, bust fills frame, eye line roughly 40–48 percent canvas height. Gentry colors visibly richer than labour cloth, never neon. Distinct realistic individual, no caricature or repeated pilot face. STRICT FRONT VIEW equalcheeks nosecentered eyesdirectlytocamera, NOTthreequarter.","e7b1bc2af848dbeecc80cec64c931ed4b55bc0329c1c98f74fd73e043c990ca6"
"I060","mature","I060_mature","portraits/I060_mature.png","m","45","clerical","secular parish priest","fat","front","dark brown with scattered grey strands","fair neutral ivory with faint pink patches","broad domed skull; huge broad rounded nose with low bridge; wide-set large hazel eyes; raised fine arched brows; small thin straight mouth; small round chin inside soft heavy jaw; large flat ears","plain dark-brown long secular clerical robe, closed cloth neckline, no modern Roman collar, no monastic cowl or ceremonial stole","celibate","sharp_suspicious","tonsure","provenance/raw/I060_mature.png","db5bb077d8a5586716e3b6b577e1de0f81b64c9abe10ad761179390534e6fbe6","provenance/references/e7b1bc2af848-I060_young.png","IDENTITY-PRESERVING fullportrait edit of attachedoriginal. FIRST apply these VISIBLE CHANGES: Now age45 MIDDLEAGED: visible nasolabialfolds,crowfeet and earlygreytemples, no elderlydeepwrinkles. EXPRESSION: SHARP assessing expression: narrowed eyes, one subtlyraised eyebrow, compressedfirmmouth; notsad or worried. REPLACE HEADWEAR with: genuine medieval crown tonsure and uneven ring of ear-length hair.  TARGET CLOTHES: plain dark-brown long secular clerical robe, closed cloth neckline, no modern Roman collar, no monastic cowl or ceremonial stole. Targethaircolor: dark brown with scattered grey strands. Preserve SAME PERSON recognizable boneproportions, nose,eye spacing,earshape,chin andanyasymmetry: broad domed skull; huge broad rounded nose with low bridge; wide-set large hazel eyes; raised fine arched brows; small thin straight mouth; small round chin inside soft heavy jaw; large flat ears. Keep front-facing orientation, fat bodytype, same natural painterlyrealism, upperleftlight andplaingreybrown opaque squarebust framing. Coherent anatomicalaging throughfaceandneck, notwrinklestickers. CIVILIAN malehair must visiblyextendbelowearlobes in medievalbluntbob unless targettonsured/bald. Miniver is softmottledgreywhiteSQUIRRELfur withNOBLACKERMINEspots. Do notcopy originalheadwear iftargetdiffers. No flip, no text/frame/grid, no newactor.","d61100488db2c10f8f214378201fab3398afe024f56f28f6d936391075fef4e0"
"I060","old","I060_old","portraits/I060_old.png","m","70","clerical","secular parish priest","fat","front","silver-grey and white remnants of original dark brown","fair neutral ivory with faint pink patches","broad domed skull; huge broad rounded nose with low bridge; wide-set large hazel eyes; raised fine arched brows; small thin straight mouth; small round chin inside soft heavy jaw; large flat ears","plain dark-brown long secular clerical robe, closed cloth neckline, no modern Roman collar, no monastic cowl or ceremonial stole","celibate","tired_worried","tonsure","provenance/raw/I060_old.png","fc5cdbd2e7e4f901dbd4ec13db51aa84516f443f0d6b659e7731dd564e344c5e","provenance/references/e7b1bc2af848-I060_young.png","IDENTITY-PRESERVING fullportrait edit of attachedoriginal. FIRST apply these VISIBLE CHANGES: Now age70 ELDERLY: clearly silverwhitehair ifvisible, sagging cheeks/jaw/neck, thinnertemplevolume, droopingeyelids, irregularagespots. Read65-75 at96px, not merely50. EXPRESSION: visibly WEARY and WORRIED: raised innerbrows, slightlypinchedbrow, tired lowerlids andmouth. REPLACE HEADWEAR with: genuine medieval crown tonsure and uneven ring of ear-length hair.  TARGET CLOTHES: plain dark-brown long secular clerical robe, closed cloth neckline, no modern Roman collar, no monastic cowl or ceremonial stole. Targethaircolor: silver-grey and white remnants of original dark brown. Preserve SAME PERSON recognizable boneproportions, nose,eye spacing,earshape,chin andanyasymmetry: broad domed skull; huge broad rounded nose with low bridge; wide-set large hazel eyes; raised fine arched brows; small thin straight mouth; small round chin inside soft heavy jaw; large flat ears. Keep front-facing orientation, fat bodytype, same natural painterlyrealism, upperleftlight andplaingreybrown opaque squarebust framing. Coherent anatomicalaging throughfaceandneck, notwrinklestickers. CIVILIAN malehair must visiblyextendbelowearlobes in medievalbluntbob unless targettonsured/bald. Miniver is softmottledgreywhiteSQUIRRELfur withNOBLACKERMINEspots. Do notcopy originalheadwear iftargetdiffers. No flip, no text/frame/grid, no newactor.","f0624697a97cdedfcf605826a7ba10226fc223945e659ddbdbef71f01be6b90f"
"I061","young","I061_young","portraits/I061_young.png","m","24","clerical","Franciscan friar","thin","left","sandy red","light cool beige with freckles","very short square skull; close small grey eyes under exceptionally heavy flat brow; long thin straight nose with rounded drooping tip; wide full mouth; large jutting cleft square chin; tiny low ears","Franciscan grey-brown undyed habit with lowered cowl and plain rope cincture edge at lower bust, no modern Roman collar","celibate","sharp_suspicious","tonsure","provenance/raw/I061_young.png","b3be3810d6ab0ca90c0909d1897b2afd906bc4b10b08c44c12cb833a87f8c33f","provenance/references/c88d923aca2f-파일럿_36명_통과_기준.jpg","Paint one complete indivisible square bust portrait, Southern England circa1300, same natural hand-painted realism and fine skin/wool brush texture as approved reference sheet. Reference is STYLE and quality ONLY; invent a completely NEW person unlike ANY reference face, never copy skull/eyes/nose. Opaque plain low-saturation grey-brown background, soft upper-left light, eyes40-48%height, comfortable head margin, full upper chest and shoulders to bottomedge. Natural realistic anatomy, no caricature, no photo filter, no black outlines/text/frame. DISTINCT CRANIOFACIAL IDENTITY and body silhouette. Skin tone and bodyfat do not imply wealth, morality or virtue. Draw desired direction from scratch NEVER mirror. Clothing MUST visibly identify circa1300 class: fine saturated but restrained scarlet/deepblue/forestgreen and sizeable miniver/fox fur for gentry, good mutedblue/plum wool and fur for merchant, workaprons/tools for artisan, coarse faded repairedcloth for labour/poor. All costumes painted coherently with face, not layers. Female headwear per subject must be structurally accurate and varied, NOT generic whiteveil every time. Adult male hair with straight or softlywavy blunt bob reaching BELOW EARS circa1300, no modern cropped sides/crewcut (except specified tonsure or bald elder). Expression MUST follow subject, mild lifelike smiling/worry/sharpness where specified. ONE complete natural hand-painted bust of I061, a 24-year-old man in southern England around 1300, Franciscan friar, genuinely facing image LEFT in three-quarter view. Permanent unique anatomical identity: very short square skull; close small grey eyes under exceptionally heavy flat brow; long thin straight nose with rounded drooping tip; wide full mouth; large jutting cleft square chin; tiny low ears. Build: slender neck, narrow bony shoulders and lean tissues; skull may still be broad. Skin: light cool beige with freckles; no complexion or body moral/class symbolism. Hair: sandy red; sparse short red beard; civilian hair below ears in natural blunt medieval bob unless tonsured or balding. Age: youthful facial tissue and clear eyes, no deep mature wrinkles. Expression: subtly questioning sharp eyes, one raised brow and faintly tightened mouth, not villainous. Clothing must visibly communicate occupation and class: Franciscan grey-brown undyed habit with lowered cowl and plain rope cincture edge at lower bust, no modern Roman collar. Headwear: genuine medieval crown tonsure and uneven ring of ear-length hair. Across ages preserve this actual skull, nose, eye spacing, ear shape and chin asymmetry; do not substitute another actor. No modern fade, undercut, crew cut or makeup. Whole person painted together, no layers and no mirroring. Coherent upper-left light, flat muted grey-brown background, bust fills frame, eye line roughly 40–48 percent canvas height. Gentry colors visibly richer than labour cloth, never neon. Distinct realistic individual, no caricature or repeated pilot face.","57ef4fbe0873eb98c66b5dc3bfb34a1d70e354bbf8afc93ccdd9c147df531586"
"I061","mature","I061_mature","portraits/I061_mature.png","m","45","clerical","Franciscan friar","thin","left","sandy red with scattered grey strands","light cool beige with freckles","very short square skull; close small grey eyes under exceptionally heavy flat brow; long thin straight nose with rounded drooping tip; wide full mouth; large jutting cleft square chin; tiny low ears","Franciscan grey-brown undyed habit with lowered cowl and plain rope cincture edge at lower bust, no modern Roman collar","celibate","slight_smile","tonsure","provenance/raw/I061_mature.png","e6bfb4f5dff83be6e7af5a120d22f2b577105f14da893e1541f892abe2a6f885","provenance/references/57ef4fbe0873-I061_young.png","IDENTITY-PRESERVING fullportrait edit of attachedoriginal. FIRST apply these VISIBLE CHANGES: Now age45 MIDDLEAGED: visible nasolabialfolds,crowfeet and earlygreytemples, no elderlydeepwrinkles. EXPRESSION: clearly visible but subtle warm closed-mouth SMILE, raised mouth corners, smiling eyes. REPLACE HEADWEAR with: genuine medieval crown tonsure and uneven ring of ear-length hair.  TARGET CLOTHES: Franciscan grey-brown undyed habit with lowered cowl and plain rope cincture edge at lower bust, no modern Roman collar. Targethaircolor: sandy red with scattered grey strands. Preserve SAME PERSON recognizable boneproportions, nose,eye spacing,earshape,chin andanyasymmetry: very short square skull; close small grey eyes under exceptionally heavy flat brow; long thin straight nose with rounded drooping tip; wide full mouth; large jutting cleft square chin; tiny low ears. Keep left-facing orientation, thin bodytype, same natural painterlyrealism, upperleftlight andplaingreybrown opaque squarebust framing. Coherent anatomicalaging throughfaceandneck, notwrinklestickers. CIVILIAN malehair must visiblyextendbelowearlobes in medievalbluntbob unless targettonsured/bald. Miniver is softmottledgreywhiteSQUIRRELfur withNOBLACKERMINEspots. Do notcopy originalheadwear iftargetdiffers. No flip, no text/frame/grid, no newactor.","d596109a7f5d7811802f7b218e96d402a079a88d7ca087445717264c9f93ed39"
"I061","old","I061_old","portraits/I061_old.png","m","70","clerical","Franciscan friar","thin","left","silver-grey and white remnants of original sandy red","light cool beige with freckles","very short square skull; close small grey eyes under exceptionally heavy flat brow; long thin straight nose with rounded drooping tip; wide full mouth; large jutting cleft square chin; tiny low ears","Franciscan grey-brown undyed habit with lowered cowl and plain rope cincture edge at lower bust, no modern Roman collar","celibate","neutral","tonsure","provenance/raw/I061_old.png","db12917fa1288420fcd8ed0cda7063fe06bcdbb5c3d6b2902ed8788053999099","provenance/references/57ef4fbe0873-I061_young.png","IDENTITY-PRESERVING fullportrait edit of attachedoriginal. FIRST apply these VISIBLE CHANGES: Now age70 ELDERLY: clearly silverwhitehair ifvisible, sagging cheeks/jaw/neck, thinnertemplevolume, droopingeyelids, irregularagespots. Read65-75 at96px, not merely50. EXPRESSION: relaxed neutral mouth. REPLACE HEADWEAR with: genuine medieval crown tonsure and uneven ring of ear-length hair.  TARGET CLOTHES: Franciscan grey-brown undyed habit with lowered cowl and plain rope cincture edge at lower bust, no modern Roman collar. Targethaircolor: silver-grey and white remnants of original sandy red. Preserve SAME PERSON recognizable boneproportions, nose,eye spacing,earshape,chin andanyasymmetry: very short square skull; close small grey eyes under exceptionally heavy flat brow; long thin straight nose with rounded drooping tip; wide full mouth; large jutting cleft square chin; tiny low ears. Keep left-facing orientation, thin bodytype, same natural painterlyrealism, upperleftlight andplaingreybrown opaque squarebust framing. Coherent anatomicalaging throughfaceandneck, notwrinklestickers. CIVILIAN malehair must visiblyextendbelowearlobes in medievalbluntbob unless targettonsured/bald. Miniver is softmottledgreywhiteSQUIRRELfur withNOBLACKERMINEspots. Do notcopy originalheadwear iftargetdiffers. No flip, no text/frame/grid, no newactor.","68478bdd4e06a717df950fc1d8523fe69520d01152f10decb3c9130fc21b80fc"
"I062","young","I062_young","portraits/I062_young.png","f","24","clerical","Benedictine nun","average","right","dark ash brown","fair honey ivory with pink cheeks","broad low forehead; high wide angular cheekbones; small widely spaced deep-set blue eyes; long convex nose with broad uneven tip; large softly pursed lips; short strongly jutting chin; small close ears","Benedictine black habit, close white linen wimple and black outer veil, no jewelry or priestly vestments","celibate","sharp_suspicious","veil_wimple","provenance/raw/I062_young.png","308548e7f1bb9cd9f675391bee7cd486b268eee3e3ff26d581ccb5b9424ad77b","provenance/references/c88d923aca2f-파일럿_36명_통과_기준.jpg","Paint one complete indivisible square bust portrait, Southern England circa1300, same natural hand-painted realism and fine skin/wool brush texture as approved reference sheet. Reference is STYLE and quality ONLY; invent a completely NEW person unlike ANY reference face, never copy skull/eyes/nose. Opaque plain low-saturation grey-brown background, soft upper-left light, eyes40-48%height, comfortable head margin, full upper chest and shoulders to bottomedge. Natural realistic anatomy, no caricature, no photo filter, no black outlines/text/frame. DISTINCT CRANIOFACIAL IDENTITY and body silhouette. Skin tone and bodyfat do not imply wealth, morality or virtue. Draw desired direction from scratch NEVER mirror. Clothing MUST visibly identify circa1300 class: fine saturated but restrained scarlet/deepblue/forestgreen and sizeable miniver/fox fur for gentry, good mutedblue/plum wool and fur for merchant, workaprons/tools for artisan, coarse faded repairedcloth for labour/poor. All costumes painted coherently with face, not layers. Female headwear per subject must be structurally accurate and varied, NOT generic whiteveil every time. Adult male hair with straight or softlywavy blunt bob reaching BELOW EARS circa1300, no modern cropped sides/crewcut (except specified tonsure or bald elder). Expression MUST follow subject, mild lifelike smiling/worry/sharpness where specified. ONE complete natural hand-painted bust of I062, a 24-year-old woman in southern England around 1300, Benedictine nun, genuinely facing image RIGHT in three-quarter view. Permanent unique anatomical identity: broad low forehead; high wide angular cheekbones; small widely spaced deep-set blue eyes; long convex nose with broad uneven tip; large softly pursed lips; short strongly jutting chin; small close ears. Build: ordinary medium neck and shoulders with moderate cheek tissue. Skin: fair honey ivory with pink cheeks; no complexion or body moral/class symbolism. Hair: dark ash brown. Age: youthful facial tissue and clear eyes, no deep mature wrinkles. Expression: subtly questioning sharp eyes, one raised brow and faintly tightened mouth, not villainous. Clothing must visibly communicate occupation and class: Benedictine black habit, close white linen wimple and black outer veil, no jewelry or priestly vestments. Headwear: Benedictine black outer veil over close white linen wimple. Across ages preserve this actual skull, nose, eye spacing, ear shape and chin asymmetry; do not substitute another actor. No modern fade, undercut, crew cut or makeup. Whole person painted together, no layers and no mirroring. Coherent upper-left light, flat muted grey-brown background, bust fills frame, eye line roughly 40–48 percent canvas height. Gentry colors visibly richer than labour cloth, never neon. Distinct realistic individual, no caricature or repeated pilot face.","641d892eaafd4d7f2b178bd1e90acc03096ce6c76188238a046b4cc6b51ccdb5"
"I062","mature","I062_mature","portraits/I062_mature.png","f","45","clerical","Benedictine nun","average","right","dark ash brown with scattered grey strands","fair honey ivory with pink cheeks","broad low forehead; high wide angular cheekbones; small widely spaced deep-set blue eyes; long convex nose with broad uneven tip; large softly pursed lips; short strongly jutting chin; small close ears","Benedictine black habit, close white linen wimple and black outer veil, no jewelry or priestly vestments","celibate","neutral","veil_wimple","provenance/raw/I062_mature.png","ef926383e9dcdf21f031de959a0df6730ff6eba3a6a0f49d48089d623db44f4e","provenance/references/641d892eaafd-I062_mature-r1-ref0.png","IDENTITYPRESERVING completeportrait edit. ApplyVISIBLECHANGES first: Age45middleaged visible crowfeet nasolabialfolds earlygreytemples, notelderly. EXPRESSION:relaxedneutralmouth. REPLACE HEADWEAR:Benedictine black outer veil over close white linen wimple.  CLOTHING:Benedictine black habit, close white linen wimple and black outer veil, no jewelry or priestly vestments. Haircolor:dark ash brown with scattered grey strands. PreserveexactSAMEPERSON skull/nose/eyes/ears/chin:broad low forehead; high wide angular cheekbones; small widely spaced deep-set blue eyes; long convex nose with broad uneven tip; large softly pursed lips; short strongly jutting chin; small close ears. Same right direction and average bodytype. Samepainterlyrealism upperleftlight plaingreybrown opaque squarebust. Integratedskinaging notwrinklestickers. Civiliannormalhair belowearbluntbob exceptspecifiedtonsure/bald. MINIVER plainmottledGREYWHITE SQUIRREL fur NO BLACKERMINE SPOTS. Showtargetheadwear evenifdifferentfromoriginal. No mirror/text/grid/newactor.","08a9b3e18fb75b7f9112c7238db64a19632fbe4b8058c528eb8ec80045a4ad7a"
"I062","old","I062_old","portraits/I062_old.png","f","70","clerical","Benedictine nun","average","right","silver-grey and white remnants of original dark ash brown","fair honey ivory with pink cheeks","broad low forehead; high wide angular cheekbones; small widely spaced deep-set blue eyes; long convex nose with broad uneven tip; large softly pursed lips; short strongly jutting chin; small close ears","Benedictine black habit, close white linen wimple and black outer veil, no jewelry or priestly vestments","celibate","neutral","veil_wimple","provenance/raw/I062_old.png","6f369b5ec6d3fd0b2dd0a9468476ac52fa9cef8c5efc64196a5b405f5c66b427","provenance/references/641d892eaafd-I062_old-r1-ref0.png","IDENTITYPRESERVING completeportrait edit. ApplyVISIBLECHANGES first: Age70elderly clearlysilverwhitehair saggingcheeksjowlsneck droopinglids andagespots. At96px mustread65-75 not50. EXPRESSION:relaxedneutralmouth. REPLACE HEADWEAR:Benedictine black outer veil over close white linen wimple.  CLOTHING:Benedictine black habit, close white linen wimple and black outer veil, no jewelry or priestly vestments. Haircolor:silver-grey and white remnants of original dark ash brown. PreserveexactSAMEPERSON skull/nose/eyes/ears/chin:broad low forehead; high wide angular cheekbones; small widely spaced deep-set blue eyes; long convex nose with broad uneven tip; large softly pursed lips; short strongly jutting chin; small close ears. Same right direction and average bodytype. Samepainterlyrealism upperleftlight plaingreybrown opaque squarebust. Integratedskinaging notwrinklestickers. Civiliannormalhair belowearbluntbob exceptspecifiedtonsure/bald. MINIVER plainmottledGREYWHITE SQUIRREL fur NO BLACKERMINE SPOTS. Showtargetheadwear evenifdifferentfromoriginal. No mirror/text/grid/newactor.","360c1fc8339bd20043545e5448067f5a6533838d905d28f3be3c218792f4d129"
"I063","young","I063_young","portraits/I063_young.png","m","24","poor_servant","household servant","thin","front","dark chestnut","light warm ivory with faint olive undertone","narrow domed skull; close small dark eyes with downturned corners; broad bulbous short nose and flared nostrils; broad high cheekbones; thick lower lip and thin upper lip; long blunt chin angled right; large open ears","heavily worn secondhand dull ochre-brown wool tunic, multiple mismatched repairs and fraying over rough hemp-linen, visibly more worn than labour clothes, simple cord fastening, no jewels or fur; dignified rather than comic dirt","married","neutral","bare_bob","provenance/raw/I063_young.png","7fc9adda87634028134c12d8d9dfcc098fdd4c0027ed2a898d1d4a16b3378ebc","provenance/references/75a5d117d5b8-I063_young-before-r2.png","Edit ONLY HAIR of this historicalportrait. Keepexactly sameperson facefeatures/age/expression/pose/garment/colors. Replace shortshaggy modernhair with authenticcirca1300 BLUNT BOB. Thick side locks extend CLEARLY BELOW BOTH EARLOBES TO JAWANGLE, partlycoverouterears, roundedcontinuousbobsilhouette and longer napeendingatupperneck. Samehaircolor, simpleunevenfringe; NO croppedsidehair, nofade/undercut, notmullet. Soft natural hair and natural handpainting, notwig. Sameflatbackground/crop/upperleftlight, no text/panels/flip.","909edaf289b61251d966b60eb06194ff440ea0d30458f18903873665ad4e9276"
"I063","mature","I063_mature","portraits/I063_mature.png","m","45","poor_servant","household servant","thin","front","dark chestnut with scattered grey strands","light warm ivory with faint olive undertone","narrow domed skull; close small dark eyes with downturned corners; broad bulbous short nose and flared nostrils; broad high cheekbones; thick lower lip and thin upper lip; long blunt chin angled right; large open ears","heavily worn secondhand dull ochre-brown wool tunic, multiple mismatched repairs and fraying over rough hemp-linen, visibly more worn than labour clothes, simple cord fastening, no jewels or fur; dignified rather than comic dirt","married","neutral","hood","provenance/raw/I063_mature.png","be993c1e8c3c6d810c1b51c8ec3781e30cd2250fa97f942638701ac564a396c1","provenance/references/909edaf289b6-I063_mature-r1-ref0.png","IDENTITY-PRESERVE completeportrait edit. ApplytargetchangesFIRST: Now45middleaged withmoderatecrowfeet/forehead/nasolabialfolds, subtlegreytemples. Notelderly. EXPRESSION:neutralrelaxedmouth. REPLACE HEADWEAR:early period chaperon in simple hood-and-cape form, NOT later turban form; visible natural ear-below bob hair. . TARGETCLOTHING:heavily worn secondhand dull ochre-brown wool tunic, multiple mismatched repairs and fraying over rough hemp-linen, visibly more worn than labour clothes, simple cord fastening, no jewels or fur; dignified rather than comic dirt. HAIRCOLOR:dark chestnut with scattered grey strands. PreserveEXACT SAMEPERSON recognizable skull/nose/eye spacing/earshape/chin:narrow domed skull; close small dark eyes with downturned corners; broad bulbous short nose and flared nostrils; broad high cheekbones; thick lower lip and thin upper lip; long blunt chin angled right; large open ears. Keepfrontorientation andthinbodytype, samehandpaintednaturalrealism, flatgreybrownbackground upperleftlight squarebustcrop. Anatomicalaging integrated throughfaceandneck, notdrawnwrinklemask. Adultmalehair continuousBLUNT BOB BELOW EARLOBES atjawangle unlessbald/tonsured. Miniver is softgreywhiteSQUIRREL noBLACKERMINEspots. Actuallydrawtargetheadwearnotoriginal ifdifferent. No mirror, text, panels, newactor.","57afab5f6c4f7534569d2074d6c65b70ecb8c8c9b8aea5a1d5623b66aa8ca30e"
"I063","old","I063_old","portraits/I063_old.png","m","70","poor_servant","household servant","thin","front","silver-grey and white remnants of original dark chestnut","light warm ivory with faint olive undertone","narrow domed skull; close small dark eyes with downturned corners; broad bulbous short nose and flared nostrils; broad high cheekbones; thick lower lip and thin upper lip; long blunt chin angled right; large open ears","heavily worn secondhand dull ochre-brown wool tunic, multiple mismatched repairs and fraying over rough hemp-linen, visibly more worn than labour clothes, simple cord fastening, no jewels or fur; dignified rather than comic dirt","married","neutral","bare_bob","provenance/raw/I063_old.png","f98475c74b86d18c691730a563793066c89a261f5f91f1460b503e906418f76d","provenance/references/909edaf289b6-I063_old-r1-ref0.png","IDENTITY-PRESERVE completeportrait edit. ApplytargetchangesFIRST: Now70 clearlyELDERLY: whitegreyhair ifvisible, droopinglids/saggingjowls/loose neckskin/age spots. Read65-75at96px. EXPRESSION:neutralrelaxedmouth. REPLACE HEADWEAR:bare head with naturally uneven straight or wavy blunt bob below ears, no short sides or fade. . TARGETCLOTHING:heavily worn secondhand dull ochre-brown wool tunic, multiple mismatched repairs and fraying over rough hemp-linen, visibly more worn than labour clothes, simple cord fastening, no jewels or fur; dignified rather than comic dirt. HAIRCOLOR:silver-grey and white remnants of original dark chestnut. PreserveEXACT SAMEPERSON recognizable skull/nose/eye spacing/earshape/chin:narrow domed skull; close small dark eyes with downturned corners; broad bulbous short nose and flared nostrils; broad high cheekbones; thick lower lip and thin upper lip; long blunt chin angled right; large open ears. Keepfrontorientation andthinbodytype, samehandpaintednaturalrealism, flatgreybrownbackground upperleftlight squarebustcrop. Anatomicalaging integrated throughfaceandneck, notdrawnwrinklemask. Adultmalehair continuousBLUNT BOB BELOW EARLOBES atjawangle unlessbald/tonsured. Miniver is softgreywhiteSQUIRREL noBLACKERMINEspots. Actuallydrawtargetheadwearnotoriginal ifdifferent. No mirror, text, panels, newactor.","9f395e8ce9eb2e159accb7b735b9400eb8b11cac260120decf08fa43a3ddf215"
"I064","young","I064_young","portraits/I064_young.png","f","24","poor_servant","washerwoman","fat","front","golden brown","fair cool rose with dense freckles","very short wide square face; low broad forehead; extremely wide-set round hazel eyes; tiny narrow long nose with pointed downward tip; broad full mouth; wide soft chin with deep central dimple; small pointed-top ears","heavily worn secondhand dull blue-grey wool kirtle, multiple mismatched repairs and fraying over rough hemp-linen, visibly more worn than labour clothes, simple cord fastening, no jewels or fur; dignified rather than comic dirt","unmarried","neutral","hood","provenance/raw/I064_young.png","ccbfba68b08ec20483ab971b294aa3f7a02690d5e815fdd72a36e82486c81f15","provenance/references/c88d923aca2f-파일럿_36명_통과_기준.jpg","Paint one complete indivisible square bust portrait, Southern England circa1300, same natural hand-painted realism and fine skin/wool brush texture as approved reference sheet. Reference is STYLE and quality ONLY; invent a completely NEW person unlike ANY reference face, never copy skull/eyes/nose. Opaque plain low-saturation grey-brown background, soft upper-left light, eyes40-48%height, comfortable head margin, full upper chest and shoulders to bottomedge. Natural realistic anatomy, no caricature, no photo filter, no black outlines/text/frame. DISTINCT CRANIOFACIAL IDENTITY and body silhouette. Skin tone and bodyfat do not imply wealth, morality or virtue. Draw desired direction from scratch NEVER mirror. Clothing MUST visibly identify circa1300 class: fine saturated but restrained scarlet/deepblue/forestgreen and sizeable miniver/fox fur for gentry, good mutedblue/plum wool and fur for merchant, workaprons/tools for artisan, coarse faded repairedcloth for labour/poor. All costumes painted coherently with face, not layers. Female headwear per subject must be structurally accurate and varied, NOT generic whiteveil every time. Adult male hair with straight or softlywavy blunt bob reaching BELOW EARS circa1300, no modern cropped sides/crewcut (except specified tonsure or bald elder). Expression MUST follow subject, mild lifelike smiling/worry/sharpness where specified. ONE complete natural hand-painted bust of I064, a 24-year-old woman in southern England around 1300, washerwoman, almost directly FRONT-facing, both cheeks visible with slight natural asymmetry. Permanent unique anatomical identity: very short wide square face; low broad forehead; extremely wide-set round hazel eyes; tiny narrow long nose with pointed downward tip; broad full mouth; wide soft chin with deep central dimple; small pointed-top ears. Build: clearly fat, full cheeks and jaw flesh, thick neck and broad soft shoulders without caricature. Skin: fair cool rose with dense freckles; no complexion or body moral/class symbolism. Hair: golden brown. Age: youthful facial tissue and clear eyes, no deep mature wrinkles. Expression: quiet neutral relaxed mouth and alert eyes. Clothing must visibly communicate occupation and class: heavily worn secondhand dull blue-grey wool kirtle, multiple mismatched repairs and fraying over rough hemp-linen, visibly more worn than labour clothes, simple cord fastening, no jewels or fur; dignified rather than comic dirt. Headwear: period fitted wool hood with open face and draped shoulder cape. Across ages preserve this actual skull, nose, eye spacing, ear shape and chin asymmetry; do not substitute another actor. No modern fade, undercut, crew cut or makeup. Whole person painted together, no layers and no mirroring. Coherent upper-left light, flat muted grey-brown background, bust fills frame, eye line roughly 40–48 percent canvas height. Gentry colors visibly richer than labour cloth, never neon. Distinct realistic individual, no caricature or repeated pilot face. STRICT FRONT VIEW equalcheeks nosecentered eyesdirectlytocamera, NOTthreequarter.","ea8e13d3629bd65016167bbb62a9fb44167c210a4a33fa29357f3eb790d6c1aa"
"I064","mature","I064_mature","portraits/I064_mature.png","f","45","poor_servant","washerwoman","fat","front","golden brown with scattered grey strands","fair cool rose with dense freckles","very short wide square face; low broad forehead; extremely wide-set round hazel eyes; tiny narrow long nose with pointed downward tip; broad full mouth; wide soft chin with deep central dimple; small pointed-top ears","heavily worn secondhand dull blue-grey wool kirtle, multiple mismatched repairs and fraying over rough hemp-linen, visibly more worn than labour clothes, simple cord fastening, no jewels or fur; dignified rather than comic dirt","married","neutral","colored_headscarf","provenance/raw/I064_mature.png","d05c6d82c431ec83cd8ff7eb814c5cf50a12c714b89fb046508601cd9f5104b3","provenance/references/ea8e13d3629b-I064_mature-r1-ref0.png","IDENTITYPRESERVING completeportrait edit. ApplyVISIBLECHANGES first: Age45middleaged visible crowfeet nasolabialfolds earlygreytemples, notelderly. EXPRESSION:relaxedneutralmouth. REPLACE HEADWEAR:visibly colored muted ochre or woad-blue headscarf tied behind crown, NOT white veil.  CLOTHING:heavily worn secondhand dull blue-grey wool kirtle, multiple mismatched repairs and fraying over rough hemp-linen, visibly more worn than labour clothes, simple cord fastening, no jewels or fur; dignified rather than comic dirt. Haircolor:golden brown with scattered grey strands. PreserveexactSAMEPERSON skull/nose/eyes/ears/chin:very short wide square face; low broad forehead; extremely wide-set round hazel eyes; tiny narrow long nose with pointed downward tip; broad full mouth; wide soft chin with deep central dimple; small pointed-top ears. Same front direction and fat bodytype. Samepainterlyrealism upperleftlight plaingreybrown opaque squarebust. Integratedskinaging notwrinklestickers. Civiliannormalhair belowearbluntbob exceptspecifiedtonsure/bald. MINIVER plainmottledGREYWHITE SQUIRREL fur NO BLACKERMINE SPOTS. Showtargetheadwear evenifdifferentfromoriginal. No mirror/text/grid/newactor.","d87fbcde6c0ee163d9e39a62adcad159235eef73d400b5eee7f00879d8e44117"
"I064","old","I064_old","portraits/I064_old.png","f","70","poor_servant","washerwoman","fat","front","silver-grey and white remnants of original golden brown","fair cool rose with dense freckles","very short wide square face; low broad forehead; extremely wide-set round hazel eyes; tiny narrow long nose with pointed downward tip; broad full mouth; wide soft chin with deep central dimple; small pointed-top ears","heavily worn secondhand dull blue-grey wool kirtle, multiple mismatched repairs and fraying over rough hemp-linen, visibly more worn than labour clothes, simple cord fastening, no jewels or fur; dignified rather than comic dirt","widow","neutral","widow_veil","provenance/raw/I064_old.png","f4cb6180ef3365b508fa3050b24e9166212edf83397db17a5500c50ca240f81f","provenance/references/ea8e13d3629b-I064_old-r1-ref0.png","IDENTITYPRESERVING completeportrait edit. ApplyVISIBLECHANGES first: Age70elderly clearlysilverwhitehair saggingcheeksjowlsneck droopinglids andagespots. At96px mustread65-75 not50. EXPRESSION:relaxedneutralmouth. REPLACE HEADWEAR:conservative widow veil in blue-grey or dark brown, not white and not obligatory pure black.  CLOTHING:heavily worn secondhand dull blue-grey wool kirtle, multiple mismatched repairs and fraying over rough hemp-linen, visibly more worn than labour clothes, simple cord fastening, no jewels or fur; dignified rather than comic dirt. Haircolor:silver-grey and white remnants of original golden brown. PreserveexactSAMEPERSON skull/nose/eyes/ears/chin:very short wide square face; low broad forehead; extremely wide-set round hazel eyes; tiny narrow long nose with pointed downward tip; broad full mouth; wide soft chin with deep central dimple; small pointed-top ears. Same front direction and fat bodytype. Samepainterlyrealism upperleftlight plaingreybrown opaque squarebust. Integratedskinaging notwrinklestickers. Civiliannormalhair belowearbluntbob exceptspecifiedtonsure/bald. MINIVER plainmottledGREYWHITE SQUIRREL fur NO BLACKERMINE SPOTS. Showtargetheadwear evenifdifferentfromoriginal. No mirror/text/grid/newactor.","a638fc1ad88d93ba43192a95af0af11be17b7ff7cce39e596c1506e96246501d"
"I065","child","I065_child","portraits/I065_child.png","m","10","child","artisan household child, later apprentice","average","left","dark brown","fair cool ivory with freckles","high broad child forehead; wide-set small blue eyes; short wide nose with raised round tip; large low cupped ears; narrow lower face and shallow chin cleft; broad small-lipped mouth","child-sized modest dull-ochre wool tunic and simple little apron, household means visible, no adult-heavy tools on child","child","neutral","hood","provenance/raw/I065_child.png","60cd016696cb7d2b2a993f623a5c352e9beda78d5f3ac0f1369beef83d92ca29","provenance/references/c88d923aca2f-파일럿_36명_통과_기준.jpg","Paint one complete indivisible square bust portrait, Southern England circa1300, same natural hand-painted realism and fine skin/wool brush texture as approved reference sheet. Reference is STYLE and quality ONLY; invent a completely NEW person unlike ANY reference face, never copy skull/eyes/nose. Opaque plain low-saturation grey-brown background, soft upper-left light, eyes40-48%height, comfortable head margin, full upper chest and shoulders to bottomedge. Natural realistic anatomy, no caricature, no photo filter, no black outlines/text/frame. DISTINCT CRANIOFACIAL IDENTITY and body silhouette. Skin tone and bodyfat do not imply wealth, morality or virtue. Draw desired direction from scratch NEVER mirror. Clothing MUST visibly identify circa1300 class: fine saturated but restrained scarlet/deepblue/forestgreen and sizeable miniver/fox fur for gentry, good mutedblue/plum wool and fur for merchant, workaprons/tools for artisan, coarse faded repairedcloth for labour/poor. All costumes painted coherently with face, not layers. Female headwear per subject must be structurally accurate and varied, NOT generic whiteveil every time. Adult male hair with straight or softlywavy blunt bob reaching BELOW EARS circa1300, no modern cropped sides/crewcut (except specified tonsure or bald elder). Expression MUST follow subject, mild lifelike smiling/worry/sharpness where specified. ONE complete natural hand-painted bust of I065, a 10-year-old boy in southern England around 1300, artisan household child, later apprentice, genuinely facing image LEFT in three-quarter view. Permanent unique anatomical identity: high broad child forehead; wide-set small blue eyes; short wide nose with raised round tip; large low cupped ears; narrow lower face and shallow chin cleft; broad small-lipped mouth. Build: ordinary medium neck and shoulders with moderate cheek tissue. Skin: fair cool ivory with freckles; no complexion or body moral/class symbolism. Hair: dark brown; no facial hair; civilian hair below ears in natural blunt medieval bob unless tonsured or balding. Age: clearly ten-year-old proportions: larger eyes relative to small face, short child neck, small shoulders, no adult jaw or beard. Expression: quiet neutral relaxed mouth and alert eyes. Clothing must visibly communicate occupation and class: child-sized modest dull-ochre wool tunic and simple little apron, household means visible, no adult-heavy tools on child. Headwear: early period chaperon in simple hood-and-cape form, NOT later turban form; visible natural ear-below bob hair. Across ages preserve this actual skull, nose, eye spacing, ear shape and chin asymmetry; do not substitute another actor. No modern fade, undercut, crew cut or makeup. Whole person painted together, no layers and no mirroring. Coherent upper-left light, flat muted grey-brown background, bust fills frame, eye line roughly 40–48 percent canvas height. Gentry colors visibly richer than labour cloth, never neon. Distinct realistic individual, no caricature or repeated pilot face.","695d51841bb74edc40880459cca4d99956465a2cd78df3647f562e0958462c93"
"I065","young","I065_young","portraits/I065_young.png","m","22","child","artisan household child, later apprentice","average","left","dark brown","fair cool ivory with freckles","high broad child forehead; wide-set small blue eyes; short wide nose with raised round tip; large low cupped ears; narrow lower face and shallow chin cleft; broad small-lipped mouth","young-adult-sized modest dull-ochre wool tunic and simple little apron, household means visible, no adult-heavy tools on child; faint young-adult moustache/stubble signals maturation","married","sharp_suspicious","hood","provenance/raw/I065_young.png","c457686353ad4c56c29caf5998df16f250fa67a02b2dba8608c1685a0310650f","provenance/references/695d51841bb7-I065_young-r2-ref0.png","This reference is a CHILD. Paint him after GROWING INTO AN ADULT MAN, aged22 to25. MUST LOOK AN ADULT, NOT A12-16yearold teen and NOT childwithbiggerclothes. Preserve distinctive eye spacing/nosebridge shape/earshape and inheritedbrow so recognized asgrown SAMEchild, but permit NORMAL PUBERTAL skeletal growth: substantially LONGER MATURE LOWER FACE, wider developed jawbone, longer/bigger adultnose, adultchin, proportionallysmaller eyes in adulthead, thickeradultneck, fullybroad adultshoulders. Keep his lean-average build with nowbroadadultshoulders andlongadultneck. Samebrown hair, belowear medievalbob and fineyoungadultstubble. Mutedochre coarsecote andlinenapron, brownfeltcap. Sharp assessing expression. Same RIGHT/LEFT orientation asreference: do notflip. Complete coherent handpainted naturalrealism bust square, flatgrey-brownbackground upperleftlight. NO agewrinklesoldman, just visiblyfullygrown youngadult. No text,frame,grid. CANNOTretainchildhoodshortjaw/buttonface. This is physiologicalgrowth across12years, notwardrobechange.","805e11330abd1970f94c2bb7ee617634a1010d48af0000b0bb151eac24455d82"
"I066","child","I066_child","portraits/I066_child.png","m","10","child","merchant household child, later shop assistant","fat","right","copper red","light warm peach ivory","small low forehead over broad full cheeks; close-set large green eyes; unusually long thin straight nose for age; tiny high ears; full lower lip and small upper lip; broad flat chin; short full neck","child-sized good muted plum wool cote with fine seams, household means visible, no adult-heavy tools on child","child","neutral","felt_hat","provenance/raw/I066_child.png","43da855098a4105303f62658b70792324f34c810c63be0f2b10295700bfbccbd","provenance/references/c88d923aca2f-파일럿_36명_통과_기준.jpg","Paint one complete indivisible square bust portrait, Southern England circa1300, same natural hand-painted realism and fine skin/wool brush texture as approved reference sheet. Reference is STYLE and quality ONLY; invent a completely NEW person unlike ANY reference face, never copy skull/eyes/nose. Opaque plain low-saturation grey-brown background, soft upper-left light, eyes40-48%height, comfortable head margin, full upper chest and shoulders to bottomedge. Natural realistic anatomy, no caricature, no photo filter, no black outlines/text/frame. DISTINCT CRANIOFACIAL IDENTITY and body silhouette. Skin tone and bodyfat do not imply wealth, morality or virtue. Draw desired direction from scratch NEVER mirror. Clothing MUST visibly identify circa1300 class: fine saturated but restrained scarlet/deepblue/forestgreen and sizeable miniver/fox fur for gentry, good mutedblue/plum wool and fur for merchant, workaprons/tools for artisan, coarse faded repairedcloth for labour/poor. All costumes painted coherently with face, not layers. Female headwear per subject must be structurally accurate and varied, NOT generic whiteveil every time. Adult male hair with straight or softlywavy blunt bob reaching BELOW EARS circa1300, no modern cropped sides/crewcut (except specified tonsure or bald elder). Expression MUST follow subject, mild lifelike smiling/worry/sharpness where specified. ONE complete natural hand-painted bust of I066, a 10-year-old boy in southern England around 1300, merchant household child, later shop assistant, genuinely facing image RIGHT in three-quarter view. Permanent unique anatomical identity: small low forehead over broad full cheeks; close-set large green eyes; unusually long thin straight nose for age; tiny high ears; full lower lip and small upper lip; broad flat chin; short full neck. Build: clearly fat, full cheeks and jaw flesh, thick neck and broad soft shoulders without caricature. Skin: light warm peach ivory; no complexion or body moral/class symbolism. Hair: copper red; no facial hair; civilian hair below ears in natural blunt medieval bob unless tonsured or balding. Age: clearly ten-year-old proportions: larger eyes relative to small face, short child neck, small shoulders, no adult jaw or beard. Expression: quiet neutral relaxed mouth and alert eyes. Clothing must visibly communicate occupation and class: child-sized good muted plum wool cote with fine seams, household means visible, no adult-heavy tools on child. Headwear: low soft felt hat over natural ear-below blunt bob. Across ages preserve this actual skull, nose, eye spacing, ear shape and chin asymmetry; do not substitute another actor. No modern fade, undercut, crew cut or makeup. Whole person painted together, no layers and no mirroring. Coherent upper-left light, flat muted grey-brown background, bust fills frame, eye line roughly 40–48 percent canvas height. Gentry colors visibly richer than labour cloth, never neon. Distinct realistic individual, no caricature or repeated pilot face.","2cb10e3163fac8484db8e14eb4c81490f24d958515ba35fada5271ddca2aa12a"
"I066","young","I066_young","portraits/I066_young.png","m","22","child","merchant household child, later shop assistant","fat","right","copper red","light warm peach ivory","small low forehead over broad full cheeks; close-set large green eyes; unusually long thin straight nose for age; tiny high ears; full lower lip and small upper lip; broad flat chin; short full neck","young-adult-sized good muted plum wool cote with fine seams, household means visible, no adult-heavy tools on child; faint young-adult moustache/stubble signals maturation","unmarried","tired_worried","felt_hat","provenance/raw/I066_young.png","59f1b9dff751d95a37de089e9eede28e02c81a81416e39cc21f072f28cb3f9d2","provenance/references/2cb10e3163fa-I066_young-r2-ref0.png","This reference is a CHILD. Paint him after GROWING INTO AN ADULT MAN, aged22 to25. MUST LOOK AN ADULT, NOT A12-16yearold teen and NOT childwithbiggerclothes. Preserve distinctive eye spacing/nosebridge shape/earshape and inheritedbrow so recognized asgrown SAMEchild, but permit NORMAL PUBERTAL skeletal growth: substantially LONGER MATURE LOWER FACE, wider developed jawbone, longer/bigger adultnose, adultchin, proportionallysmaller eyes in adulthead, thickeradultneck, fullybroad adultshoulders. Keep his FAT stockybuild fullcheeksanddoublechin, but adultproportions and faint youngadult moustache/stubble. Same red-brown hair. Good subdued plum wool garment, modestbrownfurcollar, linenCOIF underfeltcap. Wearyconcerned expression. Same RIGHT/LEFT orientation asreference: do notflip. Complete coherent handpainted naturalrealism bust square, flatgrey-brownbackground upperleftlight. NO agewrinklesoldman, just visiblyfullygrown youngadult. No text,frame,grid. CANNOTretainchildhoodshortjaw/buttonface. This is physiologicalgrowth across12years, notwardrobechange.","1c97a529bf85823fbfb37d7c15ad48b4af8c0ea36eef97c8027d1e74dc950806"
"I067","child","I067_child","portraits/I067_child.png","f","10","child","labouring household child, later field worker","thin","left","black brown","fair light golden ivory with fine freckles","tall narrow forehead; huge wide-set grey eyes; short broad snub nose; prominent small rounded ears; narrow triangular chin; wide thin lips with one side higher","child-sized coarse faded-green wool tunic with neat repair, household means visible, no adult-heavy tools on child","child","slight_smile","loose_unmarried","provenance/raw/I067_child.png","fde064088f7ba06e445f4558f4926c8b5339107c062d79fd82f7d42e08194071","provenance/references/c88d923aca2f-파일럿_36명_통과_기준.jpg","Paint one complete indivisible square bust portrait, Southern England circa1300, same natural hand-painted realism and fine skin/wool brush texture as approved reference sheet. Reference is STYLE and quality ONLY; invent a completely NEW person unlike ANY reference face, never copy skull/eyes/nose. Opaque plain low-saturation grey-brown background, soft upper-left light, eyes40-48%height, comfortable head margin, full upper chest and shoulders to bottomedge. Natural realistic anatomy, no caricature, no photo filter, no black outlines/text/frame. DISTINCT CRANIOFACIAL IDENTITY and body silhouette. Skin tone and bodyfat do not imply wealth, morality or virtue. Draw desired direction from scratch NEVER mirror. Clothing MUST visibly identify circa1300 class: fine saturated but restrained scarlet/deepblue/forestgreen and sizeable miniver/fox fur for gentry, good mutedblue/plum wool and fur for merchant, workaprons/tools for artisan, coarse faded repairedcloth for labour/poor. All costumes painted coherently with face, not layers. Female headwear per subject must be structurally accurate and varied, NOT generic whiteveil every time. Adult male hair with straight or softlywavy blunt bob reaching BELOW EARS circa1300, no modern cropped sides/crewcut (except specified tonsure or bald elder). Expression MUST follow subject, mild lifelike smiling/worry/sharpness where specified. ONE complete natural hand-painted bust of I067, a 10-year-old girl in southern England around 1300, labouring household child, later field worker, genuinely facing image LEFT in three-quarter view. Permanent unique anatomical identity: tall narrow forehead; huge wide-set grey eyes; short broad snub nose; prominent small rounded ears; narrow triangular chin; wide thin lips with one side higher. Build: slender neck, narrow bony shoulders and lean tissues; skull may still be broad. Skin: fair light golden ivory with fine freckles; no complexion or body moral/class symbolism. Hair: black brown. Age: clearly ten-year-old proportions: larger eyes relative to small face, short child neck, small shoulders, no adult jaw or beard. Expression: subtle closed-mouth half-smile with gently lifted corners and softened eyes, no broad grin. Clothing must visibly communicate occupation and class: child-sized coarse faded-green wool tunic with neat repair, household means visible, no adult-heavy tools on child. Headwear: unmarried loose shoulder-length hair with a simple narrow woven band, no modern styling. Across ages preserve this actual skull, nose, eye spacing, ear shape and chin asymmetry; do not substitute another actor. No modern fade, undercut, crew cut or makeup. Whole person painted together, no layers and no mirroring. Coherent upper-left light, flat muted grey-brown background, bust fills frame, eye line roughly 40–48 percent canvas height. Gentry colors visibly richer than labour cloth, never neon. Distinct realistic individual, no caricature or repeated pilot face.","c9fff2e86f7f97d09a4d95abd1984b6e4d6a8e8316691146e836222a05fb4286"
"I067","young","I067_young","portraits/I067_young.png","f","22","child","labouring household child, later field worker","thin","left","black brown","fair light golden ivory with fine freckles","tall narrow forehead; huge wide-set grey eyes; short broad snub nose; prominent small rounded ears; narrow triangular chin; wide thin lips with one side higher","young-adult-sized coarse faded-green wool tunic with neat repair, household means visible, no adult-heavy tools on child","married","neutral","white_veil","provenance/raw/I067_young.png","ab3a1c44db11ea9a80ec66d82ba99e58986bddac14fb1cf47d84f7f3fff3bd70","provenance/references/c9fff2e86f7f-I067_young-r1-ref0.png","IDENTITYPRESERVING completeportrait edit. ApplyVISIBLECHANGES first: Growchild into adult22 developedjaw adultneck/shoulders sameeyesnoseears. EXPRESSION:relaxedneutralmouth. REPLACE HEADWEAR:softly draped white linen veil with natural folds.  CLOTHING:young-adult-sized coarse faded-green wool tunic with neat repair, household means visible, no adult-heavy tools on child. Haircolor:black brown. PreserveexactSAMEPERSON skull/nose/eyes/ears/chin:tall narrow forehead; huge wide-set grey eyes; short broad snub nose; prominent small rounded ears; narrow triangular chin; wide thin lips with one side higher. Same left direction and thin bodytype. Samepainterlyrealism upperleftlight plaingreybrown opaque squarebust. Integratedskinaging notwrinklestickers. Civiliannormalhair belowearbluntbob exceptspecifiedtonsure/bald. MINIVER plainmottledGREYWHITE SQUIRREL fur NO BLACKERMINE SPOTS. Showtargetheadwear evenifdifferentfromoriginal. No mirror/text/grid/newactor.","a1b7537c32b4cdf74e23363f49d80d440d15c45d23ce08af63a9e8c6e323b58e"
"I068","child","I068_child","portraits/I068_child.png","f","10","child","gentry household child, later administrator","average","right","ash blond","fair pale rose beige","low broad child forehead; close-set small hazel eyes; broad straight nose with flat tip; high round cheeks; full upper lip and narrow lower lip; short round jaw and small chin dimple; broad high ears","child-sized fine deep-blue wool cote with narrow miniver (soft grey-white squirrel fur, no black ermine spots) lining and small bronze brooch, household means visible, no adult-heavy tools on child","child","neutral","coif","provenance/raw/I068_child.png","17821cd4b0ecc6a19843d2298da8f43aa7273722071f36a5c95ec2f352715047","provenance/references/56e96621aece-I068_child-before-r2.png","Edit ONLY FUR MATERIAL. Preserveexactlysameperson,face,age,expression,headwear,hair,pose,clothescolors andbackground. ReplaceALLblackspottedwhitefur with natural soft grey-white SQUIRREL MINIVER: gently blended greywhite fur, NO blackdots/spots/tails. NOTERMINE. Keep collarshape/thickness, allotherdetailsunchanged, samehandpaintedportrait noframes/text/flip.","e54b1dabed80331169479ef6971e8ce3df0d1701601723ccc8e09a720b89c748"
"I068","young","I068_young","portraits/I068_young.png","f","22","child","gentry household child, later administrator","average","right","ash blond","fair pale rose beige","low broad child forehead; close-set small hazel eyes; broad straight nose with flat tip; high round cheeks; full upper lip and narrow lower lip; short round jaw and small chin dimple; broad high ears","young-adult-sized fine deep-blue wool cote with narrow miniver (soft grey-white squirrel fur, no black ermine spots) lining and small bronze brooch, household means visible, no adult-heavy tools on child","unmarried","tired_worried","straw_hat","provenance/raw/I068_young.png","201cfb68c903035ee2d9499247b62da3ae8d7bcc79b60fefeb38e04ef53dbc5a","provenance/references/e54b1dabed80-I068_young-r2-ref0.png","This reference is a10yearold girl. Paint SAME PERSON after12years of GROWTH as FULLY GROWN ADULT WOMAN22-25, not13yearoldchildinahat. Preserve inherited close-set smallhazel eyes, broadstraightnose flat tip, fulllowerfacefamilyresemblance, chin dimple andearshape. NORMAL MATURATION MUST BE STRONG: grown longer lowerface and adultjaw, largermature nose, clearlydefined cheekbones withlesschildcheekpuffiness, eyesproportionallysmaller withinadulthead, longeradultneck, fullydeveloped broadadultshoulders. No oldagewrinkles, youthful adult natural skin. Averagebody, fairroseybeigeskin, ashblondhair secured beneath NATURAL STRAWHAT moderatebrim. Matured young-adult-sized fine deepblue wool gown with narrow GREYWHITE squirrelfur miniver collar NOBLACKSPOTS andsmallbronzebrooch. Concerned tired adult expression subtle browpinch. PreserveRIGHTthreequarter nosepointsimageright, same painterlynaturalrealism flatgreybrownbackground andupperleftlight squarebust. Mustreadadult22at96px, NOT childhoodproportions. Onecoherentportrait no text/flip/panels.","f3b96f0c6c7353c5478afb9ee9a62222cea38bf038ad896e83a7cac57d5246a6"
