"identity_id","stage","id","file","sex","age","class","occupation","role","prop","prop_group","body","direction","hair_color","skin_tone","features","clothing","marital_status","expression","headwear_type","source_file","source_sha256","reference_files","prompt","sha256"
"I069","young","I069_young","portraits/I069_young.png","m","24","artisan","miller","방앗간 주인","grain_measure","other","heavy","left","dark auburn","warm ivory with copper freckles","very tall cylindrical head; narrow sloping forehead; enormous low-set rounded ears; small close-set grey eyes; long straight nose ending in an unusually broad forked tip; tiny upper lip and full lower lip; long wedge-shaped chin","good russet wool cote with flour-dusted indigo work apron, rolled practical cuffs, sturdy broad shoulders","married","neutral","felt_hat","provenance/raw/I069_young.png","3dc3ec6ada7502e58a2916753196e61dd71ef0d875a535aa34fa53a65002994b","provenance/references/5ab20f510948-style-1.jpg","Use case: historical-scene. Create ONE SINGLE square finished 1300 England game portrait, no grid, no labels. Input is STYLE ONLY, do not copy any person's identity or accessories. Match reference natural hand-painted oil/gouache realism, restrained brush texture and soft upper-left light, flat opaque muted grey-brown background. Full head inside frame with modest top margin, shoulders and lower bust included for costume and prescribed prop. Distinct natural human with bold anatomical individuality, not a generic actor in new costume. No black-tipped ermine fur, no fantasy, no modern haircut, no text. ONE complete hand-painted natural realistic bust of I069, a 24-year-old man, southern England around 1300, role: miller. Genuinely facing image LEFT in three-quarter view; paint this direction, never mirror. Permanent anatomical identity: very tall cylindrical head; narrow sloping forehead; enormous low-set rounded ears; small close-set grey eyes; long straight nose ending in an unusually broad forked tip; tiny upper lip and full lower lip; long wedge-shaped chin. Build: full cheeks, substantial neck and broad fleshy shoulders, visibly heavier build; not caricature. Skin: warm ivory with copper freckles; never connect skin tone or body to class, morality or nationality. Hair: dark auburn; natural blunt medieval bob reaching below both ears, no cropped modern sides; short auburn chin beard. Age: A genuinely grown young adult with adult jaw, longer neck and adult shoulders, youthful firm skin without deep age wrinkles. Expression: quiet neutral relaxed mouth and naturally alert eyes. Class must read from costume texture, cut, fur, headwear and posture even if the prop is hidden: good russet wool cote with flour-dusted indigo work apron, rolled practical cuffs, sturdy broad shoulders. Headwear: low soft felt cap above natural blunt ear-below medieval bob, no modern cropped sides. Prop staging, exactly: a small open wooden grain measuring cup supported in the LEFT palm at lower left. ABSOLUTELY NO BOOK, SCROLL, DOCUMENT OR PAPER. Do not add extra generic props. Preserve this same unique skull, nose, eyes, lips, ears and chin across ages; adult growth follows child landmarks. Whole completed person painted together, no assembled layers. Bust fills square with headwear fully inside frame and enough lower torso for the stated object, upper-left soft light, opaque flat muted grey-brown background. Painterly realism matching approved pilot, natural individualized face, not caricature, no modern haircuts or fantasy clothing.","5696b4e027cb60c87d26d5b2b27ee307702cc42430b5d2f560768e35b4816350"
"I069","mature","I069_mature","portraits/I069_mature.png","m","45","artisan","miller","방앗간 주인","grain_measure","other","heavy","left","dark auburn with visible grey strands","warm ivory with copper freckles","very tall cylindrical head; narrow sloping forehead; enormous low-set rounded ears; small close-set grey eyes; long straight nose ending in an unusually broad forked tip; tiny upper lip and full lower lip; long wedge-shaped chin","good russet wool cote with flour-dusted indigo work apron, rolled practical cuffs, sturdy broad shoulders","married","neutral","felt_hat","provenance/raw/I069_mature.png","afbc6e524b05fcb2de03d7b8c8242589bff574fd76f25cfc38c89cbb1dbfc620","provenance/references/5696b4e027cb-I069_mature-r1-ref0.png","Use case: identity-preserve. Input image is EXACT young identity to age, not merely style. Paint ONE complete finished bust of this SAME person at the requested age. Preserve distinctive skull silhouette, nose shape, eye spacing, chin, ears, skin family, direction, body build, costume quality, hand/prop positioning, brushwork, lighting and background. Mature MUST have noticeable midlife facial tissue/lines and partial grey, old MUST clearly have deeper wrinkles sagging and white-grey hair/beard. Follow requested changes of expression/headwear while remaining recognizable as this same person; not merely different hair. Keep 1300 England costume. Never add extra objects, no book unless explicitly assigned. No labels, no grid, no mirroring. ONE complete hand-painted natural realistic bust of I069, a 45-year-old man, southern England around 1300, role: miller. Genuinely facing image LEFT in three-quarter view; paint this direction, never mirror. Permanent anatomical identity: very tall cylindrical head; narrow sloping forehead; enormous low-set rounded ears; small close-set grey eyes; long straight nose ending in an unusually broad forked tip; tiny upper lip and full lower lip; long wedge-shaped chin. Build: full cheeks, substantial neck and broad fleshy shoulders, visibly heavier build; not caricature. Skin: warm ivory with copper freckles; never connect skin tone or body to class, morality or nationality. Hair: dark auburn with visible grey strands; natural blunt medieval bob reaching below both ears, no cropped modern sides; short auburn chin beard. Age: Same person at forty-five: visible moderate crow feet, forehead creases and nasolabial folds, subtle greying and mature tissue; not merely a changed hat. Expression: quiet neutral relaxed mouth and naturally alert eyes. Class must read from costume texture, cut, fur, headwear and posture even if the prop is hidden: good russet wool cote with flour-dusted indigo work apron, rolled practical cuffs, sturdy broad shoulders. Headwear: low soft felt cap above natural blunt ear-below medieval bob, no modern cropped sides. Prop staging, exactly: a small open wooden grain measuring cup supported in the LEFT palm at lower left. ABSOLUTELY NO BOOK, SCROLL, DOCUMENT OR PAPER. Do not add extra generic props. Preserve this same unique skull, nose, eyes, lips, ears and chin across ages; adult growth follows child landmarks. Whole completed person painted together, no assembled layers. Bust fills square with headwear fully inside frame and enough lower torso for the stated object, upper-left soft light, opaque flat muted grey-brown background. Painterly realism matching approved pilot, natural individualized face, not caricature, no modern haircuts or fantasy clothing.","0ffbd1d0085fe1f6a0c4b726e9acfd8ab3cb0a5cf5fdc58334bff4f613b1a22e"
"I069","old","I069_old","portraits/I069_old.png","m","70","artisan","miller","방앗간 주인","grain_measure","other","heavy","left","grey-white hair with remnants of dark auburn","warm ivory with copper freckles","very tall cylindrical head; narrow sloping forehead; enormous low-set rounded ears; small close-set grey eyes; long straight nose ending in an unusually broad forked tip; tiny upper lip and full lower lip; long wedge-shaped chin","good russet wool cote with flour-dusted indigo work apron, rolled practical cuffs, sturdy broad shoulders","married","tired_worried","felt_hat","provenance/raw/I069_old.png","de61a56848bf6a8fcd424f83e9abc9d397c1cccb7fc90e3a465db94caf1bd59b","provenance/references/5696b4e027cb-I069_old-r1-ref0.png","Use case: identity-preserve. Input image is EXACT young identity to age, not merely style. Paint ONE complete finished bust of this SAME person at the requested age. Preserve distinctive skull silhouette, nose shape, eye spacing, chin, ears, skin family, direction, body build, costume quality, hand/prop positioning, brushwork, lighting and background. Mature MUST have noticeable midlife facial tissue/lines and partial grey, old MUST clearly have deeper wrinkles sagging and white-grey hair/beard. Follow requested changes of expression/headwear while remaining recognizable as this same person; not merely different hair. Keep 1300 England costume. Never add extra objects, no book unless explicitly assigned. No labels, no grid, no mirroring. ONE complete hand-painted natural realistic bust of I069, a 70-year-old man, southern England around 1300, role: miller. Genuinely facing image LEFT in three-quarter view; paint this direction, never mirror. Permanent anatomical identity: very tall cylindrical head; narrow sloping forehead; enormous low-set rounded ears; small close-set grey eyes; long straight nose ending in an unusually broad forked tip; tiny upper lip and full lower lip; long wedge-shaped chin. Build: full cheeks, substantial neck and broad fleshy shoulders, visibly heavier build; not caricature. Skin: warm ivory with copper freckles; never connect skin tone or body to class, morality or nationality. Hair: grey-white hair with remnants of dark auburn; natural blunt medieval bob reaching below both ears, no cropped modern sides; short auburn chin beard. Age: Same person at seventy: clearly visible deeper wrinkles, eyelid and cheek sag, age spots, grey-white thinning hair; preserve all distinctive skeletal landmarks. Expression: clearly legible restrained concern or fatigue, knitted inner brows and weary softened mouth, no moral coding. Class must read from costume texture, cut, fur, headwear and posture even if the prop is hidden: good russet wool cote with flour-dusted indigo work apron, rolled practical cuffs, sturdy broad shoulders. Headwear: low soft felt cap above natural blunt ear-below medieval bob, no modern cropped sides. Prop staging, exactly: a small open wooden grain measuring cup supported in the LEFT palm at lower left. ABSOLUTELY NO BOOK, SCROLL, DOCUMENT OR PAPER. Do not add extra generic props. Preserve this same unique skull, nose, eyes, lips, ears and chin across ages; adult growth follows child landmarks. Whole completed person painted together, no assembled layers. Bust fills square with headwear fully inside frame and enough lower torso for the stated object, upper-left soft light, opaque flat muted grey-brown background. Painterly realism matching approved pilot, natural individualized face, not caricature, no modern haircuts or fantasy clothing.","d7a5ce48231eba4619f8d2e6ae9316509232d54649d504d5b4c2d9cbb56e2981"
"I070","young","I070_young","portraits/I070_young.png","f","24","artisan","alewife","에일 양조 여인","ale_jug","other","thin","right","black-brown","medium olive with warm ochre undertones","low broad domed forehead; wide-set heavy-lidded amber eyes; extremely short narrow upturned nose; projecting broad upper lip over tiny lower lip; high asymmetrical cheekbones and long tapering jaw; pointed right ear","well-kept madder-brown wool kirtle, dark moss apron and plain linen cuffs, prosperous working craft dress","married","neutral","colored_headscarf","provenance/raw/I070_young.png","b6f04f35c6ef5771e4907aa0ec160d639ab4d9b10e6a546d82d5f6b4f652a4c2","provenance/references/5ab20f510948-style-1.jpg","Use case: historical-scene. Create ONE SINGLE square finished 1300 England game portrait, no grid, no labels. Input is STYLE ONLY, do not copy any person's identity or accessories. Match reference natural hand-painted oil/gouache realism, restrained brush texture and soft upper-left light, flat opaque muted grey-brown background. Full head inside frame with modest top margin, shoulders and lower bust included for costume and prescribed prop. Distinct natural human with bold anatomical individuality, not a generic actor in new costume. No black-tipped ermine fur, no fantasy, no modern haircut, no text. ONE complete hand-painted natural realistic bust of I070, a 24-year-old woman, southern England around 1300, role: alewife. Genuinely facing image RIGHT in three-quarter view; paint this direction, never mirror. Permanent anatomical identity: low broad domed forehead; wide-set heavy-lidded amber eyes; extremely short narrow upturned nose; projecting broad upper lip over tiny lower lip; high asymmetrical cheekbones and long tapering jaw; pointed right ear. Build: slender neck and narrow bony shoulders, lean tissue; skull size independent of build. Skin: medium olive with warm ochre undertones; never connect skin tone or body to class, morality or nationality. Hair: black-brown; natural female hair consistent with headwear. Age: A genuinely grown young adult with adult jaw, longer neck and adult shoulders, youthful firm skin without deep age wrinkles. Expression: quiet neutral relaxed mouth and naturally alert eyes. Class must read from costume texture, cut, fur, headwear and posture even if the prop is hidden: well-kept madder-brown wool kirtle, dark moss apron and plain linen cuffs, prosperous working craft dress. Headwear: muted ochre or russet cloth headscarf tied close around head, visibly colored not white. Prop staging, exactly: a small glazed green earthenware ale jug hugged against the LEFT lower ribs. ABSOLUTELY NO BOOK, SCROLL, DOCUMENT OR PAPER. Do not add extra generic props. Preserve this same unique skull, nose, eyes, lips, ears and chin across ages; adult growth follows child landmarks. Whole completed person painted together, no assembled layers. Bust fills square with headwear fully inside frame and enough lower torso for the stated object, upper-left soft light, opaque flat muted grey-brown background. Painterly realism matching approved pilot, natural individualized face, not caricature, no modern haircuts or fantasy clothing.","c3f5f2c1933360db95b1937865d46a62fa8d7845aa1ea35bb00a293e7eb63ec3"
"I070","mature","I070_mature","portraits/I070_mature.png","f","45","artisan","alewife","에일 양조 여인","ale_jug","other","thin","right","black-brown with visible grey strands","medium olive with warm ochre undertones","low broad domed forehead; wide-set heavy-lidded amber eyes; extremely short narrow upturned nose; projecting broad upper lip over tiny lower lip; high asymmetrical cheekbones and long tapering jaw; pointed right ear","well-kept madder-brown wool kirtle, dark moss apron and plain linen cuffs, prosperous working craft dress","married","slight_smile","hood","provenance/raw/I070_mature.png","fb387d302e86d4af1f21ae11d2d0a25783c3d6f73ee65c0431041146e4d7cc94","provenance/references/c3f5f2c19333-I070_mature-r1-ref0.png","Use case: identity-preserve. Input image is EXACT young identity to age, not merely style. Paint ONE complete finished bust of this SAME person at the requested age. Preserve distinctive skull silhouette, nose shape, eye spacing, chin, ears, skin family, direction, body build, costume quality, hand/prop positioning, brushwork, lighting and background. Mature MUST have noticeable midlife facial tissue/lines and partial grey, old MUST clearly have deeper wrinkles sagging and white-grey hair/beard. Follow requested changes of expression/headwear while remaining recognizable as this same person; not merely different hair. Keep 1300 England costume. Never add extra objects, no book unless explicitly assigned. No labels, no grid, no mirroring. ONE complete hand-painted natural realistic bust of I070, a 45-year-old woman, southern England around 1300, role: alewife. Genuinely facing image RIGHT in three-quarter view; paint this direction, never mirror. Permanent anatomical identity: low broad domed forehead; wide-set heavy-lidded amber eyes; extremely short narrow upturned nose; projecting broad upper lip over tiny lower lip; high asymmetrical cheekbones and long tapering jaw; pointed right ear. Build: slender neck and narrow bony shoulders, lean tissue; skull size independent of build. Skin: medium olive with warm ochre undertones; never connect skin tone or body to class, morality or nationality. Hair: black-brown with visible grey strands; natural female hair consistent with headwear. Age: Same person at forty-five: visible moderate crow feet, forehead creases and nasolabial folds, subtle greying and mature tissue; not merely a changed hat. Expression: clearly legible gentle closed-mouth smile, lifted mouth corners and softened eyes, not a broad grin. Class must read from costume texture, cut, fur, headwear and posture even if the prop is hidden: well-kept madder-brown wool kirtle, dark moss apron and plain linen cuffs, prosperous working craft dress. Headwear: early 1300 simple wool hood with shoulder cape, no later turban chaperon; male natural bob ends below ears. Prop staging, exactly: a small glazed green earthenware ale jug hugged against the LEFT lower ribs. ABSOLUTELY NO BOOK, SCROLL, DOCUMENT OR PAPER. Do not add extra generic props. Preserve this same unique skull, nose, eyes, lips, ears and chin across ages; adult growth follows child landmarks. Whole completed person painted together, no assembled layers. Bust fills square with headwear fully inside frame and enough lower torso for the stated object, upper-left soft light, opaque flat muted grey-brown background. Painterly realism matching approved pilot, natural individualized face, not caricature, no modern haircuts or fantasy clothing.","caadf65763cbbccdca53f9ddbf094accc512a4febfe94db3ddf05aa86c8b2b84"
"I070","old","I070_old","portraits/I070_old.png","f","70","artisan","alewife","에일 양조 여인","ale_jug","other","thin","right","grey-white hair with remnants of black-brown","medium olive with warm ochre undertones","low broad domed forehead; wide-set heavy-lidded amber eyes; extremely short narrow upturned nose; projecting broad upper lip over tiny lower lip; high asymmetrical cheekbones and long tapering jaw; pointed right ear","well-kept madder-brown wool kirtle, dark moss apron and plain linen cuffs, prosperous working craft dress","married","neutral","coif","provenance/raw/I070_old.png","00dc9865886c0d46d6d0acf9a932e3ed7808c82e2ae83c9bba5302dd89368362","provenance/references/c3f5f2c19333-I070_old-r1-ref0.png","Use case: identity-preserve. Input image is EXACT young identity to age, not merely style. Paint ONE complete finished bust of this SAME person at the requested age. Preserve distinctive skull silhouette, nose shape, eye spacing, chin, ears, skin family, direction, body build, costume quality, hand/prop positioning, brushwork, lighting and background. Mature MUST have noticeable midlife facial tissue/lines and partial grey, old MUST clearly have deeper wrinkles sagging and white-grey hair/beard. Follow requested changes of expression/headwear while remaining recognizable as this same person; not merely different hair. Keep 1300 England costume. Never add extra objects, no book unless explicitly assigned. No labels, no grid, no mirroring. ONE complete hand-painted natural realistic bust of I070, a 70-year-old woman, southern England around 1300, role: alewife. Genuinely facing image RIGHT in three-quarter view; paint this direction, never mirror. Permanent anatomical identity: low broad domed forehead; wide-set heavy-lidded amber eyes; extremely short narrow upturned nose; projecting broad upper lip over tiny lower lip; high asymmetrical cheekbones and long tapering jaw; pointed right ear. Build: slender neck and narrow bony shoulders, lean tissue; skull size independent of build. Skin: medium olive with warm ochre undertones; never connect skin tone or body to class, morality or nationality. Hair: grey-white hair with remnants of black-brown; natural female hair consistent with headwear. Age: Same person at seventy: clearly visible deeper wrinkles, eyelid and cheek sag, age spots, grey-white thinning hair; preserve all distinctive skeletal landmarks. Expression: quiet neutral relaxed mouth and naturally alert eyes. Class must read from costume texture, cut, fur, headwear and posture even if the prop is hidden: well-kept madder-brown wool kirtle, dark moss apron and plain linen cuffs, prosperous working craft dress. Headwear: close plain white linen coif tied discreetly beneath chin, not a long white veil. Prop staging, exactly: a small glazed green earthenware ale jug hugged against the LEFT lower ribs. ABSOLUTELY NO BOOK, SCROLL, DOCUMENT OR PAPER. Do not add extra generic props. Preserve this same unique skull, nose, eyes, lips, ears and chin across ages; adult growth follows child landmarks. Whole completed person painted together, no assembled layers. Bust fills square with headwear fully inside frame and enough lower torso for the stated object, upper-left soft light, opaque flat muted grey-brown background. Painterly realism matching approved pilot, natural individualized face, not caricature, no modern haircuts or fantasy clothing.","8121e6bdefae77a69ab7be5c48491124318da0aee9f496079d7f173e377070c7"
"I071","young","I071_young","portraits/I071_young.png","f","24","artisan","baker","빵집 주인","none","none","average","front","ash brown","pale peach with a rosy nose","very broad hexagonal face; exceptionally deep-set narrow blue eyes; high thin arched eyebrows; short broad nose with a sharply triangular tip; long narrow upper lip; large round protruding chin with tiny off-centre dimple; large lobed ears","ochre wool kirtle with clean heavy flour-speckled linen apron, simple cuffs and practical tied neckline","married","neutral","coif","provenance/raw/I071_young.png","95b509118ab00f73998e5e7e89c4509acd19ad41ad90a631ed996af714492443","provenance/references/5ab20f510948-style-1.jpg","Use case: historical-scene. Create ONE SINGLE square finished 1300 England game portrait, no grid, no labels. Input is STYLE ONLY, do not copy any person's identity or accessories. Match reference natural hand-painted oil/gouache realism, restrained brush texture and soft upper-left light, flat opaque muted grey-brown background. Full head inside frame with modest top margin, shoulders and lower bust included for costume and prescribed prop. Distinct natural human with bold anatomical individuality, not a generic actor in new costume. No black-tipped ermine fur, no fantasy, no modern haircut, no text. ONE complete hand-painted natural realistic bust of I071, a 24-year-old woman, southern England around 1300, role: baker. Genuinely facing the viewer nearly front-on with natural slight asymmetry; no mirroring. Permanent anatomical identity: very broad hexagonal face; exceptionally deep-set narrow blue eyes; high thin arched eyebrows; short broad nose with a sharply triangular tip; long narrow upper lip; large round protruding chin with tiny off-centre dimple; large lobed ears. Build: ordinary medium neck and shoulders, moderate cheek tissue. Skin: pale peach with a rosy nose; never connect skin tone or body to class, morality or nationality. Hair: ash brown; natural female hair consistent with headwear. Age: A genuinely grown young adult with adult jaw, longer neck and adult shoulders, youthful firm skin without deep age wrinkles. Expression: quiet neutral relaxed mouth and naturally alert eyes. Class must read from costume texture, cut, fur, headwear and posture even if the prop is hidden: ochre wool kirtle with clean heavy flour-speckled linen apron, simple cuffs and practical tied neckline. Headwear: close plain white linen coif tied discreetly beneath chin, not a long white veil. Prop staging, exactly: no handheld object; both hands below the crop; do not add bread, book or scroll. ABSOLUTELY NO BOOK, SCROLL, DOCUMENT OR PAPER. Do not add extra generic props. Preserve this same unique skull, nose, eyes, lips, ears and chin across ages; adult growth follows child landmarks. Whole completed person painted together, no assembled layers. Bust fills square with headwear fully inside frame and enough lower torso for the stated object, upper-left soft light, opaque flat muted grey-brown background. Painterly realism matching approved pilot, natural individualized face, not caricature, no modern haircuts or fantasy clothing.","241bd4eb9c4d4d9e0c4b4eb12fcfae8724e82c4e534201f852b9fb845d303aca"
"I071","mature","I071_mature","portraits/I071_mature.png","f","45","artisan","baker","빵집 주인","none","none","average","front","ash brown with visible grey strands","pale peach with a rosy nose","very broad hexagonal face; exceptionally deep-set narrow blue eyes; high thin arched eyebrows; short broad nose with a sharply triangular tip; long narrow upper lip; large round protruding chin with tiny off-centre dimple; large lobed ears","ochre wool kirtle with clean heavy flour-speckled linen apron, simple cuffs and practical tied neckline","married","tired_worried","white_veil","provenance/raw/I071_mature.png","8f8ae615aaa2230fe76edca977796034242fd93de37421fbb2626b1e2a1b2a98","provenance/references/2c0f49df13b3-I071_mature-before-r2.png","Use case: precise-object-edit. Keep this EXACT 45-year-old baker woman face, facial identity, concerned expression, hair, age wrinkles, body, ochre wool dress, white work apron, pose, lighting, painterly style and grey-brown background unchanged. Change ONLY her short linen head covering to a proper plain WHITE LINEN VEIL: a longer loose sheet laid over crown with visible natural hairline and two substantial soft draping ends reaching shoulders on both sides of neck. The neck and throat remain completely EXPOSED, no wimple, no under-chin cloth and no coif ties. It must plainly read as a long veil not a tiny cap. No other changes, no props, no text.","1eddebf5d2a3f3eaca8b2d2a67b879fe786917fa856ea18aea5658aaaceaf1e5"
"I071","old","I071_old","portraits/I071_old.png","f","70","artisan","baker","빵집 주인","none","none","average","front","grey-white hair with remnants of ash brown","pale peach with a rosy nose","very broad hexagonal face; exceptionally deep-set narrow blue eyes; high thin arched eyebrows; short broad nose with a sharply triangular tip; long narrow upper lip; large round protruding chin with tiny off-centre dimple; large lobed ears","ochre wool kirtle with clean heavy flour-speckled linen apron, simple cuffs and practical tied neckline","married","neutral","veil_wimple","provenance/raw/I071_old.png","190fb393f09391b06ddac6ff689bdfae8d4dd4f2b30e5705c79619962be85f8b","provenance/references/241bd4eb9c4d-I071_old-r1-ref0.png","Use case: identity-preserve. Input image is EXACT young identity to age, not merely style. Paint ONE complete finished bust of this SAME person at the requested age. Preserve distinctive skull silhouette, nose shape, eye spacing, chin, ears, skin family, direction, body build, costume quality, hand/prop positioning, brushwork, lighting and background. Mature MUST have noticeable midlife facial tissue/lines and partial grey, old MUST clearly have deeper wrinkles sagging and white-grey hair/beard. Follow requested changes of expression/headwear while remaining recognizable as this same person; not merely different hair. Keep 1300 England costume. Never add extra objects, no book unless explicitly assigned. No labels, no grid, no mirroring. ONE complete hand-painted natural realistic bust of I071, a 70-year-old woman, southern England around 1300, role: baker. Genuinely facing the viewer nearly front-on with natural slight asymmetry; no mirroring. Permanent anatomical identity: very broad hexagonal face; exceptionally deep-set narrow blue eyes; high thin arched eyebrows; short broad nose with a sharply triangular tip; long narrow upper lip; large round protruding chin with tiny off-centre dimple; large lobed ears. Build: ordinary medium neck and shoulders, moderate cheek tissue. Skin: pale peach with a rosy nose; never connect skin tone or body to class, morality or nationality. Hair: grey-white hair with remnants of ash brown; natural female hair consistent with headwear. Age: Same person at seventy: clearly visible deeper wrinkles, eyelid and cheek sag, age spots, grey-white thinning hair; preserve all distinctive skeletal landmarks. Expression: quiet neutral relaxed mouth and naturally alert eyes. Class must read from costume texture, cut, fur, headwear and posture even if the prop is hidden: ochre wool kirtle with clean heavy flour-speckled linen apron, simple cuffs and practical tied neckline. Headwear: white linen veil combined with a close linen wimple enclosing neck and chin. Prop staging, exactly: no handheld object; both hands below the crop; do not add bread, book or scroll. ABSOLUTELY NO BOOK, SCROLL, DOCUMENT OR PAPER. Do not add extra generic props. Preserve this same unique skull, nose, eyes, lips, ears and chin across ages; adult growth follows child landmarks. Whole completed person painted together, no assembled layers. Bust fills square with headwear fully inside frame and enough lower torso for the stated object, upper-left soft light, opaque flat muted grey-brown background. Painterly realism matching approved pilot, natural individualized face, not caricature, no modern haircuts or fantasy clothing.","fa67c0ec90520502d6f135004be3a7e88d331a1d3fc8f5d4a490563613b98739"
"I072","young","I072_young","portraits/I072_young.png","m","24","labour","reeve","reeve 촌장·수확 감독","measuring_rod","other","average","left","chestnut","ruddy light brown","wide low brow and strongly tapered temples; very large grey eyes close together; long strongly concave nose with a tiny raised tip; wide flat lips with one lowered corner; narrow jutting chin; one noticeably flared ear","sound undyed brown homespun cote, muted green wool hood-cape, reinforced cuffs, clean practical tenant-farmer clothing and upright supervisory posture","married","slight_smile","hood","provenance/raw/I072_young.png","f0a3d7f8ae3936a1cd38fe9b463dbdb94b9c444790203bd80818beb597c039c7","provenance/references/5ab20f510948-style-1.jpg","Use case: historical-scene. Create ONE SINGLE square finished 1300 England game portrait, no grid, no labels. Input is STYLE ONLY, do not copy any person's identity or accessories. Match reference natural hand-painted oil/gouache realism, restrained brush texture and soft upper-left light, flat opaque muted grey-brown background. Full head inside frame with modest top margin, shoulders and lower bust included for costume and prescribed prop. Distinct natural human with bold anatomical individuality, not a generic actor in new costume. No black-tipped ermine fur, no fantasy, no modern haircut, no text. ONE complete hand-painted natural realistic bust of I072, a 24-year-old man, southern England around 1300, role: reeve. Genuinely facing image LEFT in three-quarter view; paint this direction, never mirror. Permanent anatomical identity: wide low brow and strongly tapered temples; very large grey eyes close together; long strongly concave nose with a tiny raised tip; wide flat lips with one lowered corner; narrow jutting chin; one noticeably flared ear. Build: ordinary medium neck and shoulders, moderate cheek tissue. Skin: ruddy light brown; never connect skin tone or body to class, morality or nationality. Hair: chestnut; natural blunt medieval bob reaching below both ears, no cropped modern sides; neat short chestnut moustache and beard. Age: A genuinely grown young adult with adult jaw, longer neck and adult shoulders, youthful firm skin without deep age wrinkles. Expression: clearly legible gentle closed-mouth smile, lifted mouth corners and softened eyes, not a broad grin. Class must read from costume texture, cut, fur, headwear and posture even if the prop is hidden: sound undyed brown homespun cote, muted green wool hood-cape, reinforced cuffs, clean practical tenant-farmer clothing and upright supervisory posture. Headwear: early 1300 simple wool hood with shoulder cape, no later turban chaperon; male natural bob ends below ears. Prop staging, exactly: a short plain wooden measuring rod held diagonally under the LEFT forearm at bottom edge, no writing. ABSOLUTELY NO BOOK, SCROLL, DOCUMENT OR PAPER. Do not add extra generic props. Preserve this same unique skull, nose, eyes, lips, ears and chin across ages; adult growth follows child landmarks. Whole completed person painted together, no assembled layers. Bust fills square with headwear fully inside frame and enough lower torso for the stated object, upper-left soft light, opaque flat muted grey-brown background. Painterly realism matching approved pilot, natural individualized face, not caricature, no modern haircuts or fantasy clothing.","8e6c8cb0bb0373ac91a989bf12c973effae22f44d25257b69e9241a90f895987"
"I072","mature","I072_mature","portraits/I072_mature.png","m","45","labour","reeve","reeve 촌장·수확 감독","measuring_rod","other","average","left","chestnut with visible grey strands","ruddy light brown","wide low brow and strongly tapered temples; very large grey eyes close together; long strongly concave nose with a tiny raised tip; wide flat lips with one lowered corner; narrow jutting chin; one noticeably flared ear","sound undyed brown homespun cote, muted green wool hood-cape, reinforced cuffs, clean practical tenant-farmer clothing and upright supervisory posture","married","neutral","hood","provenance/raw/I072_mature.png","1131786934ce0392b1ad056e386dd94891049958c5059a873a5bd0ff43e18d38","provenance/references/8e6c8cb0bb03-I072_mature-r1-ref0.png","Use case: identity-preserve. Input image is EXACT young identity to age, not merely style. Paint ONE complete finished bust of this SAME person at the requested age. Preserve distinctive skull silhouette, nose shape, eye spacing, chin, ears, skin family, direction, body build, costume quality, hand/prop positioning, brushwork, lighting and background. Mature MUST have noticeable midlife facial tissue/lines and partial grey, old MUST clearly have deeper wrinkles sagging and white-grey hair/beard. Follow requested changes of expression/headwear while remaining recognizable as this same person; not merely different hair. Keep 1300 England costume. Never add extra objects, no book unless explicitly assigned. No labels, no grid, no mirroring. ONE complete hand-painted natural realistic bust of I072, a 45-year-old man, southern England around 1300, role: reeve. Genuinely facing image LEFT in three-quarter view; paint this direction, never mirror. Permanent anatomical identity: wide low brow and strongly tapered temples; very large grey eyes close together; long strongly concave nose with a tiny raised tip; wide flat lips with one lowered corner; narrow jutting chin; one noticeably flared ear. Build: ordinary medium neck and shoulders, moderate cheek tissue. Skin: ruddy light brown; never connect skin tone or body to class, morality or nationality. Hair: chestnut with visible grey strands; natural blunt medieval bob reaching below both ears, no cropped modern sides; neat short chestnut moustache and beard. Age: Same person at forty-five: visible moderate crow feet, forehead creases and nasolabial folds, subtle greying and mature tissue; not merely a changed hat. Expression: quiet neutral relaxed mouth and naturally alert eyes. Class must read from costume texture, cut, fur, headwear and posture even if the prop is hidden: sound undyed brown homespun cote, muted green wool hood-cape, reinforced cuffs, clean practical tenant-farmer clothing and upright supervisory posture. Headwear: early 1300 simple wool hood with shoulder cape, no later turban chaperon; male natural bob ends below ears. Prop staging, exactly: a short plain wooden measuring rod held diagonally under the LEFT forearm at bottom edge, no writing. ABSOLUTELY NO BOOK, SCROLL, DOCUMENT OR PAPER. Do not add extra generic props. Preserve this same unique skull, nose, eyes, lips, ears and chin across ages; adult growth follows child landmarks. Whole completed person painted together, no assembled layers. Bust fills square with headwear fully inside frame and enough lower torso for the stated object, upper-left soft light, opaque flat muted grey-brown background. Painterly realism matching approved pilot, natural individualized face, not caricature, no modern haircuts or fantasy clothing.","92cc9aa5cb36d35bfbbc259f96e4d8996127c64896ca7daf5c3f749d41887982"
"I072","old","I072_old","portraits/I072_old.png","m","70","labour","reeve","reeve 촌장·수확 감독","measuring_rod","other","average","left","grey-white hair with remnants of chestnut","ruddy light brown","wide low brow and strongly tapered temples; very large grey eyes close together; long strongly concave nose with a tiny raised tip; wide flat lips with one lowered corner; narrow jutting chin; one noticeably flared ear","sound undyed brown homespun cote, muted green wool hood-cape, reinforced cuffs, clean practical tenant-farmer clothing and upright supervisory posture","married","neutral","hood","provenance/raw/I072_old.png","0fda523c40350840fe75c3b5f5a74802f2167a4bc0ad74d3c7901f0e83b006da","provenance/references/8e6c8cb0bb03-I072_old-r1-ref0.png","Use case: identity-preserve. Input image is EXACT young identity to age, not merely style. Paint ONE complete finished bust of this SAME person at the requested age. Preserve distinctive skull silhouette, nose shape, eye spacing, chin, ears, skin family, direction, body build, costume quality, hand/prop positioning, brushwork, lighting and background. Mature MUST have noticeable midlife facial tissue/lines and partial grey, old MUST clearly have deeper wrinkles sagging and white-grey hair/beard. Follow requested changes of expression/headwear while remaining recognizable as this same person; not merely different hair. Keep 1300 England costume. Never add extra objects, no book unless explicitly assigned. No labels, no grid, no mirroring. ONE complete hand-painted natural realistic bust of I072, a 70-year-old man, southern England around 1300, role: reeve. Genuinely facing image LEFT in three-quarter view; paint this direction, never mirror. Permanent anatomical identity: wide low brow and strongly tapered temples; very large grey eyes close together; long strongly concave nose with a tiny raised tip; wide flat lips with one lowered corner; narrow jutting chin; one noticeably flared ear. Build: ordinary medium neck and shoulders, moderate cheek tissue. Skin: ruddy light brown; never connect skin tone or body to class, morality or nationality. Hair: grey-white hair with remnants of chestnut; natural blunt medieval bob reaching below both ears, no cropped modern sides; neat short chestnut moustache and beard. Age: Same person at seventy: clearly visible deeper wrinkles, eyelid and cheek sag, age spots, grey-white thinning hair; preserve all distinctive skeletal landmarks. Expression: quiet neutral relaxed mouth and naturally alert eyes. Class must read from costume texture, cut, fur, headwear and posture even if the prop is hidden: sound undyed brown homespun cote, muted green wool hood-cape, reinforced cuffs, clean practical tenant-farmer clothing and upright supervisory posture. Headwear: early 1300 simple wool hood with shoulder cape, no later turban chaperon; male natural bob ends below ears. Prop staging, exactly: a short plain wooden measuring rod held diagonally under the LEFT forearm at bottom edge, no writing. ABSOLUTELY NO BOOK, SCROLL, DOCUMENT OR PAPER. Do not add extra generic props. Preserve this same unique skull, nose, eyes, lips, ears and chin across ages; adult growth follows child landmarks. Whole completed person painted together, no assembled layers. Bust fills square with headwear fully inside frame and enough lower torso for the stated object, upper-left soft light, opaque flat muted grey-brown background. Painterly realism matching approved pilot, natural individualized face, not caricature, no modern haircuts or fantasy clothing.","7ae861ccc82f9f64ff17b7d32fb204e202bf8a630fc94dfa3278fdb6f20f0c27"
"I073","young","I073_young","portraits/I073_young.png","m","24","gentry","bailiff","bailiff 영주 집행관","key_ring","other","thin","right","near-black","cool pale ivory","high receding forehead above a short diamond face; tiny widely spaced dark eyes; sharply bent nasal bridge with a broad blunt end; asymmetrical narrow lips; exceptionally broad outward jaw corners but small cleft chin; flat long ears","rich deep scarlet fine broadcloth mantle with prominent soft silver-grey squirrel miniver collar, dark blue cote, silver quatrefoil clasp; authoritative erect posture; no black ermine spots","married","tired_worried","coif_cap","provenance/raw/I073_young.png","65874094e049e5b5b0fae0b1c30f618734f05b2f21a7c011ad9c6b1dcaf6d327","provenance/references/5ab20f510948-style-1.jpg","Use case: historical-scene. Create ONE SINGLE square finished 1300 England game portrait, no grid, no labels. Input is STYLE ONLY, do not copy any person's identity or accessories. Match reference natural hand-painted oil/gouache realism, restrained brush texture and soft upper-left light, flat opaque muted grey-brown background. Full head inside frame with modest top margin, shoulders and lower bust included for costume and prescribed prop. Distinct natural human with bold anatomical individuality, not a generic actor in new costume. No black-tipped ermine fur, no fantasy, no modern haircut, no text. ONE complete hand-painted natural realistic bust of I073, a 24-year-old man, southern England around 1300, role: bailiff. Genuinely facing image RIGHT in three-quarter view; paint this direction, never mirror. Permanent anatomical identity: high receding forehead above a short diamond face; tiny widely spaced dark eyes; sharply bent nasal bridge with a broad blunt end; asymmetrical narrow lips; exceptionally broad outward jaw corners but small cleft chin; flat long ears. Build: slender neck and narrow bony shoulders, lean tissue; skull size independent of build. Skin: cool pale ivory; never connect skin tone or body to class, morality or nationality. Hair: near-black; natural blunt medieval bob reaching below both ears, no cropped modern sides; clean shaven. Age: A genuinely grown young adult with adult jaw, longer neck and adult shoulders, youthful firm skin without deep age wrinkles. Expression: clearly legible restrained concern or fatigue, knitted inner brows and weary softened mouth, no moral coding. Class must read from costume texture, cut, fur, headwear and posture even if the prop is hidden: rich deep scarlet fine broadcloth mantle with prominent soft silver-grey squirrel miniver collar, dark blue cote, silver quatrefoil clasp; authoritative erect posture; no black ermine spots. Headwear: plain close linen coif beneath a low soft wool cap; male blunt medieval bob extending below ears. Prop staging, exactly: an iron ring carrying three differently sized keys hanging from the LEFT hand at low centre. ABSOLUTELY NO BOOK, SCROLL, DOCUMENT OR PAPER. Do not add extra generic props. Preserve this same unique skull, nose, eyes, lips, ears and chin across ages; adult growth follows child landmarks. Whole completed person painted together, no assembled layers. Bust fills square with headwear fully inside frame and enough lower torso for the stated object, upper-left soft light, opaque flat muted grey-brown background. Painterly realism matching approved pilot, natural individualized face, not caricature, no modern haircuts or fantasy clothing.","6b7c05fa918200227d1b130fcee536e1bcbf4474d82bba159d474c403c7a414b"
"I073","mature","I073_mature","portraits/I073_mature.png","m","45","gentry","bailiff","bailiff 영주 집행관","key_ring","other","thin","right","near-black with visible grey strands","cool pale ivory","high receding forehead above a short diamond face; tiny widely spaced dark eyes; sharply bent nasal bridge with a broad blunt end; asymmetrical narrow lips; exceptionally broad outward jaw corners but small cleft chin; flat long ears","rich deep scarlet fine broadcloth mantle with prominent soft silver-grey squirrel miniver collar, dark blue cote, silver quatrefoil clasp; authoritative erect posture; no black ermine spots","married","neutral","coif_cap","provenance/raw/I073_mature.png","9b8d291ed2528c9ff25fd37fc9eccdef2df6fff52da05d889bf093e224d2ab9a","provenance/references/6b7c05fa9182-I073_mature-r1-ref0.png","Use case: identity-preserve. Input image is EXACT young identity to age, not merely style. Paint ONE complete finished bust of this SAME person at the requested age. Preserve distinctive skull silhouette, nose shape, eye spacing, chin, ears, skin family, direction, body build, costume quality, hand/prop positioning, brushwork, lighting and background. Mature MUST have noticeable midlife facial tissue/lines and partial grey, old MUST clearly have deeper wrinkles sagging and white-grey hair/beard. Follow requested changes of expression/headwear while remaining recognizable as this same person; not merely different hair. Keep 1300 England costume. Never add extra objects, no book unless explicitly assigned. No labels, no grid, no mirroring. ONE complete hand-painted natural realistic bust of I073, a 45-year-old man, southern England around 1300, role: bailiff. Genuinely facing image RIGHT in three-quarter view; paint this direction, never mirror. Permanent anatomical identity: high receding forehead above a short diamond face; tiny widely spaced dark eyes; sharply bent nasal bridge with a broad blunt end; asymmetrical narrow lips; exceptionally broad outward jaw corners but small cleft chin; flat long ears. Build: slender neck and narrow bony shoulders, lean tissue; skull size independent of build. Skin: cool pale ivory; never connect skin tone or body to class, morality or nationality. Hair: near-black with visible grey strands; natural blunt medieval bob reaching below both ears, no cropped modern sides; clean shaven. Age: Same person at forty-five: visible moderate crow feet, forehead creases and nasolabial folds, subtle greying and mature tissue; not merely a changed hat. Expression: quiet neutral relaxed mouth and naturally alert eyes. Class must read from costume texture, cut, fur, headwear and posture even if the prop is hidden: rich deep scarlet fine broadcloth mantle with prominent soft silver-grey squirrel miniver collar, dark blue cote, silver quatrefoil clasp; authoritative erect posture; no black ermine spots. Headwear: plain close linen coif beneath a low soft wool cap; male blunt medieval bob extending below ears. Prop staging, exactly: an iron ring carrying three differently sized keys hanging from the LEFT hand at low centre. ABSOLUTELY NO BOOK, SCROLL, DOCUMENT OR PAPER. Do not add extra generic props. Preserve this same unique skull, nose, eyes, lips, ears and chin across ages; adult growth follows child landmarks. Whole completed person painted together, no assembled layers. Bust fills square with headwear fully inside frame and enough lower torso for the stated object, upper-left soft light, opaque flat muted grey-brown background. Painterly realism matching approved pilot, natural individualized face, not caricature, no modern haircuts or fantasy clothing.","8decd65c50cb7bf8930da239a15e9a1a31bc893ba144a0b77bd3d5c991705744"
"I073","old","I073_old","portraits/I073_old.png","m","70","gentry","bailiff","bailiff 영주 집행관","key_ring","other","thin","right","grey-white hair with remnants of near-black","cool pale ivory","high receding forehead above a short diamond face; tiny widely spaced dark eyes; sharply bent nasal bridge with a broad blunt end; asymmetrical narrow lips; exceptionally broad outward jaw corners but small cleft chin; flat long ears","rich deep scarlet fine broadcloth mantle with prominent soft silver-grey squirrel miniver collar, dark blue cote, silver quatrefoil clasp; authoritative erect posture; no black ermine spots","married","slight_smile","coif_cap","provenance/raw/I073_old.png","97ce2bbcd94319b67a7bf5a8cb5f047e81d660c5cc09550c615e92eb1d02d29d","provenance/references/6b7c05fa9182-I073_old-r1-ref0.png","Use case: identity-preserve. Input image is EXACT young identity to age, not merely style. Paint ONE complete finished bust of this SAME person at the requested age. Preserve distinctive skull silhouette, nose shape, eye spacing, chin, ears, skin family, direction, body build, costume quality, hand/prop positioning, brushwork, lighting and background. Mature MUST have noticeable midlife facial tissue/lines and partial grey, old MUST clearly have deeper wrinkles sagging and white-grey hair/beard. Follow requested changes of expression/headwear while remaining recognizable as this same person; not merely different hair. Keep 1300 England costume. Never add extra objects, no book unless explicitly assigned. No labels, no grid, no mirroring. ONE complete hand-painted natural realistic bust of I073, a 70-year-old man, southern England around 1300, role: bailiff. Genuinely facing image RIGHT in three-quarter view; paint this direction, never mirror. Permanent anatomical identity: high receding forehead above a short diamond face; tiny widely spaced dark eyes; sharply bent nasal bridge with a broad blunt end; asymmetrical narrow lips; exceptionally broad outward jaw corners but small cleft chin; flat long ears. Build: slender neck and narrow bony shoulders, lean tissue; skull size independent of build. Skin: cool pale ivory; never connect skin tone or body to class, morality or nationality. Hair: grey-white hair with remnants of near-black; natural blunt medieval bob reaching below both ears, no cropped modern sides; clean shaven. Age: Same person at seventy: clearly visible deeper wrinkles, eyelid and cheek sag, age spots, grey-white thinning hair; preserve all distinctive skeletal landmarks. Expression: clearly legible gentle closed-mouth smile, lifted mouth corners and softened eyes, not a broad grin. Class must read from costume texture, cut, fur, headwear and posture even if the prop is hidden: rich deep scarlet fine broadcloth mantle with prominent soft silver-grey squirrel miniver collar, dark blue cote, silver quatrefoil clasp; authoritative erect posture; no black ermine spots. Headwear: plain close linen coif beneath a low soft wool cap; male blunt medieval bob extending below ears. Prop staging, exactly: an iron ring carrying three differently sized keys hanging from the LEFT hand at low centre. ABSOLUTELY NO BOOK, SCROLL, DOCUMENT OR PAPER. Do not add extra generic props. Preserve this same unique skull, nose, eyes, lips, ears and chin across ages; adult growth follows child landmarks. Whole completed person painted together, no assembled layers. Bust fills square with headwear fully inside frame and enough lower torso for the stated object, upper-left soft light, opaque flat muted grey-brown background. Painterly realism matching approved pilot, natural individualized face, not caricature, no modern haircuts or fantasy clothing.","c62d0956471b76b9c76a8ccbfbf6bc67325e82905402df91edda94ccdd6040bd"
"I074","young","I074_young","portraits/I074_young.png","m","24","labour","constable","constable 치안 담당","none","none","heavy","front","sandy brown","warm medium tan","short very round skull; broad sloping temples; wide-set small upward-slanting green eyes; long narrow nose with a prominent central bump and downward pointed tip; broad thick upper lip; receding tiny lower jaw within heavy cheeks; cauliflower-folded left ear","stout dark umber coarse wool cote, plain muted blue hood laid down at shoulders, stout leather shoulder strap with no weapon visible; stable broad alert posture","married","neutral","felt_hat","provenance/raw/I074_young.png","eff44953f1c70dcf64596dcb83cd8ef259e075f51575e9bd3e62c418995c7f24","provenance/references/5ab20f510948-style-1.jpg","Use case: historical-scene. Create ONE SINGLE square finished 1300 England game portrait, no grid, no labels. Input is STYLE ONLY, do not copy any person's identity or accessories. Match reference natural hand-painted oil/gouache realism, restrained brush texture and soft upper-left light, flat opaque muted grey-brown background. Full head inside frame with modest top margin, shoulders and lower bust included for costume and prescribed prop. Distinct natural human with bold anatomical individuality, not a generic actor in new costume. No black-tipped ermine fur, no fantasy, no modern haircut, no text. ONE complete hand-painted natural realistic bust of I074, a 24-year-old man, southern England around 1300, role: constable. Genuinely facing the viewer nearly front-on with natural slight asymmetry; no mirroring. Permanent anatomical identity: short very round skull; broad sloping temples; wide-set small upward-slanting green eyes; long narrow nose with a prominent central bump and downward pointed tip; broad thick upper lip; receding tiny lower jaw within heavy cheeks; cauliflower-folded left ear. Build: full cheeks, substantial neck and broad fleshy shoulders, visibly heavier build; not caricature. Skin: warm medium tan; never connect skin tone or body to class, morality or nationality. Hair: sandy brown; natural blunt medieval bob reaching below both ears, no cropped modern sides; short uneven sandy beard. Age: A genuinely grown young adult with adult jaw, longer neck and adult shoulders, youthful firm skin without deep age wrinkles. Expression: quiet neutral relaxed mouth and naturally alert eyes. Class must read from costume texture, cut, fur, headwear and posture even if the prop is hidden: stout dark umber coarse wool cote, plain muted blue hood laid down at shoulders, stout leather shoulder strap with no weapon visible; stable broad alert posture. Headwear: low soft felt cap above natural blunt ear-below medieval bob, no modern cropped sides. Prop staging, exactly: empty hands remain below the crop; no baton, papers, book or weapon. ABSOLUTELY NO BOOK, SCROLL, DOCUMENT OR PAPER. Do not add extra generic props. Preserve this same unique skull, nose, eyes, lips, ears and chin across ages; adult growth follows child landmarks. Whole completed person painted together, no assembled layers. Bust fills square with headwear fully inside frame and enough lower torso for the stated object, upper-left soft light, opaque flat muted grey-brown background. Painterly realism matching approved pilot, natural individualized face, not caricature, no modern haircuts or fantasy clothing.","3d5e4fda9d54339d9ea28d8f0119c512414caee779dfd1069a2062746d85f272"
"I074","mature","I074_mature","portraits/I074_mature.png","m","45","labour","constable","constable 치안 담당","none","none","heavy","front","sandy brown with visible grey strands","warm medium tan","short very round skull; broad sloping temples; wide-set small upward-slanting green eyes; long narrow nose with a prominent central bump and downward pointed tip; broad thick upper lip; receding tiny lower jaw within heavy cheeks; cauliflower-folded left ear","stout dark umber coarse wool cote, plain muted blue hood laid down at shoulders, stout leather shoulder strap with no weapon visible; stable broad alert posture","married","neutral","felt_hat","provenance/raw/I074_mature.png","308040a49e400182bee692dd2853f491671c2b5248667b4ac9caedf5afcf3578","provenance/references/3d5e4fda9d54-I074_mature-r1-ref0.png","Use case: identity-preserve. Input image is EXACT young identity to age, not merely style. Paint ONE complete finished bust of this SAME person at the requested age. Preserve distinctive skull silhouette, nose shape, eye spacing, chin, ears, skin family, direction, body build, costume quality, hand/prop positioning, brushwork, lighting and background. Mature MUST have noticeable midlife facial tissue/lines and partial grey, old MUST clearly have deeper wrinkles sagging and white-grey hair/beard. Follow requested changes of expression/headwear while remaining recognizable as this same person; not merely different hair. Keep 1300 England costume. Never add extra objects, no book unless explicitly assigned. No labels, no grid, no mirroring. ONE complete hand-painted natural realistic bust of I074, a 45-year-old man, southern England around 1300, role: constable. Genuinely facing the viewer nearly front-on with natural slight asymmetry; no mirroring. Permanent anatomical identity: short very round skull; broad sloping temples; wide-set small upward-slanting green eyes; long narrow nose with a prominent central bump and downward pointed tip; broad thick upper lip; receding tiny lower jaw within heavy cheeks; cauliflower-folded left ear. Build: full cheeks, substantial neck and broad fleshy shoulders, visibly heavier build; not caricature. Skin: warm medium tan; never connect skin tone or body to class, morality or nationality. Hair: sandy brown with visible grey strands; natural blunt medieval bob reaching below both ears, no cropped modern sides; short uneven sandy beard. Age: Same person at forty-five: visible moderate crow feet, forehead creases and nasolabial folds, subtle greying and mature tissue; not merely a changed hat. Expression: quiet neutral relaxed mouth and naturally alert eyes. Class must read from costume texture, cut, fur, headwear and posture even if the prop is hidden: stout dark umber coarse wool cote, plain muted blue hood laid down at shoulders, stout leather shoulder strap with no weapon visible; stable broad alert posture. Headwear: low soft felt cap above natural blunt ear-below medieval bob, no modern cropped sides. Prop staging, exactly: empty hands remain below the crop; no baton, papers, book or weapon. ABSOLUTELY NO BOOK, SCROLL, DOCUMENT OR PAPER. Do not add extra generic props. Preserve this same unique skull, nose, eyes, lips, ears and chin across ages; adult growth follows child landmarks. Whole completed person painted together, no assembled layers. Bust fills square with headwear fully inside frame and enough lower torso for the stated object, upper-left soft light, opaque flat muted grey-brown background. Painterly realism matching approved pilot, natural individualized face, not caricature, no modern haircuts or fantasy clothing.","050349041254a6150993d9fc41fd7dee8189daebee5580bdef850602d8f4d62d"
"I074","old","I074_old","portraits/I074_old.png","m","70","labour","constable","constable 치안 담당","none","none","heavy","front","grey-white hair with remnants of sandy brown","warm medium tan","short very round skull; broad sloping temples; wide-set small upward-slanting green eyes; long narrow nose with a prominent central bump and downward pointed tip; broad thick upper lip; receding tiny lower jaw within heavy cheeks; cauliflower-folded left ear","stout dark umber coarse wool cote, plain muted blue hood laid down at shoulders, stout leather shoulder strap with no weapon visible; stable broad alert posture","married","tired_worried","felt_hat","provenance/raw/I074_old.png","1c5d88ef33039213a64bab5f66a21909041abbc251f5f38aa9980f7621f18a7e","provenance/references/3d5e4fda9d54-I074_old-r1-ref0.png","Use case: identity-preserve. Input image is EXACT young identity to age, not merely style. Paint ONE complete finished bust of this SAME person at the requested age. Preserve distinctive skull silhouette, nose shape, eye spacing, chin, ears, skin family, direction, body build, costume quality, hand/prop positioning, brushwork, lighting and background. Mature MUST have noticeable midlife facial tissue/lines and partial grey, old MUST clearly have deeper wrinkles sagging and white-grey hair/beard. Follow requested changes of expression/headwear while remaining recognizable as this same person; not merely different hair. Keep 1300 England costume. Never add extra objects, no book unless explicitly assigned. No labels, no grid, no mirroring. ONE complete hand-painted natural realistic bust of I074, a 70-year-old man, southern England around 1300, role: constable. Genuinely facing the viewer nearly front-on with natural slight asymmetry; no mirroring. Permanent anatomical identity: short very round skull; broad sloping temples; wide-set small upward-slanting green eyes; long narrow nose with a prominent central bump and downward pointed tip; broad thick upper lip; receding tiny lower jaw within heavy cheeks; cauliflower-folded left ear. Build: full cheeks, substantial neck and broad fleshy shoulders, visibly heavier build; not caricature. Skin: warm medium tan; never connect skin tone or body to class, morality or nationality. Hair: grey-white hair with remnants of sandy brown; natural blunt medieval bob reaching below both ears, no cropped modern sides; short uneven sandy beard. Age: Same person at seventy: clearly visible deeper wrinkles, eyelid and cheek sag, age spots, grey-white thinning hair; preserve all distinctive skeletal landmarks. Expression: clearly legible restrained concern or fatigue, knitted inner brows and weary softened mouth, no moral coding. Class must read from costume texture, cut, fur, headwear and posture even if the prop is hidden: stout dark umber coarse wool cote, plain muted blue hood laid down at shoulders, stout leather shoulder strap with no weapon visible; stable broad alert posture. Headwear: low soft felt cap above natural blunt ear-below medieval bob, no modern cropped sides. Prop staging, exactly: empty hands remain below the crop; no baton, papers, book or weapon. ABSOLUTELY NO BOOK, SCROLL, DOCUMENT OR PAPER. Do not add extra generic props. Preserve this same unique skull, nose, eyes, lips, ears and chin across ages; adult growth follows child landmarks. Whole completed person painted together, no assembled layers. Bust fills square with headwear fully inside frame and enough lower torso for the stated object, upper-left soft light, opaque flat muted grey-brown background. Painterly realism matching approved pilot, natural individualized face, not caricature, no modern haircuts or fantasy clothing.","2b932d6b6d5302a1fe9cb84389365c09639bd3041abf5eb49141275e09558380"
"I075","young","I075_young","portraits/I075_young.png","m","24","clerical","beadle","beadle 교구 잡역","none","none","thin","left","reddish brown","pale beige with yellow undertone","long triangular skull with broad temples and tiny chin; low-set very large protruding ears; hooded blue eyes far apart; very broad flat short nose; delicate bow-shaped full upper lip; long philtrum and deeply hollow cheeks","plain dark brown wool service gown with narrow off-white linen neck opening, worn black shoulder cape, visibly modest parish servant not priest vestments","married","neutral","coif_cap","provenance/raw/I075_young.png","7254d09dc3354e83ed3aab872ce1f0a4a6c2f6cba620f4b0f5b0c1850ab5b1d2","provenance/references/5ab20f510948-style-1.jpg","Use case: historical-scene. Create ONE SINGLE square finished 1300 England game portrait, no grid, no labels. Input is STYLE ONLY, do not copy any person's identity or accessories. Match reference natural hand-painted oil/gouache realism, restrained brush texture and soft upper-left light, flat opaque muted grey-brown background. Full head inside frame with modest top margin, shoulders and lower bust included for costume and prescribed prop. Distinct natural human with bold anatomical individuality, not a generic actor in new costume. No black-tipped ermine fur, no fantasy, no modern haircut, no text. ONE complete hand-painted natural realistic bust of I075, a 24-year-old man, southern England around 1300, role: beadle. Genuinely facing image LEFT in three-quarter view; paint this direction, never mirror. Permanent anatomical identity: long triangular skull with broad temples and tiny chin; low-set very large protruding ears; hooded blue eyes far apart; very broad flat short nose; delicate bow-shaped full upper lip; long philtrum and deeply hollow cheeks. Build: slender neck and narrow bony shoulders, lean tissue; skull size independent of build. Skin: pale beige with yellow undertone; never connect skin tone or body to class, morality or nationality. Hair: reddish brown; natural blunt medieval bob reaching below both ears, no cropped modern sides; clean shaven. Age: A genuinely grown young adult with adult jaw, longer neck and adult shoulders, youthful firm skin without deep age wrinkles. Expression: quiet neutral relaxed mouth and naturally alert eyes. Class must read from costume texture, cut, fur, headwear and posture even if the prop is hidden: plain dark brown wool service gown with narrow off-white linen neck opening, worn black shoulder cape, visibly modest parish servant not priest vestments. Headwear: plain close linen coif beneath a low soft wool cap; male blunt medieval bob extending below ears. Prop staging, exactly: no handheld prop, hands relaxed out of frame; no book or scroll. ABSOLUTELY NO BOOK, SCROLL, DOCUMENT OR PAPER. Do not add extra generic props. Preserve this same unique skull, nose, eyes, lips, ears and chin across ages; adult growth follows child landmarks. Whole completed person painted together, no assembled layers. Bust fills square with headwear fully inside frame and enough lower torso for the stated object, upper-left soft light, opaque flat muted grey-brown background. Painterly realism matching approved pilot, natural individualized face, not caricature, no modern haircuts or fantasy clothing.","ec4c55e86f1e6469c0c54fa50e6bb7f1ac14d8cb6a315a5ab0fb0d3fad4ae08a"
"I075","mature","I075_mature","portraits/I075_mature.png","m","45","clerical","beadle","beadle 교구 잡역","none","none","thin","left","reddish brown with visible grey strands","pale beige with yellow undertone","long triangular skull with broad temples and tiny chin; low-set very large protruding ears; hooded blue eyes far apart; very broad flat short nose; delicate bow-shaped full upper lip; long philtrum and deeply hollow cheeks","plain dark brown wool service gown with narrow off-white linen neck opening, worn black shoulder cape, visibly modest parish servant not priest vestments","married","slight_smile","coif_cap","provenance/raw/I075_mature.png","34b9d5a4cd51d5cc2b5ec56accebe98f6330a8dfbcd5e11de651ce0616a0ffd1","provenance/references/ec4c55e86f1e-I075_mature-r1-ref0.png","Use case: identity-preserve. Input image is EXACT young identity to age, not merely style. Paint ONE complete finished bust of this SAME person at the requested age. Preserve distinctive skull silhouette, nose shape, eye spacing, chin, ears, skin family, direction, body build, costume quality, hand/prop positioning, brushwork, lighting and background. Mature MUST have noticeable midlife facial tissue/lines and partial grey, old MUST clearly have deeper wrinkles sagging and white-grey hair/beard. Follow requested changes of expression/headwear while remaining recognizable as this same person; not merely different hair. Keep 1300 England costume. Never add extra objects, no book unless explicitly assigned. No labels, no grid, no mirroring. ONE complete hand-painted natural realistic bust of I075, a 45-year-old man, southern England around 1300, role: beadle. Genuinely facing image LEFT in three-quarter view; paint this direction, never mirror. Permanent anatomical identity: long triangular skull with broad temples and tiny chin; low-set very large protruding ears; hooded blue eyes far apart; very broad flat short nose; delicate bow-shaped full upper lip; long philtrum and deeply hollow cheeks. Build: slender neck and narrow bony shoulders, lean tissue; skull size independent of build. Skin: pale beige with yellow undertone; never connect skin tone or body to class, morality or nationality. Hair: reddish brown with visible grey strands; natural blunt medieval bob reaching below both ears, no cropped modern sides; clean shaven. Age: Same person at forty-five: visible moderate crow feet, forehead creases and nasolabial folds, subtle greying and mature tissue; not merely a changed hat. Expression: clearly legible gentle closed-mouth smile, lifted mouth corners and softened eyes, not a broad grin. Class must read from costume texture, cut, fur, headwear and posture even if the prop is hidden: plain dark brown wool service gown with narrow off-white linen neck opening, worn black shoulder cape, visibly modest parish servant not priest vestments. Headwear: plain close linen coif beneath a low soft wool cap; male blunt medieval bob extending below ears. Prop staging, exactly: no handheld prop, hands relaxed out of frame; no book or scroll. ABSOLUTELY NO BOOK, SCROLL, DOCUMENT OR PAPER. Do not add extra generic props. Preserve this same unique skull, nose, eyes, lips, ears and chin across ages; adult growth follows child landmarks. Whole completed person painted together, no assembled layers. Bust fills square with headwear fully inside frame and enough lower torso for the stated object, upper-left soft light, opaque flat muted grey-brown background. Painterly realism matching approved pilot, natural individualized face, not caricature, no modern haircuts or fantasy clothing.","e3057e541263a48ea7b61a93228358dbff959af6d7bae6df285c46275124dbe0"
"I075","old","I075_old","portraits/I075_old.png","m","70","clerical","beadle","beadle 교구 잡역","none","none","thin","left","grey-white hair with remnants of reddish brown","pale beige with yellow undertone","long triangular skull with broad temples and tiny chin; low-set very large protruding ears; hooded blue eyes far apart; very broad flat short nose; delicate bow-shaped full upper lip; long philtrum and deeply hollow cheeks","plain dark brown wool service gown with narrow off-white linen neck opening, worn black shoulder cape, visibly modest parish servant not priest vestments","married","neutral","coif_cap","provenance/raw/I075_old.png","cf812a9d7a2e6934d53dbdf5355751e7b853b9b1ef5e79d593ba4bc9aba6a03f","provenance/references/ec4c55e86f1e-I075_old-r1-ref0.png","Use case: identity-preserve. Input image is EXACT young identity to age, not merely style. Paint ONE complete finished bust of this SAME person at the requested age. Preserve distinctive skull silhouette, nose shape, eye spacing, chin, ears, skin family, direction, body build, costume quality, hand/prop positioning, brushwork, lighting and background. Mature MUST have noticeable midlife facial tissue/lines and partial grey, old MUST clearly have deeper wrinkles sagging and white-grey hair/beard. Follow requested changes of expression/headwear while remaining recognizable as this same person; not merely different hair. Keep 1300 England costume. Never add extra objects, no book unless explicitly assigned. No labels, no grid, no mirroring. ONE complete hand-painted natural realistic bust of I075, a 70-year-old man, southern England around 1300, role: beadle. Genuinely facing image LEFT in three-quarter view; paint this direction, never mirror. Permanent anatomical identity: long triangular skull with broad temples and tiny chin; low-set very large protruding ears; hooded blue eyes far apart; very broad flat short nose; delicate bow-shaped full upper lip; long philtrum and deeply hollow cheeks. Build: slender neck and narrow bony shoulders, lean tissue; skull size independent of build. Skin: pale beige with yellow undertone; never connect skin tone or body to class, morality or nationality. Hair: grey-white hair with remnants of reddish brown; natural blunt medieval bob reaching below both ears, no cropped modern sides; clean shaven. Age: Same person at seventy: clearly visible deeper wrinkles, eyelid and cheek sag, age spots, grey-white thinning hair; preserve all distinctive skeletal landmarks. Expression: quiet neutral relaxed mouth and naturally alert eyes. Class must read from costume texture, cut, fur, headwear and posture even if the prop is hidden: plain dark brown wool service gown with narrow off-white linen neck opening, worn black shoulder cape, visibly modest parish servant not priest vestments. Headwear: plain close linen coif beneath a low soft wool cap; male blunt medieval bob extending below ears. Prop staging, exactly: no handheld prop, hands relaxed out of frame; no book or scroll. ABSOLUTELY NO BOOK, SCROLL, DOCUMENT OR PAPER. Do not add extra generic props. Preserve this same unique skull, nose, eyes, lips, ears and chin across ages; adult growth follows child landmarks. Whole completed person painted together, no assembled layers. Bust fills square with headwear fully inside frame and enough lower torso for the stated object, upper-left soft light, opaque flat muted grey-brown background. Painterly realism matching approved pilot, natural individualized face, not caricature, no modern haircuts or fantasy clothing.","a441fe0e610f7c1ad27d02b195235af45fa8fa671bee6dc9c496072ee0d5b1c7"
"I076","young","I076_young","portraits/I076_young.png","m","24","merchant","wool_merchant_representative","청원하는 모직 상인 대표","book_scroll","book_scroll","average","right","black","warm light olive","very short low forehead and broad teardrop face; huge round hazel eyes beneath curved brows; tiny concave narrow nose with squared nostrils; unusually wide heavy lower lip and short upper lip; round off-centre chin; small attached ears","fine muted plum broadcloth cote, restrained narrow brown rabbit-fur collar, good dark blue mantle and neat bronze clasp, dignified commercial posture; visibly finer fabric than workers","married","neutral","felt_hat","provenance/raw/I076_young.png","5e1014cba7854f37aca0742176b7021e1a5bb78266421be603ce12f8bfef09f1","provenance/references/a9923bf154df-I076_young-before-r2.png","Use case: precise-object-edit. Preserve this exact man's identity, face, head, age, hair, beard, hat, pose direction, costume, fur, background, painted style and illumination unchanged. Change ONLY the small barely visible vertical book at lower-right: show a clearly readable SLIM CLOSED DARK BROWN LEATHER ACCOUNT BOOK tucked HORIZONTALLY under his left elbow across the lower-right third of the square. Its broad leather cover and thin cream page-block should both be visible, sized about one-third of portrait width. Keep it largely below chest, supported naturally under elbow; no additional object, no scroll, no text. Preserve full head and square bust composition.","2e3b9e53b5a5ad4abfb477ae0cea7ff35a37919db7fd32fdc4f7e12de0fc41d6"
"I076","mature","I076_mature","portraits/I076_mature.png","m","45","merchant","wool_merchant_representative","청원하는 모직 상인 대표","book_scroll","book_scroll","average","right","black with visible grey strands","warm light olive","very short low forehead and broad teardrop face; huge round hazel eyes beneath curved brows; tiny concave narrow nose with squared nostrils; unusually wide heavy lower lip and short upper lip; round off-centre chin; small attached ears","fine muted plum broadcloth cote, restrained narrow brown rabbit-fur collar, good dark blue mantle and neat bronze clasp, dignified commercial posture; visibly finer fabric than workers","married","tired_worried","felt_hat","provenance/raw/I076_mature.png","cd81549541b890aa45b0cbff52370c9179dc771a2dff769f7939bfab704cc3f0","provenance/references/2e3b9e53b5a5-I076_mature-r1-ref0.png","Use case: identity-preserve. Input image is EXACT young identity to age, not merely style. Paint ONE complete finished bust of this SAME person at the requested age. Preserve distinctive skull silhouette, nose shape, eye spacing, chin, ears, skin family, direction, body build, costume quality, hand/prop positioning, brushwork, lighting and background. Mature MUST have noticeable midlife facial tissue/lines and partial grey, old MUST clearly have deeper wrinkles sagging and white-grey hair/beard. Follow requested changes of expression/headwear while remaining recognizable as this same person; not merely different hair. Keep 1300 England costume. Never add extra objects, no book unless explicitly assigned. No labels, no grid, no mirroring. ONE complete hand-painted natural realistic bust of I076, a 45-year-old man, southern England around 1300, role: wool merchant representative. Genuinely facing image RIGHT in three-quarter view; paint this direction, never mirror. Permanent anatomical identity: very short low forehead and broad teardrop face; huge round hazel eyes beneath curved brows; tiny concave narrow nose with squared nostrils; unusually wide heavy lower lip and short upper lip; round off-centre chin; small attached ears. Build: ordinary medium neck and shoulders, moderate cheek tissue. Skin: warm light olive; never connect skin tone or body to class, morality or nationality. Hair: black with visible grey strands; natural blunt medieval bob reaching below both ears, no cropped modern sides; full neatly trimmed black beard. Age: Same person at forty-five: visible moderate crow feet, forehead creases and nasolabial folds, subtle greying and mature tissue; not merely a changed hat. Expression: clearly legible restrained concern or fatigue, knitted inner brows and weary softened mouth, no moral coding. Class must read from costume texture, cut, fur, headwear and posture even if the prop is hidden: fine muted plum broadcloth cote, restrained narrow brown rabbit-fur collar, good dark blue mantle and neat bronze clasp, dignified commercial posture; visibly finer fabric than workers. Headwear: low soft felt cap above natural blunt ear-below medieval bob, no modern cropped sides. Prop staging, exactly: one slim CLOSED dark leather account book tucked horizontally under the LEFT elbow at the bottom edge. Do not add extra generic props. Preserve this same unique skull, nose, eyes, lips, ears and chin across ages; adult growth follows child landmarks. Whole completed person painted together, no assembled layers. Bust fills square with headwear fully inside frame and enough lower torso for the stated object, upper-left soft light, opaque flat muted grey-brown background. Painterly realism matching approved pilot, natural individualized face, not caricature, no modern haircuts or fantasy clothing.","edd37041461b2a0ea5854220df58393b82e980165e3ab9891f3bf2bb8d47cf54"
"I076","old","I076_old","portraits/I076_old.png","m","70","merchant","wool_merchant_representative","청원하는 모직 상인 대표","book_scroll","book_scroll","average","right","grey-white hair with remnants of black","warm light olive","very short low forehead and broad teardrop face; huge round hazel eyes beneath curved brows; tiny concave narrow nose with squared nostrils; unusually wide heavy lower lip and short upper lip; round off-centre chin; small attached ears","fine muted plum broadcloth cote, restrained narrow brown rabbit-fur collar, good dark blue mantle and neat bronze clasp, dignified commercial posture; visibly finer fabric than workers","married","neutral","felt_hat","provenance/raw/I076_old.png","688c68eb9f70bd2bc9f018a9bc868acb42f8d3993389a0cd529b53c4b43dadbf","provenance/references/2e3b9e53b5a5-I076_old-r1-ref0.png","Use case: identity-preserve. Input image is EXACT young identity to age, not merely style. Paint ONE complete finished bust of this SAME person at the requested age. Preserve distinctive skull silhouette, nose shape, eye spacing, chin, ears, skin family, direction, body build, costume quality, hand/prop positioning, brushwork, lighting and background. Mature MUST have noticeable midlife facial tissue/lines and partial grey, old MUST clearly have deeper wrinkles sagging and white-grey hair/beard. Follow requested changes of expression/headwear while remaining recognizable as this same person; not merely different hair. Keep 1300 England costume. Never add extra objects, no book unless explicitly assigned. No labels, no grid, no mirroring. ONE complete hand-painted natural realistic bust of I076, a 70-year-old man, southern England around 1300, role: wool merchant representative. Genuinely facing image RIGHT in three-quarter view; paint this direction, never mirror. Permanent anatomical identity: very short low forehead and broad teardrop face; huge round hazel eyes beneath curved brows; tiny concave narrow nose with squared nostrils; unusually wide heavy lower lip and short upper lip; round off-centre chin; small attached ears. Build: ordinary medium neck and shoulders, moderate cheek tissue. Skin: warm light olive; never connect skin tone or body to class, morality or nationality. Hair: grey-white hair with remnants of black; natural blunt medieval bob reaching below both ears, no cropped modern sides; full neatly trimmed black beard. Age: Same person at seventy: clearly visible deeper wrinkles, eyelid and cheek sag, age spots, grey-white thinning hair; preserve all distinctive skeletal landmarks. Expression: quiet neutral relaxed mouth and naturally alert eyes. Class must read from costume texture, cut, fur, headwear and posture even if the prop is hidden: fine muted plum broadcloth cote, restrained narrow brown rabbit-fur collar, good dark blue mantle and neat bronze clasp, dignified commercial posture; visibly finer fabric than workers. Headwear: low soft felt cap above natural blunt ear-below medieval bob, no modern cropped sides. Prop staging, exactly: one slim CLOSED dark leather account book tucked horizontally under the LEFT elbow at the bottom edge. Do not add extra generic props. Preserve this same unique skull, nose, eyes, lips, ears and chin across ages; adult growth follows child landmarks. Whole completed person painted together, no assembled layers. Bust fills square with headwear fully inside frame and enough lower torso for the stated object, upper-left soft light, opaque flat muted grey-brown background. Painterly realism matching approved pilot, natural individualized face, not caricature, no modern haircuts or fantasy clothing.","e1be8de388c399a51e17854f353a7d789eef4f73da12126076fdb8e11bb402eb"
"I077","young","I077_young","portraits/I077_young.png","f","24","merchant","widow_merchant_representative","청원하는 과부 상인 대표","coin_purse","other","heavy","front","dark brown","cool rosy fair","long high narrow forehead above wide low cheeks; close-set small grey eyes; long narrow bridge spreading to very wide flat nostrils; tiny downturned thin lips; long broad chin with vertical groove; thick attached earlobes","well-tailored muted dark blue fine wool gown with small brown fur edging, plum mantle, compact bronze clasp, upright capable posture; dark practical merchant widow head covering","widowed","slight_smile","widow_veil","provenance/raw/I077_young.png","4b180ca272adea006e50ed245ad80686350c43a3387143e5285a906f6e949b13","provenance/references/5ab20f510948-style-1.jpg","Use case: historical-scene. Generate ONE complete square opaque painted game portrait, not a sheet, no text or border. Reference image is STYLE ONLY, never copy any existing face. Match natural grounded painterly realism of approved 1300 England portrait pool: subtle brush texture, credible human anatomy, soft upper-left daylight, flat muted grey-brown background. Head and upper torso with top margin, clothing shoulder silhouette and prescribed handheld object clearly visible at bottom. Distinct specific face, unglamorous individual, readable at 96px. Medieval England c1300 clothing accurately layered; miniver means grey-white squirrel fur WITHOUT black ermine tails. Men wear below-ear medieval bob hair, no modern haircut. Class reads from garment materials, fur, headwear and bearing, never skin/body. No extra book/scroll or random prop unless prescribed. No lettering, symbols, modern items, composited layers, mirroring. Subject: ONE complete hand-painted natural realistic bust of I077, a 24-year-old woman, southern England around 1300, role: widow merchant representative. Genuinely facing the viewer nearly front-on with natural slight asymmetry; no mirroring. Permanent anatomical identity: long high narrow forehead above wide low cheeks; close-set small grey eyes; long narrow bridge spreading to very wide flat nostrils; tiny downturned thin lips; long broad chin with vertical groove; thick attached earlobes. Build: full cheeks, substantial neck and broad fleshy shoulders, visibly heavier build; not caricature. Skin: cool rosy fair; never connect skin tone or body to class, morality or nationality. Hair: dark brown; natural female hair consistent with headwear. Age: A genuinely grown young adult with adult jaw, longer neck and adult shoulders, youthful firm skin without deep age wrinkles. Expression: clearly legible gentle closed-mouth smile, lifted mouth corners and softened eyes, not a broad grin. Class must read from costume texture, cut, fur, headwear and posture even if the prop is hidden: well-tailored muted dark blue fine wool gown with small brown fur edging, plum mantle, compact bronze clasp, upright capable posture; dark practical merchant widow head covering. Headwear: dark charcoal widow veil with narrow off-white temple band, not an all-white veil. Prop staging, exactly: a small ochre drawstring leather coin purse resting in the open RIGHT palm at lower right. ABSOLUTELY NO BOOK, SCROLL, DOCUMENT OR PAPER. Do not add extra generic props. Preserve this same unique skull, nose, eyes, lips, ears and chin across ages; adult growth follows child landmarks. Whole completed person painted together, no assembled layers. Bust fills square with headwear fully inside frame and enough lower torso for the stated object, upper-left soft light, opaque flat muted grey-brown background. Painterly realism matching approved pilot, natural individualized face, not caricature, no modern haircuts or fantasy clothing.","13cc18978741fb21ac8249bbee29945250b235d89adebf10b72096a86c23e78b"
"I077","mature","I077_mature","portraits/I077_mature.png","f","45","merchant","widow_merchant_representative","청원하는 과부 상인 대표","coin_purse","other","heavy","front","dark brown with visible grey strands","cool rosy fair","long high narrow forehead above wide low cheeks; close-set small grey eyes; long narrow bridge spreading to very wide flat nostrils; tiny downturned thin lips; long broad chin with vertical groove; thick attached earlobes","well-tailored muted dark blue fine wool gown with small brown fur edging, plum mantle, compact bronze clasp, upright capable posture; dark practical merchant widow head covering","widowed","neutral","widow_veil","provenance/raw/I077_mature.png","83d1aaa17e5551927d56acb168f0145e2d2dcffc6f9addecd73b46817612a099","provenance/references/13cc18978741-I077_mature-r1-ref0.png","Use case: identity-preserve. The input portrait is this exact person's YOUNG stage. Paint a complete new square opaque portrait of THE SAME INDIVIDUAL at the specified older age, retaining unmistakable skull, nose shape, eye spacing, lips, ears, facial proportions, skin undertone, body build, head direction, lighting, flat grey-brown background, and painterly style. Preserve same prop accurately and no new objects. This is realistic aging, not a different actor or makeup mask. Mature45 must show visible forehead/crowfoot/nasolabial aging and grey strands; old70 needs obvious grey-white hair, age spots, eyelid/cheek sag and deeper natural wrinkles while preserving skeleton. Requested stage headwear and expression may change. Single completed portrait, no collage/text. Detailed target: ONE complete hand-painted natural realistic bust of I077, a 45-year-old woman, southern England around 1300, role: widow merchant representative. Genuinely facing the viewer nearly front-on with natural slight asymmetry; no mirroring. Permanent anatomical identity: long high narrow forehead above wide low cheeks; close-set small grey eyes; long narrow bridge spreading to very wide flat nostrils; tiny downturned thin lips; long broad chin with vertical groove; thick attached earlobes. Build: full cheeks, substantial neck and broad fleshy shoulders, visibly heavier build; not caricature. Skin: cool rosy fair; never connect skin tone or body to class, morality or nationality. Hair: dark brown with visible grey strands; natural female hair consistent with headwear. Age: Same person at forty-five: visible moderate crow feet, forehead creases and nasolabial folds, subtle greying and mature tissue; not merely a changed hat. Expression: quiet neutral relaxed mouth and naturally alert eyes. Class must read from costume texture, cut, fur, headwear and posture even if the prop is hidden: well-tailored muted dark blue fine wool gown with small brown fur edging, plum mantle, compact bronze clasp, upright capable posture; dark practical merchant widow head covering. Headwear: dark charcoal widow veil with narrow off-white temple band, not an all-white veil. Prop staging, exactly: a small ochre drawstring leather coin purse resting in the open RIGHT palm at lower right. ABSOLUTELY NO BOOK, SCROLL, DOCUMENT OR PAPER. Do not add extra generic props. Preserve this same unique skull, nose, eyes, lips, ears and chin across ages; adult growth follows child landmarks. Whole completed person painted together, no assembled layers. Bust fills square with headwear fully inside frame and enough lower torso for the stated object, upper-left soft light, opaque flat muted grey-brown background. Painterly realism matching approved pilot, natural individualized face, not caricature, no modern haircuts or fantasy clothing.","07d4394228d159804d330c8afe29d891a07f3b7052c84ee08257812c038e33fc"
"I077","old","I077_old","portraits/I077_old.png","f","70","merchant","widow_merchant_representative","청원하는 과부 상인 대표","coin_purse","other","heavy","front","grey-white hair with remnants of dark brown","cool rosy fair","long high narrow forehead above wide low cheeks; close-set small grey eyes; long narrow bridge spreading to very wide flat nostrils; tiny downturned thin lips; long broad chin with vertical groove; thick attached earlobes","well-tailored muted dark blue fine wool gown with small brown fur edging, plum mantle, compact bronze clasp, upright capable posture; dark practical merchant widow head covering","widowed","neutral","widow_veil","provenance/raw/I077_old.png","394076d1da9d00802ca9f5810c0b2af151501b1405e812a56fd3dc318daab1d2","provenance/references/13cc18978741-I077_old-r1-ref0.png","Use case: identity-preserve. The input portrait is this exact person's YOUNG stage. Paint a complete new square opaque portrait of THE SAME INDIVIDUAL at the specified older age, retaining unmistakable skull, nose shape, eye spacing, lips, ears, facial proportions, skin undertone, body build, head direction, lighting, flat grey-brown background, and painterly style. Preserve same prop accurately and no new objects. This is realistic aging, not a different actor or makeup mask. Mature45 must show visible forehead/crowfoot/nasolabial aging and grey strands; old70 needs obvious grey-white hair, age spots, eyelid/cheek sag and deeper natural wrinkles while preserving skeleton. Requested stage headwear and expression may change. Single completed portrait, no collage/text. Detailed target: ONE complete hand-painted natural realistic bust of I077, a 70-year-old woman, southern England around 1300, role: widow merchant representative. Genuinely facing the viewer nearly front-on with natural slight asymmetry; no mirroring. Permanent anatomical identity: long high narrow forehead above wide low cheeks; close-set small grey eyes; long narrow bridge spreading to very wide flat nostrils; tiny downturned thin lips; long broad chin with vertical groove; thick attached earlobes. Build: full cheeks, substantial neck and broad fleshy shoulders, visibly heavier build; not caricature. Skin: cool rosy fair; never connect skin tone or body to class, morality or nationality. Hair: grey-white hair with remnants of dark brown; natural female hair consistent with headwear. Age: Same person at seventy: clearly visible deeper wrinkles, eyelid and cheek sag, age spots, grey-white thinning hair; preserve all distinctive skeletal landmarks. Expression: quiet neutral relaxed mouth and naturally alert eyes. Class must read from costume texture, cut, fur, headwear and posture even if the prop is hidden: well-tailored muted dark blue fine wool gown with small brown fur edging, plum mantle, compact bronze clasp, upright capable posture; dark practical merchant widow head covering. Headwear: dark charcoal widow veil with narrow off-white temple band, not an all-white veil. Prop staging, exactly: a small ochre drawstring leather coin purse resting in the open RIGHT palm at lower right. ABSOLUTELY NO BOOK, SCROLL, DOCUMENT OR PAPER. Do not add extra generic props. Preserve this same unique skull, nose, eyes, lips, ears and chin across ages; adult growth follows child landmarks. Whole completed person painted together, no assembled layers. Bust fills square with headwear fully inside frame and enough lower torso for the stated object, upper-left soft light, opaque flat muted grey-brown background. Painterly realism matching approved pilot, natural individualized face, not caricature, no modern haircuts or fantasy clothing.","d315822049ad01f43326125008d056fa31cfb370e2f3cee253e218b163f71a53"
"I078","young","I078_young","portraits/I078_young.png","m","24","merchant","lombard_wool_buyer","외지 양모 구매상·롬바르디아 상인","wool_sample","other","thin","left","dark chestnut","light warm peach","tall broad cranium tapering to a very narrow pointed jaw; widely spaced pale green eyes with deep under-eye hollows; large straight projecting nose with rounded hanging tip; very full asymmetrical lips; long pointed chin leaning left; small high curled ears","fine subdued moss-green wool cote with a narrow tawny fur edge, deep wine traveller mantle and elegant modest silver clasp; merchant quality, no national caricature or modern costume","married","tired_worried","hood","provenance/raw/I078_young.png","5b1d9d78ffb65ca22e56897578c0ad313a3f7c40cc060a4563905f3bab15bcdc","provenance/references/5ab20f510948-style-1.jpg","Use case: historical-scene. Generate ONE complete square opaque painted game portrait, not a sheet, no text or border. Reference image is STYLE ONLY, never copy any existing face. Match natural grounded painterly realism of approved 1300 England portrait pool: subtle brush texture, credible human anatomy, soft upper-left daylight, flat muted grey-brown background. Head and upper torso with top margin, clothing shoulder silhouette and prescribed handheld object clearly visible at bottom. Distinct specific face, unglamorous individual, readable at 96px. Medieval England c1300 clothing accurately layered; miniver means grey-white squirrel fur WITHOUT black ermine tails. Men wear below-ear medieval bob hair, no modern haircut. Class reads from garment materials, fur, headwear and bearing, never skin/body. No extra book/scroll or random prop unless prescribed. No lettering, symbols, modern items, composited layers, mirroring. Subject: ONE complete hand-painted natural realistic bust of I078, a 24-year-old man, southern England around 1300, role: lombard wool buyer. Genuinely facing image LEFT in three-quarter view; paint this direction, never mirror. Permanent anatomical identity: tall broad cranium tapering to a very narrow pointed jaw; widely spaced pale green eyes with deep under-eye hollows; large straight projecting nose with rounded hanging tip; very full asymmetrical lips; long pointed chin leaning left; small high curled ears. Build: slender neck and narrow bony shoulders, lean tissue; skull size independent of build. Skin: light warm peach; never connect skin tone or body to class, morality or nationality. Hair: dark chestnut; natural blunt medieval bob reaching below both ears, no cropped modern sides; fine dark moustache and short pointed beard. Age: A genuinely grown young adult with adult jaw, longer neck and adult shoulders, youthful firm skin without deep age wrinkles. Expression: clearly legible restrained concern or fatigue, knitted inner brows and weary softened mouth, no moral coding. Class must read from costume texture, cut, fur, headwear and posture even if the prop is hidden: fine subdued moss-green wool cote with a narrow tawny fur edge, deep wine traveller mantle and elegant modest silver clasp; merchant quality, no national caricature or modern costume. Headwear: early 1300 simple wool hood with shoulder cape, no later turban chaperon; male natural bob ends below ears. Prop staging, exactly: a loose fist-sized tuft of raw cream fleece held lightly in the RIGHT hand at lower centre. ABSOLUTELY NO BOOK, SCROLL, DOCUMENT OR PAPER. Do not add extra generic props. Preserve this same unique skull, nose, eyes, lips, ears and chin across ages; adult growth follows child landmarks. Whole completed person painted together, no assembled layers. Bust fills square with headwear fully inside frame and enough lower torso for the stated object, upper-left soft light, opaque flat muted grey-brown background. Painterly realism matching approved pilot, natural individualized face, not caricature, no modern haircuts or fantasy clothing.","ea99b45fbae9714e0724334555375675f308520e0bd2c09b43511b3a6e0860b0"
"I078","mature","I078_mature","portraits/I078_mature.png","m","45","merchant","lombard_wool_buyer","외지 양모 구매상·롬바르디아 상인","wool_sample","other","thin","left","dark chestnut with visible grey strands","light warm peach","tall broad cranium tapering to a very narrow pointed jaw; widely spaced pale green eyes with deep under-eye hollows; large straight projecting nose with rounded hanging tip; very full asymmetrical lips; long pointed chin leaning left; small high curled ears","fine subdued moss-green wool cote with a narrow tawny fur edge, deep wine traveller mantle and elegant modest silver clasp; merchant quality, no national caricature or modern costume","married","neutral","hood","provenance/raw/I078_mature.png","ede9477cbaeee760e298db4e4f32f2be80087cb81575a03adf88ac1600a201c6","provenance/references/ea99b45fbae9-I078_mature-r1-ref0.png","Use case: identity-preserve. The input portrait is this exact person's YOUNG stage. Paint a complete new square opaque portrait of THE SAME INDIVIDUAL at the specified older age, retaining unmistakable skull, nose shape, eye spacing, lips, ears, facial proportions, skin undertone, body build, head direction, lighting, flat grey-brown background, and painterly style. Preserve same prop accurately and no new objects. This is realistic aging, not a different actor or makeup mask. Mature45 must show visible forehead/crowfoot/nasolabial aging and grey strands; old70 needs obvious grey-white hair, age spots, eyelid/cheek sag and deeper natural wrinkles while preserving skeleton. Requested stage headwear and expression may change. Single completed portrait, no collage/text. Detailed target: ONE complete hand-painted natural realistic bust of I078, a 45-year-old man, southern England around 1300, role: lombard wool buyer. Genuinely facing image LEFT in three-quarter view; paint this direction, never mirror. Permanent anatomical identity: tall broad cranium tapering to a very narrow pointed jaw; widely spaced pale green eyes with deep under-eye hollows; large straight projecting nose with rounded hanging tip; very full asymmetrical lips; long pointed chin leaning left; small high curled ears. Build: slender neck and narrow bony shoulders, lean tissue; skull size independent of build. Skin: light warm peach; never connect skin tone or body to class, morality or nationality. Hair: dark chestnut with visible grey strands; natural blunt medieval bob reaching below both ears, no cropped modern sides; fine dark moustache and short pointed beard. Age: Same person at forty-five: visible moderate crow feet, forehead creases and nasolabial folds, subtle greying and mature tissue; not merely a changed hat. Expression: quiet neutral relaxed mouth and naturally alert eyes. Class must read from costume texture, cut, fur, headwear and posture even if the prop is hidden: fine subdued moss-green wool cote with a narrow tawny fur edge, deep wine traveller mantle and elegant modest silver clasp; merchant quality, no national caricature or modern costume. Headwear: early 1300 simple wool hood with shoulder cape, no later turban chaperon; male natural bob ends below ears. Prop staging, exactly: a loose fist-sized tuft of raw cream fleece held lightly in the RIGHT hand at lower centre. ABSOLUTELY NO BOOK, SCROLL, DOCUMENT OR PAPER. Do not add extra generic props. Preserve this same unique skull, nose, eyes, lips, ears and chin across ages; adult growth follows child landmarks. Whole completed person painted together, no assembled layers. Bust fills square with headwear fully inside frame and enough lower torso for the stated object, upper-left soft light, opaque flat muted grey-brown background. Painterly realism matching approved pilot, natural individualized face, not caricature, no modern haircuts or fantasy clothing.","11f34bb6d531bcaf00ea2c4594d9442f87277441531b5e4b0770d5f65a09cfb3"
"I078","old","I078_old","portraits/I078_old.png","m","70","merchant","lombard_wool_buyer","외지 양모 구매상·롬바르디아 상인","wool_sample","other","thin","left","grey-white hair with remnants of dark chestnut","light warm peach","tall broad cranium tapering to a very narrow pointed jaw; widely spaced pale green eyes with deep under-eye hollows; large straight projecting nose with rounded hanging tip; very full asymmetrical lips; long pointed chin leaning left; small high curled ears","fine subdued moss-green wool cote with a narrow tawny fur edge, deep wine traveller mantle and elegant modest silver clasp; merchant quality, no national caricature or modern costume","married","slight_smile","hood","provenance/raw/I078_old.png","11063e76d175ec91310c6650bb971135b60422dc5c0f0736d451062a01f63915","provenance/references/ea99b45fbae9-I078_old-r1-ref0.png","Use case: identity-preserve. The input portrait is this exact person's YOUNG stage. Paint a complete new square opaque portrait of THE SAME INDIVIDUAL at the specified older age, retaining unmistakable skull, nose shape, eye spacing, lips, ears, facial proportions, skin undertone, body build, head direction, lighting, flat grey-brown background, and painterly style. Preserve same prop accurately and no new objects. This is realistic aging, not a different actor or makeup mask. Mature45 must show visible forehead/crowfoot/nasolabial aging and grey strands; old70 needs obvious grey-white hair, age spots, eyelid/cheek sag and deeper natural wrinkles while preserving skeleton. Requested stage headwear and expression may change. Single completed portrait, no collage/text. Detailed target: ONE complete hand-painted natural realistic bust of I078, a 70-year-old man, southern England around 1300, role: lombard wool buyer. Genuinely facing image LEFT in three-quarter view; paint this direction, never mirror. Permanent anatomical identity: tall broad cranium tapering to a very narrow pointed jaw; widely spaced pale green eyes with deep under-eye hollows; large straight projecting nose with rounded hanging tip; very full asymmetrical lips; long pointed chin leaning left; small high curled ears. Build: slender neck and narrow bony shoulders, lean tissue; skull size independent of build. Skin: light warm peach; never connect skin tone or body to class, morality or nationality. Hair: grey-white hair with remnants of dark chestnut; natural blunt medieval bob reaching below both ears, no cropped modern sides; fine dark moustache and short pointed beard. Age: Same person at seventy: clearly visible deeper wrinkles, eyelid and cheek sag, age spots, grey-white thinning hair; preserve all distinctive skeletal landmarks. Expression: clearly legible gentle closed-mouth smile, lifted mouth corners and softened eyes, not a broad grin. Class must read from costume texture, cut, fur, headwear and posture even if the prop is hidden: fine subdued moss-green wool cote with a narrow tawny fur edge, deep wine traveller mantle and elegant modest silver clasp; merchant quality, no national caricature or modern costume. Headwear: early 1300 simple wool hood with shoulder cape, no later turban chaperon; male natural bob ends below ears. Prop staging, exactly: a loose fist-sized tuft of raw cream fleece held lightly in the RIGHT hand at lower centre. ABSOLUTELY NO BOOK, SCROLL, DOCUMENT OR PAPER. Do not add extra generic props. Preserve this same unique skull, nose, eyes, lips, ears and chin across ages; adult growth follows child landmarks. Whole completed person painted together, no assembled layers. Bust fills square with headwear fully inside frame and enough lower torso for the stated object, upper-left soft light, opaque flat muted grey-brown background. Painterly realism matching approved pilot, natural individualized face, not caricature, no modern haircuts or fantasy clothing.","50ea1067c652928de42ae8442a7ee949aefe66f12efbdb2065acaffe8ffe484b"
"I079","young","I079_young","portraits/I079_young.png","m","24","labour","carter","수레꾼","none","none","heavy","right","black-brown","sun-tanned light warm beige","broad tall rectangular skull; low-set close large brown eyes; very small flat snub nose; heavy straight brows separated by a wide notch; long upper lip with narrow mouth; large square chin set far back; huge broad earlobes","coarse weathered charcoal wool tunic with ochre patched shoulder, rough loose neckline and plain leather harness strap; substantial shoulders","married","neutral","hood","provenance/raw/I079_young.png","7ae0bc068443d0ef2f2e36400971534928eb000c2804a7468e8d0cc152857ae9","provenance/references/e10650783f38-I079_young-before-r2.png","Use case: identity-preserve precise colour correction. Keep this exact man, facial anatomy, nose eye shapes, curly beard, dark medieval below-ear hair, hood, body size, posture, lighting, coarse patched tunic, empty hands, background and entire composition. Change ONLY his skin color from deep brown to sun-tanned LIGHT warm beige, within the light European skin palette of the approved painted game pool. Maintain natural warm weather-reddened shadows, not washed white. Do not alter his ethnicity cues, skull, age or identity. One whole opaque square painted portrait. No props, no books, no text.","45e432d5240e6b163b8ba0fc49098874918d6e550cef485c2222ef3c64501c0a"
"I079","mature","I079_mature","portraits/I079_mature.png","m","45","labour","carter","수레꾼","none","none","heavy","right","black-brown with visible grey strands","sun-tanned light warm beige","broad tall rectangular skull; low-set close large brown eyes; very small flat snub nose; heavy straight brows separated by a wide notch; long upper lip with narrow mouth; large square chin set far back; huge broad earlobes","coarse weathered charcoal wool tunic with ochre patched shoulder, rough loose neckline and plain leather harness strap; substantial shoulders","married","neutral","hood","provenance/raw/I079_mature.png","80f74ddd1e856fe664e4d93e72f81cc832f6f501553f3763cd0469d0ea176865","provenance/references/45e432d5240e-I079_mature-r1-ref0.png","Use case: identity-preserve. The input portrait is this exact person's YOUNG stage. Paint a complete new square opaque portrait of THE SAME INDIVIDUAL at the specified older age, retaining unmistakable skull, nose shape, eye spacing, lips, ears, facial proportions, skin undertone, body build, head direction, lighting, flat grey-brown background, and painterly style. Preserve same prop accurately and no new objects. This is realistic aging, not a different actor or makeup mask. Mature45 must show visible forehead/crowfoot/nasolabial aging and grey strands; old70 needs obvious grey-white hair, age spots, eyelid/cheek sag and deeper natural wrinkles while preserving skeleton. Requested stage headwear and expression may change. Single completed portrait, no collage/text. Detailed target: ONE complete hand-painted natural realistic bust of I079, a 45-year-old man, southern England around 1300, role: carter. Genuinely facing image RIGHT in three-quarter view; paint this direction, never mirror. Permanent anatomical identity: broad tall rectangular skull; low-set close large brown eyes; very small flat snub nose; heavy straight brows separated by a wide notch; long upper lip with narrow mouth; large square chin set far back; huge broad earlobes. Build: full cheeks, substantial neck and broad fleshy shoulders, visibly heavier build; not caricature. Skin: sun-tanned light warm beige; never connect skin tone or body to class, morality or nationality. Hair: black-brown with visible grey strands; natural blunt medieval bob reaching below both ears, no cropped modern sides; short curly dark beard. Age: Same person at forty-five: visible moderate crow feet, forehead creases and nasolabial folds, subtle greying and mature tissue; not merely a changed hat. Expression: quiet neutral relaxed mouth and naturally alert eyes. Class must read from costume texture, cut, fur, headwear and posture even if the prop is hidden: coarse weathered charcoal wool tunic with ochre patched shoulder, rough loose neckline and plain leather harness strap; substantial shoulders. Headwear: early 1300 simple wool hood with shoulder cape, no later turban chaperon; male natural bob ends below ears. Prop staging, exactly: no handheld objects, hands entirely out of crop; no rope or papers. ABSOLUTELY NO BOOK, SCROLL, DOCUMENT OR PAPER. Do not add extra generic props. Preserve this same unique skull, nose, eyes, lips, ears and chin across ages; adult growth follows child landmarks. Whole completed person painted together, no assembled layers. Bust fills square with headwear fully inside frame and enough lower torso for the stated object, upper-left soft light, opaque flat muted grey-brown background. Painterly realism matching approved pilot, natural individualized face, not caricature, no modern haircuts or fantasy clothing.","a437e4c4987212a93a254742ec02597353106d16a6933cce0c87e73bdddb49f9"
"I079","old","I079_old","portraits/I079_old.png","m","70","labour","carter","수레꾼","none","none","heavy","right","grey-white hair with remnants of black-brown","sun-tanned light warm beige","broad tall rectangular skull; low-set close large brown eyes; very small flat snub nose; heavy straight brows separated by a wide notch; long upper lip with narrow mouth; large square chin set far back; huge broad earlobes","coarse weathered charcoal wool tunic with ochre patched shoulder, rough loose neckline and plain leather harness strap; substantial shoulders","married","tired_worried","hood","provenance/raw/I079_old.png","371b305967bf67eadfa58728710429dc4b4add6bf168261408535b40c8d499c3","provenance/references/45e432d5240e-I079_old-r1-ref0.png","Use case: identity-preserve. The input portrait is this exact person's YOUNG stage. Paint a complete new square opaque portrait of THE SAME INDIVIDUAL at the specified older age, retaining unmistakable skull, nose shape, eye spacing, lips, ears, facial proportions, skin undertone, body build, head direction, lighting, flat grey-brown background, and painterly style. Preserve same prop accurately and no new objects. This is realistic aging, not a different actor or makeup mask. Mature45 must show visible forehead/crowfoot/nasolabial aging and grey strands; old70 needs obvious grey-white hair, age spots, eyelid/cheek sag and deeper natural wrinkles while preserving skeleton. Requested stage headwear and expression may change. Single completed portrait, no collage/text. Detailed target: ONE complete hand-painted natural realistic bust of I079, a 70-year-old man, southern England around 1300, role: carter. Genuinely facing image RIGHT in three-quarter view; paint this direction, never mirror. Permanent anatomical identity: broad tall rectangular skull; low-set close large brown eyes; very small flat snub nose; heavy straight brows separated by a wide notch; long upper lip with narrow mouth; large square chin set far back; huge broad earlobes. Build: full cheeks, substantial neck and broad fleshy shoulders, visibly heavier build; not caricature. Skin: sun-tanned light warm beige; never connect skin tone or body to class, morality or nationality. Hair: grey-white hair with remnants of black-brown; natural blunt medieval bob reaching below both ears, no cropped modern sides; short curly dark beard. Age: Same person at seventy: clearly visible deeper wrinkles, eyelid and cheek sag, age spots, grey-white thinning hair; preserve all distinctive skeletal landmarks. Expression: clearly legible restrained concern or fatigue, knitted inner brows and weary softened mouth, no moral coding. Class must read from costume texture, cut, fur, headwear and posture even if the prop is hidden: coarse weathered charcoal wool tunic with ochre patched shoulder, rough loose neckline and plain leather harness strap; substantial shoulders. Headwear: early 1300 simple wool hood with shoulder cape, no later turban chaperon; male natural bob ends below ears. Prop staging, exactly: no handheld objects, hands entirely out of crop; no rope or papers. ABSOLUTELY NO BOOK, SCROLL, DOCUMENT OR PAPER. Do not add extra generic props. Preserve this same unique skull, nose, eyes, lips, ears and chin across ages; adult growth follows child landmarks. Whole completed person painted together, no assembled layers. Bust fills square with headwear fully inside frame and enough lower torso for the stated object, upper-left soft light, opaque flat muted grey-brown background. Painterly realism matching approved pilot, natural individualized face, not caricature, no modern haircuts or fantasy clothing.","2860025408b1f31f1d18cc2ffe9e398abd0fda5cf9ff45d82a4f194cca37fb7f"
"I080","young","I080_young","portraits/I080_young.png","m","24","labour","shepherd","목동","shepherd_crook","other","thin","front","copper red","fair freckled copper-pink","very tall rounded forehead; extremely narrow temples and pointed cheekbones; wide-set large drooping blue eyes; short broad angular nose with upturned left nostril; small soft upper lip and long jutting lower lip; triangular chin; small low ears","coarse undyed sheep-grey wool cote and weathered olive hooded cape with visible darned seam, no fine fur collar","married","neutral","hood","provenance/raw/I080_young.png","10a51e9b8419dd21cfe048bf5fe39f08100059315db3a9ac69bc62ad8f05f847","provenance/references/5ab20f510948-style-1.jpg","Use case: historical-scene. Generate ONE complete square opaque painted game portrait, not a sheet, no text or border. Reference image is STYLE ONLY, never copy any existing face. Match natural grounded painterly realism of approved 1300 England portrait pool: subtle brush texture, credible human anatomy, soft upper-left daylight, flat muted grey-brown background. Head and upper torso with top margin, clothing shoulder silhouette and prescribed handheld object clearly visible at bottom. Distinct specific face, unglamorous individual, readable at 96px. Medieval England c1300 clothing accurately layered; miniver means grey-white squirrel fur WITHOUT black ermine tails. Men wear below-ear medieval bob hair, no modern haircut. Class reads from garment materials, fur, headwear and bearing, never skin/body. No extra book/scroll or random prop unless prescribed. No lettering, symbols, modern items, composited layers, mirroring. Subject: ONE complete hand-painted natural realistic bust of I080, a 24-year-old man, southern England around 1300, role: shepherd. Genuinely facing the viewer nearly front-on with natural slight asymmetry; no mirroring. Permanent anatomical identity: very tall rounded forehead; extremely narrow temples and pointed cheekbones; wide-set large drooping blue eyes; short broad angular nose with upturned left nostril; small soft upper lip and long jutting lower lip; triangular chin; small low ears. Build: slender neck and narrow bony shoulders, lean tissue; skull size independent of build. Skin: fair freckled copper-pink; never connect skin tone or body to class, morality or nationality. Hair: copper red; natural blunt medieval bob reaching below both ears, no cropped modern sides; clean shaven. Age: A genuinely grown young adult with adult jaw, longer neck and adult shoulders, youthful firm skin without deep age wrinkles. Expression: quiet neutral relaxed mouth and naturally alert eyes. Class must read from costume texture, cut, fur, headwear and posture even if the prop is hidden: coarse undyed sheep-grey wool cote and weathered olive hooded cape with visible darned seam, no fine fur collar. Headwear: early 1300 simple wool hood with shoulder cape, no later turban chaperon; male natural bob ends below ears. Prop staging, exactly: the curved upper segment of a modest wooden shepherd crook resting vertically beside the RIGHT shoulder. ABSOLUTELY NO BOOK, SCROLL, DOCUMENT OR PAPER. Do not add extra generic props. Preserve this same unique skull, nose, eyes, lips, ears and chin across ages; adult growth follows child landmarks. Whole completed person painted together, no assembled layers. Bust fills square with headwear fully inside frame and enough lower torso for the stated object, upper-left soft light, opaque flat muted grey-brown background. Painterly realism matching approved pilot, natural individualized face, not caricature, no modern haircuts or fantasy clothing.","d664cc4e8a31eede1cc5f56bd57d0a60d9cbf739535235258645d00d7d80f524"
"I080","mature","I080_mature","portraits/I080_mature.png","m","45","labour","shepherd","목동","shepherd_crook","other","thin","front","copper red with visible grey strands","fair freckled copper-pink","very tall rounded forehead; extremely narrow temples and pointed cheekbones; wide-set large drooping blue eyes; short broad angular nose with upturned left nostril; small soft upper lip and long jutting lower lip; triangular chin; small low ears","coarse undyed sheep-grey wool cote and weathered olive hooded cape with visible darned seam, no fine fur collar","married","slight_smile","hood","provenance/raw/I080_mature.png","6e00ea0a362a766e9881b0ad95f7b300fb2f74788ef5b7a97067bf95cf75078f","provenance/references/d664cc4e8a31-I080_mature-r1-ref0.png","Use case: identity-preserve. The input portrait is this exact person's YOUNG stage. Paint a complete new square opaque portrait of THE SAME INDIVIDUAL at the specified older age, retaining unmistakable skull, nose shape, eye spacing, lips, ears, facial proportions, skin undertone, body build, head direction, lighting, flat grey-brown background, and painterly style. Preserve same prop accurately and no new objects. This is realistic aging, not a different actor or makeup mask. Mature45 must show visible forehead/crowfoot/nasolabial aging and grey strands; old70 needs obvious grey-white hair, age spots, eyelid/cheek sag and deeper natural wrinkles while preserving skeleton. Requested stage headwear and expression may change. Single completed portrait, no collage/text. Detailed target: ONE complete hand-painted natural realistic bust of I080, a 45-year-old man, southern England around 1300, role: shepherd. Genuinely facing the viewer nearly front-on with natural slight asymmetry; no mirroring. Permanent anatomical identity: very tall rounded forehead; extremely narrow temples and pointed cheekbones; wide-set large drooping blue eyes; short broad angular nose with upturned left nostril; small soft upper lip and long jutting lower lip; triangular chin; small low ears. Build: slender neck and narrow bony shoulders, lean tissue; skull size independent of build. Skin: fair freckled copper-pink; never connect skin tone or body to class, morality or nationality. Hair: copper red with visible grey strands; natural blunt medieval bob reaching below both ears, no cropped modern sides; clean shaven. Age: Same person at forty-five: visible moderate crow feet, forehead creases and nasolabial folds, subtle greying and mature tissue; not merely a changed hat. Expression: clearly legible gentle closed-mouth smile, lifted mouth corners and softened eyes, not a broad grin. Class must read from costume texture, cut, fur, headwear and posture even if the prop is hidden: coarse undyed sheep-grey wool cote and weathered olive hooded cape with visible darned seam, no fine fur collar. Headwear: early 1300 simple wool hood with shoulder cape, no later turban chaperon; male natural bob ends below ears. Prop staging, exactly: the curved upper segment of a modest wooden shepherd crook resting vertically beside the RIGHT shoulder. ABSOLUTELY NO BOOK, SCROLL, DOCUMENT OR PAPER. Do not add extra generic props. Preserve this same unique skull, nose, eyes, lips, ears and chin across ages; adult growth follows child landmarks. Whole completed person painted together, no assembled layers. Bust fills square with headwear fully inside frame and enough lower torso for the stated object, upper-left soft light, opaque flat muted grey-brown background. Painterly realism matching approved pilot, natural individualized face, not caricature, no modern haircuts or fantasy clothing.","4b0f6d1cf3b4cfca8e6d53d6e9a3808c157ca1817a5866968fd1d1a50f4e463c"
"I080","old","I080_old","portraits/I080_old.png","m","70","labour","shepherd","목동","shepherd_crook","other","thin","front","grey-white hair with remnants of copper red","fair freckled copper-pink","very tall rounded forehead; extremely narrow temples and pointed cheekbones; wide-set large drooping blue eyes; short broad angular nose with upturned left nostril; small soft upper lip and long jutting lower lip; triangular chin; small low ears","coarse undyed sheep-grey wool cote and weathered olive hooded cape with visible darned seam, no fine fur collar","married","neutral","hood","provenance/raw/I080_old.png","49f378e44c14612c47e63a8b3850e9ae314cfcd7aa9f8cadec4af3be53c05a13","provenance/references/d664cc4e8a31-I080_old-r1-ref0.png","Use case: identity-preserve. The input portrait is this exact person's YOUNG stage. Paint a complete new square opaque portrait of THE SAME INDIVIDUAL at the specified older age, retaining unmistakable skull, nose shape, eye spacing, lips, ears, facial proportions, skin undertone, body build, head direction, lighting, flat grey-brown background, and painterly style. Preserve same prop accurately and no new objects. This is realistic aging, not a different actor or makeup mask. Mature45 must show visible forehead/crowfoot/nasolabial aging and grey strands; old70 needs obvious grey-white hair, age spots, eyelid/cheek sag and deeper natural wrinkles while preserving skeleton. Requested stage headwear and expression may change. Single completed portrait, no collage/text. Detailed target: ONE complete hand-painted natural realistic bust of I080, a 70-year-old man, southern England around 1300, role: shepherd. Genuinely facing the viewer nearly front-on with natural slight asymmetry; no mirroring. Permanent anatomical identity: very tall rounded forehead; extremely narrow temples and pointed cheekbones; wide-set large drooping blue eyes; short broad angular nose with upturned left nostril; small soft upper lip and long jutting lower lip; triangular chin; small low ears. Build: slender neck and narrow bony shoulders, lean tissue; skull size independent of build. Skin: fair freckled copper-pink; never connect skin tone or body to class, morality or nationality. Hair: grey-white hair with remnants of copper red; natural blunt medieval bob reaching below both ears, no cropped modern sides; clean shaven. Age: Same person at seventy: clearly visible deeper wrinkles, eyelid and cheek sag, age spots, grey-white thinning hair; preserve all distinctive skeletal landmarks. Expression: quiet neutral relaxed mouth and naturally alert eyes. Class must read from costume texture, cut, fur, headwear and posture even if the prop is hidden: coarse undyed sheep-grey wool cote and weathered olive hooded cape with visible darned seam, no fine fur collar. Headwear: early 1300 simple wool hood with shoulder cape, no later turban chaperon; male natural bob ends below ears. Prop staging, exactly: the curved upper segment of a modest wooden shepherd crook resting vertically beside the RIGHT shoulder. ABSOLUTELY NO BOOK, SCROLL, DOCUMENT OR PAPER. Do not add extra generic props. Preserve this same unique skull, nose, eyes, lips, ears and chin across ages; adult growth follows child landmarks. Whole completed person painted together, no assembled layers. Bust fills square with headwear fully inside frame and enough lower torso for the stated object, upper-left soft light, opaque flat muted grey-brown background. Painterly realism matching approved pilot, natural individualized face, not caricature, no modern haircuts or fantasy clothing.","c3c8fa666172a89f0f016337ed7c16fadf5403517ca321c0c65627e378b7a3d1"
"I081","young","I081_young","portraits/I081_young.png","m","24","labour","fisherman","어부","net_float","other","average","left","dark ash blond","light cool beige with weather-reddened cheeks","very low forehead and exceptionally long lower face; tiny deep-set green eyes far apart; long crooked nose angled right with compressed tip; thick pursed lips; long broad cleft chin and unequal high cheekbones; large ears tilted backward","coarse blue-grey wool cote with faded brown sleeveless overgarment, salt-worn cuffs and practical loose neck","married","neutral","coif_cap","provenance/raw/I081_young.png","9aff57db9508d0190e361ca4e030586c1a83e15751b184db84c91611169d674e","provenance/references/5ab20f510948-style-1.jpg","Use case: historical-scene. Generate ONE complete square opaque painted game portrait, not a sheet, no text or border. Reference image is STYLE ONLY, never copy any existing face. Match natural grounded painterly realism of approved 1300 England portrait pool: subtle brush texture, credible human anatomy, soft upper-left daylight, flat muted grey-brown background. Head and upper torso with top margin, clothing shoulder silhouette and prescribed handheld object clearly visible at bottom. Distinct specific face, unglamorous individual, readable at 96px. Medieval England c1300 clothing accurately layered; miniver means grey-white squirrel fur WITHOUT black ermine tails. Men wear below-ear medieval bob hair, no modern haircut. Class reads from garment materials, fur, headwear and bearing, never skin/body. No extra book/scroll or random prop unless prescribed. No lettering, symbols, modern items, composited layers, mirroring. Subject: ONE complete hand-painted natural realistic bust of I081, a 24-year-old man, southern England around 1300, role: fisherman. Genuinely facing image LEFT in three-quarter view; paint this direction, never mirror. Permanent anatomical identity: very low forehead and exceptionally long lower face; tiny deep-set green eyes far apart; long crooked nose angled right with compressed tip; thick pursed lips; long broad cleft chin and unequal high cheekbones; large ears tilted backward. Build: ordinary medium neck and shoulders, moderate cheek tissue. Skin: light cool beige with weather-reddened cheeks; never connect skin tone or body to class, morality or nationality. Hair: dark ash blond; natural blunt medieval bob reaching below both ears, no cropped modern sides; broad ash-blond moustache. Age: A genuinely grown young adult with adult jaw, longer neck and adult shoulders, youthful firm skin without deep age wrinkles. Expression: quiet neutral relaxed mouth and naturally alert eyes. Class must read from costume texture, cut, fur, headwear and posture even if the prop is hidden: coarse blue-grey wool cote with faded brown sleeveless overgarment, salt-worn cuffs and practical loose neck. Headwear: plain close linen coif beneath a low soft wool cap; male blunt medieval bob extending below ears. Prop staging, exactly: one oval cork net float and a short attached cord cradled in the LEFT palm low in frame; no large net. ABSOLUTELY NO BOOK, SCROLL, DOCUMENT OR PAPER. Do not add extra generic props. Preserve this same unique skull, nose, eyes, lips, ears and chin across ages; adult growth follows child landmarks. Whole completed person painted together, no assembled layers. Bust fills square with headwear fully inside frame and enough lower torso for the stated object, upper-left soft light, opaque flat muted grey-brown background. Painterly realism matching approved pilot, natural individualized face, not caricature, no modern haircuts or fantasy clothing.","b903ed69373b639792bc1333ed0abe549594f3c5fd3374ad618404aea1a82921"
"I081","mature","I081_mature","portraits/I081_mature.png","m","45","labour","fisherman","어부","net_float","other","average","left","dark ash blond with visible grey strands","light cool beige with weather-reddened cheeks","very low forehead and exceptionally long lower face; tiny deep-set green eyes far apart; long crooked nose angled right with compressed tip; thick pursed lips; long broad cleft chin and unequal high cheekbones; large ears tilted backward","coarse blue-grey wool cote with faded brown sleeveless overgarment, salt-worn cuffs and practical loose neck","married","tired_worried","coif_cap","provenance/raw/I081_mature.png","9becbffe278eb374a2e996252971b6fc650b59f37d151fb3d9b7d4ad91a6d9e4","provenance/references/b903ed69373b-I081_mature-r1-ref0.png","Use case: identity-preserve. The input portrait is this exact person's YOUNG stage. Paint a complete new square opaque portrait of THE SAME INDIVIDUAL at the specified older age, retaining unmistakable skull, nose shape, eye spacing, lips, ears, facial proportions, skin undertone, body build, head direction, lighting, flat grey-brown background, and painterly style. Preserve same prop accurately and no new objects. This is realistic aging, not a different actor or makeup mask. Mature45 must show visible forehead/crowfoot/nasolabial aging and grey strands; old70 needs obvious grey-white hair, age spots, eyelid/cheek sag and deeper natural wrinkles while preserving skeleton. Requested stage headwear and expression may change. Single completed portrait, no collage/text. Detailed target: ONE complete hand-painted natural realistic bust of I081, a 45-year-old man, southern England around 1300, role: fisherman. Genuinely facing image LEFT in three-quarter view; paint this direction, never mirror. Permanent anatomical identity: very low forehead and exceptionally long lower face; tiny deep-set green eyes far apart; long crooked nose angled right with compressed tip; thick pursed lips; long broad cleft chin and unequal high cheekbones; large ears tilted backward. Build: ordinary medium neck and shoulders, moderate cheek tissue. Skin: light cool beige with weather-reddened cheeks; never connect skin tone or body to class, morality or nationality. Hair: dark ash blond with visible grey strands; natural blunt medieval bob reaching below both ears, no cropped modern sides; broad ash-blond moustache. Age: Same person at forty-five: visible moderate crow feet, forehead creases and nasolabial folds, subtle greying and mature tissue; not merely a changed hat. Expression: clearly legible restrained concern or fatigue, knitted inner brows and weary softened mouth, no moral coding. Class must read from costume texture, cut, fur, headwear and posture even if the prop is hidden: coarse blue-grey wool cote with faded brown sleeveless overgarment, salt-worn cuffs and practical loose neck. Headwear: plain close linen coif beneath a low soft wool cap; male blunt medieval bob extending below ears. Prop staging, exactly: one oval cork net float and a short attached cord cradled in the LEFT palm low in frame; no large net. ABSOLUTELY NO BOOK, SCROLL, DOCUMENT OR PAPER. Do not add extra generic props. Preserve this same unique skull, nose, eyes, lips, ears and chin across ages; adult growth follows child landmarks. Whole completed person painted together, no assembled layers. Bust fills square with headwear fully inside frame and enough lower torso for the stated object, upper-left soft light, opaque flat muted grey-brown background. Painterly realism matching approved pilot, natural individualized face, not caricature, no modern haircuts or fantasy clothing.","d7d5f711b2ac25fba066ded6e7f09d07c7b2241620ca3edf67d10fb7ece0c4bc"
"I081","old","I081_old","portraits/I081_old.png","m","70","labour","fisherman","어부","net_float","other","average","left","grey-white hair with remnants of dark ash blond","light cool beige with weather-reddened cheeks","very low forehead and exceptionally long lower face; tiny deep-set green eyes far apart; long crooked nose angled right with compressed tip; thick pursed lips; long broad cleft chin and unequal high cheekbones; large ears tilted backward","coarse blue-grey wool cote with faded brown sleeveless overgarment, salt-worn cuffs and practical loose neck","married","neutral","coif_cap","provenance/raw/I081_old.png","16cab71b71fdcd0c7cba696108a9d28070fa05861c7598d52b02aa6979c93afc","provenance/references/b903ed69373b-I081_old-r1-ref0.png","Use case: identity-preserve. The input portrait is this exact person's YOUNG stage. Paint a complete new square opaque portrait of THE SAME INDIVIDUAL at the specified older age, retaining unmistakable skull, nose shape, eye spacing, lips, ears, facial proportions, skin undertone, body build, head direction, lighting, flat grey-brown background, and painterly style. Preserve same prop accurately and no new objects. This is realistic aging, not a different actor or makeup mask. Mature45 must show visible forehead/crowfoot/nasolabial aging and grey strands; old70 needs obvious grey-white hair, age spots, eyelid/cheek sag and deeper natural wrinkles while preserving skeleton. Requested stage headwear and expression may change. Single completed portrait, no collage/text. Detailed target: ONE complete hand-painted natural realistic bust of I081, a 70-year-old man, southern England around 1300, role: fisherman. Genuinely facing image LEFT in three-quarter view; paint this direction, never mirror. Permanent anatomical identity: very low forehead and exceptionally long lower face; tiny deep-set green eyes far apart; long crooked nose angled right with compressed tip; thick pursed lips; long broad cleft chin and unequal high cheekbones; large ears tilted backward. Build: ordinary medium neck and shoulders, moderate cheek tissue. Skin: light cool beige with weather-reddened cheeks; never connect skin tone or body to class, morality or nationality. Hair: grey-white hair with remnants of dark ash blond; natural blunt medieval bob reaching below both ears, no cropped modern sides; broad ash-blond moustache. Age: Same person at seventy: clearly visible deeper wrinkles, eyelid and cheek sag, age spots, grey-white thinning hair; preserve all distinctive skeletal landmarks. Expression: quiet neutral relaxed mouth and naturally alert eyes. Class must read from costume texture, cut, fur, headwear and posture even if the prop is hidden: coarse blue-grey wool cote with faded brown sleeveless overgarment, salt-worn cuffs and practical loose neck. Headwear: plain close linen coif beneath a low soft wool cap; male blunt medieval bob extending below ears. Prop staging, exactly: one oval cork net float and a short attached cord cradled in the LEFT palm low in frame; no large net. ABSOLUTELY NO BOOK, SCROLL, DOCUMENT OR PAPER. Do not add extra generic props. Preserve this same unique skull, nose, eyes, lips, ears and chin across ages; adult growth follows child landmarks. Whole completed person painted together, no assembled layers. Bust fills square with headwear fully inside frame and enough lower torso for the stated object, upper-left soft light, opaque flat muted grey-brown background. Painterly realism matching approved pilot, natural individualized face, not caricature, no modern haircuts or fantasy clothing.","04b0cb7be3c0f2d00e5d4a6f2c95cbcbba5e70f18255e86e4c9f8752e35bb41a"
"I082","young","I082_young","portraits/I082_young.png","m","24","artisan","tanner","무두장이","none","none","heavy","right","very dark brown","warm honey beige","high narrow conical forehead over very wide cheeks; close-set narrow black-brown eyes; broad high nasal root and almost spherical projecting nose end; thin bowed upper lip and very wide mouth; tiny pointed chin; large round ears","stained brown heavy leather work apron over muted ochre wool cote, broad leather shoulder bands and visible worn craft cuffs","married","slight_smile","felt_hat","provenance/raw/I082_young.png","d444203af39eae16796b582d7f4e8f460c189b1a5dd7b87e339062876bfe1fff","provenance/references/5ab20f510948-style-1.jpg","Use case: historical-scene. Generate ONE complete square opaque painted game portrait, not a sheet, no text or border. Reference image is STYLE ONLY, never copy any existing face. Match natural grounded painterly realism of approved 1300 England portrait pool: subtle brush texture, credible human anatomy, soft upper-left daylight, flat muted grey-brown background. Head and upper torso with top margin, clothing shoulder silhouette and prescribed handheld object clearly visible at bottom. Distinct specific face, unglamorous individual, readable at 96px. Medieval England c1300 clothing accurately layered; miniver means grey-white squirrel fur WITHOUT black ermine tails. Men wear below-ear medieval bob hair, no modern haircut. Class reads from garment materials, fur, headwear and bearing, never skin/body. No extra book/scroll or random prop unless prescribed. No lettering, symbols, modern items, composited layers, mirroring. Subject: ONE complete hand-painted natural realistic bust of I082, a 24-year-old man, southern England around 1300, role: tanner. Genuinely facing image RIGHT in three-quarter view; paint this direction, never mirror. Permanent anatomical identity: high narrow conical forehead over very wide cheeks; close-set narrow black-brown eyes; broad high nasal root and almost spherical projecting nose end; thin bowed upper lip and very wide mouth; tiny pointed chin; large round ears. Build: full cheeks, substantial neck and broad fleshy shoulders, visibly heavier build; not caricature. Skin: warm honey beige; never connect skin tone or body to class, morality or nationality. Hair: very dark brown; natural blunt medieval bob reaching below both ears, no cropped modern sides; close short dark beard. Age: A genuinely grown young adult with adult jaw, longer neck and adult shoulders, youthful firm skin without deep age wrinkles. Expression: clearly legible gentle closed-mouth smile, lifted mouth corners and softened eyes, not a broad grin. Class must read from costume texture, cut, fur, headwear and posture even if the prop is hidden: stained brown heavy leather work apron over muted ochre wool cote, broad leather shoulder bands and visible worn craft cuffs. Headwear: low soft felt cap above natural blunt ear-below medieval bob, no modern cropped sides. Prop staging, exactly: no handheld object or knife, empty hands out of frame. ABSOLUTELY NO BOOK, SCROLL, DOCUMENT OR PAPER. Do not add extra generic props. Preserve this same unique skull, nose, eyes, lips, ears and chin across ages; adult growth follows child landmarks. Whole completed person painted together, no assembled layers. Bust fills square with headwear fully inside frame and enough lower torso for the stated object, upper-left soft light, opaque flat muted grey-brown background. Painterly realism matching approved pilot, natural individualized face, not caricature, no modern haircuts or fantasy clothing.","cfaa88e8e0b1c0ff65493548b0c5cdf18b79b213b3a520d6dec8b4e7fcd83f7e"
"I082","mature","I082_mature","portraits/I082_mature.png","m","45","artisan","tanner","무두장이","none","none","heavy","right","very dark brown with visible grey strands","warm honey beige","high narrow conical forehead over very wide cheeks; close-set narrow black-brown eyes; broad high nasal root and almost spherical projecting nose end; thin bowed upper lip and very wide mouth; tiny pointed chin; large round ears","stained brown heavy leather work apron over muted ochre wool cote, broad leather shoulder bands and visible worn craft cuffs","married","neutral","felt_hat","provenance/raw/I082_mature.png","8767c58d509529013adc9620f812f3b3ad7780548d945f72a3162e072455888f","provenance/references/cfaa88e8e0b1-I082_mature-r1-ref0.png","Use case: identity-preserve. The input portrait is this exact person's YOUNG stage. Paint a complete new square opaque portrait of THE SAME INDIVIDUAL at the specified older age, retaining unmistakable skull, nose shape, eye spacing, lips, ears, facial proportions, skin undertone, body build, head direction, lighting, flat grey-brown background, and painterly style. Preserve same prop accurately and no new objects. This is realistic aging, not a different actor or makeup mask. Mature45 must show visible forehead/crowfoot/nasolabial aging and grey strands; old70 needs obvious grey-white hair, age spots, eyelid/cheek sag and deeper natural wrinkles while preserving skeleton. Requested stage headwear and expression may change. Single completed portrait, no collage/text. Detailed target: ONE complete hand-painted natural realistic bust of I082, a 45-year-old man, southern England around 1300, role: tanner. Genuinely facing image RIGHT in three-quarter view; paint this direction, never mirror. Permanent anatomical identity: high narrow conical forehead over very wide cheeks; close-set narrow black-brown eyes; broad high nasal root and almost spherical projecting nose end; thin bowed upper lip and very wide mouth; tiny pointed chin; large round ears. Build: full cheeks, substantial neck and broad fleshy shoulders, visibly heavier build; not caricature. Skin: warm honey beige; never connect skin tone or body to class, morality or nationality. Hair: very dark brown with visible grey strands; natural blunt medieval bob reaching below both ears, no cropped modern sides; close short dark beard. Age: Same person at forty-five: visible moderate crow feet, forehead creases and nasolabial folds, subtle greying and mature tissue; not merely a changed hat. Expression: quiet neutral relaxed mouth and naturally alert eyes. Class must read from costume texture, cut, fur, headwear and posture even if the prop is hidden: stained brown heavy leather work apron over muted ochre wool cote, broad leather shoulder bands and visible worn craft cuffs. Headwear: low soft felt cap above natural blunt ear-below medieval bob, no modern cropped sides. Prop staging, exactly: no handheld object or knife, empty hands out of frame. ABSOLUTELY NO BOOK, SCROLL, DOCUMENT OR PAPER. Do not add extra generic props. Preserve this same unique skull, nose, eyes, lips, ears and chin across ages; adult growth follows child landmarks. Whole completed person painted together, no assembled layers. Bust fills square with headwear fully inside frame and enough lower torso for the stated object, upper-left soft light, opaque flat muted grey-brown background. Painterly realism matching approved pilot, natural individualized face, not caricature, no modern haircuts or fantasy clothing.","78c735ded645ab6fc2164b74ea43cf64e71a5c5c9d8dbd35996deeffe9b85ea1"
"I082","old","I082_old","portraits/I082_old.png","m","70","artisan","tanner","무두장이","none","none","heavy","right","grey-white hair with remnants of very dark brown","warm honey beige","high narrow conical forehead over very wide cheeks; close-set narrow black-brown eyes; broad high nasal root and almost spherical projecting nose end; thin bowed upper lip and very wide mouth; tiny pointed chin; large round ears","stained brown heavy leather work apron over muted ochre wool cote, broad leather shoulder bands and visible worn craft cuffs","married","neutral","felt_hat","provenance/raw/I082_old.png","fccbcbeca42e76645eecac56551831bd61ba94e405b263a9f3e1b85abf72c996","provenance/references/cfaa88e8e0b1-I082_old-r1-ref0.png","Use case: identity-preserve. The input portrait is this exact person's YOUNG stage. Paint a complete new square opaque portrait of THE SAME INDIVIDUAL at the specified older age, retaining unmistakable skull, nose shape, eye spacing, lips, ears, facial proportions, skin undertone, body build, head direction, lighting, flat grey-brown background, and painterly style. Preserve same prop accurately and no new objects. This is realistic aging, not a different actor or makeup mask. Mature45 must show visible forehead/crowfoot/nasolabial aging and grey strands; old70 needs obvious grey-white hair, age spots, eyelid/cheek sag and deeper natural wrinkles while preserving skeleton. Requested stage headwear and expression may change. Single completed portrait, no collage/text. Detailed target: ONE complete hand-painted natural realistic bust of I082, a 70-year-old man, southern England around 1300, role: tanner. Genuinely facing image RIGHT in three-quarter view; paint this direction, never mirror. Permanent anatomical identity: high narrow conical forehead over very wide cheeks; close-set narrow black-brown eyes; broad high nasal root and almost spherical projecting nose end; thin bowed upper lip and very wide mouth; tiny pointed chin; large round ears. Build: full cheeks, substantial neck and broad fleshy shoulders, visibly heavier build; not caricature. Skin: warm honey beige; never connect skin tone or body to class, morality or nationality. Hair: grey-white hair with remnants of very dark brown; natural blunt medieval bob reaching below both ears, no cropped modern sides; close short dark beard. Age: Same person at seventy: clearly visible deeper wrinkles, eyelid and cheek sag, age spots, grey-white thinning hair; preserve all distinctive skeletal landmarks. Expression: quiet neutral relaxed mouth and naturally alert eyes. Class must read from costume texture, cut, fur, headwear and posture even if the prop is hidden: stained brown heavy leather work apron over muted ochre wool cote, broad leather shoulder bands and visible worn craft cuffs. Headwear: low soft felt cap above natural blunt ear-below medieval bob, no modern cropped sides. Prop staging, exactly: no handheld object or knife, empty hands out of frame. ABSOLUTELY NO BOOK, SCROLL, DOCUMENT OR PAPER. Do not add extra generic props. Preserve this same unique skull, nose, eyes, lips, ears and chin across ages; adult growth follows child landmarks. Whole completed person painted together, no assembled layers. Bust fills square with headwear fully inside frame and enough lower torso for the stated object, upper-left soft light, opaque flat muted grey-brown background. Painterly realism matching approved pilot, natural individualized face, not caricature, no modern haircuts or fantasy clothing.","c8ff145605481b2a8aa3ed13e2c513837e9660def219ae89f842baa54969cacb"
"I083","young","I083_young","portraits/I083_young.png","m","24","artisan","shoemaker","제화공","shoe_last","other","thin","front","light brown","medium cool olive","compact square cranium; exceptionally wide-set big hazel eyes and sparse low brows; long fine convex nose with sharply divided tip; narrow lips and pronounced central upper-lip peak; large protruding round chin; left ear folds sharply outward","rust-brown fitted work cote, faded blue wool sleeves and unmistakable worn tan leather cobbler apron with stitched front","married","tired_worried","coif_cap","provenance/raw/I083_young.png","83ba0b34df8ba3817448a389c5094dc55f20e5c8c8c17e874f302b9e90d652d1","provenance/references/5ab20f510948-style-1.jpg","Use case: historical-scene. Generate ONE complete square opaque painted game portrait, not a sheet, no text or border. Reference image is STYLE ONLY, never copy any existing face. Match natural grounded painterly realism of approved 1300 England portrait pool: subtle brush texture, credible human anatomy, soft upper-left daylight, flat muted grey-brown background. Head and upper torso with top margin, clothing shoulder silhouette and prescribed handheld object clearly visible at bottom. Distinct specific face, unglamorous individual, readable at 96px. Medieval England c1300 clothing accurately layered; miniver means grey-white squirrel fur WITHOUT black ermine tails. Men wear below-ear medieval bob hair, no modern haircut. Class reads from garment materials, fur, headwear and bearing, never skin/body. No extra book/scroll or random prop unless prescribed. No lettering, symbols, modern items, composited layers, mirroring. Subject: ONE complete hand-painted natural realistic bust of I083, a 24-year-old man, southern England around 1300, role: shoemaker. Genuinely facing the viewer nearly front-on with natural slight asymmetry; no mirroring. Permanent anatomical identity: compact square cranium; exceptionally wide-set big hazel eyes and sparse low brows; long fine convex nose with sharply divided tip; narrow lips and pronounced central upper-lip peak; large protruding round chin; left ear folds sharply outward. Build: slender neck and narrow bony shoulders, lean tissue; skull size independent of build. Skin: medium cool olive; never connect skin tone or body to class, morality or nationality. Hair: light brown; natural blunt medieval bob reaching below both ears, no cropped modern sides; clean shaven. Age: A genuinely grown young adult with adult jaw, longer neck and adult shoulders, youthful firm skin without deep age wrinkles. Expression: clearly legible restrained concern or fatigue, knitted inner brows and weary softened mouth, no moral coding. Class must read from costume texture, cut, fur, headwear and posture even if the prop is hidden: rust-brown fitted work cote, faded blue wool sleeves and unmistakable worn tan leather cobbler apron with stitched front. Headwear: plain close linen coif beneath a low soft wool cap; male blunt medieval bob extending below ears. Prop staging, exactly: a small carved wooden shoe last held horizontally in the RIGHT hand at lower left, plainly a foot-shaped tool. ABSOLUTELY NO BOOK, SCROLL, DOCUMENT OR PAPER. Do not add extra generic props. Preserve this same unique skull, nose, eyes, lips, ears and chin across ages; adult growth follows child landmarks. Whole completed person painted together, no assembled layers. Bust fills square with headwear fully inside frame and enough lower torso for the stated object, upper-left soft light, opaque flat muted grey-brown background. Painterly realism matching approved pilot, natural individualized face, not caricature, no modern haircuts or fantasy clothing.","6a6fa358dea2fe41c696932d66faf02119765669b4dc935393863a63630a1650"
"I083","mature","I083_mature","portraits/I083_mature.png","m","45","artisan","shoemaker","제화공","shoe_last","other","thin","front","light brown with visible grey strands","medium cool olive","compact square cranium; exceptionally wide-set big hazel eyes and sparse low brows; long fine convex nose with sharply divided tip; narrow lips and pronounced central upper-lip peak; large protruding round chin; left ear folds sharply outward","rust-brown fitted work cote, faded blue wool sleeves and unmistakable worn tan leather cobbler apron with stitched front","married","neutral","coif_cap","provenance/raw/I083_mature.png","15c600e12ec7dfb687cde74735648e64c3130063ee7640fa2a94381e6e58cb11","provenance/references/6a6fa358dea2-I083_mature-r1-ref0.png","Use case: identity-preserve. The input portrait is this exact person's YOUNG stage. Paint a complete new square opaque portrait of THE SAME INDIVIDUAL at the specified older age, retaining unmistakable skull, nose shape, eye spacing, lips, ears, facial proportions, skin undertone, body build, head direction, lighting, flat grey-brown background, and painterly style. Preserve same prop accurately and no new objects. This is realistic aging, not a different actor or makeup mask. Mature45 must show visible forehead/crowfoot/nasolabial aging and grey strands; old70 needs obvious grey-white hair, age spots, eyelid/cheek sag and deeper natural wrinkles while preserving skeleton. Requested stage headwear and expression may change. Single completed portrait, no collage/text. Detailed target: ONE complete hand-painted natural realistic bust of I083, a 45-year-old man, southern England around 1300, role: shoemaker. Genuinely facing the viewer nearly front-on with natural slight asymmetry; no mirroring. Permanent anatomical identity: compact square cranium; exceptionally wide-set big hazel eyes and sparse low brows; long fine convex nose with sharply divided tip; narrow lips and pronounced central upper-lip peak; large protruding round chin; left ear folds sharply outward. Build: slender neck and narrow bony shoulders, lean tissue; skull size independent of build. Skin: medium cool olive; never connect skin tone or body to class, morality or nationality. Hair: light brown with visible grey strands; natural blunt medieval bob reaching below both ears, no cropped modern sides; clean shaven. Age: Same person at forty-five: visible moderate crow feet, forehead creases and nasolabial folds, subtle greying and mature tissue; not merely a changed hat. Expression: quiet neutral relaxed mouth and naturally alert eyes. Class must read from costume texture, cut, fur, headwear and posture even if the prop is hidden: rust-brown fitted work cote, faded blue wool sleeves and unmistakable worn tan leather cobbler apron with stitched front. Headwear: plain close linen coif beneath a low soft wool cap; male blunt medieval bob extending below ears. Prop staging, exactly: a small carved wooden shoe last held horizontally in the RIGHT hand at lower left, plainly a foot-shaped tool. ABSOLUTELY NO BOOK, SCROLL, DOCUMENT OR PAPER. Do not add extra generic props. Preserve this same unique skull, nose, eyes, lips, ears and chin across ages; adult growth follows child landmarks. Whole completed person painted together, no assembled layers. Bust fills square with headwear fully inside frame and enough lower torso for the stated object, upper-left soft light, opaque flat muted grey-brown background. Painterly realism matching approved pilot, natural individualized face, not caricature, no modern haircuts or fantasy clothing.","eedde00eb8bd1e70ecc7e3b6c82af32b46b9744b808f043397c45e6a8a72582f"
"I083","old","I083_old","portraits/I083_old.png","m","70","artisan","shoemaker","제화공","shoe_last","other","thin","front","grey-white hair with remnants of light brown","medium cool olive","compact square cranium; exceptionally wide-set big hazel eyes and sparse low brows; long fine convex nose with sharply divided tip; narrow lips and pronounced central upper-lip peak; large protruding round chin; left ear folds sharply outward","rust-brown fitted work cote, faded blue wool sleeves and unmistakable worn tan leather cobbler apron with stitched front","married","tired_worried","coif_cap","provenance/raw/I083_old.png","ebd884ae5795e374cb0453118cc6e87619bc0409164c19010eb01f77d2b0549b","provenance/references/6a6fa358dea2-I083_old-r1-ref0.png","Use case: identity-preserve. The input portrait is this exact person's YOUNG stage. Paint a complete new square opaque portrait of THE SAME INDIVIDUAL at the specified older age, retaining unmistakable skull, nose shape, eye spacing, lips, ears, facial proportions, skin undertone, body build, head direction, lighting, flat grey-brown background, and painterly style. Preserve same prop accurately and no new objects. This is realistic aging, not a different actor or makeup mask. Mature45 must show visible forehead/crowfoot/nasolabial aging and grey strands; old70 needs obvious grey-white hair, age spots, eyelid/cheek sag and deeper natural wrinkles while preserving skeleton. Requested stage headwear and expression may change. Single completed portrait, no collage/text. Detailed target: ONE complete hand-painted natural realistic bust of I083, a 70-year-old man, southern England around 1300, role: shoemaker. Genuinely facing the viewer nearly front-on with natural slight asymmetry; no mirroring. Permanent anatomical identity: compact square cranium; exceptionally wide-set big hazel eyes and sparse low brows; long fine convex nose with sharply divided tip; narrow lips and pronounced central upper-lip peak; large protruding round chin; left ear folds sharply outward. Build: slender neck and narrow bony shoulders, lean tissue; skull size independent of build. Skin: medium cool olive; never connect skin tone or body to class, morality or nationality. Hair: grey-white hair with remnants of light brown; natural blunt medieval bob reaching below both ears, no cropped modern sides; clean shaven. Age: Same person at seventy: clearly visible deeper wrinkles, eyelid and cheek sag, age spots, grey-white thinning hair; preserve all distinctive skeletal landmarks. Expression: clearly legible restrained concern or fatigue, knitted inner brows and weary softened mouth, no moral coding. Class must read from costume texture, cut, fur, headwear and posture even if the prop is hidden: rust-brown fitted work cote, faded blue wool sleeves and unmistakable worn tan leather cobbler apron with stitched front. Headwear: plain close linen coif beneath a low soft wool cap; male blunt medieval bob extending below ears. Prop staging, exactly: a small carved wooden shoe last held horizontally in the RIGHT hand at lower left, plainly a foot-shaped tool. ABSOLUTELY NO BOOK, SCROLL, DOCUMENT OR PAPER. Do not add extra generic props. Preserve this same unique skull, nose, eyes, lips, ears and chin across ages; adult growth follows child landmarks. Whole completed person painted together, no assembled layers. Bust fills square with headwear fully inside frame and enough lower torso for the stated object, upper-left soft light, opaque flat muted grey-brown background. Painterly realism matching approved pilot, natural individualized face, not caricature, no modern haircuts or fantasy clothing.","39f7c23a6a7f9f707f4cbdf3824bb1e6cedd3916cc4c894c8ffe9090c8c449e1"
"I084","young","I084_young","portraits/I084_young.png","f","24","labour","spinner","방적하는 여인","spindle","other","average","left","black","light warm beige with reddish undertone","short broad forehead over a long oval face; wide-set large grey-brown eyes; very thin long straight nose with small bent tip; broad thick lips with shallow cupid bow; blunt heavy chin; small ears set unusually high","plain faded madder homespun kirtle with rough oatmeal linen neckline, visibly coarse weave, simple working posture","unmarried","neutral","loose_unmarried","provenance/raw/I084_young.png","48485fac58a7efc9a21a319bc50e08b373575204526bea7e6b65d595cd4355b9","provenance/references/382050241fab-I084_young-before-r2.png","Use case: identity-preserve precise colour correction. Keep this exact woman, facial anatomy, eye spacing, long nose, broad lips, chin, black simple braided hair, medium body, pose facing image LEFT, faded madder wool gown, held wooden drop spindle with yarn, background, light and entire composition. Change ONLY skin color from deep reddish brown to LIGHT warm beige with a reddish undertone, inside the light skin tone palette of the approved portrait pool. Natural light warm complexion with rosy shadows, not washed white. Do not change her facial structure or individual identity. Whole opaque square painted game portrait no text, no extra props.","22c50797415c199fdc653335205ba9931c7772898185fb4ffc88485976ee2796"
"I084","mature","I084_mature","portraits/I084_mature.png","f","45","labour","spinner","방적하는 여인","spindle","other","average","left","black with visible grey strands","light warm beige with reddish undertone","short broad forehead over a long oval face; wide-set large grey-brown eyes; very thin long straight nose with small bent tip; broad thick lips with shallow cupid bow; blunt heavy chin; small ears set unusually high","plain faded madder homespun kirtle with rough oatmeal linen neckline, visibly coarse weave, simple working posture","married","slight_smile","straw_hat","provenance/raw/I084_mature.png","adea848b293824392a097f3aa315cd7c03b3023115fc2bc3b4d9b46de5295478","provenance/references/22c50797415c-I084_mature-r1-ref0.png","Use case: identity-preserve. The input portrait is this exact person's YOUNG stage. Paint a complete new square opaque portrait of THE SAME INDIVIDUAL at the specified older age, retaining unmistakable skull, nose shape, eye spacing, lips, ears, facial proportions, skin undertone, body build, head direction, lighting, flat grey-brown background, and painterly style. Preserve same prop accurately and no new objects. This is realistic aging, not a different actor or makeup mask. Mature45 must show visible forehead/crowfoot/nasolabial aging and grey strands; old70 needs obvious grey-white hair, age spots, eyelid/cheek sag and deeper natural wrinkles while preserving skeleton. Requested stage headwear and expression may change. Single completed portrait, no collage/text. Detailed target: ONE complete hand-painted natural realistic bust of I084, a 45-year-old woman, southern England around 1300, role: spinner. Genuinely facing image LEFT in three-quarter view; paint this direction, never mirror. Permanent anatomical identity: short broad forehead over a long oval face; wide-set large grey-brown eyes; very thin long straight nose with small bent tip; broad thick lips with shallow cupid bow; blunt heavy chin; small ears set unusually high. Build: ordinary medium neck and shoulders, moderate cheek tissue. Skin: light warm beige with reddish undertone; never connect skin tone or body to class, morality or nationality. Hair: black with visible grey strands; natural female hair consistent with headwear. Age: Same person at forty-five: visible moderate crow feet, forehead creases and nasolabial folds, subtle greying and mature tissue; not merely a changed hat. Expression: clearly legible gentle closed-mouth smile, lifted mouth corners and softened eyes, not a broad grin. Class must read from costume texture, cut, fur, headwear and posture even if the prop is hidden: plain faded madder homespun kirtle with rough oatmeal linen neckline, visibly coarse weave, simple working posture. Headwear: plain broad low woven straw hat over a discreet linen band, visibly straw rather than cloth veil. Prop staging, exactly: one short wooden drop spindle with cream yarn held delicately in the LEFT fingers at the low edge. ABSOLUTELY NO BOOK, SCROLL, DOCUMENT OR PAPER. Do not add extra generic props. Preserve this same unique skull, nose, eyes, lips, ears and chin across ages; adult growth follows child landmarks. Whole completed person painted together, no assembled layers. Bust fills square with headwear fully inside frame and enough lower torso for the stated object, upper-left soft light, opaque flat muted grey-brown background. Painterly realism matching approved pilot, natural individualized face, not caricature, no modern haircuts or fantasy clothing.","7ddcc0ed45e45550491d63c7a0215afdbf80f8254074a0410ff89d9a022c1f5c"
"I084","old","I084_old","portraits/I084_old.png","f","70","labour","spinner","방적하는 여인","spindle","other","average","left","grey-white hair with remnants of black","light warm beige with reddish undertone","short broad forehead over a long oval face; wide-set large grey-brown eyes; very thin long straight nose with small bent tip; broad thick lips with shallow cupid bow; blunt heavy chin; small ears set unusually high","plain faded madder homespun kirtle with rough oatmeal linen neckline, visibly coarse weave, simple working posture","married","sharp_suspicious","colored_headscarf","provenance/raw/I084_old.png","a65a065cce835d0a045a447c07841b06a7325a03ae39d254c354e499b0a8118e","provenance/references/22c50797415c-I084_old-r1-ref0.png","Use case: identity-preserve. The input portrait is this exact person's YOUNG stage. Paint a complete new square opaque portrait of THE SAME INDIVIDUAL at the specified older age, retaining unmistakable skull, nose shape, eye spacing, lips, ears, facial proportions, skin undertone, body build, head direction, lighting, flat grey-brown background, and painterly style. Preserve same prop accurately and no new objects. This is realistic aging, not a different actor or makeup mask. Mature45 must show visible forehead/crowfoot/nasolabial aging and grey strands; old70 needs obvious grey-white hair, age spots, eyelid/cheek sag and deeper natural wrinkles while preserving skeleton. Requested stage headwear and expression may change. Single completed portrait, no collage/text. Detailed target: ONE complete hand-painted natural realistic bust of I084, a 70-year-old woman, southern England around 1300, role: spinner. Genuinely facing image LEFT in three-quarter view; paint this direction, never mirror. Permanent anatomical identity: short broad forehead over a long oval face; wide-set large grey-brown eyes; very thin long straight nose with small bent tip; broad thick lips with shallow cupid bow; blunt heavy chin; small ears set unusually high. Build: ordinary medium neck and shoulders, moderate cheek tissue. Skin: light warm beige with reddish undertone; never connect skin tone or body to class, morality or nationality. Hair: grey-white hair with remnants of black; natural female hair consistent with headwear. Age: Same person at seventy: clearly visible deeper wrinkles, eyelid and cheek sag, age spots, grey-white thinning hair; preserve all distinctive skeletal landmarks. Expression: clearly legible focused questioning look, narrowed attentive eyes and slightly raised outer brow, firm mouth; sharp not villainous. Class must read from costume texture, cut, fur, headwear and posture even if the prop is hidden: plain faded madder homespun kirtle with rough oatmeal linen neckline, visibly coarse weave, simple working posture. Headwear: muted ochre or russet cloth headscarf tied close around head, visibly colored not white. Prop staging, exactly: one short wooden drop spindle with cream yarn held delicately in the LEFT fingers at the low edge. ABSOLUTELY NO BOOK, SCROLL, DOCUMENT OR PAPER. Do not add extra generic props. Preserve this same unique skull, nose, eyes, lips, ears and chin across ages; adult growth follows child landmarks. Whole completed person painted together, no assembled layers. Bust fills square with headwear fully inside frame and enough lower torso for the stated object, upper-left soft light, opaque flat muted grey-brown background. Painterly realism matching approved pilot, natural individualized face, not caricature, no modern haircuts or fantasy clothing.","591d1d120163b29d2d6d2dcda128cd5d54c67937ea33cc06e9cad1d9766cf959"
"I085","young","I085_young","portraits/I085_young.png","f","24","artisan","weaver","직조공 여인","none","none","heavy","right","russet brown","pale yellow-ivory","very broad high domed forehead; tiny close-set blue eyes and widely spaced eyebrows; short wide nose with deep saddle bridge; full lower cheeks; long thin asymmetrical mouth; large square unnotched chin; narrow pointed ears","good dark teal wool kirtle with russet sleeveless work overdress, sturdy woven checked apron and neat plain cuffs, prosperous artisan quality","married","neutral","barbette_fillet","provenance/raw/I085_young.png","cadf1d8cec3f6c0bdf3a3a8ba101664f97c10fa7a247365c1cff08a92a8bfa83","provenance/references/5ab20f510948-style-1.jpg","Use case: historical-scene. Generate one complete square 256-ready painted portrait asset, not a sheet. Reference image is STYLE ONLY: match its restrained natural painterly realism, soft upper-left light, opaque uniform muted grey-brown background, head to lower-bust framing and material rendering. Create a genuinely new person; do not copy any reference face. No text, border or frame. Keep full headwear and upper shoulders inside image with a little top margin. Strongly distinct facial anatomy, natural unidealized person. All age stages will share this identity. No paper/book/scroll unless explicitly requested. ONE complete hand-painted natural realistic bust of I085, a 24-year-old woman, southern England around 1300, role: weaver. Genuinely facing image RIGHT in three-quarter view; paint this direction, never mirror. Permanent anatomical identity: very broad high domed forehead; tiny close-set blue eyes and widely spaced eyebrows; short wide nose with deep saddle bridge; full lower cheeks; long thin asymmetrical mouth; large square unnotched chin; narrow pointed ears. Build: full cheeks, substantial neck and broad fleshy shoulders, visibly heavier build; not caricature. Skin: pale yellow-ivory; never connect skin tone or body to class, morality or nationality. Hair: russet brown; natural female hair consistent with headwear. Age: A genuinely grown young adult with adult jaw, longer neck and adult shoulders, youthful firm skin without deep age wrinkles. Expression: quiet neutral relaxed mouth and naturally alert eyes. Class must read from costume texture, cut, fur, headwear and posture even if the prop is hidden: good dark teal wool kirtle with russet sleeveless work overdress, sturdy woven checked apron and neat plain cuffs, prosperous artisan quality. Headwear: historically correct linen barbette strap under chin and narrow fillet across crown, side hair gathered into restrained netted crespines; no fantasy crown. Prop staging, exactly: hands relaxed below frame, no shuttle, cloth sample, book or scroll. ABSOLUTELY NO BOOK, SCROLL, DOCUMENT OR PAPER. Do not add extra generic props. Preserve this same unique skull, nose, eyes, lips, ears and chin across ages; adult growth follows child landmarks. Whole completed person painted together, no assembled layers. Bust fills square with headwear fully inside frame and enough lower torso for the stated object, upper-left soft light, opaque flat muted grey-brown background. Painterly realism matching approved pilot, natural individualized face, not caricature, no modern haircuts or fantasy clothing.","879882104901775756d474bad1b05c66ee3063a5c695d07bac26ca76045ccb26"
"I085","mature","I085_mature","portraits/I085_mature.png","f","45","artisan","weaver","직조공 여인","none","none","heavy","right","russet brown with visible grey strands","pale yellow-ivory","very broad high domed forehead; tiny close-set blue eyes and widely spaced eyebrows; short wide nose with deep saddle bridge; full lower cheeks; long thin asymmetrical mouth; large square unnotched chin; narrow pointed ears","good dark teal wool kirtle with russet sleeveless work overdress, sturdy woven checked apron and neat plain cuffs, prosperous artisan quality","married","tired_worried","coif","provenance/raw/I085_mature.png","81031516e19f78d974ea9517b6ee950e1600aafe1dabecb89755e1f7075d799b","provenance/references/879882104901-I085_mature-r1-ref0.png","Use case: identity-preserve. Edit the ONE person in the supplied reference portrait into their specified later age. This is the exact same individual: preserve their distinctive skull proportions, eye placement, nose shape, chin, mouth and ears, skin tone, build, direction, soft upper-left light, flat opaque grey-brown background, natural painterly rendering and square bust framing. Age skin and facial tissue clearly: mature age45 has modest lines and age-related softness, old age70 has convincing forehead and eye creases, cheek/neck aging and grey hair without changing identity. Stage-specific headwear and clothing changes as below. Keep stated prop plainly visible, do not introduce additional props. Paint complete coherent natural portrait not a layer overlay. ONE complete hand-painted natural realistic bust of I085, a 45-year-old woman, southern England around 1300, role: weaver. Genuinely facing image RIGHT in three-quarter view; paint this direction, never mirror. Permanent anatomical identity: very broad high domed forehead; tiny close-set blue eyes and widely spaced eyebrows; short wide nose with deep saddle bridge; full lower cheeks; long thin asymmetrical mouth; large square unnotched chin; narrow pointed ears. Build: full cheeks, substantial neck and broad fleshy shoulders, visibly heavier build; not caricature. Skin: pale yellow-ivory; never connect skin tone or body to class, morality or nationality. Hair: russet brown with visible grey strands; natural female hair consistent with headwear. Age: Same person at forty-five: visible moderate crow feet, forehead creases and nasolabial folds, subtle greying and mature tissue; not merely a changed hat. Expression: clearly legible restrained concern or fatigue, knitted inner brows and weary softened mouth, no moral coding. Class must read from costume texture, cut, fur, headwear and posture even if the prop is hidden: good dark teal wool kirtle with russet sleeveless work overdress, sturdy woven checked apron and neat plain cuffs, prosperous artisan quality. Headwear: close plain white linen coif tied discreetly beneath chin, not a long white veil. Prop staging, exactly: hands relaxed below frame, no shuttle, cloth sample, book or scroll. ABSOLUTELY NO BOOK, SCROLL, DOCUMENT OR PAPER. Do not add extra generic props. Preserve this same unique skull, nose, eyes, lips, ears and chin across ages; adult growth follows child landmarks. Whole completed person painted together, no assembled layers. Bust fills square with headwear fully inside frame and enough lower torso for the stated object, upper-left soft light, opaque flat muted grey-brown background. Painterly realism matching approved pilot, natural individualized face, not caricature, no modern haircuts or fantasy clothing.","9ae8d5734cf1c5da17e123bd06bcdcbc53a69db7b24568d553328e4fc051961f"
"I085","old","I085_old","portraits/I085_old.png","f","70","artisan","weaver","직조공 여인","none","none","heavy","right","grey-white hair with remnants of russet brown","pale yellow-ivory","very broad high domed forehead; tiny close-set blue eyes and widely spaced eyebrows; short wide nose with deep saddle bridge; full lower cheeks; long thin asymmetrical mouth; large square unnotched chin; narrow pointed ears","good dark teal wool kirtle with russet sleeveless work overdress, sturdy woven checked apron and neat plain cuffs, prosperous artisan quality","married","neutral","hood","provenance/raw/I085_old.png","7ddb6094dcbda7521762d42144135b811618b515a125016d6551b42f7a3a06ea","provenance/references/2a84e5baf25d-I085_old-before-r2.png","Use case: identity-preserve. Preserve this exact elderly woman and her same face, RIGHT-facing direction, heavy build, empty hands, teal kirtle, russet work overdress and checked apron, grey-brown background and painting style. Change the off-white head covering to an unmistakably sewn DARK MUTED TEAL WOOL HOOD with fitted crown and attached short shoulder cape: wool outer face opening, no white veil. Make her convincingly seventy with deeper fine eye and forehead creases, slight under-eye and cheek sag and subtle age spots, without changing nose/eyes/chin/skull identity. Keep everything else and no props.","a83c9987bb7d6c2a7413169c239e5de5af563f1fa12c2016eaa0e6fee68f35a8"
"I086","young","I086_young","portraits/I086_young.png","f","24","labour","laundress","세탁부","washing_cloth","other","thin","front","dark blond","warm peach tan with scattered freckles","extremely narrow long face with high flat forehead; close-set rounded green eyes; very broad blunt nose flattened at tip; deep hollow temples; tiny full lips; strongly projecting wide chin and angular jaw; large soft lobed ears","faded unbleached rough linen sleeves under worn grey-brown wool kirtle, visibly darned shoulder seam, no jewelry or fur","married","slight_smile","straw_hat","provenance/raw/I086_young.png","ba3d2ac998144dc80a59da64fb4c15f7a203a777c20e449d06d6531370bf4e34","provenance/references/5ab20f510948-style-1.jpg","Use case: historical-scene. Generate one complete square 256-ready painted portrait asset, not a sheet. Reference image is STYLE ONLY: match its restrained natural painterly realism, soft upper-left light, opaque uniform muted grey-brown background, head to lower-bust framing and material rendering. Create a genuinely new person; do not copy any reference face. No text, border or frame. Keep full headwear and upper shoulders inside image with a little top margin. Strongly distinct facial anatomy, natural unidealized person. All age stages will share this identity. No paper/book/scroll unless explicitly requested. ONE complete hand-painted natural realistic bust of I086, a 24-year-old woman, southern England around 1300, role: laundress. Genuinely facing the viewer nearly front-on with natural slight asymmetry; no mirroring. Permanent anatomical identity: extremely narrow long face with high flat forehead; close-set rounded green eyes; very broad blunt nose flattened at tip; deep hollow temples; tiny full lips; strongly projecting wide chin and angular jaw; large soft lobed ears. Build: slender neck and narrow bony shoulders, lean tissue; skull size independent of build. Skin: warm peach tan with scattered freckles; never connect skin tone or body to class, morality or nationality. Hair: dark blond; natural female hair consistent with headwear. Age: A genuinely grown young adult with adult jaw, longer neck and adult shoulders, youthful firm skin without deep age wrinkles. Expression: clearly legible gentle closed-mouth smile, lifted mouth corners and softened eyes, not a broad grin. Class must read from costume texture, cut, fur, headwear and posture even if the prop is hidden: faded unbleached rough linen sleeves under worn grey-brown wool kirtle, visibly darned shoulder seam, no jewelry or fur. Headwear: plain broad low woven straw hat over a discreet linen band, visibly straw rather than cloth veil. Prop staging, exactly: one damp-looking folded pale blue linen washing cloth draped over the LEFT forearm at the bottom edge. ABSOLUTELY NO BOOK, SCROLL, DOCUMENT OR PAPER. Do not add extra generic props. Preserve this same unique skull, nose, eyes, lips, ears and chin across ages; adult growth follows child landmarks. Whole completed person painted together, no assembled layers. Bust fills square with headwear fully inside frame and enough lower torso for the stated object, upper-left soft light, opaque flat muted grey-brown background. Painterly realism matching approved pilot, natural individualized face, not caricature, no modern haircuts or fantasy clothing.","42394d3992a9283aef25614a6393cf966bdc6a7c9b541ee532478529b8710d05"
"I086","mature","I086_mature","portraits/I086_mature.png","f","45","labour","laundress","세탁부","washing_cloth","other","thin","front","dark blond with visible grey strands","warm peach tan with scattered freckles","extremely narrow long face with high flat forehead; close-set rounded green eyes; very broad blunt nose flattened at tip; deep hollow temples; tiny full lips; strongly projecting wide chin and angular jaw; large soft lobed ears","faded unbleached rough linen sleeves under worn grey-brown wool kirtle, visibly darned shoulder seam, no jewelry or fur","married","sharp_suspicious","colored_headscarf","provenance/raw/I086_mature.png","299ab690a72727aeb88c940c9a55f4362be2fe8d9709853541af4f93cb7f2c10","provenance/references/42394d3992a9-I086_mature-r1-ref0.png","Use case: identity-preserve. Edit the ONE person in the supplied reference portrait into their specified later age. This is the exact same individual: preserve their distinctive skull proportions, eye placement, nose shape, chin, mouth and ears, skin tone, build, direction, soft upper-left light, flat opaque grey-brown background, natural painterly rendering and square bust framing. Age skin and facial tissue clearly: mature age45 has modest lines and age-related softness, old age70 has convincing forehead and eye creases, cheek/neck aging and grey hair without changing identity. Stage-specific headwear and clothing changes as below. Keep stated prop plainly visible, do not introduce additional props. Paint complete coherent natural portrait not a layer overlay. ONE complete hand-painted natural realistic bust of I086, a 45-year-old woman, southern England around 1300, role: laundress. Genuinely facing the viewer nearly front-on with natural slight asymmetry; no mirroring. Permanent anatomical identity: extremely narrow long face with high flat forehead; close-set rounded green eyes; very broad blunt nose flattened at tip; deep hollow temples; tiny full lips; strongly projecting wide chin and angular jaw; large soft lobed ears. Build: slender neck and narrow bony shoulders, lean tissue; skull size independent of build. Skin: warm peach tan with scattered freckles; never connect skin tone or body to class, morality or nationality. Hair: dark blond with visible grey strands; natural female hair consistent with headwear. Age: Same person at forty-five: visible moderate crow feet, forehead creases and nasolabial folds, subtle greying and mature tissue; not merely a changed hat. Expression: clearly legible focused questioning look, narrowed attentive eyes and slightly raised outer brow, firm mouth; sharp not villainous. Class must read from costume texture, cut, fur, headwear and posture even if the prop is hidden: faded unbleached rough linen sleeves under worn grey-brown wool kirtle, visibly darned shoulder seam, no jewelry or fur. Headwear: muted ochre or russet cloth headscarf tied close around head, visibly colored not white. Prop staging, exactly: one damp-looking folded pale blue linen washing cloth draped over the LEFT forearm at the bottom edge. ABSOLUTELY NO BOOK, SCROLL, DOCUMENT OR PAPER. Do not add extra generic props. Preserve this same unique skull, nose, eyes, lips, ears and chin across ages; adult growth follows child landmarks. Whole completed person painted together, no assembled layers. Bust fills square with headwear fully inside frame and enough lower torso for the stated object, upper-left soft light, opaque flat muted grey-brown background. Painterly realism matching approved pilot, natural individualized face, not caricature, no modern haircuts or fantasy clothing. The pale-blue washing cloth must be clearly recognizable, generously visible along lower edge, not cropped to a tiny corner.","ef040a4c85dc19caadb72333e3c6e93f8eeb568c654a0cc0033cf1387d25aeae"
"I086","old","I086_old","portraits/I086_old.png","f","70","labour","laundress","세탁부","washing_cloth","other","thin","front","grey-white hair with remnants of dark blond","warm peach tan with scattered freckles","extremely narrow long face with high flat forehead; close-set rounded green eyes; very broad blunt nose flattened at tip; deep hollow temples; tiny full lips; strongly projecting wide chin and angular jaw; large soft lobed ears","faded unbleached rough linen sleeves under worn grey-brown wool kirtle, visibly darned shoulder seam, no jewelry or fur","married","neutral","white_veil","provenance/raw/I086_old.png","216ade617105bf5b127de53f84cb839cc0fd69fb19f2268fcffee5dcd5b34878","provenance/references/38646433e9d9-I086_old-before-r2.png","Use case: identity-preserve. Keep exactly the SAME elderly woman in this portrait, same narrow long skull, broad blunt nose, large projecting chin, close green eyes, frontal pose and proportions. Her current age reads too young: make her clearly SEVENTY, with noticeably deeper forehead and eye creases, eye bags, softer drooping cheeks, nasolabial folds, thin papery neck skin with visible vertical neck folds, mild age spots, grey eyebrows and silver-grey hair below veil. No skull or face replacement. Keep her white veil, worn grey-brown work gown, visible pale-blue laundry cloth on LEFT forearm, shoulder patch, background, lighting and painterly realism exactly. Natural old age, no caricature, no makeup, no extra object.","e60acc810315d4ddc0b70746d3eb7ee411aa8bf133f9f249847666e0241876aa"
"I087","young","I087_young","portraits/I087_young.png","f","24","labour","wet_nurse","유모","none","none","heavy","left","warm black","light golden beige","short broad pear-shaped face; low narrow forehead; very wide-set narrow amber eyes with round arched brows; short delicate projecting nose with a cleft tip; large heart-shaped lips; deep double chin and very small ears","plain clean muted green wool kirtle with soft cream linen neck inset and broad practical rust-brown shoulder cloth, modest worker dress","married","tired_worried","veil_wimple","provenance/raw/I087_young.png","1ab12c5379bd182212de2719281ac88d92b95529f51929c82dcffdffc42d269b","provenance/references/38daa6c80253-I087_young-before-r2.png","Use case: identity-preserve. Precisely edit this existing painted portrait. Keep the exact same woman, facial anatomy, expression, age24, white veil and wimple, green kirtle and rust shoulder cloth, build, LEFT-facing pose, no object, composition, background and natural painterly lighting. ONLY lighten her skin tone slightly from medium golden brown to LIGHT golden beige within a fair warm complexion range. Preserve all facial shading naturally, not washed out or grey. Do not change identity or any costume detail. One square complete portrait, no text.","6081ad74b9d50f5a98eb49b300fde8b29e56402feae17821367d522dc8366302"
"I087","mature","I087_mature","portraits/I087_mature.png","f","45","labour","wet_nurse","유모","none","none","heavy","left","warm black with visible grey strands","light golden beige","short broad pear-shaped face; low narrow forehead; very wide-set narrow amber eyes with round arched brows; short delicate projecting nose with a cleft tip; large heart-shaped lips; deep double chin and very small ears","plain clean muted green wool kirtle with soft cream linen neck inset and broad practical rust-brown shoulder cloth, modest worker dress","married","neutral","coif","provenance/raw/I087_mature.png","c63dd81b5daa1e14b4ee8a42f387f69e9d2908feb6ba759024600d701e1c2060","provenance/references/6081ad74b9d5-I087_mature-r1-ref0.png","Use case: identity-preserve. Edit the ONE person in the supplied reference portrait into their specified later age. This is the exact same individual: preserve their distinctive skull proportions, eye placement, nose shape, chin, mouth and ears, skin tone, build, direction, soft upper-left light, flat opaque grey-brown background, natural painterly rendering and square bust framing. Age skin and facial tissue clearly: mature age45 has modest lines and age-related softness, old age70 has convincing forehead and eye creases, cheek/neck aging and grey hair without changing identity. Stage-specific headwear and clothing changes as below. Keep stated prop plainly visible, do not introduce additional props. Paint complete coherent natural portrait not a layer overlay. ONE complete hand-painted natural realistic bust of I087, a 45-year-old woman, southern England around 1300, role: wet nurse. Genuinely facing image LEFT in three-quarter view; paint this direction, never mirror. Permanent anatomical identity: short broad pear-shaped face; low narrow forehead; very wide-set narrow amber eyes with round arched brows; short delicate projecting nose with a cleft tip; large heart-shaped lips; deep double chin and very small ears. Build: full cheeks, substantial neck and broad fleshy shoulders, visibly heavier build; not caricature. Skin: light golden beige; never connect skin tone or body to class, morality or nationality. Hair: warm black with visible grey strands; natural female hair consistent with headwear. Age: Same person at forty-five: visible moderate crow feet, forehead creases and nasolabial folds, subtle greying and mature tissue; not merely a changed hat. Expression: quiet neutral relaxed mouth and naturally alert eyes. Class must read from costume texture, cut, fur, headwear and posture even if the prop is hidden: plain clean muted green wool kirtle with soft cream linen neck inset and broad practical rust-brown shoulder cloth, modest worker dress. Headwear: close plain white linen coif tied discreetly beneath chin, not a long white veil. Prop staging, exactly: no baby or object; both hands outside crop, welcoming relaxed shoulders. ABSOLUTELY NO BOOK, SCROLL, DOCUMENT OR PAPER. Do not add extra generic props. Preserve this same unique skull, nose, eyes, lips, ears and chin across ages; adult growth follows child landmarks. Whole completed person painted together, no assembled layers. Bust fills square with headwear fully inside frame and enough lower torso for the stated object, upper-left soft light, opaque flat muted grey-brown background. Painterly realism matching approved pilot, natural individualized face, not caricature, no modern haircuts or fantasy clothing.","01db4688d21a9e1cca7f09a975d014fa4cd6cab4306a4c02cf8f744df8bf2d87"
"I087","old","I087_old","portraits/I087_old.png","f","70","labour","wet_nurse","유모","none","none","heavy","left","grey-white hair with remnants of warm black","light golden beige","short broad pear-shaped face; low narrow forehead; very wide-set narrow amber eyes with round arched brows; short delicate projecting nose with a cleft tip; large heart-shaped lips; deep double chin and very small ears","plain clean muted green wool kirtle with soft cream linen neck inset and broad practical rust-brown shoulder cloth, modest worker dress","married","slight_smile","veil_wimple","provenance/raw/I087_old.png","863866b2c6e107584e932ecdc73ab211af140d9d9dfe2c78af5aa2d725f94fc5","provenance/references/6081ad74b9d5-I087_old-r1-ref0.png","Use case: identity-preserve. Edit the ONE person in the supplied reference portrait into their specified later age. This is the exact same individual: preserve their distinctive skull proportions, eye placement, nose shape, chin, mouth and ears, skin tone, build, direction, soft upper-left light, flat opaque grey-brown background, natural painterly rendering and square bust framing. Age skin and facial tissue clearly: mature age45 has modest lines and age-related softness, old age70 has convincing forehead and eye creases, cheek/neck aging and grey hair without changing identity. Stage-specific headwear and clothing changes as below. Keep stated prop plainly visible, do not introduce additional props. Paint complete coherent natural portrait not a layer overlay. ONE complete hand-painted natural realistic bust of I087, a 70-year-old woman, southern England around 1300, role: wet nurse. Genuinely facing image LEFT in three-quarter view; paint this direction, never mirror. Permanent anatomical identity: short broad pear-shaped face; low narrow forehead; very wide-set narrow amber eyes with round arched brows; short delicate projecting nose with a cleft tip; large heart-shaped lips; deep double chin and very small ears. Build: full cheeks, substantial neck and broad fleshy shoulders, visibly heavier build; not caricature. Skin: light golden beige; never connect skin tone or body to class, morality or nationality. Hair: grey-white hair with remnants of warm black; natural female hair consistent with headwear. Age: Same person at seventy: clearly visible deeper wrinkles, eyelid and cheek sag, age spots, grey-white thinning hair; preserve all distinctive skeletal landmarks. Expression: clearly legible gentle closed-mouth smile, lifted mouth corners and softened eyes, not a broad grin. Class must read from costume texture, cut, fur, headwear and posture even if the prop is hidden: plain clean muted green wool kirtle with soft cream linen neck inset and broad practical rust-brown shoulder cloth, modest worker dress. Headwear: white linen veil combined with a close linen wimple enclosing neck and chin. Prop staging, exactly: no baby or object; both hands outside crop, welcoming relaxed shoulders. ABSOLUTELY NO BOOK, SCROLL, DOCUMENT OR PAPER. Do not add extra generic props. Preserve this same unique skull, nose, eyes, lips, ears and chin across ages; adult growth follows child landmarks. Whole completed person painted together, no assembled layers. Bust fills square with headwear fully inside frame and enough lower torso for the stated object, upper-left soft light, opaque flat muted grey-brown background. Painterly realism matching approved pilot, natural individualized face, not caricature, no modern haircuts or fantasy clothing.","2528f4551afe67b1230941200d61863fbe70ca390e61de6238d1801e8c049ca7"
"I088","young","I088_young","portraits/I088_young.png","f","24","gentry","wealthy_widow_landholder","부유한 과부 토지 보유자","gloves","other","average","right","blue-black","fair pink-beige","long low forehead and a broad pentagonal lower face; tiny very widely spaced green eyes; long aquiline nose with a broad flat end and crooked septum; soft full upper lip with narrow lower lip; broad angular cleft chin; large rounded ears","rich deep crimson fine broadcloth gown, prominent soft silver-grey squirrel miniver mantle edging, silver gilt quatrefoil brooch, measured erect wealthy landholder posture; no black ermine spots","widowed","sharp_suspicious","widow_veil","provenance/raw/I088_young.png","28e71a91309cc2961ddd8296fee16eed5e717fd4fe21e9bfbf5644058d38a2d5","provenance/references/5ab20f510948-style-1.jpg","Use case: historical-scene. Generate one complete square 256-ready painted portrait asset, not a sheet. Reference image is STYLE ONLY: match its restrained natural painterly realism, soft upper-left light, opaque uniform muted grey-brown background, head to lower-bust framing and material rendering. Create a genuinely new person; do not copy any reference face. No text, border or frame. Keep full headwear and upper shoulders inside image with a little top margin. Strongly distinct facial anatomy, natural unidealized person. All age stages will share this identity. No paper/book/scroll unless explicitly requested. ONE complete hand-painted natural realistic bust of I088, a 24-year-old woman, southern England around 1300, role: wealthy widow landholder. Genuinely facing image RIGHT in three-quarter view; paint this direction, never mirror. Permanent anatomical identity: long low forehead and a broad pentagonal lower face; tiny very widely spaced green eyes; long aquiline nose with a broad flat end and crooked septum; soft full upper lip with narrow lower lip; broad angular cleft chin; large rounded ears. Build: ordinary medium neck and shoulders, moderate cheek tissue. Skin: fair pink-beige; never connect skin tone or body to class, morality or nationality. Hair: blue-black; natural female hair consistent with headwear. Age: A genuinely grown young adult with adult jaw, longer neck and adult shoulders, youthful firm skin without deep age wrinkles. Expression: clearly legible focused questioning look, narrowed attentive eyes and slightly raised outer brow, firm mouth; sharp not villainous. Class must read from costume texture, cut, fur, headwear and posture even if the prop is hidden: rich deep crimson fine broadcloth gown, prominent soft silver-grey squirrel miniver mantle edging, silver gilt quatrefoil brooch, measured erect wealthy landholder posture; no black ermine spots. Headwear: dark charcoal widow veil with narrow off-white temple band, not an all-white veil. Prop staging, exactly: a pair of soft tan leather gloves loosely held together in the LEFT hand at lower centre. ABSOLUTELY NO BOOK, SCROLL, DOCUMENT OR PAPER. Do not add extra generic props. Preserve this same unique skull, nose, eyes, lips, ears and chin across ages; adult growth follows child landmarks. Whole completed person painted together, no assembled layers. Bust fills square with headwear fully inside frame and enough lower torso for the stated object, upper-left soft light, opaque flat muted grey-brown background. Painterly realism matching approved pilot, natural individualized face, not caricature, no modern haircuts or fantasy clothing.","8e66b2d86b61ba63346646b81ee6c866afff722120ff5cf9cf4167db852abe59"
"I088","mature","I088_mature","portraits/I088_mature.png","f","45","gentry","wealthy_widow_landholder","부유한 과부 토지 보유자","gloves","other","average","right","blue-black with visible grey strands","fair pink-beige","long low forehead and a broad pentagonal lower face; tiny very widely spaced green eyes; long aquiline nose with a broad flat end and crooked septum; soft full upper lip with narrow lower lip; broad angular cleft chin; large rounded ears","rich deep crimson fine broadcloth gown, prominent soft silver-grey squirrel miniver mantle edging, silver gilt quatrefoil brooch, measured erect wealthy landholder posture; no black ermine spots","widowed","neutral","barbette_fillet","provenance/raw/I088_mature.png","3de44be6f1f81162d96db62b73f555be55e75b3e49bc9a48baa2a71d93b3d0ea","provenance/references/8e66b2d86b61-I088_mature-r1-ref0.png","Use case: identity-preserve. Edit the ONE person in the supplied reference portrait into their specified later age. This is the exact same individual: preserve their distinctive skull proportions, eye placement, nose shape, chin, mouth and ears, skin tone, build, direction, soft upper-left light, flat opaque grey-brown background, natural painterly rendering and square bust framing. Age skin and facial tissue clearly: mature age45 has modest lines and age-related softness, old age70 has convincing forehead and eye creases, cheek/neck aging and grey hair without changing identity. Stage-specific headwear and clothing changes as below. Keep stated prop plainly visible, do not introduce additional props. Paint complete coherent natural portrait not a layer overlay. ONE complete hand-painted natural realistic bust of I088, a 45-year-old woman, southern England around 1300, role: wealthy widow landholder. Genuinely facing image RIGHT in three-quarter view; paint this direction, never mirror. Permanent anatomical identity: long low forehead and a broad pentagonal lower face; tiny very widely spaced green eyes; long aquiline nose with a broad flat end and crooked septum; soft full upper lip with narrow lower lip; broad angular cleft chin; large rounded ears. Build: ordinary medium neck and shoulders, moderate cheek tissue. Skin: fair pink-beige; never connect skin tone or body to class, morality or nationality. Hair: blue-black with visible grey strands; natural female hair consistent with headwear. Age: Same person at forty-five: visible moderate crow feet, forehead creases and nasolabial folds, subtle greying and mature tissue; not merely a changed hat. Expression: quiet neutral relaxed mouth and naturally alert eyes. Class must read from costume texture, cut, fur, headwear and posture even if the prop is hidden: rich deep crimson fine broadcloth gown, prominent soft silver-grey squirrel miniver mantle edging, silver gilt quatrefoil brooch, measured erect wealthy landholder posture; no black ermine spots. Headwear: historically correct linen barbette strap under chin and narrow fillet across crown, side hair gathered into restrained netted crespines; no fantasy crown. Prop staging, exactly: a pair of soft tan leather gloves loosely held together in the LEFT hand at lower centre. ABSOLUTELY NO BOOK, SCROLL, DOCUMENT OR PAPER. Do not add extra generic props. Preserve this same unique skull, nose, eyes, lips, ears and chin across ages; adult growth follows child landmarks. Whole completed person painted together, no assembled layers. Bust fills square with headwear fully inside frame and enough lower torso for the stated object, upper-left soft light, opaque flat muted grey-brown background. Painterly realism matching approved pilot, natural individualized face, not caricature, no modern haircuts or fantasy clothing.","f2ce64a3f8568a06f4c50ed7cc9f428ce60847591a05922345183f8d5ffa959f"
"I088","old","I088_old","portraits/I088_old.png","f","70","gentry","wealthy_widow_landholder","부유한 과부 토지 보유자","gloves","other","average","right","grey-white hair with remnants of blue-black","fair pink-beige","long low forehead and a broad pentagonal lower face; tiny very widely spaced green eyes; long aquiline nose with a broad flat end and crooked septum; soft full upper lip with narrow lower lip; broad angular cleft chin; large rounded ears","rich deep crimson fine broadcloth gown, prominent soft silver-grey squirrel miniver mantle edging, silver gilt quatrefoil brooch, measured erect wealthy landholder posture; no black ermine spots","widowed","tired_worried","veil_wimple","provenance/raw/I088_old.png","eb6602bb8dd80e3e5dba70223004690e3ca6b0511513fe18c19c2faed5786004","provenance/references/8e66b2d86b61-I088_old-r1-ref0.png","Use case: identity-preserve. Edit the ONE person in the supplied reference portrait into their specified later age. This is the exact same individual: preserve their distinctive skull proportions, eye placement, nose shape, chin, mouth and ears, skin tone, build, direction, soft upper-left light, flat opaque grey-brown background, natural painterly rendering and square bust framing. Age skin and facial tissue clearly: mature age45 has modest lines and age-related softness, old age70 has convincing forehead and eye creases, cheek/neck aging and grey hair without changing identity. Stage-specific headwear and clothing changes as below. Keep stated prop plainly visible, do not introduce additional props. Paint complete coherent natural portrait not a layer overlay. ONE complete hand-painted natural realistic bust of I088, a 70-year-old woman, southern England around 1300, role: wealthy widow landholder. Genuinely facing image RIGHT in three-quarter view; paint this direction, never mirror. Permanent anatomical identity: long low forehead and a broad pentagonal lower face; tiny very widely spaced green eyes; long aquiline nose with a broad flat end and crooked septum; soft full upper lip with narrow lower lip; broad angular cleft chin; large rounded ears. Build: ordinary medium neck and shoulders, moderate cheek tissue. Skin: fair pink-beige; never connect skin tone or body to class, morality or nationality. Hair: grey-white hair with remnants of blue-black; natural female hair consistent with headwear. Age: Same person at seventy: clearly visible deeper wrinkles, eyelid and cheek sag, age spots, grey-white thinning hair; preserve all distinctive skeletal landmarks. Expression: clearly legible restrained concern or fatigue, knitted inner brows and weary softened mouth, no moral coding. Class must read from costume texture, cut, fur, headwear and posture even if the prop is hidden: rich deep crimson fine broadcloth gown, prominent soft silver-grey squirrel miniver mantle edging, silver gilt quatrefoil brooch, measured erect wealthy landholder posture; no black ermine spots. Headwear: white linen veil combined with a close linen wimple enclosing neck and chin. Prop staging, exactly: a pair of soft tan leather gloves loosely held together in the LEFT hand at lower centre. ABSOLUTELY NO BOOK, SCROLL, DOCUMENT OR PAPER. Do not add extra generic props. Preserve this same unique skull, nose, eyes, lips, ears and chin across ages; adult growth follows child landmarks. Whole completed person painted together, no assembled layers. Bust fills square with headwear fully inside frame and enough lower torso for the stated object, upper-left soft light, opaque flat muted grey-brown background. Painterly realism matching approved pilot, natural individualized face, not caricature, no modern haircuts or fantasy clothing.","77bcbc3cf2b41b841439f2a88178e30edfab571e0e09d1fb4a59b835ea18c1ac"
"I089","young","I089_young","portraits/I089_young.png","f","24","poor_servant","poor_widow_landholder","가난한 과부 토지 보유자","none","none","thin","front","medium chestnut","pale olive-beige","short high broad forehead; close-set large upward-tilting brown eyes; wide straight flattened nose with enormous squared nostrils; thin upper lip and heavy drooping lower lip; hollow cheeks; extremely long narrow chin without cleft; flat little ears","faded patched brown coarse wool kirtle, threadbare grey mantle with clearly visible darned shoulder, rough off-white neck linen; poverty in wear not anatomy","widowed","neutral","white_veil","provenance/raw/I089_young.png","3072361992d1df3784dec91166ccef3bf477a60dc6569adc7ee16739c5d201e2","provenance/references/5ab20f510948-style-1.jpg","Use case: historical-scene. Generate one complete square 256-ready painted portrait asset, not a sheet. Reference image is STYLE ONLY: match its restrained natural painterly realism, soft upper-left light, opaque uniform muted grey-brown background, head to lower-bust framing and material rendering. Create a genuinely new person; do not copy any reference face. No text, border or frame. Keep full headwear and upper shoulders inside image with a little top margin. Strongly distinct facial anatomy, natural unidealized person. All age stages will share this identity. No paper/book/scroll unless explicitly requested. ONE complete hand-painted natural realistic bust of I089, a 24-year-old woman, southern England around 1300, role: poor widow landholder. Genuinely facing the viewer nearly front-on with natural slight asymmetry; no mirroring. Permanent anatomical identity: short high broad forehead; close-set large upward-tilting brown eyes; wide straight flattened nose with enormous squared nostrils; thin upper lip and heavy drooping lower lip; hollow cheeks; extremely long narrow chin without cleft; flat little ears. Build: slender neck and narrow bony shoulders, lean tissue; skull size independent of build. Skin: pale olive-beige; never connect skin tone or body to class, morality or nationality. Hair: medium chestnut; natural female hair consistent with headwear. Age: A genuinely grown young adult with adult jaw, longer neck and adult shoulders, youthful firm skin without deep age wrinkles. Expression: quiet neutral relaxed mouth and naturally alert eyes. Class must read from costume texture, cut, fur, headwear and posture even if the prop is hidden: faded patched brown coarse wool kirtle, threadbare grey mantle with clearly visible darned shoulder, rough off-white neck linen; poverty in wear not anatomy. Headwear: simple white linen veil with visible natural hairline, no wimple. Prop staging, exactly: no handheld object; empty lowered hands below the crop. ABSOLUTELY NO BOOK, SCROLL, DOCUMENT OR PAPER. Do not add extra generic props. Preserve this same unique skull, nose, eyes, lips, ears and chin across ages; adult growth follows child landmarks. Whole completed person painted together, no assembled layers. Bust fills square with headwear fully inside frame and enough lower torso for the stated object, upper-left soft light, opaque flat muted grey-brown background. Painterly realism matching approved pilot, natural individualized face, not caricature, no modern haircuts or fantasy clothing.","3c57b0e68e2632688bee569321a62161c9737e8b4ee48137f4e5a47b6fa210d1"
"I089","mature","I089_mature","portraits/I089_mature.png","f","45","poor_servant","poor_widow_landholder","가난한 과부 토지 보유자","none","none","thin","front","medium chestnut with visible grey strands","pale olive-beige","short high broad forehead; close-set large upward-tilting brown eyes; wide straight flattened nose with enormous squared nostrils; thin upper lip and heavy drooping lower lip; hollow cheeks; extremely long narrow chin without cleft; flat little ears","faded patched brown coarse wool kirtle, threadbare grey mantle with clearly visible darned shoulder, rough off-white neck linen; poverty in wear not anatomy","widowed","slight_smile","hood","provenance/raw/I089_mature.png","76aa1f3ce533ddd4c7f730ee3ecd0e380efe5e0a876483166da5174af0b7ec3e","provenance/references/3c57b0e68e26-I089_mature-r1-ref0.png","Use case: identity-preserve. Edit the ONE person in the supplied reference portrait into their specified later age. This is the exact same individual: preserve their distinctive skull proportions, eye placement, nose shape, chin, mouth and ears, skin tone, build, direction, soft upper-left light, flat opaque grey-brown background, natural painterly rendering and square bust framing. Age skin and facial tissue clearly: mature age45 has modest lines and age-related softness, old age70 has convincing forehead and eye creases, cheek/neck aging and grey hair without changing identity. Stage-specific headwear and clothing changes as below. Keep stated prop plainly visible, do not introduce additional props. Paint complete coherent natural portrait not a layer overlay. ONE complete hand-painted natural realistic bust of I089, a 45-year-old woman, southern England around 1300, role: poor widow landholder. Genuinely facing the viewer nearly front-on with natural slight asymmetry; no mirroring. Permanent anatomical identity: short high broad forehead; close-set large upward-tilting brown eyes; wide straight flattened nose with enormous squared nostrils; thin upper lip and heavy drooping lower lip; hollow cheeks; extremely long narrow chin without cleft; flat little ears. Build: slender neck and narrow bony shoulders, lean tissue; skull size independent of build. Skin: pale olive-beige; never connect skin tone or body to class, morality or nationality. Hair: medium chestnut with visible grey strands; natural female hair consistent with headwear. Age: Same person at forty-five: visible moderate crow feet, forehead creases and nasolabial folds, subtle greying and mature tissue; not merely a changed hat. Expression: clearly legible gentle closed-mouth smile, lifted mouth corners and softened eyes, not a broad grin. Class must read from costume texture, cut, fur, headwear and posture even if the prop is hidden: faded patched brown coarse wool kirtle, threadbare grey mantle with clearly visible darned shoulder, rough off-white neck linen; poverty in wear not anatomy. Headwear: early 1300 simple wool hood with shoulder cape, no later turban chaperon; male natural bob ends below ears. Prop staging, exactly: no handheld object; empty lowered hands below the crop. ABSOLUTELY NO BOOK, SCROLL, DOCUMENT OR PAPER. Do not add extra generic props. Preserve this same unique skull, nose, eyes, lips, ears and chin across ages; adult growth follows child landmarks. Whole completed person painted together, no assembled layers. Bust fills square with headwear fully inside frame and enough lower torso for the stated object, upper-left soft light, opaque flat muted grey-brown background. Painterly realism matching approved pilot, natural individualized face, not caricature, no modern haircuts or fantasy clothing. Use unmistakable dark brown sewn WOOL HOOD, never white veil.","fbdb9f01d6b71c610e1dbe9168529fda59a3a3070995e3e6bffa25b0534119f4"
"I089","old","I089_old","portraits/I089_old.png","f","70","poor_servant","poor_widow_landholder","가난한 과부 토지 보유자","none","none","thin","front","grey-white hair with remnants of medium chestnut","pale olive-beige","short high broad forehead; close-set large upward-tilting brown eyes; wide straight flattened nose with enormous squared nostrils; thin upper lip and heavy drooping lower lip; hollow cheeks; extremely long narrow chin without cleft; flat little ears","faded patched brown coarse wool kirtle, threadbare grey mantle with clearly visible darned shoulder, rough off-white neck linen; poverty in wear not anatomy","widowed","sharp_suspicious","white_veil","provenance/raw/I089_old.png","82e1c2c2ad4e19bd417a2f61170c58c62eeb464a11da39ef06bb82c44db79cab","provenance/references/3c57b0e68e26-I089_old-r1-ref0.png","Use case: identity-preserve. Edit the ONE person in the supplied reference portrait into their specified later age. This is the exact same individual: preserve their distinctive skull proportions, eye placement, nose shape, chin, mouth and ears, skin tone, build, direction, soft upper-left light, flat opaque grey-brown background, natural painterly rendering and square bust framing. Age skin and facial tissue clearly: mature age45 has modest lines and age-related softness, old age70 has convincing forehead and eye creases, cheek/neck aging and grey hair without changing identity. Stage-specific headwear and clothing changes as below. Keep stated prop plainly visible, do not introduce additional props. Paint complete coherent natural portrait not a layer overlay. ONE complete hand-painted natural realistic bust of I089, a 70-year-old woman, southern England around 1300, role: poor widow landholder. Genuinely facing the viewer nearly front-on with natural slight asymmetry; no mirroring. Permanent anatomical identity: short high broad forehead; close-set large upward-tilting brown eyes; wide straight flattened nose with enormous squared nostrils; thin upper lip and heavy drooping lower lip; hollow cheeks; extremely long narrow chin without cleft; flat little ears. Build: slender neck and narrow bony shoulders, lean tissue; skull size independent of build. Skin: pale olive-beige; never connect skin tone or body to class, morality or nationality. Hair: grey-white hair with remnants of medium chestnut; natural female hair consistent with headwear. Age: Same person at seventy: clearly visible deeper wrinkles, eyelid and cheek sag, age spots, grey-white thinning hair; preserve all distinctive skeletal landmarks. Expression: clearly legible focused questioning look, narrowed attentive eyes and slightly raised outer brow, firm mouth; sharp not villainous. Class must read from costume texture, cut, fur, headwear and posture even if the prop is hidden: faded patched brown coarse wool kirtle, threadbare grey mantle with clearly visible darned shoulder, rough off-white neck linen; poverty in wear not anatomy. Headwear: simple white linen veil with visible natural hairline, no wimple. Prop staging, exactly: no handheld object; empty lowered hands below the crop. ABSOLUTELY NO BOOK, SCROLL, DOCUMENT OR PAPER. Do not add extra generic props. Preserve this same unique skull, nose, eyes, lips, ears and chin across ages; adult growth follows child landmarks. Whole completed person painted together, no assembled layers. Bust fills square with headwear fully inside frame and enough lower torso for the stated object, upper-left soft light, opaque flat muted grey-brown background. Painterly realism matching approved pilot, natural individualized face, not caricature, no modern haircuts or fantasy clothing. Make full seventy-year aging clearly legible also at96px, preserve facial identity.","f90ca095a727e6fdea7e4806353b9fafb3a480618c78629e1147660a4f1dd64d"
"I090","young","I090_young","portraits/I090_young.png","m","24","clerical","parish_clerk","교구 서기","book_scroll","book_scroll","average","left","dark auburn","light tawny beige","broad low cylindrical cranium; very wide-set small hooded grey eyes; long narrow nose with pronounced sideways tip; wide thin lips with deep smile lines; heavy round chin with off-centre pit; protruding pointed-top ears","plain ink-dark brown wool clerical gown, narrow undyed linen opening and restrained dark shoulder hood; educated parish staff not rich lord","married","neutral","coif_cap","provenance/raw/I090_young.png","c5c30356e75b47dd36eca9f12c393089fd28e5b73f858386b318f8dcf1e1c927","provenance/references/5ab20f510948-style-1.jpg","Use case: historical-scene. Generate one complete square 256-ready painted portrait asset, not a sheet. Reference image is STYLE ONLY: match its restrained natural painterly realism, soft upper-left light, opaque uniform muted grey-brown background, head to lower-bust framing and material rendering. Create a genuinely new person; do not copy any reference face. No text, border or frame. Keep full headwear and upper shoulders inside image with a little top margin. Strongly distinct facial anatomy, natural unidealized person. All age stages will share this identity. No paper/book/scroll unless explicitly requested. ONE complete hand-painted natural realistic bust of I090, a 24-year-old man, southern England around 1300, role: parish clerk. Genuinely facing image LEFT in three-quarter view; paint this direction, never mirror. Permanent anatomical identity: broad low cylindrical cranium; very wide-set small hooded grey eyes; long narrow nose with pronounced sideways tip; wide thin lips with deep smile lines; heavy round chin with off-centre pit; protruding pointed-top ears. Build: ordinary medium neck and shoulders, moderate cheek tissue. Skin: medium tawny brown; never connect skin tone or body to class, morality or nationality. Hair: dark auburn; natural blunt medieval bob reaching below both ears, no cropped modern sides; clean shaven. Age: A genuinely grown young adult with adult jaw, longer neck and adult shoulders, youthful firm skin without deep age wrinkles. Expression: quiet neutral relaxed mouth and naturally alert eyes. Class must read from costume texture, cut, fur, headwear and posture even if the prop is hidden: plain ink-dark brown wool clerical gown, narrow undyed linen opening and restrained dark shoulder hood; educated parish staff not rich lord. Headwear: plain close linen coif beneath a low soft wool cap; male blunt medieval bob extending below ears. Prop staging, exactly: one small CLOSED plain brown psalter supported in BOTH hands low at centre; no scroll and no quill. Do not add extra generic props. Preserve this same unique skull, nose, eyes, lips, ears and chin across ages; adult growth follows child landmarks. Whole completed person painted together, no assembled layers. Bust fills square with headwear fully inside frame and enough lower torso for the stated object, upper-left soft light, opaque flat muted grey-brown background. Painterly realism matching approved pilot, natural individualized face, not caricature, no modern haircuts or fantasy clothing.","c79fb710298c4b6edba7190903be6c4a97782311b5e3814e9e5e4d19557727b9"
"I090","mature","I090_mature","portraits/I090_mature.png","m","45","clerical","parish_clerk","교구 서기","book_scroll","book_scroll","average","left","dark auburn with visible grey strands","light tawny beige","broad low cylindrical cranium; very wide-set small hooded grey eyes; long narrow nose with pronounced sideways tip; wide thin lips with deep smile lines; heavy round chin with off-centre pit; protruding pointed-top ears","plain ink-dark brown wool clerical gown, narrow undyed linen opening and restrained dark shoulder hood; educated parish staff not rich lord","married","tired_worried","coif_cap","provenance/raw/I090_mature.png","b4d0a0466e154df1d62e1b66e8e3e1047fe1ebfbbfe399e51ba2acb29e036e61","provenance/references/c79fb710298c-I090_mature-r1-ref0.png","Use case: identity-preserve. Edit the ONE person in the supplied reference portrait into their specified later age. This is the exact same individual: preserve their distinctive skull proportions, eye placement, nose shape, chin, mouth and ears, skin tone, build, direction, soft upper-left light, flat opaque grey-brown background, natural painterly rendering and square bust framing. Age skin and facial tissue clearly: mature age45 has modest lines and age-related softness, old age70 has convincing forehead and eye creases, cheek/neck aging and grey hair without changing identity. Stage-specific headwear and clothing changes as below. Keep stated prop plainly visible, do not introduce additional props. Paint complete coherent natural portrait not a layer overlay. ONE complete hand-painted natural realistic bust of I090, a 45-year-old man, southern England around 1300, role: parish clerk. Genuinely facing image LEFT in three-quarter view; paint this direction, never mirror. Permanent anatomical identity: broad low cylindrical cranium; very wide-set small hooded grey eyes; long narrow nose with pronounced sideways tip; wide thin lips with deep smile lines; heavy round chin with off-centre pit; protruding pointed-top ears. Build: ordinary medium neck and shoulders, moderate cheek tissue. Skin: light tawny beige; never connect skin tone or body to class, morality or nationality. Hair: dark auburn with visible grey strands; natural blunt medieval bob reaching below both ears, no cropped modern sides; clean shaven. Age: Same person at forty-five: visible moderate crow feet, forehead creases and nasolabial folds, subtle greying and mature tissue; not merely a changed hat. Expression: clearly legible restrained concern or fatigue, knitted inner brows and weary softened mouth, no moral coding. Class must read from costume texture, cut, fur, headwear and posture even if the prop is hidden: plain ink-dark brown wool clerical gown, narrow undyed linen opening and restrained dark shoulder hood; educated parish staff not rich lord. Headwear: plain close linen coif beneath a low soft wool cap; male blunt medieval bob extending below ears. Prop staging, exactly: one small CLOSED plain brown psalter supported in BOTH hands low at centre; no scroll and no quill. Do not add extra generic props. Preserve this same unique skull, nose, eyes, lips, ears and chin across ages; adult growth follows child landmarks. Whole completed person painted together, no assembled layers. Bust fills square with headwear fully inside frame and enough lower torso for the stated object, upper-left soft light, opaque flat muted grey-brown background. Painterly realism matching approved pilot, natural individualized face, not caricature, no modern haircuts or fantasy clothing.","02f65f62e6e8f9b00cc520b2942e4d56d340385115c4bf9abee1969f0b6fbba3"
"I090","old","I090_old","portraits/I090_old.png","m","70","clerical","parish_clerk","교구 서기","book_scroll","book_scroll","average","left","grey-white hair with remnants of dark auburn","light tawny beige","broad low cylindrical cranium; very wide-set small hooded grey eyes; long narrow nose with pronounced sideways tip; wide thin lips with deep smile lines; heavy round chin with off-centre pit; protruding pointed-top ears","plain ink-dark brown wool clerical gown, narrow undyed linen opening and restrained dark shoulder hood; educated parish staff not rich lord","married","neutral","coif_cap","provenance/raw/I090_old.png","d30eb389283cd03bafebd5829c22dbb4a1351d32deac92680144f4392ab87157","provenance/references/c79fb710298c-I090_old-r1-ref0.png","Use case: identity-preserve. Edit the ONE person in the supplied reference portrait into their specified later age. This is the exact same individual: preserve their distinctive skull proportions, eye placement, nose shape, chin, mouth and ears, skin tone, build, direction, soft upper-left light, flat opaque grey-brown background, natural painterly rendering and square bust framing. Age skin and facial tissue clearly: mature age45 has modest lines and age-related softness, old age70 has convincing forehead and eye creases, cheek/neck aging and grey hair without changing identity. Stage-specific headwear and clothing changes as below. Keep stated prop plainly visible, do not introduce additional props. Paint complete coherent natural portrait not a layer overlay. ONE complete hand-painted natural realistic bust of I090, a 70-year-old man, southern England around 1300, role: parish clerk. Genuinely facing image LEFT in three-quarter view; paint this direction, never mirror. Permanent anatomical identity: broad low cylindrical cranium; very wide-set small hooded grey eyes; long narrow nose with pronounced sideways tip; wide thin lips with deep smile lines; heavy round chin with off-centre pit; protruding pointed-top ears. Build: ordinary medium neck and shoulders, moderate cheek tissue. Skin: light tawny beige; never connect skin tone or body to class, morality or nationality. Hair: grey-white hair with remnants of dark auburn; natural blunt medieval bob reaching below both ears, no cropped modern sides; clean shaven. Age: Same person at seventy: clearly visible deeper wrinkles, eyelid and cheek sag, age spots, grey-white thinning hair; preserve all distinctive skeletal landmarks. Expression: quiet neutral relaxed mouth and naturally alert eyes. Class must read from costume texture, cut, fur, headwear and posture even if the prop is hidden: plain ink-dark brown wool clerical gown, narrow undyed linen opening and restrained dark shoulder hood; educated parish staff not rich lord. Headwear: plain close linen coif beneath a low soft wool cap; male blunt medieval bob extending below ears. Prop staging, exactly: one small CLOSED plain brown psalter supported in BOTH hands low at centre; no scroll and no quill. Do not add extra generic props. Preserve this same unique skull, nose, eyes, lips, ears and chin across ages; adult growth follows child landmarks. Whole completed person painted together, no assembled layers. Bust fills square with headwear fully inside frame and enough lower torso for the stated object, upper-left soft light, opaque flat muted grey-brown background. Painterly realism matching approved pilot, natural individualized face, not caricature, no modern haircuts or fantasy clothing. Make seventy-year aging clear at96px and gray-white bob hair visible.","409ab1c48bed3ced3f4325f6f5fccc2dfce1a371c1a4be4be750d90c14608f6e"
"I091","young","I091_young","portraits/I091_young.png","m","24","clerical","dominican_friar","도미니코 탁발승","rosary","other","heavy","right","sandy blond","fair cool ivory with red cheeks","wide flat-topped head with very short temples; close-set tiny pale blue eyes; large thin convex nose ending in a sharp tip; thick short upper lip and narrow mouth; enormous projecting square lower jaw; little high ears","unmistakable Dominican white wool tunic and white scapular with substantial BLACK cappa mantle over both shoulders, no modern clerical collar; tonsure visible","celibate","slight_smile","tonsure","provenance/raw/I091_young.png","6ddccf7809d0679e3fbdd58d9efdc430d6679e8c391ae3916b44b1e78e8d120d","provenance/references/5ab20f510948-style-1.jpg","Use case: historical-scene. Generate one complete square 256-ready painted portrait asset, not a sheet. Reference image is STYLE ONLY: match its restrained natural painterly realism, soft upper-left light, opaque uniform muted grey-brown background, head to lower-bust framing and material rendering. Create a genuinely new person; do not copy any reference face. No text, border or frame. Keep full headwear and upper shoulders inside image with a little top margin. Strongly distinct facial anatomy, natural unidealized person. All age stages will share this identity. No paper/book/scroll unless explicitly requested. ONE complete hand-painted natural realistic bust of I091, a 24-year-old man, southern England around 1300, role: dominican friar. Genuinely facing image RIGHT in three-quarter view; paint this direction, never mirror. Permanent anatomical identity: wide flat-topped head with very short temples; close-set tiny pale blue eyes; large thin convex nose ending in a sharp tip; thick short upper lip and narrow mouth; enormous projecting square lower jaw; little high ears. Build: full cheeks, substantial neck and broad fleshy shoulders, visibly heavier build; not caricature. Skin: fair cool ivory with red cheeks; never connect skin tone or body to class, morality or nationality. Hair: sandy blond; remaining hair natural; clean shaven. Age: A genuinely grown young adult with adult jaw, longer neck and adult shoulders, youthful firm skin without deep age wrinkles. Expression: clearly legible gentle closed-mouth smile, lifted mouth corners and softened eyes, not a broad grin. Class must read from costume texture, cut, fur, headwear and posture even if the prop is hidden: unmistakable Dominican white wool tunic and white scapular with substantial BLACK cappa mantle over both shoulders, no modern clerical collar; tonsure visible. Headwear: clear medieval clerical crown tonsure with ear-below remaining hair at back and sides. Prop staging, exactly: a short loop of plain dark wooden prayer beads hanging from the LEFT hand low in frame. ABSOLUTELY NO BOOK, SCROLL, DOCUMENT OR PAPER. Do not add extra generic props. Preserve this same unique skull, nose, eyes, lips, ears and chin across ages; adult growth follows child landmarks. Whole completed person painted together, no assembled layers. Bust fills square with headwear fully inside frame and enough lower torso for the stated object, upper-left soft light, opaque flat muted grey-brown background. Painterly realism matching approved pilot, natural individualized face, not caricature, no modern haircuts or fantasy clothing.","3598a4e451d4b44e0e5abadb5cd74d174f9169f2fce0a1e338ea231dac373ee2"
"I091","mature","I091_mature","portraits/I091_mature.png","m","45","clerical","dominican_friar","도미니코 탁발승","rosary","other","heavy","right","sandy blond with visible grey strands","fair cool ivory with red cheeks","wide flat-topped head with very short temples; close-set tiny pale blue eyes; large thin convex nose ending in a sharp tip; thick short upper lip and narrow mouth; enormous projecting square lower jaw; little high ears","unmistakable Dominican white wool tunic and white scapular with substantial BLACK cappa mantle over both shoulders, no modern clerical collar; tonsure visible","celibate","sharp_suspicious","tonsure","provenance/raw/I091_mature.png","2de2a343422b92db38cb53edcc6f27e1ee28e0e9b2eb76f8c946ecc45dc3a2e4","provenance/references/3598a4e451d4-I091_mature-r1-ref0.png","Use case: identity-preserve. Edit the ONE person in the supplied reference portrait into their specified later age. This is the exact same individual: preserve their distinctive skull proportions, eye placement, nose shape, chin, mouth and ears, skin tone, build, direction, soft upper-left light, flat opaque grey-brown background, natural painterly rendering and square bust framing. Age skin and facial tissue clearly: mature age45 has modest lines and age-related softness, old age70 has convincing forehead and eye creases, cheek/neck aging and grey hair without changing identity. Stage-specific headwear and clothing changes as below. Keep stated prop plainly visible, do not introduce additional props. Paint complete coherent natural portrait not a layer overlay. ONE complete hand-painted natural realistic bust of I091, a 45-year-old man, southern England around 1300, role: dominican friar. Genuinely facing image RIGHT in three-quarter view; paint this direction, never mirror. Permanent anatomical identity: wide flat-topped head with very short temples; close-set tiny pale blue eyes; large thin convex nose ending in a sharp tip; thick short upper lip and narrow mouth; enormous projecting square lower jaw; little high ears. Build: full cheeks, substantial neck and broad fleshy shoulders, visibly heavier build; not caricature. Skin: fair cool ivory with red cheeks; never connect skin tone or body to class, morality or nationality. Hair: sandy blond with visible grey strands; remaining hair natural; clean shaven. Age: Same person at forty-five: visible moderate crow feet, forehead creases and nasolabial folds, subtle greying and mature tissue; not merely a changed hat. Expression: clearly legible focused questioning look, narrowed attentive eyes and slightly raised outer brow, firm mouth; sharp not villainous. Class must read from costume texture, cut, fur, headwear and posture even if the prop is hidden: unmistakable Dominican white wool tunic and white scapular with substantial BLACK cappa mantle over both shoulders, no modern clerical collar; tonsure visible. Headwear: clear medieval clerical crown tonsure with ear-below remaining hair at back and sides. Prop staging, exactly: a short loop of plain dark wooden prayer beads hanging from the LEFT hand low in frame. ABSOLUTELY NO BOOK, SCROLL, DOCUMENT OR PAPER. Do not add extra generic props. Preserve this same unique skull, nose, eyes, lips, ears and chin across ages; adult growth follows child landmarks. Whole completed person painted together, no assembled layers. Bust fills square with headwear fully inside frame and enough lower torso for the stated object, upper-left soft light, opaque flat muted grey-brown background. Painterly realism matching approved pilot, natural individualized face, not caricature, no modern haircuts or fantasy clothing.","ae86b77abe5f78b4be4153d82aaa8df2648185b1e8b4792a4d6b302db7da9e29"
"I091","old","I091_old","portraits/I091_old.png","m","70","clerical","dominican_friar","도미니코 탁발승","rosary","other","heavy","right","grey-white hair with remnants of sandy blond","fair cool ivory with red cheeks","wide flat-topped head with very short temples; close-set tiny pale blue eyes; large thin convex nose ending in a sharp tip; thick short upper lip and narrow mouth; enormous projecting square lower jaw; little high ears","unmistakable Dominican white wool tunic and white scapular with substantial BLACK cappa mantle over both shoulders, no modern clerical collar; tonsure visible","celibate","neutral","tonsure","provenance/raw/I091_old.png","f3bf2865a5cce4c8dda0a54383e5157eeebae8fa716c495fdaf5f90136f61827","provenance/references/3598a4e451d4-I091_old-r1-ref0.png","Use case: identity-preserve. Edit the ONE person in the supplied reference portrait into their specified later age. This is the exact same individual: preserve their distinctive skull proportions, eye placement, nose shape, chin, mouth and ears, skin tone, build, direction, soft upper-left light, flat opaque grey-brown background, natural painterly rendering and square bust framing. Age skin and facial tissue clearly: mature age45 has modest lines and age-related softness, old age70 has convincing forehead and eye creases, cheek/neck aging and grey hair without changing identity. Stage-specific headwear and clothing changes as below. Keep stated prop plainly visible, do not introduce additional props. Paint complete coherent natural portrait not a layer overlay. ONE complete hand-painted natural realistic bust of I091, a 70-year-old man, southern England around 1300, role: dominican friar. Genuinely facing image RIGHT in three-quarter view; paint this direction, never mirror. Permanent anatomical identity: wide flat-topped head with very short temples; close-set tiny pale blue eyes; large thin convex nose ending in a sharp tip; thick short upper lip and narrow mouth; enormous projecting square lower jaw; little high ears. Build: full cheeks, substantial neck and broad fleshy shoulders, visibly heavier build; not caricature. Skin: fair cool ivory with red cheeks; never connect skin tone or body to class, morality or nationality. Hair: grey-white hair with remnants of sandy blond; remaining hair natural; clean shaven. Age: Same person at seventy: clearly visible deeper wrinkles, eyelid and cheek sag, age spots, grey-white thinning hair; preserve all distinctive skeletal landmarks. Expression: quiet neutral relaxed mouth and naturally alert eyes. Class must read from costume texture, cut, fur, headwear and posture even if the prop is hidden: unmistakable Dominican white wool tunic and white scapular with substantial BLACK cappa mantle over both shoulders, no modern clerical collar; tonsure visible. Headwear: clear medieval clerical crown tonsure with ear-below remaining hair at back and sides. Prop staging, exactly: a short loop of plain dark wooden prayer beads hanging from the LEFT hand low in frame. ABSOLUTELY NO BOOK, SCROLL, DOCUMENT OR PAPER. Do not add extra generic props. Preserve this same unique skull, nose, eyes, lips, ears and chin across ages; adult growth follows child landmarks. Whole completed person painted together, no assembled layers. Bust fills square with headwear fully inside frame and enough lower torso for the stated object, upper-left soft light, opaque flat muted grey-brown background. Painterly realism matching approved pilot, natural individualized face, not caricature, no modern haircuts or fantasy clothing. Clearly seventy-year-old face and neck skin, natural aged folds and eye bags, grey-white hair while preserving face and robust build.","62511ab7fb39093bcadb5c688b1b8e93586ee33ba43c23019ec606cc5bd302ba"
"I092","young","I092_young","portraits/I092_young.png","m","24","labour","pilgrim","순례자","pilgrim_badge","other","thin","front","brown-black","warm fair apricot","high very narrow forehead and broad protruding cheekbones; enormous almond hazel eyes close together; tiny wide upturned nose with round nostrils; long philtrum and very thick lower lip; receding pointed chin; large oval ears","coarse weathered brown travel cloak over plain grey wool cote, modest patched shoulder and practical hood; not clerical robes","married","tired_worried","hood","provenance/raw/I092_young.png","ffd38b7a9e58f3032674ad3f0e9e5789cf50bfb60c741fe072386c28a47a6a55","provenance/references/5ab20f510948-style-1.jpg","Use case: historical-scene. Generate one complete square 256-ready painted portrait asset, not a sheet. Reference image is STYLE ONLY: match its restrained natural painterly realism, soft upper-left light, opaque uniform muted grey-brown background, head to lower-bust framing and material rendering. Create a genuinely new person; do not copy any reference face. No text, border or frame. Keep full headwear and upper shoulders inside image with a little top margin. Strongly distinct facial anatomy, natural unidealized person. All age stages will share this identity. No paper/book/scroll unless explicitly requested. ONE complete hand-painted natural realistic bust of I092, a 24-year-old man, southern England around 1300, role: pilgrim. Genuinely facing the viewer nearly front-on with natural slight asymmetry; no mirroring. Permanent anatomical identity: high very narrow forehead and broad protruding cheekbones; enormous almond hazel eyes close together; tiny wide upturned nose with round nostrils; long philtrum and very thick lower lip; receding pointed chin; large oval ears. Build: slender neck and narrow bony shoulders, lean tissue; skull size independent of build. Skin: warm fair apricot; never connect skin tone or body to class, morality or nationality. Hair: brown-black; natural blunt medieval bob reaching below both ears, no cropped modern sides; short dark forked beard. Age: A genuinely grown young adult with adult jaw, longer neck and adult shoulders, youthful firm skin without deep age wrinkles. Expression: clearly legible restrained concern or fatigue, knitted inner brows and weary softened mouth, no moral coding. Class must read from costume texture, cut, fur, headwear and posture even if the prop is hidden: coarse weathered brown travel cloak over plain grey wool cote, modest patched shoulder and practical hood; not clerical robes. Headwear: early 1300 simple wool hood with shoulder cape, no later turban chaperon; male natural bob ends below ears. Prop staging, exactly: one small cast pewter pilgrim badge pinned on the RIGHT breast, hands entirely outside frame; badge is the only prop. ABSOLUTELY NO BOOK, SCROLL, DOCUMENT OR PAPER. Do not add extra generic props. Preserve this same unique skull, nose, eyes, lips, ears and chin across ages; adult growth follows child landmarks. Whole completed person painted together, no assembled layers. Bust fills square with headwear fully inside frame and enough lower torso for the stated object, upper-left soft light, opaque flat muted grey-brown background. Painterly realism matching approved pilot, natural individualized face, not caricature, no modern haircuts or fantasy clothing.","b95d37a1288303318fbea2e9e33f734bbdcf5daff43159fcba3225d4f77a98ce"
"I092","mature","I092_mature","portraits/I092_mature.png","m","45","labour","pilgrim","순례자","pilgrim_badge","other","thin","front","brown-black with visible grey strands","warm fair apricot","high very narrow forehead and broad protruding cheekbones; enormous almond hazel eyes close together; tiny wide upturned nose with round nostrils; long philtrum and very thick lower lip; receding pointed chin; large oval ears","coarse weathered brown travel cloak over plain grey wool cote, modest patched shoulder and practical hood; not clerical robes","married","neutral","hood","provenance/raw/I092_mature.png","77bded5ce207147afba2e558ad6ec612132e037afe74a865138b4991b6c3f025","provenance/references/b95d37a12883-I092_mature-r1-ref0.png","Use case: identity-preserve. Edit the ONE person in the supplied reference portrait into their specified later age. This is the exact same individual: preserve their distinctive skull proportions, eye placement, nose shape, chin, mouth and ears, skin tone, build, direction, soft upper-left light, flat opaque grey-brown background, natural painterly rendering and square bust framing. Age skin and facial tissue clearly: mature age45 has modest lines and age-related softness, old age70 has convincing forehead and eye creases, cheek/neck aging and grey hair without changing identity. Stage-specific headwear and clothing changes as below. Keep stated prop plainly visible, do not introduce additional props. Paint complete coherent natural portrait not a layer overlay. ONE complete hand-painted natural realistic bust of I092, a 45-year-old man, southern England around 1300, role: pilgrim. Genuinely facing the viewer nearly front-on with natural slight asymmetry; no mirroring. Permanent anatomical identity: high very narrow forehead and broad protruding cheekbones; enormous almond hazel eyes close together; tiny wide upturned nose with round nostrils; long philtrum and very thick lower lip; receding pointed chin; large oval ears. Build: slender neck and narrow bony shoulders, lean tissue; skull size independent of build. Skin: warm fair apricot; never connect skin tone or body to class, morality or nationality. Hair: brown-black with visible grey strands; natural blunt medieval bob reaching below both ears, no cropped modern sides; short dark forked beard. Age: Same person at forty-five: visible moderate crow feet, forehead creases and nasolabial folds, subtle greying and mature tissue; not merely a changed hat. Expression: quiet neutral relaxed mouth and naturally alert eyes. Class must read from costume texture, cut, fur, headwear and posture even if the prop is hidden: coarse weathered brown travel cloak over plain grey wool cote, modest patched shoulder and practical hood; not clerical robes. Headwear: early 1300 simple wool hood with shoulder cape, no later turban chaperon; male natural bob ends below ears. Prop staging, exactly: one small cast pewter pilgrim badge pinned on the RIGHT breast, hands entirely outside frame; badge is the only prop. ABSOLUTELY NO BOOK, SCROLL, DOCUMENT OR PAPER. Do not add extra generic props. Preserve this same unique skull, nose, eyes, lips, ears and chin across ages; adult growth follows child landmarks. Whole completed person painted together, no assembled layers. Bust fills square with headwear fully inside frame and enough lower torso for the stated object, upper-left soft light, opaque flat muted grey-brown background. Painterly realism matching approved pilot, natural individualized face, not caricature, no modern haircuts or fantasy clothing.","c0ac67683ccc74834721ba3d9e4eb9e2b970b416ec98ccd621e2faf1dfd23f17"
"I092","old","I092_old","portraits/I092_old.png","m","70","labour","pilgrim","순례자","pilgrim_badge","other","thin","front","grey-white hair with remnants of brown-black","warm fair apricot","high very narrow forehead and broad protruding cheekbones; enormous almond hazel eyes close together; tiny wide upturned nose with round nostrils; long philtrum and very thick lower lip; receding pointed chin; large oval ears","coarse weathered brown travel cloak over plain grey wool cote, modest patched shoulder and practical hood; not clerical robes","married","slight_smile","hood","provenance/raw/I092_old.png","a37868b84ff120a554a6804132aa01c0a4d4b4ed2a07de590b54f4be36519cd6","provenance/references/b95d37a12883-I092_old-r1-ref0.png","Use case: identity-preserve. Edit the ONE person in the supplied reference portrait into their specified later age. This is the exact same individual: preserve their distinctive skull proportions, eye placement, nose shape, chin, mouth and ears, skin tone, build, direction, soft upper-left light, flat opaque grey-brown background, natural painterly rendering and square bust framing. Age skin and facial tissue clearly: mature age45 has modest lines and age-related softness, old age70 has convincing forehead and eye creases, cheek/neck aging and grey hair without changing identity. Stage-specific headwear and clothing changes as below. Keep stated prop plainly visible, do not introduce additional props. Paint complete coherent natural portrait not a layer overlay. ONE complete hand-painted natural realistic bust of I092, a 70-year-old man, southern England around 1300, role: pilgrim. Genuinely facing the viewer nearly front-on with natural slight asymmetry; no mirroring. Permanent anatomical identity: high very narrow forehead and broad protruding cheekbones; enormous almond hazel eyes close together; tiny wide upturned nose with round nostrils; long philtrum and very thick lower lip; receding pointed chin; large oval ears. Build: slender neck and narrow bony shoulders, lean tissue; skull size independent of build. Skin: warm fair apricot; never connect skin tone or body to class, morality or nationality. Hair: grey-white hair with remnants of brown-black; natural blunt medieval bob reaching below both ears, no cropped modern sides; short dark forked beard. Age: Same person at seventy: clearly visible deeper wrinkles, eyelid and cheek sag, age spots, grey-white thinning hair; preserve all distinctive skeletal landmarks. Expression: clearly legible gentle closed-mouth smile, lifted mouth corners and softened eyes, not a broad grin. Class must read from costume texture, cut, fur, headwear and posture even if the prop is hidden: coarse weathered brown travel cloak over plain grey wool cote, modest patched shoulder and practical hood; not clerical robes. Headwear: early 1300 simple wool hood with shoulder cape, no later turban chaperon; male natural bob ends below ears. Prop staging, exactly: one small cast pewter pilgrim badge pinned on the RIGHT breast, hands entirely outside frame; badge is the only prop. ABSOLUTELY NO BOOK, SCROLL, DOCUMENT OR PAPER. Do not add extra generic props. Preserve this same unique skull, nose, eyes, lips, ears and chin across ages; adult growth follows child landmarks. Whole completed person painted together, no assembled layers. Bust fills square with headwear fully inside frame and enough lower torso for the stated object, upper-left soft light, opaque flat muted grey-brown background. Painterly realism matching approved pilot, natural individualized face, not caricature, no modern haircuts or fantasy clothing. Seventy-year old clearly: deeper eye bags, cheek and neck age folds and grey-white beard/hair, unchanged distinctive large eyes, tiny nose and chin.","4ec0a6b30ca3db0aa0d86a966d4499ac339b4e7a3c625a7b71c9cd5d424f4c8e"
"I093","young","I093_young","portraits/I093_young.png","m","24","poor_servant","beggar_disabled_veteran","걸인·장애 있는 퇴역 병사","walking_cane","other","average","left","copper-brown","warm medium olive","very broad short skull; uneven large ears with left one flatter; widely spaced large grey eyes; short blunt crooked nose bending left; narrow straight lips; rounded broad chin and deep asymmetric cheek crease; healed pale mark over left eyebrow, neither villainous nor grotesque","worn patched dull blue wool tunic and frayed brown mantle, visibly mended sleeve; dignified upright seated posture with restricted shoulder, no armor","married","sharp_suspicious","coif_cap","provenance/raw/I093_young.png","100a871e250ea6a61a1ce76aa9cdf4b5e70c048c2a45d60fe747660a0aa8e159","provenance/references/5ab20f510948-style-1.jpg","Use case: historical-scene. Generate ONE fully painted square finished portrait, no grid, no text. Input reference is ONLY approved style and quality, NOT identity: paint a genuinely different individual as specified. Natural soft oil painting realism circa1300 southern England, soft upper-left daylight, opaque flat muted grey-brown background, completed bust including shoulder silhouette and lower torso for exact prop. Headwear fully in frame with small margin, face occupies enough for 96px recognition, no modern haircut, no fantasy costume, no photoreal camera effects. If miniver present use softly mottled grey-white SQUIRREL fur, never black-spotted ermine. Do not repeat any face or default held book from style reference. ONE complete hand-painted natural realistic bust of I093, a 24-year-old man, southern England around 1300, role: beggar disabled veteran. Genuinely facing image LEFT in three-quarter view; paint this direction, never mirror. Permanent anatomical identity: very broad short skull; uneven large ears with left one flatter; widely spaced large grey eyes; short blunt crooked nose bending left; narrow straight lips; rounded broad chin and deep asymmetric cheek crease; healed pale mark over left eyebrow, neither villainous nor grotesque. Build: ordinary medium neck and shoulders, moderate cheek tissue. Skin: warm medium olive; never connect skin tone or body to class, morality or nationality. Hair: copper-brown; natural blunt medieval bob reaching below both ears, no cropped modern sides; short copper-brown beard. Age: A genuinely grown young adult with adult jaw, longer neck and adult shoulders, youthful firm skin without deep age wrinkles. Expression: clearly legible focused questioning look, narrowed attentive eyes and slightly raised outer brow, firm mouth; sharp not villainous. Class must read from costume texture, cut, fur, headwear and posture even if the prop is hidden: worn patched dull blue wool tunic and frayed brown mantle, visibly mended sleeve; dignified upright seated posture with restricted shoulder, no armor. Headwear: plain close linen coif beneath a low soft wool cap; male blunt medieval bob extending below ears. Prop staging, exactly: a plain sturdy wooden walking cane held in the RIGHT hand and resting against right lower chest; no weapon. ABSOLUTELY NO BOOK, SCROLL, DOCUMENT OR PAPER. Do not add extra generic props. Preserve this same unique skull, nose, eyes, lips, ears and chin across ages; adult growth follows child landmarks. Whole completed person painted together, no assembled layers. Bust fills square with headwear fully inside frame and enough lower torso for the stated object, upper-left soft light, opaque flat muted grey-brown background. Painterly realism matching approved pilot, natural individualized face, not caricature, no modern haircuts or fantasy clothing.","aa810bdde51f99143a6cb5790a43ac411127eb9e416bdd8a0c26ae59e9dcfbfb"
"I093","mature","I093_mature","portraits/I093_mature.png","m","45","poor_servant","beggar_disabled_veteran","걸인·장애 있는 퇴역 병사","walking_cane","other","average","left","copper-brown with visible grey strands","warm medium olive","very broad short skull; uneven large ears with left one flatter; widely spaced large grey eyes; short blunt crooked nose bending left; narrow straight lips; rounded broad chin and deep asymmetric cheek crease; healed pale mark over left eyebrow, neither villainous nor grotesque","worn patched dull blue wool tunic and frayed brown mantle, visibly mended sleeve; dignified upright seated posture with restricted shoulder, no armor","married","neutral","coif_cap","provenance/raw/I093_mature.png","cd8568e83e96feb838d97f4c2aaa77fa506b651b9f212f3a8f2dc28ec3bb5087","provenance/references/aa810bdde51f-I093_mature-r1-ref0.png","Use case: identity-preserve. Paint one new complete square natural oil-painted portrait of the EXACT SAME person shown in input identity reference, at specified later age. Preserve unique skull proportions, ear shape, nose, eye spacing, mouth and chin landmarks, skin tone, direction, costume quality, specific prop and handedness, composition and upper-left light. Actually age facial tissues and hair; don't merely change hat. Mature45 must visible moderate forehead/eye/mouth lines and subtle grey, old70 deep wrinkles sagging eyelids cheeks and grey-white hair/beard. Keep object fully legible at lower bust. No book or scroll added. No text or collage. Flat opaque grey-brown backdrop. Follow stage headwear/expression changes below. ONE complete hand-painted natural realistic bust of I093, a 45-year-old man, southern England around 1300, role: beggar disabled veteran. Genuinely facing image LEFT in three-quarter view; paint this direction, never mirror. Permanent anatomical identity: very broad short skull; uneven large ears with left one flatter; widely spaced large grey eyes; short blunt crooked nose bending left; narrow straight lips; rounded broad chin and deep asymmetric cheek crease; healed pale mark over left eyebrow, neither villainous nor grotesque. Build: ordinary medium neck and shoulders, moderate cheek tissue. Skin: warm medium olive; never connect skin tone or body to class, morality or nationality. Hair: copper-brown with visible grey strands; natural blunt medieval bob reaching below both ears, no cropped modern sides; short copper-brown beard. Age: Same person at forty-five: visible moderate crow feet, forehead creases and nasolabial folds, subtle greying and mature tissue; not merely a changed hat. Expression: quiet neutral relaxed mouth and naturally alert eyes. Class must read from costume texture, cut, fur, headwear and posture even if the prop is hidden: worn patched dull blue wool tunic and frayed brown mantle, visibly mended sleeve; dignified upright seated posture with restricted shoulder, no armor. Headwear: plain close linen coif beneath a low soft wool cap; male blunt medieval bob extending below ears. Prop staging, exactly: a plain sturdy wooden walking cane held in the RIGHT hand and resting against right lower chest; no weapon. ABSOLUTELY NO BOOK, SCROLL, DOCUMENT OR PAPER. Do not add extra generic props. Preserve this same unique skull, nose, eyes, lips, ears and chin across ages; adult growth follows child landmarks. Whole completed person painted together, no assembled layers. Bust fills square with headwear fully inside frame and enough lower torso for the stated object, upper-left soft light, opaque flat muted grey-brown background. Painterly realism matching approved pilot, natural individualized face, not caricature, no modern haircuts or fantasy clothing.","52dc6879875e2f35b8690c4d60c8e1e787c84b3cc7fd83736d3439d36ada6b49"
"I093","old","I093_old","portraits/I093_old.png","m","70","poor_servant","beggar_disabled_veteran","걸인·장애 있는 퇴역 병사","walking_cane","other","average","left","grey-white hair with remnants of copper-brown","warm medium olive","very broad short skull; uneven large ears with left one flatter; widely spaced large grey eyes; short blunt crooked nose bending left; narrow straight lips; rounded broad chin and deep asymmetric cheek crease; healed pale mark over left eyebrow, neither villainous nor grotesque","worn patched dull blue wool tunic and frayed brown mantle, visibly mended sleeve; dignified upright seated posture with restricted shoulder, no armor","married","tired_worried","coif_cap","provenance/raw/I093_old.png","7e85913f028b294a4d8555ff333e267988c9a1539198bac5228033b908913545","provenance/references/48ad20ad9a7d-I093_old-before-r2.png","Precise age correction of this exact SAME man. He must clearly read as SEVENTY rather than forty-five, even at thumbnail size. Keep skull, long crooked blunt nose, large ears, grey eyes, scar above left brow, mouth/chin shape, body, cap/coif, below-ear bob, worn patched blue/brown dress, pose and walking cane EXACTLY the same. Age the facial skin with visibly deeper natural forehead and eye wrinkles, softer drooping upper eyelids, sunken temples and more sagged lower cheeks, subtle age spots. Turn beard and moustache predominantly GREY-WHITE with only hints of copper-brown. Hair at temples grey-white. No grotesque exaggeration. Retain natural painted realism, flat brown-grey background, light, framing. This is the old-age continuation of the same recognizable man, not a different face.","3b262eaeb2fdea6932e469dbe599f5cb370564be3abe0beff401ad2ef6af6a52"
"I094","young","I094_young","portraits/I094_young.png","f","24","poor_servant","itinerant_musician","떠돌이 악사","wooden_pipe","other","thin","right","bright auburn","fair ivory with dense brown freckles","very tall trapezoid forehead; widely spaced tiny green eyes; sharply upturned small broad nose; broad expressive thin lips with elevated left corner; exceptionally long blunt jutting chin; large open ears","worn faded plum wool kirtle, patched russet shoulder mantle, rough loose linen neckline and modest travelling dress","unmarried","neutral","loose_unmarried","provenance/raw/I094_young.png","193d05794964dd3c47a219f499bb781147f061d4c8680689b6e7254d0594c452","provenance/references/5ab20f510948-style-1.jpg","Use case: historical-scene. Generate ONE fully painted square finished portrait, no grid, no text. Input reference is ONLY approved style and quality, NOT identity: paint a genuinely different individual as specified. Natural soft oil painting realism circa1300 southern England, soft upper-left daylight, opaque flat muted grey-brown background, completed bust including shoulder silhouette and lower torso for exact prop. Headwear fully in frame with small margin, face occupies enough for 96px recognition, no modern haircut, no fantasy costume, no photoreal camera effects. If miniver present use softly mottled grey-white SQUIRREL fur, never black-spotted ermine. Do not repeat any face or default held book from style reference. ONE complete hand-painted natural realistic bust of I094, a 24-year-old woman, southern England around 1300, role: itinerant musician. Genuinely facing image RIGHT in three-quarter view; paint this direction, never mirror. Permanent anatomical identity: very tall trapezoid forehead; widely spaced tiny green eyes; sharply upturned small broad nose; broad expressive thin lips with elevated left corner; exceptionally long blunt jutting chin; large open ears. Build: slender neck and narrow bony shoulders, lean tissue; skull size independent of build. Skin: fair ivory with dense brown freckles; never connect skin tone or body to class, morality or nationality. Hair: bright auburn; natural female hair consistent with headwear. Age: A genuinely grown young adult with adult jaw, longer neck and adult shoulders, youthful firm skin without deep age wrinkles. Expression: quiet neutral relaxed mouth and naturally alert eyes. Class must read from costume texture, cut, fur, headwear and posture even if the prop is hidden: worn faded plum wool kirtle, patched russet shoulder mantle, rough loose linen neckline and modest travelling dress. Headwear: uncovered naturally loose or simply braided female hair with unobtrusive woven tie, no white veil. Prop staging, exactly: one small simple wooden end-blown pipe held diagonally in the LEFT hand across lower bust, not at mouth. ABSOLUTELY NO BOOK, SCROLL, DOCUMENT OR PAPER. Do not add extra generic props. Preserve this same unique skull, nose, eyes, lips, ears and chin across ages; adult growth follows child landmarks. Whole completed person painted together, no assembled layers. Bust fills square with headwear fully inside frame and enough lower torso for the stated object, upper-left soft light, opaque flat muted grey-brown background. Painterly realism matching approved pilot, natural individualized face, not caricature, no modern haircuts or fantasy clothing.","9b12d92d076d64eab74a4d947abec510c5a1b2f72619a9af6ee8bf9452ac4bcd"
"I094","mature","I094_mature","portraits/I094_mature.png","f","45","poor_servant","itinerant_musician","떠돌이 악사","wooden_pipe","other","thin","right","bright auburn with visible grey strands","fair ivory with dense brown freckles","very tall trapezoid forehead; widely spaced tiny green eyes; sharply upturned small broad nose; broad expressive thin lips with elevated left corner; exceptionally long blunt jutting chin; large open ears","worn faded plum wool kirtle, patched russet shoulder mantle, rough loose linen neckline and modest travelling dress","married","slight_smile","straw_hat","provenance/raw/I094_mature.png","b4675fd36591279b19b523d03e6d2e1f45396b0dc08fc01e5c9a65d17c80a1f4","provenance/references/9b12d92d076d-I094_mature-r1-ref0.png","Use case: identity-preserve. Paint one new complete square natural oil-painted portrait of the EXACT SAME person shown in input identity reference, at specified later age. Preserve unique skull proportions, ear shape, nose, eye spacing, mouth and chin landmarks, skin tone, direction, costume quality, specific prop and handedness, composition and upper-left light. Actually age facial tissues and hair; don't merely change hat. Mature45 must visible moderate forehead/eye/mouth lines and subtle grey, old70 deep wrinkles sagging eyelids cheeks and grey-white hair/beard. Keep object fully legible at lower bust. No book or scroll added. No text or collage. Flat opaque grey-brown backdrop. Follow stage headwear/expression changes below. ONE complete hand-painted natural realistic bust of I094, a 45-year-old woman, southern England around 1300, role: itinerant musician. Genuinely facing image RIGHT in three-quarter view; paint this direction, never mirror. Permanent anatomical identity: very tall trapezoid forehead; widely spaced tiny green eyes; sharply upturned small broad nose; broad expressive thin lips with elevated left corner; exceptionally long blunt jutting chin; large open ears. Build: slender neck and narrow bony shoulders, lean tissue; skull size independent of build. Skin: fair ivory with dense brown freckles; never connect skin tone or body to class, morality or nationality. Hair: bright auburn with visible grey strands; natural female hair consistent with headwear. Age: Same person at forty-five: visible moderate crow feet, forehead creases and nasolabial folds, subtle greying and mature tissue; not merely a changed hat. Expression: clearly legible gentle closed-mouth smile, lifted mouth corners and softened eyes, not a broad grin. Class must read from costume texture, cut, fur, headwear and posture even if the prop is hidden: worn faded plum wool kirtle, patched russet shoulder mantle, rough loose linen neckline and modest travelling dress. Headwear: plain broad low woven straw hat over a discreet linen band, visibly straw rather than cloth veil. Prop staging, exactly: one small simple wooden end-blown pipe held diagonally in the LEFT hand across lower bust, not at mouth. ABSOLUTELY NO BOOK, SCROLL, DOCUMENT OR PAPER. Do not add extra generic props. Preserve this same unique skull, nose, eyes, lips, ears and chin across ages; adult growth follows child landmarks. Whole completed person painted together, no assembled layers. Bust fills square with headwear fully inside frame and enough lower torso for the stated object, upper-left soft light, opaque flat muted grey-brown background. Painterly realism matching approved pilot, natural individualized face, not caricature, no modern haircuts or fantasy clothing.","fa8eb758109374179fbea1210e6968115cb3ae11c5bfca67d302e335898c4270"
"I094","old","I094_old","portraits/I094_old.png","f","70","poor_servant","itinerant_musician","떠돌이 악사","wooden_pipe","other","thin","right","grey-white hair with remnants of bright auburn","fair ivory with dense brown freckles","very tall trapezoid forehead; widely spaced tiny green eyes; sharply upturned small broad nose; broad expressive thin lips with elevated left corner; exceptionally long blunt jutting chin; large open ears","worn faded plum wool kirtle, patched russet shoulder mantle, rough loose linen neckline and modest travelling dress","married","sharp_suspicious","colored_headscarf","provenance/raw/I094_old.png","2f4053d0cc4e7ca0c1f7aa74788eca5fb59eb562f0da127715e9b88dd8961b53","provenance/references/9b12d92d076d-I094_old-r1-ref0.png","Use case: identity-preserve. Paint one new complete square natural oil-painted portrait of the EXACT SAME person shown in input identity reference, at specified later age. Preserve unique skull proportions, ear shape, nose, eye spacing, mouth and chin landmarks, skin tone, direction, costume quality, specific prop and handedness, composition and upper-left light. Actually age facial tissues and hair; don't merely change hat. Mature45 must visible moderate forehead/eye/mouth lines and subtle grey, old70 deep wrinkles sagging eyelids cheeks and grey-white hair/beard. Keep object fully legible at lower bust. No book or scroll added. No text or collage. Flat opaque grey-brown backdrop. Follow stage headwear/expression changes below. ONE complete hand-painted natural realistic bust of I094, a 70-year-old woman, southern England around 1300, role: itinerant musician. Genuinely facing image RIGHT in three-quarter view; paint this direction, never mirror. Permanent anatomical identity: very tall trapezoid forehead; widely spaced tiny green eyes; sharply upturned small broad nose; broad expressive thin lips with elevated left corner; exceptionally long blunt jutting chin; large open ears. Build: slender neck and narrow bony shoulders, lean tissue; skull size independent of build. Skin: fair ivory with dense brown freckles; never connect skin tone or body to class, morality or nationality. Hair: grey-white hair with remnants of bright auburn; natural female hair consistent with headwear. Age: Same person at seventy: clearly visible deeper wrinkles, eyelid and cheek sag, age spots, grey-white thinning hair; preserve all distinctive skeletal landmarks. Expression: clearly legible focused questioning look, narrowed attentive eyes and slightly raised outer brow, firm mouth; sharp not villainous. Class must read from costume texture, cut, fur, headwear and posture even if the prop is hidden: worn faded plum wool kirtle, patched russet shoulder mantle, rough loose linen neckline and modest travelling dress. Headwear: muted ochre or russet cloth headscarf tied close around head, visibly colored not white. Prop staging, exactly: one small simple wooden end-blown pipe held diagonally in the LEFT hand across lower bust, not at mouth. ABSOLUTELY NO BOOK, SCROLL, DOCUMENT OR PAPER. Do not add extra generic props. Preserve this same unique skull, nose, eyes, lips, ears and chin across ages; adult growth follows child landmarks. Whole completed person painted together, no assembled layers. Bust fills square with headwear fully inside frame and enough lower torso for the stated object, upper-left soft light, opaque flat muted grey-brown background. Painterly realism matching approved pilot, natural individualized face, not caricature, no modern haircuts or fantasy clothing.","b31e57113bb6b10dbea4904181683d16a2172fcfd16a0821e8885b4a5560e9ca"
"I095","young","I095_young","portraits/I095_young.png","f","24","gentry","gentry_lady","젠트리 여인","none","none","heavy","front","dark ash brown","medium warm honey","very low wide forehead; close-set big dark-blue eyes beneath fine high brows; very long slim straight nose with downturned rounded tip; short broad full mouth; large soft wide chin; small close-set ears; right cheek slightly fuller","rich deep royal blue fine broadcloth gown, warm tawny fox-fur-lined mantle visibly broad at collar, elaborate restrained silver clasp and elegant composed posture; wealth entirely in costume","married","neutral","barbette_fillet","provenance/raw/I095_young.png","dd74b49ab3b2335beae4084a9baf756da8aa7e639aa0375d8295ecd2f7daba78","provenance/references/5ab20f510948-style-1.jpg","Use case: historical-scene. Generate ONE fully painted square finished portrait, no grid, no text. Input reference is ONLY approved style and quality, NOT identity: paint a genuinely different individual as specified. Natural soft oil painting realism circa1300 southern England, soft upper-left daylight, opaque flat muted grey-brown background, completed bust including shoulder silhouette and lower torso for exact prop. Headwear fully in frame with small margin, face occupies enough for 96px recognition, no modern haircut, no fantasy costume, no photoreal camera effects. If miniver present use softly mottled grey-white SQUIRREL fur, never black-spotted ermine. Do not repeat any face or default held book from style reference. ONE complete hand-painted natural realistic bust of I095, a 24-year-old woman, southern England around 1300, role: gentry lady. Genuinely facing the viewer nearly front-on with natural slight asymmetry; no mirroring. Permanent anatomical identity: very low wide forehead; close-set big dark-blue eyes beneath fine high brows; very long slim straight nose with downturned rounded tip; short broad full mouth; large soft wide chin; small close-set ears; right cheek slightly fuller. Build: full cheeks, substantial neck and broad fleshy shoulders, visibly heavier build; not caricature. Skin: medium warm honey; never connect skin tone or body to class, morality or nationality. Hair: dark ash brown; natural female hair consistent with headwear. Age: A genuinely grown young adult with adult jaw, longer neck and adult shoulders, youthful firm skin without deep age wrinkles. Expression: quiet neutral relaxed mouth and naturally alert eyes. Class must read from costume texture, cut, fur, headwear and posture even if the prop is hidden: rich deep royal blue fine broadcloth gown, warm tawny fox-fur-lined mantle visibly broad at collar, elaborate restrained silver clasp and elegant composed posture; wealth entirely in costume. Headwear: historically correct linen barbette strap under chin and narrow fillet across crown, side hair gathered into restrained netted crespines; no fantasy crown. Prop staging, exactly: absolutely no handheld object, no books, scrolls, gloves or rings displayed; hands below frame. ABSOLUTELY NO BOOK, SCROLL, DOCUMENT OR PAPER. Do not add extra generic props. Preserve this same unique skull, nose, eyes, lips, ears and chin across ages; adult growth follows child landmarks. Whole completed person painted together, no assembled layers. Bust fills square with headwear fully inside frame and enough lower torso for the stated object, upper-left soft light, opaque flat muted grey-brown background. Painterly realism matching approved pilot, natural individualized face, not caricature, no modern haircuts or fantasy clothing.","f2fe0a696ce33732c771628d65b09749fdafc13bb5e6db95f3b52eb6628ddc67"
"I095","mature","I095_mature","portraits/I095_mature.png","f","45","gentry","gentry_lady","젠트리 여인","none","none","heavy","front","dark ash brown with visible grey strands","medium warm honey","very low wide forehead; close-set big dark-blue eyes beneath fine high brows; very long slim straight nose with downturned rounded tip; short broad full mouth; large soft wide chin; small close-set ears; right cheek slightly fuller","rich deep royal blue fine broadcloth gown, warm tawny fox-fur-lined mantle visibly broad at collar, elaborate restrained silver clasp and elegant composed posture; wealth entirely in costume","married","tired_worried","barbette_fillet","provenance/raw/I095_mature.png","3758959ff42cc3acf704d78a7fb50bfa89e8cb878ae79e46320bd93dd306fc03","provenance/references/f2fe0a696ce3-I095_mature-r1-ref0.png","Use case: identity-preserve. Paint one new complete square natural oil-painted portrait of the EXACT SAME person shown in input identity reference, at specified later age. Preserve unique skull proportions, ear shape, nose, eye spacing, mouth and chin landmarks, skin tone, direction, costume quality, specific prop and handedness, composition and upper-left light. Actually age facial tissues and hair; don't merely change hat. Mature45 must visible moderate forehead/eye/mouth lines and subtle grey, old70 deep wrinkles sagging eyelids cheeks and grey-white hair/beard. Keep object fully legible at lower bust. No book or scroll added. No text or collage. Flat opaque grey-brown backdrop. Follow stage headwear/expression changes below. ONE complete hand-painted natural realistic bust of I095, a 45-year-old woman, southern England around 1300, role: gentry lady. Genuinely facing the viewer nearly front-on with natural slight asymmetry; no mirroring. Permanent anatomical identity: very low wide forehead; close-set big dark-blue eyes beneath fine high brows; very long slim straight nose with downturned rounded tip; short broad full mouth; large soft wide chin; small close-set ears; right cheek slightly fuller. Build: full cheeks, substantial neck and broad fleshy shoulders, visibly heavier build; not caricature. Skin: medium warm honey; never connect skin tone or body to class, morality or nationality. Hair: dark ash brown with visible grey strands; natural female hair consistent with headwear. Age: Same person at forty-five: visible moderate crow feet, forehead creases and nasolabial folds, subtle greying and mature tissue; not merely a changed hat. Expression: clearly legible restrained concern or fatigue, knitted inner brows and weary softened mouth, no moral coding. Class must read from costume texture, cut, fur, headwear and posture even if the prop is hidden: rich deep royal blue fine broadcloth gown, warm tawny fox-fur-lined mantle visibly broad at collar, elaborate restrained silver clasp and elegant composed posture; wealth entirely in costume. Headwear: historically correct linen barbette strap under chin and narrow fillet across crown, side hair gathered into restrained netted crespines; no fantasy crown. Prop staging, exactly: absolutely no handheld object, no books, scrolls, gloves or rings displayed; hands below frame. ABSOLUTELY NO BOOK, SCROLL, DOCUMENT OR PAPER. Do not add extra generic props. Preserve this same unique skull, nose, eyes, lips, ears and chin across ages; adult growth follows child landmarks. Whole completed person painted together, no assembled layers. Bust fills square with headwear fully inside frame and enough lower torso for the stated object, upper-left soft light, opaque flat muted grey-brown background. Painterly realism matching approved pilot, natural individualized face, not caricature, no modern haircuts or fantasy clothing.","5a717487751320f485c6e7390acbbfcf7bcb97d2c63b1f6d089acfec2aa7c917"
"I095","old","I095_old","portraits/I095_old.png","f","70","gentry","gentry_lady","젠트리 여인","none","none","heavy","front","grey-white hair with remnants of dark ash brown","medium warm honey","very low wide forehead; close-set big dark-blue eyes beneath fine high brows; very long slim straight nose with downturned rounded tip; short broad full mouth; large soft wide chin; small close-set ears; right cheek slightly fuller","rich deep royal blue fine broadcloth gown, warm tawny fox-fur-lined mantle visibly broad at collar, elaborate restrained silver clasp and elegant composed posture; wealth entirely in costume","married","neutral","hood","provenance/raw/I095_old.png","d828fcf2fd2dfb244c74d644bb189a456e51c0527d41bff88d7bd78699dd4c35","provenance/references/f2fe0a696ce3-I095_old-r1-ref0.png","Use case: identity-preserve. Paint one new complete square natural oil-painted portrait of the EXACT SAME person shown in input identity reference, at specified later age. Preserve unique skull proportions, ear shape, nose, eye spacing, mouth and chin landmarks, skin tone, direction, costume quality, specific prop and handedness, composition and upper-left light. Actually age facial tissues and hair; don't merely change hat. Mature45 must visible moderate forehead/eye/mouth lines and subtle grey, old70 deep wrinkles sagging eyelids cheeks and grey-white hair/beard. Keep object fully legible at lower bust. No book or scroll added. No text or collage. Flat opaque grey-brown backdrop. Follow stage headwear/expression changes below. ONE complete hand-painted natural realistic bust of I095, a 70-year-old woman, southern England around 1300, role: gentry lady. Genuinely facing the viewer nearly front-on with natural slight asymmetry; no mirroring. Permanent anatomical identity: very low wide forehead; close-set big dark-blue eyes beneath fine high brows; very long slim straight nose with downturned rounded tip; short broad full mouth; large soft wide chin; small close-set ears; right cheek slightly fuller. Build: full cheeks, substantial neck and broad fleshy shoulders, visibly heavier build; not caricature. Skin: medium warm honey; never connect skin tone or body to class, morality or nationality. Hair: grey-white hair with remnants of dark ash brown; natural female hair consistent with headwear. Age: Same person at seventy: clearly visible deeper wrinkles, eyelid and cheek sag, age spots, grey-white thinning hair; preserve all distinctive skeletal landmarks. Expression: quiet neutral relaxed mouth and naturally alert eyes. Class must read from costume texture, cut, fur, headwear and posture even if the prop is hidden: rich deep royal blue fine broadcloth gown, warm tawny fox-fur-lined mantle visibly broad at collar, elaborate restrained silver clasp and elegant composed posture; wealth entirely in costume. Headwear: early 1300 simple wool hood with shoulder cape, no later turban chaperon; male natural bob ends below ears. Prop staging, exactly: absolutely no handheld object, no books, scrolls, gloves or rings displayed; hands below frame. ABSOLUTELY NO BOOK, SCROLL, DOCUMENT OR PAPER. Do not add extra generic props. Preserve this same unique skull, nose, eyes, lips, ears and chin across ages; adult growth follows child landmarks. Whole completed person painted together, no assembled layers. Bust fills square with headwear fully inside frame and enough lower torso for the stated object, upper-left soft light, opaque flat muted grey-brown background. Painterly realism matching approved pilot, natural individualized face, not caricature, no modern haircuts or fantasy clothing.","a3436f5398240dec57f0c47bb03c4767db4d418543162a910c005c9fa47760b9"
"I096","young","I096_young","portraits/I096_young.png","m","24","poor_servant","lord_household_servant","영주 가솔 하인","small_knife","other","heavy","front","dark blond","pale cool rose","long narrow rectangular head; broad protruding brow ridge; tiny close-set brown eyes; short wide snub nose angled upward; extremely broad flat upper lip and small lower lip; heavy square chin with two shallow dimples; low large ears","plain serviceable muted green wool household tunic, coarse brown sleeveless overgarment, simple cuffs and a visibly mended shoulder; subordinate respectful posture, no rich fur","married","slight_smile","coif_cap","provenance/raw/I096_young.png","73bcdd8386de285cf1ba21530ec4e43d57dafe3e62920042a90537e2ff5ad48a","provenance/references/35aa303a7ce8-I096_young-before-r2.png","Edit ONLY build of this SAME man to visibly HEAVY: fuller cheek tissue around unchanged skull landmarks, thicker substantial neck, broad fleshy shoulders and heavier torso. Keep exact unique eyes/nose/mouth/chin character, age24, smile, medieval hair/coif/cap, green tunic patched brown overgarment, sheathed small utility knife on his left belt (image right), hands below frame. Preserve direction, light and background. No other props. ONE complete hand-painted natural realistic bust of I096, a 24-year-old man, southern England around 1300, role: lord household servant. Genuinely facing the viewer nearly front-on with natural slight asymmetry; no mirroring. Permanent anatomical identity: long narrow rectangular head; broad protruding brow ridge; tiny close-set brown eyes; short wide snub nose angled upward; extremely broad flat upper lip and small lower lip; heavy square chin with two shallow dimples; low large ears. Build: full cheeks, substantial neck and broad fleshy shoulders, visibly heavier build; not caricature. Skin: pale cool rose; never connect skin tone or body to class, morality or nationality. Hair: dark blond; natural blunt medieval bob reaching below both ears, no cropped modern sides; clean shaven. Age: A genuinely grown young adult with adult jaw, longer neck and adult shoulders, youthful firm skin without deep age wrinkles. Expression: clearly legible gentle closed-mouth smile, lifted mouth corners and softened eyes, not a broad grin. Class must read from costume texture, cut, fur, headwear and posture even if the prop is hidden: plain serviceable muted green wool household tunic, coarse brown sleeveless overgarment, simple cuffs and a visibly mended shoulder; subordinate respectful posture, no rich fur. Headwear: plain close linen coif beneath a low soft wool cap; male blunt medieval bob extending below ears. Prop staging, exactly: one small sheathed utility knife secured at the lower LEFT belt edge, hands not holding it; ordinary household tool not threatening. ABSOLUTELY NO BOOK, SCROLL, DOCUMENT OR PAPER. Do not add extra generic props. Preserve this same unique skull, nose, eyes, lips, ears and chin across ages; adult growth follows child landmarks. Whole completed person painted together, no assembled layers. Bust fills square with headwear fully inside frame and enough lower torso for the stated object, upper-left soft light, opaque flat muted grey-brown background. Painterly realism matching approved pilot, natural individualized face, not caricature, no modern haircuts or fantasy clothing.","47bca2e35a6bc4e7773c9dfa0892af542929b765d6fd46ab804e95f5b9be7db3"
"I096","mature","I096_mature","portraits/I096_mature.png","m","45","poor_servant","lord_household_servant","영주 가솔 하인","small_knife","other","heavy","front","dark blond with visible grey strands","pale cool rose","long narrow rectangular head; broad protruding brow ridge; tiny close-set brown eyes; short wide snub nose angled upward; extremely broad flat upper lip and small lower lip; heavy square chin with two shallow dimples; low large ears","plain serviceable muted green wool household tunic, coarse brown sleeveless overgarment, simple cuffs and a visibly mended shoulder; subordinate respectful posture, no rich fur","married","sharp_suspicious","coif_cap","provenance/raw/I096_mature.png","fbf8487240dbd4edb0c90fca66ca07aedba8ac77fdac43ea6694ed42742e5d5b","provenance/references/47bca2e35a6b-I096_mature-r1-ref0.png","Use case: identity-preserve. Paint one new complete square natural oil-painted portrait of the EXACT SAME person shown in input identity reference, at specified later age. Preserve unique skull proportions, ear shape, nose, eye spacing, mouth and chin landmarks, skin tone, direction, costume quality, specific prop and handedness, composition and upper-left light. Actually age facial tissues and hair; don't merely change hat. Mature45 must visible moderate forehead/eye/mouth lines and subtle grey, old70 deep wrinkles sagging eyelids cheeks and grey-white hair/beard. Keep object fully legible at lower bust. No book or scroll added. No text or collage. Flat opaque grey-brown backdrop. Follow stage headwear/expression changes below. ONE complete hand-painted natural realistic bust of I096, a 45-year-old man, southern England around 1300, role: lord household servant. Genuinely facing the viewer nearly front-on with natural slight asymmetry; no mirroring. Permanent anatomical identity: long narrow rectangular head; broad protruding brow ridge; tiny close-set brown eyes; short wide snub nose angled upward; extremely broad flat upper lip and small lower lip; heavy square chin with two shallow dimples; low large ears. Build: full cheeks, substantial neck and broad fleshy shoulders, visibly heavier build; not caricature. Skin: pale cool rose; never connect skin tone or body to class, morality or nationality. Hair: dark blond with visible grey strands; natural blunt medieval bob reaching below both ears, no cropped modern sides; clean shaven. Age: Same person at forty-five: visible moderate crow feet, forehead creases and nasolabial folds, subtle greying and mature tissue; not merely a changed hat. Expression: clearly legible focused questioning look, narrowed attentive eyes and slightly raised outer brow, firm mouth; sharp not villainous. Class must read from costume texture, cut, fur, headwear and posture even if the prop is hidden: plain serviceable muted green wool household tunic, coarse brown sleeveless overgarment, simple cuffs and a visibly mended shoulder; subordinate respectful posture, no rich fur. Headwear: plain close linen coif beneath a low soft wool cap; male blunt medieval bob extending below ears. Prop staging, exactly: one small sheathed utility knife secured at the lower LEFT belt edge, hands not holding it; ordinary household tool not threatening. ABSOLUTELY NO BOOK, SCROLL, DOCUMENT OR PAPER. Do not add extra generic props. Preserve this same unique skull, nose, eyes, lips, ears and chin across ages; adult growth follows child landmarks. Whole completed person painted together, no assembled layers. Bust fills square with headwear fully inside frame and enough lower torso for the stated object, upper-left soft light, opaque flat muted grey-brown background. Painterly realism matching approved pilot, natural individualized face, not caricature, no modern haircuts or fantasy clothing.","764680a497960138344545e61d90ef34c9ae6c399172b5d66800c048a26032ef"
"I096","old","I096_old","portraits/I096_old.png","m","70","poor_servant","lord_household_servant","영주 가솔 하인","small_knife","other","heavy","front","grey-white hair with remnants of dark blond","pale cool rose","long narrow rectangular head; broad protruding brow ridge; tiny close-set brown eyes; short wide snub nose angled upward; extremely broad flat upper lip and small lower lip; heavy square chin with two shallow dimples; low large ears","plain serviceable muted green wool household tunic, coarse brown sleeveless overgarment, simple cuffs and a visibly mended shoulder; subordinate respectful posture, no rich fur","married","neutral","coif_cap","provenance/raw/I096_old.png","aeaac8c77015d2d53180b5dc2a8077f4d66497fbd8d0224b32e972b038f6282a","provenance/references/47bca2e35a6b-I096_old-r1-ref0.png","Use case: identity-preserve. Paint one new complete square natural oil-painted portrait of the EXACT SAME person shown in input identity reference, at specified later age. Preserve unique skull proportions, ear shape, nose, eye spacing, mouth and chin landmarks, skin tone, direction, costume quality, specific prop and handedness, composition and upper-left light. Actually age facial tissues and hair; don't merely change hat. Mature45 must visible moderate forehead/eye/mouth lines and subtle grey, old70 deep wrinkles sagging eyelids cheeks and grey-white hair/beard. Keep object fully legible at lower bust. No book or scroll added. No text or collage. Flat opaque grey-brown backdrop. Follow stage headwear/expression changes below. ONE complete hand-painted natural realistic bust of I096, a 70-year-old man, southern England around 1300, role: lord household servant. Genuinely facing the viewer nearly front-on with natural slight asymmetry; no mirroring. Permanent anatomical identity: long narrow rectangular head; broad protruding brow ridge; tiny close-set brown eyes; short wide snub nose angled upward; extremely broad flat upper lip and small lower lip; heavy square chin with two shallow dimples; low large ears. Build: full cheeks, substantial neck and broad fleshy shoulders, visibly heavier build; not caricature. Skin: pale cool rose; never connect skin tone or body to class, morality or nationality. Hair: grey-white hair with remnants of dark blond; natural blunt medieval bob reaching below both ears, no cropped modern sides; clean shaven. Age: Same person at seventy: clearly visible deeper wrinkles, eyelid and cheek sag, age spots, grey-white thinning hair; preserve all distinctive skeletal landmarks. Expression: quiet neutral relaxed mouth and naturally alert eyes. Class must read from costume texture, cut, fur, headwear and posture even if the prop is hidden: plain serviceable muted green wool household tunic, coarse brown sleeveless overgarment, simple cuffs and a visibly mended shoulder; subordinate respectful posture, no rich fur. Headwear: plain close linen coif beneath a low soft wool cap; male blunt medieval bob extending below ears. Prop staging, exactly: one small sheathed utility knife secured at the lower LEFT belt edge, hands not holding it; ordinary household tool not threatening. ABSOLUTELY NO BOOK, SCROLL, DOCUMENT OR PAPER. Do not add extra generic props. Preserve this same unique skull, nose, eyes, lips, ears and chin across ages; adult growth follows child landmarks. Whole completed person painted together, no assembled layers. Bust fills square with headwear fully inside frame and enough lower torso for the stated object, upper-left soft light, opaque flat muted grey-brown background. Painterly realism matching approved pilot, natural individualized face, not caricature, no modern haircuts or fantasy clothing.","25326ad80b219a75fc7ae4225fe838eea737203cb16de0b0382437d874be739a"
"I097","child","I097_child","portraits/I097_child.png","m","10","child","gentry_child","젠트리 집안 남아","wooden_horse","other","thin","right","chestnut","warm light olive","high broad child forehead; tiny wide-set grey eyes with straight brows; distinctively long broad straight nose for age; small full upper lip and wide lower lip; long oval jaw with small cleft chin; very large low ears","fine dark red wool tunic with clearly visible soft grey-white squirrel miniver collar and small bronze clasp, noble household quality but child appropriate","unmarried","tired_worried","felt_hat","provenance/raw/I097_child.png","c71d61543a4c6b84f39f464581ce62ce515aa8456d7699744332f1f93c486190","provenance/references/5ab20f510948-style-1.jpg","Use case: historical-scene. Generate ONE fully painted square finished portrait, no grid, no text. Input reference is ONLY approved style and quality, NOT identity: paint a genuinely different individual as specified. Natural soft oil painting realism circa1300 southern England, soft upper-left daylight, opaque flat muted grey-brown background, completed bust including shoulder silhouette and lower torso for exact prop. Headwear fully in frame with small margin, face occupies enough for 96px recognition, no modern haircut, no fantasy costume, no photoreal camera effects. If miniver present use softly mottled grey-white SQUIRREL fur, never black-spotted ermine. Do not repeat any face or default held book from style reference. ONE complete hand-painted natural realistic bust of I097, a ten-year-old boy, southern England around 1300, role: gentry child. Genuinely facing image RIGHT in three-quarter view; paint this direction, never mirror. Permanent anatomical identity: high broad child forehead; tiny wide-set grey eyes with straight brows; distinctively long broad straight nose for age; small full upper lip and wide lower lip; long oval jaw with small cleft chin; very large low ears. Build: slender neck and narrow bony shoulders, lean tissue; skull size independent of build. Skin: warm light olive; never connect skin tone or body to class, morality or nationality. Hair: chestnut; natural blunt medieval bob reaching below both ears, no cropped modern sides; no beard. Age: A real ten-year-old: smaller jaw and neck, round child cheeks and shorter shoulders; no adult beard or adult skull pasted onto child body. Expression: clearly legible restrained concern or fatigue, knitted inner brows and weary softened mouth, no moral coding. Class must read from costume texture, cut, fur, headwear and posture even if the prop is hidden: fine dark red wool tunic with clearly visible soft grey-white squirrel miniver collar and small bronze clasp, noble household quality but child appropriate. Headwear: low soft felt cap above natural blunt ear-below medieval bob, no modern cropped sides. Prop staging, exactly: one small plainly carved wooden toy horse cupped in BOTH hands at lower centre; retain same object in adult continuation. ABSOLUTELY NO BOOK, SCROLL, DOCUMENT OR PAPER. Do not add extra generic props. Preserve this same unique skull, nose, eyes, lips, ears and chin across ages; adult growth follows child landmarks. Whole completed person painted together, no assembled layers. Bust fills square with headwear fully inside frame and enough lower torso for the stated object, upper-left soft light, opaque flat muted grey-brown background. Painterly realism matching approved pilot, natural individualized face, not caricature, no modern haircuts or fantasy clothing.","b4db6da339e3e8893c6f72fe7c3b481a15fdb6bee2cc47581a0ba644ccfe6c2b"
"I097","young","I097_young","portraits/I097_young.png","m","22","child","gentry_child","젠트리 집안 남아","wooden_horse","other","thin","right","chestnut","warm light olive","high broad child forehead; tiny wide-set grey eyes with straight brows; distinctively long broad straight nose for age; small full upper lip and wide lower lip; long oval jaw with small cleft chin; very large low ears","fine dark red wool tunic with clearly visible soft grey-white squirrel miniver collar and small bronze clasp, noble household quality but child appropriate","unmarried","neutral","felt_hat","provenance/raw/I097_young.png","a813fa5c35bb9919bbc995e99b26223c451c2089c66a398aef8459954aef208f","provenance/references/b4db6da339e3-I097_young-r1-ref0.png","Use case: identity-preserve. Input depicts this individual as a CHILD. Paint the SAME PERSON NOW AGE22, a fully GROWN ADULT twelve years later, not another child. Preserve recognizable unique nose/eyes/mouth/ear relationships and family landmarks while growing the skeletal proportions: much longer adult midface and jaw, mature broad adult shoulders and longer adult neck, smaller relative eye size, adult-sized cranium relative to body. Male: visible light natural stubble. Female: clear grown adult facial proportions. Keep specific prop, direction, outfit materials, skin tone, upper-left light and flat grey-brown background; follow stage headwear/expression below. One completed square painterly portrait, no panels, no text, no extra objects. ONE complete hand-painted natural realistic bust of I097, a 22-year-old man, southern England around 1300, role: gentry child. Genuinely facing image RIGHT in three-quarter view; paint this direction, never mirror. Permanent anatomical identity: high broad child forehead; tiny wide-set grey eyes with straight brows; distinctively long broad straight nose for age; small full upper lip and wide lower lip; long oval jaw with small cleft chin; very large low ears. Build: slender neck and narrow bony shoulders, lean tissue; skull size independent of build. Skin: warm light olive; never connect skin tone or body to class, morality or nationality. Hair: chestnut; natural blunt medieval bob reaching below both ears, no cropped modern sides; fine emerging natural beard shadow. Age: A genuinely grown young adult with adult jaw, longer neck and adult shoulders, youthful firm skin without deep age wrinkles. Expression: quiet neutral relaxed mouth and naturally alert eyes. Class must read from costume texture, cut, fur, headwear and posture even if the prop is hidden: fine dark red wool tunic with clearly visible soft grey-white squirrel miniver collar and small bronze clasp, noble household quality but child appropriate. Headwear: low soft felt cap above natural blunt ear-below medieval bob, no modern cropped sides. Prop staging, exactly: one small plainly carved wooden toy horse cupped in BOTH hands at lower centre; retain same object in adult continuation. ABSOLUTELY NO BOOK, SCROLL, DOCUMENT OR PAPER. Do not add extra generic props. Preserve this same unique skull, nose, eyes, lips, ears and chin across ages; adult growth follows child landmarks. Whole completed person painted together, no assembled layers. Bust fills square with headwear fully inside frame and enough lower torso for the stated object, upper-left soft light, opaque flat muted grey-brown background. Painterly realism matching approved pilot, natural individualized face, not caricature, no modern haircuts or fantasy clothing.","1c7bd9e4f8ef250794f9292b3906b63e1e594d54239f374178cefe0c23201734"
"I098","child","I098_child","portraits/I098_child.png","m","10","child","fisher_child","어부 집안 남아","smooth_pebble","other","heavy","left","sandy blond","pale fair with rosy freckles","low narrow child forehead; huge close-set blue eyes; short high-bridged nose with a broad round tip; broad thin lips and tiny raised right corner; very round cheekbones and short broad jaw; tiny flat ears","coarse faded blue wool tunic with worn brown shoulder cape and small patched cuff, fisherman household clothing","unmarried","slight_smile","hood","provenance/raw/I098_child.png","6cf302e6c94fea71602e63b0ee8c0c9c7691be837ea7c3f0c67448eddedf8d68","provenance/references/5ab20f510948-style-1.jpg","Use case: historical-scene. Generate ONE fully painted square finished portrait, no grid, no text. Input reference is ONLY approved style and quality, NOT identity: paint a genuinely different individual as specified. Natural soft oil painting realism circa1300 southern England, soft upper-left daylight, opaque flat muted grey-brown background, completed bust including shoulder silhouette and lower torso for exact prop. Headwear fully in frame with small margin, face occupies enough for 96px recognition, no modern haircut, no fantasy costume, no photoreal camera effects. If miniver present use softly mottled grey-white SQUIRREL fur, never black-spotted ermine. Do not repeat any face or default held book from style reference. ONE complete hand-painted natural realistic bust of I098, a ten-year-old boy, southern England around 1300, role: fisher child. Genuinely facing image LEFT in three-quarter view; paint this direction, never mirror. Permanent anatomical identity: low narrow child forehead; huge close-set blue eyes; short high-bridged nose with a broad round tip; broad thin lips and tiny raised right corner; very round cheekbones and short broad jaw; tiny flat ears. Build: full cheeks, substantial neck and broad fleshy shoulders, visibly heavier build; not caricature. Skin: pale fair with rosy freckles; never connect skin tone or body to class, morality or nationality. Hair: sandy blond; natural blunt medieval bob reaching below both ears, no cropped modern sides; no beard. Age: A real ten-year-old: smaller jaw and neck, round child cheeks and shorter shoulders; no adult beard or adult skull pasted onto child body. Expression: clearly legible gentle closed-mouth smile, lifted mouth corners and softened eyes, not a broad grin. Class must read from costume texture, cut, fur, headwear and posture even if the prop is hidden: coarse faded blue wool tunic with worn brown shoulder cape and small patched cuff, fisherman household clothing. Headwear: early 1300 simple wool hood with shoulder cape, no later turban chaperon; male natural bob ends below ears. Prop staging, exactly: a single large smooth grey beach pebble resting in the open LEFT palm at the low edge; not a coin. ABSOLUTELY NO BOOK, SCROLL, DOCUMENT OR PAPER. Do not add extra generic props. Preserve this same unique skull, nose, eyes, lips, ears and chin across ages; adult growth follows child landmarks. Whole completed person painted together, no assembled layers. Bust fills square with headwear fully inside frame and enough lower torso for the stated object, upper-left soft light, opaque flat muted grey-brown background. Painterly realism matching approved pilot, natural individualized face, not caricature, no modern haircuts or fantasy clothing.","65aa07f1375b281e691f7faaf48a5aa31d27a9d30746be640eea93cff2385543"
"I098","young","I098_young","portraits/I098_young.png","m","22","child","fisher_child","어부 집안 남아","smooth_pebble","other","heavy","left","sandy blond","pale fair with rosy freckles","low narrow child forehead; huge close-set blue eyes; short high-bridged nose with a broad round tip; broad thin lips and tiny raised right corner; very round cheekbones and short broad jaw; tiny flat ears","coarse faded blue wool tunic with worn brown shoulder cape and small patched cuff, fisherman household clothing","unmarried","sharp_suspicious","hood","provenance/raw/I098_young.png","c4d3ace50b3af8c0262903380011202e021a0e60e296d94feff46892bb83e97c","provenance/references/65aa07f1375b-I098_young-r1-ref0.png","Use case: identity-preserve. Input depicts this individual as a CHILD. Paint the SAME PERSON NOW AGE22, a fully GROWN ADULT twelve years later, not another child. Preserve recognizable unique nose/eyes/mouth/ear relationships and family landmarks while growing the skeletal proportions: much longer adult midface and jaw, mature broad adult shoulders and longer adult neck, smaller relative eye size, adult-sized cranium relative to body. Male: visible light natural stubble. Female: clear grown adult facial proportions. Keep specific prop, direction, outfit materials, skin tone, upper-left light and flat grey-brown background; follow stage headwear/expression below. One completed square painterly portrait, no panels, no text, no extra objects. ONE complete hand-painted natural realistic bust of I098, a 22-year-old man, southern England around 1300, role: fisher child. Genuinely facing image LEFT in three-quarter view; paint this direction, never mirror. Permanent anatomical identity: low narrow child forehead; huge close-set blue eyes; short high-bridged nose with a broad round tip; broad thin lips and tiny raised right corner; very round cheekbones and short broad jaw; tiny flat ears. Build: full cheeks, substantial neck and broad fleshy shoulders, visibly heavier build; not caricature. Skin: pale fair with rosy freckles; never connect skin tone or body to class, morality or nationality. Hair: sandy blond; natural blunt medieval bob reaching below both ears, no cropped modern sides; fine emerging natural beard shadow. Age: A genuinely grown young adult with adult jaw, longer neck and adult shoulders, youthful firm skin without deep age wrinkles. Expression: clearly legible focused questioning look, narrowed attentive eyes and slightly raised outer brow, firm mouth; sharp not villainous. Class must read from costume texture, cut, fur, headwear and posture even if the prop is hidden: coarse faded blue wool tunic with worn brown shoulder cape and small patched cuff, fisherman household clothing. Headwear: early 1300 simple wool hood with shoulder cape, no later turban chaperon; male natural bob ends below ears. Prop staging, exactly: a single large smooth grey beach pebble resting in the open LEFT palm at the low edge; not a coin. ABSOLUTELY NO BOOK, SCROLL, DOCUMENT OR PAPER. Do not add extra generic props. Preserve this same unique skull, nose, eyes, lips, ears and chin across ages; adult growth follows child landmarks. Whole completed person painted together, no assembled layers. Bust fills square with headwear fully inside frame and enough lower torso for the stated object, upper-left soft light, opaque flat muted grey-brown background. Painterly realism matching approved pilot, natural individualized face, not caricature, no modern haircuts or fantasy clothing.","adadd2433ceff3eac3a65bd6b39b219dccaa47a5d37fea3bbe9db6bac91e211e"
"I099","child","I099_child","portraits/I099_child.png","f","10","child","merchant_child","상인 집안 여아","none","none","average","left","black-brown","warm peach beige","very tall narrow child forehead; wide-set small deep-set hazel eyes; broad short triangular nose; full asymmetrical lips and long philtrum; narrow pointed chin with slight leftward angle; large folded ears","good muted plum fine wool dress with neat blue mantle and a narrow brown rabbit-fur neck edge, tidy prosperous merchant household dress","unmarried","neutral","loose_unmarried","provenance/raw/I099_child.png","9e1a617da3c86254929031ff990f4495027d9f860104002232da7cdd49f99422","provenance/references/5ab20f510948-style-1.jpg","Use case: historical-scene. Generate ONE fully painted square finished portrait, no grid, no text. Input reference is ONLY approved style and quality, NOT identity: paint a genuinely different individual as specified. Natural soft oil painting realism circa1300 southern England, soft upper-left daylight, opaque flat muted grey-brown background, completed bust including shoulder silhouette and lower torso for exact prop. Headwear fully in frame with small margin, face occupies enough for 96px recognition, no modern haircut, no fantasy costume, no photoreal camera effects. If miniver present use softly mottled grey-white SQUIRREL fur, never black-spotted ermine. Do not repeat any face or default held book from style reference. ONE complete hand-painted natural realistic bust of I099, a ten-year-old girl, southern England around 1300, role: merchant child. Genuinely facing image LEFT in three-quarter view; paint this direction, never mirror. Permanent anatomical identity: very tall narrow child forehead; wide-set small deep-set hazel eyes; broad short triangular nose; full asymmetrical lips and long philtrum; narrow pointed chin with slight leftward angle; large folded ears. Build: ordinary medium neck and shoulders, moderate cheek tissue. Skin: warm peach beige; never connect skin tone or body to class, morality or nationality. Hair: black-brown; natural female hair consistent with headwear. Age: A real ten-year-old: smaller jaw and neck, round child cheeks and shorter shoulders; no adult beard or adult skull pasted onto child body. Expression: quiet neutral relaxed mouth and naturally alert eyes. Class must read from costume texture, cut, fur, headwear and posture even if the prop is hidden: good muted plum fine wool dress with neat blue mantle and a narrow brown rabbit-fur neck edge, tidy prosperous merchant household dress. Headwear: uncovered naturally loose or simply braided female hair with unobtrusive woven tie, no white veil. Prop staging, exactly: no doll, book, scroll or handheld object; hands below crop. ABSOLUTELY NO BOOK, SCROLL, DOCUMENT OR PAPER. Do not add extra generic props. Preserve this same unique skull, nose, eyes, lips, ears and chin across ages; adult growth follows child landmarks. Whole completed person painted together, no assembled layers. Bust fills square with headwear fully inside frame and enough lower torso for the stated object, upper-left soft light, opaque flat muted grey-brown background. Painterly realism matching approved pilot, natural individualized face, not caricature, no modern haircuts or fantasy clothing.","3a67725f94c6fcea0ff6369c415fdf86b012b2c1f7ac0082f9e8f5ce987ee05e"
"I099","young","I099_young","portraits/I099_young.png","f","22","child","merchant_child","상인 집안 여아","none","none","average","left","black-brown","warm peach beige","very tall narrow child forehead; wide-set small deep-set hazel eyes; broad short triangular nose; full asymmetrical lips and long philtrum; narrow pointed chin with slight leftward angle; large folded ears","good muted plum fine wool dress with neat blue mantle and a narrow brown rabbit-fur neck edge, tidy prosperous merchant household dress","unmarried","tired_worried","loose_unmarried","provenance/raw/I099_young.png","7c354ddf1a4b1a32a4b768ea6441f842bd4d2aa6ec238dd42cf80ffcd43be6f8","provenance/references/3a67725f94c6-I099_young-r1-ref0.png","Use case: identity-preserve. Input depicts this individual as a CHILD. Paint the SAME PERSON NOW AGE22, a fully GROWN ADULT twelve years later, not another child. Preserve recognizable unique nose/eyes/mouth/ear relationships and family landmarks while growing the skeletal proportions: much longer adult midface and jaw, mature broad adult shoulders and longer adult neck, smaller relative eye size, adult-sized cranium relative to body. Male: visible light natural stubble. Female: clear grown adult facial proportions. Keep specific prop, direction, outfit materials, skin tone, upper-left light and flat grey-brown background; follow stage headwear/expression below. One completed square painterly portrait, no panels, no text, no extra objects. ONE complete hand-painted natural realistic bust of I099, a 22-year-old woman, southern England around 1300, role: merchant child. Genuinely facing image LEFT in three-quarter view; paint this direction, never mirror. Permanent anatomical identity: very tall narrow child forehead; wide-set small deep-set hazel eyes; broad short triangular nose; full asymmetrical lips and long philtrum; narrow pointed chin with slight leftward angle; large folded ears. Build: ordinary medium neck and shoulders, moderate cheek tissue. Skin: warm peach beige; never connect skin tone or body to class, morality or nationality. Hair: black-brown; natural female hair consistent with headwear. Age: A genuinely grown young adult with adult jaw, longer neck and adult shoulders, youthful firm skin without deep age wrinkles. Expression: clearly legible restrained concern or fatigue, knitted inner brows and weary softened mouth, no moral coding. Class must read from costume texture, cut, fur, headwear and posture even if the prop is hidden: good muted plum fine wool dress with neat blue mantle and a narrow brown rabbit-fur neck edge, tidy prosperous merchant household dress. Headwear: uncovered naturally loose or simply braided female hair with unobtrusive woven tie, no white veil. Prop staging, exactly: no doll, book, scroll or handheld object; hands below crop. ABSOLUTELY NO BOOK, SCROLL, DOCUMENT OR PAPER. Do not add extra generic props. Preserve this same unique skull, nose, eyes, lips, ears and chin across ages; adult growth follows child landmarks. Whole completed person painted together, no assembled layers. Bust fills square with headwear fully inside frame and enough lower torso for the stated object, upper-left soft light, opaque flat muted grey-brown background. Painterly realism matching approved pilot, natural individualized face, not caricature, no modern haircuts or fantasy clothing.","7c9bd47bdec528aba2c651183696d702a5f6c66ef314ff7817ffcca4be027b7a"
"I100","child","I100_child","portraits/I100_child.png","f","10","child","weaver_child","직조공 집안 여아","ribbon_spool","other","average","right","dark chestnut","light warm peach beige","wide low child forehead; close-set large dark eyes with sparse brows; very long thin concave nose for age; tiny bow-shaped mouth; broad square lower jaw and a round dimpled chin; small high pointed ears","practical good rust wool dress with neat dark green sleeveless overdress and plainly woven apron, comfortable artisan household clothing","unmarried","neutral","colored_headscarf","provenance/raw/I100_child.png","f33a2c7f03d0693fadd545133a2c5a6214f9e7b4d0670b01f3d2aa9fd0508521","provenance/references/6aafa25184f1-I100_child-before-r2.png","Precise edit: change ONLY this ten-year-old girl's skin to LIGHT WARM PEACH BEIGE, preserving natural painted shading, all face landmarks, child age, russet headscarf, ribbon spool, clothing, direction, background and composition. Same person unchanged identity. No other changes. ONE complete hand-painted natural realistic bust of I100, a ten-year-old girl, southern England around 1300, role: weaver child. Genuinely facing image RIGHT in three-quarter view; paint this direction, never mirror. Permanent anatomical identity: wide low child forehead; close-set large dark eyes with sparse brows; very long thin concave nose for age; tiny bow-shaped mouth; broad square lower jaw and a round dimpled chin; small high pointed ears. Build: ordinary medium neck and shoulders, moderate cheek tissue. Skin: light warm peach beige; never connect skin tone or body to class, morality or nationality. Hair: dark chestnut; natural female hair consistent with headwear. Age: A real ten-year-old: smaller jaw and neck, round child cheeks and shorter shoulders; no adult beard or adult skull pasted onto child body. Expression: quiet neutral relaxed mouth and naturally alert eyes. Class must read from costume texture, cut, fur, headwear and posture even if the prop is hidden: practical good rust wool dress with neat dark green sleeveless overdress and plainly woven apron, comfortable artisan household clothing. Headwear: muted ochre or russet cloth headscarf tied close around head, visibly colored not white. Prop staging, exactly: one small wooden spool wound with muted blue woven ribbon held in the RIGHT hand at lower left. ABSOLUTELY NO BOOK, SCROLL, DOCUMENT OR PAPER. Do not add extra generic props. Preserve this same unique skull, nose, eyes, lips, ears and chin across ages; adult growth follows child landmarks. Whole completed person painted together, no assembled layers. Bust fills square with headwear fully inside frame and enough lower torso for the stated object, upper-left soft light, opaque flat muted grey-brown background. Painterly realism matching approved pilot, natural individualized face, not caricature, no modern haircuts or fantasy clothing.","81867b60eb181eb148174cf40be1c756af3ac47847e0858c6b9aaf3d2838eff5"
"I100","young","I100_young","portraits/I100_young.png","f","22","child","weaver_child","직조공 집안 여아","ribbon_spool","other","average","right","dark chestnut","light warm peach beige","wide low child forehead; close-set large dark eyes with sparse brows; very long thin concave nose for age; tiny bow-shaped mouth; broad square lower jaw and a round dimpled chin; small high pointed ears","practical good rust wool dress with neat dark green sleeveless overdress and plainly woven apron, comfortable artisan household clothing","unmarried","slight_smile","straw_hat","provenance/raw/I100_young.png","8ebb8a6d717db8aa8fcae00ab52b3b7ba0bb2a4bac8e1cbf27175fdfe026b60d","provenance/references/81867b60eb18-I100_young-r1-ref0.png","Use case: identity-preserve. Input depicts this individual as a CHILD. Paint the SAME PERSON NOW AGE22, a fully GROWN ADULT twelve years later, not another child. Preserve recognizable unique nose/eyes/mouth/ear relationships and family landmarks while growing the skeletal proportions: much longer adult midface and jaw, mature broad adult shoulders and longer adult neck, smaller relative eye size, adult-sized cranium relative to body. Male: visible light natural stubble. Female: clear grown adult facial proportions. Keep specific prop, direction, outfit materials, skin tone, upper-left light and flat grey-brown background; follow stage headwear/expression below. One completed square painterly portrait, no panels, no text, no extra objects. ONE complete hand-painted natural realistic bust of I100, a 22-year-old woman, southern England around 1300, role: weaver child. Genuinely facing image RIGHT in three-quarter view; paint this direction, never mirror. Permanent anatomical identity: wide low child forehead; close-set large dark eyes with sparse brows; very long thin concave nose for age; tiny bow-shaped mouth; broad square lower jaw and a round dimpled chin; small high pointed ears. Build: ordinary medium neck and shoulders, moderate cheek tissue. Skin: light warm peach beige; never connect skin tone or body to class, morality or nationality. Hair: dark chestnut; natural female hair consistent with headwear. Age: A genuinely grown young adult with adult jaw, longer neck and adult shoulders, youthful firm skin without deep age wrinkles. Expression: clearly legible gentle closed-mouth smile, lifted mouth corners and softened eyes, not a broad grin. Class must read from costume texture, cut, fur, headwear and posture even if the prop is hidden: practical good rust wool dress with neat dark green sleeveless overdress and plainly woven apron, comfortable artisan household clothing. Headwear: plain broad low woven straw hat over a discreet linen band, visibly straw rather than cloth veil. Prop staging, exactly: one small wooden spool wound with muted blue woven ribbon held in the RIGHT hand at lower left. ABSOLUTELY NO BOOK, SCROLL, DOCUMENT OR PAPER. Do not add extra generic props. Preserve this same unique skull, nose, eyes, lips, ears and chin across ages; adult growth follows child landmarks. Whole completed person painted together, no assembled layers. Bust fills square with headwear fully inside frame and enough lower torso for the stated object, upper-left soft light, opaque flat muted grey-brown background. Painterly realism matching approved pilot, natural individualized face, not caricature, no modern haircuts or fantasy clothing.","e349b12e52a279effd1cfc112634e50e82edd5939c86085d0c177084928472be"
