file,group,classification,target_path,render_task,spec,selection,pivot,width,height,season,installed_by_proposed,action,metadata_source,sha256
walker-pilot2/candidates-v1/assets/props/held_basket_NE-v1.png,walker-pilot2-final,B,public/assets/walker-pilot2/props/held_basket_NE-v1.png,기존 V2 walker,SPECS/walker-pilot2-final.md,"최종 4 sheets만 296×148, cell74×74, NE/SE/SW/NW×2. 기존 template hand/foot 좌표를 참조하되 README의 손 재묘사 미확정 사항을 셀마다 확인하여 frame metadata 작성. prop-anchors.json의 16 grips을 direction별 연결한다. 기존 prop 키와 중복인 basket/purse/sack/staff는 variant registry와 안정적인 선택 규칙 추가 필요. template/master68장은 제품 아님.","[16.27, 6.9] native px hand-grip",32,32,all,INSTALL-WALKER-PILOT2-20261003,install,assets-inbox/walker-pilot2/candidates-v1/records/prop-anchors.json,5caa0f122a6340d5aab85c1373e0c806210c1e478eff90b2265c59bd2268f1c9
walker-pilot2/candidates-v1/assets/props/held_basket_NW-v1.png,walker-pilot2-final,B,public/assets/walker-pilot2/props/held_basket_NW-v1.png,기존 V2 walker,SPECS/walker-pilot2-final.md,"최종 4 sheets만 296×148, cell74×74, NE/SE/SW/NW×2. 기존 template hand/foot 좌표를 참조하되 README의 손 재묘사 미확정 사항을 셀마다 확인하여 frame metadata 작성. prop-anchors.json의 16 grips을 direction별 연결한다. 기존 prop 키와 중복인 basket/purse/sack/staff는 variant registry와 안정적인 선택 규칙 추가 필요. template/master68장은 제품 아님.","[15.5, 6.9] native px hand-grip",32,32,all,INSTALL-WALKER-PILOT2-20261003,install,assets-inbox/walker-pilot2/candidates-v1/records/prop-anchors.json,61ba99dc4f0125da2f98eba493505321e9106e411a305d0509164b30585615b1
walker-pilot2/candidates-v1/assets/props/held_basket_SE-v1.png,walker-pilot2-final,B,public/assets/walker-pilot2/props/held_basket_SE-v1.png,기존 V2 walker,SPECS/walker-pilot2-final.md,"최종 4 sheets만 296×148, cell74×74, NE/SE/SW/NW×2. 기존 template hand/foot 좌표를 참조하되 README의 손 재묘사 미확정 사항을 셀마다 확인하여 frame metadata 작성. prop-anchors.json의 16 grips을 direction별 연결한다. 기존 prop 키와 중복인 basket/purse/sack/staff는 variant registry와 안정적인 선택 규칙 추가 필요. template/master68장은 제품 아님.","[15.59, 6.9] native px hand-grip",32,32,all,INSTALL-WALKER-PILOT2-20261003,install,assets-inbox/walker-pilot2/candidates-v1/records/prop-anchors.json,3b3a73ae6d6c35dac5906a5c1636c89ec8de13cbc311516d9f62c4005a6c8e00
walker-pilot2/candidates-v1/assets/props/held_basket_SW-v1.png,walker-pilot2-final,B,public/assets/walker-pilot2/props/held_basket_SW-v1.png,기존 V2 walker,SPECS/walker-pilot2-final.md,"최종 4 sheets만 296×148, cell74×74, NE/SE/SW/NW×2. 기존 template hand/foot 좌표를 참조하되 README의 손 재묘사 미확정 사항을 셀마다 확인하여 frame metadata 작성. prop-anchors.json의 16 grips을 direction별 연결한다. 기존 prop 키와 중복인 basket/purse/sack/staff는 variant registry와 안정적인 선택 규칙 추가 필요. template/master68장은 제품 아님.","[16.06, 6.9] native px hand-grip",32,32,all,INSTALL-WALKER-PILOT2-20261003,install,assets-inbox/walker-pilot2/candidates-v1/records/prop-anchors.json,f4c603e6147214b3d18bc9066d1e7b74d2fef4b71c860ccfa0837b352385a1c5
walker-pilot2/candidates-v1/assets/props/held_purse_NE-v1.png,walker-pilot2-final,B,public/assets/walker-pilot2/props/held_purse_NE-v1.png,기존 V2 walker,SPECS/walker-pilot2-final.md,"최종 4 sheets만 296×148, cell74×74, NE/SE/SW/NW×2. 기존 template hand/foot 좌표를 참조하되 README의 손 재묘사 미확정 사항을 셀마다 확인하여 frame metadata 작성. prop-anchors.json의 16 grips을 direction별 연결한다. 기존 prop 키와 중복인 basket/purse/sack/staff는 variant registry와 안정적인 선택 규칙 추가 필요. template/master68장은 제품 아님.","[14.57, 10.12] native px hand-grip",32,32,all,INSTALL-WALKER-PILOT2-20261003,install,assets-inbox/walker-pilot2/candidates-v1/records/prop-anchors.json,44ad2ec1bc716e5e10966ad1f86d3100bc269d495d7e3e5ec6ce0717faf67d4e
walker-pilot2/candidates-v1/assets/props/held_purse_NW-v1.png,walker-pilot2-final,B,public/assets/walker-pilot2/props/held_purse_NW-v1.png,기존 V2 walker,SPECS/walker-pilot2-final.md,"최종 4 sheets만 296×148, cell74×74, NE/SE/SW/NW×2. 기존 template hand/foot 좌표를 참조하되 README의 손 재묘사 미확정 사항을 셀마다 확인하여 frame metadata 작성. prop-anchors.json의 16 grips을 direction별 연결한다. 기존 prop 키와 중복인 basket/purse/sack/staff는 variant registry와 안정적인 선택 규칙 추가 필요. template/master68장은 제품 아님.","[16.6, 10.12] native px hand-grip",32,32,all,INSTALL-WALKER-PILOT2-20261003,install,assets-inbox/walker-pilot2/candidates-v1/records/prop-anchors.json,f5cdd925dc94aac357425aa1d11d2c8d730137dbf77ade8a8d199860077f81a4
walker-pilot2/candidates-v1/assets/props/held_purse_SE-v1.png,walker-pilot2-final,B,public/assets/walker-pilot2/props/held_purse_SE-v1.png,기존 V2 walker,SPECS/walker-pilot2-final.md,"최종 4 sheets만 296×148, cell74×74, NE/SE/SW/NW×2. 기존 template hand/foot 좌표를 참조하되 README의 손 재묘사 미확정 사항을 셀마다 확인하여 frame metadata 작성. prop-anchors.json의 16 grips을 direction별 연결한다. 기존 prop 키와 중복인 basket/purse/sack/staff는 variant registry와 안정적인 선택 규칙 추가 필요. template/master68장은 제품 아님.","[16.77, 10.12] native px hand-grip",32,32,all,INSTALL-WALKER-PILOT2-20261003,install,assets-inbox/walker-pilot2/candidates-v1/records/prop-anchors.json,ece6789eeca0bb90f9c894404f0340df5d9eab9b1d9e869d2e4daac6a0997920
walker-pilot2/candidates-v1/assets/props/held_purse_SW-v1.png,walker-pilot2-final,B,public/assets/walker-pilot2/props/held_purse_SW-v1.png,기존 V2 walker,SPECS/walker-pilot2-final.md,"최종 4 sheets만 296×148, cell74×74, NE/SE/SW/NW×2. 기존 template hand/foot 좌표를 참조하되 README의 손 재묘사 미확정 사항을 셀마다 확인하여 frame metadata 작성. prop-anchors.json의 16 grips을 direction별 연결한다. 기존 prop 키와 중복인 basket/purse/sack/staff는 variant registry와 안정적인 선택 규칙 추가 필요. template/master68장은 제품 아님.","[14.64, 10.12] native px hand-grip",32,32,all,INSTALL-WALKER-PILOT2-20261003,install,assets-inbox/walker-pilot2/candidates-v1/records/prop-anchors.json,0b1c7502e90cd8f3759b73e5a14532f9e4edade1c98a7d2b090896bec8b2202f
walker-pilot2/candidates-v1/assets/props/held_sack_NE-v1.png,walker-pilot2-final,B,public/assets/walker-pilot2/props/held_sack_NE-v1.png,기존 V2 walker,SPECS/walker-pilot2-final.md,"최종 4 sheets만 296×148, cell74×74, NE/SE/SW/NW×2. 기존 template hand/foot 좌표를 참조하되 README의 손 재묘사 미확정 사항을 셀마다 확인하여 frame metadata 작성. prop-anchors.json의 16 grips을 direction별 연결한다. 기존 prop 키와 중복인 basket/purse/sack/staff는 variant registry와 안정적인 선택 규칙 추가 필요. template/master68장은 제품 아님.","[15.79, 12.4] native px hand-grip",32,32,all,INSTALL-WALKER-PILOT2-20261003,install,assets-inbox/walker-pilot2/candidates-v1/records/prop-anchors.json,7a143bb6934f6f3c482fa11466183d1073618a3d5ec40d4fd663c6a09e7f4522
walker-pilot2/candidates-v1/assets/props/held_sack_NW-v1.png,walker-pilot2-final,B,public/assets/walker-pilot2/props/held_sack_NW-v1.png,기존 V2 walker,SPECS/walker-pilot2-final.md,"최종 4 sheets만 296×148, cell74×74, NE/SE/SW/NW×2. 기존 template hand/foot 좌표를 참조하되 README의 손 재묘사 미확정 사항을 셀마다 확인하여 frame metadata 작성. prop-anchors.json의 16 grips을 direction별 연결한다. 기존 prop 키와 중복인 basket/purse/sack/staff는 variant registry와 안정적인 선택 규칙 추가 필요. template/master68장은 제품 아님.","[14.65, 12.4] native px hand-grip",32,32,all,INSTALL-WALKER-PILOT2-20261003,install,assets-inbox/walker-pilot2/candidates-v1/records/prop-anchors.json,1bb088bc33e89892fd97ab8c62831ab14eb1ce79e996c981acdd8785b12637d8
walker-pilot2/candidates-v1/assets/props/held_sack_SE-v1.png,walker-pilot2-final,B,public/assets/walker-pilot2/props/held_sack_SE-v1.png,기존 V2 walker,SPECS/walker-pilot2-final.md,"최종 4 sheets만 296×148, cell74×74, NE/SE/SW/NW×2. 기존 template hand/foot 좌표를 참조하되 README의 손 재묘사 미확정 사항을 셀마다 확인하여 frame metadata 작성. prop-anchors.json의 16 grips을 direction별 연결한다. 기존 prop 키와 중복인 basket/purse/sack/staff는 variant registry와 안정적인 선택 규칙 추가 필요. template/master68장은 제품 아님.","[16.26, 12.4] native px hand-grip",32,32,all,INSTALL-WALKER-PILOT2-20261003,install,assets-inbox/walker-pilot2/candidates-v1/records/prop-anchors.json,332fff589a8f3cc555263279698d8aa5c3b8ddeddc99a322be4609e1d2a8e37b
walker-pilot2/candidates-v1/assets/props/held_sack_SW-v1.png,walker-pilot2-final,B,public/assets/walker-pilot2/props/held_sack_SW-v1.png,기존 V2 walker,SPECS/walker-pilot2-final.md,"최종 4 sheets만 296×148, cell74×74, NE/SE/SW/NW×2. 기존 template hand/foot 좌표를 참조하되 README의 손 재묘사 미확정 사항을 셀마다 확인하여 frame metadata 작성. prop-anchors.json의 16 grips을 direction별 연결한다. 기존 prop 키와 중복인 basket/purse/sack/staff는 variant registry와 안정적인 선택 규칙 추가 필요. template/master68장은 제품 아님.","[14.59, 12.4] native px hand-grip",32,32,all,INSTALL-WALKER-PILOT2-20261003,install,assets-inbox/walker-pilot2/candidates-v1/records/prop-anchors.json,ada51d56cde38426b30c49850b818b2f66201ad897db2102d36f4212b964aeb0
walker-pilot2/candidates-v1/assets/props/held_staff_NE-v1.png,walker-pilot2-final,B,public/assets/walker-pilot2/props/held_staff_NE-v1.png,기존 V2 walker,SPECS/walker-pilot2-final.md,"최종 4 sheets만 296×148, cell74×74, NE/SE/SW/NW×2. 기존 template hand/foot 좌표를 참조하되 README의 손 재묘사 미확정 사항을 셀마다 확인하여 frame metadata 작성. prop-anchors.json의 16 grips을 direction별 연결한다. 기존 prop 키와 중복인 basket/purse/sack/staff는 variant registry와 안정적인 선택 규칙 추가 필요. template/master68장은 제품 아님.","[15.4, 16] native px hand-grip",32,32,all,INSTALL-WALKER-PILOT2-20261003,install,assets-inbox/walker-pilot2/candidates-v1/records/prop-anchors.json,e654121218d3390e8b09ac28b30360320bb4bd93bf1c1c7659a0e9fff0ec57f6
walker-pilot2/candidates-v1/assets/props/held_staff_NW-v1.png,walker-pilot2-final,B,public/assets/walker-pilot2/props/held_staff_NW-v1.png,기존 V2 walker,SPECS/walker-pilot2-final.md,"최종 4 sheets만 296×148, cell74×74, NE/SE/SW/NW×2. 기존 template hand/foot 좌표를 참조하되 README의 손 재묘사 미확정 사항을 셀마다 확인하여 frame metadata 작성. prop-anchors.json의 16 grips을 direction별 연결한다. 기존 prop 키와 중복인 basket/purse/sack/staff는 variant registry와 안정적인 선택 규칙 추가 필요. template/master68장은 제품 아님.","[15.5, 16] native px hand-grip",32,32,all,INSTALL-WALKER-PILOT2-20261003,install,assets-inbox/walker-pilot2/candidates-v1/records/prop-anchors.json,5411c7d3489b8897065607b2a76048804fcce36dbde0c19da202677e5a5b97b7
walker-pilot2/candidates-v1/assets/props/held_staff_SE-v1.png,walker-pilot2-final,B,public/assets/walker-pilot2/props/held_staff_SE-v1.png,기존 V2 walker,SPECS/walker-pilot2-final.md,"최종 4 sheets만 296×148, cell74×74, NE/SE/SW/NW×2. 기존 template hand/foot 좌표를 참조하되 README의 손 재묘사 미확정 사항을 셀마다 확인하여 frame metadata 작성. prop-anchors.json의 16 grips을 direction별 연결한다. 기존 prop 키와 중복인 basket/purse/sack/staff는 variant registry와 안정적인 선택 규칙 추가 필요. template/master68장은 제품 아님.","[15.4, 16] native px hand-grip",32,32,all,INSTALL-WALKER-PILOT2-20261003,install,assets-inbox/walker-pilot2/candidates-v1/records/prop-anchors.json,c55421365b9e9c3748c374a9ee97acbf828d589a6d9b93196860ec6e30f123d6
walker-pilot2/candidates-v1/assets/props/held_staff_SW-v1.png,walker-pilot2-final,B,public/assets/walker-pilot2/props/held_staff_SW-v1.png,기존 V2 walker,SPECS/walker-pilot2-final.md,"최종 4 sheets만 296×148, cell74×74, NE/SE/SW/NW×2. 기존 template hand/foot 좌표를 참조하되 README의 손 재묘사 미확정 사항을 셀마다 확인하여 frame metadata 작성. prop-anchors.json의 16 grips을 direction별 연결한다. 기존 prop 키와 중복인 basket/purse/sack/staff는 variant registry와 안정적인 선택 규칙 추가 필요. template/master68장은 제품 아님.","[15.4, 16] native px hand-grip",32,32,all,INSTALL-WALKER-PILOT2-20261003,install,assets-inbox/walker-pilot2/candidates-v1/records/prop-anchors.json,fc49cf1abb510a737750b7b13e4e1b26d547e897772bb03e5babe3b27b0d40fc
walker-pilot2/candidates-v1/assets/workers/wk_reskin_P1_merchant_m-v1.png,walker-pilot2-final,B,public/assets/walker-pilot2/workers/wk_reskin_P1_merchant_m-v1.png,기존 V2 walker,SPECS/walker-pilot2-final.md,"최종 4 sheets만 296×148, cell74×74, NE/SE/SW/NW×2. 기존 template hand/foot 좌표를 참조하되 README의 손 재묘사 미확정 사항을 셀마다 확인하여 frame metadata 작성. prop-anchors.json의 16 grips을 direction별 연결한다. 기존 prop 키와 중복인 basket/purse/sack/staff는 variant registry와 안정적인 선택 규칙 추가 필요. template/master68장은 제품 아님.","[{""direction"":""NE"",""gaitFrame"":0,""foot"":[32.3182,66.0198]},{""direction"":""SE"",""gaitFrame"":0,""foot"":[44.239,66.6287]},{""direction"":""SW"",""gaitFrame"":0,""foot"":[28.2652,66.69]},{""direction"":""NW"",""gaitFrame"":0,""foot"":[40.4467,66.0146]},{""direction"":""NE"",""gaitFrame"":1,""foot"":[31.1136,65.7819]},{""direction"":""SE"",""gaitFrame"":1,""foot"":[45.5944,66.0041]},{""direction"":""SW"",""gaitFrame"":1,""foot"":[27.908,66.0401]},{""direction"":""NW"",""gaitFrame"":1,""foot"":[43.8282,65.5995]}]",296,148,all,INSTALL-WALKER-PILOT2-20261003,install,assets-inbox/walker-pilot2/candidates-v1/records/position-measurements.json (master÷2),a2da7289cd03557a573f65c713405ab14eef5ccee86ffa0d874c6e3827449378
walker-pilot2/candidates-v1/assets/workers/wk_reskin_P4_labour_m-v1.png,walker-pilot2-final,B,public/assets/walker-pilot2/workers/wk_reskin_P4_labour_m-v1.png,기존 V2 walker,SPECS/walker-pilot2-final.md,"최종 4 sheets만 296×148, cell74×74, NE/SE/SW/NW×2. 기존 template hand/foot 좌표를 참조하되 README의 손 재묘사 미확정 사항을 셀마다 확인하여 frame metadata 작성. prop-anchors.json의 16 grips을 direction별 연결한다. 기존 prop 키와 중복인 basket/purse/sack/staff는 variant registry와 안정적인 선택 규칙 추가 필요. template/master68장은 제품 아님.","[{""direction"":""NE"",""gaitFrame"":0,""foot"":[40.3321,64.9851]},{""direction"":""SE"",""gaitFrame"":0,""foot"":[44.8825,65.4937]},{""direction"":""SW"",""gaitFrame"":0,""foot"":[29.1586,65.2502]},{""direction"":""NW"",""gaitFrame"":0,""foot"":[33.3445,65.3259]},{""direction"":""NE"",""gaitFrame"":1,""foot"":[39.9818,65.0975]},{""direction"":""SE"",""gaitFrame"":1,""foot"":[45.6813,65.2225]},{""direction"":""SW"",""gaitFrame"":1,""foot"":[29.1582,65.0667]},{""direction"":""NW"",""gaitFrame"":1,""foot"":[33.7068,64.9416]}]",296,148,all,INSTALL-WALKER-PILOT2-20261003,install,assets-inbox/walker-pilot2/candidates-v1/records/position-measurements.json (master÷2),ab0ddd1a4702bc58d6aeb075f29ca61640d3fb90ace5c38f24c7197481e760cb
walker-pilot2/candidates-v1/assets/workers/wk_reskin_P5_labour_f-v1.png,walker-pilot2-final,B,public/assets/walker-pilot2/workers/wk_reskin_P5_labour_f-v1.png,기존 V2 walker,SPECS/walker-pilot2-final.md,"최종 4 sheets만 296×148, cell74×74, NE/SE/SW/NW×2. 기존 template hand/foot 좌표를 참조하되 README의 손 재묘사 미확정 사항을 셀마다 확인하여 frame metadata 작성. prop-anchors.json의 16 grips을 direction별 연결한다. 기존 prop 키와 중복인 basket/purse/sack/staff는 variant registry와 안정적인 선택 규칙 추가 필요. template/master68장은 제품 아님.","[{""direction"":""NE"",""gaitFrame"":0,""foot"":[34.0681,64.8588]},{""direction"":""SE"",""gaitFrame"":0,""foot"":[43.2763,65.1904]},{""direction"":""SW"",""gaitFrame"":0,""foot"":[31.5944,65.1992]},{""direction"":""NW"",""gaitFrame"":0,""foot"":[38.7156,64.8427]},{""direction"":""NE"",""gaitFrame"":1,""foot"":[33.9349,64.3659]},{""direction"":""SE"",""gaitFrame"":1,""foot"":[45.3701,64.0532]},{""direction"":""SW"",""gaitFrame"":1,""foot"":[27.7734,64.0]},{""direction"":""NW"",""gaitFrame"":1,""foot"":[40.1556,64.3577]}]",296,148,all,INSTALL-WALKER-PILOT2-20261003,install,assets-inbox/walker-pilot2/candidates-v1/records/position-measurements.json (master÷2),13d1db89dcedcdda9265e1c262de214f9adaf2cd85754e86af39dd9eca4a7da8
walker-pilot2/candidates-v1/assets/workers/wk_reskin_P6_widow_f-v1.png,walker-pilot2-final,B,public/assets/walker-pilot2/workers/wk_reskin_P6_widow_f-v1.png,기존 V2 walker,SPECS/walker-pilot2-final.md,"최종 4 sheets만 296×148, cell74×74, NE/SE/SW/NW×2. 기존 template hand/foot 좌표를 참조하되 README의 손 재묘사 미확정 사항을 셀마다 확인하여 frame metadata 작성. prop-anchors.json의 16 grips을 direction별 연결한다. 기존 prop 키와 중복인 basket/purse/sack/staff는 variant registry와 안정적인 선택 규칙 추가 필요. template/master68장은 제품 아님.","[{""direction"":""NE"",""gaitFrame"":0,""foot"":[34.0681,64.8588]},{""direction"":""SE"",""gaitFrame"":0,""foot"":[43.2763,65.1904]},{""direction"":""SW"",""gaitFrame"":0,""foot"":[31.5944,65.1992]},{""direction"":""NW"",""gaitFrame"":0,""foot"":[38.7156,64.8427]},{""direction"":""NE"",""gaitFrame"":1,""foot"":[33.9349,64.3659]},{""direction"":""SE"",""gaitFrame"":1,""foot"":[45.3701,64.0532]},{""direction"":""SW"",""gaitFrame"":1,""foot"":[27.7734,64.0]},{""direction"":""NW"",""gaitFrame"":1,""foot"":[40.1556,64.3577]}]",296,148,all,INSTALL-WALKER-PILOT2-20261003,install,assets-inbox/walker-pilot2/candidates-v1/records/position-measurements.json (master÷2),ea509af5d0c082fd7e255ccfb6bce823c34cb5f632d45b3a7f9822aa15c87a79
wave12/candidates-20260926/assets/active/charcoal_clamp-active-v1.png,wave12-facilities,C,public/assets/wave12/active/charcoal_clamp-active-v1.png,향후 시설 확장,SPECS/wave12-facilities.md,"inn·smithy·tannery·butcher·병원·수도시설 등의 독립 building kind가 없다. 직업 이름과 건물 kind를 동일시하지 않는다. 기관/생산/접근성/비용/위험의 엔진 계약 후 설치한다. records/buildings.csv의 footprint와 비대칭 pivot 그대로 사용; active는 별도의 투명 overlay이고 본체 대체 PNG가 아니다. 모든 overlay는 본체 rect 그대로, 전면 마당이 다른 필지를 침범하지 않게 한다.","(74,151) native px; footprint 1x1",144,160,all,INSTALL-WAVE12-20261003,install,wave12/candidates-20260926/records/,013db6798c3b4a4710399056f4ff5d540238f0bd2245c1b69959b445523c60c4
wave12/candidates-20260926/assets/active/communal_oven-active-v1.png,wave12-facilities,C,public/assets/wave12/active/communal_oven-active-v1.png,향후 시설 확장,SPECS/wave12-facilities.md,"inn·smithy·tannery·butcher·병원·수도시설 등의 독립 building kind가 없다. 직업 이름과 건물 kind를 동일시하지 않는다. 기관/생산/접근성/비용/위험의 엔진 계약 후 설치한다. records/buildings.csv의 footprint와 비대칭 pivot 그대로 사용; active는 별도의 투명 overlay이고 본체 대체 PNG가 아니다. 모든 overlay는 본체 rect 그대로, 전면 마당이 다른 필지를 침범하지 않게 한다.","(91,151) native px; footprint 1x1",144,160,all,INSTALL-WAVE12-20261003,install,wave12/candidates-20260926/records/,ab8c32bac0c297e70d1549b54005fb4a238bc3c17f669048c21ea657fb1a4e9f
wave12/candidates-20260926/assets/active/lime_kiln-active-v1.png,wave12-facilities,C,public/assets/wave12/active/lime_kiln-active-v1.png,향후 시설 확장,SPECS/wave12-facilities.md,"inn·smithy·tannery·butcher·병원·수도시설 등의 독립 building kind가 없다. 직업 이름과 건물 kind를 동일시하지 않는다. 기관/생산/접근성/비용/위험의 엔진 계약 후 설치한다. records/buildings.csv의 footprint와 비대칭 pivot 그대로 사용; active는 별도의 투명 overlay이고 본체 대체 PNG가 아니다. 모든 overlay는 본체 rect 그대로, 전면 마당이 다른 필지를 침범하지 않게 한다.","(133,255) native px; footprint 2x2",288,264,all,INSTALL-WAVE12-20261003,install,wave12/candidates-20260926/records/,3edba3473dc0f33debbaaa79a4d940f3f7580ec3a88749c97050b2b6c340599b
wave12/candidates-20260926/assets/active/pottery_kiln-active-v1.png,wave12-facilities,C,public/assets/wave12/active/pottery_kiln-active-v1.png,향후 시설 확장,SPECS/wave12-facilities.md,"inn·smithy·tannery·butcher·병원·수도시설 등의 독립 building kind가 없다. 직업 이름과 건물 kind를 동일시하지 않는다. 기관/생산/접근성/비용/위험의 엔진 계약 후 설치한다. records/buildings.csv의 footprint와 비대칭 pivot 그대로 사용; active는 별도의 투명 overlay이고 본체 대체 PNG가 아니다. 모든 overlay는 본체 rect 그대로, 전면 마당이 다른 필지를 침범하지 않게 한다.","(201,243) native px; footprint 2x2",288,252,all,INSTALL-WAVE12-20261003,install,wave12/candidates-20260926/records/,5acdfdd6c899e6587de8a49152139e28f27bd9132ff8d0ee831ba09231925101
wave12/candidates-20260926/assets/bld/almshouse-v1.png,wave12-facilities,C,public/assets/wave12/bld/almshouse-v1.png,향후 시설 확장,SPECS/wave12-facilities.md,"inn·smithy·tannery·butcher·병원·수도시설 등의 독립 building kind가 없다. 직업 이름과 건물 kind를 동일시하지 않는다. 기관/생산/접근성/비용/위험의 엔진 계약 후 설치한다. records/buildings.csv의 footprint와 비대칭 pivot 그대로 사용; active는 별도의 투명 overlay이고 본체 대체 PNG가 아니다. 모든 overlay는 본체 rect 그대로, 전면 마당이 다른 필지를 침범하지 않게 한다.","(76,191) native px; footprint 3x1",288,200,all,INSTALL-WAVE12-20261003,install,wave12/candidates-20260926/records/,9f756b1011dba1d33dca6b87f55079bc8a8ca491edad479d69b39fa4aa5e4a33
wave12/candidates-20260926/assets/bld/bridge_chapel-v1.png,wave12-facilities,C,public/assets/wave12/bld/bridge_chapel-v1.png,향후 시설 확장,SPECS/wave12-facilities.md,"inn·smithy·tannery·butcher·병원·수도시설 등의 독립 building kind가 없다. 직업 이름과 건물 kind를 동일시하지 않는다. 기관/생산/접근성/비용/위험의 엔진 계약 후 설치한다. records/buildings.csv의 footprint와 비대칭 pivot 그대로 사용; active는 별도의 투명 overlay이고 본체 대체 PNG가 아니다. 모든 overlay는 본체 rect 그대로, 전면 마당이 다른 필지를 침범하지 않게 한다.","(59,183) native px; footprint module",160,192,all,INSTALL-WAVE12-20261003,install,wave12/candidates-20260926/records/,aac61294b358f64235c0aff7b75a52a8f500add8bc3155dce91b732580468f2e
wave12/candidates-20260926/assets/bld/butcher_shambles-v1.png,wave12-facilities,C,public/assets/wave12/bld/butcher_shambles-v1.png,향후 시설 확장,SPECS/wave12-facilities.md,"inn·smithy·tannery·butcher·병원·수도시설 등의 독립 building kind가 없다. 직업 이름과 건물 kind를 동일시하지 않는다. 기관/생산/접근성/비용/위험의 엔진 계약 후 설치한다. records/buildings.csv의 footprint와 비대칭 pivot 그대로 사용; active는 별도의 투명 overlay이고 본체 대체 PNG가 아니다. 모든 overlay는 본체 rect 그대로, 전면 마당이 다른 필지를 침범하지 않게 한다.","(67,167) native px; footprint 2x1",224,176,all,INSTALL-WAVE12-20261003,install,wave12/candidates-20260926/records/,4c6e2cdc1b1bb0939cf45a4270fa5b4b34ff3ff55b63e4fffa763d3e0d16c281
wave12/candidates-20260926/assets/bld/chantry_chapel-v1.png,wave12-facilities,C,public/assets/wave12/bld/chantry_chapel-v1.png,향후 시설 확장,SPECS/wave12-facilities.md,"inn·smithy·tannery·butcher·병원·수도시설 등의 독립 building kind가 없다. 직업 이름과 건물 kind를 동일시하지 않는다. 기관/생산/접근성/비용/위험의 엔진 계약 후 설치한다. records/buildings.csv의 footprint와 비대칭 pivot 그대로 사용; active는 별도의 투명 overlay이고 본체 대체 PNG가 아니다. 모든 overlay는 본체 rect 그대로, 전면 마당이 다른 필지를 침범하지 않게 한다.","(64,167) native px; footprint 1x1",160,176,all,INSTALL-WAVE12-20261003,install,wave12/candidates-20260926/records/,080b53329b83c2d15b6493208379072481adba7abcdf93175ec2aefc7d41be47
wave12/candidates-20260926/assets/bld/charcoal_clamp-v1.png,wave12-facilities,C,public/assets/wave12/bld/charcoal_clamp-v1.png,향후 시설 확장,SPECS/wave12-facilities.md,"inn·smithy·tannery·butcher·병원·수도시설 등의 독립 building kind가 없다. 직업 이름과 건물 kind를 동일시하지 않는다. 기관/생산/접근성/비용/위험의 엔진 계약 후 설치한다. records/buildings.csv의 footprint와 비대칭 pivot 그대로 사용; active는 별도의 투명 overlay이고 본체 대체 PNG가 아니다. 모든 overlay는 본체 rect 그대로, 전면 마당이 다른 필지를 침범하지 않게 한다.","(74,151) native px; footprint 1x1",144,160,all,INSTALL-WAVE12-20261003,install,wave12/candidates-20260926/records/,97aedc00809bdf89ad68f8e3faa2cbf4ef94cd5a4d7e41e7a59408967cdfd35e
wave12/candidates-20260926/assets/bld/communal_oven-v1.png,wave12-facilities,C,public/assets/wave12/bld/communal_oven-v1.png,향후 시설 확장,SPECS/wave12-facilities.md,"inn·smithy·tannery·butcher·병원·수도시설 등의 독립 building kind가 없다. 직업 이름과 건물 kind를 동일시하지 않는다. 기관/생산/접근성/비용/위험의 엔진 계약 후 설치한다. records/buildings.csv의 footprint와 비대칭 pivot 그대로 사용; active는 별도의 투명 overlay이고 본체 대체 PNG가 아니다. 모든 overlay는 본체 rect 그대로, 전면 마당이 다른 필지를 침범하지 않게 한다.","(91,151) native px; footprint 1x1",144,160,all,INSTALL-WAVE12-20261003,install,wave12/candidates-20260926/records/,4b1b0960e9654539b4ecb3f3bc4358ab993742b3ad10b408571ca448d30dd43b
wave12/candidates-20260926/assets/bld/conduit_house-v1.png,wave12-facilities,C,public/assets/wave12/bld/conduit_house-v1.png,향후 시설 확장,SPECS/wave12-facilities.md,"inn·smithy·tannery·butcher·병원·수도시설 등의 독립 building kind가 없다. 직업 이름과 건물 kind를 동일시하지 않는다. 기관/생산/접근성/비용/위험의 엔진 계약 후 설치한다. records/buildings.csv의 footprint와 비대칭 pivot 그대로 사용; active는 별도의 투명 overlay이고 본체 대체 PNG가 아니다. 모든 overlay는 본체 rect 그대로, 전면 마당이 다른 필지를 침범하지 않게 한다.","(69,167) native px; footprint 1x1",160,176,all,INSTALL-WAVE12-20261003,install,wave12/candidates-20260926/records/,42811aca431c3be1bc0daf9c28f8b7fea6626c5e6e6f2c24158a4b073d356d31
wave12/candidates-20260926/assets/bld/cordwainer-v1.png,wave12-facilities,C,public/assets/wave12/bld/cordwainer-v1.png,향후 시설 확장,SPECS/wave12-facilities.md,"inn·smithy·tannery·butcher·병원·수도시설 등의 독립 building kind가 없다. 직업 이름과 건물 kind를 동일시하지 않는다. 기관/생산/접근성/비용/위험의 엔진 계약 후 설치한다. records/buildings.csv의 footprint와 비대칭 pivot 그대로 사용; active는 별도의 투명 overlay이고 본체 대체 PNG가 아니다. 모든 overlay는 본체 rect 그대로, 전면 마당이 다른 필지를 침범하지 않게 한다.","(82,128) native px; footprint 1x1",137,137,all,INSTALL-WAVE12-20261003,install,wave12/candidates-20260926/records/,44567853642d5ecb8ee19d9ec4e0f41897736ca8ac5d5745a9dfdd64e2d89b9f
wave12/candidates-20260926/assets/bld/ditch_drain-v1.png,wave12-facilities,C,public/assets/wave12/bld/ditch_drain-v1.png,향후 시설 확장,SPECS/wave12-facilities.md,"inn·smithy·tannery·butcher·병원·수도시설 등의 독립 building kind가 없다. 직업 이름과 건물 kind를 동일시하지 않는다. 기관/생산/접근성/비용/위험의 엔진 계약 후 설치한다. records/buildings.csv의 footprint와 비대칭 pivot 그대로 사용; active는 별도의 투명 overlay이고 본체 대체 PNG가 아니다. 모든 overlay는 본체 rect 그대로, 전면 마당이 다른 필지를 침범하지 않게 한다.","(81,52) native px; footprint module",128,64,all,INSTALL-WAVE12-20261003,install,wave12/candidates-20260926/records/,a31bd52910edbc49843a36c4fa40be5dae334874129d60f536bb664a2be62d9c
wave12/candidates-20260926/assets/bld/hospital-v1.png,wave12-facilities,C,public/assets/wave12/bld/hospital-v1.png,향후 시설 확장,SPECS/wave12-facilities.md,"inn·smithy·tannery·butcher·병원·수도시설 등의 독립 building kind가 없다. 직업 이름과 건물 kind를 동일시하지 않는다. 기관/생산/접근성/비용/위험의 엔진 계약 후 설치한다. records/buildings.csv의 footprint와 비대칭 pivot 그대로 사용; active는 별도의 투명 overlay이고 본체 대체 PNG가 아니다. 모든 overlay는 본체 rect 그대로, 전면 마당이 다른 필지를 침범하지 않게 한다.","(273,263) native px; footprint 3x2",352,272,all,INSTALL-WAVE12-20261003,install,wave12/candidates-20260926/records/,05a89e58b2ed323514db85c52016051f568c3a4c2c0e312818b574821a061fdb
wave12/candidates-20260926/assets/bld/inn_a-v1.png,wave12-facilities,C,public/assets/wave12/bld/inn_a-v1.png,향후 시설 확장,SPECS/wave12-facilities.md,"inn·smithy·tannery·butcher·병원·수도시설 등의 독립 building kind가 없다. 직업 이름과 건물 kind를 동일시하지 않는다. 기관/생산/접근성/비용/위험의 엔진 계약 후 설치한다. records/buildings.csv의 footprint와 비대칭 pivot 그대로 사용; active는 별도의 투명 overlay이고 본체 대체 PNG가 아니다. 모든 overlay는 본체 rect 그대로, 전면 마당이 다른 필지를 침범하지 않게 한다.","(164,271) native px; footprint 3x2",352,280,all,INSTALL-WAVE12-20261003,install,wave12/candidates-20260926/records/,805ee5d3aa8739018a7495dc4034f47b29f309c74acd337d7e197722f824ed9f
wave12/candidates-20260926/assets/bld/inn_b-v1.png,wave12-facilities,C,public/assets/wave12/bld/inn_b-v1.png,향후 시설 확장,SPECS/wave12-facilities.md,"inn·smithy·tannery·butcher·병원·수도시설 등의 독립 building kind가 없다. 직업 이름과 건물 kind를 동일시하지 않는다. 기관/생산/접근성/비용/위험의 엔진 계약 후 설치한다. records/buildings.csv의 footprint와 비대칭 pivot 그대로 사용; active는 별도의 투명 overlay이고 본체 대체 PNG가 아니다. 모든 overlay는 본체 rect 그대로, 전면 마당이 다른 필지를 침범하지 않게 한다.","(206,271) native px; footprint 3x2",352,280,all,INSTALL-WAVE12-20261003,install,wave12/candidates-20260926/records/,bf5d87b560373de18c3250bd2ff4944ade46594e12bb79714472820c489755a6
wave12/candidates-20260926/assets/bld/lime_kiln-v1.png,wave12-facilities,C,public/assets/wave12/bld/lime_kiln-v1.png,향후 시설 확장,SPECS/wave12-facilities.md,"inn·smithy·tannery·butcher·병원·수도시설 등의 독립 building kind가 없다. 직업 이름과 건물 kind를 동일시하지 않는다. 기관/생산/접근성/비용/위험의 엔진 계약 후 설치한다. records/buildings.csv의 footprint와 비대칭 pivot 그대로 사용; active는 별도의 투명 overlay이고 본체 대체 PNG가 아니다. 모든 overlay는 본체 rect 그대로, 전면 마당이 다른 필지를 침범하지 않게 한다.","(133,255) native px; footprint 2x2",288,264,all,INSTALL-WAVE12-20261003,install,wave12/candidates-20260926/records/,423509fe49d224d68ed75a02c783226efeaa61d36bb02b0fd8a49b6c7faaffe3
wave12/candidates-20260926/assets/bld/manor_house_a-v1.png,wave12-manor,B,public/assets/wave12/bld/manor_house_a-v1.png,LM-R3 / FIX-11,SPECS/wave12-manor.md,"이미 있는 manor_house 건물 tx/ty를 사용한다. seed+building.id로 A/B 고정. 416×328 캔버스 피벗 A(249,319)/B(251,319)를 footprint 전면 접점에 맞춘다. 기존 historicalFacilitySpriteRect의 수평중앙 방식에 바로 끼우면 어긋나므로 native pivot draw 경로를 연결한다. 활동 overlay는 같은 캔버스/동일 rect로만. lord 있음/없음의 정확한 state 기준은 LM-R3 빈 영주관 묶음 사양과 공동 확정하고 기능값 없는 추정 on/off 금지.","(249,319) native px; footprint 3x3",416,328,all,INSTALL-WAVE12-20261003,install,wave12/candidates-20260926/records/,916941e26116e6344755466e902e067b43fe1494994ea74fafe664bb53c6f745
wave12/candidates-20260926/assets/bld/manor_house_b-v1.png,wave12-manor,B,public/assets/wave12/bld/manor_house_b-v1.png,LM-R3 / FIX-11,SPECS/wave12-manor.md,"이미 있는 manor_house 건물 tx/ty를 사용한다. seed+building.id로 A/B 고정. 416×328 캔버스 피벗 A(249,319)/B(251,319)를 footprint 전면 접점에 맞춘다. 기존 historicalFacilitySpriteRect의 수평중앙 방식에 바로 끼우면 어긋나므로 native pivot draw 경로를 연결한다. 활동 overlay는 같은 캔버스/동일 rect로만. lord 있음/없음의 정확한 state 기준은 LM-R3 빈 영주관 묶음 사양과 공동 확정하고 기능값 없는 추정 on/off 금지.","(251,319) native px; footprint 3x3",416,328,all,INSTALL-WAVE12-20261003,install,wave12/candidates-20260926/records/,ee3335da84739e139156ed879342ee0312e4a13bd36ee0bf12ce4252fcc3edb4
wave12/candidates-20260926/assets/bld/market_cross_stone-v1.png,wave12-facilities,C,public/assets/wave12/bld/market_cross_stone-v1.png,향후 시설 확장,SPECS/wave12-facilities.md,"inn·smithy·tannery·butcher·병원·수도시설 등의 독립 building kind가 없다. 직업 이름과 건물 kind를 동일시하지 않는다. 기관/생산/접근성/비용/위험의 엔진 계약 후 설치한다. records/buildings.csv의 footprint와 비대칭 pivot 그대로 사용; active는 별도의 투명 overlay이고 본체 대체 PNG가 아니다. 모든 overlay는 본체 rect 그대로, 전면 마당이 다른 필지를 침범하지 않게 한다.","(71,167) native px; footprint 1x1",144,176,all,INSTALL-WAVE12-20261003,install,wave12/candidates-20260926/records/,5583e11a0d6693e93e237d127e2b2fd2a53b8935cfd502a7407b42039b33a858
wave12/candidates-20260926/assets/bld/market_cross_wood-v1.png,wave12-facilities,C,public/assets/wave12/bld/market_cross_wood-v1.png,향후 시설 확장,SPECS/wave12-facilities.md,"inn·smithy·tannery·butcher·병원·수도시설 등의 독립 building kind가 없다. 직업 이름과 건물 kind를 동일시하지 않는다. 기관/생산/접근성/비용/위험의 엔진 계약 후 설치한다. records/buildings.csv의 footprint와 비대칭 pivot 그대로 사용; active는 별도의 투명 overlay이고 본체 대체 PNG가 아니다. 모든 overlay는 본체 rect 그대로, 전면 마당이 다른 필지를 침범하지 않게 한다.","(69,151) native px; footprint 1x1",144,160,all,INSTALL-WAVE12-20261003,install,wave12/candidates-20260926/records/,0c4ac1e67a74162bce14e7d11f1e536d6921a02ce3cbff8719e31ff6fc6fdd2c
wave12/candidates-20260926/assets/bld/pilgrim_shrine-v1.png,wave12-facilities,C,public/assets/wave12/bld/pilgrim_shrine-v1.png,향후 시설 확장,SPECS/wave12-facilities.md,"inn·smithy·tannery·butcher·병원·수도시설 등의 독립 building kind가 없다. 직업 이름과 건물 kind를 동일시하지 않는다. 기관/생산/접근성/비용/위험의 엔진 계약 후 설치한다. records/buildings.csv의 footprint와 비대칭 pivot 그대로 사용; active는 별도의 투명 overlay이고 본체 대체 PNG가 아니다. 모든 overlay는 본체 rect 그대로, 전면 마당이 다른 필지를 침범하지 않게 한다.","(72,151) native px; footprint 1x1",144,160,all,INSTALL-WAVE12-20261003,install,wave12/candidates-20260926/records/,27f9a582e783549658e29ad34409eb95f2099214e955aeec603d9859e616a509
wave12/candidates-20260926/assets/bld/pottery_kiln-v1.png,wave12-facilities,C,public/assets/wave12/bld/pottery_kiln-v1.png,향후 시설 확장,SPECS/wave12-facilities.md,"inn·smithy·tannery·butcher·병원·수도시설 등의 독립 building kind가 없다. 직업 이름과 건물 kind를 동일시하지 않는다. 기관/생산/접근성/비용/위험의 엔진 계약 후 설치한다. records/buildings.csv의 footprint와 비대칭 pivot 그대로 사용; active는 별도의 투명 overlay이고 본체 대체 PNG가 아니다. 모든 overlay는 본체 rect 그대로, 전면 마당이 다른 필지를 침범하지 않게 한다.","(201,243) native px; footprint 2x2",288,252,all,INSTALL-WAVE12-20261003,install,wave12/candidates-20260926/records/,eff1cb20173f85c47bab95f1225524136a84a27727add880a5ee4cb2a101a643
wave12/candidates-20260926/assets/bld/priory_cell-v1.png,wave12-facilities,C,public/assets/wave12/bld/priory_cell-v1.png,향후 시설 확장,SPECS/wave12-facilities.md,"inn·smithy·tannery·butcher·병원·수도시설 등의 독립 building kind가 없다. 직업 이름과 건물 kind를 동일시하지 않는다. 기관/생산/접근성/비용/위험의 엔진 계약 후 설치한다. records/buildings.csv의 footprint와 비대칭 pivot 그대로 사용; active는 별도의 투명 overlay이고 본체 대체 PNG가 아니다. 모든 overlay는 본체 rect 그대로, 전면 마당이 다른 필지를 침범하지 않게 한다.","(284,343) native px; footprint 4x3",480,352,all,INSTALL-WAVE12-20261003,install,wave12/candidates-20260926/records/,0a212871e6f9396557e2db1798e10065275ab405603d3cf3088b3c305b3e0c5d
wave12/candidates-20260926/assets/bld/smithy_a-v1.png,wave12-facilities,C,public/assets/wave12/bld/smithy_a-v1.png,향후 시설 확장,SPECS/wave12-facilities.md,"inn·smithy·tannery·butcher·병원·수도시설 등의 독립 building kind가 없다. 직업 이름과 건물 kind를 동일시하지 않는다. 기관/생산/접근성/비용/위험의 엔진 계약 후 설치한다. records/buildings.csv의 footprint와 비대칭 pivot 그대로 사용; active는 별도의 투명 overlay이고 본체 대체 PNG가 아니다. 모든 overlay는 본체 rect 그대로, 전면 마당이 다른 필지를 침범하지 않게 한다.","(80,128) native px; footprint 1x1",137,137,all,INSTALL-WAVE12-20261003,install,wave12/candidates-20260926/records/,f915bfe2b4fea0d6e2dff33f0a766a6b271b66cd6f726764a25434ada68efed9
wave12/candidates-20260926/assets/bld/smithy_b-v1.png,wave12-facilities,C,public/assets/wave12/bld/smithy_b-v1.png,향후 시설 확장,SPECS/wave12-facilities.md,"inn·smithy·tannery·butcher·병원·수도시설 등의 독립 building kind가 없다. 직업 이름과 건물 kind를 동일시하지 않는다. 기관/생산/접근성/비용/위험의 엔진 계약 후 설치한다. records/buildings.csv의 footprint와 비대칭 pivot 그대로 사용; active는 별도의 투명 overlay이고 본체 대체 PNG가 아니다. 모든 overlay는 본체 rect 그대로, 전면 마당이 다른 필지를 침범하지 않게 한다.","(83,128) native px; footprint 1x1",137,137,all,INSTALL-WAVE12-20261003,install,wave12/candidates-20260926/records/,e214148379a8394dd3da2c4c28a415ddcb5902d5a1f0d560396b11a4dce6d6ac
wave12/candidates-20260926/assets/bld/tailor-v1.png,wave12-facilities,C,public/assets/wave12/bld/tailor-v1.png,향후 시설 확장,SPECS/wave12-facilities.md,"inn·smithy·tannery·butcher·병원·수도시설 등의 독립 building kind가 없다. 직업 이름과 건물 kind를 동일시하지 않는다. 기관/생산/접근성/비용/위험의 엔진 계약 후 설치한다. records/buildings.csv의 footprint와 비대칭 pivot 그대로 사용; active는 별도의 투명 overlay이고 본체 대체 PNG가 아니다. 모든 overlay는 본체 rect 그대로, 전면 마당이 다른 필지를 침범하지 않게 한다.","(76,128) native px; footprint 1x1",137,137,all,INSTALL-WAVE12-20261003,install,wave12/candidates-20260926/records/,aa9b26d7203f1c6814cfe2a26d0f97c6ab1ac1da0bad053f4dab18e3005f0146
wave12/candidates-20260926/assets/bld/tannery_a-v1.png,wave12-facilities,C,public/assets/wave12/bld/tannery_a-v1.png,향후 시설 확장,SPECS/wave12-facilities.md,"inn·smithy·tannery·butcher·병원·수도시설 등의 독립 building kind가 없다. 직업 이름과 건물 kind를 동일시하지 않는다. 기관/생산/접근성/비용/위험의 엔진 계약 후 설치한다. records/buildings.csv의 footprint와 비대칭 pivot 그대로 사용; active는 별도의 투명 overlay이고 본체 대체 PNG가 아니다. 모든 overlay는 본체 rect 그대로, 전면 마당이 다른 필지를 침범하지 않게 한다.","(249,219) native px; footprint 2x2",288,228,all,INSTALL-WAVE12-20261003,install,wave12/candidates-20260926/records/,251c4094f59a11eae6df6cfd3ef10db9262ac34fcc77b90a1149c7055e2ec88c
wave12/candidates-20260926/assets/bld/tannery_b-v1.png,wave12-facilities,C,public/assets/wave12/bld/tannery_b-v1.png,향후 시설 확장,SPECS/wave12-facilities.md,"inn·smithy·tannery·butcher·병원·수도시설 등의 독립 building kind가 없다. 직업 이름과 건물 kind를 동일시하지 않는다. 기관/생산/접근성/비용/위험의 엔진 계약 후 설치한다. records/buildings.csv의 footprint와 비대칭 pivot 그대로 사용; active는 별도의 투명 overlay이고 본체 대체 PNG가 아니다. 모든 overlay는 본체 rect 그대로, 전면 마당이 다른 필지를 침범하지 않게 한다.","(172,219) native px; footprint 2x2",288,228,all,INSTALL-WAVE12-20261003,install,wave12/candidates-20260926/records/,e34ed3dcb6f5874f7ac7c0ca0cb34c9fa68281243e98c967afe48583d07c90e5
wave12/candidates-20260926/assets/bld/tithe_barn-v1.png,wave12-facilities,C,public/assets/wave12/bld/tithe_barn-v1.png,향후 시설 확장,SPECS/wave12-facilities.md,"inn·smithy·tannery·butcher·병원·수도시설 등의 독립 building kind가 없다. 직업 이름과 건물 kind를 동일시하지 않는다. 기관/생산/접근성/비용/위험의 엔진 계약 후 설치한다. records/buildings.csv의 footprint와 비대칭 pivot 그대로 사용; active는 별도의 투명 overlay이고 본체 대체 PNG가 아니다. 모든 overlay는 본체 rect 그대로, 전면 마당이 다른 필지를 침범하지 않게 한다.","(116,255) native px; footprint 4x2",416,264,all,INSTALL-WAVE12-20261003,install,wave12/candidates-20260926/records/,22e65f05f11bf018a02027eceb038146e5bd5533dff856d04be8a7c9f98bd9ff
wave12/candidates-20260926/assets/bld/tolbooth-v1.png,wave12-facilities,C,public/assets/wave12/bld/tolbooth-v1.png,향후 시설 확장,SPECS/wave12-facilities.md,"inn·smithy·tannery·butcher·병원·수도시설 등의 독립 building kind가 없다. 직업 이름과 건물 kind를 동일시하지 않는다. 기관/생산/접근성/비용/위험의 엔진 계약 후 설치한다. records/buildings.csv의 footprint와 비대칭 pivot 그대로 사용; active는 별도의 투명 overlay이고 본체 대체 PNG가 아니다. 모든 overlay는 본체 rect 그대로, 전면 마당이 다른 필지를 침범하지 않게 한다.","(104,283) native px; footprint 2x2",288,292,all,INSTALL-WAVE12-20261003,install,wave12/candidates-20260926/records/,4443717041eec611380cceab5df39050223ae4d4c981bce160a54ec33dbcfea7
wave12/candidates-20260926/assets/icons/buildings_AB-96.png,wave12-icons,C,public/assets/wave12/icons/buildings_AB-96.png,향후 시설 UI,SPECS/wave12-icons.md,96px 셀 좌표는 records/buildings.csv icon_x/y/w/h를 그대로 사용한다. 3개 시트에서 아직 구현되지 않은 시설 버튼을 미리 활성화하지 않는다. 기능이 들어온 항목만 메뉴와 thumbnail lookup 연결.,per-frame/source registration: wave12/candidates-20260926/records/ (spec requirement; not guessed),1344,96,all,INSTALL-WAVE12-20261003,install,wave12/candidates-20260926/records/,d36b10a779ea347d67ae2936577a154746134e60858af7237a2ec1a14f210339
wave12/candidates-20260926/assets/icons/buildings_C-96.png,wave12-icons,C,public/assets/wave12/icons/buildings_C-96.png,향후 시설 UI,SPECS/wave12-icons.md,96px 셀 좌표는 records/buildings.csv icon_x/y/w/h를 그대로 사용한다. 3개 시트에서 아직 구현되지 않은 시설 버튼을 미리 활성화하지 않는다. 기능이 들어온 항목만 메뉴와 thumbnail lookup 연결.,per-frame/source registration: wave12/candidates-20260926/records/ (spec requirement; not guessed),480,96,all,INSTALL-WAVE12-20261003,install,wave12/candidates-20260926/records/,4b9df75470a49ae97a20fd96e1359954ab4c5ea9ba629d9b4e62d610967ede11
wave12/candidates-20260926/assets/icons/buildings_D-96.png,wave12-icons,C,public/assets/wave12/icons/buildings_D-96.png,향후 시설 UI,SPECS/wave12-icons.md,96px 셀 좌표는 records/buildings.csv icon_x/y/w/h를 그대로 사용한다. 3개 시트에서 아직 구현되지 않은 시설 버튼을 미리 활성화하지 않는다. 기능이 들어온 항목만 메뉴와 thumbnail lookup 연결.,per-frame/source registration: wave12/candidates-20260926/records/ (spec requirement; not guessed),960,96,all,INSTALL-WAVE12-20261003,install,wave12/candidates-20260926/records/,52b867047c8daea62e39b07a377edbe6629071b3a2ca8e08604631217a33da0c
wave12/rework-20260926/assets/active/almshouse-active-v1.png,wave12-facilities,C,public/assets/wave12/active/almshouse-active-v1.png,향후 시설 확장,SPECS/wave12-facilities.md,"inn·smithy·tannery·butcher·병원·수도시설 등의 독립 building kind가 없다. 직업 이름과 건물 kind를 동일시하지 않는다. 기관/생산/접근성/비용/위험의 엔진 계약 후 설치한다. records/buildings.csv의 footprint와 비대칭 pivot 그대로 사용; active는 별도의 투명 overlay이고 본체 대체 PNG가 아니다. 모든 overlay는 본체 rect 그대로, 전면 마당이 다른 필지를 침범하지 않게 한다.","(76,191) native px; footprint 3x1",288,200,all,INSTALL-WAVE12-20261003,install,wave12/rework-20260926/records/,e0724b8f8bd638d52401fd8fe0b3b5e3420992de44239c276a7272f5150993cd
wave12/rework-20260926/assets/active/bridge_chapel-active-v1.png,wave12-facilities,C,public/assets/wave12/active/bridge_chapel-active-v1.png,향후 시설 확장,SPECS/wave12-facilities.md,"inn·smithy·tannery·butcher·병원·수도시설 등의 독립 building kind가 없다. 직업 이름과 건물 kind를 동일시하지 않는다. 기관/생산/접근성/비용/위험의 엔진 계약 후 설치한다. records/buildings.csv의 footprint와 비대칭 pivot 그대로 사용; active는 별도의 투명 overlay이고 본체 대체 PNG가 아니다. 모든 overlay는 본체 rect 그대로, 전면 마당이 다른 필지를 침범하지 않게 한다.","(59,183) native px; footprint module",160,192,all,INSTALL-WAVE12-20261003,install,wave12/rework-20260926/records/,124418e425dec3508e8d8b6c3df4499c7e24e339183a69efec5ad6bc12324b6a
wave12/rework-20260926/assets/active/butcher_shambles-active-v1.png,wave12-facilities,C,public/assets/wave12/active/butcher_shambles-active-v1.png,향후 시설 확장,SPECS/wave12-facilities.md,"inn·smithy·tannery·butcher·병원·수도시설 등의 독립 building kind가 없다. 직업 이름과 건물 kind를 동일시하지 않는다. 기관/생산/접근성/비용/위험의 엔진 계약 후 설치한다. records/buildings.csv의 footprint와 비대칭 pivot 그대로 사용; active는 별도의 투명 overlay이고 본체 대체 PNG가 아니다. 모든 overlay는 본체 rect 그대로, 전면 마당이 다른 필지를 침범하지 않게 한다.","(67,167) native px; footprint 2x1",224,176,all,INSTALL-WAVE12-20261003,install,wave12/rework-20260926/records/,b632fe95d17587aa1513f4dda7e0b561277e8e35ffda900ef48110805793f0cd
wave12/rework-20260926/assets/active/chantry_chapel-active-v1.png,wave12-facilities,C,public/assets/wave12/active/chantry_chapel-active-v1.png,향후 시설 확장,SPECS/wave12-facilities.md,"inn·smithy·tannery·butcher·병원·수도시설 등의 독립 building kind가 없다. 직업 이름과 건물 kind를 동일시하지 않는다. 기관/생산/접근성/비용/위험의 엔진 계약 후 설치한다. records/buildings.csv의 footprint와 비대칭 pivot 그대로 사용; active는 별도의 투명 overlay이고 본체 대체 PNG가 아니다. 모든 overlay는 본체 rect 그대로, 전면 마당이 다른 필지를 침범하지 않게 한다.","(64,167) native px; footprint 1x1",160,176,all,INSTALL-WAVE12-20261003,install,wave12/rework-20260926/records/,fa1c59ea6be1df15ae47182b813074aba2bf33fd04bdc4fcf25c3e361707f1d9
wave12/rework-20260926/assets/active/conduit_house-active-v1.png,wave12-facilities,C,public/assets/wave12/active/conduit_house-active-v1.png,향후 시설 확장,SPECS/wave12-facilities.md,"inn·smithy·tannery·butcher·병원·수도시설 등의 독립 building kind가 없다. 직업 이름과 건물 kind를 동일시하지 않는다. 기관/생산/접근성/비용/위험의 엔진 계약 후 설치한다. records/buildings.csv의 footprint와 비대칭 pivot 그대로 사용; active는 별도의 투명 overlay이고 본체 대체 PNG가 아니다. 모든 overlay는 본체 rect 그대로, 전면 마당이 다른 필지를 침범하지 않게 한다.","(69,167) native px; footprint 1x1",160,176,all,INSTALL-WAVE12-20261003,install,wave12/rework-20260926/records/,c02601948d7ce1ea3cf36e9c835f4e04ad5359454411775b1fd3c7cc085bb58a
wave12/rework-20260926/assets/active/cordwainer-active-v1.png,wave12-facilities,C,public/assets/wave12/active/cordwainer-active-v1.png,향후 시설 확장,SPECS/wave12-facilities.md,"inn·smithy·tannery·butcher·병원·수도시설 등의 독립 building kind가 없다. 직업 이름과 건물 kind를 동일시하지 않는다. 기관/생산/접근성/비용/위험의 엔진 계약 후 설치한다. records/buildings.csv의 footprint와 비대칭 pivot 그대로 사용; active는 별도의 투명 overlay이고 본체 대체 PNG가 아니다. 모든 overlay는 본체 rect 그대로, 전면 마당이 다른 필지를 침범하지 않게 한다.","(82,128) native px; footprint 1x1",137,137,all,INSTALL-WAVE12-20261003,install,wave12/rework-20260926/records/,3a81e27ca3bba621a40323e1880bbb4c87aeda244786c37ac01cbae120881ea2
wave12/rework-20260926/assets/active/hospital-active-v1.png,wave12-facilities,C,public/assets/wave12/active/hospital-active-v1.png,향후 시설 확장,SPECS/wave12-facilities.md,"inn·smithy·tannery·butcher·병원·수도시설 등의 독립 building kind가 없다. 직업 이름과 건물 kind를 동일시하지 않는다. 기관/생산/접근성/비용/위험의 엔진 계약 후 설치한다. records/buildings.csv의 footprint와 비대칭 pivot 그대로 사용; active는 별도의 투명 overlay이고 본체 대체 PNG가 아니다. 모든 overlay는 본체 rect 그대로, 전면 마당이 다른 필지를 침범하지 않게 한다.","(273,263) native px; footprint 3x2",352,272,all,INSTALL-WAVE12-20261003,install,wave12/rework-20260926/records/,2ec3e41f070a60dc657de4b21c0c467384e70fa65a41dccebfa8676306fb3078
wave12/rework-20260926/assets/active/inn_a-active-v1.png,wave12-facilities,C,public/assets/wave12/active/inn_a-active-v1.png,향후 시설 확장,SPECS/wave12-facilities.md,"inn·smithy·tannery·butcher·병원·수도시설 등의 독립 building kind가 없다. 직업 이름과 건물 kind를 동일시하지 않는다. 기관/생산/접근성/비용/위험의 엔진 계약 후 설치한다. records/buildings.csv의 footprint와 비대칭 pivot 그대로 사용; active는 별도의 투명 overlay이고 본체 대체 PNG가 아니다. 모든 overlay는 본체 rect 그대로, 전면 마당이 다른 필지를 침범하지 않게 한다.","(164,271) native px; footprint 3x2",352,280,all,INSTALL-WAVE12-20261003,install,wave12/rework-20260926/records/,ad89cf31f453338a18fe194e11d2cc497fd0d6eee8e0238b1dae640d340f9f3c
wave12/rework-20260926/assets/active/inn_b-active-v1.png,wave12-facilities,C,public/assets/wave12/active/inn_b-active-v1.png,향후 시설 확장,SPECS/wave12-facilities.md,"inn·smithy·tannery·butcher·병원·수도시설 등의 독립 building kind가 없다. 직업 이름과 건물 kind를 동일시하지 않는다. 기관/생산/접근성/비용/위험의 엔진 계약 후 설치한다. records/buildings.csv의 footprint와 비대칭 pivot 그대로 사용; active는 별도의 투명 overlay이고 본체 대체 PNG가 아니다. 모든 overlay는 본체 rect 그대로, 전면 마당이 다른 필지를 침범하지 않게 한다.","(206,271) native px; footprint 3x2",352,280,all,INSTALL-WAVE12-20261003,install,wave12/rework-20260926/records/,71ea2a73d401f913bc364637ee76317f21ae80fecad901ee1cda3814fd349b67
wave12/rework-20260926/assets/active/manor_house_a-active-v1.png,wave12-manor,B,public/assets/wave12/active/manor_house_a-active-v1.png,LM-R3 / FIX-11,SPECS/wave12-manor.md,"이미 있는 manor_house 건물 tx/ty를 사용한다. seed+building.id로 A/B 고정. 416×328 캔버스 피벗 A(249,319)/B(251,319)를 footprint 전면 접점에 맞춘다. 기존 historicalFacilitySpriteRect의 수평중앙 방식에 바로 끼우면 어긋나므로 native pivot draw 경로를 연결한다. 활동 overlay는 같은 캔버스/동일 rect로만. lord 있음/없음의 정확한 state 기준은 LM-R3 빈 영주관 묶음 사양과 공동 확정하고 기능값 없는 추정 on/off 금지.","(249,319) native px; footprint 3x3",416,328,all,INSTALL-WAVE12-20261003,install,wave12/rework-20260926/records/,b4f31837396d8e9963005175c9778cbe37dba8f2acf866efcd745a204ef6571d
wave12/rework-20260926/assets/active/manor_house_b-active-v1.png,wave12-manor,B,public/assets/wave12/active/manor_house_b-active-v1.png,LM-R3 / FIX-11,SPECS/wave12-manor.md,"이미 있는 manor_house 건물 tx/ty를 사용한다. seed+building.id로 A/B 고정. 416×328 캔버스 피벗 A(249,319)/B(251,319)를 footprint 전면 접점에 맞춘다. 기존 historicalFacilitySpriteRect의 수평중앙 방식에 바로 끼우면 어긋나므로 native pivot draw 경로를 연결한다. 활동 overlay는 같은 캔버스/동일 rect로만. lord 있음/없음의 정확한 state 기준은 LM-R3 빈 영주관 묶음 사양과 공동 확정하고 기능값 없는 추정 on/off 금지.","(251,319) native px; footprint 3x3",416,328,all,INSTALL-WAVE12-20261003,install,wave12/rework-20260926/records/,e3747baeece06683f9aa185095a88f4369b8dbd5fc4241ffad925aea50787372
wave12/rework-20260926/assets/active/market_cross_stone-active-v1.png,wave12-facilities,C,public/assets/wave12/active/market_cross_stone-active-v1.png,향후 시설 확장,SPECS/wave12-facilities.md,"inn·smithy·tannery·butcher·병원·수도시설 등의 독립 building kind가 없다. 직업 이름과 건물 kind를 동일시하지 않는다. 기관/생산/접근성/비용/위험의 엔진 계약 후 설치한다. records/buildings.csv의 footprint와 비대칭 pivot 그대로 사용; active는 별도의 투명 overlay이고 본체 대체 PNG가 아니다. 모든 overlay는 본체 rect 그대로, 전면 마당이 다른 필지를 침범하지 않게 한다.","(71,167) native px; footprint 1x1",144,176,all,INSTALL-WAVE12-20261003,install,wave12/rework-20260926/records/,e8c53a1d203e425dab2ab592f10aee41fa00fd0e4b7285dcab4db944430d775d
wave12/rework-20260926/assets/active/market_cross_wood-active-v1.png,wave12-facilities,C,public/assets/wave12/active/market_cross_wood-active-v1.png,향후 시설 확장,SPECS/wave12-facilities.md,"inn·smithy·tannery·butcher·병원·수도시설 등의 독립 building kind가 없다. 직업 이름과 건물 kind를 동일시하지 않는다. 기관/생산/접근성/비용/위험의 엔진 계약 후 설치한다. records/buildings.csv의 footprint와 비대칭 pivot 그대로 사용; active는 별도의 투명 overlay이고 본체 대체 PNG가 아니다. 모든 overlay는 본체 rect 그대로, 전면 마당이 다른 필지를 침범하지 않게 한다.","(69,151) native px; footprint 1x1",144,160,all,INSTALL-WAVE12-20261003,install,wave12/rework-20260926/records/,af6f4cb7b5d0c987478ba800fc387446974e1da2ba0fd4425e37ca648b84dfff
wave12/rework-20260926/assets/active/pilgrim_shrine-active-v1.png,wave12-facilities,C,public/assets/wave12/active/pilgrim_shrine-active-v1.png,향후 시설 확장,SPECS/wave12-facilities.md,"inn·smithy·tannery·butcher·병원·수도시설 등의 독립 building kind가 없다. 직업 이름과 건물 kind를 동일시하지 않는다. 기관/생산/접근성/비용/위험의 엔진 계약 후 설치한다. records/buildings.csv의 footprint와 비대칭 pivot 그대로 사용; active는 별도의 투명 overlay이고 본체 대체 PNG가 아니다. 모든 overlay는 본체 rect 그대로, 전면 마당이 다른 필지를 침범하지 않게 한다.","(72,151) native px; footprint 1x1",144,160,all,INSTALL-WAVE12-20261003,install,wave12/rework-20260926/records/,f6369e0b4f43cef0dc6b3a1e5831ed22045e69c6846a37d992b1b8e111ee5ff9
wave12/rework-20260926/assets/active/priory_cell-active-v1.png,wave12-facilities,C,public/assets/wave12/active/priory_cell-active-v1.png,향후 시설 확장,SPECS/wave12-facilities.md,"inn·smithy·tannery·butcher·병원·수도시설 등의 독립 building kind가 없다. 직업 이름과 건물 kind를 동일시하지 않는다. 기관/생산/접근성/비용/위험의 엔진 계약 후 설치한다. records/buildings.csv의 footprint와 비대칭 pivot 그대로 사용; active는 별도의 투명 overlay이고 본체 대체 PNG가 아니다. 모든 overlay는 본체 rect 그대로, 전면 마당이 다른 필지를 침범하지 않게 한다.","(284,343) native px; footprint 4x3",480,352,all,INSTALL-WAVE12-20261003,install,wave12/rework-20260926/records/,5ddfef85574ebfbf8c5295784da0546eece27525ec59ae432956c9b4a8900c29
wave12/rework-20260926/assets/active/quay-active-v1.png,wave12-quay,B,public/assets/wave12/active/quay-active-v1.png,LM-R3 / 기존 UI-6,SPECS/wave12-quay.md,"기존 quay 본체와 같은 shore placement와 pivot(68,119). quay-active는 idle body를 바꾸지 않고 같은 rect에 한 장 겹친다. 왕실 징발/운송 실제 데이터가 있을 때만 보이고 raid_burning_quay와 동시 가동 금지.","(68,119) native px; footprint module",256,128,all,INSTALL-WAVE12-20261003,install,wave12/rework-20260926/records/,d34a1f5d2a563065b0f42e2b66092e5a3289dc55234c9b5422194508c61657b0
wave12/rework-20260926/assets/active/smithy_a-active-v1.png,wave12-facilities,C,public/assets/wave12/active/smithy_a-active-v1.png,향후 시설 확장,SPECS/wave12-facilities.md,"inn·smithy·tannery·butcher·병원·수도시설 등의 독립 building kind가 없다. 직업 이름과 건물 kind를 동일시하지 않는다. 기관/생산/접근성/비용/위험의 엔진 계약 후 설치한다. records/buildings.csv의 footprint와 비대칭 pivot 그대로 사용; active는 별도의 투명 overlay이고 본체 대체 PNG가 아니다. 모든 overlay는 본체 rect 그대로, 전면 마당이 다른 필지를 침범하지 않게 한다.","(80,128) native px; footprint 1x1",137,137,all,INSTALL-WAVE12-20261003,install,wave12/rework-20260926/records/,631d9528384e7ab2a4cfb7703b60684a28f3814122eb44424bc7d46e52ed868d
wave12/rework-20260926/assets/active/smithy_b-active-v1.png,wave12-facilities,C,public/assets/wave12/active/smithy_b-active-v1.png,향후 시설 확장,SPECS/wave12-facilities.md,"inn·smithy·tannery·butcher·병원·수도시설 등의 독립 building kind가 없다. 직업 이름과 건물 kind를 동일시하지 않는다. 기관/생산/접근성/비용/위험의 엔진 계약 후 설치한다. records/buildings.csv의 footprint와 비대칭 pivot 그대로 사용; active는 별도의 투명 overlay이고 본체 대체 PNG가 아니다. 모든 overlay는 본체 rect 그대로, 전면 마당이 다른 필지를 침범하지 않게 한다.","(83,128) native px; footprint 1x1",137,137,all,INSTALL-WAVE12-20261003,install,wave12/rework-20260926/records/,9205e881425e0defe85a552668b4df9ad661527b98fb13cc636c9dbe1839c2fc
wave12/rework-20260926/assets/active/tailor-active-v1.png,wave12-facilities,C,public/assets/wave12/active/tailor-active-v1.png,향후 시설 확장,SPECS/wave12-facilities.md,"inn·smithy·tannery·butcher·병원·수도시설 등의 독립 building kind가 없다. 직업 이름과 건물 kind를 동일시하지 않는다. 기관/생산/접근성/비용/위험의 엔진 계약 후 설치한다. records/buildings.csv의 footprint와 비대칭 pivot 그대로 사용; active는 별도의 투명 overlay이고 본체 대체 PNG가 아니다. 모든 overlay는 본체 rect 그대로, 전면 마당이 다른 필지를 침범하지 않게 한다.","(76,128) native px; footprint 1x1",137,137,all,INSTALL-WAVE12-20261003,install,wave12/rework-20260926/records/,2dafff1d474cea7cb6bae0f39c242b11d7e7059c6efe9a2ff6cbaba533274eae
wave12/rework-20260926/assets/active/tannery_a-active-v1.png,wave12-facilities,C,public/assets/wave12/active/tannery_a-active-v1.png,향후 시설 확장,SPECS/wave12-facilities.md,"inn·smithy·tannery·butcher·병원·수도시설 등의 독립 building kind가 없다. 직업 이름과 건물 kind를 동일시하지 않는다. 기관/생산/접근성/비용/위험의 엔진 계약 후 설치한다. records/buildings.csv의 footprint와 비대칭 pivot 그대로 사용; active는 별도의 투명 overlay이고 본체 대체 PNG가 아니다. 모든 overlay는 본체 rect 그대로, 전면 마당이 다른 필지를 침범하지 않게 한다.","(249,219) native px; footprint 2x2",288,228,all,INSTALL-WAVE12-20261003,install,wave12/rework-20260926/records/,b90d6a38994e844ac624d1403ef1bf2c4a282ec747d1890208a7161a0325c612
wave12/rework-20260926/assets/active/tannery_b-active-v1.png,wave12-facilities,C,public/assets/wave12/active/tannery_b-active-v1.png,향후 시설 확장,SPECS/wave12-facilities.md,"inn·smithy·tannery·butcher·병원·수도시설 등의 독립 building kind가 없다. 직업 이름과 건물 kind를 동일시하지 않는다. 기관/생산/접근성/비용/위험의 엔진 계약 후 설치한다. records/buildings.csv의 footprint와 비대칭 pivot 그대로 사용; active는 별도의 투명 overlay이고 본체 대체 PNG가 아니다. 모든 overlay는 본체 rect 그대로, 전면 마당이 다른 필지를 침범하지 않게 한다.","(172,219) native px; footprint 2x2",288,228,all,INSTALL-WAVE12-20261003,install,wave12/rework-20260926/records/,74e4af65e6016e376f301a9874d995601a69e5f1ee99aa7d9ed0565380dcf9ec
wave12/rework-20260926/assets/active/tithe_barn-active-v1.png,wave12-facilities,C,public/assets/wave12/active/tithe_barn-active-v1.png,향후 시설 확장,SPECS/wave12-facilities.md,"inn·smithy·tannery·butcher·병원·수도시설 등의 독립 building kind가 없다. 직업 이름과 건물 kind를 동일시하지 않는다. 기관/생산/접근성/비용/위험의 엔진 계약 후 설치한다. records/buildings.csv의 footprint와 비대칭 pivot 그대로 사용; active는 별도의 투명 overlay이고 본체 대체 PNG가 아니다. 모든 overlay는 본체 rect 그대로, 전면 마당이 다른 필지를 침범하지 않게 한다.","(116,255) native px; footprint 4x2",416,264,all,INSTALL-WAVE12-20261003,install,wave12/rework-20260926/records/,8e00c4ad287a489766531eaf02c0dffc7626358779b111047d0ccc4099a496b4
wave12/rework-20260926/assets/active/tolbooth-active-v1.png,wave12-facilities,C,public/assets/wave12/active/tolbooth-active-v1.png,향후 시설 확장,SPECS/wave12-facilities.md,"inn·smithy·tannery·butcher·병원·수도시설 등의 독립 building kind가 없다. 직업 이름과 건물 kind를 동일시하지 않는다. 기관/생산/접근성/비용/위험의 엔진 계약 후 설치한다. records/buildings.csv의 footprint와 비대칭 pivot 그대로 사용; active는 별도의 투명 overlay이고 본체 대체 PNG가 아니다. 모든 overlay는 본체 rect 그대로, 전면 마당이 다른 필지를 침범하지 않게 한다.","(104,283) native px; footprint 2x2",288,292,all,INSTALL-WAVE12-20261003,install,wave12/rework-20260926/records/,889843c7e3aef31ccf43f4506a08c9dfa5b246a6db2c938bdeb4180713fb7248
wave13/candidates-v1/assets/animal_walk/cow_single-v1.png,wave13-animals,C,public/assets/wave13/animal_walk/cow_single-v1.png,향후 가축/운송 시각화,SPECS/wave13-animals.md,사람 워커와 별개인 동물 이동·정지·군집·방향·가려짐·발 앵커 기능이 필요하다. 사람 슬롯에 동물 시트를 넣지 않는다. 4방향×2프레임을 따로 절단하고 metadata의 cell/pivot을 사용; 무리는 이동 경로 폭을 확보하고 건물 지붕 위로 그리지 않는다.,"{""cell"":[80,64],""pivot"":[40,60]}",320,128,all,INSTALL-WAVE13-20261003,install,wave13/candidates-v1/records/,b5c6e5e0ccf37dbe9adfa6c06f2f1fecb85dbce4658f6dcb919fe8c77a0b1691
wave13/candidates-v1/assets/animal_walk/dog_herding-v1.png,wave13-animals,C,public/assets/wave13/animal_walk/dog_herding-v1.png,향후 가축/운송 시각화,SPECS/wave13-animals.md,사람 워커와 별개인 동물 이동·정지·군집·방향·가려짐·발 앵커 기능이 필요하다. 사람 슬롯에 동물 시트를 넣지 않는다. 4방향×2프레임을 따로 절단하고 metadata의 cell/pivot을 사용; 무리는 이동 경로 폭을 확보하고 건물 지붕 위로 그리지 않는다.,"{""cell"":[40,32],""pivot"":[20,28]}",160,64,all,INSTALL-WAVE13-20261003,install,wave13/candidates-v1/records/,29f6af072bbef08d059c0890086d9ba41a803e1767d8c6f48fbc64f2a0745871
wave13/candidates-v1/assets/animal_walk/goose_single-v1.png,wave13-animals,C,public/assets/wave13/animal_walk/goose_single-v1.png,향후 가축/운송 시각화,SPECS/wave13-animals.md,사람 워커와 별개인 동물 이동·정지·군집·방향·가려짐·발 앵커 기능이 필요하다. 사람 슬롯에 동물 시트를 넣지 않는다. 4방향×2프레임을 따로 절단하고 metadata의 cell/pivot을 사용; 무리는 이동 경로 폭을 확보하고 건물 지붕 위로 그리지 않는다.,"{""cell"":[32,32],""pivot"":[16,28]}",128,64,all,INSTALL-WAVE13-20261003,install,wave13/candidates-v1/records/,6b90194ac6df43c0548d7dba78ac6315bbf6c8b56de18e1173d695c81b2ce74e
wave13/candidates-v1/assets/animal_walk/horse_draught-v1.png,wave13-animals,C,public/assets/wave13/animal_walk/horse_draught-v1.png,향후 가축/운송 시각화,SPECS/wave13-animals.md,사람 워커와 별개인 동물 이동·정지·군집·방향·가려짐·발 앵커 기능이 필요하다. 사람 슬롯에 동물 시트를 넣지 않는다. 4방향×2프레임을 따로 절단하고 metadata의 cell/pivot을 사용; 무리는 이동 경로 폭을 확보하고 건물 지붕 위로 그리지 않는다.,"{""cell"":[96,80],""pivot"":[48,76]}",384,160,all,INSTALL-WAVE13-20261003,install,wave13/candidates-v1/records/,d1d8acf180dfcfbb0d6abfcf76406a65ead0bd6ff28510a649a8a0d50d7a1d82
wave13/candidates-v1/assets/animal_walk/horse_riding-v1.png,wave13-animals,C,public/assets/wave13/animal_walk/horse_riding-v1.png,향후 가축/운송 시각화,SPECS/wave13-animals.md,사람 워커와 별개인 동물 이동·정지·군집·방향·가려짐·발 앵커 기능이 필요하다. 사람 슬롯에 동물 시트를 넣지 않는다. 4방향×2프레임을 따로 절단하고 metadata의 cell/pivot을 사용; 무리는 이동 경로 폭을 확보하고 건물 지붕 위로 그리지 않는다.,"{""cell"":[96,80],""pivot"":[48,76]}",384,160,all,INSTALL-WAVE13-20261003,install,wave13/candidates-v1/records/,fc01fa3c6d5c17c48a1270c98f88195ac486d7758d11f752e7ace6e267948fd4
wave13/candidates-v1/assets/animal_walk/ox-v1.png,wave13-animals,C,public/assets/wave13/animal_walk/ox-v1.png,향후 가축/운송 시각화,SPECS/wave13-animals.md,사람 워커와 별개인 동물 이동·정지·군집·방향·가려짐·발 앵커 기능이 필요하다. 사람 슬롯에 동물 시트를 넣지 않는다. 4방향×2프레임을 따로 절단하고 metadata의 cell/pivot을 사용; 무리는 이동 경로 폭을 확보하고 건물 지붕 위로 그리지 않는다.,"{""cell"":[96,74],""pivot"":[48,70]}",384,148,all,INSTALL-WAVE13-20261003,install,wave13/candidates-v1/records/,3ba741cde63793ed3718ccb73abf2eca1d74c7cf54a1c3ceaaa80b972f57f9f9
wave13/candidates-v1/assets/animal_walk/pig_single-v1.png,wave13-animals,C,public/assets/wave13/animal_walk/pig_single-v1.png,향후 가축/운송 시각화,SPECS/wave13-animals.md,사람 워커와 별개인 동물 이동·정지·군집·방향·가려짐·발 앵커 기능이 필요하다. 사람 슬롯에 동물 시트를 넣지 않는다. 4방향×2프레임을 따로 절단하고 metadata의 cell/pivot을 사용; 무리는 이동 경로 폭을 확보하고 건물 지붕 위로 그리지 않는다.,"{""cell"":[48,40],""pivot"":[24,36]}",192,80,all,INSTALL-WAVE13-20261003,install,wave13/candidates-v1/records/,5c8920155f33a47851b2f2dca7a5e2a18c7fe06deb568f2894fe1ee99134e0b3
wave13/candidates-v1/assets/animal_walk/sheep_single-v1.png,wave13-animals,C,public/assets/wave13/animal_walk/sheep_single-v1.png,향후 가축/운송 시각화,SPECS/wave13-animals.md,사람 워커와 별개인 동물 이동·정지·군집·방향·가려짐·발 앵커 기능이 필요하다. 사람 슬롯에 동물 시트를 넣지 않는다. 4방향×2프레임을 따로 절단하고 metadata의 cell/pivot을 사용; 무리는 이동 경로 폭을 확보하고 건물 지붕 위로 그리지 않는다.,"{""cell"":[48,40],""pivot"":[24,36]}",192,80,all,INSTALL-WAVE13-20261003,install,wave13/candidates-v1/records/,2cd4509509bfb555daf8fb383b55ccc9897efca6c9775abc3139099b18af5896
wave13/candidates-v1/assets/cart/barrow_body-v1.png,wave13-transport,C,public/assets/wave13/cart/barrow_body-v1.png,향후 운송 시각화,SPECS/wave13-transport.md,현재 사람 운반 워커의 cargo만으로 말/소 견인·기승 상태가 없다. 별도 transport presentation을 도입하여 animal→saddle/load→rider/cart를 방향별 attachment에 맞춰 겹친다. 실제 운송 객체가 없으면 장식 수레를 생성하지 않는다.,"{""cell"":[64,48],""pivot"":[32,44]}",256,96,all,INSTALL-WAVE13-20261003,install,wave13/candidates-v1/records/,4cee8316cc6b39f117777d770b7d21d6366909603adbd97787440f1cd06e8d3c
wave13/candidates-v1/assets/cart/handcart_body-v2.png,wave13-transport,C,public/assets/wave13/cart/handcart_body-v2.png,향후 운송 시각화,SPECS/wave13-transport.md,현재 사람 운반 워커의 cargo만으로 말/소 견인·기승 상태가 없다. 별도 transport presentation을 도입하여 animal→saddle/load→rider/cart를 방향별 attachment에 맞춰 겹친다. 실제 운송 객체가 없으면 장식 수레를 생성하지 않는다.,"{""cell"":[96,74],""pivot"":[48,70]}",384,148,all,INSTALL-WAVE13-20261003,install,wave13/candidates-v1/records/,011ee80d3ddffe910f0c9e914cb56b0fdfd5fbacc1a4a030075ae3cabb3fff6e
wave13/candidates-v1/assets/cart/horse_cart_body-v1.png,wave13-transport,C,public/assets/wave13/cart/horse_cart_body-v1.png,향후 운송 시각화,SPECS/wave13-transport.md,현재 사람 운반 워커의 cargo만으로 말/소 견인·기승 상태가 없다. 별도 transport presentation을 도입하여 animal→saddle/load→rider/cart를 방향별 attachment에 맞춰 겹친다. 실제 운송 객체가 없으면 장식 수레를 생성하지 않는다.,"{""cell"":[128,96],""pivot"":[64,92]}",512,192,all,INSTALL-WAVE13-20261003,install,wave13/candidates-v1/records/,04209702c85a66145d29d25ea46a121c8f9c2b98fc80d84fb7da6404a5aaf49f
wave13/candidates-v1/assets/cart/ox_cart_body-v1.png,wave13-transport,C,public/assets/wave13/cart/ox_cart_body-v1.png,향후 운송 시각화,SPECS/wave13-transport.md,현재 사람 운반 워커의 cargo만으로 말/소 견인·기승 상태가 없다. 별도 transport presentation을 도입하여 animal→saddle/load→rider/cart를 방향별 attachment에 맞춰 겹친다. 실제 운송 객체가 없으면 장식 수레를 생성하지 않는다.,"{""cell"":[128,96],""pivot"":[64,92]}",512,192,all,INSTALL-WAVE13-20261003,install,wave13/candidates-v1/records/,bc5a7d8c46e532c54bac797bf13636612998c91661c8a7fb3abf761ca445e158
wave13/candidates-v1/assets/herd/cattle_drove-v1.png,wave13-animals,C,public/assets/wave13/herd/cattle_drove-v1.png,향후 가축/운송 시각화,SPECS/wave13-animals.md,사람 워커와 별개인 동물 이동·정지·군집·방향·가려짐·발 앵커 기능이 필요하다. 사람 슬롯에 동물 시트를 넣지 않는다. 4방향×2프레임을 따로 절단하고 metadata의 cell/pivot을 사용; 무리는 이동 경로 폭을 확보하고 건물 지붕 위로 그리지 않는다.,"{""cell"":[192,144],""pivot"":[96,95]}",768,144,all,INSTALL-WAVE13-20261003,install,wave13/candidates-v1/records/,ee1cac4b8a84621fc5269ad0477760b0eb4d2adb95a5bd958c55706bafd293e0
wave13/candidates-v1/assets/herd/goose_flock_a-v1.png,wave13-animals,C,public/assets/wave13/herd/goose_flock_a-v1.png,향후 가축/운송 시각화,SPECS/wave13-animals.md,사람 워커와 별개인 동물 이동·정지·군집·방향·가려짐·발 앵커 기능이 필요하다. 사람 슬롯에 동물 시트를 넣지 않는다. 4방향×2프레임을 따로 절단하고 metadata의 cell/pivot을 사용; 무리는 이동 경로 폭을 확보하고 건물 지붕 위로 그리지 않는다.,"{""cell"":[96,74],""pivot"":[48,49]}",384,74,all,INSTALL-WAVE13-20261003,install,wave13/candidates-v1/records/,1819862f1288bdd8c52c7825a6822eb6c6fe8fea3a35330d02f2f6b3d3533925
wave13/candidates-v1/assets/herd/goose_flock_b-v1.png,wave13-animals,C,public/assets/wave13/herd/goose_flock_b-v1.png,향후 가축/운송 시각화,SPECS/wave13-animals.md,사람 워커와 별개인 동물 이동·정지·군집·방향·가려짐·발 앵커 기능이 필요하다. 사람 슬롯에 동물 시트를 넣지 않는다. 4방향×2프레임을 따로 절단하고 metadata의 cell/pivot을 사용; 무리는 이동 경로 폭을 확보하고 건물 지붕 위로 그리지 않는다.,"{""cell"":[96,74],""pivot"":[48,49]}",384,74,all,INSTALL-WAVE13-20261003,install,wave13/candidates-v1/records/,32d3381d14fdd89c7b44c301f5b6da765eb93bac8b235f84430e344e2f1bd2ba
wave13/candidates-v1/assets/herd/pig_cluster-v1.png,wave13-animals,C,public/assets/wave13/herd/pig_cluster-v1.png,향후 가축/운송 시각화,SPECS/wave13-animals.md,사람 워커와 별개인 동물 이동·정지·군집·방향·가려짐·발 앵커 기능이 필요하다. 사람 슬롯에 동물 시트를 넣지 않는다. 4방향×2프레임을 따로 절단하고 metadata의 cell/pivot을 사용; 무리는 이동 경로 폭을 확보하고 건물 지붕 위로 그리지 않는다.,"{""cell"":[128,96],""pivot"":[64,63]}",512,96,all,INSTALL-WAVE13-20261003,install,wave13/candidates-v1/records/,8c03e6d713df6004d81af32cf58d984f4f2661b1e675d8ad9e1f17788c42a845
wave13/candidates-v1/assets/herd/sheep_cluster_moving_a-v1.png,wave13-animals,C,public/assets/wave13/herd/sheep_cluster_moving_a-v1.png,향후 가축/운송 시각화,SPECS/wave13-animals.md,사람 워커와 별개인 동물 이동·정지·군집·방향·가려짐·발 앵커 기능이 필요하다. 사람 슬롯에 동물 시트를 넣지 않는다. 4방향×2프레임을 따로 절단하고 metadata의 cell/pivot을 사용; 무리는 이동 경로 폭을 확보하고 건물 지붕 위로 그리지 않는다.,"{""cell"":[128,96],""pivot"":[64,63]}",512,96,all,INSTALL-WAVE13-20261003,install,wave13/candidates-v1/records/,f74aa7a61063a809789709b65d436b7a5a49841834145080d5720425de40872a
wave13/candidates-v1/assets/herd/sheep_cluster_moving_b-v1.png,wave13-animals,C,public/assets/wave13/herd/sheep_cluster_moving_b-v1.png,향후 가축/운송 시각화,SPECS/wave13-animals.md,사람 워커와 별개인 동물 이동·정지·군집·방향·가려짐·발 앵커 기능이 필요하다. 사람 슬롯에 동물 시트를 넣지 않는다. 4방향×2프레임을 따로 절단하고 metadata의 cell/pivot을 사용; 무리는 이동 경로 폭을 확보하고 건물 지붕 위로 그리지 않는다.,"{""cell"":[144,112],""pivot"":[72,74]}",576,112,all,INSTALL-WAVE13-20261003,install,wave13/candidates-v1/records/,5773f9120006a7f4bfc4bc639efcc1d52a14002801692cacbdf7d163d86b0089
wave13/candidates-v1/assets/pack/packsaddle_cloth-v1.png,wave13-transport,C,public/assets/wave13/pack/packsaddle_cloth-v1.png,향후 운송 시각화,SPECS/wave13-transport.md,현재 사람 운반 워커의 cargo만으로 말/소 견인·기승 상태가 없다. 별도 transport presentation을 도입하여 animal→saddle/load→rider/cart를 방향별 attachment에 맞춰 겹친다. 실제 운송 객체가 없으면 장식 수레를 생성하지 않는다.,"{""cell"":[96,80],""pivot"":[48,76]}",384,160,all,INSTALL-WAVE13-20261003,install,wave13/candidates-v1/records/,050ffbf0262607c5b38f4c683478f4e0d59e4bc77e904cebbce15d403e568fb5
wave13/candidates-v1/assets/pack/packsaddle_sacks-v1.png,wave13-transport,C,public/assets/wave13/pack/packsaddle_sacks-v1.png,향후 운송 시각화,SPECS/wave13-transport.md,현재 사람 운반 워커의 cargo만으로 말/소 견인·기승 상태가 없다. 별도 transport presentation을 도입하여 animal→saddle/load→rider/cart를 방향별 attachment에 맞춰 겹친다. 실제 운송 객체가 없으면 장식 수레를 생성하지 않는다.,"{""cell"":[96,80],""pivot"":[48,76]}",384,160,all,INSTALL-WAVE13-20261003,install,wave13/candidates-v1/records/,3eea7f7b2331075d78ae2ea4b4175e61c7bab918807d69e19c07a36f8815f8ba
wave13/candidates-v1/assets/pack/packsaddle_wool-v1.png,wave13-transport,C,public/assets/wave13/pack/packsaddle_wool-v1.png,향후 운송 시각화,SPECS/wave13-transport.md,현재 사람 운반 워커의 cargo만으로 말/소 견인·기승 상태가 없다. 별도 transport presentation을 도입하여 animal→saddle/load→rider/cart를 방향별 attachment에 맞춰 겹친다. 실제 운송 객체가 없으면 장식 수레를 생성하지 않는다.,"{""cell"":[96,80],""pivot"":[48,76]}",384,160,all,INSTALL-WAVE13-20261003,install,wave13/candidates-v1/records/,573b906633d4303f9ac9063287d46c1bdb6157164b896abd3e6c453109e46939
wave13/candidates-v1/assets/rider/saddle_rider_merchant-v1.png,wave13-transport,C,public/assets/wave13/rider/saddle_rider_merchant-v1.png,향후 운송 시각화,SPECS/wave13-transport.md,현재 사람 운반 워커의 cargo만으로 말/소 견인·기승 상태가 없다. 별도 transport presentation을 도입하여 animal→saddle/load→rider/cart를 방향별 attachment에 맞춰 겹친다. 실제 운송 객체가 없으면 장식 수레를 생성하지 않는다.,"{""cell"":[96,80],""pivot"":[48,76]}",384,160,all,INSTALL-WAVE13-20261003,install,wave13/candidates-v1/records/,b6e70a9df377de1a150d0d744c90db6579a4cda556ed8e6f868bf1fbea91a4b4
wave13/candidates-v1/assets/work/work_goad_ne-v1.png,wave13-workers,B,public/assets/wave13/work/work_goad_ne-v1.png,LM-R3 / CLOTH-UI,SPECS/wave13-workers.md,목축 작업자 역할을 existing pastoral job에 한정해서 worker manifest에 연결한다. drover/goosegirl/swineherd/packhorse_leader를 일반 농부로 전부 풀지 않는다. 도구 goad/whip은 해당 실제 가축 유도 시에만 선택하고 동물 기능 전엔 숨긴다.,"{""cell"":[48,48],""pivot"":[24,24]}",48,48,all,INSTALL-WAVE13-20261003,install,wave13/candidates-v1/records/,79b7ffd2611f3602640c740cbc13933e3bb823fc725c5cbe45cdc9828e4f0b72
wave13/candidates-v1/assets/work/work_goad_nw-v1.png,wave13-workers,B,public/assets/wave13/work/work_goad_nw-v1.png,LM-R3 / CLOTH-UI,SPECS/wave13-workers.md,목축 작업자 역할을 existing pastoral job에 한정해서 worker manifest에 연결한다. drover/goosegirl/swineherd/packhorse_leader를 일반 농부로 전부 풀지 않는다. 도구 goad/whip은 해당 실제 가축 유도 시에만 선택하고 동물 기능 전엔 숨긴다.,"{""cell"":[48,48],""pivot"":[24,24]}",48,48,all,INSTALL-WAVE13-20261003,install,wave13/candidates-v1/records/,13cd2e8f49d6ce1db33374566cc9515ddfe78e82c513ead3897cbd91381beb02
wave13/candidates-v1/assets/work/work_goad_se-v1.png,wave13-workers,B,public/assets/wave13/work/work_goad_se-v1.png,LM-R3 / CLOTH-UI,SPECS/wave13-workers.md,목축 작업자 역할을 existing pastoral job에 한정해서 worker manifest에 연결한다. drover/goosegirl/swineherd/packhorse_leader를 일반 농부로 전부 풀지 않는다. 도구 goad/whip은 해당 실제 가축 유도 시에만 선택하고 동물 기능 전엔 숨긴다.,"{""cell"":[48,48],""pivot"":[24,24]}",48,48,all,INSTALL-WAVE13-20261003,install,wave13/candidates-v1/records/,04601e7b92f5a4e9a0efa48b01d64f29bc10740dc8e59d17f8d4f717bcdea8e2
wave13/candidates-v1/assets/work/work_goad_sw-v1.png,wave13-workers,B,public/assets/wave13/work/work_goad_sw-v1.png,LM-R3 / CLOTH-UI,SPECS/wave13-workers.md,목축 작업자 역할을 existing pastoral job에 한정해서 worker manifest에 연결한다. drover/goosegirl/swineherd/packhorse_leader를 일반 농부로 전부 풀지 않는다. 도구 goad/whip은 해당 실제 가축 유도 시에만 선택하고 동물 기능 전엔 숨긴다.,"{""cell"":[48,48],""pivot"":[24,24]}",48,48,all,INSTALL-WAVE13-20261003,install,wave13/candidates-v1/records/,957c606e0519bfd42cf4bb8c604da12caf4f88ea84c572196a3ef4c3d3ad665a
wave13/candidates-v1/assets/work/work_whip_ne-v1.png,wave13-workers,B,public/assets/wave13/work/work_whip_ne-v1.png,LM-R3 / CLOTH-UI,SPECS/wave13-workers.md,목축 작업자 역할을 existing pastoral job에 한정해서 worker manifest에 연결한다. drover/goosegirl/swineherd/packhorse_leader를 일반 농부로 전부 풀지 않는다. 도구 goad/whip은 해당 실제 가축 유도 시에만 선택하고 동물 기능 전엔 숨긴다.,"{""cell"":[48,48],""pivot"":[24,24]}",48,48,all,INSTALL-WAVE13-20261003,install,wave13/candidates-v1/records/,eb2c236f5f30b26bb1a9f5cd5b5a79a33b262152b3237fdd3feda5473823a4b9
wave13/candidates-v1/assets/work/work_whip_nw-v1.png,wave13-workers,B,public/assets/wave13/work/work_whip_nw-v1.png,LM-R3 / CLOTH-UI,SPECS/wave13-workers.md,목축 작업자 역할을 existing pastoral job에 한정해서 worker manifest에 연결한다. drover/goosegirl/swineherd/packhorse_leader를 일반 농부로 전부 풀지 않는다. 도구 goad/whip은 해당 실제 가축 유도 시에만 선택하고 동물 기능 전엔 숨긴다.,"{""cell"":[48,48],""pivot"":[24,24]}",48,48,all,INSTALL-WAVE13-20261003,install,wave13/candidates-v1/records/,56fa1108450aa532d46f8419fb49b7d1b6b42658d8264d931090005b6672e9c9
wave13/candidates-v1/assets/work/work_whip_se-v1.png,wave13-workers,B,public/assets/wave13/work/work_whip_se-v1.png,LM-R3 / CLOTH-UI,SPECS/wave13-workers.md,목축 작업자 역할을 existing pastoral job에 한정해서 worker manifest에 연결한다. drover/goosegirl/swineherd/packhorse_leader를 일반 농부로 전부 풀지 않는다. 도구 goad/whip은 해당 실제 가축 유도 시에만 선택하고 동물 기능 전엔 숨긴다.,"{""cell"":[48,48],""pivot"":[24,24]}",48,48,all,INSTALL-WAVE13-20261003,install,wave13/candidates-v1/records/,49f1e9876dfdb2dac354d7ce97c89dd7bc499eec62d2ff2ee9239aafbe4ad0c0
wave13/candidates-v1/assets/work/work_whip_sw-v1.png,wave13-workers,B,public/assets/wave13/work/work_whip_sw-v1.png,LM-R3 / CLOTH-UI,SPECS/wave13-workers.md,목축 작업자 역할을 existing pastoral job에 한정해서 worker manifest에 연결한다. drover/goosegirl/swineherd/packhorse_leader를 일반 농부로 전부 풀지 않는다. 도구 goad/whip은 해당 실제 가축 유도 시에만 선택하고 동물 기능 전엔 숨긴다.,"{""cell"":[48,48],""pivot"":[24,24]}",48,48,all,INSTALL-WAVE13-20261003,install,wave13/candidates-v1/records/,b38c8011d4ed01fcb0eedac2dccc1531b88070f5efc408543d14f559a2a9a30e
wave13/candidates-v1/assets/workers/wk_drover_m-v1.png,wave13-workers,B,public/assets/wave13/workers/wk_drover_m-v1.png,LM-R3 / CLOTH-UI,SPECS/wave13-workers.md,목축 작업자 역할을 existing pastoral job에 한정해서 worker manifest에 연결한다. drover/goosegirl/swineherd/packhorse_leader를 일반 농부로 전부 풀지 않는다. 도구 goad/whip은 해당 실제 가축 유도 시에만 선택하고 동물 기능 전엔 숨긴다.,"{""cell"":[74,74],""pivot"":[37,69]}",296,148,all,INSTALL-WAVE13-20261003,install,wave13/candidates-v1/records/,6b358cae1a5041c33917dc4560ccf258eacac886506e28ee87dbb5db296bfd4d
wave13/candidates-v1/assets/workers/wk_goosegirl_f-v1.png,wave13-workers,B,public/assets/wave13/workers/wk_goosegirl_f-v1.png,LM-R3 / CLOTH-UI,SPECS/wave13-workers.md,목축 작업자 역할을 existing pastoral job에 한정해서 worker manifest에 연결한다. drover/goosegirl/swineherd/packhorse_leader를 일반 농부로 전부 풀지 않는다. 도구 goad/whip은 해당 실제 가축 유도 시에만 선택하고 동물 기능 전엔 숨긴다.,"{""cell"":[74,74],""pivot"":[37,69]}",296,148,all,INSTALL-WAVE13-20261003,install,wave13/candidates-v1/records/,205406eb760ef394e094af1872e90b5c00733529409ef15a796efbf6898566f9
wave13/candidates-v1/assets/workers/wk_packhorse_leader-v1.png,wave13-workers,B,public/assets/wave13/workers/wk_packhorse_leader-v1.png,LM-R3 / CLOTH-UI,SPECS/wave13-workers.md,목축 작업자 역할을 existing pastoral job에 한정해서 worker manifest에 연결한다. drover/goosegirl/swineherd/packhorse_leader를 일반 농부로 전부 풀지 않는다. 도구 goad/whip은 해당 실제 가축 유도 시에만 선택하고 동물 기능 전엔 숨긴다.,"{""cell"":[74,74],""pivot"":[37,69]}",296,148,all,INSTALL-WAVE13-20261003,install,wave13/candidates-v1/records/,1243449598bc97bc0413e079cf5feec2e408b14f81dce440b2ed4a5eb3376fa5
wave13/candidates-v1/assets/workers/wk_swineherd_m-v1.png,wave13-workers,B,public/assets/wave13/workers/wk_swineherd_m-v1.png,LM-R3 / CLOTH-UI,SPECS/wave13-workers.md,목축 작업자 역할을 existing pastoral job에 한정해서 worker manifest에 연결한다. drover/goosegirl/swineherd/packhorse_leader를 일반 농부로 전부 풀지 않는다. 도구 goad/whip은 해당 실제 가축 유도 시에만 선택하고 동물 기능 전엔 숨긴다.,"{""cell"":[74,74],""pivot"":[37,69]}",296,148,all,INSTALL-WAVE13-20261003,install,wave13/candidates-v1/records/,f9b667b0d187f1dfcc8303c722bb3d251310b6ea61a4bf7deb1035f617d849ea
wave14/candidates-v1/assets/heraldry/ordinary_bordure.png,wave14-bordure,B,public/assets/wave14/heraldry/ordinary_bordure.png,기존 heraldry data,SPECS/wave14-bordure.md,방패별 shield-UV mapping 필요; INSTALL-14 원래 제외 사유 해결 전 ORDINARIES에 추가 금지.,"UI top-left (0,0)",256,256,all,INSTALL-WAVE14-20261003,install,wave14/candidates-v1/records/,48bddf73d16febbf4bdc0fea8c75f9933318fb735ca0fad4a8015f1f3cdb67c3
wave14/candidates-v1/assets/seals/seal_town_center_bridge.png,wave14-ui,B,public/assets/wave14/seals/seal_town_center_bridge.png,LM-R1 / LM-R2,SPECS/wave14-ui.md,"현재 권리·세력 화면에 semantic icon/frame lookup을 연결한다. town seal은 중심 그림과 round/pointed mask를 중첩하는 별도 조합, existing wax_seal_hanging과 다른 자산이다. merchant_carved_texture는 ink stamp용 mask로 대체하지 않고 조각된 간판 표면에만. frame은 metadata-frames.json safe/9slice 계약 존중; 다른 wave 프레임의 inset 재사용 금지.","UI top-left (0,0)",128,128,all,INSTALL-WAVE14-20261003,install,wave14/candidates-v1/records/,2f8828436d9bca42bc19e08e4073aae7ed2f8a134aa49936de8aefe264624679
wave14/candidates-v1/assets/seals/seal_town_center_church.png,wave14-ui,B,public/assets/wave14/seals/seal_town_center_church.png,LM-R1 / LM-R2,SPECS/wave14-ui.md,"현재 권리·세력 화면에 semantic icon/frame lookup을 연결한다. town seal은 중심 그림과 round/pointed mask를 중첩하는 별도 조합, existing wax_seal_hanging과 다른 자산이다. merchant_carved_texture는 ink stamp용 mask로 대체하지 않고 조각된 간판 표면에만. frame은 metadata-frames.json safe/9slice 계약 존중; 다른 wave 프레임의 inset 재사용 금지.","UI top-left (0,0)",128,128,all,INSTALL-WAVE14-20261003,install,wave14/candidates-v1/records/,8a5abb2a9d13bdf17478f8236562c04c4b40f8931297b81d9b0e4bbf97c721fb
wave14/candidates-v1/assets/seals/seal_town_center_gate.png,wave14-ui,B,public/assets/wave14/seals/seal_town_center_gate.png,LM-R1 / LM-R2,SPECS/wave14-ui.md,"현재 권리·세력 화면에 semantic icon/frame lookup을 연결한다. town seal은 중심 그림과 round/pointed mask를 중첩하는 별도 조합, existing wax_seal_hanging과 다른 자산이다. merchant_carved_texture는 ink stamp용 mask로 대체하지 않고 조각된 간판 표면에만. frame은 metadata-frames.json safe/9slice 계약 존중; 다른 wave 프레임의 inset 재사용 금지.","UI top-left (0,0)",128,128,all,INSTALL-WAVE14-20261003,install,wave14/candidates-v1/records/,901c547899b6bc9e51faf446e1603e68fe0df0533820857b2736e5f48a8c4ac0
wave14/candidates-v1/assets/seals/seal_town_center_ship.png,wave14-ui,B,public/assets/wave14/seals/seal_town_center_ship.png,LM-R1 / LM-R2,SPECS/wave14-ui.md,"현재 권리·세력 화면에 semantic icon/frame lookup을 연결한다. town seal은 중심 그림과 round/pointed mask를 중첩하는 별도 조합, existing wax_seal_hanging과 다른 자산이다. merchant_carved_texture는 ink stamp용 mask로 대체하지 않고 조각된 간판 표면에만. frame은 metadata-frames.json safe/9slice 계약 존중; 다른 wave 프레임의 inset 재사용 금지.","UI top-left (0,0)",128,128,all,INSTALL-WAVE14-20261003,install,wave14/candidates-v1/records/,b309fc7f535c9149c3707775ea55bc37375f812e12b16ae90491cbfdba2a236f
wave14/candidates-v1/assets/seals/seal_town_pointed_oval.png,wave14-ui,B,public/assets/wave14/seals/seal_town_pointed_oval.png,LM-R1 / LM-R2,SPECS/wave14-ui.md,"현재 권리·세력 화면에 semantic icon/frame lookup을 연결한다. town seal은 중심 그림과 round/pointed mask를 중첩하는 별도 조합, existing wax_seal_hanging과 다른 자산이다. merchant_carved_texture는 ink stamp용 mask로 대체하지 않고 조각된 간판 표면에만. frame은 metadata-frames.json safe/9slice 계약 존중; 다른 wave 프레임의 inset 재사용 금지.","UI top-left (0,0)",256,256,all,INSTALL-WAVE14-20261003,install,wave14/candidates-v1/records/,46e652a8b1ccdc8a53b1fedee5e908fea1f4a25bae0f2c3c11bcfb930912a132
wave14/candidates-v1/assets/seals/seal_town_round.png,wave14-ui,B,public/assets/wave14/seals/seal_town_round.png,LM-R1 / LM-R2,SPECS/wave14-ui.md,"현재 권리·세력 화면에 semantic icon/frame lookup을 연결한다. town seal은 중심 그림과 round/pointed mask를 중첩하는 별도 조합, existing wax_seal_hanging과 다른 자산이다. merchant_carved_texture는 ink stamp용 mask로 대체하지 않고 조각된 간판 표면에만. frame은 metadata-frames.json safe/9slice 계약 존중; 다른 wave 프레임의 inset 재사용 금지.","UI top-left (0,0)",256,256,all,INSTALL-WAVE14-20261003,install,wave14/candidates-v1/records/,9461a4fb70a100507aa391c2ee002903435a96dbafdf019a3b272c970a9893f5
wave14/candidates-v1/assets/ui-frames/frame_charter-v1.png,wave14-ui,B,public/assets/wave14/ui-frames/frame_charter-v1.png,LM-R1 / LM-R2,SPECS/wave14-ui.md,"현재 권리·세력 화면에 semantic icon/frame lookup을 연결한다. town seal은 중심 그림과 round/pointed mask를 중첩하는 별도 조합, existing wax_seal_hanging과 다른 자산이다. merchant_carved_texture는 ink stamp용 mask로 대체하지 않고 조각된 간판 표면에만. frame은 metadata-frames.json safe/9slice 계약 존중; 다른 wave 프레임의 inset 재사용 금지.","UI top-left (0,0)",512,640,all,INSTALL-WAVE14-20261003,install,wave14/candidates-v1/records/,fb41a9b7f383f25a6f552c8a9516cdc4ae2b8fda312d6c6c542e3d55e8d26dc4
wave14/candidates-v1/assets/ui-frames/frame_faction_panel-v1.png,wave14-ui,B,public/assets/wave14/ui-frames/frame_faction_panel-v1.png,LM-R1 / LM-R2,SPECS/wave14-ui.md,"현재 권리·세력 화면에 semantic icon/frame lookup을 연결한다. town seal은 중심 그림과 round/pointed mask를 중첩하는 별도 조합, existing wax_seal_hanging과 다른 자산이다. merchant_carved_texture는 ink stamp용 mask로 대체하지 않고 조각된 간판 표면에만. frame은 metadata-frames.json safe/9slice 계약 존중; 다른 wave 프레임의 inset 재사용 금지.","UI top-left (0,0)",384,256,all,INSTALL-WAVE14-20261003,install,wave14/candidates-v1/records/,4074792ae97fe988d1b72fce7aa41ed452373a06d13618bd9e9a373b4b128f06
wave14/candidates-v1/assets/ui-frames/frame_grievance_ledger-v1.png,wave14-ui,B,public/assets/wave14/ui-frames/frame_grievance_ledger-v1.png,LM-R1 / LM-R2,SPECS/wave14-ui.md,"현재 권리·세력 화면에 semantic icon/frame lookup을 연결한다. town seal은 중심 그림과 round/pointed mask를 중첩하는 별도 조합, existing wax_seal_hanging과 다른 자산이다. merchant_carved_texture는 ink stamp용 mask로 대체하지 않고 조각된 간판 표면에만. frame은 metadata-frames.json safe/9slice 계약 존중; 다른 wave 프레임의 inset 재사용 금지.","UI top-left (0,0)",384,512,all,INSTALL-WAVE14-20261003,install,wave14/candidates-v1/records/,8cff54032d38aca6c6e3d1f0088ec92c32d6a07bd3a6743578fe879160465fc1
wave14/candidates-v1/assets/ui-icons/icon_faction_church-v1.png,wave14-ui,B,public/assets/wave14/ui-icons/icon_faction_church-v1.png,LM-R1 / LM-R2,SPECS/wave14-ui.md,"현재 권리·세력 화면에 semantic icon/frame lookup을 연결한다. town seal은 중심 그림과 round/pointed mask를 중첩하는 별도 조합, existing wax_seal_hanging과 다른 자산이다. merchant_carved_texture는 ink stamp용 mask로 대체하지 않고 조각된 간판 표면에만. frame은 metadata-frames.json safe/9slice 계약 존중; 다른 wave 프레임의 inset 재사용 금지.","UI top-left (0,0)",96,96,all,INSTALL-WAVE14-20261003,install,wave14/candidates-v1/records/,a997fcadd069364f0e7285ddf91d0a1edf1058bdf23d32acc90ab05af4aa8faf
wave14/candidates-v1/assets/ui-icons/icon_faction_commune-v1.png,wave14-ui,B,public/assets/wave14/ui-icons/icon_faction_commune-v1.png,LM-R1 / LM-R2,SPECS/wave14-ui.md,"현재 권리·세력 화면에 semantic icon/frame lookup을 연결한다. town seal은 중심 그림과 round/pointed mask를 중첩하는 별도 조합, existing wax_seal_hanging과 다른 자산이다. merchant_carved_texture는 ink stamp용 mask로 대체하지 않고 조각된 간판 표면에만. frame은 metadata-frames.json safe/9slice 계약 존중; 다른 wave 프레임의 inset 재사용 금지.","UI top-left (0,0)",96,96,all,INSTALL-WAVE14-20261003,install,wave14/candidates-v1/records/,8fb87a3e13b603dba6bd97b2e6dcdbf36c3804b00c93600819a33c314091514d
wave14/candidates-v1/assets/ui-icons/icon_faction_crown-v1.png,wave14-ui,B,public/assets/wave14/ui-icons/icon_faction_crown-v1.png,LM-R1 / LM-R2,SPECS/wave14-ui.md,"현재 권리·세력 화면에 semantic icon/frame lookup을 연결한다. town seal은 중심 그림과 round/pointed mask를 중첩하는 별도 조합, existing wax_seal_hanging과 다른 자산이다. merchant_carved_texture는 ink stamp용 mask로 대체하지 않고 조각된 간판 표면에만. frame은 metadata-frames.json safe/9slice 계약 존중; 다른 wave 프레임의 inset 재사용 금지.","UI top-left (0,0)",96,96,all,INSTALL-WAVE14-20261003,install,wave14/candidates-v1/records/,552ec988b14e97d861f406fcdbfb141bb979ea52676755d2f3e4e3e411138261
wave14/candidates-v1/assets/ui-icons/icon_faction_lord_household-v1.png,wave14-ui,B,public/assets/wave14/ui-icons/icon_faction_lord_household-v1.png,LM-R1 / LM-R2,SPECS/wave14-ui.md,"현재 권리·세력 화면에 semantic icon/frame lookup을 연결한다. town seal은 중심 그림과 round/pointed mask를 중첩하는 별도 조합, existing wax_seal_hanging과 다른 자산이다. merchant_carved_texture는 ink stamp용 mask로 대체하지 않고 조각된 간판 표면에만. frame은 metadata-frames.json safe/9slice 계약 존중; 다른 wave 프레임의 inset 재사용 금지.","UI top-left (0,0)",96,96,all,INSTALL-WAVE14-20261003,install,wave14/candidates-v1/records/,c0753d310f9b5c938ad8a4728369f8d1972a94caa53154820ee0dcbeb5ecdc56
wave14/candidates-v1/assets/ui-icons/icon_faction_merchant_elite-v1.png,wave14-ui,B,public/assets/wave14/ui-icons/icon_faction_merchant_elite-v1.png,LM-R1 / LM-R2,SPECS/wave14-ui.md,"현재 권리·세력 화면에 semantic icon/frame lookup을 연결한다. town seal은 중심 그림과 round/pointed mask를 중첩하는 별도 조합, existing wax_seal_hanging과 다른 자산이다. merchant_carved_texture는 ink stamp용 mask로 대체하지 않고 조각된 간판 표면에만. frame은 metadata-frames.json safe/9slice 계약 존중; 다른 wave 프레임의 inset 재사용 금지.","UI top-left (0,0)",96,96,all,INSTALL-WAVE14-20261003,install,wave14/candidates-v1/records/,6f060729ef4e56822db9204be5fd5075b0fb81b1aaf9021a8196bd207cbff9ad
wave14/texture-rework-20260926/assets/merchant/merchant_carved_texture.png,wave14-ui,B,public/assets/wave14/merchant/merchant_carved_texture.png,LM-R1 / LM-R2,SPECS/wave14-ui.md,"현재 권리·세력 화면에 semantic icon/frame lookup을 연결한다. town seal은 중심 그림과 round/pointed mask를 중첩하는 별도 조합, existing wax_seal_hanging과 다른 자산이다. merchant_carved_texture는 ink stamp용 mask로 대체하지 않고 조각된 간판 표면에만. frame은 metadata-frames.json safe/9slice 계약 존중; 다른 wave 프레임의 inset 재사용 금지.","UI top-left (0,0)",128,128,all,INSTALL-WAVE14-20261003,install,wave14/texture-rework-20260926/records/,11ca3be6b738a98e358103b0f7502e8f795a532937ef11e9f9e2106867d4f339
wave17/candidates-20260926/assets/bld/muster_field-v1.png,wave17-war,B,public/assets/wave17/bld/muster_field-v1.png,LM-R3 / UI-6,SPECS/wave17-war.md,"state.war의 conscripts·instalments·licence·raid·wall 상태를 읽고 보이는 표지로 연결한다. muster_field/royal_warehouse는 새 경제 건물로 설치하지 않고 고정된 공터/기존 창고 옆 presentation으로만 제안. trampled_field는 실제 raid 피해 필드, scaffold는 실제 석벽공사에만. levy/raider/refugee/royal 워커를 평시 일반 직업 pool에 넣지 않는다. 상태에 해당하는 기존 episode actor가 없다면 presentation actor lifecycle을 먼저 연결한다.","(128,191) native px",256,192,all,INSTALL-WAVE17-20261003,install,wave17/candidates-20260926/records/,3780fb9436e83970ee42520a765d2bd7db05f4b019770ed7793525d5ead021c5
wave17/candidates-20260926/assets/bld/royal_warehouse-v1.png,wave17-war,B,public/assets/wave17/bld/royal_warehouse-v1.png,LM-R3 / UI-6,SPECS/wave17-war.md,"state.war의 conscripts·instalments·licence·raid·wall 상태를 읽고 보이는 표지로 연결한다. muster_field/royal_warehouse는 새 경제 건물로 설치하지 않고 고정된 공터/기존 창고 옆 presentation으로만 제안. trampled_field는 실제 raid 피해 필드, scaffold는 실제 석벽공사에만. levy/raider/refugee/royal 워커를 평시 일반 직업 pool에 넣지 않는다. 상태에 해당하는 기존 episode actor가 없다면 presentation actor lifecycle을 먼저 연결한다.","(128,255) native px",256,256,all,INSTALL-WAVE17-20261003,install,wave17/candidates-20260926/records/,ad1c9872cdd59cfc6c7e451c81eeecc476bf744bebe1745e30950009c3607e0e
wave17/candidates-20260926/assets/decal/trampled_field-v1.png,wave17-war,B,public/assets/wave17/decal/trampled_field-v1.png,LM-R3 / UI-6,SPECS/wave17-war.md,"state.war의 conscripts·instalments·licence·raid·wall 상태를 읽고 보이는 표지로 연결한다. muster_field/royal_warehouse는 새 경제 건물로 설치하지 않고 고정된 공터/기존 창고 옆 presentation으로만 제안. trampled_field는 실제 raid 피해 필드, scaffold는 실제 석벽공사에만. levy/raider/refugee/royal 워커를 평시 일반 직업 pool에 넣지 않는다. 상태에 해당하는 기존 episode actor가 없다면 presentation actor lifecycle을 먼저 연결한다.","(64,63) native px",128,64,all,INSTALL-WAVE17-20261003,install,wave17/candidates-20260926/records/,8fd3ee6047d5be374252de04984a9c9d73d35bf05cf295a81ab18a92913ad10e
wave17/candidates-20260926/assets/herd/wool_sack_convoy-v1.png,wave17-war,B,public/assets/wave17/herd/wool_sack_convoy-v1.png,LM-R3 / UI-6,SPECS/wave17-war.md,"state.war의 conscripts·instalments·licence·raid·wall 상태를 읽고 보이는 표지로 연결한다. muster_field/royal_warehouse는 새 경제 건물로 설치하지 않고 고정된 공터/기존 창고 옆 presentation으로만 제안. trampled_field는 실제 raid 피해 필드, scaffold는 실제 석벽공사에만. levy/raider/refugee/royal 워커를 평시 일반 직업 pool에 넣지 않는다. 상태에 해당하는 기존 episode actor가 없다면 presentation actor lifecycle을 먼저 연결한다.","[{""direction"":""NE"",""frame"":""0"",""ground"":[""30.52"",""57""]},{""direction"":""SE"",""frame"":""0"",""ground"":[""50"",""51""]},{""direction"":""SW"",""frame"":""0"",""ground"":[""77.76"",""51""]},{""direction"":""NW"",""frame"":""0"",""ground"":[""88.12"",""57""]},{""direction"":""NE"",""frame"":""1"",""ground"":[""30.52"",""57""]},{""direction"":""SE"",""frame"":""1"",""ground"":[""50"",""51""]},{""direction"":""SW"",""frame"":""1"",""ground"":[""77.76"",""51""]},{""direction"":""NW"",""frame"":""1"",""ground"":[""88.12"",""57""]}] alpha-ground measurement; attachment uses assembly metadata",512,192,all,INSTALL-WAVE17-20261003,install,assets-inbox/wave17/candidates-20260926/records/frame_pivots.csv,2dc94bc01b24fffdd9cbaf010cbd929e301e2723951f63c8c2a82f4db5a39ae6
wave17/candidates-20260926/assets/prop/held_bill_ne-v1.png,wave17-war,B,public/assets/wave17/prop/held_bill_ne-v1.png,LM-R3 / UI-6,SPECS/wave17-war.md,"state.war의 conscripts·instalments·licence·raid·wall 상태를 읽고 보이는 표지로 연결한다. muster_field/royal_warehouse는 새 경제 건물로 설치하지 않고 고정된 공터/기존 창고 옆 presentation으로만 제안. trampled_field는 실제 raid 피해 필드, scaffold는 실제 석벽공사에만. levy/raider/refugee/royal 워커를 평시 일반 직업 pool에 넣지 않는다. 상태에 해당하는 기존 episode actor가 없다면 presentation actor lifecycle을 먼저 연결한다.",per-frame/source registration: wave17/candidates-20260926/records/ (spec requirement; not guessed),32,32,all,INSTALL-WAVE17-20261003,install,wave17/candidates-20260926/records/,0d00ccffc0158bad308974b74a039302ac354a9c0e5f1dbbbf8b0fd3de86bbe2
wave17/candidates-20260926/assets/prop/held_bill_nw-v1.png,wave17-war,B,public/assets/wave17/prop/held_bill_nw-v1.png,LM-R3 / UI-6,SPECS/wave17-war.md,"state.war의 conscripts·instalments·licence·raid·wall 상태를 읽고 보이는 표지로 연결한다. muster_field/royal_warehouse는 새 경제 건물로 설치하지 않고 고정된 공터/기존 창고 옆 presentation으로만 제안. trampled_field는 실제 raid 피해 필드, scaffold는 실제 석벽공사에만. levy/raider/refugee/royal 워커를 평시 일반 직업 pool에 넣지 않는다. 상태에 해당하는 기존 episode actor가 없다면 presentation actor lifecycle을 먼저 연결한다.",per-frame/source registration: wave17/candidates-20260926/records/ (spec requirement; not guessed),32,32,all,INSTALL-WAVE17-20261003,install,wave17/candidates-20260926/records/,019cd77549f67114a8136cb4cd012f9c8814e9398e963115880321bd6635f4e8
wave17/candidates-20260926/assets/prop/held_bill_se-v1.png,wave17-war,B,public/assets/wave17/prop/held_bill_se-v1.png,LM-R3 / UI-6,SPECS/wave17-war.md,"state.war의 conscripts·instalments·licence·raid·wall 상태를 읽고 보이는 표지로 연결한다. muster_field/royal_warehouse는 새 경제 건물로 설치하지 않고 고정된 공터/기존 창고 옆 presentation으로만 제안. trampled_field는 실제 raid 피해 필드, scaffold는 실제 석벽공사에만. levy/raider/refugee/royal 워커를 평시 일반 직업 pool에 넣지 않는다. 상태에 해당하는 기존 episode actor가 없다면 presentation actor lifecycle을 먼저 연결한다.",per-frame/source registration: wave17/candidates-20260926/records/ (spec requirement; not guessed),32,32,all,INSTALL-WAVE17-20261003,install,wave17/candidates-20260926/records/,6b9b0187007beccec458f5c4f26e818afb4dc1913301a4dae5ad83d1b1512247
wave17/candidates-20260926/assets/prop/held_bill_sw-v1.png,wave17-war,B,public/assets/wave17/prop/held_bill_sw-v1.png,LM-R3 / UI-6,SPECS/wave17-war.md,"state.war의 conscripts·instalments·licence·raid·wall 상태를 읽고 보이는 표지로 연결한다. muster_field/royal_warehouse는 새 경제 건물로 설치하지 않고 고정된 공터/기존 창고 옆 presentation으로만 제안. trampled_field는 실제 raid 피해 필드, scaffold는 실제 석벽공사에만. levy/raider/refugee/royal 워커를 평시 일반 직업 pool에 넣지 않는다. 상태에 해당하는 기존 episode actor가 없다면 presentation actor lifecycle을 먼저 연결한다.",per-frame/source registration: wave17/candidates-20260926/records/ (spec requirement; not guessed),32,32,all,INSTALL-WAVE17-20261003,install,wave17/candidates-20260926/records/,9858ef8ef7aeb00452871075474c4862c5a65897f4cf97904b7bea186126f9b7
wave17/candidates-20260926/assets/prop/held_ledger_ne-v1.png,wave17-war,B,public/assets/wave17/prop/held_ledger_ne-v1.png,LM-R3 / UI-6,SPECS/wave17-war.md,"state.war의 conscripts·instalments·licence·raid·wall 상태를 읽고 보이는 표지로 연결한다. muster_field/royal_warehouse는 새 경제 건물로 설치하지 않고 고정된 공터/기존 창고 옆 presentation으로만 제안. trampled_field는 실제 raid 피해 필드, scaffold는 실제 석벽공사에만. levy/raider/refugee/royal 워커를 평시 일반 직업 pool에 넣지 않는다. 상태에 해당하는 기존 episode actor가 없다면 presentation actor lifecycle을 먼저 연결한다.",per-frame/source registration: wave17/candidates-20260926/records/ (spec requirement; not guessed),32,32,all,INSTALL-WAVE17-20261003,install,wave17/candidates-20260926/records/,a49270e2d120fbc383236e4108af19be8eee7aed34b9afa1c6288e52031ea5ac
wave17/candidates-20260926/assets/prop/held_ledger_nw-v1.png,wave17-war,B,public/assets/wave17/prop/held_ledger_nw-v1.png,LM-R3 / UI-6,SPECS/wave17-war.md,"state.war의 conscripts·instalments·licence·raid·wall 상태를 읽고 보이는 표지로 연결한다. muster_field/royal_warehouse는 새 경제 건물로 설치하지 않고 고정된 공터/기존 창고 옆 presentation으로만 제안. trampled_field는 실제 raid 피해 필드, scaffold는 실제 석벽공사에만. levy/raider/refugee/royal 워커를 평시 일반 직업 pool에 넣지 않는다. 상태에 해당하는 기존 episode actor가 없다면 presentation actor lifecycle을 먼저 연결한다.",per-frame/source registration: wave17/candidates-20260926/records/ (spec requirement; not guessed),32,32,all,INSTALL-WAVE17-20261003,install,wave17/candidates-20260926/records/,310bde0e9bc5f46531b2b67e26b25476fbf1f9445e76f40621cabc17e8e63f35
wave17/candidates-20260926/assets/prop/held_ledger_se-v1.png,wave17-war,B,public/assets/wave17/prop/held_ledger_se-v1.png,LM-R3 / UI-6,SPECS/wave17-war.md,"state.war의 conscripts·instalments·licence·raid·wall 상태를 읽고 보이는 표지로 연결한다. muster_field/royal_warehouse는 새 경제 건물로 설치하지 않고 고정된 공터/기존 창고 옆 presentation으로만 제안. trampled_field는 실제 raid 피해 필드, scaffold는 실제 석벽공사에만. levy/raider/refugee/royal 워커를 평시 일반 직업 pool에 넣지 않는다. 상태에 해당하는 기존 episode actor가 없다면 presentation actor lifecycle을 먼저 연결한다.",per-frame/source registration: wave17/candidates-20260926/records/ (spec requirement; not guessed),32,32,all,INSTALL-WAVE17-20261003,install,wave17/candidates-20260926/records/,606ecfb0ae6946952ac77c52241512789dab826064ec9c6b5339cff34f889c2a
wave17/candidates-20260926/assets/prop/held_ledger_sw-v1.png,wave17-war,B,public/assets/wave17/prop/held_ledger_sw-v1.png,LM-R3 / UI-6,SPECS/wave17-war.md,"state.war의 conscripts·instalments·licence·raid·wall 상태를 읽고 보이는 표지로 연결한다. muster_field/royal_warehouse는 새 경제 건물로 설치하지 않고 고정된 공터/기존 창고 옆 presentation으로만 제안. trampled_field는 실제 raid 피해 필드, scaffold는 실제 석벽공사에만. levy/raider/refugee/royal 워커를 평시 일반 직업 pool에 넣지 않는다. 상태에 해당하는 기존 episode actor가 없다면 presentation actor lifecycle을 먼저 연결한다.",per-frame/source registration: wave17/candidates-20260926/records/ (spec requirement; not guessed),32,32,all,INSTALL-WAVE17-20261003,install,wave17/candidates-20260926/records/,d758b8222cf359eda17d51f9ea2a202b499d0e7d40c17bdd823c4e67b955cd2f
wave17/candidates-20260926/assets/prop/held_longbow_ne-v1.png,wave17-war,B,public/assets/wave17/prop/held_longbow_ne-v1.png,LM-R3 / UI-6,SPECS/wave17-war.md,"state.war의 conscripts·instalments·licence·raid·wall 상태를 읽고 보이는 표지로 연결한다. muster_field/royal_warehouse는 새 경제 건물로 설치하지 않고 고정된 공터/기존 창고 옆 presentation으로만 제안. trampled_field는 실제 raid 피해 필드, scaffold는 실제 석벽공사에만. levy/raider/refugee/royal 워커를 평시 일반 직업 pool에 넣지 않는다. 상태에 해당하는 기존 episode actor가 없다면 presentation actor lifecycle을 먼저 연결한다.",per-frame/source registration: wave17/candidates-20260926/records/ (spec requirement; not guessed),32,32,all,INSTALL-WAVE17-20261003,install,wave17/candidates-20260926/records/,27e4d91dc88909d4a685a2ee4c0e771e5bfa9f83ada3f16f232b6c851f7248ac
wave17/candidates-20260926/assets/prop/held_longbow_nw-v1.png,wave17-war,B,public/assets/wave17/prop/held_longbow_nw-v1.png,LM-R3 / UI-6,SPECS/wave17-war.md,"state.war의 conscripts·instalments·licence·raid·wall 상태를 읽고 보이는 표지로 연결한다. muster_field/royal_warehouse는 새 경제 건물로 설치하지 않고 고정된 공터/기존 창고 옆 presentation으로만 제안. trampled_field는 실제 raid 피해 필드, scaffold는 실제 석벽공사에만. levy/raider/refugee/royal 워커를 평시 일반 직업 pool에 넣지 않는다. 상태에 해당하는 기존 episode actor가 없다면 presentation actor lifecycle을 먼저 연결한다.",per-frame/source registration: wave17/candidates-20260926/records/ (spec requirement; not guessed),32,32,all,INSTALL-WAVE17-20261003,install,wave17/candidates-20260926/records/,43f0d03b8e47322775b47b069b0a2e7a0fc956e3827c8861b83556b172305d80
wave17/candidates-20260926/assets/prop/held_longbow_se-v1.png,wave17-war,B,public/assets/wave17/prop/held_longbow_se-v1.png,LM-R3 / UI-6,SPECS/wave17-war.md,"state.war의 conscripts·instalments·licence·raid·wall 상태를 읽고 보이는 표지로 연결한다. muster_field/royal_warehouse는 새 경제 건물로 설치하지 않고 고정된 공터/기존 창고 옆 presentation으로만 제안. trampled_field는 실제 raid 피해 필드, scaffold는 실제 석벽공사에만. levy/raider/refugee/royal 워커를 평시 일반 직업 pool에 넣지 않는다. 상태에 해당하는 기존 episode actor가 없다면 presentation actor lifecycle을 먼저 연결한다.",per-frame/source registration: wave17/candidates-20260926/records/ (spec requirement; not guessed),32,32,all,INSTALL-WAVE17-20261003,install,wave17/candidates-20260926/records/,7cbd97bca4231fd144b80ddfe1680a317765c67cf43f78bab6db506a745e03b0
wave17/candidates-20260926/assets/prop/held_longbow_sw-v1.png,wave17-war,B,public/assets/wave17/prop/held_longbow_sw-v1.png,LM-R3 / UI-6,SPECS/wave17-war.md,"state.war의 conscripts·instalments·licence·raid·wall 상태를 읽고 보이는 표지로 연결한다. muster_field/royal_warehouse는 새 경제 건물로 설치하지 않고 고정된 공터/기존 창고 옆 presentation으로만 제안. trampled_field는 실제 raid 피해 필드, scaffold는 실제 석벽공사에만. levy/raider/refugee/royal 워커를 평시 일반 직업 pool에 넣지 않는다. 상태에 해당하는 기존 episode actor가 없다면 presentation actor lifecycle을 먼저 연결한다.",per-frame/source registration: wave17/candidates-20260926/records/ (spec requirement; not guessed),32,32,all,INSTALL-WAVE17-20261003,install,wave17/candidates-20260926/records/,940796a124a1716d773ae4de32acb4b163973e9f1a295479028a2621a0d33ed0
wave17/candidates-20260926/assets/prop/held_torch_ne-v1.png,wave17-war,B,public/assets/wave17/prop/held_torch_ne-v1.png,LM-R3 / UI-6,SPECS/wave17-war.md,"state.war의 conscripts·instalments·licence·raid·wall 상태를 읽고 보이는 표지로 연결한다. muster_field/royal_warehouse는 새 경제 건물로 설치하지 않고 고정된 공터/기존 창고 옆 presentation으로만 제안. trampled_field는 실제 raid 피해 필드, scaffold는 실제 석벽공사에만. levy/raider/refugee/royal 워커를 평시 일반 직업 pool에 넣지 않는다. 상태에 해당하는 기존 episode actor가 없다면 presentation actor lifecycle을 먼저 연결한다.",per-frame/source registration: wave17/candidates-20260926/records/ (spec requirement; not guessed),32,32,all,INSTALL-WAVE17-20261003,install,wave17/candidates-20260926/records/,ecbddb7c033595c4ecf6b18e102dcf1254a1418ce7d845e8d0ca24be4c15dae6
wave17/candidates-20260926/assets/prop/held_torch_nw-v1.png,wave17-war,B,public/assets/wave17/prop/held_torch_nw-v1.png,LM-R3 / UI-6,SPECS/wave17-war.md,"state.war의 conscripts·instalments·licence·raid·wall 상태를 읽고 보이는 표지로 연결한다. muster_field/royal_warehouse는 새 경제 건물로 설치하지 않고 고정된 공터/기존 창고 옆 presentation으로만 제안. trampled_field는 실제 raid 피해 필드, scaffold는 실제 석벽공사에만. levy/raider/refugee/royal 워커를 평시 일반 직업 pool에 넣지 않는다. 상태에 해당하는 기존 episode actor가 없다면 presentation actor lifecycle을 먼저 연결한다.",per-frame/source registration: wave17/candidates-20260926/records/ (spec requirement; not guessed),32,32,all,INSTALL-WAVE17-20261003,install,wave17/candidates-20260926/records/,2951d67a4e2c57f29d3cd0dcc3590f4b3b3fc9e7f3fc9e0e19d7d60837c6277e
wave17/candidates-20260926/assets/prop/held_torch_se-v1.png,wave17-war,B,public/assets/wave17/prop/held_torch_se-v1.png,LM-R3 / UI-6,SPECS/wave17-war.md,"state.war의 conscripts·instalments·licence·raid·wall 상태를 읽고 보이는 표지로 연결한다. muster_field/royal_warehouse는 새 경제 건물로 설치하지 않고 고정된 공터/기존 창고 옆 presentation으로만 제안. trampled_field는 실제 raid 피해 필드, scaffold는 실제 석벽공사에만. levy/raider/refugee/royal 워커를 평시 일반 직업 pool에 넣지 않는다. 상태에 해당하는 기존 episode actor가 없다면 presentation actor lifecycle을 먼저 연결한다.",per-frame/source registration: wave17/candidates-20260926/records/ (spec requirement; not guessed),32,32,all,INSTALL-WAVE17-20261003,install,wave17/candidates-20260926/records/,589765b42af7c0fbd59039c26137f6d8b17e4e23a34550020c3e9411aadbf2c7
wave17/candidates-20260926/assets/prop/held_torch_sw-v1.png,wave17-war,B,public/assets/wave17/prop/held_torch_sw-v1.png,LM-R3 / UI-6,SPECS/wave17-war.md,"state.war의 conscripts·instalments·licence·raid·wall 상태를 읽고 보이는 표지로 연결한다. muster_field/royal_warehouse는 새 경제 건물로 설치하지 않고 고정된 공터/기존 창고 옆 presentation으로만 제안. trampled_field는 실제 raid 피해 필드, scaffold는 실제 석벽공사에만. levy/raider/refugee/royal 워커를 평시 일반 직업 pool에 넣지 않는다. 상태에 해당하는 기존 episode actor가 없다면 presentation actor lifecycle을 먼저 연결한다.",per-frame/source registration: wave17/candidates-20260926/records/ (spec requirement; not guessed),32,32,all,INSTALL-WAVE17-20261003,install,wave17/candidates-20260926/records/,18a86b1cece806a0c170b1546bae1fbfd7848e17853c319fb9a1f68ccea83343
wave17/candidates-20260926/assets/prop/refugee_bundle_sheet-v1.png,wave17-war,B,public/assets/wave17/prop/refugee_bundle_sheet-v1.png,LM-R3 / UI-6,SPECS/wave17-war.md,"state.war의 conscripts·instalments·licence·raid·wall 상태를 읽고 보이는 표지로 연결한다. muster_field/royal_warehouse는 새 경제 건물로 설치하지 않고 고정된 공터/기존 창고 옆 presentation으로만 제안. trampled_field는 실제 raid 피해 필드, scaffold는 실제 석벽공사에만. levy/raider/refugee/royal 워커를 평시 일반 직업 pool에 넣지 않는다. 상태에 해당하는 기존 episode actor가 없다면 presentation actor lifecycle을 먼저 연결한다.","[{""direction"":""NE"",""frame"":""0"",""ground"":[""33.13"",""36""]},{""direction"":""SE"",""frame"":""0"",""ground"":[""28.13"",""38""]},{""direction"":""SW"",""frame"":""0"",""ground"":[""49.13"",""38""]},{""direction"":""NW"",""frame"":""0"",""ground"":[""44.13"",""36""]},{""direction"":""NE"",""frame"":""1"",""ground"":[""33.13"",""37""]},{""direction"":""SE"",""frame"":""1"",""ground"":[""29.13"",""37""]},{""direction"":""SW"",""frame"":""1"",""ground"":[""50.13"",""37""]},{""direction"":""NW"",""frame"":""1"",""ground"":[""44.13"",""37""]}] alpha-ground measurement; attachment uses assembly metadata",296,148,all,INSTALL-WAVE17-20261003,install,assets-inbox/wave17/candidates-20260926/records/frame_pivots.csv,59ee935100d542bc8d514220a9e5f8ac47c1b633111027240d1060297457c0be
wave17/candidates-20260926/assets/prop/refugee_child_sheet-v1.png,legacy-reconcile,A,public/assets/wave9/prop/leaving_child_sheet-v1.png,INSTALL-7 / UI-4,INSTALL_LISTS/legacy-reconcile.md,이미 설치된 동일 원본의 사본이다. 새 파일 복사·카탈로그 중복 추가 없이 existing_target를 유지한다. installed_by는 실제 증명한 기존 설치 ID와 reconciliation 감사 ID를 함께 기록한다.,per-frame/source registration: wave17/candidates-20260926/records/ (spec requirement; not guessed),296,148,all,UI-4; RECONCILE-INSTALL-20261003,ledger_reconcile,wave17/candidates-20260926/records/,64f9b3061e032bb59fda208b905697fca6d883c1c09490f9b4aaeee5cdb4d929
wave17/candidates-20260926/assets/wall/stone_wall_repair_scaffold-v1.png,wave17-war,B,public/assets/wave17/wall/stone_wall_repair_scaffold-v1.png,LM-R3 / UI-6,SPECS/wave17-war.md,"state.war의 conscripts·instalments·licence·raid·wall 상태를 읽고 보이는 표지로 연결한다. muster_field/royal_warehouse는 새 경제 건물로 설치하지 않고 고정된 공터/기존 창고 옆 presentation으로만 제안. trampled_field는 실제 raid 피해 필드, scaffold는 실제 석벽공사에만. levy/raider/refugee/royal 워커를 평시 일반 직업 pool에 넣지 않는다. 상태에 해당하는 기존 episode actor가 없다면 presentation actor lifecycle을 먼저 연결한다.","(256,127) native px",512,128,all,INSTALL-WAVE17-20261003,install,wave17/candidates-20260926/records/,3356509790b1448ceec28406d9c288d1cde130529eba99bb4fefcac861806b52
wave17/candidates-20260926/assets/wk/wk_levy_archer-v1.png,wave17-war,B,public/assets/wave17/wk/wk_levy_archer-v1.png,LM-R3 / UI-6,SPECS/wave17-war.md,"state.war의 conscripts·instalments·licence·raid·wall 상태를 읽고 보이는 표지로 연결한다. muster_field/royal_warehouse는 새 경제 건물로 설치하지 않고 고정된 공터/기존 창고 옆 presentation으로만 제안. trampled_field는 실제 raid 피해 필드, scaffold는 실제 석벽공사에만. levy/raider/refugee/royal 워커를 평시 일반 직업 pool에 넣지 않는다. 상태에 해당하는 기존 episode actor가 없다면 presentation actor lifecycle을 먼저 연결한다.","[{""direction"":""NE"",""frame"":""0"",""ground"":[""40.32"",""67""]},{""direction"":""SE"",""frame"":""0"",""ground"":[""45.08"",""68""]},{""direction"":""SW"",""frame"":""0"",""ground"":[""28.7"",""67""]},{""direction"":""NW"",""frame"":""0"",""ground"":[""33"",""67""]},{""direction"":""NE"",""frame"":""1"",""ground"":[""39.81"",""67""]},{""direction"":""SE"",""frame"":""1"",""ground"":[""45.79"",""67""]},{""direction"":""SW"",""frame"":""1"",""ground"":[""28.74"",""67""]},{""direction"":""NW"",""frame"":""1"",""ground"":[""33.4"",""67""]}] alpha-ground measurement; attachment uses assembly metadata",296,148,all,INSTALL-WAVE17-20261003,install,assets-inbox/wave17/candidates-20260926/records/frame_pivots.csv,9c04c53dcb7dd8b5bc38fca98770c7cfe63016f581d23f2ee4a61fbbe40137d3
wave17/candidates-20260926/assets/wk/wk_levy_billman-v1.png,wave17-war,B,public/assets/wave17/wk/wk_levy_billman-v1.png,LM-R3 / UI-6,SPECS/wave17-war.md,"state.war의 conscripts·instalments·licence·raid·wall 상태를 읽고 보이는 표지로 연결한다. muster_field/royal_warehouse는 새 경제 건물로 설치하지 않고 고정된 공터/기존 창고 옆 presentation으로만 제안. trampled_field는 실제 raid 피해 필드, scaffold는 실제 석벽공사에만. levy/raider/refugee/royal 워커를 평시 일반 직업 pool에 넣지 않는다. 상태에 해당하는 기존 episode actor가 없다면 presentation actor lifecycle을 먼저 연결한다.","[{""direction"":""NE"",""frame"":""0"",""ground"":[""40.32"",""67""]},{""direction"":""SE"",""frame"":""0"",""ground"":[""45.08"",""68""]},{""direction"":""SW"",""frame"":""0"",""ground"":[""28.7"",""67""]},{""direction"":""NW"",""frame"":""0"",""ground"":[""33"",""67""]},{""direction"":""NE"",""frame"":""1"",""ground"":[""39.81"",""67""]},{""direction"":""SE"",""frame"":""1"",""ground"":[""45.79"",""67""]},{""direction"":""SW"",""frame"":""1"",""ground"":[""28.74"",""67""]},{""direction"":""NW"",""frame"":""1"",""ground"":[""33.4"",""67""]}] alpha-ground measurement; attachment uses assembly metadata",296,148,all,INSTALL-WAVE17-20261003,install,assets-inbox/wave17/candidates-20260926/records/frame_pivots.csv,145f36d3a772cece6cc8775739e2a2d04b23603ea9c97b7228b174362bb81ca6
wave17/candidates-20260926/assets/wk/wk_raider-v1.png,wave17-war,B,public/assets/wave17/wk/wk_raider-v1.png,LM-R3 / UI-6,SPECS/wave17-war.md,"state.war의 conscripts·instalments·licence·raid·wall 상태를 읽고 보이는 표지로 연결한다. muster_field/royal_warehouse는 새 경제 건물로 설치하지 않고 고정된 공터/기존 창고 옆 presentation으로만 제안. trampled_field는 실제 raid 피해 필드, scaffold는 실제 석벽공사에만. levy/raider/refugee/royal 워커를 평시 일반 직업 pool에 넣지 않는다. 상태에 해당하는 기존 episode actor가 없다면 presentation actor lifecycle을 먼저 연결한다.","[{""direction"":""NE"",""frame"":""0"",""ground"":[""40.32"",""67""]},{""direction"":""SE"",""frame"":""0"",""ground"":[""45.08"",""68""]},{""direction"":""SW"",""frame"":""0"",""ground"":[""28.7"",""67""]},{""direction"":""NW"",""frame"":""0"",""ground"":[""33"",""67""]},{""direction"":""NE"",""frame"":""1"",""ground"":[""39.81"",""67""]},{""direction"":""SE"",""frame"":""1"",""ground"":[""45.79"",""67""]},{""direction"":""SW"",""frame"":""1"",""ground"":[""28.74"",""67""]},{""direction"":""NW"",""frame"":""1"",""ground"":[""33.4"",""67""]}] alpha-ground measurement; attachment uses assembly metadata",296,148,all,INSTALL-WAVE17-20261003,install,assets-inbox/wave17/candidates-20260926/records/frame_pivots.csv,0aec4bf22946e90b0bcf12d23f0cb94b463e1afa818cbec7922b920eb4b4a325
wave17/candidates-20260926/assets/wk/wk_refugee_family-v1.png,wave17-war,B,public/assets/wave17/wk/wk_refugee_family-v1.png,LM-R3 / UI-6,SPECS/wave17-war.md,"state.war의 conscripts·instalments·licence·raid·wall 상태를 읽고 보이는 표지로 연결한다. muster_field/royal_warehouse는 새 경제 건물로 설치하지 않고 고정된 공터/기존 창고 옆 presentation으로만 제안. trampled_field는 실제 raid 피해 필드, scaffold는 실제 석벽공사에만. levy/raider/refugee/royal 워커를 평시 일반 직업 pool에 넣지 않는다. 상태에 해당하는 기존 episode actor가 없다면 presentation actor lifecycle을 먼저 연결한다.","[{""direction"":""NE"",""frame"":""0"",""ground"":[""33.8"",""66""]},{""direction"":""SE"",""frame"":""0"",""ground"":[""43.29"",""67""]},{""direction"":""SW"",""frame"":""0"",""ground"":[""30.94"",""67""]},{""direction"":""NW"",""frame"":""0"",""ground"":[""38.59"",""66""]},{""direction"":""NE"",""frame"":""1"",""ground"":[""33.29"",""65""]},{""direction"":""SE"",""frame"":""1"",""ground"":[""44.38"",""64""]},{""direction"":""SW"",""frame"":""1"",""ground"":[""27.93"",""64""]},{""direction"":""NW"",""frame"":""1"",""ground"":[""40"",""65""]}] alpha-ground measurement; attachment uses assembly metadata",296,148,all,INSTALL-WAVE17-20261003,install,assets-inbox/wave17/candidates-20260926/records/frame_pivots.csv,52306449940a53fe325cc2d2f9d007ccc9a51c96409ec53bb0048a8cddab4347
wave17/candidates-20260926/assets/wk/wk_royal_purveyor-v1.png,wave17-war,B,public/assets/wave17/wk/wk_royal_purveyor-v1.png,LM-R3 / UI-6,SPECS/wave17-war.md,"state.war의 conscripts·instalments·licence·raid·wall 상태를 읽고 보이는 표지로 연결한다. muster_field/royal_warehouse는 새 경제 건물로 설치하지 않고 고정된 공터/기존 창고 옆 presentation으로만 제안. trampled_field는 실제 raid 피해 필드, scaffold는 실제 석벽공사에만. levy/raider/refugee/royal 워커를 평시 일반 직업 pool에 넣지 않는다. 상태에 해당하는 기존 episode actor가 없다면 presentation actor lifecycle을 먼저 연결한다.","[{""direction"":""NE"",""frame"":""0"",""ground"":[""32.06"",""68""]},{""direction"":""SE"",""frame"":""0"",""ground"":[""44.89"",""69""]},{""direction"":""SW"",""frame"":""0"",""ground"":[""26.56"",""70""]},{""direction"":""NW"",""frame"":""0"",""ground"":[""40.29"",""68""]},{""direction"":""NE"",""frame"":""1"",""ground"":[""31"",""68""]},{""direction"":""SE"",""frame"":""1"",""ground"":[""46.47"",""69""]},{""direction"":""SW"",""frame"":""1"",""ground"":[""26.53"",""69""]},{""direction"":""NW"",""frame"":""1"",""ground"":[""43.6"",""68""]}] alpha-ground measurement; attachment uses assembly metadata",296,148,all,INSTALL-WAVE17-20261003,install,assets-inbox/wave17/candidates-20260926/records/frame_pivots.csv,dfb6e1b54910f60fb3b4bd125e2e06b46024494ab2998a9c7df79c6dfa00564c
wave18/candidates-v1/assets/crisis/crisis_construction_blocked.png,wave18-hud,B,public/assets/wave18/crisis/crisis_construction_blocked.png,LM-R1 / LM-R2,SPECS/wave18-hud.md,"main/reused는 status/action 셀, crisis는 alertStackRows reason, reasons는 placement result, zone는 toolbar actions, misc는 confirm/cancel/hide와 대응시킨다. glyph/sheet 기반 현재 호출을 loose PNG lookup에 연결해야 하므로 데이터-only가 아니다. patterns는 source-over/multiply 투명 그림을 별도 placement fill 위에 칸 좌표로 반복; 64×32 diamond 원본을 stretch하지 않는다. pattern_service_range_edge는 service 경계만.","UI top-left (0,0)",96,96,all,INSTALL-WAVE18-20261003,install,wave18/candidates-v1/records/,1898fdbe3b9339bcff7034a3af27d40ec884da4ed2779d4381d23d6f22123708
wave18/candidates-v1/assets/crisis/crisis_fire.png,wave18-hud,B,public/assets/wave18/crisis/crisis_fire.png,LM-R1 / LM-R2,SPECS/wave18-hud.md,"main/reused는 status/action 셀, crisis는 alertStackRows reason, reasons는 placement result, zone는 toolbar actions, misc는 confirm/cancel/hide와 대응시킨다. glyph/sheet 기반 현재 호출을 loose PNG lookup에 연결해야 하므로 데이터-only가 아니다. patterns는 source-over/multiply 투명 그림을 별도 placement fill 위에 칸 좌표로 반복; 64×32 diamond 원본을 stretch하지 않는다. pattern_service_range_edge는 service 경계만.","UI top-left (0,0)",96,96,all,INSTALL-WAVE18-20261003,install,wave18/candidates-v1/records/,40905b23a78a175eb2f25e04bfa1c988606f315140da4a56a3d8b3074856ee63
wave18/candidates-v1/assets/crisis/crisis_food_shortage.png,wave18-hud,B,public/assets/wave18/crisis/crisis_food_shortage.png,LM-R1 / LM-R2,SPECS/wave18-hud.md,"main/reused는 status/action 셀, crisis는 alertStackRows reason, reasons는 placement result, zone는 toolbar actions, misc는 confirm/cancel/hide와 대응시킨다. glyph/sheet 기반 현재 호출을 loose PNG lookup에 연결해야 하므로 데이터-only가 아니다. patterns는 source-over/multiply 투명 그림을 별도 placement fill 위에 칸 좌표로 반복; 64×32 diamond 원본을 stretch하지 않는다. pattern_service_range_edge는 service 경계만.","UI top-left (0,0)",96,96,all,INSTALL-WAVE18-20261003,install,wave18/candidates-v1/records/,54927e1f3785334679eeb706a7a5972cc0b3f0c0ea5a29c73d58c1c347e7340e
wave18/candidates-v1/assets/crisis/crisis_household_leaving.png,wave18-hud,B,public/assets/wave18/crisis/crisis_household_leaving.png,LM-R1 / LM-R2,SPECS/wave18-hud.md,"main/reused는 status/action 셀, crisis는 alertStackRows reason, reasons는 placement result, zone는 toolbar actions, misc는 confirm/cancel/hide와 대응시킨다. glyph/sheet 기반 현재 호출을 loose PNG lookup에 연결해야 하므로 데이터-only가 아니다. patterns는 source-over/multiply 투명 그림을 별도 placement fill 위에 칸 좌표로 반복; 64×32 diamond 원본을 stretch하지 않는다. pattern_service_range_edge는 service 경계만.","UI top-left (0,0)",96,96,all,INSTALL-WAVE18-20261003,install,wave18/candidates-v1/records/,94a4d9579926f6d210abc59b4b0449cd2fcb32b74ccf90caae24ce73d41b6a4f
wave18/candidates-v1/assets/crisis/crisis_storage_full.png,wave18-hud,B,public/assets/wave18/crisis/crisis_storage_full.png,LM-R1 / LM-R2,SPECS/wave18-hud.md,"main/reused는 status/action 셀, crisis는 alertStackRows reason, reasons는 placement result, zone는 toolbar actions, misc는 confirm/cancel/hide와 대응시킨다. glyph/sheet 기반 현재 호출을 loose PNG lookup에 연결해야 하므로 데이터-only가 아니다. patterns는 source-over/multiply 투명 그림을 별도 placement fill 위에 칸 좌표로 반복; 64×32 diamond 원본을 stretch하지 않는다. pattern_service_range_edge는 service 경계만.","UI top-left (0,0)",96,96,all,INSTALL-WAVE18-20261003,install,wave18/candidates-v1/records/,1377a0abf2650efb45e369190259266ed2e27bdba50eee24a8067bb2cac7b32d
wave18/candidates-v1/assets/crisis/crisis_upkeep_unpaid.png,wave18-hud,B,public/assets/wave18/crisis/crisis_upkeep_unpaid.png,LM-R1 / LM-R2,SPECS/wave18-hud.md,"main/reused는 status/action 셀, crisis는 alertStackRows reason, reasons는 placement result, zone는 toolbar actions, misc는 confirm/cancel/hide와 대응시킨다. glyph/sheet 기반 현재 호출을 loose PNG lookup에 연결해야 하므로 데이터-only가 아니다. patterns는 source-over/multiply 투명 그림을 별도 placement fill 위에 칸 좌표로 반복; 64×32 diamond 원본을 stretch하지 않는다. pattern_service_range_edge는 service 경계만.","UI top-left (0,0)",96,96,all,INSTALL-WAVE18-20261003,install,wave18/candidates-v1/records/,994d2ad8f0e0dda6ee05c1ebd7dee16f4cd8d9382c05be1fd9ea29537bc8f642
wave18/candidates-v1/assets/main/dock_build.png,wave18-hud,B,public/assets/wave18/main/dock_build.png,LM-R1 / LM-R2,SPECS/wave18-hud.md,"main/reused는 status/action 셀, crisis는 alertStackRows reason, reasons는 placement result, zone는 toolbar actions, misc는 confirm/cancel/hide와 대응시킨다. glyph/sheet 기반 현재 호출을 loose PNG lookup에 연결해야 하므로 데이터-only가 아니다. patterns는 source-over/multiply 투명 그림을 별도 placement fill 위에 칸 좌표로 반복; 64×32 diamond 원본을 stretch하지 않는다. pattern_service_range_edge는 service 경계만.","UI top-left (0,0)",96,96,all,INSTALL-WAVE18-20261003,install,wave18/candidates-v1/records/,9e26630219c4373959beeff825fdf651034fd0792ef0c6db6ec41f0e6b0bdf56
wave18/candidates-v1/assets/main/dock_ledger.png,wave18-hud,B,public/assets/wave18/main/dock_ledger.png,LM-R1 / LM-R2,SPECS/wave18-hud.md,"main/reused는 status/action 셀, crisis는 alertStackRows reason, reasons는 placement result, zone는 toolbar actions, misc는 confirm/cancel/hide와 대응시킨다. glyph/sheet 기반 현재 호출을 loose PNG lookup에 연결해야 하므로 데이터-only가 아니다. patterns는 source-over/multiply 투명 그림을 별도 placement fill 위에 칸 좌표로 반복; 64×32 diamond 원본을 stretch하지 않는다. pattern_service_range_edge는 service 경계만.","UI top-left (0,0)",96,96,all,INSTALL-WAVE18-20261003,install,wave18/candidates-v1/records/,c144c4c7ed1f941187a110be65736daf485b5d4b8a803d6b05da5bdd8b848836
wave18/candidates-v1/assets/main/dock_steward.png,wave18-hud,B,public/assets/wave18/main/dock_steward.png,LM-R1 / LM-R2,SPECS/wave18-hud.md,"main/reused는 status/action 셀, crisis는 alertStackRows reason, reasons는 placement result, zone는 toolbar actions, misc는 confirm/cancel/hide와 대응시킨다. glyph/sheet 기반 현재 호출을 loose PNG lookup에 연결해야 하므로 데이터-only가 아니다. patterns는 source-over/multiply 투명 그림을 별도 placement fill 위에 칸 좌표로 반복; 64×32 diamond 원본을 stretch하지 않는다. pattern_service_range_edge는 service 경계만.","UI top-left (0,0)",96,96,all,INSTALL-WAVE18-20261003,install,wave18/candidates-v1/records/,d10f54f515b64d1d7b6a0d8436ff1bdaac552d46045ec49363115bbd19e33883
wave18/candidates-v1/assets/main/pill_food_days.png,wave18-hud,B,public/assets/wave18/main/pill_food_days.png,LM-R1 / LM-R2,SPECS/wave18-hud.md,"main/reused는 status/action 셀, crisis는 alertStackRows reason, reasons는 placement result, zone는 toolbar actions, misc는 confirm/cancel/hide와 대응시킨다. glyph/sheet 기반 현재 호출을 loose PNG lookup에 연결해야 하므로 데이터-only가 아니다. patterns는 source-over/multiply 투명 그림을 별도 placement fill 위에 칸 좌표로 반복; 64×32 diamond 원본을 stretch하지 않는다. pattern_service_range_edge는 service 경계만.","UI top-left (0,0)",96,96,all,INSTALL-WAVE18-20261003,install,wave18/candidates-v1/records/,1d242e4a04928ca18607ae4c164716768cf0e6c05a53fb7fd15be51eebdef7ab
wave18/candidates-v1/assets/main/pill_money.png,wave18-hud,B,public/assets/wave18/main/pill_money.png,LM-R1 / LM-R2,SPECS/wave18-hud.md,"main/reused는 status/action 셀, crisis는 alertStackRows reason, reasons는 placement result, zone는 toolbar actions, misc는 confirm/cancel/hide와 대응시킨다. glyph/sheet 기반 현재 호출을 loose PNG lookup에 연결해야 하므로 데이터-only가 아니다. patterns는 source-over/multiply 투명 그림을 별도 placement fill 위에 칸 좌표로 반복; 64×32 diamond 원본을 stretch하지 않는다. pattern_service_range_edge는 service 경계만.","UI top-left (0,0)",96,96,all,INSTALL-WAVE18-20261003,install,wave18/candidates-v1/records/,e4e064fe40919e2affb0943067235db149a236be50c7e52d6af3016f953da144
wave18/candidates-v1/assets/main/pill_population.png,wave18-hud,B,public/assets/wave18/main/pill_population.png,LM-R1 / LM-R2,SPECS/wave18-hud.md,"main/reused는 status/action 셀, crisis는 alertStackRows reason, reasons는 placement result, zone는 toolbar actions, misc는 confirm/cancel/hide와 대응시킨다. glyph/sheet 기반 현재 호출을 loose PNG lookup에 연결해야 하므로 데이터-only가 아니다. patterns는 source-over/multiply 투명 그림을 별도 placement fill 위에 칸 좌표로 반복; 64×32 diamond 원본을 stretch하지 않는다. pattern_service_range_edge는 service 경계만.","UI top-left (0,0)",96,96,all,INSTALL-WAVE18-20261003,install,wave18/candidates-v1/records/,1ba597a5c5f1e0bbe2e234430c48d4b885cbbe1c9791c2482fd31f943622b910
wave18/candidates-v1/assets/misc/cancel_touch.png,wave18-hud,B,public/assets/wave18/misc/cancel_touch.png,LM-R1 / LM-R2,SPECS/wave18-hud.md,"main/reused는 status/action 셀, crisis는 alertStackRows reason, reasons는 placement result, zone는 toolbar actions, misc는 confirm/cancel/hide와 대응시킨다. glyph/sheet 기반 현재 호출을 loose PNG lookup에 연결해야 하므로 데이터-only가 아니다. patterns는 source-over/multiply 투명 그림을 별도 placement fill 위에 칸 좌표로 반복; 64×32 diamond 원본을 stretch하지 않는다. pattern_service_range_edge는 service 경계만.","UI top-left (0,0)",96,96,all,INSTALL-WAVE18-20261003,install,wave18/candidates-v1/records/,c0f25dbb5b2add2f397b7560b086f413fd8fb391af270be74bc77e639f2974f9
wave18/candidates-v1/assets/misc/confirm_check_touch.png,wave18-hud,B,public/assets/wave18/misc/confirm_check_touch.png,LM-R1 / LM-R2,SPECS/wave18-hud.md,"main/reused는 status/action 셀, crisis는 alertStackRows reason, reasons는 placement result, zone는 toolbar actions, misc는 confirm/cancel/hide와 대응시킨다. glyph/sheet 기반 현재 호출을 loose PNG lookup에 연결해야 하므로 데이터-only가 아니다. patterns는 source-over/multiply 투명 그림을 별도 placement fill 위에 칸 좌표로 반복; 64×32 diamond 원본을 stretch하지 않는다. pattern_service_range_edge는 service 경계만.","UI top-left (0,0)",96,96,all,INSTALL-WAVE18-20261003,install,wave18/candidates-v1/records/,a23ae391d547c278d93d6c17d4048c3dde7ce80dbc07b03093c983b5dcb368f8
wave18/candidates-v1/assets/misc/hud_hide.png,wave18-hud,B,public/assets/wave18/misc/hud_hide.png,LM-R1 / LM-R2,SPECS/wave18-hud.md,"main/reused는 status/action 셀, crisis는 alertStackRows reason, reasons는 placement result, zone는 toolbar actions, misc는 confirm/cancel/hide와 대응시킨다. glyph/sheet 기반 현재 호출을 loose PNG lookup에 연결해야 하므로 데이터-only가 아니다. patterns는 source-over/multiply 투명 그림을 별도 placement fill 위에 칸 좌표로 반복; 64×32 diamond 원본을 stretch하지 않는다. pattern_service_range_edge는 service 경계만.","UI top-left (0,0)",96,96,all,INSTALL-WAVE18-20261003,install,wave18/candidates-v1/records/,d0237ac9278228ac1443a61603efc2cd0318c6ff82d8ad2c7d85c63bbdb5ae29
wave18/candidates-v1/assets/misc/layer_lock_badge.png,wave18-hud,B,public/assets/wave18/misc/layer_lock_badge.png,LM-R1 / LM-R2,SPECS/wave18-hud.md,"main/reused는 status/action 셀, crisis는 alertStackRows reason, reasons는 placement result, zone는 toolbar actions, misc는 confirm/cancel/hide와 대응시킨다. glyph/sheet 기반 현재 호출을 loose PNG lookup에 연결해야 하므로 데이터-only가 아니다. patterns는 source-over/multiply 투명 그림을 별도 placement fill 위에 칸 좌표로 반복; 64×32 diamond 원본을 stretch하지 않는다. pattern_service_range_edge는 service 경계만.","UI top-left (0,0)",96,96,all,INSTALL-WAVE18-20261003,install,wave18/candidates-v1/records/,daf7a3984859dab26bf63a6dac3507962ba3a76bbdefad94bd2175e4cd6e2c76
wave18/candidates-v1/assets/misc/pulse_ring.png,wave18-hud,B,public/assets/wave18/misc/pulse_ring.png,LM-R1 / LM-R2,SPECS/wave18-hud.md,"main/reused는 status/action 셀, crisis는 alertStackRows reason, reasons는 placement result, zone는 toolbar actions, misc는 confirm/cancel/hide와 대응시킨다. glyph/sheet 기반 현재 호출을 loose PNG lookup에 연결해야 하므로 데이터-only가 아니다. patterns는 source-over/multiply 투명 그림을 별도 placement fill 위에 칸 좌표로 반복; 64×32 diamond 원본을 stretch하지 않는다. pattern_service_range_edge는 service 경계만.","UI top-left (0,0)",288,96,all,INSTALL-WAVE18-20261003,install,wave18/candidates-v1/records/,614889c4445c1f7ca98c197a691f627f4887e12660f28d19ddd99eb62055cae3
wave18/candidates-v1/assets/patterns/pattern_blocked_cross.png,wave18-hud,B,public/assets/wave18/patterns/pattern_blocked_cross.png,LM-R1 / LM-R2,SPECS/wave18-hud.md,"main/reused는 status/action 셀, crisis는 alertStackRows reason, reasons는 placement result, zone는 toolbar actions, misc는 confirm/cancel/hide와 대응시킨다. glyph/sheet 기반 현재 호출을 loose PNG lookup에 연결해야 하므로 데이터-only가 아니다. patterns는 source-over/multiply 투명 그림을 별도 placement fill 위에 칸 좌표로 반복; 64×32 diamond 원본을 stretch하지 않는다. pattern_service_range_edge는 service 경계만.","UI top-left (0,0)",64,32,all,INSTALL-WAVE18-20261003,install,wave18/candidates-v1/records/,853ca606b7edbdeec36c8d076dfcec79f49f75e6261541dd7a3bfb6ed560fea4
wave18/candidates-v1/assets/patterns/pattern_blocked_hatch.png,wave18-hud,B,public/assets/wave18/patterns/pattern_blocked_hatch.png,LM-R1 / LM-R2,SPECS/wave18-hud.md,"main/reused는 status/action 셀, crisis는 alertStackRows reason, reasons는 placement result, zone는 toolbar actions, misc는 confirm/cancel/hide와 대응시킨다. glyph/sheet 기반 현재 호출을 loose PNG lookup에 연결해야 하므로 데이터-only가 아니다. patterns는 source-over/multiply 투명 그림을 별도 placement fill 위에 칸 좌표로 반복; 64×32 diamond 원본을 stretch하지 않는다. pattern_service_range_edge는 service 경계만.","UI top-left (0,0)",64,32,all,INSTALL-WAVE18-20261003,install,wave18/candidates-v1/records/,bc593738f230d12cab565e40413b1967e1e404bb0542aaa085593d0949532554
wave18/candidates-v1/assets/patterns/pattern_ok.png,wave18-hud,B,public/assets/wave18/patterns/pattern_ok.png,LM-R1 / LM-R2,SPECS/wave18-hud.md,"main/reused는 status/action 셀, crisis는 alertStackRows reason, reasons는 placement result, zone는 toolbar actions, misc는 confirm/cancel/hide와 대응시킨다. glyph/sheet 기반 현재 호출을 loose PNG lookup에 연결해야 하므로 데이터-only가 아니다. patterns는 source-over/multiply 투명 그림을 별도 placement fill 위에 칸 좌표로 반복; 64×32 diamond 원본을 stretch하지 않는다. pattern_service_range_edge는 service 경계만.","UI top-left (0,0)",64,32,all,INSTALL-WAVE18-20261003,install,wave18/candidates-v1/records/,e4262411b60f1cb56067d16eef58f67f0f91392de5a8ba381832f5eb560df901
wave18/candidates-v1/assets/patterns/pattern_service_range_edge.png,wave18-hud,B,public/assets/wave18/patterns/pattern_service_range_edge.png,LM-R1 / LM-R2,SPECS/wave18-hud.md,"main/reused는 status/action 셀, crisis는 alertStackRows reason, reasons는 placement result, zone는 toolbar actions, misc는 confirm/cancel/hide와 대응시킨다. glyph/sheet 기반 현재 호출을 loose PNG lookup에 연결해야 하므로 데이터-only가 아니다. patterns는 source-over/multiply 투명 그림을 별도 placement fill 위에 칸 좌표로 반복; 64×32 diamond 원본을 stretch하지 않는다. pattern_service_range_edge는 service 경계만.","UI top-left (0,0)",128,16,all,INSTALL-WAVE18-20261003,install,wave18/candidates-v1/records/,9bedd3699eecbe920ce30c1a3997945449fc466dd5ba32d29063ff44260693ab
wave18/candidates-v1/assets/reasons/reason_material_shortage.png,wave18-hud,B,public/assets/wave18/reasons/reason_material_shortage.png,LM-R1 / LM-R2,SPECS/wave18-hud.md,"main/reused는 status/action 셀, crisis는 alertStackRows reason, reasons는 placement result, zone는 toolbar actions, misc는 confirm/cancel/hide와 대응시킨다. glyph/sheet 기반 현재 호출을 loose PNG lookup에 연결해야 하므로 데이터-only가 아니다. patterns는 source-over/multiply 투명 그림을 별도 placement fill 위에 칸 좌표로 반복; 64×32 diamond 원본을 stretch하지 않는다. pattern_service_range_edge는 service 경계만.","UI top-left (0,0)",96,96,all,INSTALL-WAVE18-20261003,install,wave18/candidates-v1/records/,89065db518b7f3fdbaaaf17b5c9a27b8210ed240b62973a41f2bddead5e6735e
wave18/candidates-v1/assets/reasons/reason_no_road.png,wave18-hud,B,public/assets/wave18/reasons/reason_no_road.png,LM-R1 / LM-R2,SPECS/wave18-hud.md,"main/reused는 status/action 셀, crisis는 alertStackRows reason, reasons는 placement result, zone는 toolbar actions, misc는 confirm/cancel/hide와 대응시킨다. glyph/sheet 기반 현재 호출을 loose PNG lookup에 연결해야 하므로 데이터-only가 아니다. patterns는 source-over/multiply 투명 그림을 별도 placement fill 위에 칸 좌표로 반복; 64×32 diamond 원본을 stretch하지 않는다. pattern_service_range_edge는 service 경계만.","UI top-left (0,0)",96,96,all,INSTALL-WAVE18-20261003,install,wave18/candidates-v1/records/,bc9fc7f37855a85e15d022398305a2059465466d0f5d15fb3cefd50d71ab356f
wave18/candidates-v1/assets/reasons/reason_overlap.png,wave18-hud,B,public/assets/wave18/reasons/reason_overlap.png,LM-R1 / LM-R2,SPECS/wave18-hud.md,"main/reused는 status/action 셀, crisis는 alertStackRows reason, reasons는 placement result, zone는 toolbar actions, misc는 confirm/cancel/hide와 대응시킨다. glyph/sheet 기반 현재 호출을 loose PNG lookup에 연결해야 하므로 데이터-only가 아니다. patterns는 source-over/multiply 투명 그림을 별도 placement fill 위에 칸 좌표로 반복; 64×32 diamond 원본을 stretch하지 않는다. pattern_service_range_edge는 service 경계만.","UI top-left (0,0)",96,96,all,INSTALL-WAVE18-20261003,install,wave18/candidates-v1/records/,e475ed010253c05a103d81637bc2dffc56b569d1e6ab5d426eefe64d24d03431
wave18/candidates-v1/assets/reasons/reason_slope_rock.png,wave18-hud,B,public/assets/wave18/reasons/reason_slope_rock.png,LM-R1 / LM-R2,SPECS/wave18-hud.md,"main/reused는 status/action 셀, crisis는 alertStackRows reason, reasons는 placement result, zone는 toolbar actions, misc는 confirm/cancel/hide와 대응시킨다. glyph/sheet 기반 현재 호출을 loose PNG lookup에 연결해야 하므로 데이터-only가 아니다. patterns는 source-over/multiply 투명 그림을 별도 placement fill 위에 칸 좌표로 반복; 64×32 diamond 원본을 stretch하지 않는다. pattern_service_range_edge는 service 경계만.","UI top-left (0,0)",96,96,all,INSTALL-WAVE18-20261003,install,wave18/candidates-v1/records/,f9ab8d7175ee3f708b75baac4769e41dd8a1e0568812961d75a1b9496c17e86c
wave18/candidates-v1/assets/reasons/reason_tree.png,wave18-hud,B,public/assets/wave18/reasons/reason_tree.png,LM-R1 / LM-R2,SPECS/wave18-hud.md,"main/reused는 status/action 셀, crisis는 alertStackRows reason, reasons는 placement result, zone는 toolbar actions, misc는 confirm/cancel/hide와 대응시킨다. glyph/sheet 기반 현재 호출을 loose PNG lookup에 연결해야 하므로 데이터-only가 아니다. patterns는 source-over/multiply 투명 그림을 별도 placement fill 위에 칸 좌표로 반복; 64×32 diamond 원본을 stretch하지 않는다. pattern_service_range_edge는 service 경계만.","UI top-left (0,0)",96,96,all,INSTALL-WAVE18-20261003,install,wave18/candidates-v1/records/,729b679271fbc4eaa40082e77a1c8c2868f71b1073707635f764d10399cdb392
wave18/candidates-v1/assets/reasons/reason_wall_forbidden.png,wave18-hud,B,public/assets/wave18/reasons/reason_wall_forbidden.png,LM-R1 / LM-R2,SPECS/wave18-hud.md,"main/reused는 status/action 셀, crisis는 alertStackRows reason, reasons는 placement result, zone는 toolbar actions, misc는 confirm/cancel/hide와 대응시킨다. glyph/sheet 기반 현재 호출을 loose PNG lookup에 연결해야 하므로 데이터-only가 아니다. patterns는 source-over/multiply 투명 그림을 별도 placement fill 위에 칸 좌표로 반복; 64×32 diamond 원본을 stretch하지 않는다. pattern_service_range_edge는 service 경계만.","UI top-left (0,0)",96,96,all,INSTALL-WAVE18-20261003,install,wave18/candidates-v1/records/,c1ccc2afd808db9d70bebf97f4c3114b497a4666f5daefc4894868f0693bdbb0
wave18/candidates-v1/assets/reasons/reason_water.png,wave18-hud,B,public/assets/wave18/reasons/reason_water.png,LM-R1 / LM-R2,SPECS/wave18-hud.md,"main/reused는 status/action 셀, crisis는 alertStackRows reason, reasons는 placement result, zone는 toolbar actions, misc는 confirm/cancel/hide와 대응시킨다. glyph/sheet 기반 현재 호출을 loose PNG lookup에 연결해야 하므로 데이터-only가 아니다. patterns는 source-over/multiply 투명 그림을 별도 placement fill 위에 칸 좌표로 반복; 64×32 diamond 원본을 stretch하지 않는다. pattern_service_range_edge는 service 경계만.","UI top-left (0,0)",96,96,all,INSTALL-WAVE18-20261003,install,wave18/candidates-v1/records/,3e7d9c28501d9a75316fa98ec6fea26b0cafbe21842deb52667e0f44cb25df78
wave18/candidates-v1/assets/reasons/reason_zone_forbidden.png,wave18-hud,B,public/assets/wave18/reasons/reason_zone_forbidden.png,LM-R1 / LM-R2,SPECS/wave18-hud.md,"main/reused는 status/action 셀, crisis는 alertStackRows reason, reasons는 placement result, zone는 toolbar actions, misc는 confirm/cancel/hide와 대응시킨다. glyph/sheet 기반 현재 호출을 loose PNG lookup에 연결해야 하므로 데이터-only가 아니다. patterns는 source-over/multiply 투명 그림을 별도 placement fill 위에 칸 좌표로 반복; 64×32 diamond 원본을 stretch하지 않는다. pattern_service_range_edge는 service 경계만.","UI top-left (0,0)",96,96,all,INSTALL-WAVE18-20261003,install,wave18/candidates-v1/records/,9c959c509af7e8d1774d7edbb4333998079169d0623b7d375086d33486a43aa2
wave18/candidates-v1/assets/reused/pill_season_autumn.png,wave18-hud,B,public/assets/wave18/reused/pill_season_autumn.png,LM-R1 / LM-R2,SPECS/wave18-hud.md,"main/reused는 status/action 셀, crisis는 alertStackRows reason, reasons는 placement result, zone는 toolbar actions, misc는 confirm/cancel/hide와 대응시킨다. glyph/sheet 기반 현재 호출을 loose PNG lookup에 연결해야 하므로 데이터-only가 아니다. patterns는 source-over/multiply 투명 그림을 별도 placement fill 위에 칸 좌표로 반복; 64×32 diamond 원본을 stretch하지 않는다. pattern_service_range_edge는 service 경계만.","UI top-left (0,0)",96,96,all,INSTALL-WAVE18-20261003,install,wave18/candidates-v1/records/,1d963eca0e205276557884df033588a53e81c8090cb7411b5fecfdd499d60cb9
wave18/candidates-v1/assets/reused/pill_season_spring.png,wave18-hud,B,public/assets/wave18/reused/pill_season_spring.png,LM-R1 / LM-R2,SPECS/wave18-hud.md,"main/reused는 status/action 셀, crisis는 alertStackRows reason, reasons는 placement result, zone는 toolbar actions, misc는 confirm/cancel/hide와 대응시킨다. glyph/sheet 기반 현재 호출을 loose PNG lookup에 연결해야 하므로 데이터-only가 아니다. patterns는 source-over/multiply 투명 그림을 별도 placement fill 위에 칸 좌표로 반복; 64×32 diamond 원본을 stretch하지 않는다. pattern_service_range_edge는 service 경계만.","UI top-left (0,0)",96,96,all,INSTALL-WAVE18-20261003,install,wave18/candidates-v1/records/,a30747892f25ee0e78ed3d78ae4ab95bf5f5a46abd37cfd8c82b897a62cc8a40
wave18/candidates-v1/assets/reused/pill_season_summer.png,wave18-hud,B,public/assets/wave18/reused/pill_season_summer.png,LM-R1 / LM-R2,SPECS/wave18-hud.md,"main/reused는 status/action 셀, crisis는 alertStackRows reason, reasons는 placement result, zone는 toolbar actions, misc는 confirm/cancel/hide와 대응시킨다. glyph/sheet 기반 현재 호출을 loose PNG lookup에 연결해야 하므로 데이터-only가 아니다. patterns는 source-over/multiply 투명 그림을 별도 placement fill 위에 칸 좌표로 반복; 64×32 diamond 원본을 stretch하지 않는다. pattern_service_range_edge는 service 경계만.","UI top-left (0,0)",96,96,all,INSTALL-WAVE18-20261003,install,wave18/candidates-v1/records/,a8dd90d884f92cf50bb2e174a69905be62fd1d26343593ebad15f01d2d6f46c7
wave18/candidates-v1/assets/reused/pill_season_winter.png,wave18-hud,B,public/assets/wave18/reused/pill_season_winter.png,LM-R1 / LM-R2,SPECS/wave18-hud.md,"main/reused는 status/action 셀, crisis는 alertStackRows reason, reasons는 placement result, zone는 toolbar actions, misc는 confirm/cancel/hide와 대응시킨다. glyph/sheet 기반 현재 호출을 loose PNG lookup에 연결해야 하므로 데이터-only가 아니다. patterns는 source-over/multiply 투명 그림을 별도 placement fill 위에 칸 좌표로 반복; 64×32 diamond 원본을 stretch하지 않는다. pattern_service_range_edge는 service 경계만.","UI top-left (0,0)",96,96,all,INSTALL-WAVE18-20261003,install,wave18/candidates-v1/records/,9601f1dc5d0f953fb273f09085f4a6c16d482e57c18e1601ae74060347e48a32
wave18/candidates-v1/assets/zone/zone_brush.png,wave18-hud,B,public/assets/wave18/zone/zone_brush.png,LM-R1 / LM-R2,SPECS/wave18-hud.md,"main/reused는 status/action 셀, crisis는 alertStackRows reason, reasons는 placement result, zone는 toolbar actions, misc는 confirm/cancel/hide와 대응시킨다. glyph/sheet 기반 현재 호출을 loose PNG lookup에 연결해야 하므로 데이터-only가 아니다. patterns는 source-over/multiply 투명 그림을 별도 placement fill 위에 칸 좌표로 반복; 64×32 diamond 원본을 stretch하지 않는다. pattern_service_range_edge는 service 경계만.","UI top-left (0,0)",96,96,all,INSTALL-WAVE18-20261003,install,wave18/candidates-v1/records/,f6a40d2f9aeb7fcd7accbf92dc0d53a8725ad97e3961e423444e11687233a463
wave18/candidates-v1/assets/zone/zone_erase.png,wave18-hud,B,public/assets/wave18/zone/zone_erase.png,LM-R1 / LM-R2,SPECS/wave18-hud.md,"main/reused는 status/action 셀, crisis는 alertStackRows reason, reasons는 placement result, zone는 toolbar actions, misc는 confirm/cancel/hide와 대응시킨다. glyph/sheet 기반 현재 호출을 loose PNG lookup에 연결해야 하므로 데이터-only가 아니다. patterns는 source-over/multiply 투명 그림을 별도 placement fill 위에 칸 좌표로 반복; 64×32 diamond 원본을 stretch하지 않는다. pattern_service_range_edge는 service 경계만.","UI top-left (0,0)",96,96,all,INSTALL-WAVE18-20261003,install,wave18/candidates-v1/records/,b25b53d3613f1bce5197e4b35cd0d0f53098d10d565478ab4336c986a9b845d0
wave18/candidates-v1/assets/zone/zone_paint_forbidden.png,wave18-hud,B,public/assets/wave18/zone/zone_paint_forbidden.png,LM-R1 / LM-R2,SPECS/wave18-hud.md,"main/reused는 status/action 셀, crisis는 alertStackRows reason, reasons는 placement result, zone는 toolbar actions, misc는 confirm/cancel/hide와 대응시킨다. glyph/sheet 기반 현재 호출을 loose PNG lookup에 연결해야 하므로 데이터-only가 아니다. patterns는 source-over/multiply 투명 그림을 별도 placement fill 위에 칸 좌표로 반복; 64×32 diamond 원본을 stretch하지 않는다. pattern_service_range_edge는 service 경계만.","UI top-left (0,0)",96,96,all,INSTALL-WAVE18-20261003,install,wave18/candidates-v1/records/,9cd66e634ce1eeb0a95c27f021841f689874daca4c5f635221b1370241035487
wave18/candidates-v1/assets/zone/zone_polygon.png,wave18-hud,B,public/assets/wave18/zone/zone_polygon.png,LM-R1 / LM-R2,SPECS/wave18-hud.md,"main/reused는 status/action 셀, crisis는 alertStackRows reason, reasons는 placement result, zone는 toolbar actions, misc는 confirm/cancel/hide와 대응시킨다. glyph/sheet 기반 현재 호출을 loose PNG lookup에 연결해야 하므로 데이터-only가 아니다. patterns는 source-over/multiply 투명 그림을 별도 placement fill 위에 칸 좌표로 반복; 64×32 diamond 원본을 stretch하지 않는다. pattern_service_range_edge는 service 경계만.","UI top-left (0,0)",96,96,all,INSTALL-WAVE18-20261003,install,wave18/candidates-v1/records/,dc1eae2f0505bb6b5d4c74da51b667d8daab24c957c674b4eaa43e6283d8b3ab
wave18/candidates-v1/assets/zone/zone_redo.png,wave18-hud,B,public/assets/wave18/zone/zone_redo.png,LM-R1 / LM-R2,SPECS/wave18-hud.md,"main/reused는 status/action 셀, crisis는 alertStackRows reason, reasons는 placement result, zone는 toolbar actions, misc는 confirm/cancel/hide와 대응시킨다. glyph/sheet 기반 현재 호출을 loose PNG lookup에 연결해야 하므로 데이터-only가 아니다. patterns는 source-over/multiply 투명 그림을 별도 placement fill 위에 칸 좌표로 반복; 64×32 diamond 원본을 stretch하지 않는다. pattern_service_range_edge는 service 경계만.","UI top-left (0,0)",96,96,all,INSTALL-WAVE18-20261003,install,wave18/candidates-v1/records/,f3e5f681dc16d8c8c2a6f7e8b29f3a1f349ec0d986062516c3413d93346f0b96
wave18/candidates-v1/assets/zone/zone_size_large.png,wave18-hud,B,public/assets/wave18/zone/zone_size_large.png,LM-R1 / LM-R2,SPECS/wave18-hud.md,"main/reused는 status/action 셀, crisis는 alertStackRows reason, reasons는 placement result, zone는 toolbar actions, misc는 confirm/cancel/hide와 대응시킨다. glyph/sheet 기반 현재 호출을 loose PNG lookup에 연결해야 하므로 데이터-only가 아니다. patterns는 source-over/multiply 투명 그림을 별도 placement fill 위에 칸 좌표로 반복; 64×32 diamond 원본을 stretch하지 않는다. pattern_service_range_edge는 service 경계만.","UI top-left (0,0)",96,96,all,INSTALL-WAVE18-20261003,install,wave18/candidates-v1/records/,0b2c61438b0ab26e14d909866ea76f3e8d553444ba7a889b012725a06da21b0e
wave18/candidates-v1/assets/zone/zone_size_small.png,wave18-hud,B,public/assets/wave18/zone/zone_size_small.png,LM-R1 / LM-R2,SPECS/wave18-hud.md,"main/reused는 status/action 셀, crisis는 alertStackRows reason, reasons는 placement result, zone는 toolbar actions, misc는 confirm/cancel/hide와 대응시킨다. glyph/sheet 기반 현재 호출을 loose PNG lookup에 연결해야 하므로 데이터-only가 아니다. patterns는 source-over/multiply 투명 그림을 별도 placement fill 위에 칸 좌표로 반복; 64×32 diamond 원본을 stretch하지 않는다. pattern_service_range_edge는 service 경계만.","UI top-left (0,0)",96,96,all,INSTALL-WAVE18-20261003,install,wave18/candidates-v1/records/,d79b9520fa076f0345c96c2f45e1057b56a3f2a4009f94535c0ac58f83477b76
wave18/candidates-v1/assets/zone/zone_undo.png,wave18-hud,B,public/assets/wave18/zone/zone_undo.png,LM-R1 / LM-R2,SPECS/wave18-hud.md,"main/reused는 status/action 셀, crisis는 alertStackRows reason, reasons는 placement result, zone는 toolbar actions, misc는 confirm/cancel/hide와 대응시킨다. glyph/sheet 기반 현재 호출을 loose PNG lookup에 연결해야 하므로 데이터-only가 아니다. patterns는 source-over/multiply 투명 그림을 별도 placement fill 위에 칸 좌표로 반복; 64×32 diamond 원본을 stretch하지 않는다. pattern_service_range_edge는 service 경계만.","UI top-left (0,0)",96,96,all,INSTALL-WAVE18-20261003,install,wave18/candidates-v1/records/,bdf1c1c861525ca76d2b6c0c630b55a5a5ef2b248f951b850efc5f9f0d60bd5b
wave20/candidates-20260926/assets/houses/house_l0_1350_a-v1.png,wave20-era,B,public/assets/wave20/houses/house_l0_1350_a-v1.png,NAT-5 / 시대 표현,SPECS/wave20-era.md,"year<1350 기존 집; 1350≤year<1400 1350판; year≥1400 1400판. 단일 필지 한정, house level와 A/B 고정 hash를 유지. Wave26/30 부유도/지붕 선택과 경쟁하는 우선순위를 하나로 통합해야 하므로 A 불가. L2~4 overlay는 시대 일치 boarded-v3와 roof_snow-v4만; L0/1은 원문 CSV compatible overlay를 사용. native_to_world_scale, pivot, full canvas 보존; 기존 alpha crop 재활용 금지.","(77.35406698564593,139.57894736842104) native px",153,153,all,INSTALL-WAVE20-20261003,install,wave20/candidates-20260926/records/,3413e1ef9a3c35816ef690b318b8ce322d411b478ee0566a354e3dc64588b04c
wave20/candidates-20260926/assets/houses/house_l0_1350_b-v1.png,wave20-era,B,public/assets/wave20/houses/house_l0_1350_b-v1.png,NAT-5 / 시대 표현,SPECS/wave20-era.md,"year<1350 기존 집; 1350≤year<1400 1350판; year≥1400 1400판. 단일 필지 한정, house level와 A/B 고정 hash를 유지. Wave26/30 부유도/지붕 선택과 경쟁하는 우선순위를 하나로 통합해야 하므로 A 불가. L2~4 overlay는 시대 일치 boarded-v3와 roof_snow-v4만; L0/1은 원문 CSV compatible overlay를 사용. native_to_world_scale, pivot, full canvas 보존; 기존 alpha crop 재활용 금지.","(77.35406698564593,139.57894736842104) native px",153,153,all,INSTALL-WAVE20-20261003,install,wave20/candidates-20260926/records/,c64c380ffdde60c5100fb4b3bcf05df04848249fecf1efdb5b7388e79ba5ff5c
wave20/candidates-20260926/assets/houses/house_l0_1400_a-v1.png,wave20-era,B,public/assets/wave20/houses/house_l0_1400_a-v1.png,NAT-5 / 시대 표현,SPECS/wave20-era.md,"year<1350 기존 집; 1350≤year<1400 1350판; year≥1400 1400판. 단일 필지 한정, house level와 A/B 고정 hash를 유지. Wave26/30 부유도/지붕 선택과 경쟁하는 우선순위를 하나로 통합해야 하므로 A 불가. L2~4 overlay는 시대 일치 boarded-v3와 roof_snow-v4만; L0/1은 원문 CSV compatible overlay를 사용. native_to_world_scale, pivot, full canvas 보존; 기존 alpha crop 재활용 금지.","(77.35406698564593,139.57894736842104) native px",153,153,all,INSTALL-WAVE20-20261003,install,wave20/candidates-20260926/records/,4f9a46d7da85b2b3385d00fddebddef03549da9d9c88b1f0cb66629e58c9fe00
wave20/candidates-20260926/assets/houses/house_l0_1400_b-v1.png,wave20-era,B,public/assets/wave20/houses/house_l0_1400_b-v1.png,NAT-5 / 시대 표현,SPECS/wave20-era.md,"year<1350 기존 집; 1350≤year<1400 1350판; year≥1400 1400판. 단일 필지 한정, house level와 A/B 고정 hash를 유지. Wave26/30 부유도/지붕 선택과 경쟁하는 우선순위를 하나로 통합해야 하므로 A 불가. L2~4 overlay는 시대 일치 boarded-v3와 roof_snow-v4만; L0/1은 원문 CSV compatible overlay를 사용. native_to_world_scale, pivot, full canvas 보존; 기존 alpha crop 재활용 금지.","(77.35406698564593,139.57894736842104) native px",153,153,all,INSTALL-WAVE20-20261003,install,wave20/candidates-20260926/records/,91199690adcbdba30b8926b6aa72b168d2d443d127f6a75f8a6474082b8fe53d
wave20/candidates-20260926/assets/houses/house_l1_1350_a-v1.png,wave20-era,B,public/assets/wave20/houses/house_l1_1350_a-v1.png,NAT-5 / 시대 표현,SPECS/wave20-era.md,"year<1350 기존 집; 1350≤year<1400 1350판; year≥1400 1400판. 단일 필지 한정, house level와 A/B 고정 hash를 유지. Wave26/30 부유도/지붕 선택과 경쟁하는 우선순위를 하나로 통합해야 하므로 A 불가. L2~4 overlay는 시대 일치 boarded-v3와 roof_snow-v4만; L0/1은 원문 CSV compatible overlay를 사용. native_to_world_scale, pivot, full canvas 보존; 기존 alpha crop 재활용 금지.","(71.66148325358851,125.92025518341308) native px",139,139,all,INSTALL-WAVE20-20261003,install,wave20/candidates-20260926/records/,44aefa87d3b4510552642e9c225cbe52bf1e881d4b1bcb9fc7b4f90b7617c2cf
wave20/candidates-20260926/assets/houses/house_l1_1350_b-v1.png,wave20-era,B,public/assets/wave20/houses/house_l1_1350_b-v1.png,NAT-5 / 시대 표현,SPECS/wave20-era.md,"year<1350 기존 집; 1350≤year<1400 1350판; year≥1400 1400판. 단일 필지 한정, house level와 A/B 고정 hash를 유지. Wave26/30 부유도/지붕 선택과 경쟁하는 우선순위를 하나로 통합해야 하므로 A 불가. L2~4 overlay는 시대 일치 boarded-v3와 roof_snow-v4만; L0/1은 원문 CSV compatible overlay를 사용. native_to_world_scale, pivot, full canvas 보존; 기존 alpha crop 재활용 금지.","(71.66148325358851,125.92025518341308) native px",139,139,all,INSTALL-WAVE20-20261003,install,wave20/candidates-20260926/records/,8a33c40412390902c8ade41aceb16e9e702592692fb830aab23ebb0bbb956b00
wave20/candidates-20260926/assets/houses/house_l1_1400_a-v1.png,wave20-era,B,public/assets/wave20/houses/house_l1_1400_a-v1.png,NAT-5 / 시대 표현,SPECS/wave20-era.md,"year<1350 기존 집; 1350≤year<1400 1350판; year≥1400 1400판. 단일 필지 한정, house level와 A/B 고정 hash를 유지. Wave26/30 부유도/지붕 선택과 경쟁하는 우선순위를 하나로 통합해야 하므로 A 불가. L2~4 overlay는 시대 일치 boarded-v3와 roof_snow-v4만; L0/1은 원문 CSV compatible overlay를 사용. native_to_world_scale, pivot, full canvas 보존; 기존 alpha crop 재활용 금지.","(71.66148325358851,125.92025518341308) native px",139,139,all,INSTALL-WAVE20-20261003,install,wave20/candidates-20260926/records/,061f88c9b58c400efdc134f0198d02bea0ea6dd3cfd08d3890979bf0924747f8
wave20/candidates-20260926/assets/houses/house_l1_1400_b-v1.png,wave20-era,B,public/assets/wave20/houses/house_l1_1400_b-v1.png,NAT-5 / 시대 표현,SPECS/wave20-era.md,"year<1350 기존 집; 1350≤year<1400 1350판; year≥1400 1400판. 단일 필지 한정, house level와 A/B 고정 hash를 유지. Wave26/30 부유도/지붕 선택과 경쟁하는 우선순위를 하나로 통합해야 하므로 A 불가. L2~4 overlay는 시대 일치 boarded-v3와 roof_snow-v4만; L0/1은 원문 CSV compatible overlay를 사용. native_to_world_scale, pivot, full canvas 보존; 기존 alpha crop 재활용 금지.","(71.66148325358851,125.92025518341308) native px",139,139,all,INSTALL-WAVE20-20261003,install,wave20/candidates-20260926/records/,2dd0f0962bab1ac7efb532ad489dd69a89fc07ee11a854e22065f0f268362354
wave20/rework-20260927/assets/houses/house_l2_1350_a-v2.png,wave20-era,B,public/assets/wave20/houses/house_l2_1350_a-v2.png,NAT-5 / 시대 표현,SPECS/wave20-era.md,"year<1350 기존 집; 1350≤year<1400 1350판; year≥1400 1400판. 단일 필지 한정, house level와 A/B 고정 hash를 유지. Wave26/30 부유도/지붕 선택과 경쟁하는 우선순위를 하나로 통합해야 하므로 A 불가. L2~4 overlay는 시대 일치 boarded-v3와 roof_snow-v4만; L0/1은 원문 CSV compatible overlay를 사용. native_to_world_scale, pivot, full canvas 보존; 기존 alpha crop 재활용 금지.","(70.95813397129186,132.08373205741626) native px",137,137,all,INSTALL-WAVE20-20261003,install,wave20/rework-20260927/records/,eae7260cade74a7ccb9b22e20e913f2c4634e6fe132fe2ed13fe2ef2469c0f55
wave20/rework-20260927/assets/houses/house_l2_1350_b-v2.png,wave20-era,B,public/assets/wave20/houses/house_l2_1350_b-v2.png,NAT-5 / 시대 표현,SPECS/wave20-era.md,"year<1350 기존 집; 1350≤year<1400 1350판; year≥1400 1400판. 단일 필지 한정, house level와 A/B 고정 hash를 유지. Wave26/30 부유도/지붕 선택과 경쟁하는 우선순위를 하나로 통합해야 하므로 A 불가. L2~4 overlay는 시대 일치 boarded-v3와 roof_snow-v4만; L0/1은 원문 CSV compatible overlay를 사용. native_to_world_scale, pivot, full canvas 보존; 기존 alpha crop 재활용 금지.","(70.95813397129186,132.08373205741626) native px",137,137,all,INSTALL-WAVE20-20261003,install,wave20/rework-20260927/records/,e5d5b9e33ab6b6a901382679bcd7d79241301f49b6abbbc84b6eaa21b03932e9
wave20/rework-20260927/assets/houses/house_l2_1400_a-v2.png,wave20-era,B,public/assets/wave20/houses/house_l2_1400_a-v2.png,NAT-5 / 시대 표현,SPECS/wave20-era.md,"year<1350 기존 집; 1350≤year<1400 1350판; year≥1400 1400판. 단일 필지 한정, house level와 A/B 고정 hash를 유지. Wave26/30 부유도/지붕 선택과 경쟁하는 우선순위를 하나로 통합해야 하므로 A 불가. L2~4 overlay는 시대 일치 boarded-v3와 roof_snow-v4만; L0/1은 원문 CSV compatible overlay를 사용. native_to_world_scale, pivot, full canvas 보존; 기존 alpha crop 재활용 금지.","(70.95813397129186,132.08373205741626) native px",137,137,all,INSTALL-WAVE20-20261003,install,wave20/rework-20260927/records/,8c4720c8a7eb07679726c80a924282820343dc0ad811df7d50fc705319ed22b6
wave20/rework-20260927/assets/houses/house_l2_1400_b-v2.png,wave20-era,B,public/assets/wave20/houses/house_l2_1400_b-v2.png,NAT-5 / 시대 표현,SPECS/wave20-era.md,"year<1350 기존 집; 1350≤year<1400 1350판; year≥1400 1400판. 단일 필지 한정, house level와 A/B 고정 hash를 유지. Wave26/30 부유도/지붕 선택과 경쟁하는 우선순위를 하나로 통합해야 하므로 A 불가. L2~4 overlay는 시대 일치 boarded-v3와 roof_snow-v4만; L0/1은 원문 CSV compatible overlay를 사용. native_to_world_scale, pivot, full canvas 보존; 기존 alpha crop 재활용 금지.","(70.95813397129186,132.08373205741626) native px",137,137,all,INSTALL-WAVE20-20261003,install,wave20/rework-20260927/records/,21a2a3895a0a87357d35e72c5eb976dcf8e9a1390d1d220018d8872191471f1b
wave20/rework-20260927/assets/houses/house_l3_1350_a-v2.png,wave20-era,B,public/assets/wave20/houses/house_l3_1350_a-v2.png,NAT-5 / 시대 표현,SPECS/wave20-era.md,"year<1350 기존 집; 1350≤year<1400 1350판; year≥1400 1400판. 단일 필지 한정, house level와 A/B 고정 hash를 유지. Wave26/30 부유도/지붕 선택과 경쟁하는 우선순위를 하나로 통합해야 하므로 A 불가. L2~4 overlay는 시대 일치 boarded-v3와 roof_snow-v4만; L0/1은 원문 CSV compatible overlay를 사용. native_to_world_scale, pivot, full canvas 보존; 기존 alpha crop 재활용 금지.","(74.39712918660287,138.03668261562999) native px",142,142,all,INSTALL-WAVE20-20261003,install,wave20/rework-20260927/records/,01eda02bd43199fd9096a493ec7c509b9e67a29dcc80afc4f2334098f5df19f7
wave20/rework-20260927/assets/houses/house_l3_1350_b-v2.png,wave20-era,B,public/assets/wave20/houses/house_l3_1350_b-v2.png,NAT-5 / 시대 표현,SPECS/wave20-era.md,"year<1350 기존 집; 1350≤year<1400 1350판; year≥1400 1400판. 단일 필지 한정, house level와 A/B 고정 hash를 유지. Wave26/30 부유도/지붕 선택과 경쟁하는 우선순위를 하나로 통합해야 하므로 A 불가. L2~4 overlay는 시대 일치 boarded-v3와 roof_snow-v4만; L0/1은 원문 CSV compatible overlay를 사용. native_to_world_scale, pivot, full canvas 보존; 기존 alpha crop 재활용 금지.","(74.39712918660287,138.03668261562999) native px",142,142,all,INSTALL-WAVE20-20261003,install,wave20/rework-20260927/records/,258c7638867d9b9185873a3b946176cb67ace0b26e0ec2fad3614b7eb7051084
wave20/rework-20260927/assets/houses/house_l3_1400_a-v2.png,wave20-era,B,public/assets/wave20/houses/house_l3_1400_a-v2.png,NAT-5 / 시대 표현,SPECS/wave20-era.md,"year<1350 기존 집; 1350≤year<1400 1350판; year≥1400 1400판. 단일 필지 한정, house level와 A/B 고정 hash를 유지. Wave26/30 부유도/지붕 선택과 경쟁하는 우선순위를 하나로 통합해야 하므로 A 불가. L2~4 overlay는 시대 일치 boarded-v3와 roof_snow-v4만; L0/1은 원문 CSV compatible overlay를 사용. native_to_world_scale, pivot, full canvas 보존; 기존 alpha crop 재활용 금지.","(74.39712918660287,138.03668261562999) native px",142,142,all,INSTALL-WAVE20-20261003,install,wave20/rework-20260927/records/,7b883d60b9041ce6d46122d5f7adac2ec728faf64643473f909a82a3f434b1f9
wave20/rework-20260927/assets/houses/house_l3_1400_b-v2.png,wave20-era,B,public/assets/wave20/houses/house_l3_1400_b-v2.png,NAT-5 / 시대 표현,SPECS/wave20-era.md,"year<1350 기존 집; 1350≤year<1400 1350판; year≥1400 1400판. 단일 필지 한정, house level와 A/B 고정 hash를 유지. Wave26/30 부유도/지붕 선택과 경쟁하는 우선순위를 하나로 통합해야 하므로 A 불가. L2~4 overlay는 시대 일치 boarded-v3와 roof_snow-v4만; L0/1은 원문 CSV compatible overlay를 사용. native_to_world_scale, pivot, full canvas 보존; 기존 alpha crop 재활용 금지.","(74.39712918660287,138.03668261562999) native px",142,142,all,INSTALL-WAVE20-20261003,install,wave20/rework-20260927/records/,376eb6afed0fd2b883ca45bce863e2e87614e1f33e2078248c89e6759c333e68
wave20/rework-20260927/assets/houses/house_l4_1350_a-v2.png,wave20-era,B,public/assets/wave20/houses/house_l4_1350_a-v2.png,NAT-5 / 시대 표현,SPECS/wave20-era.md,"year<1350 기존 집; 1350≤year<1400 1350판; year≥1400 1400판. 단일 필지 한정, house level와 A/B 고정 hash를 유지. Wave26/30 부유도/지붕 선택과 경쟁하는 우선순위를 하나로 통합해야 하므로 A 불가. L2~4 overlay는 시대 일치 boarded-v3와 roof_snow-v4만; L0/1은 원문 CSV compatible overlay를 사용. native_to_world_scale, pivot, full canvas 보존; 기존 alpha crop 재활용 금지.","(81.97647527910686,157.40510366826157) native px",161,161,all,INSTALL-WAVE20-20261003,install,wave20/rework-20260927/records/,ba148ecfb3f672c361ced58c49d2a25f58b9d2b5cd2fa3e295d2ebb885a64ff8
wave20/rework-20260927/assets/houses/house_l4_1350_b-v2.png,wave20-era,B,public/assets/wave20/houses/house_l4_1350_b-v2.png,NAT-5 / 시대 표현,SPECS/wave20-era.md,"year<1350 기존 집; 1350≤year<1400 1350판; year≥1400 1400판. 단일 필지 한정, house level와 A/B 고정 hash를 유지. Wave26/30 부유도/지붕 선택과 경쟁하는 우선순위를 하나로 통합해야 하므로 A 불가. L2~4 overlay는 시대 일치 boarded-v3와 roof_snow-v4만; L0/1은 원문 CSV compatible overlay를 사용. native_to_world_scale, pivot, full canvas 보존; 기존 alpha crop 재활용 금지.","(81.97647527910686,157.40510366826157) native px",161,161,all,INSTALL-WAVE20-20261003,install,wave20/rework-20260927/records/,4483abd9716330547de21493ea0307f17a388573ad993c51fbda8e77428a7631
wave20/rework-20260927/assets/houses/house_l4_1400_a-v2.png,wave20-era,B,public/assets/wave20/houses/house_l4_1400_a-v2.png,NAT-5 / 시대 표현,SPECS/wave20-era.md,"year<1350 기존 집; 1350≤year<1400 1350판; year≥1400 1400판. 단일 필지 한정, house level와 A/B 고정 hash를 유지. Wave26/30 부유도/지붕 선택과 경쟁하는 우선순위를 하나로 통합해야 하므로 A 불가. L2~4 overlay는 시대 일치 boarded-v3와 roof_snow-v4만; L0/1은 원문 CSV compatible overlay를 사용. native_to_world_scale, pivot, full canvas 보존; 기존 alpha crop 재활용 금지.","(81.97647527910686,157.40510366826157) native px",161,161,all,INSTALL-WAVE20-20261003,install,wave20/rework-20260927/records/,c8cec83c79194ff0ad59139011dfb2f16adefd3d471490714422f0b1dbdc466b
wave20/rework-20260927/assets/houses/house_l4_1400_b-v2.png,wave20-era,B,public/assets/wave20/houses/house_l4_1400_b-v2.png,NAT-5 / 시대 표현,SPECS/wave20-era.md,"year<1350 기존 집; 1350≤year<1400 1350판; year≥1400 1400판. 단일 필지 한정, house level와 A/B 고정 hash를 유지. Wave26/30 부유도/지붕 선택과 경쟁하는 우선순위를 하나로 통합해야 하므로 A 불가. L2~4 overlay는 시대 일치 boarded-v3와 roof_snow-v4만; L0/1은 원문 CSV compatible overlay를 사용. native_to_world_scale, pivot, full canvas 보존; 기존 alpha crop 재활용 금지.","(81.97647527910686,157.40510366826157) native px",161,161,all,INSTALL-WAVE20-20261003,install,wave20/rework-20260927/records/,62c8c2b14ea45a4bc0ea460c24c2dc74baed5d8f97d46b8d5b46596f417acfe7
wave20/rework-20260927/assets/overlays/boarded_l2_1350-v3.png,wave20-era,B,public/assets/wave20/overlays/boarded_l2_1350-v3.png,NAT-5 / 시대 표현,SPECS/wave20-era.md,"year<1350 기존 집; 1350≤year<1400 1350판; year≥1400 1400판. 단일 필지 한정, house level와 A/B 고정 hash를 유지. Wave26/30 부유도/지붕 선택과 경쟁하는 우선순위를 하나로 통합해야 하므로 A 불가. L2~4 overlay는 시대 일치 boarded-v3와 roof_snow-v4만; L0/1은 원문 CSV compatible overlay를 사용. native_to_world_scale, pivot, full canvas 보존; 기존 alpha crop 재활용 금지.","(70.95813397129186,132.08373205741626) native px; overlay same full canvas offset(0,0) scale1",137,137,all,INSTALL-WAVE20-20261003,install,wave20/rework-20260927/records/,5746b6d65c42a49794270491cecbbc49e071b5fddfac3d4e8ce489f3be5e2c39
wave20/rework-20260927/assets/overlays/boarded_l2_1400-v3.png,wave20-era,B,public/assets/wave20/overlays/boarded_l2_1400-v3.png,NAT-5 / 시대 표현,SPECS/wave20-era.md,"year<1350 기존 집; 1350≤year<1400 1350판; year≥1400 1400판. 단일 필지 한정, house level와 A/B 고정 hash를 유지. Wave26/30 부유도/지붕 선택과 경쟁하는 우선순위를 하나로 통합해야 하므로 A 불가. L2~4 overlay는 시대 일치 boarded-v3와 roof_snow-v4만; L0/1은 원문 CSV compatible overlay를 사용. native_to_world_scale, pivot, full canvas 보존; 기존 alpha crop 재활용 금지.","(70.95813397129186,132.08373205741626) native px; overlay same full canvas offset(0,0) scale1",137,137,all,INSTALL-WAVE20-20261003,install,wave20/rework-20260927/records/,126a09ae77818cb16dbc0879c5bbc4bf0b58f750ed314faeb88df47a7ea03787
wave20/rework-20260927/assets/overlays/boarded_l3_1350-v3.png,wave20-era,B,public/assets/wave20/overlays/boarded_l3_1350-v3.png,NAT-5 / 시대 표현,SPECS/wave20-era.md,"year<1350 기존 집; 1350≤year<1400 1350판; year≥1400 1400판. 단일 필지 한정, house level와 A/B 고정 hash를 유지. Wave26/30 부유도/지붕 선택과 경쟁하는 우선순위를 하나로 통합해야 하므로 A 불가. L2~4 overlay는 시대 일치 boarded-v3와 roof_snow-v4만; L0/1은 원문 CSV compatible overlay를 사용. native_to_world_scale, pivot, full canvas 보존; 기존 alpha crop 재활용 금지.","(74.39712918660287,138.03668261562999) native px; overlay same full canvas offset(0,0) scale1",142,142,all,INSTALL-WAVE20-20261003,install,wave20/rework-20260927/records/,70433fae506ec25fadb70648f2922fc79a7d0ac63e32a7859a426cd07bc314e4
wave20/rework-20260927/assets/overlays/boarded_l3_1400-v3.png,wave20-era,B,public/assets/wave20/overlays/boarded_l3_1400-v3.png,NAT-5 / 시대 표현,SPECS/wave20-era.md,"year<1350 기존 집; 1350≤year<1400 1350판; year≥1400 1400판. 단일 필지 한정, house level와 A/B 고정 hash를 유지. Wave26/30 부유도/지붕 선택과 경쟁하는 우선순위를 하나로 통합해야 하므로 A 불가. L2~4 overlay는 시대 일치 boarded-v3와 roof_snow-v4만; L0/1은 원문 CSV compatible overlay를 사용. native_to_world_scale, pivot, full canvas 보존; 기존 alpha crop 재활용 금지.","(74.39712918660287,138.03668261562999) native px; overlay same full canvas offset(0,0) scale1",142,142,all,INSTALL-WAVE20-20261003,install,wave20/rework-20260927/records/,1da3f94fe23acd56326b9156342fc44309f4f84bcfb72a910455dae6de97516c
wave20/rework-20260927/assets/overlays/boarded_l4_1350-v3.png,wave20-era,B,public/assets/wave20/overlays/boarded_l4_1350-v3.png,NAT-5 / 시대 표현,SPECS/wave20-era.md,"year<1350 기존 집; 1350≤year<1400 1350판; year≥1400 1400판. 단일 필지 한정, house level와 A/B 고정 hash를 유지. Wave26/30 부유도/지붕 선택과 경쟁하는 우선순위를 하나로 통합해야 하므로 A 불가. L2~4 overlay는 시대 일치 boarded-v3와 roof_snow-v4만; L0/1은 원문 CSV compatible overlay를 사용. native_to_world_scale, pivot, full canvas 보존; 기존 alpha crop 재활용 금지.","(81.97647527910686,157.40510366826157) native px; overlay same full canvas offset(0,0) scale1",161,161,all,INSTALL-WAVE20-20261003,install,wave20/rework-20260927/records/,2d839d7571c0d7991c771324edc89c370e5da4e57dd6b8eb76caf8143c3aac3e
wave20/rework-20260927/assets/overlays/boarded_l4_1400-v3.png,wave20-era,B,public/assets/wave20/overlays/boarded_l4_1400-v3.png,NAT-5 / 시대 표현,SPECS/wave20-era.md,"year<1350 기존 집; 1350≤year<1400 1350판; year≥1400 1400판. 단일 필지 한정, house level와 A/B 고정 hash를 유지. Wave26/30 부유도/지붕 선택과 경쟁하는 우선순위를 하나로 통합해야 하므로 A 불가. L2~4 overlay는 시대 일치 boarded-v3와 roof_snow-v4만; L0/1은 원문 CSV compatible overlay를 사용. native_to_world_scale, pivot, full canvas 보존; 기존 alpha crop 재활용 금지.","(81.97647527910686,157.40510366826157) native px; overlay same full canvas offset(0,0) scale1",161,161,all,INSTALL-WAVE20-20261003,install,wave20/rework-20260927/records/,75b48f6b52e74a7014d9da683686457fcbf8a5eb1aaacd0678084a37f2410403
wave20/snow-v4-20260927/assets/overlays/roof_snow_l2_1350-v4.png,wave20-era,B,public/assets/wave20/overlays/roof_snow_l2_1350-v4.png,NAT-5 / 시대 표현,SPECS/wave20-era.md,"year<1350 기존 집; 1350≤year<1400 1350판; year≥1400 1400판. 단일 필지 한정, house level와 A/B 고정 hash를 유지. Wave26/30 부유도/지붕 선택과 경쟁하는 우선순위를 하나로 통합해야 하므로 A 불가. L2~4 overlay는 시대 일치 boarded-v3와 roof_snow-v4만; L0/1은 원문 CSV compatible overlay를 사용. native_to_world_scale, pivot, full canvas 보존; 기존 alpha crop 재활용 금지.","(70.95813397129186,132.08373205741626) native px",137,137,winter,INSTALL-WAVE20-20261003,install,wave20/snow-v4-20260927/records/,9766c06a55f69cbfa94813401f6b4c7d8a4777719e39ab36ecc5e98dea4fc3dd
wave20/snow-v4-20260927/assets/overlays/roof_snow_l2_1400-v4.png,wave20-era,B,public/assets/wave20/overlays/roof_snow_l2_1400-v4.png,NAT-5 / 시대 표현,SPECS/wave20-era.md,"year<1350 기존 집; 1350≤year<1400 1350판; year≥1400 1400판. 단일 필지 한정, house level와 A/B 고정 hash를 유지. Wave26/30 부유도/지붕 선택과 경쟁하는 우선순위를 하나로 통합해야 하므로 A 불가. L2~4 overlay는 시대 일치 boarded-v3와 roof_snow-v4만; L0/1은 원문 CSV compatible overlay를 사용. native_to_world_scale, pivot, full canvas 보존; 기존 alpha crop 재활용 금지.","(70.95813397129186,132.08373205741626) native px",137,137,winter,INSTALL-WAVE20-20261003,install,wave20/snow-v4-20260927/records/,0058445ce889fd9aea12d69ce52f842f159adc6afa44b9a20a0fc42407590c94
wave20/snow-v4-20260927/assets/overlays/roof_snow_l3_1350-v4.png,wave20-era,B,public/assets/wave20/overlays/roof_snow_l3_1350-v4.png,NAT-5 / 시대 표현,SPECS/wave20-era.md,"year<1350 기존 집; 1350≤year<1400 1350판; year≥1400 1400판. 단일 필지 한정, house level와 A/B 고정 hash를 유지. Wave26/30 부유도/지붕 선택과 경쟁하는 우선순위를 하나로 통합해야 하므로 A 불가. L2~4 overlay는 시대 일치 boarded-v3와 roof_snow-v4만; L0/1은 원문 CSV compatible overlay를 사용. native_to_world_scale, pivot, full canvas 보존; 기존 alpha crop 재활용 금지.","(74.39712918660287,138.03668261562999) native px",142,142,winter,INSTALL-WAVE20-20261003,install,wave20/snow-v4-20260927/records/,19dcf99f2eb1c4f1ae950f867a329c6c9f511a4f8853e21515ba8ddd93f31d8a
wave20/snow-v4-20260927/assets/overlays/roof_snow_l3_1400-v4.png,wave20-era,B,public/assets/wave20/overlays/roof_snow_l3_1400-v4.png,NAT-5 / 시대 표현,SPECS/wave20-era.md,"year<1350 기존 집; 1350≤year<1400 1350판; year≥1400 1400판. 단일 필지 한정, house level와 A/B 고정 hash를 유지. Wave26/30 부유도/지붕 선택과 경쟁하는 우선순위를 하나로 통합해야 하므로 A 불가. L2~4 overlay는 시대 일치 boarded-v3와 roof_snow-v4만; L0/1은 원문 CSV compatible overlay를 사용. native_to_world_scale, pivot, full canvas 보존; 기존 alpha crop 재활용 금지.","(74.39712918660287,138.03668261562999) native px",142,142,winter,INSTALL-WAVE20-20261003,install,wave20/snow-v4-20260927/records/,29d986787eabb4fbc22191548980b5be52d7476f83ccf24297299e9d095b21a0
wave20/snow-v4-20260927/assets/overlays/roof_snow_l4_1350-v4.png,wave20-era,B,public/assets/wave20/overlays/roof_snow_l4_1350-v4.png,NAT-5 / 시대 표현,SPECS/wave20-era.md,"year<1350 기존 집; 1350≤year<1400 1350판; year≥1400 1400판. 단일 필지 한정, house level와 A/B 고정 hash를 유지. Wave26/30 부유도/지붕 선택과 경쟁하는 우선순위를 하나로 통합해야 하므로 A 불가. L2~4 overlay는 시대 일치 boarded-v3와 roof_snow-v4만; L0/1은 원문 CSV compatible overlay를 사용. native_to_world_scale, pivot, full canvas 보존; 기존 alpha crop 재활용 금지.","(81.97647527910686,157.40510366826157) native px",161,161,winter,INSTALL-WAVE20-20261003,install,wave20/snow-v4-20260927/records/,c209486d793a6f109b2a90ba3c0c11885c20025259e2889f022b7bdb35ebfca6
wave20/snow-v4-20260927/assets/overlays/roof_snow_l4_1400-v4.png,wave20-era,B,public/assets/wave20/overlays/roof_snow_l4_1400-v4.png,NAT-5 / 시대 표현,SPECS/wave20-era.md,"year<1350 기존 집; 1350≤year<1400 1350판; year≥1400 1400판. 단일 필지 한정, house level와 A/B 고정 hash를 유지. Wave26/30 부유도/지붕 선택과 경쟁하는 우선순위를 하나로 통합해야 하므로 A 불가. L2~4 overlay는 시대 일치 boarded-v3와 roof_snow-v4만; L0/1은 원문 CSV compatible overlay를 사용. native_to_world_scale, pivot, full canvas 보존; 기존 alpha crop 재활용 금지.","(81.97647527910686,157.40510366826157) native px",161,161,winter,INSTALL-WAVE20-20261003,install,wave20/snow-v4-20260927/records/,7f7729b3e2aedfe5a060fd1f5c66d65efa76f4339791649d667e81b4a5789954
wave3/candidates-20260926/assets/bld/cloth_hall.png,wave3-cloth-hall,C,public/assets/wave3/bld/cloth_hall.png,향후 직물 시설,SPECS/wave3-cloth-hall.md,"cloth_hall은 현재 BuildingKind에 없다. 별도 건물 비용/고용/권리/footprint 규칙을 먼저 정의해야 한다. weaver_house로 임의 대체 금지. 승인 뒤 buildingCatalog와 facilityArt 등록, footprint front anchor에 지정 피벗 정렬.",per-frame/source registration: wave3/candidates-20260926/records/ (spec requirement; not guessed),200,160,all,INSTALL-WAVE3-20261003,install,wave3/candidates-20260926/records/,def9d60baad48d5722308f7274ded5e4b9111c80b597c4820bd959d021ad30e5
wave3/candidates-20260926/assets/pasture/shearing_pen-v1.png,wave3-pasture,B,public/assets/wave3/pasture/shearing_pen-v1.png,CLOTH-UI / LM-R3,SPECS/wave3-pasture.md,pastoral_farm의 보유 마당 안에서 shearing_pen/sheepfold를 겹치지 않게 고정 hash로 선택하고 wash_pool은 물 인접에만. 건물 footprint·도로와 충돌하면 생략한다. pasture 폴더를 WAVE3_CLOTH_IMAGES/PIVOTS에 명시 추가; 등록만으로 현재 draw는 선택하지 않는다.,"[128, 184] native px",256,192,all,INSTALL-WAVE3-20261003,install,assets-inbox/wave3/candidates-20260926/records/ground-validation.json,e199eb13969f5cd61e9f8724321c0649ed4a4fca727dbd6c3abc6eda03094058
wave3/candidates-20260926/assets/pasture/sheepfold-v1.png,wave3-pasture,B,public/assets/wave3/pasture/sheepfold-v1.png,CLOTH-UI / LM-R3,SPECS/wave3-pasture.md,pastoral_farm의 보유 마당 안에서 shearing_pen/sheepfold를 겹치지 않게 고정 hash로 선택하고 wash_pool은 물 인접에만. 건물 footprint·도로와 충돌하면 생략한다. pasture 폴더를 WAVE3_CLOTH_IMAGES/PIVOTS에 명시 추가; 등록만으로 현재 draw는 선택하지 않는다.,"[128, 184] native px",256,192,all,INSTALL-WAVE3-20261003,install,assets-inbox/wave3/candidates-20260926/records/ground-validation.json,254f5fce93678df38ec5665cbe1ffb5d1431477af6c8da3eb1a26f793c23e824
wave3/candidates-20260926/assets/pasture/wash_pool-v1.png,wave3-pasture,B,public/assets/wave3/pasture/wash_pool-v1.png,CLOTH-UI / LM-R3,SPECS/wave3-pasture.md,pastoral_farm의 보유 마당 안에서 shearing_pen/sheepfold를 겹치지 않게 고정 hash로 선택하고 wash_pool은 물 인접에만. 건물 footprint·도로와 충돌하면 생략한다. pasture 폴더를 WAVE3_CLOTH_IMAGES/PIVOTS에 명시 추가; 등록만으로 현재 draw는 선택하지 않는다.,"[96, 120] native px",192,128,all,INSTALL-WAVE3-20261003,install,assets-inbox/wave3/candidates-20260926/records/ground-validation.json,4c824dc6538aa379611c01575ee841412497fa7da43befd4dd4216803c3e821f
wave3/candidates-20260926/assets/props/work_distaff_ne-v1.png,wave3-tools,B,public/assets/wave3/props/work_distaff_ne-v1.png,CLOTH-UI / LM-R3,SPECS/wave3-tools.md,"기존 직물 워커 kit 경로에서 shepherd→crook, shearing→shears, spinning→distaff, dyeing→paddle를 실제 작업 상태에만 선택한다. 4방향 URL을 walkerPropManifest에 추가하고 grip pivot을 셀 손 좌표에 연결한다. 새로운 장식 인구 생성 금지.","[16, 20] native px hand-grip",32,32,all,INSTALL-WAVE3-20261003,install,assets-inbox/wave3/candidates-20260926/records/props/anchors.json,7c52a85b4745ee7e855f833fedeb36fada1faaabbd8e20c7d020752c868dfcdf
wave3/candidates-20260926/assets/props/work_distaff_nw-v1.png,wave3-tools,B,public/assets/wave3/props/work_distaff_nw-v1.png,CLOTH-UI / LM-R3,SPECS/wave3-tools.md,"기존 직물 워커 kit 경로에서 shepherd→crook, shearing→shears, spinning→distaff, dyeing→paddle를 실제 작업 상태에만 선택한다. 4방향 URL을 walkerPropManifest에 추가하고 grip pivot을 셀 손 좌표에 연결한다. 새로운 장식 인구 생성 금지.","[16, 20] native px hand-grip",32,32,all,INSTALL-WAVE3-20261003,install,assets-inbox/wave3/candidates-20260926/records/props/anchors.json,2f9a466f67b9e694c99ce437db876c62ccca6a7a4a966a10ee0c82d8093d7dd7
wave3/candidates-20260926/assets/props/work_distaff_se-v1.png,wave3-tools,B,public/assets/wave3/props/work_distaff_se-v1.png,CLOTH-UI / LM-R3,SPECS/wave3-tools.md,"기존 직물 워커 kit 경로에서 shepherd→crook, shearing→shears, spinning→distaff, dyeing→paddle를 실제 작업 상태에만 선택한다. 4방향 URL을 walkerPropManifest에 추가하고 grip pivot을 셀 손 좌표에 연결한다. 새로운 장식 인구 생성 금지.","[16, 20] native px hand-grip",32,32,all,INSTALL-WAVE3-20261003,install,assets-inbox/wave3/candidates-20260926/records/props/anchors.json,955e34b2de405be411909ad884a88373d55bb760be40ec93bc7909eb05e51d40
wave3/candidates-20260926/assets/props/work_distaff_sw-v1.png,wave3-tools,B,public/assets/wave3/props/work_distaff_sw-v1.png,CLOTH-UI / LM-R3,SPECS/wave3-tools.md,"기존 직물 워커 kit 경로에서 shepherd→crook, shearing→shears, spinning→distaff, dyeing→paddle를 실제 작업 상태에만 선택한다. 4방향 URL을 walkerPropManifest에 추가하고 grip pivot을 셀 손 좌표에 연결한다. 새로운 장식 인구 생성 금지.","[16, 20] native px hand-grip",32,32,all,INSTALL-WAVE3-20261003,install,assets-inbox/wave3/candidates-20260926/records/props/anchors.json,6b650f813f0fedd47bc7853e60a64bfba989d3c78a7d075d0bb0905b7a4cb794
wave3/candidates-20260926/assets/props/work_dye_paddle_ne-v1.png,wave3-tools,B,public/assets/wave3/props/work_dye_paddle_ne-v1.png,CLOTH-UI / LM-R3,SPECS/wave3-tools.md,"기존 직물 워커 kit 경로에서 shepherd→crook, shearing→shears, spinning→distaff, dyeing→paddle를 실제 작업 상태에만 선택한다. 4방향 URL을 walkerPropManifest에 추가하고 grip pivot을 셀 손 좌표에 연결한다. 새로운 장식 인구 생성 금지.","[16, 20] native px hand-grip",32,32,all,INSTALL-WAVE3-20261003,install,assets-inbox/wave3/candidates-20260926/records/props/anchors.json,8a586e3462b3ccd00e1405ade76043c8c4c584f240234954b4158b28c7cb5504
wave3/candidates-20260926/assets/props/work_dye_paddle_nw-v1.png,wave3-tools,B,public/assets/wave3/props/work_dye_paddle_nw-v1.png,CLOTH-UI / LM-R3,SPECS/wave3-tools.md,"기존 직물 워커 kit 경로에서 shepherd→crook, shearing→shears, spinning→distaff, dyeing→paddle를 실제 작업 상태에만 선택한다. 4방향 URL을 walkerPropManifest에 추가하고 grip pivot을 셀 손 좌표에 연결한다. 새로운 장식 인구 생성 금지.","[16, 20] native px hand-grip",32,32,all,INSTALL-WAVE3-20261003,install,assets-inbox/wave3/candidates-20260926/records/props/anchors.json,12cfeca936719018e8058fe15a5296eb7da0c0a517604bfe82d5866775dea133
wave3/candidates-20260926/assets/props/work_dye_paddle_se-v1.png,wave3-tools,B,public/assets/wave3/props/work_dye_paddle_se-v1.png,CLOTH-UI / LM-R3,SPECS/wave3-tools.md,"기존 직물 워커 kit 경로에서 shepherd→crook, shearing→shears, spinning→distaff, dyeing→paddle를 실제 작업 상태에만 선택한다. 4방향 URL을 walkerPropManifest에 추가하고 grip pivot을 셀 손 좌표에 연결한다. 새로운 장식 인구 생성 금지.","[16, 20] native px hand-grip",32,32,all,INSTALL-WAVE3-20261003,install,assets-inbox/wave3/candidates-20260926/records/props/anchors.json,662644b08e09e7c3cf60f1bed6581fda271be59b0645a7c9985c43411aa513e9
wave3/candidates-20260926/assets/props/work_dye_paddle_sw-v1.png,wave3-tools,B,public/assets/wave3/props/work_dye_paddle_sw-v1.png,CLOTH-UI / LM-R3,SPECS/wave3-tools.md,"기존 직물 워커 kit 경로에서 shepherd→crook, shearing→shears, spinning→distaff, dyeing→paddle를 실제 작업 상태에만 선택한다. 4방향 URL을 walkerPropManifest에 추가하고 grip pivot을 셀 손 좌표에 연결한다. 새로운 장식 인구 생성 금지.","[16, 20] native px hand-grip",32,32,all,INSTALL-WAVE3-20261003,install,assets-inbox/wave3/candidates-20260926/records/props/anchors.json,cb2dcadcadf633d22fbaa7e95ef1e6bf697385e2b068e5ce9d48125071da93b5
wave3/candidates-20260926/assets/props/work_shears_ne-v1.png,wave3-tools,B,public/assets/wave3/props/work_shears_ne-v1.png,CLOTH-UI / LM-R3,SPECS/wave3-tools.md,"기존 직물 워커 kit 경로에서 shepherd→crook, shearing→shears, spinning→distaff, dyeing→paddle를 실제 작업 상태에만 선택한다. 4방향 URL을 walkerPropManifest에 추가하고 grip pivot을 셀 손 좌표에 연결한다. 새로운 장식 인구 생성 금지.","[16, 20] native px hand-grip",32,32,all,INSTALL-WAVE3-20261003,install,assets-inbox/wave3/candidates-20260926/records/props/anchors.json,8c5c0c7665bab11d97171dabddc268a99621f49fa1b59e35eafbe5905d2adae0
wave3/candidates-20260926/assets/props/work_shears_nw-v1.png,wave3-tools,B,public/assets/wave3/props/work_shears_nw-v1.png,CLOTH-UI / LM-R3,SPECS/wave3-tools.md,"기존 직물 워커 kit 경로에서 shepherd→crook, shearing→shears, spinning→distaff, dyeing→paddle를 실제 작업 상태에만 선택한다. 4방향 URL을 walkerPropManifest에 추가하고 grip pivot을 셀 손 좌표에 연결한다. 새로운 장식 인구 생성 금지.","[16, 20] native px hand-grip",32,32,all,INSTALL-WAVE3-20261003,install,assets-inbox/wave3/candidates-20260926/records/props/anchors.json,da3d50a553737949bb5b222b9979062ee73283d1e042deae025f0b237c4fccd5
wave3/candidates-20260926/assets/props/work_shears_se-v1.png,wave3-tools,B,public/assets/wave3/props/work_shears_se-v1.png,CLOTH-UI / LM-R3,SPECS/wave3-tools.md,"기존 직물 워커 kit 경로에서 shepherd→crook, shearing→shears, spinning→distaff, dyeing→paddle를 실제 작업 상태에만 선택한다. 4방향 URL을 walkerPropManifest에 추가하고 grip pivot을 셀 손 좌표에 연결한다. 새로운 장식 인구 생성 금지.","[16, 20] native px hand-grip",32,32,all,INSTALL-WAVE3-20261003,install,assets-inbox/wave3/candidates-20260926/records/props/anchors.json,42dbc4d7b54689631da275d7dab966dbc6b81eba4bee34a4df9ee573455e54c6
wave3/candidates-20260926/assets/props/work_shears_sw-v1.png,wave3-tools,B,public/assets/wave3/props/work_shears_sw-v1.png,CLOTH-UI / LM-R3,SPECS/wave3-tools.md,"기존 직물 워커 kit 경로에서 shepherd→crook, shearing→shears, spinning→distaff, dyeing→paddle를 실제 작업 상태에만 선택한다. 4방향 URL을 walkerPropManifest에 추가하고 grip pivot을 셀 손 좌표에 연결한다. 새로운 장식 인구 생성 금지.","[16, 20] native px hand-grip",32,32,all,INSTALL-WAVE3-20261003,install,assets-inbox/wave3/candidates-20260926/records/props/anchors.json,fd14c249938e58bde90be917e3338a8840ee089f2e1e1cd4e2b2e67731f843e7
wave3/candidates-20260926/assets/props/work_shepherd_crook_ne-v1.png,wave3-tools,B,public/assets/wave3/props/work_shepherd_crook_ne-v1.png,CLOTH-UI / LM-R3,SPECS/wave3-tools.md,"기존 직물 워커 kit 경로에서 shepherd→crook, shearing→shears, spinning→distaff, dyeing→paddle를 실제 작업 상태에만 선택한다. 4방향 URL을 walkerPropManifest에 추가하고 grip pivot을 셀 손 좌표에 연결한다. 새로운 장식 인구 생성 금지.","[16, 20] native px hand-grip",32,32,all,INSTALL-WAVE3-20261003,install,assets-inbox/wave3/candidates-20260926/records/props/anchors.json,1b37582a3efeee6846f56ab24409b7ba78b6638fe67f3b84540c455295fb8d23
wave3/candidates-20260926/assets/props/work_shepherd_crook_nw-v1.png,wave3-tools,B,public/assets/wave3/props/work_shepherd_crook_nw-v1.png,CLOTH-UI / LM-R3,SPECS/wave3-tools.md,"기존 직물 워커 kit 경로에서 shepherd→crook, shearing→shears, spinning→distaff, dyeing→paddle를 실제 작업 상태에만 선택한다. 4방향 URL을 walkerPropManifest에 추가하고 grip pivot을 셀 손 좌표에 연결한다. 새로운 장식 인구 생성 금지.","[16, 20] native px hand-grip",32,32,all,INSTALL-WAVE3-20261003,install,assets-inbox/wave3/candidates-20260926/records/props/anchors.json,0ce88ad1694d181d34c81f831be32350a9c6cde61f38805ad96ad2998f085df0
wave3/candidates-20260926/assets/props/work_shepherd_crook_se-v1.png,wave3-tools,B,public/assets/wave3/props/work_shepherd_crook_se-v1.png,CLOTH-UI / LM-R3,SPECS/wave3-tools.md,"기존 직물 워커 kit 경로에서 shepherd→crook, shearing→shears, spinning→distaff, dyeing→paddle를 실제 작업 상태에만 선택한다. 4방향 URL을 walkerPropManifest에 추가하고 grip pivot을 셀 손 좌표에 연결한다. 새로운 장식 인구 생성 금지.","[16, 20] native px hand-grip",32,32,all,INSTALL-WAVE3-20261003,install,assets-inbox/wave3/candidates-20260926/records/props/anchors.json,dca8cb8d396093d581a9831a277a9cf7e460bac1fd3a3fb5a29d7fd67c4dd0eb
wave3/candidates-20260926/assets/props/work_shepherd_crook_sw-v1.png,wave3-tools,B,public/assets/wave3/props/work_shepherd_crook_sw-v1.png,CLOTH-UI / LM-R3,SPECS/wave3-tools.md,"기존 직물 워커 kit 경로에서 shepherd→crook, shearing→shears, spinning→distaff, dyeing→paddle를 실제 작업 상태에만 선택한다. 4방향 URL을 walkerPropManifest에 추가하고 grip pivot을 셀 손 좌표에 연결한다. 새로운 장식 인구 생성 금지.","[16, 20] native px hand-grip",32,32,all,INSTALL-WAVE3-20261003,install,assets-inbox/wave3/candidates-20260926/records/props/anchors.json,768d6ef04ddad3acdeefa0945816200bac78549c308423c361e0c1cb7cc807c5
wave7/rework-v1/assets/original-assets/cart_load_bread_ne-v1.png,legacy-reconcile,A,public/assets/wave7/cart/cart_load_bread_ne-v1.png,INSTALL-7 / UI-4,INSTALL_LISTS/legacy-reconcile.md,이미 설치된 동일 원본의 사본이다. 새 파일 복사·카탈로그 중복 추가 없이 existing_target를 유지한다. installed_by는 실제 증명한 기존 설치 ID와 reconciliation 감사 ID를 함께 기록한다.,per-frame/source registration: wave7/rework-v1/records/ (spec requirement; not guessed),96,64,all,INSTALL-7; RECONCILE-INSTALL-20261003,ledger_reconcile,wave7/rework-v1/records/,e1a55c9991a2366d3ef5fab4b2aa3538395fd0ab55daeffa7e707c15384d897b
wave7/rework-v1/assets/original-assets/cart_load_bread_nw-v1.png,legacy-reconcile,A,public/assets/wave7/cart/cart_load_bread_nw-v1.png,INSTALL-7 / UI-4,INSTALL_LISTS/legacy-reconcile.md,이미 설치된 동일 원본의 사본이다. 새 파일 복사·카탈로그 중복 추가 없이 existing_target를 유지한다. installed_by는 실제 증명한 기존 설치 ID와 reconciliation 감사 ID를 함께 기록한다.,per-frame/source registration: wave7/rework-v1/records/ (spec requirement; not guessed),96,64,all,INSTALL-7; RECONCILE-INSTALL-20261003,ledger_reconcile,wave7/rework-v1/records/,72b21c39c3eba87d87a30327bb8ae35873218ac01ed31b260f044f234725d86c
wave7/rework-v1/assets/original-assets/cart_load_grainsack_ne-v1.png,legacy-reconcile,A,public/assets/wave7/cart/cart_load_grainsack_ne-v1.png,INSTALL-7 / UI-4,INSTALL_LISTS/legacy-reconcile.md,이미 설치된 동일 원본의 사본이다. 새 파일 복사·카탈로그 중복 추가 없이 existing_target를 유지한다. installed_by는 실제 증명한 기존 설치 ID와 reconciliation 감사 ID를 함께 기록한다.,per-frame/source registration: wave7/rework-v1/records/ (spec requirement; not guessed),96,64,all,INSTALL-7; RECONCILE-INSTALL-20261003,ledger_reconcile,wave7/rework-v1/records/,61b5e8545e1719608c3ae16ea04d78fb71b54fc69b5e7befcc31c18b7dcb96c9
wave7/rework-v1/assets/original-assets/cart_load_grainsack_nw-v1.png,legacy-reconcile,A,public/assets/wave7/cart/cart_load_grainsack_nw-v1.png,INSTALL-7 / UI-4,INSTALL_LISTS/legacy-reconcile.md,이미 설치된 동일 원본의 사본이다. 새 파일 복사·카탈로그 중복 추가 없이 existing_target를 유지한다. installed_by는 실제 증명한 기존 설치 ID와 reconciliation 감사 ID를 함께 기록한다.,per-frame/source registration: wave7/rework-v1/records/ (spec requirement; not guessed),96,64,all,INSTALL-7; RECONCILE-INSTALL-20261003,ledger_reconcile,wave7/rework-v1/records/,5259ce23d09617005064098161c1460b99219e46c94e64371ec6b307ac2a4cbe
wave7/rework-v1/assets/original-assets/cart_load_log_ne-v1.png,legacy-reconcile,A,public/assets/wave7/cart/cart_load_log_ne-v1.png,INSTALL-7 / UI-4,INSTALL_LISTS/legacy-reconcile.md,이미 설치된 동일 원본의 사본이다. 새 파일 복사·카탈로그 중복 추가 없이 existing_target를 유지한다. installed_by는 실제 증명한 기존 설치 ID와 reconciliation 감사 ID를 함께 기록한다.,per-frame/source registration: wave7/rework-v1/records/ (spec requirement; not guessed),96,64,all,INSTALL-7; RECONCILE-INSTALL-20261003,ledger_reconcile,wave7/rework-v1/records/,73c5fcde0050e5c83398a68b691a9f051054ade8f9df69b1fc9d5d96c2803c73
wave7/rework-v1/assets/original-assets/cart_load_log_nw-v1.png,legacy-reconcile,A,public/assets/wave7/cart/cart_load_log_nw-v1.png,INSTALL-7 / UI-4,INSTALL_LISTS/legacy-reconcile.md,이미 설치된 동일 원본의 사본이다. 새 파일 복사·카탈로그 중복 추가 없이 existing_target를 유지한다. installed_by는 실제 증명한 기존 설치 ID와 reconciliation 감사 ID를 함께 기록한다.,per-frame/source registration: wave7/rework-v1/records/ (spec requirement; not guessed),96,64,all,INSTALL-7; RECONCILE-INSTALL-20261003,ledger_reconcile,wave7/rework-v1/records/,a19d1bfad456494a858c59f9a9c14483cf045c584c64c590708c6552c075ec5d
wave7/rework-v1/assets/original-assets/cart_load_rawstone_ne-v1.png,legacy-reconcile,A,public/assets/wave7/cart/cart_load_rawstone_ne-v1.png,INSTALL-7 / UI-4,INSTALL_LISTS/legacy-reconcile.md,이미 설치된 동일 원본의 사본이다. 새 파일 복사·카탈로그 중복 추가 없이 existing_target를 유지한다. installed_by는 실제 증명한 기존 설치 ID와 reconciliation 감사 ID를 함께 기록한다.,per-frame/source registration: wave7/rework-v1/records/ (spec requirement; not guessed),96,64,all,INSTALL-7; RECONCILE-INSTALL-20261003,ledger_reconcile,wave7/rework-v1/records/,777c24284823f4cbbae8aa53ff7e453fc83ca988efa0ba36b7b15a0219ffe228
wave7/rework-v1/assets/original-assets/cart_load_rawstone_nw-v1.png,legacy-reconcile,A,public/assets/wave7/cart/cart_load_rawstone_nw-v1.png,INSTALL-7 / UI-4,INSTALL_LISTS/legacy-reconcile.md,이미 설치된 동일 원본의 사본이다. 새 파일 복사·카탈로그 중복 추가 없이 existing_target를 유지한다. installed_by는 실제 증명한 기존 설치 ID와 reconciliation 감사 ID를 함께 기록한다.,per-frame/source registration: wave7/rework-v1/records/ (spec requirement; not guessed),96,64,all,INSTALL-7; RECONCILE-INSTALL-20261003,ledger_reconcile,wave7/rework-v1/records/,b43cc7ffc5a2a50402d31a7bfc52a6dd0ad9c18b41d358ddaf6065326fbfe1f8
wave7/rework-v1/assets/original-assets/cart_load_stone_ne-v1.png,legacy-reconcile,A,public/assets/wave7/cart/cart_load_stone_ne-v1.png,INSTALL-7 / UI-4,INSTALL_LISTS/legacy-reconcile.md,이미 설치된 동일 원본의 사본이다. 새 파일 복사·카탈로그 중복 추가 없이 existing_target를 유지한다. installed_by는 실제 증명한 기존 설치 ID와 reconciliation 감사 ID를 함께 기록한다.,per-frame/source registration: wave7/rework-v1/records/ (spec requirement; not guessed),96,64,all,INSTALL-7; RECONCILE-INSTALL-20261003,ledger_reconcile,wave7/rework-v1/records/,823cfc3797a48aee83d4e88ef6eb0670c27e2b9a86fda3fdca04385f93ccacd6
wave7/rework-v1/assets/original-assets/cart_load_stone_nw-v1.png,legacy-reconcile,A,public/assets/wave7/cart/cart_load_stone_nw-v1.png,INSTALL-7 / UI-4,INSTALL_LISTS/legacy-reconcile.md,이미 설치된 동일 원본의 사본이다. 새 파일 복사·카탈로그 중복 추가 없이 existing_target를 유지한다. installed_by는 실제 증명한 기존 설치 ID와 reconciliation 감사 ID를 함께 기록한다.,per-frame/source registration: wave7/rework-v1/records/ (spec requirement; not guessed),96,64,all,INSTALL-7; RECONCILE-INSTALL-20261003,ledger_reconcile,wave7/rework-v1/records/,ed7816104ecff8b7b6d8338ed37570836e9a0a3202279bcecdad4a8d6d863fcf
wave7/rework-v1/assets/original-assets/construction/roof_frame_large-v1.png,legacy-reconcile,A,public/assets/wave7/construction/roof_frame_large-v1.png,INSTALL-7 / UI-4,INSTALL_LISTS/legacy-reconcile.md,이미 설치된 동일 원본의 사본이다. 새 파일 복사·카탈로그 중복 추가 없이 existing_target를 유지한다. installed_by는 실제 증명한 기존 설치 ID와 reconciliation 감사 ID를 함께 기록한다.,per-frame/source registration: wave7/rework-v1/records/ (spec requirement; not guessed),256,192,all,INSTALL-7; RECONCILE-INSTALL-20261003,ledger_reconcile,wave7/rework-v1/records/,eff6f14b6e1086736bad05cc2c25b22f99d53e02daa9ddb69dcdf80c25f58f08
wave7/rework-v1/assets/original-assets/construction/roof_frame_medium-v1.png,legacy-reconcile,A,public/assets/wave7/construction/roof_frame_medium-v1.png,INSTALL-7 / UI-4,INSTALL_LISTS/legacy-reconcile.md,이미 설치된 동일 원본의 사본이다. 새 파일 복사·카탈로그 중복 추가 없이 existing_target를 유지한다. installed_by는 실제 증명한 기존 설치 ID와 reconciliation 감사 ID를 함께 기록한다.,per-frame/source registration: wave7/rework-v1/records/ (spec requirement; not guessed),192,144,all,INSTALL-7; RECONCILE-INSTALL-20261003,ledger_reconcile,wave7/rework-v1/records/,5d616fc8944c7cdddc20e04f5349913569c2b8765a1698c5ad610f60667dccb3
wave7/rework-v1/assets/original-assets/construction/roof_frame_small-v1.png,legacy-reconcile,A,public/assets/wave7/construction/roof_frame_small-v1.png,INSTALL-7 / UI-4,INSTALL_LISTS/legacy-reconcile.md,이미 설치된 동일 원본의 사본이다. 새 파일 복사·카탈로그 중복 추가 없이 existing_target를 유지한다. installed_by는 실제 증명한 기존 설치 ID와 reconciliation 감사 ID를 함께 기록한다.,per-frame/source registration: wave7/rework-v1/records/ (spec requirement; not guessed),128,96,all,INSTALL-7; RECONCILE-INSTALL-20261003,ledger_reconcile,wave7/rework-v1/records/,a6c6daf7b9ccaa7711c5e6b7f8ce5ca1b18b8789644a0a99b1e9a9aaf843a634
wave7/rework-v1/assets/original-assets/construction/roof_frame_stone_large-v1.png,legacy-reconcile,A,public/assets/wave7/construction/roof_frame_stone_large-v1.png,INSTALL-7 / UI-4,INSTALL_LISTS/legacy-reconcile.md,이미 설치된 동일 원본의 사본이다. 새 파일 복사·카탈로그 중복 추가 없이 existing_target를 유지한다. installed_by는 실제 증명한 기존 설치 ID와 reconciliation 감사 ID를 함께 기록한다.,per-frame/source registration: wave7/rework-v1/records/ (spec requirement; not guessed),256,224,all,INSTALL-7; RECONCILE-INSTALL-20261003,ledger_reconcile,wave7/rework-v1/records/,2c03c7424370aa49cd0608441911d7c1f07a694bf21a29fa7868919f9a9d136a
wave7/rework-v1/assets/original-assets/fx/dust_puff_sheet-v1.png,legacy-reconcile,A,public/assets/wave7/fx/dust_puff_sheet-v1.png,INSTALL-7 / UI-4,INSTALL_LISTS/legacy-reconcile.md,이미 설치된 동일 원본의 사본이다. 새 파일 복사·카탈로그 중복 추가 없이 existing_target를 유지한다. installed_by는 실제 증명한 기존 설치 ID와 reconciliation 감사 ID를 함께 기록한다.,per-frame/source registration: wave7/rework-v1/records/ (spec requirement; not guessed),256,48,all,INSTALL-7; RECONCILE-INSTALL-20261003,ledger_reconcile,wave7/rework-v1/records/,2dc9999684cd1f98b2deae413a0299ffae5f18e20ac628f1797e88bdfa428f24
wave7/rework-v1/assets/original-assets/fx/oven_smoke_sheet-v1.png,legacy-reconcile,A,public/assets/wave7/fx/oven_smoke_sheet-v1.png,INSTALL-7 / UI-4,INSTALL_LISTS/legacy-reconcile.md,이미 설치된 동일 원본의 사본이다. 새 파일 복사·카탈로그 중복 추가 없이 existing_target를 유지한다. installed_by는 실제 증명한 기존 설치 ID와 reconciliation 감사 ID를 함께 기록한다.,per-frame/source registration: wave7/rework-v1/records/ (spec requirement; not guessed),256,96,all,INSTALL-7; RECONCILE-INSTALL-20261003,ledger_reconcile,wave7/rework-v1/records/,ed8908e615b055c78c1cb499687e878d40482c4bd45a7d5f7de40756bf94aeb2
wave7/rework-v1/assets/original-assets/fx/plus_float-v1.png,legacy-reconcile,A,public/assets/wave7/fx/plus_float-v1.png,INSTALL-7 / UI-4,INSTALL_LISTS/legacy-reconcile.md,이미 설치된 동일 원본의 사본이다. 새 파일 복사·카탈로그 중복 추가 없이 existing_target를 유지한다. installed_by는 실제 증명한 기존 설치 ID와 reconciliation 감사 ID를 함께 기록한다.,per-frame/source registration: wave7/rework-v1/records/ (spec requirement; not guessed),32,32,all,INSTALL-7; RECONCILE-INSTALL-20261003,ledger_reconcile,wave7/rework-v1/records/,f685df2c2bc140c77515e05b348ecffa5a1eccd5d46b77f21685f87e67e861bd
wave7/rework-v1/assets/original-assets/fx/roof_smoke_sheet-v1.png,legacy-reconcile,A,public/assets/wave7/fx/roof_smoke_sheet-v1.png,INSTALL-7 / UI-4,INSTALL_LISTS/legacy-reconcile.md,이미 설치된 동일 원본의 사본이다. 새 파일 복사·카탈로그 중복 추가 없이 existing_target를 유지한다. installed_by는 실제 증명한 기존 설치 ID와 reconciliation 감사 ID를 함께 기록한다.,per-frame/source registration: wave7/rework-v1/records/ (spec requirement; not guessed),192,80,all,INSTALL-7; RECONCILE-INSTALL-20261003,ledger_reconcile,wave7/rework-v1/records/,5e3860c88899051dd82b0a4ca7b0a2e97092decdbb4d9591dceef9d0628047b0
wave7/rework-v1/assets/original-assets/fx/roof_smoke_weak_sheet-v1.png,legacy-reconcile,A,public/assets/wave7/fx/roof_smoke_weak_sheet-v1.png,INSTALL-7 / UI-4,INSTALL_LISTS/legacy-reconcile.md,이미 설치된 동일 원본의 사본이다. 새 파일 복사·카탈로그 중복 추가 없이 existing_target를 유지한다. installed_by는 실제 증명한 기존 설치 ID와 reconciliation 감사 ID를 함께 기록한다.,per-frame/source registration: wave7/rework-v1/records/ (spec requirement; not guessed),192,80,all,INSTALL-7; RECONCILE-INSTALL-20261003,ledger_reconcile,wave7/rework-v1/records/,9d409f147a5273bce371743533ff9e48a75b428d1e544b974e09b92c7b207823
wave7/rework-v1/assets/original-assets/pile/bread_1-v1.png,legacy-reconcile,A,public/assets/wave7/pile/bread_1-v1.png,INSTALL-7 / UI-4,INSTALL_LISTS/legacy-reconcile.md,이미 설치된 동일 원본의 사본이다. 새 파일 복사·카탈로그 중복 추가 없이 existing_target를 유지한다. installed_by는 실제 증명한 기존 설치 ID와 reconciliation 감사 ID를 함께 기록한다.,per-frame/source registration: wave7/rework-v1/records/ (spec requirement; not guessed),64,48,all,INSTALL-7; RECONCILE-INSTALL-20261003,ledger_reconcile,wave7/rework-v1/records/,c67efa51d469410d0f86c1d34acbe0a1f51872ea8c2028410274db083befb73c
wave7/rework-v1/assets/original-assets/pile/bread_2-v1.png,legacy-reconcile,A,public/assets/wave7/pile/bread_2-v1.png,INSTALL-7 / UI-4,INSTALL_LISTS/legacy-reconcile.md,이미 설치된 동일 원본의 사본이다. 새 파일 복사·카탈로그 중복 추가 없이 existing_target를 유지한다. installed_by는 실제 증명한 기존 설치 ID와 reconciliation 감사 ID를 함께 기록한다.,per-frame/source registration: wave7/rework-v1/records/ (spec requirement; not guessed),64,48,all,INSTALL-7; RECONCILE-INSTALL-20261003,ledger_reconcile,wave7/rework-v1/records/,4f3d3556ca4769e0f6df232c968bad01e3bf14121958c8a590ea21f3ba954e05
wave7/rework-v1/assets/original-assets/pile/bread_3-v1.png,legacy-reconcile,A,public/assets/wave7/pile/bread_3-v1.png,INSTALL-7 / UI-4,INSTALL_LISTS/legacy-reconcile.md,이미 설치된 동일 원본의 사본이다. 새 파일 복사·카탈로그 중복 추가 없이 existing_target를 유지한다. installed_by는 실제 증명한 기존 설치 ID와 reconciliation 감사 ID를 함께 기록한다.,per-frame/source registration: wave7/rework-v1/records/ (spec requirement; not guessed),64,48,all,INSTALL-7; RECONCILE-INSTALL-20261003,ledger_reconcile,wave7/rework-v1/records/,21a0532eaa45c7c636c94a31ace06e82084edaa0e1e9869af973c1eb93c06eaa
wave7/rework-v1/assets/original-assets/pile/crates_1-v1.png,legacy-reconcile,A,public/assets/wave7/pile/crates_1-v1.png,INSTALL-7 / UI-4,INSTALL_LISTS/legacy-reconcile.md,이미 설치된 동일 원본의 사본이다. 새 파일 복사·카탈로그 중복 추가 없이 existing_target를 유지한다. installed_by는 실제 증명한 기존 설치 ID와 reconciliation 감사 ID를 함께 기록한다.,per-frame/source registration: wave7/rework-v1/records/ (spec requirement; not guessed),96,64,all,INSTALL-7; RECONCILE-INSTALL-20261003,ledger_reconcile,wave7/rework-v1/records/,f40f5216d05b9c874da2529eeab26b4385213180411e88aac856ea26e9f853a3
wave7/rework-v1/assets/original-assets/pile/crates_2-v1.png,legacy-reconcile,A,public/assets/wave7/pile/crates_2-v1.png,INSTALL-7 / UI-4,INSTALL_LISTS/legacy-reconcile.md,이미 설치된 동일 원본의 사본이다. 새 파일 복사·카탈로그 중복 추가 없이 existing_target를 유지한다. installed_by는 실제 증명한 기존 설치 ID와 reconciliation 감사 ID를 함께 기록한다.,per-frame/source registration: wave7/rework-v1/records/ (spec requirement; not guessed),96,64,all,INSTALL-7; RECONCILE-INSTALL-20261003,ledger_reconcile,wave7/rework-v1/records/,953450fa1776e7d5b0b6d0ba73b2fc4aac405028dcf952af150e78d997953fd7
wave7/rework-v1/assets/original-assets/pile/crates_3-v1.png,legacy-reconcile,A,public/assets/wave7/pile/crates_3-v1.png,INSTALL-7 / UI-4,INSTALL_LISTS/legacy-reconcile.md,이미 설치된 동일 원본의 사본이다. 새 파일 복사·카탈로그 중복 추가 없이 existing_target를 유지한다. installed_by는 실제 증명한 기존 설치 ID와 reconciliation 감사 ID를 함께 기록한다.,per-frame/source registration: wave7/rework-v1/records/ (spec requirement; not guessed),96,64,all,INSTALL-7; RECONCILE-INSTALL-20261003,ledger_reconcile,wave7/rework-v1/records/,9d3b9f13544386d591e61d5c9dfe6f80d35580513b9a6d26e4d882263a6b822a
wave7/rework-v1/assets/original-assets/pile/sacks_1-v1.png,legacy-reconcile,A,public/assets/wave7/pile/sacks_1-v1.png,INSTALL-7 / UI-4,INSTALL_LISTS/legacy-reconcile.md,이미 설치된 동일 원본의 사본이다. 새 파일 복사·카탈로그 중복 추가 없이 existing_target를 유지한다. installed_by는 실제 증명한 기존 설치 ID와 reconciliation 감사 ID를 함께 기록한다.,per-frame/source registration: wave7/rework-v1/records/ (spec requirement; not guessed),96,64,all,INSTALL-7; RECONCILE-INSTALL-20261003,ledger_reconcile,wave7/rework-v1/records/,38492b235bf33f0ed22a4d64e7972875624e37b3409a07137f8445abbc19aebf
wave7/rework-v1/assets/original-assets/pile/sacks_2-v1.png,legacy-reconcile,A,public/assets/wave7/pile/sacks_2-v1.png,INSTALL-7 / UI-4,INSTALL_LISTS/legacy-reconcile.md,이미 설치된 동일 원본의 사본이다. 새 파일 복사·카탈로그 중복 추가 없이 existing_target를 유지한다. installed_by는 실제 증명한 기존 설치 ID와 reconciliation 감사 ID를 함께 기록한다.,per-frame/source registration: wave7/rework-v1/records/ (spec requirement; not guessed),96,64,all,INSTALL-7; RECONCILE-INSTALL-20261003,ledger_reconcile,wave7/rework-v1/records/,1873413fd1cf056a5cb15413c232454375646eab4db057b372e480a5bd180654
wave7/rework-v1/assets/original-assets/pile/sacks_3-v1.png,legacy-reconcile,A,public/assets/wave7/pile/sacks_3-v1.png,INSTALL-7 / UI-4,INSTALL_LISTS/legacy-reconcile.md,이미 설치된 동일 원본의 사본이다. 새 파일 복사·카탈로그 중복 추가 없이 existing_target를 유지한다. installed_by는 실제 증명한 기존 설치 ID와 reconciliation 감사 ID를 함께 기록한다.,per-frame/source registration: wave7/rework-v1/records/ (spec requirement; not guessed),96,64,all,INSTALL-7; RECONCILE-INSTALL-20261003,ledger_reconcile,wave7/rework-v1/records/,037edff3ea80d0e99ddcccfa88676a14aecd0a7be937c446f961d278213e87d4
wave7/rework-v1/assets/original-assets/pile/sheaves_1-v1.png,legacy-reconcile,A,public/assets/wave7/pile/sheaves_1-v1.png,INSTALL-7 / UI-4,INSTALL_LISTS/legacy-reconcile.md,이미 설치된 동일 원본의 사본이다. 새 파일 복사·카탈로그 중복 추가 없이 existing_target를 유지한다. installed_by는 실제 증명한 기존 설치 ID와 reconciliation 감사 ID를 함께 기록한다.,per-frame/source registration: wave7/rework-v1/records/ (spec requirement; not guessed),96,64,all,INSTALL-7; RECONCILE-INSTALL-20261003,ledger_reconcile,wave7/rework-v1/records/,4d9bdf6878b9c3537c5b044c489ebb53705efe9e32f924db1ced5c1d37d63656
wave7/rework-v1/assets/original-assets/pile/sheaves_2-v1.png,legacy-reconcile,A,public/assets/wave7/pile/sheaves_2-v1.png,INSTALL-7 / UI-4,INSTALL_LISTS/legacy-reconcile.md,이미 설치된 동일 원본의 사본이다. 새 파일 복사·카탈로그 중복 추가 없이 existing_target를 유지한다. installed_by는 실제 증명한 기존 설치 ID와 reconciliation 감사 ID를 함께 기록한다.,per-frame/source registration: wave7/rework-v1/records/ (spec requirement; not guessed),96,64,all,INSTALL-7; RECONCILE-INSTALL-20261003,ledger_reconcile,wave7/rework-v1/records/,b9d0d6d71adbeabee33b7c6d216e3697accf2c656d2951bfb69cac1528f58b0b
wave7/rework-v1/assets/original-assets/pile/sheaves_3-v1.png,legacy-reconcile,A,public/assets/wave7/pile/sheaves_3-v1.png,INSTALL-7 / UI-4,INSTALL_LISTS/legacy-reconcile.md,이미 설치된 동일 원본의 사본이다. 새 파일 복사·카탈로그 중복 추가 없이 existing_target를 유지한다. installed_by는 실제 증명한 기존 설치 ID와 reconciliation 감사 ID를 함께 기록한다.,per-frame/source registration: wave7/rework-v1/records/ (spec requirement; not guessed),96,64,all,INSTALL-7; RECONCILE-INSTALL-20261003,ledger_reconcile,wave7/rework-v1/records/,d213bcc5a66fc9d9de0c9247b1a268532dbf7a14a67be6471bb6b1560165671a
wave7/rework-v1/assets/original-assets/season/dry_grass_a-v1.png,legacy-reconcile,A,public/assets/wave7/season/dry_grass_a-v1.png,INSTALL-7 / UI-4,INSTALL_LISTS/legacy-reconcile.md,이미 설치된 동일 원본의 사본이다. 새 파일 복사·카탈로그 중복 추가 없이 existing_target를 유지한다. installed_by는 실제 증명한 기존 설치 ID와 reconciliation 감사 ID를 함께 기록한다.,per-frame/source registration: wave7/rework-v1/records/ (spec requirement; not guessed),96,48,all,INSTALL-7; RECONCILE-INSTALL-20261003,ledger_reconcile,wave7/rework-v1/records/,cce298bda39108b56dd88c4928f6602a793b101aebcde00d9f3f428f5f1c16a6
wave7/rework-v1/assets/original-assets/season/dry_grass_b-v1.png,legacy-reconcile,A,public/assets/wave7/season/dry_grass_b-v1.png,INSTALL-7 / UI-4,INSTALL_LISTS/legacy-reconcile.md,이미 설치된 동일 원본의 사본이다. 새 파일 복사·카탈로그 중복 추가 없이 existing_target를 유지한다. installed_by는 실제 증명한 기존 설치 ID와 reconciliation 감사 ID를 함께 기록한다.,per-frame/source registration: wave7/rework-v1/records/ (spec requirement; not guessed),96,48,all,INSTALL-7; RECONCILE-INSTALL-20261003,ledger_reconcile,wave7/rework-v1/records/,29335eacb6e128c5f4b4c4d2e0c8b00cf83be23b00ba45f5bb43523e122756c4
wave7/rework-v1/assets/original-assets/season/leaves_a-v1.png,legacy-reconcile,A,public/assets/wave7/season/leaves_a-v1.png,INSTALL-7 / UI-4,INSTALL_LISTS/legacy-reconcile.md,이미 설치된 동일 원본의 사본이다. 새 파일 복사·카탈로그 중복 추가 없이 existing_target를 유지한다. installed_by는 실제 증명한 기존 설치 ID와 reconciliation 감사 ID를 함께 기록한다.,per-frame/source registration: wave7/rework-v1/records/ (spec requirement; not guessed),96,48,all,INSTALL-7; RECONCILE-INSTALL-20261003,ledger_reconcile,wave7/rework-v1/records/,95f8a92da9c6a7476666d70aaeac444005d50c6dcaced9740b92d3880b0cc0be
wave7/rework-v1/assets/original-assets/season/leaves_b-v1.png,legacy-reconcile,A,public/assets/wave7/season/leaves_b-v1.png,INSTALL-7 / UI-4,INSTALL_LISTS/legacy-reconcile.md,이미 설치된 동일 원본의 사본이다. 새 파일 복사·카탈로그 중복 추가 없이 existing_target를 유지한다. installed_by는 실제 증명한 기존 설치 ID와 reconciliation 감사 ID를 함께 기록한다.,per-frame/source registration: wave7/rework-v1/records/ (spec requirement; not guessed),96,48,all,INSTALL-7; RECONCILE-INSTALL-20261003,ledger_reconcile,wave7/rework-v1/records/,46655eb8036284018d0e3b7a8e4250ef0408f604cb275c74bd3cfbe0d5975222
wave7/rework-v1/assets/original-assets/season/leaves_c-v1.png,legacy-reconcile,A,public/assets/wave7/season/leaves_c-v1.png,INSTALL-7 / UI-4,INSTALL_LISTS/legacy-reconcile.md,이미 설치된 동일 원본의 사본이다. 새 파일 복사·카탈로그 중복 추가 없이 existing_target를 유지한다. installed_by는 실제 증명한 기존 설치 ID와 reconciliation 감사 ID를 함께 기록한다.,per-frame/source registration: wave7/rework-v1/records/ (spec requirement; not guessed),96,48,all,INSTALL-7; RECONCILE-INSTALL-20261003,ledger_reconcile,wave7/rework-v1/records/,ae47f56c0b476891280101cf0d3b9ca3aa2a46a72cfb644894ed0cbfb39ab84d
wave7/rework-v1/assets/original-assets/signifier/empty_stall-v1.png,legacy-reconcile,A,public/assets/wave7/signifier/empty_stall-v1.png,INSTALL-7 / UI-4,INSTALL_LISTS/legacy-reconcile.md,이미 설치된 동일 원본의 사본이다. 새 파일 복사·카탈로그 중복 추가 없이 existing_target를 유지한다. installed_by는 실제 증명한 기존 설치 ID와 reconciliation 감사 ID를 함께 기록한다.,per-frame/source registration: wave7/rework-v1/records/ (spec requirement; not guessed),96,96,all,INSTALL-7; RECONCILE-INSTALL-20261003,ledger_reconcile,wave7/rework-v1/records/,9d324d415a60378d5b5dd97f66c2ba1967d36467d8432ef69432666cae0baec6
wave7/rework-v1/assets/original-assets/signifier/tall_grass_plot-v1.png,legacy-reconcile,A,public/assets/wave7/signifier/tall_grass_plot-v1.png,INSTALL-7 / UI-4,INSTALL_LISTS/legacy-reconcile.md,이미 설치된 동일 원본의 사본이다. 새 파일 복사·카탈로그 중복 추가 없이 existing_target를 유지한다. installed_by는 실제 증명한 기존 설치 ID와 reconciliation 감사 ID를 함께 기록한다.,per-frame/source registration: wave7/rework-v1/records/ (spec requirement; not guessed),128,64,all,INSTALL-7; RECONCILE-INSTALL-20261003,ledger_reconcile,wave7/rework-v1/records/,2d833bc79c3e5ccd9e1ea21223c1306662495272e779d53f67d4835a2a4f06a2
wave7/rework-v1/assets/original-assets/work/work_breadbasket_ne-v1.png,legacy-reconcile,A,public/assets/wave7/work/work_breadbasket_ne-v1.png,INSTALL-7 / UI-4,INSTALL_LISTS/legacy-reconcile.md,이미 설치된 동일 원본의 사본이다. 새 파일 복사·카탈로그 중복 추가 없이 existing_target를 유지한다. installed_by는 실제 증명한 기존 설치 ID와 reconciliation 감사 ID를 함께 기록한다.,per-frame/source registration: wave7/rework-v1/records/ (spec requirement; not guessed),32,32,all,INSTALL-7; RECONCILE-INSTALL-20261003,ledger_reconcile,wave7/rework-v1/records/,2f219d63408a4c1e356d58bc796b6f63a0dea8e0505866af8252445ea7f1a2ff
wave7/rework-v1/assets/original-assets/work/work_breadbasket_nw-v1.png,legacy-reconcile,A,public/assets/wave7/work/work_breadbasket_nw-v1.png,INSTALL-7 / UI-4,INSTALL_LISTS/legacy-reconcile.md,이미 설치된 동일 원본의 사본이다. 새 파일 복사·카탈로그 중복 추가 없이 existing_target를 유지한다. installed_by는 실제 증명한 기존 설치 ID와 reconciliation 감사 ID를 함께 기록한다.,per-frame/source registration: wave7/rework-v1/records/ (spec requirement; not guessed),32,32,all,INSTALL-7; RECONCILE-INSTALL-20261003,ledger_reconcile,wave7/rework-v1/records/,04a014a39bab168cdeb8540e6d4a9ca91212c8aed17d2827d121be3b33e621ab
wave7/rework-v1/assets/original-assets/work/work_breadbasket_se-v1.png,legacy-reconcile,A,public/assets/wave7/work/work_breadbasket_se-v1.png,INSTALL-7 / UI-4,INSTALL_LISTS/legacy-reconcile.md,이미 설치된 동일 원본의 사본이다. 새 파일 복사·카탈로그 중복 추가 없이 existing_target를 유지한다. installed_by는 실제 증명한 기존 설치 ID와 reconciliation 감사 ID를 함께 기록한다.,per-frame/source registration: wave7/rework-v1/records/ (spec requirement; not guessed),32,32,all,INSTALL-7; RECONCILE-INSTALL-20261003,ledger_reconcile,wave7/rework-v1/records/,c56c9280ea4b9dce4d8457450324187a222e358c4185f513548cb4581311c01a
wave7/rework-v1/assets/original-assets/work/work_breadbasket_sw-v1.png,legacy-reconcile,A,public/assets/wave7/work/work_breadbasket_sw-v1.png,INSTALL-7 / UI-4,INSTALL_LISTS/legacy-reconcile.md,이미 설치된 동일 원본의 사본이다. 새 파일 복사·카탈로그 중복 추가 없이 existing_target를 유지한다. installed_by는 실제 증명한 기존 설치 ID와 reconciliation 감사 ID를 함께 기록한다.,per-frame/source registration: wave7/rework-v1/records/ (spec requirement; not guessed),32,32,all,INSTALL-7; RECONCILE-INSTALL-20261003,ledger_reconcile,wave7/rework-v1/records/,a3d3e0dfd823e7d61967cc64c787832fef994391266151f5887d18beead0fd82
wave7/rework-v1/assets/original-assets/work/work_coinpurse_ne-v1.png,legacy-reconcile,A,public/assets/wave7/work/work_coinpurse_ne-v1.png,INSTALL-7 / UI-4,INSTALL_LISTS/legacy-reconcile.md,이미 설치된 동일 원본의 사본이다. 새 파일 복사·카탈로그 중복 추가 없이 existing_target를 유지한다. installed_by는 실제 증명한 기존 설치 ID와 reconciliation 감사 ID를 함께 기록한다.,per-frame/source registration: wave7/rework-v1/records/ (spec requirement; not guessed),32,32,all,INSTALL-7; RECONCILE-INSTALL-20261003,ledger_reconcile,wave7/rework-v1/records/,42fc3abed3a8c2af45110ba6ea00e57fac19bacc1b6c25edb19e183fde9c394d
wave7/rework-v1/assets/original-assets/work/work_coinpurse_nw-v1.png,legacy-reconcile,A,public/assets/wave7/work/work_coinpurse_nw-v1.png,INSTALL-7 / UI-4,INSTALL_LISTS/legacy-reconcile.md,이미 설치된 동일 원본의 사본이다. 새 파일 복사·카탈로그 중복 추가 없이 existing_target를 유지한다. installed_by는 실제 증명한 기존 설치 ID와 reconciliation 감사 ID를 함께 기록한다.,per-frame/source registration: wave7/rework-v1/records/ (spec requirement; not guessed),32,32,all,INSTALL-7; RECONCILE-INSTALL-20261003,ledger_reconcile,wave7/rework-v1/records/,32481a696f8b6e5cfbf4cac5e9c85ec9f6b463feb0a9406fa47ecc0af8c3946c
wave7/rework-v1/assets/original-assets/work/work_coinpurse_se-v1.png,legacy-reconcile,A,public/assets/wave7/work/work_coinpurse_se-v1.png,INSTALL-7 / UI-4,INSTALL_LISTS/legacy-reconcile.md,이미 설치된 동일 원본의 사본이다. 새 파일 복사·카탈로그 중복 추가 없이 existing_target를 유지한다. installed_by는 실제 증명한 기존 설치 ID와 reconciliation 감사 ID를 함께 기록한다.,per-frame/source registration: wave7/rework-v1/records/ (spec requirement; not guessed),32,32,all,INSTALL-7; RECONCILE-INSTALL-20261003,ledger_reconcile,wave7/rework-v1/records/,753d8ad70c6af33a2bf7dc7dbcc4bc6afe8d0ea47a81b275e1c1e72116523f83
wave7/rework-v1/assets/original-assets/work/work_coinpurse_sw-v1.png,legacy-reconcile,A,public/assets/wave7/work/work_coinpurse_sw-v1.png,INSTALL-7 / UI-4,INSTALL_LISTS/legacy-reconcile.md,이미 설치된 동일 원본의 사본이다. 새 파일 복사·카탈로그 중복 추가 없이 existing_target를 유지한다. installed_by는 실제 증명한 기존 설치 ID와 reconciliation 감사 ID를 함께 기록한다.,per-frame/source registration: wave7/rework-v1/records/ (spec requirement; not guessed),32,32,all,INSTALL-7; RECONCILE-INSTALL-20261003,ledger_reconcile,wave7/rework-v1/records/,4f6a193aeabf86548df5d757661a19e6123e58a61d795aa90d50a74371cd3a07
wave7/rework-v1/assets/original-assets/work/work_plough_ne-v1.png,legacy-reconcile,A,public/assets/wave7/work/work_plough_ne-v1.png,INSTALL-7 / UI-4,INSTALL_LISTS/legacy-reconcile.md,이미 설치된 동일 원본의 사본이다. 새 파일 복사·카탈로그 중복 추가 없이 existing_target를 유지한다. installed_by는 실제 증명한 기존 설치 ID와 reconciliation 감사 ID를 함께 기록한다.,per-frame/source registration: wave7/rework-v1/records/ (spec requirement; not guessed),32,32,all,INSTALL-7; RECONCILE-INSTALL-20261003,ledger_reconcile,wave7/rework-v1/records/,33846aea809254bc7eb1a62a10408aa9144042196226236b2b63e66bce231536
wave7/rework-v1/assets/original-assets/work/work_plough_nw-v1.png,legacy-reconcile,A,public/assets/wave7/work/work_plough_nw-v1.png,INSTALL-7 / UI-4,INSTALL_LISTS/legacy-reconcile.md,이미 설치된 동일 원본의 사본이다. 새 파일 복사·카탈로그 중복 추가 없이 existing_target를 유지한다. installed_by는 실제 증명한 기존 설치 ID와 reconciliation 감사 ID를 함께 기록한다.,per-frame/source registration: wave7/rework-v1/records/ (spec requirement; not guessed),32,32,all,INSTALL-7; RECONCILE-INSTALL-20261003,ledger_reconcile,wave7/rework-v1/records/,3e9dc4694b4195f6b2c8807fe6be8f5609c550893dfa5e0bfe1cf0fba6289e39
wave7/rework-v1/assets/original-assets/work/work_plough_se-v1.png,legacy-reconcile,A,public/assets/wave7/work/work_plough_se-v1.png,INSTALL-7 / UI-4,INSTALL_LISTS/legacy-reconcile.md,이미 설치된 동일 원본의 사본이다. 새 파일 복사·카탈로그 중복 추가 없이 existing_target를 유지한다. installed_by는 실제 증명한 기존 설치 ID와 reconciliation 감사 ID를 함께 기록한다.,per-frame/source registration: wave7/rework-v1/records/ (spec requirement; not guessed),32,32,all,INSTALL-7; RECONCILE-INSTALL-20261003,ledger_reconcile,wave7/rework-v1/records/,314f2952b89e9c70fb79b8544437669378e3ea3fc5e4a97601304c4e2b99da50
wave7/rework-v1/assets/original-assets/work/work_plough_sw-v1.png,legacy-reconcile,A,public/assets/wave7/work/work_plough_sw-v1.png,INSTALL-7 / UI-4,INSTALL_LISTS/legacy-reconcile.md,이미 설치된 동일 원본의 사본이다. 새 파일 복사·카탈로그 중복 추가 없이 existing_target를 유지한다. installed_by는 실제 증명한 기존 설치 ID와 reconciliation 감사 ID를 함께 기록한다.,per-frame/source registration: wave7/rework-v1/records/ (spec requirement; not guessed),32,32,all,INSTALL-7; RECONCILE-INSTALL-20261003,ledger_reconcile,wave7/rework-v1/records/,1b6cc9945f2abe4ae18a9faded31a8314666a202e7dedb2e5d1cd992e0a304f9
wave7/rework-v1/assets/original-assets/work/work_seedbag_ne-v1.png,legacy-reconcile,A,public/assets/wave7/work/work_seedbag_ne-v1.png,INSTALL-7 / UI-4,INSTALL_LISTS/legacy-reconcile.md,이미 설치된 동일 원본의 사본이다. 새 파일 복사·카탈로그 중복 추가 없이 existing_target를 유지한다. installed_by는 실제 증명한 기존 설치 ID와 reconciliation 감사 ID를 함께 기록한다.,per-frame/source registration: wave7/rework-v1/records/ (spec requirement; not guessed),32,32,all,INSTALL-7; RECONCILE-INSTALL-20261003,ledger_reconcile,wave7/rework-v1/records/,b06c459787020082fe83180f7f3be9abbd44f7460826ca59860e40008e54e41d
wave7/rework-v1/assets/original-assets/work/work_seedbag_nw-v1.png,legacy-reconcile,A,public/assets/wave7/work/work_seedbag_nw-v1.png,INSTALL-7 / UI-4,INSTALL_LISTS/legacy-reconcile.md,이미 설치된 동일 원본의 사본이다. 새 파일 복사·카탈로그 중복 추가 없이 existing_target를 유지한다. installed_by는 실제 증명한 기존 설치 ID와 reconciliation 감사 ID를 함께 기록한다.,per-frame/source registration: wave7/rework-v1/records/ (spec requirement; not guessed),32,32,all,INSTALL-7; RECONCILE-INSTALL-20261003,ledger_reconcile,wave7/rework-v1/records/,9b3be7ea1a878188c2897a3fbe1b5589e660008e9ba20637590d9c161d616c5a
wave7/rework-v1/assets/original-assets/work/work_seedbag_se-v1.png,legacy-reconcile,A,public/assets/wave7/work/work_seedbag_se-v1.png,INSTALL-7 / UI-4,INSTALL_LISTS/legacy-reconcile.md,이미 설치된 동일 원본의 사본이다. 새 파일 복사·카탈로그 중복 추가 없이 existing_target를 유지한다. installed_by는 실제 증명한 기존 설치 ID와 reconciliation 감사 ID를 함께 기록한다.,per-frame/source registration: wave7/rework-v1/records/ (spec requirement; not guessed),32,32,all,INSTALL-7; RECONCILE-INSTALL-20261003,ledger_reconcile,wave7/rework-v1/records/,9f36ef0c6d5917ef587f0959ee9759f8ff217f5b14afb3fe163c20ea2a18e242
wave7/rework-v1/assets/original-assets/work/work_seedbag_sw-v1.png,legacy-reconcile,A,public/assets/wave7/work/work_seedbag_sw-v1.png,INSTALL-7 / UI-4,INSTALL_LISTS/legacy-reconcile.md,이미 설치된 동일 원본의 사본이다. 새 파일 복사·카탈로그 중복 추가 없이 existing_target를 유지한다. installed_by는 실제 증명한 기존 설치 ID와 reconciliation 감사 ID를 함께 기록한다.,per-frame/source registration: wave7/rework-v1/records/ (spec requirement; not guessed),32,32,all,INSTALL-7; RECONCILE-INSTALL-20261003,ledger_reconcile,wave7/rework-v1/records/,f06f5d16949ddfb3e946c1fde007601ff1f65cadff73bc00848ea0f43df5487c
wave7/rework-v1/assets/original-assets/work/work_waterbucket_ne-v1.png,legacy-reconcile,A,public/assets/wave7/work/work_waterbucket_ne-v1.png,INSTALL-7 / UI-4,INSTALL_LISTS/legacy-reconcile.md,이미 설치된 동일 원본의 사본이다. 새 파일 복사·카탈로그 중복 추가 없이 existing_target를 유지한다. installed_by는 실제 증명한 기존 설치 ID와 reconciliation 감사 ID를 함께 기록한다.,per-frame/source registration: wave7/rework-v1/records/ (spec requirement; not guessed),32,32,all,INSTALL-7; RECONCILE-INSTALL-20261003,ledger_reconcile,wave7/rework-v1/records/,2f3c91633a8b1f22af4a1ac975f52d789ebe9fc9f85d88b34eb697b5870fee4d
wave7/rework-v1/assets/original-assets/work/work_waterbucket_nw-v1.png,legacy-reconcile,A,public/assets/wave7/work/work_waterbucket_nw-v1.png,INSTALL-7 / UI-4,INSTALL_LISTS/legacy-reconcile.md,이미 설치된 동일 원본의 사본이다. 새 파일 복사·카탈로그 중복 추가 없이 existing_target를 유지한다. installed_by는 실제 증명한 기존 설치 ID와 reconciliation 감사 ID를 함께 기록한다.,per-frame/source registration: wave7/rework-v1/records/ (spec requirement; not guessed),32,32,all,INSTALL-7; RECONCILE-INSTALL-20261003,ledger_reconcile,wave7/rework-v1/records/,38f531423f4cdcf64b1b163069098cfd4817aa3281fae0c07e7ade1f2212448e
wave7/rework-v1/assets/original-assets/work/work_waterbucket_se-v1.png,legacy-reconcile,A,public/assets/wave7/work/work_waterbucket_se-v1.png,INSTALL-7 / UI-4,INSTALL_LISTS/legacy-reconcile.md,이미 설치된 동일 원본의 사본이다. 새 파일 복사·카탈로그 중복 추가 없이 existing_target를 유지한다. installed_by는 실제 증명한 기존 설치 ID와 reconciliation 감사 ID를 함께 기록한다.,per-frame/source registration: wave7/rework-v1/records/ (spec requirement; not guessed),32,32,all,INSTALL-7; RECONCILE-INSTALL-20261003,ledger_reconcile,wave7/rework-v1/records/,a4be5ef4235b848dd8e630da16c4c5753dee98478a213deac8d2f27e1c0dc77f
wave7/rework-v1/assets/original-assets/work/work_waterbucket_sw-v1.png,legacy-reconcile,A,public/assets/wave7/work/work_waterbucket_sw-v1.png,INSTALL-7 / UI-4,INSTALL_LISTS/legacy-reconcile.md,이미 설치된 동일 원본의 사본이다. 새 파일 복사·카탈로그 중복 추가 없이 existing_target를 유지한다. installed_by는 실제 증명한 기존 설치 ID와 reconciliation 감사 ID를 함께 기록한다.,per-frame/source registration: wave7/rework-v1/records/ (spec requirement; not guessed),32,32,all,INSTALL-7; RECONCILE-INSTALL-20261003,ledger_reconcile,wave7/rework-v1/records/,816b4dae6bc9d45e4878bad2aced091fd4fcc219836d6454a5e1a3a7893c9ff1
