"id","file","status","source","source_sha256","lineage","stage","age","sex","marital_status","clothing","prompt","references","raw_file","tool","model","seed","processing","qa"
"L4_101_mature","assets/L4/L4_101_mature.png","candidate","/Users/rexxa/github/feudal-lord-simulator/output/astra-lineage-prod1-v1/assets/L4/L4_101_mature.png","379f4f07efbc5cef632c487f442ec2557a732db4302af58bdae5ac385149ac4e","L4","mature","45","male","married","Wealthy merchant fine wool in subdued blue or purple, visible brown fur collar and lowered hood; waist accessories constrained by original bust crop","Use case: identity-preserve clothing-only edit. Image1 is the EXACT target portrait L4_101_mature. Preserve the face and head as painted: exact visible hair shape and color, hairline, all freckles/moles, eyes, nose, mouth, expression, skin texture and apparent age45. Same pose, head position, shoulders, bust crop, background, lighting and painted style. Do not beautify or re-age. Change ONLY clothing to wealthy Southern English merchant circa1350: muted rich plum purple fine wool gown with prominent soft brown fur collar, decorative leather belt/purse edge ONLY if it fits the existing lower crop naturally. A lowered cloth hood draped BEHIND neck and shoulders leaves ALL existing hairstyle visible and untouched. Do not cover hair with cap. Do not zoom out or extend portrait to show belt. No new limbs, props, text, frame, modern costume, jewelry. One square bust matching original exactly; clothing alone changes.","[""/Users/rexxa/github/feudal-lord-simulator/output/astra-lineage-prod1-v1/assets/L4/L4_101_mature.png""]","/Users/rexxa/feudal-lord-analysis/astra-raw/lineage-prod1-costume-v2/men/L4_101_mature-attempt1.png","image_gen.imagegen","not provided","not provided","Sharp resize to256x256 and ensureAlpha for RGBA export; original RGB pixels preserved during alpha correction; no painting, compositing or face restoration","{""status"":""artist_visual_review_complete_independent_review_pending"",""reviewBoard"":""/Users/rexxa/feudal-lord-analysis/astra-raw/lineage-prod1-costume-v2/men/men-before-after-96.png"",""identityReview"":""Source and candidate side-by-side at actual96px: same apparent person, age, expression, hair silhouette and bust framing; no visible major identity drift"",""clothingReview"":""Subdued blue or plum fine wool, visible brown fur collar, lowered hood behind neck and shoulders; no waist visible"",""styleReferenceReviewed"":""/Users/rexxa/orca/workspaces/feudal-lord-simulator/krill/assets-inbox/portrait-pool/pool1-20260926/assets/portraits/I043_young.png"",""styleReferenceRole"":""Post-generation QA only; not an imagegen input"",""limitations"":[""Generated edit is not pixel-identical outside clothing"",""Belt and purse outside original bust crop; preserving framing takes precedence"",""Same-person judgment is visual, not biometric proof""],""rgbaVerification"":""256x256 RGBA, all RGB pixels unchanged by ensureAlpha correction""}"
"L4_101_old","assets/L4/L4_101_old.png","candidate","/Users/rexxa/github/feudal-lord-simulator/output/astra-lineage-prod1-v1/assets/L4/L4_101_old.png","a9260f1e99015fa25fc47267e05dcda24f39c1f244af3b077bc8378b8641838f","L4","old","70","male","married","Wealthy merchant fine wool in subdued blue or purple, visible brown fur collar and lowered hood; waist accessories constrained by original bust crop","Use case: identity-preserve clothing-only edit. Image1 is the EXACT target portrait L4_101_old. Preserve the face and head as painted: exact visible hair shape and color, hairline, all freckles/moles, eyes, nose, mouth, expression, skin texture and apparent age70. Same pose, head position, shoulders, bust crop, background, lighting and painted style. Do not beautify or re-age. Change ONLY clothing to wealthy Southern English merchant circa1350: subdued deep blue fine wool gown with prominent soft brown fur collar, decorative leather belt/purse edge ONLY if it fits the existing lower crop naturally. A lowered cloth hood draped BEHIND neck and shoulders leaves ALL existing hairstyle visible and untouched. Do not cover hair with cap. Do not zoom out or extend portrait to show belt. No new limbs, props, text, frame, modern costume, jewelry. One square bust matching original exactly; clothing alone changes.","[""/Users/rexxa/github/feudal-lord-simulator/output/astra-lineage-prod1-v1/assets/L4/L4_101_old.png""]","/Users/rexxa/feudal-lord-analysis/astra-raw/lineage-prod1-costume-v2/men/L4_101_old-attempt1.png","image_gen.imagegen","not provided","not provided","Sharp resize to256x256 and ensureAlpha for RGBA export; original RGB pixels preserved during alpha correction; no painting, compositing or face restoration","{""status"":""artist_visual_review_complete_independent_review_pending"",""reviewBoard"":""/Users/rexxa/feudal-lord-analysis/astra-raw/lineage-prod1-costume-v2/men/men-before-after-96.png"",""identityReview"":""Source and candidate side-by-side at actual96px: same apparent person, age, expression, hair silhouette and bust framing; no visible major identity drift"",""clothingReview"":""Subdued blue or plum fine wool, visible brown fur collar, lowered hood behind neck and shoulders; no waist visible"",""styleReferenceReviewed"":""/Users/rexxa/orca/workspaces/feudal-lord-simulator/krill/assets-inbox/portrait-pool/pool1-20260926/assets/portraits/I043_young.png"",""styleReferenceRole"":""Post-generation QA only; not an imagegen input"",""limitations"":[""Generated edit is not pixel-identical outside clothing"",""Belt and purse outside original bust crop; preserving framing takes precedence"",""Same-person judgment is visual, not biometric proof""],""rgbaVerification"":""256x256 RGBA, all RGB pixels unchanged by ensureAlpha correction""}"
"L4_101_young","assets/L4/L4_101_young.png","candidate","/Users/rexxa/github/feudal-lord-simulator/output/astra-lineage-prod1-v1/assets/L4/L4_101_young.png","db0b98b42de9d4a49e8f4e772e18cffb0195c8f20ebfe3e78e5066b2a5004824","L4","young","25","male","married","Wealthy merchant fine wool in subdued blue or purple, visible brown fur collar and lowered hood; waist accessories constrained by original bust crop","Use case: identity-preserve clothing-only edit. Image1 is the exact target portrait. Keep precisely this face, auburn curls and entire visible hairstyle, skin, eye shape, nose, lips, expression, apparent age25, head position, body pose, shoulder proportions, bust crop, background and painted style. Do not redraw or beautify face. Change ONLY clothing: wealthy Southern English merchant circa1350, subdued deep blue fine wool gown with clearly visible soft brown fur collar, decorative leather belt detail at existing bottom crop if space permits. Add a lowered cloth hood draped BEHIND neck and shoulders, not covering or changing a single visible hair strand. No cap over curls. Do not zoom out to show belt or purse; crop stays identical. No new limbs, props, jewelry, text or frame. One square portrait. Exact existing expression and age. Restore same visible hair, face and background if tempted to change them.","[""/Users/rexxa/github/feudal-lord-simulator/output/astra-lineage-prod1-v1/assets/L4/L4_101_young.png""]","/Users/rexxa/feudal-lord-analysis/astra-raw/lineage-prod1-costume-v2/men/L4_101_young-attempt1.png","image_gen.imagegen","not provided","not provided","Sharp resize to256x256 and ensureAlpha for RGBA export; original RGB pixels preserved during alpha correction; no painting, compositing or face restoration","{""status"":""artist_visual_review_complete_independent_review_pending"",""reviewBoard"":""/Users/rexxa/feudal-lord-analysis/astra-raw/lineage-prod1-costume-v2/men/men-before-after-96.png"",""identityReview"":""Source and candidate side-by-side at actual96px: same apparent person, age, expression, hair silhouette and bust framing; no visible major identity drift"",""clothingReview"":""Subdued blue or plum fine wool, visible brown fur collar, lowered hood behind neck and shoulders; no waist visible"",""styleReferenceReviewed"":""/Users/rexxa/orca/workspaces/feudal-lord-simulator/krill/assets-inbox/portrait-pool/pool1-20260926/assets/portraits/I043_young.png"",""styleReferenceRole"":""Post-generation QA only; not an imagegen input"",""limitations"":[""Generated edit is not pixel-identical outside clothing"",""Belt and purse outside original bust crop; preserving framing takes precedence"",""Same-person judgment is visual, not biometric proof""],""rgbaVerification"":""256x256 RGBA, all RGB pixels unchanged by ensureAlpha correction""}"
"L4_102_mature","assets/L4/L4_102_mature.png","candidate","/Users/rexxa/github/feudal-lord-simulator/output/astra-lineage-prod1-v1/assets/L4/L4_102_mature.png","e13d83c2434098038e174b8749067d3ef4f21ae306275b8dbebc18402314c2a3","L4","mature","45","female","married","muted rich blue fine wool gown with brown fur collar; ivory linen veil and wimple","Use case: identity-preserve clothing-only edit. Edit this EXACT portrait L4_102_mature, age45. Preserve her face, freckles, auburn and gray hair edges, eyes, nose, mouth, age, expression, head angle, pose, bust framing, background, light and painted texture EXACTLY. Change ONLY costume: prosperous Southern English wool merchant woman circa1350, muted rich blue fine-wool gown with clearly visible broad brown merchant fur collar. Married woman: ivory linen VEIL plus WIMPLE covering neck beneath chin while leaving face unchanged, existing hair fully covered except original tiny temple edges. Decorated belt or purse edge ONLY if naturally within existing bust crop; do not zoom out or add arms. No jewelry, crowns, heraldry, text, frame, extra hands, facial retouch or beautification. One square portrait. Retain original face geometry and age marks, crow feet, under-eye hollows, forehead lines and middle-aged cheeks. DO NOT make younger or smooth wrinkles.","[""/Users/rexxa/github/feudal-lord-simulator/output/astra-lineage-prod1-v1/assets/L4/L4_102_mature.png""]","/Users/rexxa/feudal-lord-analysis/astra-raw/lineage-prod1-costume-v2/women/L4_102_mature-attempt1.png","image_gen.imagegen","not provided","not provided","Sharp resize to 256x256 only, then ensureAlpha().png({palette:false}); decoded RGB preserved exactly during RGBA conversion; no face painting or compositing","{""status"":""passed_artist_96px_before_after_review_independent_review_pending"",""candidateOnly"":true,""installed"":false,""identityReview"":""At 96px side-by-side face silhouette, eyes, nose, mouth, freckles and expression retained; no observed identity drift. Not a pixel-exact facial identity guarantee."",""ageReview"":""Original young/mature/old age appearance retained, including midlife creases and elderly gray hair and wrinkles."",""clothingReview"":""muted rich blue fine wool gown with brown fur collar; ivory linen veil and wimple"",""framingReview"":""Original bust crop and pose retained; no extra hands or arms, text or frame. Belt and purse omitted because waist is outside existing crop."",""proof"":""/Users/rexxa/feudal-lord-analysis/astra-raw/lineage-prod1-costume-v2/women/women-before-after-96.png"",""rgbaReview"":""Verified 256x256 RGBA, channels=4; decoded RGB equal before/after alpha conversion""}"
"L4_102_old","assets/L4/L4_102_old.png","candidate","/Users/rexxa/github/feudal-lord-simulator/output/astra-lineage-prod1-v1/assets/L4/L4_102_old.png","2e63eeb999fc2111fb4692b2753915991b599f2cdc4e56a15ec6b237b5022bde","L4","old","70","female","married","muted rich blue fine wool gown with brown fur collar; ivory linen veil and wimple","Use case: identity-preserve clothing-only edit. Edit this EXACT portrait L4_102_old, age70. Preserve her face, freckles, white-gray hair edges, eyes, nose, mouth, age, expression, head angle, pose, bust framing, background, light and painted texture EXACTLY. Change ONLY costume: prosperous Southern English wool merchant woman circa1350, muted rich blue fine-wool gown with clearly visible broad brown merchant fur collar. Married woman: ivory linen VEIL plus WIMPLE covering neck beneath chin while leaving face unchanged, existing hair fully covered except original tiny temple edges. Decorated belt or purse edge ONLY if naturally within existing bust crop; do not zoom out or add arms. No jewelry, crowns, heraldry, text, frame, extra hands, facial retouch or beautification. One square portrait. Retain original face geometry and age marks, deep crow feet, sagging cheeks, sunken eyes, forehead lines, age spots and elderly skin. DO NOT rejuvenate or smooth wrinkles.","[""/Users/rexxa/github/feudal-lord-simulator/output/astra-lineage-prod1-v1/assets/L4/L4_102_old.png""]","/Users/rexxa/feudal-lord-analysis/astra-raw/lineage-prod1-costume-v2/women/L4_102_old-attempt1.png","image_gen.imagegen","not provided","not provided","Sharp resize to 256x256 only, then ensureAlpha().png({palette:false}); decoded RGB preserved exactly during RGBA conversion; no face painting or compositing","{""status"":""passed_artist_96px_before_after_review_independent_review_pending"",""candidateOnly"":true,""installed"":false,""identityReview"":""At 96px side-by-side face silhouette, eyes, nose, mouth, freckles and expression retained; no observed identity drift. Not a pixel-exact facial identity guarantee."",""ageReview"":""Original young/mature/old age appearance retained, including midlife creases and elderly gray hair and wrinkles."",""clothingReview"":""muted rich blue fine wool gown with brown fur collar; ivory linen veil and wimple"",""framingReview"":""Original bust crop and pose retained; no extra hands or arms, text or frame. Belt and purse omitted because waist is outside existing crop."",""proof"":""/Users/rexxa/feudal-lord-analysis/astra-raw/lineage-prod1-costume-v2/women/women-before-after-96.png"",""rgbaReview"":""Verified 256x256 RGBA, channels=4; decoded RGB equal before/after alpha conversion""}"
"L4_102_young","assets/L4/L4_102_young.png","candidate","/Users/rexxa/github/feudal-lord-simulator/output/astra-lineage-prod1-v1/assets/L4/L4_102_young.png","48811d7fca35860c7d13415af9e91650a877c9430a06ef908c2bec83457ecfe3","L4","young","25","female","married","muted rich blue fine wool gown with brown fur collar; ivory linen veil and wimple","Use case: identity-preserve clothing-only edit. Edit this EXACT portrait L4_102_young, age25. Preserve her face, freckles, auburn hair edges, eyes, nose, mouth, age, expression, head angle, pose, bust framing, background, light and painted texture EXACTLY. Change ONLY costume: prosperous Southern English wool merchant woman circa1350, muted rich blue fine-wool gown with clearly visible broad brown merchant fur collar. Married woman: ivory linen VEIL plus WIMPLE covering neck beneath chin while leaving face unchanged, existing hair fully covered except original tiny temple edges. Decorated belt or purse edge ONLY if naturally within existing bust crop; do not zoom out or add arms. No jewelry, crowns, heraldry, text, frame, extra hands, facial retouch or beautification. One square portrait. Retain original face geometry and age marks.","[""/Users/rexxa/github/feudal-lord-simulator/output/astra-lineage-prod1-v1/assets/L4/L4_102_young.png""]","/Users/rexxa/feudal-lord-analysis/astra-raw/lineage-prod1-costume-v2/women/L4_102_young-attempt1.png","image_gen.imagegen","not provided","not provided","Sharp resize to 256x256 only, then ensureAlpha().png({palette:false}); decoded RGB preserved exactly during RGBA conversion; no face painting or compositing","{""status"":""passed_artist_96px_before_after_review_independent_review_pending"",""candidateOnly"":true,""installed"":false,""identityReview"":""At 96px side-by-side face silhouette, eyes, nose, mouth, freckles and expression retained; no observed identity drift. Not a pixel-exact facial identity guarantee."",""ageReview"":""Original young/mature/old age appearance retained, including midlife creases and elderly gray hair and wrinkles."",""clothingReview"":""muted rich blue fine wool gown with brown fur collar; ivory linen veil and wimple"",""framingReview"":""Original bust crop and pose retained; no extra hands or arms, text or frame. Belt and purse omitted because waist is outside existing crop."",""proof"":""/Users/rexxa/feudal-lord-analysis/astra-raw/lineage-prod1-costume-v2/women/women-before-after-96.png"",""rgbaReview"":""Verified 256x256 RGBA, channels=4; decoded RGB equal before/after alpha conversion""}"
"L4_201_baby","assets/L4/L4_201_baby.png","candidate","/Users/rexxa/github/feudal-lord-simulator/output/astra-lineage-prod1-v1/assets/L4/L4_201_baby.png","67027fdd46b8da15a72e12edadeba72d845f0c3cd75faee967e02fdd1519316a","L4","baby","1","male","notApplicable","Fine muted blue wool swaddle with subtle outer fur edging; existing linen infant bonnet preserved","Use case: identity-preserve precise clothing-only edit. Edit the supplied portrait of L4_201_baby. Preserve EXACT same baby face, facial proportions, freckles/marks, eyes, expression, hair wisps, skin tone, head position, age, pose, framing, background and painterly style. Change ONLY the existing swaddling cloth to fine muted dusty BLUE wool, with a narrow subtle soft brown fur trim along the OUTER wrap edge only. Keep existing undyed linen infant bonnet unchanged and full face uncovered. This remains the identical 0–2 year old wrapped infant, no aging, no adult clothing, no cap, belt, purse or jewelry. Wealthy southern English merchant infant circa 1350. No new objects or text. Preserve square composition exactly.","[""/Users/rexxa/github/feudal-lord-simulator/output/astra-lineage-prod1-v1/assets/L4/L4_201_baby.png""]","/Users/rexxa/feudal-lord-analysis/astra-raw/lineage-prod1-costume-v2/children/L4_201_baby-attempt1.png","image_gen.imagegen","not provided","not provided","Sharp resize to 256x256, ensureAlpha(), non-paletted RGBA PNG; opaque alpha added without changing decoded RGB; no repaint, crop, face masking, recolor or compositing of final assets","{""status"":""candidate_artist_review_complete_independent_review_pending"",""clothingReview"":""Muted blue/purple wool and subtle fur present; no adult accessories on babies; no veils on girls"",""identityReview"":""Face, identifying marks, hair, pose and age visually compared to source; generative editing is not pixel-exact preservation"",""ageReview"":""Original infant anatomy and swaddle/bonnet maintained"",""review96"":""PASS: source/result pairs inspected at actual 96px; no evident identity or age drift; baby swaddle/bonnet and child uncovered hairstyles retained"",""rgbaExport"":""PASS: 4 channels, decoded RGB byte-identical to prior export, opaque alpha""}"
"L4_201_child","assets/L4/L4_201_child.png","candidate","/Users/rexxa/github/feudal-lord-simulator/output/astra-lineage-prod1-v1/assets/L4/L4_201_child.png","2fa927a6c6997c4da99d4bf7a9d46bc8fd8b79faa13a5631f9bc045fa3b11ffd","L4","child","8","male","notApplicable","Fine muted blue wool child garment with subtle fur collar; uncovered original hair and linen neckline","Use case: identity-preserve precise clothing-only edit. Edit supplied portrait L4_201_child of the SAME young child age6–9. Preserve EXACT face, marks/freckles/moles, eye color, expression, skin, hair and hairstyle, head shape/size, age, pose, narrow little shoulders, body proportions, square framing and backdrop. Only change existing clothing into fine muted dusty BLUE wool rich merchant child's tunic, with subtle narrow brown fur edging at collar and finely finished seams. Preserve undyed linen neckline. Southern England circa1350; child age remains6–9, never adolescent/adult. Hair remains entirely unchanged and uncovered: NO hat, hood, veil or cap. No jewelry, no purse, no new belt outside frame, no props, no zoom/reframe. Keep painterly rendering and background exactly. Only edit garment.","[""/Users/rexxa/github/feudal-lord-simulator/output/astra-lineage-prod1-v1/assets/L4/L4_201_child.png""]","/Users/rexxa/feudal-lord-analysis/astra-raw/lineage-prod1-costume-v2/children/L4_201_child-attempt1.png","image_gen.imagegen","not provided","not provided","Sharp resize to 256x256, ensureAlpha(), non-paletted RGBA PNG; opaque alpha added without changing decoded RGB; no repaint, crop, face masking, recolor or compositing of final assets","{""status"":""candidate_artist_review_complete_independent_review_pending"",""clothingReview"":""Muted blue/purple wool and subtle fur present; no adult accessories on babies; no veils on girls"",""identityReview"":""Face, identifying marks, hair, pose and age visually compared to source; generative editing is not pixel-exact preservation"",""ageReview"":""Original primary-school child face and narrow shoulders maintained"",""review96"":""PASS: source/result pairs inspected at actual 96px; no evident identity or age drift; baby swaddle/bonnet and child uncovered hairstyles retained"",""rgbaExport"":""PASS: 4 channels, decoded RGB byte-identical to prior export, opaque alpha""}"
"L4_201_mature","assets/L4/L4_201_mature.png","candidate","/Users/rexxa/github/feudal-lord-simulator/output/astra-lineage-prod1-v1/assets/L4/L4_201_mature.png","edd3581f711fb7fba4563af643d6c1408037e87e091bae74436fc4f011b00e9c","L4","mature","44","male","married","Wealthy merchant fine wool in subdued blue or purple, visible brown fur collar and lowered hood; waist accessories constrained by original bust crop","Use case: identity-preserve clothing-only edit. Image1 is the EXACT target portrait L4_201_mature. Preserve the face and head as painted: exact visible hair shape and color, hairline, all freckles/moles, eyes, nose, mouth, expression, skin texture and apparent age44. Same pose, head position, shoulders, bust crop, background, lighting and painted style. Do not beautify or re-age. Change ONLY clothing to wealthy Southern English merchant circa1350: subdued deep blue fine wool gown with prominent soft brown fur collar, decorative leather belt/purse edge ONLY if it fits the existing lower crop naturally. A lowered cloth hood draped BEHIND neck and shoulders leaves ALL existing hairstyle visible and untouched. Do not cover hair with cap. Do not zoom out or extend portrait to show belt. No new limbs, props, text, frame, modern costume, jewelry. One square bust matching original exactly; clothing alone changes.","[""/Users/rexxa/github/feudal-lord-simulator/output/astra-lineage-prod1-v1/assets/L4/L4_201_mature.png""]","/Users/rexxa/feudal-lord-analysis/astra-raw/lineage-prod1-costume-v2/men/L4_201_mature-attempt1.png","image_gen.imagegen","not provided","not provided","Sharp resize to256x256 and ensureAlpha for RGBA export; original RGB pixels preserved during alpha correction; no painting, compositing or face restoration","{""status"":""artist_visual_review_complete_independent_review_pending"",""reviewBoard"":""/Users/rexxa/feudal-lord-analysis/astra-raw/lineage-prod1-costume-v2/men/men-before-after-96.png"",""identityReview"":""Source and candidate side-by-side at actual96px: same apparent person, age, expression, hair silhouette and bust framing; no visible major identity drift"",""clothingReview"":""Subdued blue or plum fine wool, visible brown fur collar, lowered hood behind neck and shoulders; no waist visible"",""styleReferenceReviewed"":""/Users/rexxa/orca/workspaces/feudal-lord-simulator/krill/assets-inbox/portrait-pool/pool1-20260926/assets/portraits/I043_young.png"",""styleReferenceRole"":""Post-generation QA only; not an imagegen input"",""limitations"":[""Generated edit is not pixel-identical outside clothing"",""Belt and purse outside original bust crop; preserving framing takes precedence"",""Same-person judgment is visual, not biometric proof""],""rgbaVerification"":""256x256 RGBA, all RGB pixels unchanged by ensureAlpha correction""}"
"L4_201_young","assets/L4/L4_201_young.png","candidate","/Users/rexxa/github/feudal-lord-simulator/output/astra-lineage-prod1-v1/assets/L4/L4_201_young.png","52ef358223db06edf6ac2b39a4ec421cf7c06e61d6cf098cf45c6664607193f8","L4","young","24","male","married","Wealthy merchant fine wool in subdued blue or purple, visible brown fur collar and lowered hood; waist accessories constrained by original bust crop","Use case: identity-preserve clothing-only edit. Image1 is the EXACT target portrait L4_201_young. Preserve the face and head as painted: exact visible hair shape and color, hairline, all freckles/moles, eyes, nose, mouth, expression, skin texture and apparent age24. Same pose, head position, shoulders, bust crop, background, lighting and painted style. Do not beautify or re-age. Change ONLY clothing to wealthy Southern English merchant circa1350: subdued deep blue fine wool gown with prominent soft brown fur collar, decorative leather belt/purse edge ONLY if it fits the existing lower crop naturally. A lowered cloth hood draped BEHIND neck and shoulders leaves ALL existing hairstyle visible and untouched. Do not cover hair with cap. Do not zoom out or extend portrait to show belt. No new limbs, props, text, frame, modern costume, jewelry. One square bust matching original exactly; clothing alone changes.","[""/Users/rexxa/github/feudal-lord-simulator/output/astra-lineage-prod1-v1/assets/L4/L4_201_young.png""]","/Users/rexxa/feudal-lord-analysis/astra-raw/lineage-prod1-costume-v2/men/L4_201_young-attempt1.png","image_gen.imagegen","not provided","not provided","Sharp resize to256x256 and ensureAlpha for RGBA export; original RGB pixels preserved during alpha correction; no painting, compositing or face restoration","{""status"":""artist_visual_review_complete_independent_review_pending"",""reviewBoard"":""/Users/rexxa/feudal-lord-analysis/astra-raw/lineage-prod1-costume-v2/men/men-before-after-96.png"",""identityReview"":""Source and candidate side-by-side at actual96px: same apparent person, age, expression, hair silhouette and bust framing; no visible major identity drift"",""clothingReview"":""Subdued blue or plum fine wool, visible brown fur collar, lowered hood behind neck and shoulders; no waist visible"",""styleReferenceReviewed"":""/Users/rexxa/orca/workspaces/feudal-lord-simulator/krill/assets-inbox/portrait-pool/pool1-20260926/assets/portraits/I043_young.png"",""styleReferenceRole"":""Post-generation QA only; not an imagegen input"",""limitations"":[""Generated edit is not pixel-identical outside clothing"",""Belt and purse outside original bust crop; preserving framing takes precedence"",""Same-person judgment is visual, not biometric proof""],""rgbaVerification"":""256x256 RGBA, all RGB pixels unchanged by ensureAlpha correction""}"
"L4_202_baby","assets/L4/L4_202_baby.png","candidate","/Users/rexxa/github/feudal-lord-simulator/output/astra-lineage-prod1-v1/assets/L4/L4_202_baby.png","f1c7e82385a52b4e4976f2f89d98a221310f2603ab421b5097aa0ba8afb2031c","L4","baby","0.5","male","notApplicable","Fine muted purple wool swaddle with subtle outer fur edging; existing linen infant bonnet preserved","Use case: identity-preserve precise clothing-only edit. Edit the supplied portrait of L4_202_baby. Preserve EXACT same baby face, facial proportions, freckles/marks, eyes, expression, hair wisps, skin tone, head position, age, pose, framing, background and painterly style. Change ONLY the existing swaddling cloth to fine muted muted PURPLE wool, with a narrow subtle soft brown fur trim along the OUTER wrap edge only. Keep existing undyed linen infant bonnet unchanged and full face uncovered. This remains the identical 0–2 year old wrapped infant, no aging, no adult clothing, no cap, belt, purse or jewelry. Wealthy southern English merchant infant circa 1350. No new objects or text. Preserve square composition exactly.","[""/Users/rexxa/github/feudal-lord-simulator/output/astra-lineage-prod1-v1/assets/L4/L4_202_baby.png""]","/Users/rexxa/feudal-lord-analysis/astra-raw/lineage-prod1-costume-v2/children/L4_202_baby-attempt1.png","image_gen.imagegen","not provided","not provided","Sharp resize to 256x256, ensureAlpha(), non-paletted RGBA PNG; opaque alpha added without changing decoded RGB; no repaint, crop, face masking, recolor or compositing of final assets","{""status"":""candidate_artist_review_complete_independent_review_pending"",""clothingReview"":""Muted blue/purple wool and subtle fur present; no adult accessories on babies; no veils on girls"",""identityReview"":""Face, identifying marks, hair, pose and age visually compared to source; generative editing is not pixel-exact preservation"",""ageReview"":""Original infant anatomy and swaddle/bonnet maintained"",""review96"":""PASS: source/result pairs inspected at actual 96px; no evident identity or age drift; baby swaddle/bonnet and child uncovered hairstyles retained"",""rgbaExport"":""PASS: 4 channels, decoded RGB byte-identical to prior export, opaque alpha""}"
"L4_202_child","assets/L4/L4_202_child.png","candidate","/Users/rexxa/github/feudal-lord-simulator/output/astra-lineage-prod1-v1/assets/L4/L4_202_child.png","ea43b344c888ad7ca48c483c2713d5010e776d15f5edbd459793cab4bfeb127e","L4","child","6","male","notApplicable","Fine muted purple wool child garment with subtle fur collar; uncovered original hair and linen neckline","Use case: identity-preserve precise clothing-only edit. Edit supplied portrait L4_202_child of the SAME young child age6–9. Preserve EXACT face, marks/freckles/moles, eye color, expression, skin, hair and hairstyle, head shape/size, age, pose, narrow little shoulders, body proportions, square framing and backdrop. Only change existing clothing into fine muted plum PURPLE wool rich merchant child's tunic, with subtle narrow brown fur edging at collar and finely finished seams. Preserve undyed linen neckline. Southern England circa1350; child age remains6–9, never adolescent/adult. Hair remains entirely unchanged and uncovered: NO hat, hood, veil or cap. No jewelry, no purse, no new belt outside frame, no props, no zoom/reframe. Keep painterly rendering and background exactly. Only edit garment.","[""/Users/rexxa/github/feudal-lord-simulator/output/astra-lineage-prod1-v1/assets/L4/L4_202_child.png""]","/Users/rexxa/feudal-lord-analysis/astra-raw/lineage-prod1-costume-v2/children/L4_202_child-attempt1.png","image_gen.imagegen","not provided","not provided","Sharp resize to 256x256, ensureAlpha(), non-paletted RGBA PNG; opaque alpha added without changing decoded RGB; no repaint, crop, face masking, recolor or compositing of final assets","{""status"":""candidate_artist_review_complete_independent_review_pending"",""clothingReview"":""Muted blue/purple wool and subtle fur present; no adult accessories on babies; no veils on girls"",""identityReview"":""Face, identifying marks, hair, pose and age visually compared to source; generative editing is not pixel-exact preservation"",""ageReview"":""Original primary-school child face and narrow shoulders maintained"",""review96"":""PASS: source/result pairs inspected at actual 96px; no evident identity or age drift; baby swaddle/bonnet and child uncovered hairstyles retained"",""rgbaExport"":""PASS: 4 channels, decoded RGB byte-identical to prior export, opaque alpha""}"
"L4_202_mature","assets/L4/L4_202_mature.png","candidate","/Users/rexxa/github/feudal-lord-simulator/output/astra-lineage-prod1-v1/assets/L4/L4_202_mature.png","20b8e55bb7e1725715913bfec9daa63be4db9ff50c77afcd1edd63754d6946fb","L4","mature","42","male","married","Wealthy merchant fine wool in subdued blue or purple, visible brown fur collar and lowered hood; waist accessories constrained by original bust crop","Use case: identity-preserve clothing-only edit. Image1 is the EXACT target portrait L4_202_mature. Preserve the face and head as painted: exact visible hair shape and color, hairline, all freckles/moles, eyes, nose, mouth, expression, skin texture and apparent age42. Same pose, head position, shoulders, bust crop, background, lighting and painted style. Do not beautify or re-age. Change ONLY clothing to wealthy Southern English merchant circa1350: muted rich plum purple fine wool gown with prominent soft brown fur collar, decorative leather belt/purse edge ONLY if it fits the existing lower crop naturally. A lowered cloth hood draped BEHIND neck and shoulders leaves ALL existing hairstyle visible and untouched. Do not cover hair with cap. Do not zoom out or extend portrait to show belt. No new limbs, props, text, frame, modern costume, jewelry. One square bust matching original exactly; clothing alone changes.","[""/Users/rexxa/github/feudal-lord-simulator/output/astra-lineage-prod1-v1/assets/L4/L4_202_mature.png""]","/Users/rexxa/feudal-lord-analysis/astra-raw/lineage-prod1-costume-v2/men/L4_202_mature-attempt1.png","image_gen.imagegen","not provided","not provided","Sharp resize to256x256 and ensureAlpha for RGBA export; original RGB pixels preserved during alpha correction; no painting, compositing or face restoration","{""status"":""artist_visual_review_complete_independent_review_pending"",""reviewBoard"":""/Users/rexxa/feudal-lord-analysis/astra-raw/lineage-prod1-costume-v2/men/men-before-after-96.png"",""identityReview"":""Source and candidate side-by-side at actual96px: same apparent person, age, expression, hair silhouette and bust framing; no visible major identity drift"",""clothingReview"":""Subdued blue or plum fine wool, visible brown fur collar, lowered hood behind neck and shoulders; no waist visible"",""styleReferenceReviewed"":""/Users/rexxa/orca/workspaces/feudal-lord-simulator/krill/assets-inbox/portrait-pool/pool1-20260926/assets/portraits/I043_young.png"",""styleReferenceRole"":""Post-generation QA only; not an imagegen input"",""limitations"":[""Generated edit is not pixel-identical outside clothing"",""Belt and purse outside original bust crop; preserving framing takes precedence"",""Same-person judgment is visual, not biometric proof""],""rgbaVerification"":""256x256 RGBA, all RGB pixels unchanged by ensureAlpha correction""}"
"L4_202_young","assets/L4/L4_202_young.png","candidate","/Users/rexxa/github/feudal-lord-simulator/output/astra-lineage-prod1-v1/assets/L4/L4_202_young.png","d4f24fdaf777e78dc4a4c8eecdd4f8aeed7c4cfc22122d2aa2afb8818bf3f439","L4","young","22","male","married","Wealthy merchant fine wool in subdued blue or purple, visible brown fur collar and lowered hood; waist accessories constrained by original bust crop","Use case: identity-preserve clothing-only edit. Image1 is the EXACT target portrait L4_202_young. Preserve the face and head as painted: exact visible hair shape and color, hairline, all freckles/moles, eyes, nose, mouth, expression, skin texture and apparent age22. Same pose, head position, shoulders, bust crop, background, lighting and painted style. Do not beautify or re-age. Change ONLY clothing to wealthy Southern English merchant circa1350: muted rich plum purple fine wool gown with prominent soft brown fur collar, decorative leather belt/purse edge ONLY if it fits the existing lower crop naturally. A lowered cloth hood draped BEHIND neck and shoulders leaves ALL existing hairstyle visible and untouched. Do not cover hair with cap. Do not zoom out or extend portrait to show belt. No new limbs, props, text, frame, modern costume, jewelry. One square bust matching original exactly; clothing alone changes.","[""/Users/rexxa/github/feudal-lord-simulator/output/astra-lineage-prod1-v1/assets/L4/L4_202_young.png""]","/Users/rexxa/feudal-lord-analysis/astra-raw/lineage-prod1-costume-v2/men/L4_202_young-attempt1.png","image_gen.imagegen","not provided","not provided","Sharp resize to256x256 and ensureAlpha for RGBA export; original RGB pixels preserved during alpha correction; no painting, compositing or face restoration","{""status"":""artist_visual_review_complete_independent_review_pending"",""reviewBoard"":""/Users/rexxa/feudal-lord-analysis/astra-raw/lineage-prod1-costume-v2/men/men-before-after-96.png"",""identityReview"":""Source and candidate side-by-side at actual96px: same apparent person, age, expression, hair silhouette and bust framing; no visible major identity drift"",""clothingReview"":""Subdued blue or plum fine wool, visible brown fur collar, lowered hood behind neck and shoulders; no waist visible"",""styleReferenceReviewed"":""/Users/rexxa/orca/workspaces/feudal-lord-simulator/krill/assets-inbox/portrait-pool/pool1-20260926/assets/portraits/I043_young.png"",""styleReferenceRole"":""Post-generation QA only; not an imagegen input"",""limitations"":[""Generated edit is not pixel-identical outside clothing"",""Belt and purse outside original bust crop; preserving framing takes precedence"",""Same-person judgment is visual, not biometric proof""],""rgbaVerification"":""256x256 RGBA, all RGB pixels unchanged by ensureAlpha correction""}"
"L4_203_baby","assets/L4/L4_203_baby.png","candidate","/Users/rexxa/github/feudal-lord-simulator/output/astra-lineage-prod1-v1/assets/L4/L4_203_baby.png","d7800e6b1d512d4fac1f648f1b8e35d34f687855510a65aa6bb8e3d1173d9a27","L4","baby","1","female","notApplicable","Fine muted blue wool swaddle with subtle outer fur edging; existing linen infant bonnet preserved","Use case: identity-preserve precise clothing-only edit. Edit the supplied portrait of L4_203_baby. Preserve EXACT same baby face, facial proportions, freckles/marks, eyes, expression, hair wisps, skin tone, head position, age, pose, framing, background and painterly style. Change ONLY the existing swaddling cloth to fine muted dusty BLUE wool, with a narrow subtle soft brown fur trim along the OUTER wrap edge only. Keep existing undyed linen infant bonnet unchanged and full face uncovered. This remains the identical 0–2 year old wrapped infant, no aging, no adult clothing, no cap, belt, purse or jewelry. Wealthy southern English merchant infant circa 1350. No new objects or text. Preserve square composition exactly.","[""/Users/rexxa/github/feudal-lord-simulator/output/astra-lineage-prod1-v1/assets/L4/L4_203_baby.png""]","/Users/rexxa/feudal-lord-analysis/astra-raw/lineage-prod1-costume-v2/children/L4_203_baby-attempt1.png","image_gen.imagegen","not provided","not provided","Sharp resize to 256x256, ensureAlpha(), non-paletted RGBA PNG; opaque alpha added without changing decoded RGB; no repaint, crop, face masking, recolor or compositing of final assets","{""status"":""candidate_artist_review_complete_independent_review_pending"",""clothingReview"":""Muted blue/purple wool and subtle fur present; no adult accessories on babies; no veils on girls"",""identityReview"":""Face, identifying marks, hair, pose and age visually compared to source; generative editing is not pixel-exact preservation"",""ageReview"":""Original infant anatomy and swaddle/bonnet maintained"",""review96"":""PASS: source/result pairs inspected at actual 96px; no evident identity or age drift; baby swaddle/bonnet and child uncovered hairstyles retained"",""rgbaExport"":""PASS: 4 channels, decoded RGB byte-identical to prior export, opaque alpha""}"
"L4_203_child","assets/L4/L4_203_child.png","candidate","/Users/rexxa/github/feudal-lord-simulator/output/astra-lineage-prod1-v1/assets/L4/L4_203_child.png","51008f9c6cff788624f71fa2770435d8b7c93db3d9a58ad8e49003c4a55f737d","L4","child","8","female","notApplicable","Fine muted blue wool child garment with subtle fur collar; uncovered original hair and linen neckline","Use case: identity-preserve precise clothing-only edit. Edit supplied portrait L4_203_child of the SAME young child age6–9. Preserve EXACT face, marks/freckles/moles, eye color, expression, skin, hair and hairstyle, head shape/size, age, pose, narrow little shoulders, body proportions, square framing and backdrop. Only change existing clothing into fine muted dusty BLUE wool rich merchant child's gown, with subtle narrow brown fur edging at collar and finely finished seams. Preserve undyed linen neckline. Southern England circa1350; child age remains6–9, never adolescent/adult. Hair remains entirely unchanged and uncovered: NO hat, hood, veil or cap. No jewelry, no purse, no new belt outside frame, no props, no zoom/reframe. Keep painterly rendering and background exactly. Only edit garment.","[""/Users/rexxa/github/feudal-lord-simulator/output/astra-lineage-prod1-v1/assets/L4/L4_203_child.png""]","/Users/rexxa/feudal-lord-analysis/astra-raw/lineage-prod1-costume-v2/children/L4_203_child-attempt1.png","image_gen.imagegen","not provided","not provided","Sharp resize to 256x256, ensureAlpha(), non-paletted RGBA PNG; opaque alpha added without changing decoded RGB; no repaint, crop, face masking, recolor or compositing of final assets","{""status"":""candidate_artist_review_complete_independent_review_pending"",""clothingReview"":""Muted blue/purple wool and subtle fur present; no adult accessories on babies; no veils on girls"",""identityReview"":""Face, identifying marks, hair, pose and age visually compared to source; generative editing is not pixel-exact preservation"",""ageReview"":""Original primary-school child face and narrow shoulders maintained"",""review96"":""PASS: source/result pairs inspected at actual 96px; no evident identity or age drift; baby swaddle/bonnet and child uncovered hairstyles retained"",""rgbaExport"":""PASS: 4 channels, decoded RGB byte-identical to prior export, opaque alpha""}"
"L4_203_mature","assets/L4/L4_203_mature.png","candidate","/Users/rexxa/github/feudal-lord-simulator/output/astra-lineage-prod1-v1/assets/L4/L4_203_mature.png","319aebed8d7c4fcaba61652138dcfffd2738dc8982eb72cdd93ed51b9a92d9c7","L4","mature","44","female","married","muted rich blue fine wool gown with brown fur collar; ivory linen veil and wimple","Use case: identity-preserve clothing-only edit. Edit this EXACT portrait L4_203_mature, age44. Preserve her face, freckles, auburn and gray hair edges, eyes, nose, mouth, age, expression, head angle, pose, bust framing, background, light and painted texture EXACTLY. Change ONLY costume: prosperous Southern English wool merchant woman circa1350, muted rich blue fine-wool gown with clearly visible broad brown merchant fur collar. Married woman: ivory linen VEIL plus WIMPLE covering neck beneath chin while leaving face unchanged, existing hair fully covered except original tiny temple edges. Decorated belt or purse edge ONLY if naturally within existing bust crop; do not zoom out or add arms. No jewelry, crowns, heraldry, text, frame, extra hands, facial retouch or beautification. One square portrait. Retain original face geometry and age marks, crow feet, under-eye hollows, forehead lines and middle-aged cheeks. DO NOT make younger or smooth wrinkles.","[""/Users/rexxa/github/feudal-lord-simulator/output/astra-lineage-prod1-v1/assets/L4/L4_203_mature.png""]","/Users/rexxa/feudal-lord-analysis/astra-raw/lineage-prod1-costume-v2/women/L4_203_mature-attempt1.png","image_gen.imagegen","not provided","not provided","Sharp resize to 256x256 only, then ensureAlpha().png({palette:false}); decoded RGB preserved exactly during RGBA conversion; no face painting or compositing","{""status"":""passed_artist_96px_before_after_review_independent_review_pending"",""candidateOnly"":true,""installed"":false,""identityReview"":""At 96px side-by-side face silhouette, eyes, nose, mouth, freckles and expression retained; no observed identity drift. Not a pixel-exact facial identity guarantee."",""ageReview"":""Original young/mature/old age appearance retained, including midlife creases and elderly gray hair and wrinkles."",""clothingReview"":""muted rich blue fine wool gown with brown fur collar; ivory linen veil and wimple"",""framingReview"":""Original bust crop and pose retained; no extra hands or arms, text or frame. Belt and purse omitted because waist is outside existing crop."",""proof"":""/Users/rexxa/feudal-lord-analysis/astra-raw/lineage-prod1-costume-v2/women/women-before-after-96.png"",""rgbaReview"":""Verified 256x256 RGBA, channels=4; decoded RGB equal before/after alpha conversion""}"
"L4_203_young","assets/L4/L4_203_young.png","candidate","/Users/rexxa/github/feudal-lord-simulator/output/astra-lineage-prod1-v1/assets/L4/L4_203_young.png","7193962f146973810a4740ca5688e8da49f1cc3549d287f0f51830d6e433df86","L4","young","24","female","married","muted rich blue fine wool gown with brown fur collar; ivory linen veil and wimple","Use case: identity-preserve clothing-only edit. Edit this EXACT portrait L4_203_young, age24. Preserve her face, freckles, auburn hair edges, eyes, nose, mouth, age, expression, head angle, pose, bust framing, background, light and painted texture EXACTLY. Change ONLY costume: prosperous Southern English wool merchant woman circa1350, muted rich blue fine-wool gown with clearly visible broad brown merchant fur collar. Married woman: ivory linen VEIL plus WIMPLE covering neck beneath chin while leaving face unchanged, existing hair fully covered except original tiny temple edges. Decorated belt or purse edge ONLY if naturally within existing bust crop; do not zoom out or add arms. No jewelry, crowns, heraldry, text, frame, extra hands, facial retouch or beautification. One square portrait. Retain original face geometry and age marks.","[""/Users/rexxa/github/feudal-lord-simulator/output/astra-lineage-prod1-v1/assets/L4/L4_203_young.png""]","/Users/rexxa/feudal-lord-analysis/astra-raw/lineage-prod1-costume-v2/women/L4_203_young-attempt1.png","image_gen.imagegen","not provided","not provided","Sharp resize to 256x256 only, then ensureAlpha().png({palette:false}); decoded RGB preserved exactly during RGBA conversion; no face painting or compositing","{""status"":""passed_artist_96px_before_after_review_independent_review_pending"",""candidateOnly"":true,""installed"":false,""identityReview"":""At 96px side-by-side face silhouette, eyes, nose, mouth, freckles and expression retained; no observed identity drift. Not a pixel-exact facial identity guarantee."",""ageReview"":""Original young/mature/old age appearance retained, including midlife creases and elderly gray hair and wrinkles."",""clothingReview"":""muted rich blue fine wool gown with brown fur collar; ivory linen veil and wimple"",""framingReview"":""Original bust crop and pose retained; no extra hands or arms, text or frame. Belt and purse omitted because waist is outside existing crop."",""proof"":""/Users/rexxa/feudal-lord-analysis/astra-raw/lineage-prod1-costume-v2/women/women-before-after-96.png"",""rgbaReview"":""Verified 256x256 RGBA, channels=4; decoded RGB equal before/after alpha conversion""}"
"L4_204_baby","assets/L4/L4_204_baby.png","candidate","/Users/rexxa/github/feudal-lord-simulator/output/astra-lineage-prod1-v1/assets/L4/L4_204_baby.png","9249b22c00086f02a75bd7bb4e9764fec8236aa4a46061e837db7f1ddaa0f33a","L4","baby","0.5","female","notApplicable","Fine muted purple wool swaddle with subtle outer fur edging; existing linen infant bonnet preserved","Use case: identity-preserve precise clothing-only edit. Edit the supplied portrait of L4_204_baby. Preserve EXACT same baby face, facial proportions, freckles/marks, eyes, expression, hair wisps, skin tone, head position, age, pose, framing, background and painterly style. Change ONLY the existing swaddling cloth to fine muted muted PURPLE wool, with a narrow subtle soft brown fur trim along the OUTER wrap edge only. Keep existing undyed linen infant bonnet unchanged and full face uncovered. This remains the identical 0–2 year old wrapped infant, no aging, no adult clothing, no cap, belt, purse or jewelry. Wealthy southern English merchant infant circa 1350. No new objects or text. Preserve square composition exactly.","[""/Users/rexxa/github/feudal-lord-simulator/output/astra-lineage-prod1-v1/assets/L4/L4_204_baby.png""]","/Users/rexxa/feudal-lord-analysis/astra-raw/lineage-prod1-costume-v2/children/L4_204_baby-attempt1.png","image_gen.imagegen","not provided","not provided","Sharp resize to 256x256, ensureAlpha(), non-paletted RGBA PNG; opaque alpha added without changing decoded RGB; no repaint, crop, face masking, recolor or compositing of final assets","{""status"":""candidate_artist_review_complete_independent_review_pending"",""clothingReview"":""Muted blue/purple wool and subtle fur present; no adult accessories on babies; no veils on girls"",""identityReview"":""Face, identifying marks, hair, pose and age visually compared to source; generative editing is not pixel-exact preservation"",""ageReview"":""Original infant anatomy and swaddle/bonnet maintained"",""review96"":""PASS: source/result pairs inspected at actual 96px; no evident identity or age drift; baby swaddle/bonnet and child uncovered hairstyles retained"",""rgbaExport"":""PASS: 4 channels, decoded RGB byte-identical to prior export, opaque alpha""}"
"L4_204_child","assets/L4/L4_204_child.png","candidate","/Users/rexxa/github/feudal-lord-simulator/output/astra-lineage-prod1-v1/assets/L4/L4_204_child.png","4c364d5811dfe3d006e7c7709908fb9cc7ba7dffc5ff283430e314ee271bfb45","L4","child","6","female","notApplicable","Fine muted purple wool child garment with subtle fur collar; uncovered original hair and linen neckline","Use case: identity-preserve precise clothing-only edit. Edit supplied portrait L4_204_child of the SAME young child age6–9. Preserve EXACT face, marks/freckles/moles, eye color, expression, skin, hair and hairstyle, head shape/size, age, pose, narrow little shoulders, body proportions, square framing and backdrop. Only change existing clothing into fine muted plum PURPLE wool rich merchant child's gown, with subtle narrow brown fur edging at collar and finely finished seams. Preserve undyed linen neckline. Southern England circa1350; child age remains6–9, never adolescent/adult. Hair remains entirely unchanged and uncovered: NO hat, hood, veil or cap. No jewelry, no purse, no new belt outside frame, no props, no zoom/reframe. Keep painterly rendering and background exactly. Only edit garment.","[""/Users/rexxa/github/feudal-lord-simulator/output/astra-lineage-prod1-v1/assets/L4/L4_204_child.png""]","/Users/rexxa/feudal-lord-analysis/astra-raw/lineage-prod1-costume-v2/children/L4_204_child-attempt1.png","image_gen.imagegen","not provided","not provided","Sharp resize to 256x256, ensureAlpha(), non-paletted RGBA PNG; opaque alpha added without changing decoded RGB; no repaint, crop, face masking, recolor or compositing of final assets","{""status"":""candidate_artist_review_complete_independent_review_pending"",""clothingReview"":""Muted blue/purple wool and subtle fur present; no adult accessories on babies; no veils on girls"",""identityReview"":""Face, identifying marks, hair, pose and age visually compared to source; generative editing is not pixel-exact preservation"",""ageReview"":""Original primary-school child face and narrow shoulders maintained"",""review96"":""PASS: source/result pairs inspected at actual 96px; no evident identity or age drift; baby swaddle/bonnet and child uncovered hairstyles retained"",""rgbaExport"":""PASS: 4 channels, decoded RGB byte-identical to prior export, opaque alpha""}"
"L4_204_mature","assets/L4/L4_204_mature.png","candidate","/Users/rexxa/github/feudal-lord-simulator/output/astra-lineage-prod1-v1/assets/L4/L4_204_mature.png","9d4e136b0b8e7022ebc39e1fd14f0da09ed57a3734a7c4a1741d016acb3bfcc8","L4","mature","42","female","married","muted rich purple fine wool gown with brown fur collar; ivory linen veil and wimple","Use case: identity-preserve clothing-only edit. Edit this EXACT portrait L4_204_mature, age42. Preserve her face, freckles, auburn hair edges, eyes, nose, mouth, age, expression, head angle, pose, bust framing, background, light and painted texture EXACTLY. Change ONLY costume: prosperous Southern English wool merchant woman circa1350, muted rich purple fine-wool gown with clearly visible broad brown merchant fur collar. Married woman: ivory linen VEIL plus WIMPLE covering neck beneath chin while leaving face unchanged, existing hair fully covered except original tiny temple edges. Decorated belt or purse edge ONLY if naturally within existing bust crop; do not zoom out or add arms. No jewelry, crowns, heraldry, text, frame, extra hands, facial retouch or beautification. One square portrait. Retain original face geometry and age marks, signature mouth mole, crow feet, under-eye hollows, forehead lines and middle-aged cheeks. DO NOT make younger or smooth wrinkles.","[""/Users/rexxa/github/feudal-lord-simulator/output/astra-lineage-prod1-v1/assets/L4/L4_204_mature.png""]","/Users/rexxa/feudal-lord-analysis/astra-raw/lineage-prod1-costume-v2/women/L4_204_mature-attempt1.png","image_gen.imagegen","not provided","not provided","Sharp resize to 256x256 only, then ensureAlpha().png({palette:false}); decoded RGB preserved exactly during RGBA conversion; no face painting or compositing","{""status"":""passed_artist_96px_before_after_review_independent_review_pending"",""candidateOnly"":true,""installed"":false,""identityReview"":""At 96px side-by-side face silhouette, eyes, nose, mouth, freckles and expression retained; no observed identity drift. Not a pixel-exact facial identity guarantee."",""ageReview"":""Original young/mature/old age appearance retained, including midlife creases and elderly gray hair and wrinkles."",""clothingReview"":""muted rich purple fine wool gown with brown fur collar; ivory linen veil and wimple"",""framingReview"":""Original bust crop and pose retained; no extra hands or arms, text or frame. Belt and purse omitted because waist is outside existing crop."",""proof"":""/Users/rexxa/feudal-lord-analysis/astra-raw/lineage-prod1-costume-v2/women/women-before-after-96.png"",""rgbaReview"":""Verified 256x256 RGBA, channels=4; decoded RGB equal before/after alpha conversion""}"
"L4_204_young","assets/L4/L4_204_young.png","candidate","/Users/rexxa/github/feudal-lord-simulator/output/astra-lineage-prod1-v1/assets/L4/L4_204_young.png","26623e7844158da65e5ef2bac1d38992b4652276dc62d183294957efb41b0ba0","L4","young","22","female","unmarried","muted rich purple fine wool gown with brown fur collar; original uncovered hairstyle retained","Use case: identity-preserve clothing-only edit. Edit EXACT input portrait L4_204_young age22. Preserve every face feature, freckles and mouth mole, eye shade, age, expression, short auburn curly bob hairstyle, head and shoulders, pose, bust crop, background and painted texture EXACTLY. Change ONLY russet gown to muted rich plum-purple fine wool gown of prosperous Southern English wool merchant circa1350, visibly distinct modest brown fur collar at neckline. Unmarried young woman: MUST keep existing uncovered auburn curls, NO veil, wimple or hat. Decorated belt/purse edge only if existing crop allows; do not zoom out. NO extra arms, hands, props, jewelry, crown, text, border or beautification. One square portrait; same identity and composition.","[""/Users/rexxa/github/feudal-lord-simulator/output/astra-lineage-prod1-v1/assets/L4/L4_204_young.png""]","/Users/rexxa/feudal-lord-analysis/astra-raw/lineage-prod1-costume-v2/women/L4_204_young-attempt1.png","image_gen.imagegen","not provided","not provided","Sharp resize to 256x256 only, then ensureAlpha().png({palette:false}); decoded RGB preserved exactly during RGBA conversion; no face painting or compositing","{""status"":""passed_artist_96px_before_after_review_independent_review_pending"",""candidateOnly"":true,""installed"":false,""identityReview"":""At 96px side-by-side face silhouette, eyes, nose, mouth, freckles and expression retained; no observed identity drift. Not a pixel-exact facial identity guarantee."",""ageReview"":""Original young/mature/old age appearance retained, including midlife creases and elderly gray hair and wrinkles."",""clothingReview"":""muted rich purple fine wool gown with brown fur collar; original uncovered hairstyle retained"",""framingReview"":""Original bust crop and pose retained; no extra hands or arms, text or frame. Belt and purse omitted because waist is outside existing crop."",""proof"":""/Users/rexxa/feudal-lord-analysis/astra-raw/lineage-prod1-costume-v2/women/women-before-after-96.png"",""rgbaReview"":""Verified 256x256 RGBA, channels=4; decoded RGB equal before/after alpha conversion""}"
"L4_205_mature","assets/L4/L4_205_mature.png","candidate","/Users/rexxa/github/feudal-lord-simulator/output/astra-lineage-prod1-v1/assets/L4/L4_205_mature.png","3eefc836b18696e465b0ae261b3bae179c17a283daaded92f41f04fbf116d29e","L4","mature","42","female","married","muted rich purple fine wool gown with brown fur collar; ivory linen veil and wimple","Use case: identity-preserve clothing-only edit. Edit this EXACT portrait L4_205_mature, age42. Preserve her face, freckles, brown and gray hair edges, eyes, nose, mouth, age, expression, head angle, pose, bust framing, background, light and painted texture EXACTLY. Change ONLY costume: prosperous Southern English wool merchant woman circa1350, muted rich purple fine-wool gown with clearly visible broad brown merchant fur collar. Married woman: ivory linen VEIL plus WIMPLE covering neck beneath chin while leaving face unchanged, existing hair fully covered except original tiny temple edges. Decorated belt or purse edge ONLY if naturally within existing bust crop; do not zoom out or add arms. No jewelry, crowns, heraldry, text, frame, extra hands, facial retouch or beautification. One square portrait. Retain original face geometry and age marks, crow feet, under-eye hollows, forehead lines and middle-aged cheeks. DO NOT make younger or smooth wrinkles.","[""/Users/rexxa/github/feudal-lord-simulator/output/astra-lineage-prod1-v1/assets/L4/L4_205_mature.png""]","/Users/rexxa/feudal-lord-analysis/astra-raw/lineage-prod1-costume-v2/women/L4_205_mature-attempt1.png","image_gen.imagegen","not provided","not provided","Sharp resize to 256x256 only, then ensureAlpha().png({palette:false}); decoded RGB preserved exactly during RGBA conversion; no face painting or compositing","{""status"":""passed_artist_96px_before_after_review_independent_review_pending"",""candidateOnly"":true,""installed"":false,""identityReview"":""At 96px side-by-side face silhouette, eyes, nose, mouth, freckles and expression retained; no observed identity drift. Not a pixel-exact facial identity guarantee."",""ageReview"":""Original young/mature/old age appearance retained, including midlife creases and elderly gray hair and wrinkles."",""clothingReview"":""muted rich purple fine wool gown with brown fur collar; ivory linen veil and wimple"",""framingReview"":""Original bust crop and pose retained; no extra hands or arms, text or frame. Belt and purse omitted because waist is outside existing crop."",""proof"":""/Users/rexxa/feudal-lord-analysis/astra-raw/lineage-prod1-costume-v2/women/women-before-after-96.png"",""rgbaReview"":""Verified 256x256 RGBA, channels=4; decoded RGB equal before/after alpha conversion""}"
"L4_205_young","assets/L4/L4_205_young.png","candidate","/Users/rexxa/github/feudal-lord-simulator/output/astra-lineage-prod1-v1/assets/L4/L4_205_young.png","d46c43790006f32884c3e2ab7b9240509115871b5808203508426a9c4473dbfe","L4","young","22","female","married","muted rich purple fine wool gown with brown fur collar; ivory linen veil and wimple","Use case: identity-preserve clothing-only edit. Edit this EXACT portrait L4_205_young, age22. Preserve her face, freckles, brown hair edges, eyes, nose, mouth, age, expression, head angle, pose, bust framing, background, light and painted texture EXACTLY. Change ONLY costume: prosperous Southern English wool merchant woman circa1350, muted rich purple fine-wool gown with clearly visible broad brown merchant fur collar. Married woman: ivory linen VEIL plus WIMPLE covering neck beneath chin while leaving face unchanged, existing hair fully covered except original tiny temple edges. Decorated belt or purse edge ONLY if naturally within existing bust crop; do not zoom out or add arms. No jewelry, crowns, heraldry, text, frame, extra hands, facial retouch or beautification. One square portrait. Retain original face geometry and age marks.","[""/Users/rexxa/github/feudal-lord-simulator/output/astra-lineage-prod1-v1/assets/L4/L4_205_young.png""]","/Users/rexxa/feudal-lord-analysis/astra-raw/lineage-prod1-costume-v2/women/L4_205_young-attempt1.png","image_gen.imagegen","not provided","not provided","Sharp resize to 256x256 only, then ensureAlpha().png({palette:false}); decoded RGB preserved exactly during RGBA conversion; no face painting or compositing","{""status"":""passed_artist_96px_before_after_review_independent_review_pending"",""candidateOnly"":true,""installed"":false,""identityReview"":""At 96px side-by-side face silhouette, eyes, nose, mouth, freckles and expression retained; no observed identity drift. Not a pixel-exact facial identity guarantee."",""ageReview"":""Original young/mature/old age appearance retained, including midlife creases and elderly gray hair and wrinkles."",""clothingReview"":""muted rich purple fine wool gown with brown fur collar; ivory linen veil and wimple"",""framingReview"":""Original bust crop and pose retained; no extra hands or arms, text or frame. Belt and purse omitted because waist is outside existing crop."",""proof"":""/Users/rexxa/feudal-lord-analysis/astra-raw/lineage-prod1-costume-v2/women/women-before-after-96.png"",""rgbaReview"":""Verified 256x256 RGBA, channels=4; decoded RGB equal before/after alpha conversion""}"
"L4_206_mature","assets/L4/L4_206_mature.png","candidate","/Users/rexxa/github/feudal-lord-simulator/output/astra-lineage-prod1-v1/assets/L4/L4_206_mature.png","d991429f372a234e595efc714186d6efeb4a5afdc280bec4ace70f06a0035774","L4","mature","44","male","married","Wealthy merchant fine wool in subdued blue or purple, visible brown fur collar and lowered hood; waist accessories constrained by original bust crop","Use case: identity-preserve clothing-only edit. Image1 is the EXACT target portrait L4_206_mature. Preserve the face and head as painted: exact visible hair shape and color, hairline, all freckles/moles, eyes, nose, mouth, expression, skin texture and apparent age44. Same pose, head position, shoulders, bust crop, background, lighting and painted style. Do not beautify or re-age. Change ONLY clothing to wealthy Southern English merchant circa1350: muted rich plum purple fine wool gown with prominent soft brown fur collar, decorative leather belt/purse edge ONLY if it fits the existing lower crop naturally. A lowered cloth hood draped BEHIND neck and shoulders leaves ALL existing hairstyle visible and untouched. Do not cover hair with cap. Do not zoom out or extend portrait to show belt. No new limbs, props, text, frame, modern costume, jewelry. One square bust matching original exactly; clothing alone changes.","[""/Users/rexxa/github/feudal-lord-simulator/output/astra-lineage-prod1-v1/assets/L4/L4_206_mature.png""]","/Users/rexxa/feudal-lord-analysis/astra-raw/lineage-prod1-costume-v2/men/L4_206_mature-attempt1.png","image_gen.imagegen","not provided","not provided","Sharp resize to256x256 and ensureAlpha for RGBA export; original RGB pixels preserved during alpha correction; no painting, compositing or face restoration","{""status"":""artist_visual_review_complete_independent_review_pending"",""reviewBoard"":""/Users/rexxa/feudal-lord-analysis/astra-raw/lineage-prod1-costume-v2/men/men-before-after-96.png"",""identityReview"":""Source and candidate side-by-side at actual96px: same apparent person, age, expression, hair silhouette and bust framing; no visible major identity drift"",""clothingReview"":""Subdued blue or plum fine wool, visible brown fur collar, lowered hood behind neck and shoulders; no waist visible"",""styleReferenceReviewed"":""/Users/rexxa/orca/workspaces/feudal-lord-simulator/krill/assets-inbox/portrait-pool/pool1-20260926/assets/portraits/I043_young.png"",""styleReferenceRole"":""Post-generation QA only; not an imagegen input"",""limitations"":[""Generated edit is not pixel-identical outside clothing"",""Belt and purse outside original bust crop; preserving framing takes precedence"",""Same-person judgment is visual, not biometric proof""],""rgbaVerification"":""256x256 RGBA, all RGB pixels unchanged by ensureAlpha correction""}"
"L4_206_young","assets/L4/L4_206_young.png","candidate","/Users/rexxa/github/feudal-lord-simulator/output/astra-lineage-prod1-v1/assets/L4/L4_206_young.png","1befe57b4d15e0e0dcc6bf2b79266c91e33215666bb270f5e7e73d8535b2dc59","L4","young","24","male","married","Wealthy merchant fine wool in subdued blue or purple, visible brown fur collar and lowered hood; waist accessories constrained by original bust crop","Use case: identity-preserve clothing-only edit. Image1 is the EXACT target portrait L4_206_young. Preserve the face and head as painted: exact visible hair shape and color, hairline, all freckles/moles, eyes, nose, mouth, expression, skin texture and apparent age24. Same pose, head position, shoulders, bust crop, background, lighting and painted style. Do not beautify or re-age. Change ONLY clothing to wealthy Southern English merchant circa1350: muted rich plum purple fine wool gown with prominent soft brown fur collar, decorative leather belt/purse edge ONLY if it fits the existing lower crop naturally. A lowered cloth hood draped BEHIND neck and shoulders leaves ALL existing hairstyle visible and untouched. Do not cover hair with cap. Do not zoom out or extend portrait to show belt. No new limbs, props, text, frame, modern costume, jewelry. One square bust matching original exactly; clothing alone changes.","[""/Users/rexxa/github/feudal-lord-simulator/output/astra-lineage-prod1-v1/assets/L4/L4_206_young.png""]","/Users/rexxa/feudal-lord-analysis/astra-raw/lineage-prod1-costume-v2/men/L4_206_young-attempt1.png","image_gen.imagegen","not provided","not provided","Sharp resize to256x256 and ensureAlpha for RGBA export; original RGB pixels preserved during alpha correction; no painting, compositing or face restoration","{""status"":""artist_visual_review_complete_independent_review_pending"",""reviewBoard"":""/Users/rexxa/feudal-lord-analysis/astra-raw/lineage-prod1-costume-v2/men/men-before-after-96.png"",""identityReview"":""Source and candidate side-by-side at actual96px: same apparent person, age, expression, hair silhouette and bust framing; no visible major identity drift"",""clothingReview"":""Subdued blue or plum fine wool, visible brown fur collar, lowered hood behind neck and shoulders; no waist visible"",""styleReferenceReviewed"":""/Users/rexxa/orca/workspaces/feudal-lord-simulator/krill/assets-inbox/portrait-pool/pool1-20260926/assets/portraits/I043_young.png"",""styleReferenceRole"":""Post-generation QA only; not an imagegen input"",""limitations"":[""Generated edit is not pixel-identical outside clothing"",""Belt and purse outside original bust crop; preserving framing takes precedence"",""Same-person judgment is visual, not biometric proof""],""rgbaVerification"":""256x256 RGBA, all RGB pixels unchanged by ensureAlpha correction""}"
"L4_301_baby","assets/L4/L4_301_baby.png","candidate","/Users/rexxa/github/feudal-lord-simulator/output/astra-lineage-prod1-v1/assets/L4/L4_301_baby.png","a45e79ccb8cef0d9e2c40b8e0f74a68bfe3a281bae7d4ad0b8fcac742c313ba4","L4","baby","1","male","notApplicable","Fine muted blue wool swaddle with subtle outer fur edging; existing linen infant bonnet preserved","Use case: identity-preserve precise clothing-only edit. Edit the supplied portrait of L4_301_baby. Preserve EXACT same baby face, facial proportions, freckles/marks, eyes, expression, hair wisps, skin tone, head position, age, pose, framing, background and painterly style. Change ONLY the existing swaddling cloth to fine muted dusty BLUE wool, with a narrow subtle soft brown fur trim along the OUTER wrap edge only. Keep existing undyed linen infant bonnet unchanged and full face uncovered. This remains the identical 0–2 year old wrapped infant, no aging, no adult clothing, no cap, belt, purse or jewelry. Wealthy southern English merchant infant circa 1350. No new objects or text. Preserve square composition exactly.","[""/Users/rexxa/github/feudal-lord-simulator/output/astra-lineage-prod1-v1/assets/L4/L4_301_baby.png""]","/Users/rexxa/feudal-lord-analysis/astra-raw/lineage-prod1-costume-v2/children/L4_301_baby-attempt1.png","image_gen.imagegen","not provided","not provided","Sharp resize to 256x256, ensureAlpha(), non-paletted RGBA PNG; opaque alpha added without changing decoded RGB; no repaint, crop, face masking, recolor or compositing of final assets","{""status"":""candidate_artist_review_complete_independent_review_pending"",""clothingReview"":""Muted blue/purple wool and subtle fur present; no adult accessories on babies; no veils on girls"",""identityReview"":""Face, identifying marks, hair, pose and age visually compared to source; generative editing is not pixel-exact preservation"",""ageReview"":""Original infant anatomy and swaddle/bonnet maintained"",""review96"":""PASS: source/result pairs inspected at actual 96px; no evident identity or age drift; baby swaddle/bonnet and child uncovered hairstyles retained"",""rgbaExport"":""PASS: 4 channels, decoded RGB byte-identical to prior export, opaque alpha""}"
"L4_301_child","assets/L4/L4_301_child.png","candidate","/Users/rexxa/github/feudal-lord-simulator/output/astra-lineage-prod1-v1/assets/L4/L4_301_child.png","d7a71a69500f9d664a6a73a4d018856c6ce5ee9cac9485ed2b17454362d41d69","L4","child","8","male","notApplicable","Fine muted blue wool child garment with subtle fur collar; uncovered original hair and linen neckline","Use case: identity-preserve precise clothing-only edit. Edit supplied portrait L4_301_child of the SAME young child age6–9. Preserve EXACT face, marks/freckles/moles, eye color, expression, skin, hair and hairstyle, head shape/size, age, pose, narrow little shoulders, body proportions, square framing and backdrop. Only change existing clothing into fine muted dusty BLUE wool rich merchant child's tunic, with subtle narrow brown fur edging at collar and finely finished seams. Preserve undyed linen neckline. Southern England circa1350; child age remains6–9, never adolescent/adult. Hair remains entirely unchanged and uncovered: NO hat, hood, veil or cap. No jewelry, no purse, no new belt outside frame, no props, no zoom/reframe. Keep painterly rendering and background exactly. Only edit garment.","[""/Users/rexxa/github/feudal-lord-simulator/output/astra-lineage-prod1-v1/assets/L4/L4_301_child.png""]","/Users/rexxa/feudal-lord-analysis/astra-raw/lineage-prod1-costume-v2/children/L4_301_child-attempt1.png","image_gen.imagegen","not provided","not provided","Sharp resize to 256x256, ensureAlpha(), non-paletted RGBA PNG; opaque alpha added without changing decoded RGB; no repaint, crop, face masking, recolor or compositing of final assets","{""status"":""candidate_artist_review_complete_independent_review_pending"",""clothingReview"":""Muted blue/purple wool and subtle fur present; no adult accessories on babies; no veils on girls"",""identityReview"":""Face, identifying marks, hair, pose and age visually compared to source; generative editing is not pixel-exact preservation"",""ageReview"":""Original primary-school child face and narrow shoulders maintained"",""review96"":""PASS: source/result pairs inspected at actual 96px; no evident identity or age drift; baby swaddle/bonnet and child uncovered hairstyles retained"",""rgbaExport"":""PASS: 4 channels, decoded RGB byte-identical to prior export, opaque alpha""}"
"L4_301_young","assets/L4/L4_301_young.png","candidate","/Users/rexxa/github/feudal-lord-simulator/output/astra-lineage-prod1-v1/assets/L4/L4_301_young.png","c19103978fdff8da2ada8b745637245022f2afc21055c020c2c66eef644fbd65","L4","young","22","male","married","Wealthy merchant fine wool in subdued blue or purple, visible brown fur collar and lowered hood; waist accessories constrained by original bust crop","Use case: identity-preserve clothing-only edit. Image1 is the EXACT target portrait L4_301_young. Preserve the face and head as painted: exact visible hair shape and color, hairline, all freckles/moles, eyes, nose, mouth, expression, skin texture and apparent age22. Same pose, head position, shoulders, bust crop, background, lighting and painted style. Do not beautify or re-age. Change ONLY clothing to wealthy Southern English merchant circa1350: subdued deep blue fine wool gown with prominent soft brown fur collar, decorative leather belt/purse edge ONLY if it fits the existing lower crop naturally. A lowered cloth hood draped BEHIND neck and shoulders leaves ALL existing hairstyle visible and untouched. Do not cover hair with cap. Do not zoom out or extend portrait to show belt. No new limbs, props, text, frame, modern costume, jewelry. One square bust matching original exactly; clothing alone changes.","[""/Users/rexxa/github/feudal-lord-simulator/output/astra-lineage-prod1-v1/assets/L4/L4_301_young.png""]","/Users/rexxa/feudal-lord-analysis/astra-raw/lineage-prod1-costume-v2/men/L4_301_young-attempt1.png","image_gen.imagegen","not provided","not provided","Sharp resize to256x256 and ensureAlpha for RGBA export; original RGB pixels preserved during alpha correction; no painting, compositing or face restoration","{""status"":""artist_visual_review_complete_independent_review_pending"",""reviewBoard"":""/Users/rexxa/feudal-lord-analysis/astra-raw/lineage-prod1-costume-v2/men/men-before-after-96.png"",""identityReview"":""Source and candidate side-by-side at actual96px: same apparent person, age, expression, hair silhouette and bust framing; no visible major identity drift"",""clothingReview"":""Subdued blue or plum fine wool, visible brown fur collar, lowered hood behind neck and shoulders; no waist visible"",""styleReferenceReviewed"":""/Users/rexxa/orca/workspaces/feudal-lord-simulator/krill/assets-inbox/portrait-pool/pool1-20260926/assets/portraits/I043_young.png"",""styleReferenceRole"":""Post-generation QA only; not an imagegen input"",""limitations"":[""Generated edit is not pixel-identical outside clothing"",""Belt and purse outside original bust crop; preserving framing takes precedence"",""Same-person judgment is visual, not biometric proof""],""rgbaVerification"":""256x256 RGBA, all RGB pixels unchanged by ensureAlpha correction""}"
"L4_302_baby","assets/L4/L4_302_baby.png","candidate","/Users/rexxa/github/feudal-lord-simulator/output/astra-lineage-prod1-v1/assets/L4/L4_302_baby.png","936ea1760987da4e5269eb0b7a312e64ffce4bca3a33d27c049a721bf277337c","L4","baby","0.5","female","notApplicable","Fine muted purple wool swaddle with subtle outer fur edging; existing linen infant bonnet preserved","Use case: identity-preserve precise clothing-only edit. Edit the supplied portrait of L4_302_baby. Preserve EXACT same baby face, facial proportions, freckles/marks, eyes, expression, hair wisps, skin tone, head position, age, pose, framing, background and painterly style. Change ONLY the existing swaddling cloth to fine muted muted PURPLE wool, with a narrow subtle soft brown fur trim along the OUTER wrap edge only. Keep existing undyed linen infant bonnet unchanged and full face uncovered. This remains the identical 0–2 year old wrapped infant, no aging, no adult clothing, no cap, belt, purse or jewelry. Wealthy southern English merchant infant circa 1350. No new objects or text. Preserve square composition exactly.","[""/Users/rexxa/github/feudal-lord-simulator/output/astra-lineage-prod1-v1/assets/L4/L4_302_baby.png""]","/Users/rexxa/feudal-lord-analysis/astra-raw/lineage-prod1-costume-v2/children/L4_302_baby-attempt1.png","image_gen.imagegen","not provided","not provided","Sharp resize to 256x256, ensureAlpha(), non-paletted RGBA PNG; opaque alpha added without changing decoded RGB; no repaint, crop, face masking, recolor or compositing of final assets","{""status"":""candidate_artist_review_complete_independent_review_pending"",""clothingReview"":""Muted blue/purple wool and subtle fur present; no adult accessories on babies; no veils on girls"",""identityReview"":""Face, identifying marks, hair, pose and age visually compared to source; generative editing is not pixel-exact preservation"",""ageReview"":""Original infant anatomy and swaddle/bonnet maintained"",""review96"":""PASS: source/result pairs inspected at actual 96px; no evident identity or age drift; baby swaddle/bonnet and child uncovered hairstyles retained"",""rgbaExport"":""PASS: 4 channels, decoded RGB byte-identical to prior export, opaque alpha""}"
"L4_302_child","assets/L4/L4_302_child.png","candidate","/Users/rexxa/github/feudal-lord-simulator/output/astra-lineage-prod1-v1/assets/L4/L4_302_child.png","399f83727f73356ad5529865033a71c13ce18605574416b91b613f7cafada6a0","L4","child","6","female","notApplicable","Fine muted purple wool child garment with subtle fur collar; uncovered original hair and linen neckline","Use case: identity-preserve precise clothing-only edit. Edit supplied portrait L4_302_child of the SAME young child age6–9. Preserve EXACT face, marks/freckles/moles, eye color, expression, skin, hair and hairstyle, head shape/size, age, pose, narrow little shoulders, body proportions, square framing and backdrop. Only change existing clothing into fine muted plum PURPLE wool rich merchant child's gown, with subtle narrow brown fur edging at collar and finely finished seams. Preserve undyed linen neckline. Southern England circa1350; child age remains6–9, never adolescent/adult. Hair remains entirely unchanged and uncovered: NO hat, hood, veil or cap. No jewelry, no purse, no new belt outside frame, no props, no zoom/reframe. Keep painterly rendering and background exactly. Only edit garment.","[""/Users/rexxa/github/feudal-lord-simulator/output/astra-lineage-prod1-v1/assets/L4/L4_302_child.png""]","/Users/rexxa/feudal-lord-analysis/astra-raw/lineage-prod1-costume-v2/children/L4_302_child-attempt1.png","image_gen.imagegen","not provided","not provided","Sharp resize to 256x256, ensureAlpha(), non-paletted RGBA PNG; opaque alpha added without changing decoded RGB; no repaint, crop, face masking, recolor or compositing of final assets","{""status"":""candidate_artist_review_complete_independent_review_pending"",""clothingReview"":""Muted blue/purple wool and subtle fur present; no adult accessories on babies; no veils on girls"",""identityReview"":""Face, identifying marks, hair, pose and age visually compared to source; generative editing is not pixel-exact preservation"",""ageReview"":""Original primary-school child face and narrow shoulders maintained"",""review96"":""PASS: source/result pairs inspected at actual 96px; no evident identity or age drift; baby swaddle/bonnet and child uncovered hairstyles retained"",""rgbaExport"":""PASS: 4 channels, decoded RGB byte-identical to prior export, opaque alpha""}"
"L4_302_young","assets/L4/L4_302_young.png","candidate","/Users/rexxa/github/feudal-lord-simulator/output/astra-lineage-prod1-v1/assets/L4/L4_302_young.png","8dd53d9acb862bded7a9ccd7c802a2ee29a3297376bd7092fea7f86f0546a5ad","L4","young","20","female","unmarried","muted rich blue fine wool gown with brown fur collar; original uncovered hairstyle retained","Use case: identity-preserve clothing-only edit. Edit EXACT input portrait L4_302_young age20. Preserve every face feature, freckles, eye shade, age, expression, auburn braid and loose curls hairstyle, head and shoulders, pose, bust crop, background and painted texture EXACTLY. Change ONLY green gown to muted rich merchant BLUE fine wool gown of prosperous Southern English wool merchant circa1350, visibly distinct modest brown fur collar at neckline. Unmarried young woman: MUST keep existing uncovered auburn braid and curls, NO veil, wimple or hat. Decorated belt/purse edge only if existing crop allows; do not zoom out. NO extra arms, hands, props, jewelry, crown, text, border or beautification. One square portrait; same identity and composition.","[""/Users/rexxa/github/feudal-lord-simulator/output/astra-lineage-prod1-v1/assets/L4/L4_302_young.png""]","/Users/rexxa/feudal-lord-analysis/astra-raw/lineage-prod1-costume-v2/women/L4_302_young-attempt1.png","image_gen.imagegen","not provided","not provided","Sharp resize to 256x256 only, then ensureAlpha().png({palette:false}); decoded RGB preserved exactly during RGBA conversion; no face painting or compositing","{""status"":""passed_artist_96px_before_after_review_independent_review_pending"",""candidateOnly"":true,""installed"":false,""identityReview"":""At 96px side-by-side face silhouette, eyes, nose, mouth, freckles and expression retained; no observed identity drift. Not a pixel-exact facial identity guarantee."",""ageReview"":""Original young/mature/old age appearance retained, including midlife creases and elderly gray hair and wrinkles."",""clothingReview"":""muted rich blue fine wool gown with brown fur collar; original uncovered hairstyle retained"",""framingReview"":""Original bust crop and pose retained; no extra hands or arms, text or frame. Belt and purse omitted because waist is outside existing crop."",""proof"":""/Users/rexxa/feudal-lord-analysis/astra-raw/lineage-prod1-costume-v2/women/women-before-after-96.png"",""rgbaReview"":""Verified 256x256 RGBA, channels=4; decoded RGB equal before/after alpha conversion""}"
"L4_303_baby","assets/L4/L4_303_baby.png","candidate","/Users/rexxa/github/feudal-lord-simulator/output/astra-lineage-prod1-v1/assets/L4/L4_303_baby.png","26abd9805b71b42c6190672c11804d14d58cff663b68686fb3dd072e45628319","L4","baby","1","male","notApplicable","Fine muted blue wool swaddle with subtle outer fur edging; existing linen infant bonnet preserved","Use case: identity-preserve precise clothing-only edit. Edit the supplied portrait of L4_303_baby. Preserve EXACT same baby face, facial proportions, freckles/marks, eyes, expression, hair wisps, skin tone, head position, age, pose, framing, background and painterly style. Change ONLY the existing swaddling cloth to fine muted dusty BLUE wool, with a narrow subtle soft brown fur trim along the OUTER wrap edge only. Keep existing undyed linen infant bonnet unchanged and full face uncovered. This remains the identical 0–2 year old wrapped infant, no aging, no adult clothing, no cap, belt, purse or jewelry. Wealthy southern English merchant infant circa 1350. No new objects or text. Preserve square composition exactly.","[""/Users/rexxa/github/feudal-lord-simulator/output/astra-lineage-prod1-v1/assets/L4/L4_303_baby.png""]","/Users/rexxa/feudal-lord-analysis/astra-raw/lineage-prod1-costume-v2/children/L4_303_baby-attempt1.png","image_gen.imagegen","not provided","not provided","Sharp resize to 256x256, ensureAlpha(), non-paletted RGBA PNG; opaque alpha added without changing decoded RGB; no repaint, crop, face masking, recolor or compositing of final assets","{""status"":""candidate_artist_review_complete_independent_review_pending"",""clothingReview"":""Muted blue/purple wool and subtle fur present; no adult accessories on babies; no veils on girls"",""identityReview"":""Face, identifying marks, hair, pose and age visually compared to source; generative editing is not pixel-exact preservation"",""ageReview"":""Original infant anatomy and swaddle/bonnet maintained"",""review96"":""PASS: source/result pairs inspected at actual 96px; no evident identity or age drift; baby swaddle/bonnet and child uncovered hairstyles retained"",""rgbaExport"":""PASS: 4 channels, decoded RGB byte-identical to prior export, opaque alpha""}"
"L4_303_child","assets/L4/L4_303_child.png","candidate","/Users/rexxa/github/feudal-lord-simulator/output/astra-lineage-prod1-v1/assets/L4/L4_303_child.png","ee3d74234ea63d347935a37933961beacef7c721cd92eb47f3d59a942541e6b6","L4","child","8","male","notApplicable","Fine muted blue wool child garment with subtle fur collar; uncovered original hair and linen neckline","Use case: identity-preserve precise clothing-only edit. Edit supplied portrait L4_303_child of the SAME young child age6–9. Preserve EXACT face, marks/freckles/moles, eye color, expression, skin, hair and hairstyle, head shape/size, age, pose, narrow little shoulders, body proportions, square framing and backdrop. Only change existing clothing into fine muted dusty BLUE wool rich merchant child's tunic, with subtle narrow brown fur edging at collar and finely finished seams. Preserve undyed linen neckline. Southern England circa1350; child age remains6–9, never adolescent/adult. Hair remains entirely unchanged and uncovered: NO hat, hood, veil or cap. No jewelry, no purse, no new belt outside frame, no props, no zoom/reframe. Keep painterly rendering and background exactly. Only edit garment.","[""/Users/rexxa/github/feudal-lord-simulator/output/astra-lineage-prod1-v1/assets/L4/L4_303_child.png""]","/Users/rexxa/feudal-lord-analysis/astra-raw/lineage-prod1-costume-v2/children/L4_303_child-attempt1.png","image_gen.imagegen","not provided","not provided","Sharp resize to 256x256, ensureAlpha(), non-paletted RGBA PNG; opaque alpha added without changing decoded RGB; no repaint, crop, face masking, recolor or compositing of final assets","{""status"":""candidate_artist_review_complete_independent_review_pending"",""clothingReview"":""Muted blue/purple wool and subtle fur present; no adult accessories on babies; no veils on girls"",""identityReview"":""Face, identifying marks, hair, pose and age visually compared to source; generative editing is not pixel-exact preservation"",""ageReview"":""Original primary-school child face and narrow shoulders maintained"",""review96"":""PASS: source/result pairs inspected at actual 96px; no evident identity or age drift; baby swaddle/bonnet and child uncovered hairstyles retained"",""rgbaExport"":""PASS: 4 channels, decoded RGB byte-identical to prior export, opaque alpha""}"
"L4_303_young","assets/L4/L4_303_young.png","candidate","/Users/rexxa/github/feudal-lord-simulator/output/astra-lineage-prod1-v1/assets/L4/L4_303_young.png","aba59df4e99ad792657f9ebc40e6ccc69d0ed8e048a2880545cc194e1a64b1bc","L4","young","22","male","married","Wealthy merchant fine wool in subdued blue or purple, visible brown fur collar and lowered hood; waist accessories constrained by original bust crop","Use case: identity-preserve clothing-only edit. Image1 is the EXACT target portrait L4_303_young. Preserve the face and head as painted: exact visible hair shape and color, hairline, all freckles/moles, eyes, nose, mouth, expression, skin texture and apparent age22. Same pose, head position, shoulders, bust crop, background, lighting and painted style. Do not beautify or re-age. Change ONLY clothing to wealthy Southern English merchant circa1350: subdued deep blue fine wool gown with prominent soft brown fur collar, decorative leather belt/purse edge ONLY if it fits the existing lower crop naturally. A lowered cloth hood draped BEHIND neck and shoulders leaves ALL existing hairstyle visible and untouched. Do not cover hair with cap. Do not zoom out or extend portrait to show belt. No new limbs, props, text, frame, modern costume, jewelry. One square bust matching original exactly; clothing alone changes.","[""/Users/rexxa/github/feudal-lord-simulator/output/astra-lineage-prod1-v1/assets/L4/L4_303_young.png""]","/Users/rexxa/feudal-lord-analysis/astra-raw/lineage-prod1-costume-v2/men/L4_303_young-attempt1.png","image_gen.imagegen","not provided","not provided","Sharp resize to256x256 and ensureAlpha for RGBA export; original RGB pixels preserved during alpha correction; no painting, compositing or face restoration","{""status"":""artist_visual_review_complete_independent_review_pending"",""reviewBoard"":""/Users/rexxa/feudal-lord-analysis/astra-raw/lineage-prod1-costume-v2/men/men-before-after-96.png"",""identityReview"":""Source and candidate side-by-side at actual96px: same apparent person, age, expression, hair silhouette and bust framing; no visible major identity drift"",""clothingReview"":""Subdued blue or plum fine wool, visible brown fur collar, lowered hood behind neck and shoulders; no waist visible"",""styleReferenceReviewed"":""/Users/rexxa/orca/workspaces/feudal-lord-simulator/krill/assets-inbox/portrait-pool/pool1-20260926/assets/portraits/I043_young.png"",""styleReferenceRole"":""Post-generation QA only; not an imagegen input"",""limitations"":[""Generated edit is not pixel-identical outside clothing"",""Belt and purse outside original bust crop; preserving framing takes precedence"",""Same-person judgment is visual, not biometric proof""],""rgbaVerification"":""256x256 RGBA, all RGB pixels unchanged by ensureAlpha correction""}"
"L4_304_baby","assets/L4/L4_304_baby.png","candidate","/Users/rexxa/github/feudal-lord-simulator/output/astra-lineage-prod1-v1/assets/L4/L4_304_baby.png","9fc45050819ff9e9610ad86569a969fb07c051637c6ba08226ed2f78e32fc395","L4","baby","0.5","female","notApplicable","Fine muted purple wool swaddle with subtle outer fur edging; existing linen infant bonnet preserved","Use case: identity-preserve precise clothing-only edit. Edit the supplied portrait of L4_304_baby. Preserve EXACT same baby face, facial proportions, freckles/marks, eyes, expression, hair wisps, skin tone, head position, age, pose, framing, background and painterly style. Change ONLY the existing swaddling cloth to fine muted muted PURPLE wool, with a narrow subtle soft brown fur trim along the OUTER wrap edge only. Keep existing undyed linen infant bonnet unchanged and full face uncovered. This remains the identical 0–2 year old wrapped infant, no aging, no adult clothing, no cap, belt, purse or jewelry. Wealthy southern English merchant infant circa 1350. No new objects or text. Preserve square composition exactly.","[""/Users/rexxa/github/feudal-lord-simulator/output/astra-lineage-prod1-v1/assets/L4/L4_304_baby.png""]","/Users/rexxa/feudal-lord-analysis/astra-raw/lineage-prod1-costume-v2/children/L4_304_baby-attempt1.png","image_gen.imagegen","not provided","not provided","Sharp resize to 256x256, ensureAlpha(), non-paletted RGBA PNG; opaque alpha added without changing decoded RGB; no repaint, crop, face masking, recolor or compositing of final assets","{""status"":""candidate_artist_review_complete_independent_review_pending"",""clothingReview"":""Muted blue/purple wool and subtle fur present; no adult accessories on babies; no veils on girls"",""identityReview"":""Face, identifying marks, hair, pose and age visually compared to source; generative editing is not pixel-exact preservation"",""ageReview"":""Original infant anatomy and swaddle/bonnet maintained"",""review96"":""PASS: source/result pairs inspected at actual 96px; no evident identity or age drift; baby swaddle/bonnet and child uncovered hairstyles retained"",""rgbaExport"":""PASS: 4 channels, decoded RGB byte-identical to prior export, opaque alpha""}"
"L4_304_child","assets/L4/L4_304_child.png","candidate","/Users/rexxa/github/feudal-lord-simulator/output/astra-lineage-prod1-v1/assets/L4/L4_304_child.png","72072616f175aa6fa6d6995ade857cbd4072b5bcfb0b3a7282b26e56cfe9a433","L4","child","6","female","notApplicable","Fine muted purple wool child garment with subtle fur collar; uncovered original hair and linen neckline","Use case: identity-preserve precise clothing-only edit. Edit supplied portrait L4_304_child of the SAME young child age6–9. Preserve EXACT face, marks/freckles/moles, eye color, expression, skin, hair and hairstyle, head shape/size, age, pose, narrow little shoulders, body proportions, square framing and backdrop. Only change existing clothing into fine muted plum PURPLE wool rich merchant child's gown, with subtle narrow brown fur edging at collar and finely finished seams. Preserve undyed linen neckline. Southern England circa1350; child age remains6–9, never adolescent/adult. Hair remains entirely unchanged and uncovered: NO hat, hood, veil or cap. No jewelry, no purse, no new belt outside frame, no props, no zoom/reframe. Keep painterly rendering and background exactly. Only edit garment.","[""/Users/rexxa/github/feudal-lord-simulator/output/astra-lineage-prod1-v1/assets/L4/L4_304_child.png""]","/Users/rexxa/feudal-lord-analysis/astra-raw/lineage-prod1-costume-v2/children/L4_304_child-attempt1.png","image_gen.imagegen","not provided","not provided","Sharp resize to 256x256, ensureAlpha(), non-paletted RGBA PNG; opaque alpha added without changing decoded RGB; no repaint, crop, face masking, recolor or compositing of final assets","{""status"":""candidate_artist_review_complete_independent_review_pending"",""clothingReview"":""Muted blue/purple wool and subtle fur present; no adult accessories on babies; no veils on girls"",""identityReview"":""Face, identifying marks, hair, pose and age visually compared to source; generative editing is not pixel-exact preservation"",""ageReview"":""Original primary-school child face and narrow shoulders maintained"",""review96"":""PASS: source/result pairs inspected at actual 96px; no evident identity or age drift; baby swaddle/bonnet and child uncovered hairstyles retained"",""rgbaExport"":""PASS: 4 channels, decoded RGB byte-identical to prior export, opaque alpha""}"
"L4_304_young","assets/L4/L4_304_young.png","candidate","/Users/rexxa/github/feudal-lord-simulator/output/astra-lineage-prod1-v1/assets/L4/L4_304_young.png","3b34bb57f4bf8eebe250f710713c1d6ead7a3d37c3a260d77a4c1dc31eee128a","L4","young","20","female","unmarried","muted rich purple fine wool gown with brown fur collar; original uncovered hairstyle retained","Use case: identity-preserve clothing-only edit. Edit EXACT input portrait L4_304_young age20. Preserve every face feature, freckles, eye shade, age, expression, short auburn curly bob hairstyle, head and shoulders, pose, bust crop, background and painted texture EXACTLY. Change ONLY ochre gown to muted rich plum-purple fine wool gown of prosperous Southern English wool merchant circa1350, visibly distinct modest brown fur collar at neckline. Unmarried young woman: MUST keep existing uncovered auburn curls, NO veil, wimple or hat. Decorated belt/purse edge only if existing crop allows; do not zoom out. NO extra arms, hands, props, jewelry, crown, text, border or beautification. One square portrait; same identity and composition.","[""/Users/rexxa/github/feudal-lord-simulator/output/astra-lineage-prod1-v1/assets/L4/L4_304_young.png""]","/Users/rexxa/feudal-lord-analysis/astra-raw/lineage-prod1-costume-v2/women/L4_304_young-attempt1.png","image_gen.imagegen","not provided","not provided","Sharp resize to 256x256 only, then ensureAlpha().png({palette:false}); decoded RGB preserved exactly during RGBA conversion; no face painting or compositing","{""status"":""passed_artist_96px_before_after_review_independent_review_pending"",""candidateOnly"":true,""installed"":false,""identityReview"":""At 96px side-by-side face silhouette, eyes, nose, mouth, freckles and expression retained; no observed identity drift. Not a pixel-exact facial identity guarantee."",""ageReview"":""Original young/mature/old age appearance retained, including midlife creases and elderly gray hair and wrinkles."",""clothingReview"":""muted rich purple fine wool gown with brown fur collar; original uncovered hairstyle retained"",""framingReview"":""Original bust crop and pose retained; no extra hands or arms, text or frame. Belt and purse omitted because waist is outside existing crop."",""proof"":""/Users/rexxa/feudal-lord-analysis/astra-raw/lineage-prod1-costume-v2/women/women-before-after-96.png"",""rgbaReview"":""Verified 256x256 RGBA, channels=4; decoded RGB equal before/after alpha conversion""}"
"L5_102_mature","assets/L5/L5_102_mature.png","candidate","output/astra-lineage-prod1-v1/assets/L5/L5_102_mature.png","cdeb98c090cb2ceaa01e6004c7bbcb811a89c796670898dbc9842ccb247a04de","L5","mature","45","female","married","평직 올리브 모직 커틀, 황토·오트밀 머리수건, 무장식·무모피","Edit image1 (original MATURE portrait) into one revised mature reeve-family mother aged about 42. Image2 is her corrected YOUNG identity, costume and facial-shape reference: match its longer lower face and chin, unfreckled skin, muted olive wool kirtle and dull ochre oatmeal linen headcloth. Age THAT SAME WOMAN twenty years: visible eye wrinkles, nasolabial folds, slight jowling and mature cheek/neck texture matching age of image1, not young skin. Keep original mature pose, leftward gaze, expression, bust composition, background, framing and subdued painterly oil/gouache style. Married hair remains covered. Plain wool and linen, no fur, no jewelry, no purple/blue merchant finery. No text or border. Only one standalone square portrait.","[""output/astra-lineage-prod1-v1/assets/L5/L5_102_mature.png"",""/Users/rexxa/feudal-lord-analysis/astra-raw/lineage-prod1-costume-v2/mother/L5_102_young.png""]","/Users/rexxa/feudal-lord-analysis/astra-raw/lineage-prod1-costume-v2/mother/L5_102_mature.png","image_gen.imagegen","not provided","not provided","Builtin individual edit; full generated image Lanczos3 downsample to256; ensureRGBA. No face compositing.","{""status"":""candidate"",""identityChangeAuthorized"":""longer lower face and chin; freckles removed"",""age"":""mature"",""review"":""Viewed individual final256px and96px: covered hair, olive wool and ochre headcloth consistent; longer lower-face/chin and freckle removal visible; identity persists through wrinkles."",""limitations"":""Visual identity judgment only, not pixel-identical edits. Young-to-mature change is subtler at96px than young-to-old; no claim of blinded age-classification pass.""}"
"L5_102_old","assets/L5/L5_102_old.png","candidate","output/astra-lineage-prod1-v1/assets/L5/L5_102_old.png","b4fca3213c20e6e716e5ac75289f0575b0ac769c12946c5e641b59fabd992e89","L5","old","70","female","married","평직 올리브 모직 커틀, 황토·오트밀 머리수건, 무장식·무모피","Edit image1 (original OLD portrait) into one revised elderly reeve-family mother aged about 67. Image2 is her corrected YOUNG identity, costume and facial-shape reference: match its longer lower face and chin, no freckles, muted olive wool kirtle and dull ochre oatmeal linen headcloth. Age THAT SAME WOMAN forty-five years: strong crowfeet, forehead/eye/cheek wrinkles, deeper nasolabial folds, sagging jowls, aged neck texture matching elderly age of image1, not young skin. Keep original old pose, leftward gaze, expression, bust composition, background, framing and subdued painterly oil/gouache style. Married hair remains fully covered. Plain wool and linen, no fur, no jewelry, no purple/blue merchant finery. No text or border. Only one standalone square portrait.","[""output/astra-lineage-prod1-v1/assets/L5/L5_102_old.png"",""/Users/rexxa/feudal-lord-analysis/astra-raw/lineage-prod1-costume-v2/mother/L5_102_young.png""]","/Users/rexxa/feudal-lord-analysis/astra-raw/lineage-prod1-costume-v2/mother/L5_102_old.png","image_gen.imagegen","not provided","not provided","Builtin individual edit; full generated image Lanczos3 downsample to256; ensureRGBA. No face compositing.","{""status"":""candidate"",""identityChangeAuthorized"":""longer lower face and chin; freckles removed"",""age"":""old"",""review"":""Viewed individual final256px and96px: covered hair, olive wool and ochre headcloth consistent; longer lower-face/chin and freckle removal visible; identity persists through wrinkles."",""limitations"":""Visual identity judgment only, not pixel-identical edits. Young-to-mature change is subtler at96px than young-to-old; no claim of blinded age-classification pass.""}"
"L5_102_young","assets/L5/L5_102_young.png","candidate","output/astra-lineage-prod1-v1/assets/L5/L5_102_young.png","6ce61241b7d07b5ec5cfa1aff52ce724ddefd2517c2f4132db47533dfeae04b4","L5","young","25","female","married","평직 올리브 모직 커틀, 황토·오트밀 머리수건, 무장식·무모피","Edit the first portrait only into one standalone square portrait. Historical hand-painted low-saturation gouache/oil portrait for South England 1300-1450, same exact painterly treatment as source. This is the reeve-family mother L5_102 aged about 22. Keep her pose, leftward three-quarter gaze, expression, eye color, nose, lips, covered hairstyle, bust framing, lighting and brown background. Make her face visibly longer and narrower in its lower half than the original, with a gently lengthened jaw and chin, and completely remove the freckles. Do not make her older or thinner-bodied. Change only costume color/material: plain dull olive-green wool kirtle, NO fur and NO ornament, and modest muted ochre/oatmeal-yellow linen headcloth, still fully covering married woman's hair. Preserve linen neckline. This mother must be distinct from the second comparison merchant-mother image; image2 is ONLY a do-not-copy comparison. No text, border, symbols, jewelry, or additional people. One portrait, not a sheet.","[""output/astra-lineage-prod1-v1/assets/L5/L5_102_young.png"",""output/astra-lineage-prod1-v1/assets/L4/L4_102_young.png""]","/Users/rexxa/feudal-lord-analysis/astra-raw/lineage-prod1-costume-v2/mother/L5_102_young.png","image_gen.imagegen","not provided","not provided","Builtin individual edit; full generated image Lanczos3 downsample to256; ensureRGBA. No face compositing.","{""status"":""candidate"",""identityChangeAuthorized"":""longer lower face and chin; freckles removed"",""age"":""young"",""review"":""Viewed individual final256px and96px: covered hair, olive wool and ochre headcloth consistent; longer lower-face/chin and freckle removal visible; identity persists through wrinkles."",""limitations"":""Visual identity judgment only, not pixel-identical edits. Young-to-mature change is subtler at96px than young-to-old; no claim of blinded age-classification pass.""}"
