"assetId","version","runtimePath","runtimeSha256","sourcePath","sourceSha256","tool","model","generatedAt","prompt","referenceInputs","seed","candidates","manualEdits","artBible","historicalProfile","owner","usedIn","status","notes"
"bld/alehouse_a","v1","bld/alehouse_a.png","21d18e57cf502b21559dbed0e9c43a75c895467967c62704e036a6682cf25520","/Users/rexxa/Library/Application Support/orca/codex-accounts/54be5844-95fd-4c46-925c-75327ccd186a/home/generated_images/01a0d927-4c57-7243-af8e-b51a1955fbcf/exec-7cadd693-bca2-47e0-b30d-76526010a9b8.png","fea7acfda9392fb8ce97157dbe0f30c1e2c0f6721087d2524ac727cb512287c9","native image_gen; Canvas/PNG mechanical normalization","not exposed","2026-09-26T00:00:00.000Z","ATTEMPT 1
Use case: historical-scene. Create ONE southern English 1300-1450 city-builder building sprite, SW fixed 2:1 isometric view. Attached project images are STYLE and SCALE references only. Match their crisp hand-painted miniature timber framing, cream plaster, warm wood, muted earth palette and soft upper-left light. True transparent RGBA background, no background tile or terrain slab, only minimal contact AO. No text, labels, people, fantasy, hops, bright dyes, no long shadows. Big readable forms at tiny game scale, not photographic detail. All building and tiny associated props contained within canvas. EDIT house L2 architecture, preserve exact scale, orientation, ground contact bottom near y132, pivot70.96,132.08, keep137square canvas. Add one clearly legible ALE STAKE: wooden pole over FRONT door bearing a dense green leafy BUSH, NOT a printed sign. A barrel at door. No chimneys, hops, lettering. Keep8px top/sides,4px bottom.","house_l2-v2.png","not exposed","1 native attempts; selected source recorded","Native RGBA preserved; CanvasJS alpha-bounds crop and uniform resample into contracted canvas; bottom-center pivot registration. No painted content edits.","AB_2026-09-19_v1","S_England_1300_1450_v1","Astra Wave3","candidate only; no game installation","candidate","Selected first native generation for requested historical production silhouette; candidate, not game-installed."
"bld/alehouse_b","v1","bld/alehouse_b.png","96b30a47828c925c469be6b1a4aa4d9bfe7f41a1a38d5058349020cf95fa94e6","/Users/rexxa/Library/Application Support/orca/codex-accounts/54be5844-95fd-4c46-925c-75327ccd186a/home/generated_images/01a0d927-4c57-7243-af8e-b51a1955fbcf/exec-8ac1a816-f479-4a9b-b793-35fb4bae3ff4.png","7833abf476fe35645a0e0e67c773670e7ece540d313a459a845b40af510856ca","native image_gen; Canvas/PNG mechanical normalization","not exposed","2026-09-26T00:00:00.000Z","ATTEMPT 1
Use case: historical-scene. Create ONE southern English 1300-1450 city-builder building sprite, SW fixed 2:1 isometric view. Attached project images are STYLE and SCALE references only. Match their crisp hand-painted miniature timber framing, cream plaster, warm wood, muted earth palette and soft upper-left light. True transparent RGBA background, no background tile or terrain slab, only minimal contact AO. No text, labels, people, fantasy, hops, bright dyes, no long shadows. Big readable forms at tiny game scale, not photographic detail. All building and tiny associated props contained within canvas. L2 alehouse variant with different lean-to entry silhouette, same scale and137square framing as house reference, exact pivot70.96,132.08. Visible pole over doorway with leafy green BUSH ale-stake; TWO barrels near door. No text signs, no hops, no chimney.8px sides/top,4pxbottom. Requested final canvas 137x137. Leave clean transparent margins.","house_l2-v2.png","not exposed","1 native attempts; selected source recorded","Native RGBA preserved; CanvasJS alpha-bounds crop and uniform resample into contracted canvas; bottom-center pivot registration. No painted content edits.","AB_2026-09-19_v1","S_England_1300_1450_v1","Astra Wave3","candidate only; no game installation","candidate","Selected first native generation for requested historical production silhouette; candidate, not game-installed."
"bld/brewhouse","v1","bld/brewhouse.png","8d0dcc7118a6c17f4f4d744d6580967fbb98f6efd60bada6034fc071620ab69b","/Users/rexxa/Library/Application Support/orca/codex-accounts/54be5844-95fd-4c46-925c-75327ccd186a/home/generated_images/01a0d927-4c57-7243-af8e-b51a1955fbcf/exec-748d3f3c-be6e-43bf-8298-1e1cb3f0ecf4.png","8f70230a7e6a6ab5d580395da803c2c01859e15c5f2a9ace06d6ac363751bd0a","native image_gen; Canvas/PNG mechanical normalization","not exposed","2026-09-26T00:00:00.000Z","ATTEMPT 1
Use case: historical-scene. Create ONE southern English 1300-1450 city-builder building sprite, SW fixed 2:1 isometric view. Attached project images are STYLE and SCALE references only. Match their crisp hand-painted miniature timber framing, cream plaster, warm wood, muted earth palette and soft upper-left light. True transparent RGBA background, no background tile or terrain slab, only minimal contact AO. No text, labels, people, fantasy, hops, bright dyes, no long shadows. Big readable forms at tiny game scale, not photographic detail. All building and tiny associated props contained within canvas. 2x2 footprint professional brewhouse. Timber/plaster building, roof with open ridge vent NO residential chimney, open-sided work bay clearly showing large copper brewing cauldron and wooden vats. Tiny steam puff from vat and open bay, not smokestack. No hops. Distinct lower open work wing. Requested final canvas 160x136. Leave clean transparent margins.","sawmill-v2.png; storehouse.png","not exposed","1 native attempts; selected source recorded","Native RGBA preserved; CanvasJS alpha-bounds crop and uniform resample into contracted canvas; bottom-center pivot registration. No painted content edits.","AB_2026-09-19_v1","S_England_1300_1450_v1","Astra Wave3","candidate only; no game installation","candidate","Selected first native generation for requested historical production silhouette; candidate, not game-installed."
"bld/cloth_hall","v1","bld/cloth_hall.png","def9d60baad48d5722308f7274ded5e4b9111c80b597c4820bd959d021ad30e5","/Users/rexxa/Library/Application Support/orca/codex-accounts/54be5844-95fd-4c46-925c-75327ccd186a/home/generated_images/01a0d927-4c57-7243-af8e-b51a1955fbcf/exec-1fcbc3da-5aaa-41b2-b2bf-b6ecc1f5c06c.png","8ff552e9ac947ea366c45591eb19e860c1a3ed708f25f8e510ee9ae47ea9ce4a","native image_gen; Canvas/PNG mechanical normalization","not exposed","2026-09-26T00:00:00.000Z","ATTEMPT 1
Use case: historical-scene. Create ONE southern English 1300-1450 city-builder building sprite, SW fixed 2:1 isometric view. Attached project images are STYLE and SCALE references only. Match their crisp hand-painted miniature timber framing, cream plaster, warm wood, muted earth palette and soft upper-left light. True transparent RGBA background, no background tile or terrain slab, only minimal contact AO. No text, labels, people, fantasy, hops, bright dyes, no long shadows. Big readable forms at tiny game scale, not photographic detail. All building and tiny associated props contained within canvas. 3x2 cloth trading hall SELD, long low building with long ground-floor open timber ARCADE and restrained timber/plaster upper storey under tiled roof. Cloth rolls stacked along arcade in subdued linen/woad/madder colours. No chimney, no text. Clearly longer than storehouse. Requested final canvas 200x160. Leave clean transparent margins.","storehouse.png; house_l2-v2.png","not exposed","1 native attempts; selected source recorded","Native RGBA preserved; CanvasJS alpha-bounds crop and uniform resample into contracted canvas; bottom-center pivot registration. No painted content edits.","AB_2026-09-19_v1","S_England_1300_1450_v1","Astra Wave3","candidate only; no game installation","candidate","Selected first native generation for requested historical production silhouette; candidate, not game-installed."
"bld/dyehouse_a","v1","bld/dyehouse_a.png","5a3d6dc7d4d31b22f91453599f42b6eccbb7e8b22f6635cc6c246090813ad34a","/Users/rexxa/Library/Application Support/orca/codex-accounts/54be5844-95fd-4c46-925c-75327ccd186a/home/generated_images/01a0d927-4c57-7243-af8e-b51a1955fbcf/exec-67d51c5b-23c9-420f-ad95-8427351a509f.png","77e53df6d76c49db99c27a42a3298818da079268ec8b46f3630b5b3a7ab0173a","native image_gen; Canvas/PNG mechanical normalization","not exposed","2026-09-26T00:00:00.000Z","ATTEMPT 1
Use case: historical-scene. Create ONE southern English 1300-1450 city-builder building sprite, SW fixed 2:1 isometric view. Attached project images are STYLE and SCALE references only. Match their crisp hand-painted miniature timber framing, cream plaster, warm wood, muted earth palette and soft upper-left light. True transparent RGBA background, no background tile or terrain slab, only minimal contact AO. No text, labels, people, fantasy, hops, bright dyes, no long shadows. Big readable forms at tiny game scale, not photographic detail. All building and tiny associated props contained within canvas. 2x2 riverside dye workshop. Low timber/plaster shed with attached open-front roofed work bay, three big round wooden vats: muted indigo-blue, earthy madder red, dull weld yellow. Small fire under one vat, subdued blue/red drained stains just at vat feet, no giant ground slab. No chimney. Roof modest, vats unmistakable. Requested final canvas 160x136. Leave clean transparent margins.","sawmill-v2.png; storehouse.png","not exposed","1 native attempts; selected source recorded","Native RGBA preserved; CanvasJS alpha-bounds crop and uniform resample into contracted canvas; bottom-center pivot registration. No painted content edits.","AB_2026-09-19_v1","S_England_1300_1450_v1","Astra Wave3","candidate only; no game installation","candidate","Selected first native generation for requested historical production silhouette; candidate, not game-installed."
"bld/dyehouse_b","v1","bld/dyehouse_b.png","12b95535772714e0bfe7a91c10f1bca3bbf9bab95b254ba83dc4787fc868785d","/Users/rexxa/Library/Application Support/orca/codex-accounts/54be5844-95fd-4c46-925c-75327ccd186a/home/generated_images/01a0d927-4c57-7243-af8e-b51a1955fbcf/exec-2b9497b1-6257-4415-b805-ea800badf430.png","d7d88fc5ad3f7709a9ea1f5f9bb64e7b442d5f3c92b4c580911dfbb1e8f93c59","native image_gen; Canvas/PNG mechanical normalization","not exposed","2026-09-26T00:00:00.000Z","ATTEMPT 1
Use case: historical-scene. Create ONE southern English 1300-1450 city-builder building sprite, SW fixed 2:1 isometric view. Attached project images are STYLE and SCALE references only. Match their crisp hand-painted miniature timber framing, cream plaster, warm wood, muted earth palette and soft upper-left light. True transparent RGBA background, no background tile or terrain slab, only minimal contact AO. No text, labels, people, fantasy, hops, bright dyes, no long shadows. Big readable forms at tiny game scale, not photographic detail. All building and tiny associated props contained within canvas. 2x2 dye workshop alternate silhouette: narrow taller timber gable at LEFT with wide low open bay at RIGHT holding TWO big vats dull blue and madder red; small fire below one vat. Muted colours, tiny drained stains only at vats. No chimney, no broad terrain platform. Requested final canvas 160x136. Leave clean transparent margins.","sawmill-v2.png; storehouse.png","not exposed","1 native attempts; selected source recorded","Native RGBA preserved; CanvasJS alpha-bounds crop and uniform resample into contracted canvas; bottom-center pivot registration. No painted content edits.","AB_2026-09-19_v1","S_England_1300_1450_v1","Astra Wave3","candidate only; no game installation","candidate","Selected first native generation for requested historical production silhouette; candidate, not game-installed."
"bld/dyehouse_state_active-overlay","v1","bld/dyehouse_state_active-overlay.png","af616e6f306ec400dc52e0c25f2ac036ab41395308e57da0e95ec8df7ed675da","/Users/rexxa/Library/Application Support/orca/codex-accounts/54be5844-95fd-4c46-925c-75327ccd186a/home/generated_images/01a0d927-4c57-7243-af8e-b51a1955fbcf/exec-cdd63f7f-ae2f-4620-bc79-b54484f36a94.png","4013ea2ab102f03265084332b64989128f930329058b379f766211c780c092ce","native image_gen; Canvas/PNG mechanical normalization","not exposed","2026-09-26T00:00:00.000Z","ATTEMPT 1
Use case: precise-object-edit. Extract/create ONLY operating effects aligned to attached dyehouse image: three faint short curls of pale steam immediately above vats and tiny muted blue/red liquid trickles at vat feet. EVERYTHING ELSE fully transparent: no building, no vats, no roof, no ground. Preserve exact reference full-frame positioning of effects so placing this layer on top reconstructs active dyehouse. No white background, no checkerboard, no labels. Transparent RGBA effects-only overlay. Desired160x136 canvas.","exec-67d51c5b-23c9-420f-ad95-8427351a509f.png","not exposed","1 native attempts; selected source recorded","Native RGBA preserved; CanvasJS alpha-bounds crop and uniform resample into contracted canvas; bottom-center pivot registration. No painted content edits.","AB_2026-09-19_v1","S_England_1300_1450_v1","Astra Wave3","candidate only; no game installation","candidate","Selected first native generation for requested historical production silhouette; candidate, not game-installed."
"bld/fulling_mill_nesw","v1","bld/fulling_mill_nesw.png","924692a2c6491b041963fcfe5ea716690c4344b79a5149213496b68d9b5521c0","/Users/rexxa/Library/Application Support/orca/codex-accounts/54be5844-95fd-4c46-925c-75327ccd186a/home/generated_images/01a0d927-4c57-7243-af8e-b51a1955fbcf/exec-384e5ba4-5693-45be-941c-d7b094a6f099.png","24c993d735fc4560474b91adbc29aae7ea2ea78dd1fd3e1d1dba2b423b35295a","native image_gen; Canvas/PNG mechanical normalization","not exposed","2026-09-26T00:00:00.000Z","ATTEMPT 1
Use case: historical-scene. Create ONE southern English 1300-1450 city-builder building sprite, SW fixed 2:1 isometric view. Attached project images are STYLE and SCALE references only. Match their crisp hand-painted miniature timber framing, cream plaster, warm wood, muted earth palette and soft upper-left light. True transparent RGBA background, no background tile or terrain slab, only minimal contact AO. No text, labels, people, fantasy, hops, bright dyes, no long shadows. Big readable forms at tiny game scale, not photographic detail. All building and tiny associated props contained within canvas. 2x3 riverside FULLING WATERMILL, elongated timber stone workshop ridge on NE-SW axis (screen upper-right to lower-left). Large external vertical wooden WATERWHEEL attached opposite lateral side relative NWSE variant; short stone water channel; visible wooden fulling HAMMER beams striking cloth trough in working bay. NOT grain windmill, NO wind sails. No river landscape, integral narrow channel only. Requested final canvas 200x160. Leave clean transparent margins.

ATTEMPT 2
Use case: precise-object-edit. Remove ONLY the small stone chimney on the roof ridge, replacing it with matching plain terracotta ridge tiles. Preserve ALL other image pixels and architecture, roof slope, waterwheel, water channel, hammer bay, transparency and camera composition. No new elements. Transparent RGBA.","exec-75fb68bd-836b-4e83-a550-6e43132ad88e.png","not exposed","2 native attempts; selected source recorded","Native RGBA preserved; CanvasJS alpha-bounds crop and uniform resample into contracted canvas; bottom-center pivot registration. No painted content edits.","AB_2026-09-19_v1","S_England_1300_1450_v1","Astra Wave3","candidate only; no game installation","candidate","Selected current source after recorded corrective edits; see per-family history."
"bld/fulling_mill_nwse","v1","bld/fulling_mill_nwse.png","85a158ba38a8c6845908da035d9ff0434d56ffa6b381536b872e09116170d1bf","/Users/rexxa/Library/Application Support/orca/codex-accounts/54be5844-95fd-4c46-925c-75327ccd186a/home/generated_images/01a0d927-4c57-7243-af8e-b51a1955fbcf/exec-483b1632-685a-4fea-adbc-05372fc872ad.png","b1cb710b8c0b51fd2d9d212638335d9849c8c95bb30f79b163584b232aa3c372","native image_gen; Canvas/PNG mechanical normalization","not exposed","2026-09-26T00:00:00.000Z","ATTEMPT 1
Use case: historical-scene. Create ONE southern English 1300-1450 city-builder building sprite, SW fixed 2:1 isometric view. Attached project images are STYLE and SCALE references only. Match their crisp hand-painted miniature timber framing, cream plaster, warm wood, muted earth palette and soft upper-left light. True transparent RGBA background, no background tile or terrain slab, only minimal contact AO. No text, labels, people, fantasy, hops, bright dyes, no long shadows. Big readable forms at tiny game scale, not photographic detail. All building and tiny associated props contained within canvas. 2x3 riverside FULLING WATERMILL, elongated timber stone workshop ridge on NW-SE axis (screen upper-left to lower-right). Large external vertical wooden WATERWHEEL, short stone water channel; through open working bay show wooden fulling HAMMER beams striking cloth trough. NOT grain windmill, absolutely NO wind sails. Wheel attached side nearest viewer. No river landscape, just integral narrow channel. Requested final canvas 200x160. Leave clean transparent margins.","sawmill-v2.png; storehouse.png","not exposed","1 native attempts; selected source recorded","Native RGBA preserved; CanvasJS alpha-bounds crop and uniform resample into contracted canvas; bottom-center pivot registration. No painted content edits.","AB_2026-09-19_v1","S_England_1300_1450_v1","Astra Wave3","candidate only; no game installation","candidate","Selected first native generation for requested historical production silhouette; candidate, not game-installed."
"bld/fulling_mill_wheel_sheet","v1","bld/fulling_mill_wheel_sheet.png","a925057d0175bd5224bb31fb4f93ee300b929208dc84cf9b158263e0015ba38e","/Users/rexxa/Library/Application Support/orca/codex-accounts/54be5844-95fd-4c46-925c-75327ccd186a/home/generated_images/01a0d927-4c57-7243-af8e-b51a1955fbcf/exec-71507361-3f63-4c0d-92bc-7dd87fc9f198.png","e25df7d7859318cc1e1cae99742bad82afc66e05c1d78942237cff011adf51a7","native image_gen; Canvas/PNG mechanical normalization","not exposed","2026-09-26T00:00:00.000Z","ATTEMPT 1
Use case: precise-object-edit. Create a transparent WATERWHEEL ANIMATION SHEET of the attached fulling mill wheel ONLY. Exactly FOUR equal64x64 cells in one horizontal strip256x64, four frames same camera angle and SAME stationary axle center in each cell, wheel spokes rotated0,15,30,45degrees respectively. Same wooden rim, paddles, warm brown texture, muted steel pins, 2:1 isometric perspective as reference wheel. No building or channel or ground, no labels/text/grid. Keep wheel entirely inside each cell with8px padding, transparent RGBA. One sheet four visibly different rotation phases.

ATTEMPT 2
Use case: precise-object-edit. Extract the large VERTICAL waterwheel from the attached building and create four rotation frames in one horizontal animation strip, final256x64 (four64square cells). CRITICAL wheel remains upright VERTICAL in a wall plane as seen in this reference, tall near-circular ellipse, NOT lying flat like a horizontal table. Four exact SAME upright oblique perspectives and SAME axle center, spoke rotation phases0,15,30,45degrees only. Thick timber rim, radial spokes, outer paddles. Preserve original attached wheel shape. Transparent background, no building, no terrain, no water, no frame borders, no labels, no letters. True RGBA,8px margins eachcell. All4wheels same size and height.

ATTEMPT 3
Use case: precise-object-edit. Correct attached four-frame UPRIGHT wooden waterwheel animation. Keep exact upright perspective, four cell sizes and same central axle positions. Change ONLY angular positions of spokes and paddles. Frame1: a spoke points straight UP at12oclock. Frame2: that spoke rotated clockwise15degrees towards12:30. Frame3: that spoke rotated30degrees towards1oclock. Frame4: that spoke rotated45degrees towards1:30. Make all4 phases obviously DIFFERENT. Do not simply duplicate wheel or recolour. Keep genuinely transparent background; no labels no text. One horizontal sheet four64x64cells, final256x64. Each wheel fits with8px transparent margin, same stationary axle center.","exec-d4076f0f-6f75-441d-bc82-daf4ed3d5aa7.png","not exposed","3 native attempts; selected source recorded","Native RGBA preserved; CanvasJS alpha-bounds crop and uniform resample into contracted canvas; bottom-center pivot registration. No painted content edits.","AB_2026-09-19_v1","S_England_1300_1450_v1","Astra Wave3","candidate only; no game installation","candidate","Selected current source after recorded corrective edits; see per-family history."
"bld/malthouse_a","v1","bld/malthouse_a.png","c41fcb44347568593d0407110f2bdf5402f2b0f77ced769baa7212156310a751","/Users/rexxa/Library/Application Support/orca/codex-accounts/54be5844-95fd-4c46-925c-75327ccd186a/home/generated_images/01a0d927-4c57-7243-af8e-b51a1955fbcf/exec-2ab5565a-0eeb-46c4-b333-7b99b5843d95.png","b9b9624ebc0f0b0018da6809656e2b4cccf3fbed50f3e5944e544d2179d305bd","native image_gen; Canvas/PNG mechanical normalization","not exposed","2026-09-26T00:00:00.000Z","ATTEMPT 1
Use case: historical-scene. Create ONE southern English 1300-1450 city-builder building sprite, SW fixed 2:1 isometric view. Attached project images are STYLE and SCALE references only. Match their crisp hand-painted miniature timber framing, cream plaster, warm wood, muted earth palette and soft upper-left light. True transparent RGBA background, no background tile or terrain slab, only minimal contact AO. No text, labels, people, fantasy, hops, bright dyes, no long shadows. Big readable forms at tiny game scale, not photographic detail. All building and tiny associated props contained within canvas. 2x2 footprint. Low squat stone malt drying kiln with a short drying KILN FLUE, attached modest thatched timber malt house. Kiln flue is historical exception. Low chimney, not industrial smokestack. No waterwheel. A broad roof and front-left kiln. Requested final canvas 160x136. Leave clean transparent margins.","sawmill-v2.png; storehouse.png","not exposed","1 native attempts; selected source recorded","Native RGBA preserved; CanvasJS alpha-bounds crop and uniform resample into contracted canvas; bottom-center pivot registration. No painted content edits.","AB_2026-09-19_v1","S_England_1300_1450_v1","Astra Wave3","candidate only; no game installation","candidate","Selected first native generation for requested historical production silhouette; candidate, not game-installed."
"bld/malthouse_b","v1","bld/malthouse_b.png","a29f300d99a6435e9855d3db1e24ea0ceb955d0b859d6616f8b1955b5c152b84","/Users/rexxa/Library/Application Support/orca/codex-accounts/54be5844-95fd-4c46-925c-75327ccd186a/home/generated_images/01a0d927-4c57-7243-af8e-b51a1955fbcf/exec-80d6abe1-500c-4590-bdc4-e3b64335ca05.png","4bd51a0986513b04a37630c682999a095842b0fbd343337fe9b15db47e7e5d57","native image_gen; Canvas/PNG mechanical normalization","not exposed","2026-09-26T00:00:00.000Z","ATTEMPT 1
Use case: historical-scene. Create ONE southern English 1300-1450 city-builder building sprite, SW fixed 2:1 isometric view. Attached project images are STYLE and SCALE references only. Match their crisp hand-painted miniature timber framing, cream plaster, warm wood, muted earth palette and soft upper-left light. True transparent RGBA background, no background tile or terrain slab, only minimal contact AO. No text, labels, people, fantasy, hops, bright dyes, no long shadows. Big readable forms at tiny game scale, not photographic detail. All building and tiny associated props contained within canvas. 2x2 footprint. Malt drying house alternative SILHOUETTE: long low thatched roof, attached rounded stone malt drying kiln at RIGHT, short kiln flue. Not a recolour, different roof/wing layout. Requested final canvas 160x136. Leave clean transparent margins.

ATTEMPT 2
Use case: precise-object-edit. Only remove the dark metal or ceramic RING/POT at the very top of the malt kiln flue and the metal band at its thatch junction. Replace with plain rough stone masonry rim and ordinary thatch junction. Preserve the short STONE kiln vent itself, open top with no added chimney pot. All other building timber, roofs, composition, scale, alpha background exactly unchanged. Southern English1300-1450 malt kiln, transparent RGBA.","exec-12c68be4-8df9-4131-a099-c807c7dd38d1.png","not exposed","2 native attempts; selected source recorded","Native RGBA preserved; CanvasJS alpha-bounds crop and uniform resample into contracted canvas; bottom-center pivot registration. No painted content edits.","AB_2026-09-19_v1","S_England_1300_1450_v1","Astra Wave3","candidate only; no game installation","candidate","Selected current source after recorded corrective edits; see per-family history."
"bld/shepherd_hut","v1","bld/shepherd_hut.png","29506fe186ca9d96dec0cd3b34e4aec93af4c56b3edb409d845265eef32bb221","/Users/rexxa/Library/Application Support/orca/codex-accounts/54be5844-95fd-4c46-925c-75327ccd186a/home/generated_images/01a0d927-4c57-7243-af8e-b51a1955fbcf/exec-9139e85f-f8ec-4f9d-8f05-91c51c2f018b.png","dc226fcabcb7b9d3072241dcb4a4d1c3e0b7fdff86f5af26efcf7dd03b95068d","native image_gen; Canvas/PNG mechanical normalization","not exposed","2026-09-26T00:00:00.000Z","ATTEMPT 1
Use case: historical-scene. Create ONE southern English 1300-1450 city-builder building sprite, SW fixed 2:1 isometric view. Attached project images are STYLE and SCALE references only. Match their crisp hand-painted miniature timber framing, cream plaster, warm wood, muted earth palette and soft upper-left light. True transparent RGBA background, no background tile or terrain slab, only minimal contact AO. No text, labels, people, fantasy, hops, bright dyes, no long shadows. Big readable forms at tiny game scale, not photographic detail. All building and tiny associated props contained within canvas. 1x1 tiny shepherd hut on short wooden wheels, simple low thatched roof and rough timber walls, closed little door. Very modest structure, no chimney, no landscape, no people. Requested final canvas 122x122. Leave clean transparent margins.","sawmill-v2.png","not exposed","1 native attempts; selected source recorded","Native RGBA preserved; CanvasJS alpha-bounds crop and uniform resample into contracted canvas; bottom-center pivot registration. No painted content edits.","AB_2026-09-19_v1","S_England_1300_1450_v1","Astra Wave3","candidate only; no game installation","candidate","Selected first native generation for requested historical production silhouette; candidate, not game-installed."
"bld/weaver_house_a","v1","bld/weaver_house_a.png","1a447eb9406e497dee48e863136f31f083e9f01111893d86ab6b3280a960d6af","/Users/rexxa/Library/Application Support/orca/codex-accounts/54be5844-95fd-4c46-925c-75327ccd186a/home/generated_images/01a0d927-4c57-7243-af8e-b51a1955fbcf/exec-2b617427-611b-4504-b430-5258a64bfa00.png","ef18d4808fe43bec76a6407a08c6bceffe1acf4cbce11cad757993d56f1b1481","native image_gen; Canvas/PNG mechanical normalization","not exposed","2026-09-26T00:00:00.000Z","ATTEMPT 1
Use case: historical-scene. Create ONE southern English 1300-1450 city-builder building sprite, SW fixed 2:1 isometric view. Attached project images are STYLE and SCALE references only. Match their crisp hand-painted miniature timber framing, cream plaster, warm wood, muted earth palette and soft upper-left light. True transparent RGBA background, no background tile or terrain slab, only minimal contact AO. No text, labels, people, fantasy, hops, bright dyes, no long shadows. Big readable forms at tiny game scale, not photographic detail. All building and tiny associated props contained within canvas. L2 house same exact scale and pivot70.96,132.08 within137square. Ground floor front shutters OPEN WIDE to clearly show a HORIZONTAL TREADLE LOOM: rectangular wooden frame, stretched pale warp and foot treadle beneath. No spinning wheel, no chimney.8px top/sides,4pxbottom. Requested final canvas 137x137. Leave clean transparent margins.","house_l2-v2.png","not exposed","1 native attempts; selected source recorded","Native RGBA preserved; CanvasJS alpha-bounds crop and uniform resample into contracted canvas; bottom-center pivot registration. No painted content edits.","AB_2026-09-19_v1","S_England_1300_1450_v1","Astra Wave3","candidate only; no game installation","candidate","Selected first native generation for requested historical production silhouette; candidate, not game-installed."
"bld/weaver_house_b","v1","bld/weaver_house_b.png","2ba8c09b215cfa9d310aab87a5a39151dc55cd00beb25d27878b18fbc640e0cf","/Users/rexxa/Library/Application Support/orca/codex-accounts/54be5844-95fd-4c46-925c-75327ccd186a/home/generated_images/01a0d927-4c57-7243-af8e-b51a1955fbcf/exec-eadd9e54-fd31-417e-8161-8d5d51d1d31f.png","9173d9a70b721bf35e231745583720f57f5dcb56aaacdbd090973c4e4ca040bf","native image_gen; Canvas/PNG mechanical normalization","not exposed","2026-09-26T00:00:00.000Z","ATTEMPT 1
Use case: historical-scene. Create ONE southern English 1300-1450 city-builder building sprite, SW fixed 2:1 isometric view. Attached project images are STYLE and SCALE references only. Match their crisp hand-painted miniature timber framing, cream plaster, warm wood, muted earth palette and soft upper-left light. True transparent RGBA background, no background tile or terrain slab, only minimal contact AO. No text, labels, people, fantasy, hops, bright dyes, no long shadows. Big readable forms at tiny game scale, not photographic detail. All building and tiny associated props contained within canvas. L2 weaver house variant, subtly wider ground floor shutter opening and side lean-to distinct silhouette, same137square scale and pivot70.96,132.08. Visible HORIZONTAL TREADLE LOOM in front room, wooden frame warp and foot treadle, not spinning wheel. No chimney.8px top/sides4pxbottom. Requested final canvas 137x137. Leave clean transparent margins.","house_l2-v2.png","not exposed","1 native attempts; selected source recorded","Native RGBA preserved; CanvasJS alpha-bounds crop and uniform resample into contracted canvas; bottom-center pivot registration. No painted content edits.","AB_2026-09-19_v1","S_England_1300_1450_v1","Astra Wave3","candidate only; no game installation","candidate","Selected first native generation for requested historical production silhouette; candidate, not game-installed."
"bld/woolhouse","v1","bld/woolhouse.png","874bdc74800a5ba2dc136340e58dbd1df8a4608f911f995e07090d84911cba4f","/Users/rexxa/Library/Application Support/orca/codex-accounts/54be5844-95fd-4c46-925c-75327ccd186a/home/generated_images/01a0d927-4c57-7243-af8e-b51a1955fbcf/exec-e5e83b64-8e54-4b2d-9fc0-c9d5156381e0.png","1418e4a65c28403f99aa895e465b0b1f82ce30eb00c5d2ce436ad3673eba0a6c","native image_gen; Canvas/PNG mechanical normalization","not exposed","2026-09-26T00:00:00.000Z","ATTEMPT 1
Use case: historical-scene. Create ONE southern English 1300-1450 city-builder building sprite, SW fixed 2:1 isometric view. Attached project images are STYLE and SCALE references only. Match their crisp hand-painted miniature timber framing, cream plaster, warm wood, muted earth palette and soft upper-left light. True transparent RGBA background, no background tile or terrain slab, only minimal contact AO. No text, labels, people, fantasy, hops, bright dyes, no long shadows. Big readable forms at tiny game scale, not photographic detail. All building and tiny associated props contained within canvas. 2x2 footprint wool warehouse. Broad timber doors open, lofty timber gable with pale FLEECE bundles stacked in open loft window and doorway. No chimney. Distinct tall storage silhouette and broad loading opening. Requested final canvas 160x136. Leave clean transparent margins.","storehouse.png; sawmill-v2.png","not exposed","1 native attempts; selected source recorded","Native RGBA preserved; CanvasJS alpha-bounds crop and uniform resample into contracted canvas; bottom-center pivot registration. No painted content edits.","AB_2026-09-19_v1","S_England_1300_1450_v1","Astra Wave3","candidate only; no game installation","candidate","Selected first native generation for requested historical production silhouette; candidate, not game-installed."
"field/ridge_barley_growing_a-v1","v1","field/ridge_barley_growing_a-v1.png","e54ff0e94c84e4bae7c747fa06a28e7f9f83baa518070d1158e9a17bb96a80e4","/Users/rexxa/Library/Application Support/orca/codex-accounts/54be5844-95fd-4c46-925c-75327ccd186a/home/generated_images/01a0d928-0bf6-71e1-9cb2-511d3aa37ddf/exec-94b1d09f-0105-4051-9ab7-f9748ce052d5.png","f379e7f6f894569ede9e9a0978477d21b862bc85f56af1035904cc3f5f5c3764","native image_gen; Canvas/PNG mechanical normalization","not exposed","2026-09-25T15:37:20.000Z","ATTEMPT 1
ROLE strip. ONE growing BARLEY ridge material for hand-painted medieval England citybuilder. Match attached project's brushwork and warm soil but crop is fresh PALE OLIVE GREEN, immature barley ears GREEN with a few pale awns, not golden mature grain. 512x64 horizontal flat top-down ribbon, X seamless only full width no X padding, Y 8px fully transparent plus organic alpha fade. Two earth ridges with broad GREEN leaves and drooping long-awned immature barley heads. Broad 18-24px clumps, 8-12px brush forms, no micro-noise. Soft diffuse light no shadow. Genuine transparent RGBA. No labels text frame border people hops flowers. Even varied clumps across width, no focal point.

ATTEMPT 2
Use case precise-object-edit. Completely REDRAW THE BARLEY PLANT SHAPES in attached game strip; keep only muted warm-earth painterly palette and horizontal strip role. The current plants incorrectly form mirrored V-shaped fans like a BRAID; REMOVE ALL paired fans, palm-leaf plumes, chevrons, identical repeating arches. Correct botanical silhouette: individual slender BENT STEMS each carrying ONE elongated drooping BARLEY HEAD with a long parallel beard of AWNS projecting BEYOND the grain head. Stems lean independently, several toward right, some left, and downward, heads overlap asymmetrically in loose unequal clusters. Long heads should look like shaggy narrow commas, not wide feather fans or wheat braid. Fill with ONE broad irregular crop band on quiet brown earth, no two mechanically separated rows. 512x64 target, X axis repeat full width without sidepadding, 8px clear transparent top/bottom plus fade. True transparent RGBA. Ripe pale straw, cream long awns, muted olive stems. Broad 18-30px long comma-shaped head masses at final resolution, deliberately chunky and legible at 0.3 scale, sparse tonal groups not individual micro seeds. Soft diffuse light no directional shadows, no focus feature, no letters numbers machinery people hops border. Southern English14thcentury handpainted citybuilder.
THIS VARIANT: GROWING immature PALE OLIVE GREEN HEADS and green long awns, no gold ripegrain. Variant A geometry: close irregular overlapping bentstems, 1-3 elongated heads per loosegroup, avoid equalspacing. Use reference1 as incorrect plant target to replace; reference2 shows the corrected barley head vocabulary only, preserve its long beard but create different positions. Do not repeat identical two-row plumes. No mirrored pairs.

ATTEMPT 3
Use case precise-object-edit, COLOR ONLY. Attached project barley strip has correct plant shape but wrongly looks RIPE GOLD. Change ONLY all barley heads, awns, stems and leaves to unmistakably living immature OLIVE GREEN, with cool pale sage green highlights and medium muted leafy GREEN midtones. Absolutely NO cream/gold/yellow/brown on crop itself, retain warm brown earth only. Green ears as well as green leaves! At thumbnail size must immediately read GREEN GROWING BARLEY not dry straw. Keep EXACT shapes, arrangement, bent necks, long awns, irregular spacing, transparent outer silhouette, X strip layout and all soil unchanged. Do not redesign or add anything. Transparent RGBA background, soft diffuse light same handpainted style, no text. Preserve 512x64 strip intended size and X-only seamless role. Muted natural green not neon, but strong enough green difference from strawgold harvest.","ridge_barley_growing_a-v1.png","not exposed","3 native attempts; selected source recorded","Canvas alpha-bounds crop, one resample to 512x48 inside 512x64; 8px Y margin/fade; deterministic 16px X-edge color/alpha cross-blend, exact endpoint equality. 3px transparent RGB dilation against fringe; strip endpoint RGBA equality enforced.","AB_2026-09-19_v1","S_England_1300_1450_v1","Astra Wave3","candidate only; no game installation","candidate","Color-only correction: immature green ears and leaves distinguish growing from ripe."
"field/ridge_barley_growing_b-v1","v1","field/ridge_barley_growing_b-v1.png","b22794f4fd4deb371d2e1afd905c6356ab13af1529a9f73e2ad9116349b3cc2d","/Users/rexxa/Library/Application Support/orca/codex-accounts/54be5844-95fd-4c46-925c-75327ccd186a/home/generated_images/01a0d928-0bf6-71e1-9cb2-511d3aa37ddf/exec-7ef3c858-79ba-490b-be55-330076931c5d.png","76084418c68e4b4f1dadea4cd902ed48d79794cba333863086dca9e12ef75573","native image_gen; Canvas/PNG mechanical normalization","not exposed","2026-09-25T15:37:49.000Z","ATTEMPT 1
ROLE strip. Create actual DIFFERENT SILHOUETTES not recoloring: variant B growing green BARLEY ridge game strip. Match attached game's hand-painted warm soil and broad motifs. 512x64 flat top-down strip X-only seamless, no X margins, 8px transparent Y margin plus fade. Two earth ridges. Asymmetrical groups of wide olive-green leaves and drooping GREEN immature barley ears with visibly long grouped awns; alternate low forked clumps and taller nodding clumps, irregular spacing. NOT wheat upright spikes; NOT ripe gold. Broad 18-24px clumps 8-12px brush forms no micro-noise. Soft even light no shadows. Actual RGBA transparency. No text border hops machinery people flowers.

ATTEMPT 2
Use case precise-object-edit. Completely REDRAW THE BARLEY PLANT SHAPES in attached game strip; keep only muted warm-earth painterly palette and horizontal strip role. The current plants incorrectly form mirrored V-shaped fans like a BRAID; REMOVE ALL paired fans, palm-leaf plumes, chevrons, identical repeating arches. Correct botanical silhouette: individual slender BENT STEMS each carrying ONE elongated drooping BARLEY HEAD with a long parallel beard of AWNS projecting BEYOND the grain head. Stems lean independently, several toward right, some left, and downward, heads overlap asymmetrically in loose unequal clusters. Long heads should look like shaggy narrow commas, not wide feather fans or wheat braid. Fill with ONE broad irregular crop band on quiet brown earth, no two mechanically separated rows. 512x64 target, X axis repeat full width without sidepadding, 8px clear transparent top/bottom plus fade. True transparent RGBA. Ripe pale straw, cream long awns, muted olive stems. Broad 18-30px long comma-shaped head masses at final resolution, deliberately chunky and legible at 0.3 scale, sparse tonal groups not individual micro seeds. Soft diffuse light no directional shadows, no focus feature, no letters numbers machinery people hops border. Southern English14thcentury handpainted citybuilder.
THIS VARIANT: GROWING immature PALE OLIVE GREEN HEADS and green long awns, no gold ripegrain. Variant B geometry: sparse groups of 2-3 elongated drooping heads separated by larger exposedearth gaps; several heads point left, most lean right; lowgreen leafribbons unevenly dispersed. Use reference1 as incorrect plant target to replace; reference2 shows the corrected barley head vocabulary only, preserve its long beard but create different positions. Do not repeat identical two-row plumes. No mirrored pairs.

ATTEMPT 3
Use case precise-object-edit, COLOR ONLY. Attached project barley strip has correct plant shape but wrongly looks RIPE GOLD. Change ONLY all barley heads, awns, stems and leaves to unmistakably living immature OLIVE GREEN, with cool pale sage green highlights and medium muted leafy GREEN midtones. Absolutely NO cream/gold/yellow/brown on crop itself, retain warm brown earth only. Green ears as well as green leaves! At thumbnail size must immediately read GREEN GROWING BARLEY not dry straw. Keep EXACT shapes, arrangement, bent necks, long awns, irregular spacing, transparent outer silhouette, X strip layout and all soil unchanged. Do not redesign or add anything. Transparent RGBA background, soft diffuse light same handpainted style, no text. Preserve 512x64 strip intended size and X-only seamless role. Muted natural green not neon, but strong enough green difference from strawgold harvest.","ridge_barley_growing_b-v1.png","not exposed","3 native attempts; selected source recorded","Canvas alpha-bounds crop, one resample to 512x48 inside 512x64; 8px Y margin/fade; deterministic 16px X-edge color/alpha cross-blend, exact endpoint equality. 3px transparent RGB dilation against fringe; strip endpoint RGBA equality enforced.","AB_2026-09-19_v1","S_England_1300_1450_v1","Astra Wave3","candidate only; no game installation","candidate","Color-only correction: immature green ears and leaves distinguish growing from ripe."
"field/ridge_barley_ripe_a-v1","v1","field/ridge_barley_ripe_a-v1.png","3c3dfdb0f858f637d33ae08b820e1f0a87dd57a2f982bab5d8a5d560a47a2e3c","/Users/rexxa/Library/Application Support/orca/codex-accounts/54be5844-95fd-4c46-925c-75327ccd186a/home/generated_images/01a0d928-0bf6-71e1-9cb2-511d3aa37ddf/exec-f0fd9acc-1047-4a8f-a82d-e2839e475389.png","04df51063cc252947a1a2bfb7ffdf6d07be07c71e9753c9e318dc93af202d22f","native image_gen; Canvas/PNG mechanical normalization","not exposed","2026-09-25T15:33:14.000Z","ATTEMPT 1
ROLE strip. Historical-scene game asset, southern England 1300-1450, hand-painted citybuilder matching attached project ridge reference palette/brushwork. ONE barley growing ridge strip 512x64 pixels, top-down flat horizontal ribbon, no perspective, X axis seamless repeated end-to-end with no left/right padding. Y edges transparent 8 pixels plus organic 8px fade. Two shallow parallel earth ridges, broad soft yellow-green barley clumps with long-awned nodding barley heads, NOT wheat upright spikes. Whole motif clumps 18-24px, broad leaf wedges and grouped awns, no 1-4px noise. Muted olive/pale yellow-green, warm soil, soft even light no shadow. Real transparent RGBA background, no checker pattern baked. Across full width evenly flowing with natural varied clump spacing, no standout objects. No text, labels, frame, border, flowers, hops, people. Reference is style only; replace wheat shapes with unmistakable drooping long awned barley.

ATTEMPT 2
Use case precise-object-edit. Completely REDRAW THE BARLEY PLANT SHAPES in attached game strip; keep only muted warm-earth painterly palette and horizontal strip role. The current plants incorrectly form mirrored V-shaped fans like a BRAID; REMOVE ALL paired fans, palm-leaf plumes, chevrons, identical repeating arches. Correct botanical silhouette: individual slender BENT STEMS each carrying ONE elongated drooping BARLEY HEAD with a long parallel beard of AWNS projecting BEYOND the grain head. Stems lean independently, several toward right, some left, and downward, heads overlap asymmetrically in loose unequal clusters. Long heads should look like shaggy narrow commas, not wide feather fans or wheat braid. Fill with ONE broad irregular crop band on quiet brown earth, no two mechanically separated rows. 512x64 target, X axis repeat full width without sidepadding, 8px clear transparent top/bottom plus fade. True transparent RGBA. Ripe pale straw, cream long awns, muted olive stems. Broad 18-30px long comma-shaped head masses at final resolution, deliberately chunky and legible at 0.3 scale, sparse tonal groups not individual micro seeds. Soft diffuse light no directional shadows, no focus feature, no letters numbers machinery people hops border. Southern English14thcentury handpainted citybuilder.","ridge_barley_ripe_a-v1.png","not exposed","2 native attempts; selected source recorded","Canvas alpha-bounds crop, one resample to 512x48 inside 512x64; 8px Y margin/fade; deterministic 16px X-edge color/alpha cross-blend, exact endpoint equality. 3px transparent RGB dilation against fringe; strip endpoint RGBA equality enforced.","AB_2026-09-19_v1","S_England_1300_1450_v1","Astra Wave3","candidate only; no game installation","candidate","Independent visual review correction: asymmetrical drooping heads and long awns, no paired fans."
"field/ridge_barley_ripe_b-v1","v1","field/ridge_barley_ripe_b-v1.png","484ef128832272452e4cb1fbdff54ea2c8d900b2f78172f02f6f09b92aad197f","/Users/rexxa/Library/Application Support/orca/codex-accounts/54be5844-95fd-4c46-925c-75327ccd186a/home/generated_images/01a0d928-0bf6-71e1-9cb2-511d3aa37ddf/exec-4e60263c-c229-43e7-af36-5c53baa78f5c.png","e22feb95d1c57d69d4fe54566e47e1ac8b54827a4e32c3d93dfb445f3f83950f","native image_gen; Canvas/PNG mechanical normalization","not exposed","2026-09-25T15:35:13.000Z","ATTEMPT 1
ROLE strip. One ripe BARLEY ridge variant B, 512x64 horizontal flat top-down strip, X seamless only no X padding, Y8px transparent margin then8px organicfade. Same handpainted citybuilder warmsoil mutedpalette as project reference but barley heads PALE straw creamgold with LONG AWNS AND BENT NODDING NECKS, not upright wheat. Two shallow earth ridges. Genuine silhouette variation: loose asymmetric pairs of large bowed ears clustered farther apart, alternating direction, some lower leaf sprays, no uniform braided golden rope. Broad18-24px clumps,8-12px forms, soft even light no shadows no micro-noise. Actual transparentRGBA background. No text border flowers people hops or modern machinery.

ATTEMPT 2
Use case precise-object-edit. Completely REDRAW THE BARLEY PLANT SHAPES in attached game strip; keep only muted warm-earth painterly palette and horizontal strip role. The current plants incorrectly form mirrored V-shaped fans like a BRAID; REMOVE ALL paired fans, palm-leaf plumes, chevrons, identical repeating arches. Correct botanical silhouette: individual slender BENT STEMS each carrying ONE elongated drooping BARLEY HEAD with a long parallel beard of AWNS projecting BEYOND the grain head. Stems lean independently, several toward right, some left, and downward, heads overlap asymmetrically in loose unequal clusters. Long heads should look like shaggy narrow commas, not wide feather fans or wheat braid. Fill with ONE broad irregular crop band on quiet brown earth, no two mechanically separated rows. 512x64 target, X axis repeat full width without sidepadding, 8px clear transparent top/bottom plus fade. True transparent RGBA. Ripe pale straw, cream long awns, muted olive stems. Broad 18-30px long comma-shaped head masses at final resolution, deliberately chunky and legible at 0.3 scale, sparse tonal groups not individual micro seeds. Soft diffuse light no directional shadows, no focus feature, no letters numbers machinery people hops border. Southern English14thcentury handpainted citybuilder.
THIS VARIANT: RIPE cream pale straw heads and dullolive stems. Variant B geometry: sparse groups of 2-3 elongated drooping heads separated by larger exposedearth gaps; several heads point left, most lean right; lowgreen leafribbons unevenly dispersed. Use reference1 as incorrect plant target to replace; reference2 shows the corrected barley head vocabulary only, preserve its long beard but create different positions. Do not repeat identical two-row plumes. No mirrored pairs.","ridge_barley_ripe_b-v1.png; ridge_barley_ripe_a-v1_corrected.png","not exposed","2 native attempts; selected source recorded","Canvas alpha-bounds crop, one resample to 512x48 inside 512x64; 8px Y margin/fade; deterministic 16px X-edge color/alpha cross-blend, exact endpoint equality. 3px transparent RGB dilation against fringe; strip endpoint RGBA equality enforced.","AB_2026-09-19_v1","S_England_1300_1450_v1","Astra Wave3","candidate only; no game installation","candidate","Targeted botanical correction: asymmetric bentstems longawn noddingheads."
"icon_building_chain_sheet","v1","icons/icon_building_chain_sheet.png","4b5892f545773b37ea36fe4aa368ae28fdbece6a70a64f5ab6f7ddd2ede2f2ff","/Users/rexxa/Library/Application Support/orca/codex-accounts/54be5844-95fd-4c46-925c-75327ccd186a/home/generated_images/01a0d17d-1c31-7cf2-8b1e-99595160009b/exec-4685890e-ce63-4704-b39d-333fb8cf3d5c.png","587301fc82a70bd52f26039bbe35ded554710b9eae960f7b3ef7ea2346e15b57","native image_gen; Canvas/PNG mechanical normalization","not exposed","2026-09-25T15:29:25.000Z","ATTEMPT 1
Use case: style-transfer. Create ONE game building-icon atlas with exactly EIGHT icons in FOUR equal columns TWO equal rows, true transparent background. Match attached project UI P0 references: restrained hand-painted low-saturation earth tones, thin dark outline, soft upper-left light. Intended final96x96 each and24px display, prioritize completely distinct silhouettes, one dominant functional identifying shape pericon, no busy surroundings or text. Read left-to-right top row: 1 MALT KILN low thatched stone house with single squat drying-kiln stone flue (no modern chimney pot), 2 ALEHOUSE two-story timber/plaster house with very legible leafy BUSH on a projecting pole above door (ale-stake), no hops and NO chimney, 3 BREWHOUSE broad copper cauldron and wooden brewing vat beneath small open lean-to, 4 WOOLHOUSE broad dark timber storehouse with large central opening full of pale fleece bales. Bottom row: 5 WEAVER HOUSE timber gable house with a large visible rectangular treadle loom in open ground-floor frontage no chimney; 6 FULLING MILL water-powered timber building whose large WATERWHEEL dominates its silhouette (never a windmill); 7 DYEHOUSE two large round dye vats of muted woad blue and madder red plus low workshop shed; 8 CLOTH HALL long horizontal building with three conspicuous ground-floor arches and cloth rolls. Southern English1300-1450. No labels, numerals, letters, watermark, frames, grid lines, backdrop, ground plate. Each icon fully inside own equal cell with clear transparent separation, same visual weight.

ATTEMPT 2
Use case: precise-object-edit. Edit this eight-icon atlas. Preserve the 4 columns x2 rows, building identities, scale and muted handpainted palette. Make ALL background around and between icons COMPLETELY TRANSPARENT alpha0. Remove every broad coloured glow, vignette, soft shadow haze. Only actual solid building shapes and crisp antialiased edges remain. Replace third icon top row's domed closed copper apparatus with a simple OPEN round copper BREWING CAULDRON with open dark mouth and NO lid/dome or distillation pipe; preserve wooden tub and lean-to. Simplify detail and use thin dark outlines to match small UI icons at24pixels. No glass panes on houses: dark unglazed openings with shutters. Do not add text or gridlines. True transparent RGBA output.

ATTEMPT 3
Use case: precise-object-edit. Improve small-size silhouette readability of these EIGHT transparent building icons, keep same4x2cells. All icons will be only24pixels so function must be visible. Change top row icon2 alehouse into a LOW horizontal timber alehouse with a very large leafy bush on a long projecting pole extending to LEFT, plain open doorway, no chimney. Change top row icon4 wool warehouse into a LOW WIDE rectangular flat-front storehouse with extremely large open door and THREE oversized round wool bales protruding across doorway, no tall gable silhouette. Change bottom row icon1 weaver into a dominant LARGE treadle loom with obvious rectangular frame, crossbeam and hanging ivory warp, only a tiny house roof behind it, so it reads as LOOM not generic house. Preserve the five other icons exactly (malt kiln, open brewing cauldron under lean-to, waterwheel, dye vats, long arcade hall). Match existing thin-outline muted painted style. Fully transparent RGBA, no ground shadows, no words/numerals, allobjectsinsidecell with padding.

ATTEMPT 4
Use case: lighting-weather/style-transfer. Keep EXACT eight silhouettes and placement of first image. Change ONLY palette and painted surface to match the subdued second reference game icon sheet: dusty muted brown oak, grey beige stone, grey olive bush, muted terracotta roofs, low-saturation slate blue cloth and dusty brick-red cloth. Remove the bright saturated blue/red/yellow toy appearance. Gentle soft light, thin dark outlines not thick black, readable broad handpainted forms. NO shape/layout change, NO new objects or text. Genuine fully transparent background and transparent gaps between all8 icons. Output same4x2atlas.","icon_resource_sheet.png; icon_cause_family_sheet.png","not exposed","4 native attempts; selected source recorded","RGBA cell crop, alpha bounds >=8; uniform single resize into 80x80 within96x96 cells, repacked horizontal. Native alpha preserved.","AB_2026-09-19_v1","S_England_1300_1450_v1","Astra Wave3","candidate only; no game installation","candidate","Selected current source after recorded corrective edits; see per-family history."
"icon_resource_chain_sheet","v1","icons/icon_resource_chain_sheet.png","df46184b01a2511c84270f251781c88b329e222342cff79a52bbab0fba55f490","/Users/rexxa/Library/Application Support/orca/codex-accounts/54be5844-95fd-4c46-925c-75327ccd186a/home/generated_images/01a0d17d-1c31-7cf2-8b1e-99595160009b/exec-dd61337f-54e8-4369-8ad8-826a9837353a.png","aae8b89f028b8e2307900f949d2ea0ee674c201afcf0e6b7c0444ab4c5b24ef2","native image_gen; Canvas/PNG mechanical normalization","not exposed","2026-09-25T15:22:45.000Z","ATTEMPT 1
Use case: style-transfer. Create ONE production game icon atlas, exactly TEN different resource icons on genuinely transparent RGBA background, arranged in FIVE equal columns and TWO equal rows, generous equal transparent separation; no text, numbers, labels or borders. Attached images are this project's approved UI P0 resource/style references only. Match their hand-painted muted earth colours, fine dark outline, simple chunky readable forms and soft upper-left light. This atlas will be cut into 96x96 icons then shown at24x24, so make each silhouette unique and clear at that size, no microdetails or decorative frame. Southern England 1300-1450. Read order left-to-right first row then second: (1) BARLEY: pale golden drooping grain ear with LONG awns; (2) MALT: squat open folded-mouth sack exposing broad dark toasted grain, NOT hops; (3) ALE: broad wooden stave cask with small plain wooden bung, no beer mug foam; (4) FLEECE: irregular low fluffy cream sheep fleece heap, NOT cotton twig; (5) YARN: two elongated oval wound skeins with visible big central openings. Second row (6) RAW CLOTH: loose pale beige woven fabric roll with ragged fringe; (7) FULLED CLOTH: thick compact ivory cloth folded into a chunky square pad; (8) DYED CLOTH: loosely draped muted woad blue cloth roll; (9) FINISHED CLOTH: neat tied stack of folded cloth bolts with a broad binding band, muted madder russet; (10) DYES: three squat small earthenware dye pots grouped triangularly, muted blue/red/yellow pigment surfaces, no glass chemistry vials. No hops anywhere, no saturated primary colours, no modern machines. Each icon isolated within its own cell, all ten fully present, no overlap.","icon_resource_sheet.png; icon_cause_family_sheet.png","not exposed","1 native attempts; selected source recorded","RGBA cell crop, alpha bounds >=8; uniform single resize into 80x80 within96x96 cells, repacked horizontal. Native alpha preserved.","AB_2026-09-19_v1","S_England_1300_1450_v1","Astra Wave3","candidate only; no game installation","candidate","Clear resource and building silhouettes; muted palette; edit replaces closed brewing apparatus with open cauldron."
"cart_load_ale_barrels_ne-v1","v1","loads/cart_load_ale_barrels_ne-v1.png","2fabbefc39d0777e24827bfbc78b4ed00eed14e4b226e7a17fd1f4537529fa02","/Users/rexxa/Library/Application Support/orca/codex-accounts/54be5844-95fd-4c46-925c-75327ccd186a/home/generated_images/01a0d927-abd8-7de0-be2d-4eb3c5164670/exec-8945c387-292e-4e69-861e-30afd94307d4.png","e5e089274160d57f2bd9df4acc5a5e136b93ead6bb32577daaf8c15856862840","native image_gen; Canvas/PNG mechanical normalization","not exposed","2026-09-25T15:24:41.000Z","ATTEMPT 1
ROLE object / small detachable medieval game cargo. Southern England 1300-1450. Match attached project grain-sack cargo reference painterly natural muted tan/olive/brown palette and 2:1 isometric camera. TRUE transparent RGBA background, no floor, no cart, no wheels, no person, no text, no framing, no broad shadow. Cargo alone intended for final 96x64 pixels, draw broad simple crisp readable forms with no tiny texture noise. Soft upper-left light, short contact AO only. One compact cluster, centered with transparent room around all sides. BACKGROUND MUST BE ALPHA ZERO EVERYWHERE outside object contour; no glow, no fog, no vignette, no floor shadow, no drop shadow. Subject: three small stout rounded wooden ale barrels, dark oak staves with broad dark hoops, two lying sideways and one upright, strong barrel silhouettes, no hops. Orientation NE, load long axis runs lower-left to upper-right. 96x64 final canvas composition. Reference is palette and cargo scale only, replace its cargo with requested subject.","cart_load_grainsack_ne-v1.png","not exposed","1 native attempts; selected source recorded","Native alpha preserved. Alpha>32 bounds crop; uniform single Canvas resize into max38x32 at bottomcenter48,48. No mirrored variants.","AB_2026-09-19_v1","S_England_1300_1450_v1","Astra Wave3","candidate only; no game installation","candidate","See QA.md and per-family records."
"cart_load_ale_barrels_nw-v1","v1","loads/cart_load_ale_barrels_nw-v1.png","2dacbdd102f4a088aa44e788d98178ef4c5ce73ab2dbc34aff6bacaecf6eea2d","/Users/rexxa/Library/Application Support/orca/codex-accounts/54be5844-95fd-4c46-925c-75327ccd186a/home/generated_images/01a0d927-abd8-7de0-be2d-4eb3c5164670/exec-342b7ebf-6125-4c55-99c9-00b8314fe21d.png","05d4b3e0f675640d605ea5f12f71c25960d16ac201b199ef1f40c9a46be985f7","native image_gen; Canvas/PNG mechanical normalization","not exposed","2026-09-25T15:25:08.000Z","ATTEMPT 1
ROLE object / small detachable medieval game cargo. Southern England 1300-1450. Match attached project grain-sack cargo reference painterly natural muted tan/olive/brown palette and 2:1 isometric camera. TRUE transparent RGBA background, no floor, no cart, no wheels, no person, no text, no framing, no broad shadow. Cargo alone intended for final 96x64 pixels, draw broad simple crisp readable forms with no tiny texture noise. Soft upper-left light, short contact AO only. One compact cluster, centered with transparent room around all sides. BACKGROUND MUST BE ALPHA ZERO EVERYWHERE outside object contour; no glow, no fog, no vignette, no floor shadow, no drop shadow. Subject: three small stout rounded wooden ale barrels, dark oak staves with broad dark hoops, two lying sideways and one upright, strong barrel silhouettes, no hops. Orientation NW, load long axis runs upper-left to lower-right. 96x64 final canvas composition. Reference is palette and cargo scale only, replace its cargo with requested subject.","cart_load_grainsack_ne-v1.png","not exposed","1 native attempts; selected source recorded","Native alpha preserved. Alpha>32 bounds crop; uniform single Canvas resize into max38x32 at bottomcenter48,48. No mirrored variants.","AB_2026-09-19_v1","S_England_1300_1450_v1","Astra Wave3","candidate only; no game installation","candidate","See QA.md and per-family records."
"cart_load_barley_ne-v1","v1","loads/cart_load_barley_ne-v1.png","2f56e5f1d9bee7f878f97dea5870da4b6b770c4165e6e1ab875eceb03021fd91","/Users/rexxa/Library/Application Support/orca/codex-accounts/54be5844-95fd-4c46-925c-75327ccd186a/home/generated_images/01a0d927-abd8-7de0-be2d-4eb3c5164670/exec-6a7ad51e-9cc1-498f-b2f1-f14da75b1440.png","82d321140f97313bb20272905935c10a9cf73c713d4340d320bbcec3be4d6366","native image_gen; Canvas/PNG mechanical normalization","not exposed","2026-09-25T15:21:51.000Z","ATTEMPT 1
ROLE object / small detachable medieval game cargo. Southern England 1300-1450. Match attached project grain-sack cargo reference painterly natural muted tan/olive/brown palette and 2:1 isometric camera. TRUE transparent RGBA background, no floor, no cart, no wheels, no person, no text, no framing, no broad shadow. Cargo alone intended for final 96x64 pixels, draw broad simple crisp readable forms with no tiny texture noise. Soft upper-left light, short contact AO only. One compact cluster, centered with transparent room around all sides. Subject: three tall tied barley grain sacks, upright elongated sack silhouette with tightly tied necks, pale straw tan. Orientation NE, load long axis runs lower-left to upper-right, like reference. Distinguish from malt which uses squat open sacks. 96x64 final canvas composition.","cart_load_grainsack_ne-v1.png","not exposed","1 native attempts; selected source recorded","Native alpha preserved. Alpha>32 bounds crop; uniform single Canvas resize into max38x32 at bottomcenter48,48. No mirrored variants.","AB_2026-09-19_v1","S_England_1300_1450_v1","Astra Wave3","candidate only; no game installation","candidate","See QA.md and per-family records."
"cart_load_barley_nw-v1","v1","loads/cart_load_barley_nw-v1.png","e04038dfc62d263037d98024485fd587ffc1a98bf7510eec9ab408ac27ab40c9","/Users/rexxa/Library/Application Support/orca/codex-accounts/54be5844-95fd-4c46-925c-75327ccd186a/home/generated_images/01a0d927-abd8-7de0-be2d-4eb3c5164670/exec-56630ff9-e668-40c2-b5ce-e444c13fb084.png","9f5d26535216e2d270283568fb6ca056924b28b17c37b864e59ef748cbea60ea","native image_gen; Canvas/PNG mechanical normalization","not exposed","2026-09-25T15:23:05.000Z","ATTEMPT 1
ROLE object / small detachable medieval game cargo. Southern England 1300-1450. Match attached project grain-sack cargo reference painterly natural muted tan/olive/brown palette and 2:1 isometric camera. TRUE transparent RGBA background, no floor, no cart, no wheels, no person, no text, no framing, no broad shadow. Cargo alone intended for final 96x64 pixels, draw broad simple crisp readable forms with no tiny texture noise. Soft upper-left light, short contact AO only. One compact cluster, centered with transparent room around all sides. BACKGROUND MUST BE ALPHA ZERO EVERYWHERE outside object contour; no glow, no fog, no vignette, no floor shadow, no drop shadow. Subject: three tall tied barley grain sacks, upright elongated sack silhouette with tightly tied necks, pale straw tan. Orientation NW, load long axis runs upper-left to lower-right. 96x64 final canvas composition. Reference is palette and cargo scale only, replace its cargo with requested subject.","cart_load_grainsack_ne-v1.png","not exposed","1 native attempts; selected source recorded","Native alpha preserved. Alpha>32 bounds crop; uniform single Canvas resize into max38x32 at bottomcenter48,48. No mirrored variants.","AB_2026-09-19_v1","S_England_1300_1450_v1","Astra Wave3","candidate only; no game installation","candidate","See QA.md and per-family records."
"cart_load_cloth_dyed_ne-v1","v1","loads/cart_load_cloth_dyed_ne-v1.png","2b73490628fec1bd4bc6ce80fdce0f312a486c0b890750618882bba3454d159b","/Users/rexxa/Library/Application Support/orca/codex-accounts/54be5844-95fd-4c46-925c-75327ccd186a/home/generated_images/01a0d927-abd8-7de0-be2d-4eb3c5164670/exec-a8430a2d-7536-4029-8999-84f52fec05e3.png","d06a230315ae977a846ec7a440c1e2b7cef918e9e482a493384fc87eaa570d14","native image_gen; Canvas/PNG mechanical normalization","not exposed","2026-09-25T15:28:15.000Z","ATTEMPT 1
ROLE object / small detachable medieval game cargo. Southern England 1300-1450. Match attached project grain-sack cargo reference painterly natural muted tan/olive/brown palette and 2:1 isometric camera. TRUE transparent RGBA background, no floor, no cart, no wheels, no person, no text, no framing, no broad shadow. Cargo alone intended for final 96x64 pixels, draw broad simple crisp readable forms with no tiny texture noise. Soft upper-left light, short contact AO only. One compact cluster, centered with transparent room around all sides. BACKGROUND MUST BE ALPHA ZERO EVERYWHERE outside object contour; no glow, no fog, no vignette, no floor shadow, no drop shadow. Subject: three LONG CYLINDRICAL rolls of dyed woven cloth, dull woad slate blue, muted madder dusty russet red and muted weld ochre yellow; low saturation, visible rolled circular ends and one broad folded cloth flap. Orientation NE, load long axis runs lower-left to upper-right. 96x64 final canvas composition. Reference is palette and cargo scale only, replace its cargo with requested subject.","cart_load_grainsack_ne-v1.png","not exposed","1 native attempts; selected source recorded","Native alpha preserved. Alpha>32 bounds crop; uniform single Canvas resize into max38x32 at bottomcenter48,48. No mirrored variants.","AB_2026-09-19_v1","S_England_1300_1450_v1","Astra Wave3","candidate only; no game installation","candidate","See QA.md and per-family records."
"cart_load_cloth_dyed_nw-v1","v1","loads/cart_load_cloth_dyed_nw-v1.png","d178d313f0ce58a948cf29ed53d9f797d372a4644f71c1591cf0734a205e0dee","/Users/rexxa/Library/Application Support/orca/codex-accounts/54be5844-95fd-4c46-925c-75327ccd186a/home/generated_images/01a0d927-abd8-7de0-be2d-4eb3c5164670/exec-74c57666-7a83-4c5f-95d1-5ec0e71037ff.png","32c32660ec487a2148aae933477e3fecb8dea86e3f9b8c4ba1da6207c6a9d61e","native image_gen; Canvas/PNG mechanical normalization","not exposed","2026-09-25T15:28:40.000Z","ATTEMPT 1
ROLE object / small detachable medieval game cargo. Southern England 1300-1450. Match attached project grain-sack cargo reference painterly natural muted tan/olive/brown palette and 2:1 isometric camera. TRUE transparent RGBA background, no floor, no cart, no wheels, no person, no text, no framing, no broad shadow. Cargo alone intended for final 96x64 pixels, draw broad simple crisp readable forms with no tiny texture noise. Soft upper-left light, short contact AO only. One compact cluster, centered with transparent room around all sides. BACKGROUND MUST BE ALPHA ZERO EVERYWHERE outside object contour; no glow, no fog, no vignette, no floor shadow, no drop shadow. Subject: three LONG CYLINDRICAL rolls of dyed woven cloth, dull woad slate blue, muted madder dusty russet red and muted weld ochre yellow; low saturation, visible rolled circular ends and one broad folded cloth flap. Orientation NW, load long axis runs upper-left to lower-right. 96x64 final canvas composition. Reference is palette and cargo scale only, replace its cargo with requested subject.","cart_load_grainsack_ne-v1.png","not exposed","1 native attempts; selected source recorded","Native alpha preserved. Alpha>32 bounds crop; uniform single Canvas resize into max38x32 at bottomcenter48,48. No mirrored variants.","AB_2026-09-19_v1","S_England_1300_1450_v1","Astra Wave3","candidate only; no game installation","candidate","See QA.md and per-family records."
"cart_load_cloth_raw_ne-v1","v1","loads/cart_load_cloth_raw_ne-v1.png","dbc5e9eb070ce653b41c99892b1d40f729717be86c31abcf34f20decfbb6b10f","/Users/rexxa/Library/Application Support/orca/codex-accounts/54be5844-95fd-4c46-925c-75327ccd186a/home/generated_images/01a0d927-abd8-7de0-be2d-4eb3c5164670/exec-d9e29826-6b72-4f14-8894-7a11bc3000d2.png","ac4a65688da0cddbb47eae2a513e1bb1baf627b6a29bbeef0e5e68dd4afe2393","native image_gen; Canvas/PNG mechanical normalization","not exposed","2026-09-25T15:27:00.000Z","ATTEMPT 1
ROLE object / small detachable medieval game cargo. Southern England 1300-1450. Match attached project grain-sack cargo reference painterly natural muted tan/olive/brown palette and 2:1 isometric camera. TRUE transparent RGBA background, no floor, no cart, no wheels, no person, no text, no framing, no broad shadow. Cargo alone intended for final 96x64 pixels, draw broad simple crisp readable forms with no tiny texture noise. Soft upper-left light, short contact AO only. One compact cluster, centered with transparent room around all sides. BACKGROUND MUST BE ALPHA ZERO EVERYWHERE outside object contour; no glow, no fog, no vignette, no floor shadow, no drop shadow. Subject: three LONG CYLINDRICAL rolls of undyed oatmeal-grey woven cloth, visibly rolled circular ends and one broad folded cloth flap, neat narrow bolt silhouettes, no rope sack. Orientation NE, load long axis runs lower-left to upper-right. 96x64 final canvas composition. Reference is palette and cargo scale only, replace its cargo with requested subject.","cart_load_grainsack_ne-v1.png","not exposed","1 native attempts; selected source recorded","Native alpha preserved. Alpha>32 bounds crop; uniform single Canvas resize into max38x32 at bottomcenter48,48. No mirrored variants.","AB_2026-09-19_v1","S_England_1300_1450_v1","Astra Wave3","candidate only; no game installation","candidate","See QA.md and per-family records."
"cart_load_cloth_raw_nw-v1","v1","loads/cart_load_cloth_raw_nw-v1.png","685d0af2450348118f616a025c2c154d8305910767d260cfdf2e9af4349b563c","/Users/rexxa/Library/Application Support/orca/codex-accounts/54be5844-95fd-4c46-925c-75327ccd186a/home/generated_images/01a0d927-abd8-7de0-be2d-4eb3c5164670/exec-9cc56bd1-654b-44e2-b801-8629847820a3.png","bba173ae8669582f33c9f61f5ed1bfcf0d40fb9e3625aff6ac6370eb9e453d34","native image_gen; Canvas/PNG mechanical normalization","not exposed","2026-09-25T15:27:33.000Z","ATTEMPT 1
ROLE object / small detachable medieval game cargo. Southern England 1300-1450. Match attached project grain-sack cargo reference painterly natural muted tan/olive/brown palette and 2:1 isometric camera. TRUE transparent RGBA background, no floor, no cart, no wheels, no person, no text, no framing, no broad shadow. Cargo alone intended for final 96x64 pixels, draw broad simple crisp readable forms with no tiny texture noise. Soft upper-left light, short contact AO only. One compact cluster, centered with transparent room around all sides. BACKGROUND MUST BE ALPHA ZERO EVERYWHERE outside object contour; no glow, no fog, no vignette, no floor shadow, no drop shadow. Subject: three LONG CYLINDRICAL rolls of undyed oatmeal-grey woven cloth, visibly rolled circular ends and one broad folded cloth flap, neat narrow bolt silhouettes, no rope sack. Orientation NW, load long axis runs upper-left to lower-right. 96x64 final canvas composition. Reference is palette and cargo scale only, replace its cargo with requested subject.","cart_load_grainsack_ne-v1.png","not exposed","1 native attempts; selected source recorded","Native alpha preserved. Alpha>32 bounds crop; uniform single Canvas resize into max38x32 at bottomcenter48,48. No mirrored variants.","AB_2026-09-19_v1","S_England_1300_1450_v1","Astra Wave3","candidate only; no game installation","candidate","See QA.md and per-family records."
"cart_load_malt_ne-v1","v1","loads/cart_load_malt_ne-v1.png","1c25db03f62dbece64e302569425f948125be364e7d29d2b529026a4f9feb24b","/Users/rexxa/Library/Application Support/orca/codex-accounts/54be5844-95fd-4c46-925c-75327ccd186a/home/generated_images/01a0d927-abd8-7de0-be2d-4eb3c5164670/exec-89866e64-5149-4d6d-9fff-46f223b379ff.png","232cf3cff35404b5f14528c0c695fcf79c588dc655c702acb8532b946a578d15","native image_gen; Canvas/PNG mechanical normalization","not exposed","2026-09-25T15:23:31.000Z","ATTEMPT 1
ROLE object / small detachable medieval game cargo. Southern England 1300-1450. Match attached project grain-sack cargo reference painterly natural muted tan/olive/brown palette and 2:1 isometric camera. TRUE transparent RGBA background, no floor, no cart, no wheels, no person, no text, no framing, no broad shadow. Cargo alone intended for final 96x64 pixels, draw broad simple crisp readable forms with no tiny texture noise. Soft upper-left light, short contact AO only. One compact cluster, centered with transparent room around all sides. BACKGROUND MUST BE ALPHA ZERO EVERYWHERE outside object contour; no glow, no fog, no vignette, no floor shadow, no drop shadow. Subject: three SHORT SQUAT broad low sacks of malt, folded-open wide mouths showing flat pale toasted grain surfaces; dark warm oatmeal fabric; conspicuously low wide sack silhouettes unlike tall tied barley sacks. Orientation NE, load long axis runs lower-left to upper-right. 96x64 final canvas composition. Reference is palette and cargo scale only, replace its cargo with requested subject.","cart_load_grainsack_ne-v1.png","not exposed","1 native attempts; selected source recorded","Native alpha preserved. Alpha>32 bounds crop; uniform single Canvas resize into max38x32 at bottomcenter48,48. No mirrored variants.","AB_2026-09-19_v1","S_England_1300_1450_v1","Astra Wave3","candidate only; no game installation","candidate","See QA.md and per-family records."
"cart_load_malt_nw-v1","v1","loads/cart_load_malt_nw-v1.png","8725a007d7c2dc413da76b39f429c90784492fc4d339db7f5a541ac75a03da3b","/Users/rexxa/Library/Application Support/orca/codex-accounts/54be5844-95fd-4c46-925c-75327ccd186a/home/generated_images/01a0d927-abd8-7de0-be2d-4eb3c5164670/exec-47a7ec4a-5df1-421b-afd0-21e9da3199f9.png","99414e373f8ced78a6ba08cab87a6727f0de83c6ffcf1fd923132d7b87e55856","native image_gen; Canvas/PNG mechanical normalization","not exposed","2026-09-25T15:24:06.000Z","ATTEMPT 1
ROLE object / small detachable medieval game cargo. Southern England 1300-1450. Match attached project grain-sack cargo reference painterly natural muted tan/olive/brown palette and 2:1 isometric camera. TRUE transparent RGBA background, no floor, no cart, no wheels, no person, no text, no framing, no broad shadow. Cargo alone intended for final 96x64 pixels, draw broad simple crisp readable forms with no tiny texture noise. Soft upper-left light, short contact AO only. One compact cluster, centered with transparent room around all sides. BACKGROUND MUST BE ALPHA ZERO EVERYWHERE outside object contour; no glow, no fog, no vignette, no floor shadow, no drop shadow. Subject: three SHORT SQUAT broad low sacks of malt, folded-open wide mouths showing flat pale toasted grain surfaces; dark warm oatmeal fabric; conspicuously low wide sack silhouettes unlike tall tied barley sacks. Orientation NW, load long axis runs upper-left to lower-right. 96x64 final canvas composition. Reference is palette and cargo scale only, replace its cargo with requested subject.","cart_load_grainsack_ne-v1.png","not exposed","1 native attempts; selected source recorded","Native alpha preserved. Alpha>32 bounds crop; uniform single Canvas resize into max38x32 at bottomcenter48,48. No mirrored variants.","AB_2026-09-19_v1","S_England_1300_1450_v1","Astra Wave3","candidate only; no game installation","candidate","See QA.md and per-family records."
"cart_load_wool_bales_ne-v1","v1","loads/cart_load_wool_bales_ne-v1.png","16772ed484e7fd9bbc1e979186ed1642a0fcfb662bcdcc294e450ae0bced6e8f","/Users/rexxa/Library/Application Support/orca/codex-accounts/54be5844-95fd-4c46-925c-75327ccd186a/home/generated_images/01a0d927-abd8-7de0-be2d-4eb3c5164670/exec-fa3c76a9-b9dd-49bb-9a27-821d1f17d7a7.png","14bf69177558aba761f19b156bc1360427b73972f1415d0d9dc28765e8d06dfd","native image_gen; Canvas/PNG mechanical normalization","not exposed","2026-09-25T15:25:42.000Z","ATTEMPT 1
ROLE object / small detachable medieval game cargo. Southern England 1300-1450. Match attached project grain-sack cargo reference painterly natural muted tan/olive/brown palette and 2:1 isometric camera. TRUE transparent RGBA background, no floor, no cart, no wheels, no person, no text, no framing, no broad shadow. Cargo alone intended for final 96x64 pixels, draw broad simple crisp readable forms with no tiny texture noise. Soft upper-left light, short contact AO only. One compact cluster, centered with transparent room around all sides. BACKGROUND MUST BE ALPHA ZERO EVERYWHERE outside object contour; no glow, no fog, no vignette, no floor shadow, no drop shadow. Subject: two bulky RECTANGULAR ivory wool bales tied with a bold simple crossed rope, rounded corners but boxy rectangular silhouette, visible fleecy white masses. Orientation NE, load long axis runs lower-left to upper-right. 96x64 final canvas composition. Reference is palette and cargo scale only, replace its cargo with requested subject.","cart_load_grainsack_ne-v1.png","not exposed","1 native attempts; selected source recorded","Native alpha preserved. Alpha>32 bounds crop; uniform single Canvas resize into max38x32 at bottomcenter48,48. No mirrored variants.","AB_2026-09-19_v1","S_England_1300_1450_v1","Astra Wave3","candidate only; no game installation","candidate","See QA.md and per-family records."
"cart_load_wool_bales_nw-v1","v1","loads/cart_load_wool_bales_nw-v1.png","7636f25429f90d4290b4061777fbd7b1cf87cdf51d5c260db43e2d300206e37d","/Users/rexxa/Library/Application Support/orca/codex-accounts/54be5844-95fd-4c46-925c-75327ccd186a/home/generated_images/01a0d927-abd8-7de0-be2d-4eb3c5164670/exec-e462b049-2840-439b-9343-bf909c9f9e80.png","5e8395419b2a4cab6d1f736969749be53944b9d4a00b6c0a748fc8f52b0331c9","native image_gen; Canvas/PNG mechanical normalization","not exposed","2026-09-25T15:26:28.000Z","ATTEMPT 1
ROLE object / small detachable medieval game cargo. Southern England 1300-1450. Match attached project grain-sack cargo reference painterly natural muted tan/olive/brown palette and 2:1 isometric camera. TRUE transparent RGBA background, no floor, no cart, no wheels, no person, no text, no framing, no broad shadow. Cargo alone intended for final 96x64 pixels, draw broad simple crisp readable forms with no tiny texture noise. Soft upper-left light, short contact AO only. One compact cluster, centered with transparent room around all sides. BACKGROUND MUST BE ALPHA ZERO EVERYWHERE outside object contour; no glow, no fog, no vignette, no floor shadow, no drop shadow. Subject: two bulky RECTANGULAR ivory wool bales tied with a bold simple crossed rope, rounded corners but boxy rectangular silhouette, visible fleecy white masses. Orientation NW, load long axis runs upper-left to lower-right. 96x64 final canvas composition. Reference is palette and cargo scale only, replace its cargo with requested subject.","cart_load_grainsack_ne-v1.png","not exposed","1 native attempts; selected source recorded","Native alpha preserved. Alpha>32 bounds crop; uniform single Canvas resize into max38x32 at bottomcenter48,48. No mirrored variants.","AB_2026-09-19_v1","S_England_1300_1450_v1","Astra Wave3","candidate only; no game installation","candidate","See QA.md and per-family records."
"pasture/shearing_pen-v1","v1","pasture/shearing_pen-v1.png","e199eb13969f5cd61e9f8724321c0649ed4a4fca727dbd6c3abc6eda03094058","/Users/rexxa/Library/Application Support/orca/codex-accounts/54be5844-95fd-4c46-925c-75327ccd186a/home/generated_images/01a0d928-0bf6-71e1-9cb2-511d3aa37ddf/exec-d3b6bdac-5b06-4602-962c-eff90d3f0c1b.png","1cd51cd5e61c4051eae8d562f5adee5a8b478ba32069e3564a00041863a6ec10","native image_gen; Canvas/PNG mechanical normalization","not exposed","2026-09-25T15:25:42.000Z","ATTEMPT 1
ROLE module. ONE medieval English SHEARING PEN module 256x192, genuine transparent RGBA, SW 2:1 isometric. Match attached game farmstead weathered timber and sheep fleece cream, painterly game style. A small low open-sided hazel hurdle pen, a simple stout wooden shearing support frame, and a clearly visible large cream freshly shorn loose FLEECE HEAP in front corner. Distinct from empty sheepfold: pen smaller, open working side, wooden restraint frame and fleece are main silhouettes. NO sheep no person no machine no steel modern fence. Broad 12-24px forms and sparse texture, soft upper-left light contact AO only. Isolated entire module 8px empty margin, bottom-center ground pivot, no terrain tile, text, numbers or watermark.","farmstead_a-v1.png; sheep_flock-v1.png","not exposed","1 native attempts; selected source recorded","Canvas alpha-bounds crop; one proportional resample to specified canvas inside 8px margins, bottom-center contact; source alpha retained. 3px transparent RGB dilation against fringe; strip endpoint RGBA equality enforced.","AB_2026-09-19_v1","S_England_1300_1450_v1","Astra Wave3","candidate only; no game installation","candidate","See QA.md and per-family records."
"pasture/sheepfold-v1","v1","pasture/sheepfold-v1.png","254f5fce93678df38ec5665cbe1ffb5d1431477af6c8da3eb1a26f793c23e824","/Users/rexxa/Library/Application Support/orca/codex-accounts/54be5844-95fd-4c46-925c-75327ccd186a/home/generated_images/01a0d928-0bf6-71e1-9cb2-511d3aa37ddf/exec-50c03df7-1102-4a19-8942-a3da3e1d8b02.png","068419976e9dd944afea14ef89dd2b33e466f09a2ec8b5680d9e1807615540f8","native image_gen; Canvas/PNG mechanical normalization","not exposed","2026-09-25T15:25:04.000Z","ATTEMPT 1
ROLE module. ONE empty medieval English sheepfold pasture module, 256x192 transparent RGBA sprite, 2:1 isometric SW view. Match attached game farmstead weathered timber muted olive/warm brown palette, hand-painted broad readable forms. Low woven hazel hurdles enclose an irregular rectangular pen with a simple open gap entrance at front left, lightly trodden earth inside, few broad grass clumps at feet. NO sheep or humans (separate game sprites). No building, roof, machinery, metal wire. Large sparse wicker bands not tiny noisy weave; structural shapes minimum 8-12px at target size. Entire isolated module fits with 8px transparent margin all sides, bottom center contact pivot, soft upper-left light contact AO only no long shadow, no surrounding terrain square or text.","farmstead_a-v1.png; sheep_flock-v1.png","not exposed","1 native attempts; selected source recorded","Canvas alpha-bounds crop; one proportional resample to specified canvas inside 8px margins, bottom-center contact; source alpha retained. 3px transparent RGB dilation against fringe; strip endpoint RGBA equality enforced.","AB_2026-09-19_v1","S_England_1300_1450_v1","Astra Wave3","candidate only; no game installation","candidate","See QA.md and per-family records."
"pasture/wash_pool-v1","v1","pasture/wash_pool-v1.png","4c824dc6538aa379611c01575ee841412497fa7da43befd4dd4216803c3e821f","/Users/rexxa/Library/Application Support/orca/codex-accounts/54be5844-95fd-4c46-925c-75327ccd186a/home/generated_images/01a0d928-0bf6-71e1-9cb2-511d3aa37ddf/exec-c5976574-2ee0-422b-a220-2e5dad646137.png","7ab013b8cc0df2566383dd3280f68019261fa950f4c1cc108bfde7a382f22d1c","native image_gen; Canvas/PNG mechanical normalization","not exposed","2026-09-25T15:28:36.000Z","ATTEMPT 1
ROLE module. Isolated medieval southern England SHEEP WASH POOL 192x128 transparentRGBA game sprite,2:1 SW isometric. Match attached project warm weathered natural colors and handpainted broad brushwork. One shallow small irregular oval basin of subdued grey-green water, low broad rough stone lip around three sides, open shallow muddy entry ramp on front side for sheep to walk in. Water not brightblue. A tiny ripple broad enough to read, sparse natural stone blocks 12-20px. NO sheep people buildings hoses pumps taps modern masonry. Groundcontact bottomcenter,8px clear margins,softupperleftlight contactAO only,no longshadow,no terrain tile or text.","farmstead_a-v1.png","not exposed","1 native attempts; selected source recorded","Canvas alpha-bounds crop; one proportional resample to specified canvas inside 8px margins, bottom-center contact; source alpha retained. 3px transparent RGB dilation against fringe; strip endpoint RGBA equality enforced.","AB_2026-09-19_v1","S_England_1300_1450_v1","Astra Wave3","candidate only; no game installation","candidate","See QA.md and per-family records."
"pile/ale_barrels_1-v1","v1","pile/ale_barrels_1-v1.png","40e8ab1abcc6b8287d5191794a11106699da1cc9411ad9904d64ca87d1b07d85","/Users/rexxa/Library/Application Support/orca/codex-accounts/54be5844-95fd-4c46-925c-75327ccd186a/home/generated_images/01a0d927-7fbf-7e02-a21d-da3531a874c2/exec-7c9e8e6c-2852-4b13-b0a6-d43fa7d9439d.png","b7ef44cca8ac7090da44fbabcb5d3b0b9a3f0d07a67570134740b5d6a416eb04","native image_gen; Canvas/PNG mechanical normalization","not exposed","2026-09-25T15:30:22.000Z","ATTEMPT 1
ROLE: decal/object stockpile. Historical southern English market town 1300–1450. Create ONE isolated game sprite, transparent RGBA background, 96x64 intended final size. Match attached project sacks reference painterly medium, muted natural palette, 2:1 isometric SW view with no perspective; soft upper-left light, tiny contact AO only. Bold readable simplified massing, broad brush planes; design for rendering only29x19px at game zoom0.6. No lettering, logos, labels, numbers, symbols, ground tile, backdrop, borders, hard black outlines, tiny speckle or micro-noise. Bottom-center grounding. Maintain clear full object edges with generous transparent border. Subject: short stout wooden ale casks with broad curved staves and two dark wooden hoops, warm muted brown, visible oval lids, no metal taps, no hops. Quantity stage1: ONE substantial unit only, small stock quantity. No aura or ground haze. Each material identity must read via its outer silhouette. Maintain enough large unit size to read at 0.3x.","sacks_2-v1.png","not exposed","1 native attempts; selected source recorded","Native RGBA alpha >32 bounds; crop and single Canvas resize, bottom-center (48,59), stage-specific bounds; no painting.","AB_2026-09-19_v1","S_England_1300_1450_v1","Astra Wave3","candidate only; no game installation","candidate","Selected first candidate: material-specific silhouette and quantities read in same-scale family review."
"pile/ale_barrels_2-v1","v1","pile/ale_barrels_2-v1.png","6e968c43e62a3e0baf63f3dab1286aec1968743cb08d6697acadc13c9de49c9c","/Users/rexxa/Library/Application Support/orca/codex-accounts/54be5844-95fd-4c46-925c-75327ccd186a/home/generated_images/01a0d927-7fbf-7e02-a21d-da3531a874c2/exec-d5984224-228d-4e7a-a162-346c5c2bb997.png","8cc92e4f71bd6f27c1d9309a4242766f77eb3429235bec1c6bcf6041de048b18","native image_gen; Canvas/PNG mechanical normalization","not exposed","2026-09-25T15:24:06.000Z","ATTEMPT 1
ROLE: decal/object stockpile. Historical southern English market town 1300–1450. Create ONE isolated game sprite, transparent RGBA background, 96x64 intended final size. Match attached project sacks reference painterly medium, muted natural palette, 2:1 isometric SW view with no perspective; soft upper-left light, tiny contact AO only. Bold readable simplified massing, broad brush planes; design for rendering only29x19px at game zoom0.6. No lettering, logos, labels, numbers, symbols, ground tile, backdrop, borders, hard black outlines, tiny speckle or micro-noise. Bottom-center grounding. Maintain clear full object edges with generous transparent border. Subject: short stout wooden ale casks with broad curved staves and two dark wooden hoops, warm muted brown, visible oval lids, no metal taps, no hops. Quantity stage2: medium stockpile consisting of THREE substantial units clustered naturally, each unit is large and clear, not many tiny items. Match ground object scale of reference. No aura or ground haze.","sacks_2-v1.png","not exposed","1 native attempts; selected source recorded","Native RGBA alpha >32 bounds; crop and single Canvas resize, bottom-center (48,59), stage-specific bounds; no painting.","AB_2026-09-19_v1","S_England_1300_1450_v1","Astra Wave3","candidate only; no game installation","candidate","Selected first candidate: material-specific silhouette and quantities read in same-scale family review."
"pile/ale_barrels_3-v1","v1","pile/ale_barrels_3-v1.png","d4c64fe8baaacb65662dd62c506b4c453497e873d4908b085e74df5f0f82617c","/Users/rexxa/Library/Application Support/orca/codex-accounts/54be5844-95fd-4c46-925c-75327ccd186a/home/generated_images/01a0d927-7fbf-7e02-a21d-da3531a874c2/exec-34ab5d05-341d-443f-b9b6-cf59cb5dda4e.png","c57912551dab0498b6b382426fd1ee9341f9f40cdec067a0af6ae452046f9c5d","native image_gen; Canvas/PNG mechanical normalization","not exposed","2026-09-25T15:30:55.000Z","ATTEMPT 1
ROLE: decal/object stockpile. Historical southern English market town 1300–1450. Create ONE isolated game sprite, transparent RGBA background, 96x64 intended final size. Match attached project sacks reference painterly medium, muted natural palette, 2:1 isometric SW view with no perspective; soft upper-left light, tiny contact AO only. Bold readable simplified massing, broad brush planes; design for rendering only29x19px at game zoom0.6. No lettering, logos, labels, numbers, symbols, ground tile, backdrop, borders, hard black outlines, tiny speckle or micro-noise. Bottom-center grounding. Maintain clear full object edges with generous transparent border. Subject: short stout wooden ale casks with broad curved staves and two dark wooden hoops, warm muted brown, visible oval lids, no metal taps, no hops. Quantity stage3: large stock quantity FIVE substantial units, layered natural pile clearly more numerous than three. No aura or ground haze. Each material identity must read via its outer silhouette. Maintain enough large unit size to read at 0.3x.","sacks_2-v1.png","not exposed","1 native attempts; selected source recorded","Native RGBA alpha >32 bounds; crop and single Canvas resize, bottom-center (48,59), stage-specific bounds; no painting.","AB_2026-09-19_v1","S_England_1300_1450_v1","Astra Wave3","candidate only; no game installation","candidate","Selected first candidate: material-specific silhouette and quantities read in same-scale family review."
"pile/barley_sacks_1-v1","v1","pile/barley_sacks_1-v1.png","909855e7b84272c581e693a621fda1692de9af841a34df99cb8023790968ff06","/Users/rexxa/Library/Application Support/orca/codex-accounts/54be5844-95fd-4c46-925c-75327ccd186a/home/generated_images/01a0d927-7fbf-7e02-a21d-da3531a874c2/exec-0fdcd640-353f-43f2-9448-11c7453c3e2c.png","2fea67ff72a4699e84285f6f13fdb7db5a6039f807d4672d89349d27f365d2a5","native image_gen; Canvas/PNG mechanical normalization","not exposed","2026-09-25T15:27:53.000Z","ATTEMPT 1
ROLE: decal/object stockpile. Historical southern English market town 1300–1450. Create ONE isolated game sprite, transparent RGBA background, 96x64 intended final size. Match attached project sacks reference painterly medium, muted natural palette, 2:1 isometric SW view with no perspective; soft upper-left light, tiny contact AO only. Bold readable simplified massing, broad brush planes; design for rendering only29x19px at game zoom0.6. No lettering, logos, labels, numbers, symbols, ground tile, backdrop, borders, hard black outlines, tiny speckle or micro-noise. Bottom-center grounding. Maintain clear full object edges with generous transparent border. Subject: tall tied oatmeal-brown linen grain sacks; pronounced gathered necks and pointed tied tops, pale beige cloth, no scattered grains. Quantity stage1: ONE substantial unit only, small stock quantity. No aura or ground haze. Each material identity must read via its outer silhouette. Maintain enough large unit size to read at 0.3x.","sacks_2-v1.png","not exposed","1 native attempts; selected source recorded","Native RGBA alpha >32 bounds; crop and single Canvas resize, bottom-center (48,59), stage-specific bounds; no painting.","AB_2026-09-19_v1","S_England_1300_1450_v1","Astra Wave3","candidate only; no game installation","candidate","Selected first candidate: material-specific silhouette and quantities read in same-scale family review."
"pile/barley_sacks_2-v1","v1","pile/barley_sacks_2-v1.png","100d3dc891e780897ed5e7e210764b8683ad28a2e7374ab3d4e0b7637bdf2ad3","/Users/rexxa/Library/Application Support/orca/codex-accounts/54be5844-95fd-4c46-925c-75327ccd186a/home/generated_images/01a0d927-7fbf-7e02-a21d-da3531a874c2/exec-bbe298bd-6b8b-4b83-8b1a-5798f51b1021.png","8b829ce20591da3013a1ad275b86b2554c1edc7f5c2b34edab40778c2d1a960b","native image_gen; Canvas/PNG mechanical normalization","not exposed","2026-09-25T15:22:17.000Z","ATTEMPT 1
ROLE: decal/object stockpile. Historical southern English market town 1300–1450. Create ONE isolated game sprite, transparent RGBA background, 96x64 intended final size. Match attached project sacks reference painterly medium, muted natural palette, 2:1 isometric SW view with no perspective; soft upper-left light, tiny contact AO only. Bold readable simplified massing, broad brush planes; design for rendering only29x19px at game zoom0.6. No lettering, logos, labels, numbers, symbols, ground tile, backdrop, borders, hard black outlines, tiny speckle or micro-noise. Bottom-center grounding. Maintain clear full object edges with generous transparent border. Subject: tall tied oatmeal-brown linen grain sacks; pronounced gathered necks and pointed tied tops, pale beige cloth, no scattered grains. Quantity stage2: medium stockpile of THREE full sacks clustered on ground, one rear and two front, total visible mass approximately52x42 pixels in final96x64 canvas, base at(48,58). Create at useful native size but keep shapes VERY SIMPLE for stated final sprite size.","sacks_2-v1.png","not exposed","1 native attempts; selected source recorded","Native RGBA alpha >32 bounds; crop and single Canvas resize, bottom-center (48,59), stage-specific bounds; no painting.","AB_2026-09-19_v1","S_England_1300_1450_v1","Astra Wave3","candidate only; no game installation","candidate","Selected first candidate: material-specific silhouette and quantities read in same-scale family review."
"pile/barley_sacks_3-v1","v1","pile/barley_sacks_3-v1.png","3917b88d5dc2bf11ed988792f356d897b75093e5235b2379482148cf772f9d94","/Users/rexxa/Library/Application Support/orca/codex-accounts/54be5844-95fd-4c46-925c-75327ccd186a/home/generated_images/01a0d927-7fbf-7e02-a21d-da3531a874c2/exec-cae5189e-aaeb-4477-9b29-1711e435d575.png","629616063f70204561fa7d6d28258041c57dc65128f8c817d9e2c85a232c0928","native image_gen; Canvas/PNG mechanical normalization","not exposed","2026-09-25T15:28:33.000Z","ATTEMPT 1
ROLE: decal/object stockpile. Historical southern English market town 1300–1450. Create ONE isolated game sprite, transparent RGBA background, 96x64 intended final size. Match attached project sacks reference painterly medium, muted natural palette, 2:1 isometric SW view with no perspective; soft upper-left light, tiny contact AO only. Bold readable simplified massing, broad brush planes; design for rendering only29x19px at game zoom0.6. No lettering, logos, labels, numbers, symbols, ground tile, backdrop, borders, hard black outlines, tiny speckle or micro-noise. Bottom-center grounding. Maintain clear full object edges with generous transparent border. Subject: tall tied oatmeal-brown linen grain sacks; pronounced gathered necks and pointed tied tops, pale beige cloth, no scattered grains. Quantity stage3: large stock quantity FIVE substantial units, layered natural pile clearly more numerous than three. No aura or ground haze. Each material identity must read via its outer silhouette. Maintain enough large unit size to read at 0.3x.","sacks_2-v1.png","not exposed","1 native attempts; selected source recorded","Native RGBA alpha >32 bounds; crop and single Canvas resize, bottom-center (48,59), stage-specific bounds; no painting.","AB_2026-09-19_v1","S_England_1300_1450_v1","Astra Wave3","candidate only; no game installation","candidate","Selected first candidate: material-specific silhouette and quantities read in same-scale family review."
"pile/cloth_bolts_raw_1-v1","v1","pile/cloth_bolts_raw_1-v1.png","8797cfbff38477a155e33f39763eb00f86bb69e77211676237ee7407f5bf899e","/Users/rexxa/Library/Application Support/orca/codex-accounts/54be5844-95fd-4c46-925c-75327ccd186a/home/generated_images/01a0d927-7fbf-7e02-a21d-da3531a874c2/exec-9eaeeb1d-34c1-41a8-936e-5a10464c9c04.png","f6fbe5817e3e445dc77986a44991b605aa806436c62c1a551c9af1ecce1b2583","native image_gen; Canvas/PNG mechanical normalization","not exposed","2026-09-25T15:35:18.000Z","ATTEMPT 1
ROLE: decal/object stockpile. Historical southern English market town 1300–1450. Create ONE isolated game sprite, transparent RGBA background, 96x64 intended final size. Match attached project sacks reference painterly medium, muted natural palette, 2:1 isometric SW view with no perspective; soft upper-left light, tiny contact AO only. Bold readable simplified massing, broad brush planes; design for rendering only29x19px at game zoom0.6. No lettering, logos, labels, numbers, symbols, ground tile, backdrop, borders, hard black outlines, tiny speckle or micro-noise. Bottom-center grounding. Maintain clear full object edges with generous transparent border. Subject: large undyed warm-grey cloth rolls, long thick horizontal cylinders with broad spiralled circular ends, one open draping flat fold, very clearly textile bolts, no tying ropes. Quantity stage1: ONE substantial unit only, small stock quantity. No aura or ground haze. Each material identity must read via its outer silhouette. Maintain enough large unit size to read at 0.3x.","sacks_2-v1.png","not exposed","1 native attempts; selected source recorded","Native RGBA alpha >32 bounds; crop and single Canvas resize, bottom-center (48,59), stage-specific bounds; no painting. Stage1 minimum meaningful width increased to48px while preserving aspect ratio to improve zoom0.6 recognition.","AB_2026-09-19_v1","S_England_1300_1450_v1","Astra Wave3","candidate only; no game installation","candidate","Selected first candidate: material-specific silhouette and quantities read in same-scale family review."
"pile/cloth_bolts_raw_2-v1","v1","pile/cloth_bolts_raw_2-v1.png","9d567c8bed22a67ccbbc37d426ba9ed4e6a452a1a9dc9c4089ca781f0fa1f65f","/Users/rexxa/Library/Application Support/orca/codex-accounts/54be5844-95fd-4c46-925c-75327ccd186a/home/generated_images/01a0d927-7fbf-7e02-a21d-da3531a874c2/exec-8a996e8d-e131-4b22-8091-8333466fb280.png","203a3ffdc9fc5810d200c805f7911229e164f5d3443840172813e2b1ec36f198","native image_gen; Canvas/PNG mechanical normalization","not exposed","2026-09-25T15:26:31.000Z","ATTEMPT 1
ROLE: decal/object stockpile. Historical southern English market town 1300–1450. Create ONE isolated game sprite, transparent RGBA background, 96x64 intended final size. Match attached project sacks reference painterly medium, muted natural palette, 2:1 isometric SW view with no perspective; soft upper-left light, tiny contact AO only. Bold readable simplified massing, broad brush planes; design for rendering only29x19px at game zoom0.6. No lettering, logos, labels, numbers, symbols, ground tile, backdrop, borders, hard black outlines, tiny speckle or micro-noise. Bottom-center grounding. Maintain clear full object edges with generous transparent border. Subject: large undyed warm-grey cloth rolls, long thick horizontal cylinders with broad spiralled circular ends, one open draping flat fold, very clearly textile bolts, no tying ropes. Quantity stage2: medium stockpile consisting of THREE substantial units clustered naturally, each unit is large and clear, not many tiny items. Match ground object scale of reference. No aura or ground haze.","sacks_2-v1.png","not exposed","1 native attempts; selected source recorded","Native RGBA alpha >32 bounds; crop and single Canvas resize, bottom-center (48,59), stage-specific bounds; no painting.","AB_2026-09-19_v1","S_England_1300_1450_v1","Astra Wave3","candidate only; no game installation","candidate","Selected first candidate: material-specific silhouette and quantities read in same-scale family review."
"pile/cloth_bolts_raw_3-v1","v1","pile/cloth_bolts_raw_3-v1.png","fef27aff37b185a670e9b5ed76f547c1305a3ec73d99c01452f3d8ce615758cc","/Users/rexxa/Library/Application Support/orca/codex-accounts/54be5844-95fd-4c46-925c-75327ccd186a/home/generated_images/01a0d927-7fbf-7e02-a21d-da3531a874c2/exec-a8f046a4-3625-48cf-981f-4780a251cd4c.png","2fdec4d165e65abca0f3df0f8099e5aa35c15471978c3dc389df55dcf0601f40","native image_gen; Canvas/PNG mechanical normalization","not exposed","2026-09-25T15:37:04.000Z","ATTEMPT 1
ROLE: decal/object stockpile. Historical southern English market town 1300–1450. Create ONE isolated game sprite, transparent RGBA background, 96x64 intended final size. Match attached project sacks reference painterly medium, muted natural palette, 2:1 isometric SW view with no perspective; soft upper-left light, tiny contact AO only. Bold readable simplified massing, broad brush planes; design for rendering only29x19px at game zoom0.6. No lettering, logos, labels, numbers, symbols, ground tile, backdrop, borders, hard black outlines, tiny speckle or micro-noise. Bottom-center grounding. Maintain clear full object edges with generous transparent border. Subject: large undyed warm-grey cloth rolls, long thick horizontal cylinders with broad spiralled circular ends, one open draping flat fold, very clearly textile bolts, no tying ropes. Quantity stage3: large stock quantity FIVE substantial units, layered natural pile clearly more numerous than three. No aura or ground haze. Each material identity must read via its outer silhouette. Maintain enough large unit size to read at 0.3x.

ATTEMPT 2
ROLE: decal/object stockpile. Historical southern English market town 1300–1450. Create ONE isolated game sprite, transparent RGBA background, 96x64 intended final size. Match attached project sacks reference painterly medium, muted natural palette, 2:1 isometric SW view with no perspective; soft upper-left light, tiny contact AO only. Bold readable simplified massing, broad brush planes; design for rendering only29x19px at game zoom0.6. No lettering, logos, labels, numbers, symbols, ground tile, backdrop, borders, hard black outlines, tiny speckle or micro-noise. Bottom-center grounding. Maintain clear full object edges with generous transparent border. Subject: FIVE long undyed warm grey linen cloth bolts rolled as elongated cylinders with broad spiral circular ends, all laid horizontally in ONE LOW FLAT LAYER, side-by-side, long axes parallel, rolls 5times longer than diameter. One flat broad unrolled cloth tail hangs out. Quantity stage3 large stock, but silhouette is extremely LOW AND WIDE, height no more than one quarter total width. Do NOT make a pyramid or tower, do not stack, do not bind with cross ropes. Clearly different from bulky rectangular strapped wool bales. Same project sack painterly style but subject entirely cloth. Transparent surroundings, no ground or shelf or rack.","sacks_2-v1.png","not exposed","2 native attempts; selected source recorded","Native RGBA alpha >32 bounds; crop and single Canvas resize, bottom-center (48,59), stage-specific bounds; no painting.","AB_2026-09-19_v1","S_England_1300_1450_v1","Astra Wave3","candidate only; no game installation","candidate","Retry replaced high stacked roll pyramid with low broad single-layer silhouette to separate from wool bales at zoom0.6"
"pile/fleece_heap_1-v1","v1","pile/fleece_heap_1-v1.png","8661625dce9585ccd368c8ff65e097036d197440fd7d68596fe09ffed4984bd1","/Users/rexxa/Library/Application Support/orca/codex-accounts/54be5844-95fd-4c46-925c-75327ccd186a/home/generated_images/01a0d927-7fbf-7e02-a21d-da3531a874c2/exec-803be948-34d5-4dc2-b96d-dae12ddf26c9.png","81ed44e82488d5854ac3225f9b1c06c4b3cbbc7170677f5e4ffe6f0874e461af","native image_gen; Canvas/PNG mechanical normalization","not exposed","2026-09-25T15:31:30.000Z","ATTEMPT 1
ROLE: decal/object stockpile. Historical southern English market town 1300–1450. Create ONE isolated game sprite, transparent RGBA background, 96x64 intended final size. Match attached project sacks reference painterly medium, muted natural palette, 2:1 isometric SW view with no perspective; soft upper-left light, tiny contact AO only. Bold readable simplified massing, broad brush planes; design for rendering only29x19px at game zoom0.6. No lettering, logos, labels, numbers, symbols, ground tile, backdrop, borders, hard black outlines, tiny speckle or micro-noise. Bottom-center grounding. Maintain clear full object edges with generous transparent border. Subject: loose untreated creamy sheep fleece mound, irregular cloud-like lobes and low shaggy scalloped contour, large broad soft wool clumps not tiny curls, NOT tied or wrapped. Quantity stage1: ONE substantial unit only, small stock quantity. No aura or ground haze. Each material identity must read via its outer silhouette. Maintain enough large unit size to read at 0.3x.","sacks_2-v1.png","not exposed","1 native attempts; selected source recorded","Native RGBA alpha >32 bounds; crop and single Canvas resize, bottom-center (48,59), stage-specific bounds; no painting.","AB_2026-09-19_v1","S_England_1300_1450_v1","Astra Wave3","candidate only; no game installation","candidate","Selected first candidate: material-specific silhouette and quantities read in same-scale family review."
"pile/fleece_heap_2-v1","v1","pile/fleece_heap_2-v1.png","1b733f25ffc43bde189476c4095ace3872788b34e7434957929613d12d106724","/Users/rexxa/Library/Application Support/orca/codex-accounts/54be5844-95fd-4c46-925c-75327ccd186a/home/generated_images/01a0d927-7fbf-7e02-a21d-da3531a874c2/exec-123d950f-c00c-4788-80f8-782cd598fb0c.png","56da8008f3808303fc8aa48c4f0ec5eaf5ebc3f037e2feda27e8b7550fbf8d6f","native image_gen; Canvas/PNG mechanical normalization","not exposed","2026-09-25T15:24:46.000Z","ATTEMPT 1
ROLE: decal/object stockpile. Historical southern English market town 1300–1450. Create ONE isolated game sprite, transparent RGBA background, 96x64 intended final size. Match attached project sacks reference painterly medium, muted natural palette, 2:1 isometric SW view with no perspective; soft upper-left light, tiny contact AO only. Bold readable simplified massing, broad brush planes; design for rendering only29x19px at game zoom0.6. No lettering, logos, labels, numbers, symbols, ground tile, backdrop, borders, hard black outlines, tiny speckle or micro-noise. Bottom-center grounding. Maintain clear full object edges with generous transparent border. Subject: loose untreated creamy sheep fleece mound, irregular cloud-like lobes and low shaggy scalloped contour, large broad soft wool clumps not tiny curls, NOT tied or wrapped. Quantity stage2: medium stockpile consisting of THREE substantial units clustered naturally, each unit is large and clear, not many tiny items. Match ground object scale of reference. No aura or ground haze.","sacks_2-v1.png","not exposed","1 native attempts; selected source recorded","Native RGBA alpha >32 bounds; crop and single Canvas resize, bottom-center (48,59), stage-specific bounds; no painting.","AB_2026-09-19_v1","S_England_1300_1450_v1","Astra Wave3","candidate only; no game installation","candidate","Selected first candidate: material-specific silhouette and quantities read in same-scale family review."
"pile/fleece_heap_3-v1","v1","pile/fleece_heap_3-v1.png","3692f314f04f849fbad91375a43e81b01f01f46acbf99cfebab382c6fa64e358","/Users/rexxa/Library/Application Support/orca/codex-accounts/54be5844-95fd-4c46-925c-75327ccd186a/home/generated_images/01a0d927-7fbf-7e02-a21d-da3531a874c2/exec-6aa95473-7858-4ac0-bb8b-724532f0b873.png","054761db193d7f86ac0608f6cc2ef04e17195af957f9b52a72ea99c2c64463cb","native image_gen; Canvas/PNG mechanical normalization","not exposed","2026-09-25T15:32:10.000Z","ATTEMPT 1
ROLE: decal/object stockpile. Historical southern English market town 1300–1450. Create ONE isolated game sprite, transparent RGBA background, 96x64 intended final size. Match attached project sacks reference painterly medium, muted natural palette, 2:1 isometric SW view with no perspective; soft upper-left light, tiny contact AO only. Bold readable simplified massing, broad brush planes; design for rendering only29x19px at game zoom0.6. No lettering, logos, labels, numbers, symbols, ground tile, backdrop, borders, hard black outlines, tiny speckle or micro-noise. Bottom-center grounding. Maintain clear full object edges with generous transparent border. Subject: loose untreated creamy sheep fleece mound, irregular cloud-like lobes and low shaggy scalloped contour, large broad soft wool clumps not tiny curls, NOT tied or wrapped. Quantity stage3: large stock quantity FIVE substantial units, layered natural pile clearly more numerous than three. No aura or ground haze. Each material identity must read via its outer silhouette. Maintain enough large unit size to read at 0.3x.","sacks_2-v1.png","not exposed","1 native attempts; selected source recorded","Native RGBA alpha >32 bounds; crop and single Canvas resize, bottom-center (48,59), stage-specific bounds; no painting.","AB_2026-09-19_v1","S_England_1300_1450_v1","Astra Wave3","candidate only; no game installation","candidate","Selected first candidate: material-specific silhouette and quantities read in same-scale family review."
"pile/malt_sacks_1-v1","v1","pile/malt_sacks_1-v1.png","2b16965e0433e92b20093173006f59e164d450d4af6f3bf3497f1664e3c12ed6","/Users/rexxa/Library/Application Support/orca/codex-accounts/54be5844-95fd-4c46-925c-75327ccd186a/home/generated_images/01a0d927-7fbf-7e02-a21d-da3531a874c2/exec-72e00d6d-9862-470e-9517-c424eb2da80b.png","96dda7498cb6436da164a73681f0cd7696e9e7b0f9b1b6b2198637c70b6f9286","native image_gen; Canvas/PNG mechanical normalization","not exposed","2026-09-25T15:29:11.000Z","ATTEMPT 1
ROLE: decal/object stockpile. Historical southern English market town 1300–1450. Create ONE isolated game sprite, transparent RGBA background, 96x64 intended final size. Match attached project sacks reference painterly medium, muted natural palette, 2:1 isometric SW view with no perspective; soft upper-left light, tiny contact AO only. Bold readable simplified massing, broad brush planes; design for rendering only29x19px at game zoom0.6. No lettering, logos, labels, numbers, symbols, ground tile, backdrop, borders, hard black outlines, tiny speckle or micro-noise. Bottom-center grounding. Maintain clear full object edges with generous transparent border. Subject: squat low wide OPEN sacks, large rolled folded rims surrounding very broad DARK umber malt contents; dark-filled open ovals dominate silhouette and stay visibly unlike tall tied barley sacks; no individual grain speckle. Quantity stage1: ONE substantial unit only, small stock quantity. No aura or ground haze. Each material identity must read via its outer silhouette. Maintain enough large unit size to read at 0.3x.","sacks_2-v1.png","not exposed","1 native attempts; selected source recorded","Native RGBA alpha >32 bounds; crop and single Canvas resize, bottom-center (48,59), stage-specific bounds; no painting.","AB_2026-09-19_v1","S_England_1300_1450_v1","Astra Wave3","candidate only; no game installation","candidate","Selected first candidate: material-specific silhouette and quantities read in same-scale family review."
"pile/malt_sacks_2-v1","v1","pile/malt_sacks_2-v1.png","440a6c94cadc396f09ab9f0d1096a1e0b9511474b9156ab0982c0ea52968d806","/Users/rexxa/Library/Application Support/orca/codex-accounts/54be5844-95fd-4c46-925c-75327ccd186a/home/generated_images/01a0d927-7fbf-7e02-a21d-da3531a874c2/exec-d897eb34-f2df-4dc6-ab9c-a6e358ed4758.png","d6cf95899820e57a318ef400325605f5d05b50b2ecfa06e3a1653a467be33efc","native image_gen; Canvas/PNG mechanical normalization","not exposed","2026-09-25T15:23:27.000Z","ATTEMPT 1
ROLE: decal/object stockpile. Historical southern English market town 1300–1450. Create ONE isolated game sprite, transparent RGBA background, 96x64 intended final size. Match attached project sacks reference painterly medium, muted natural palette, 2:1 isometric SW view with no perspective; soft upper-left light, tiny contact AO only. Bold readable simplified massing, broad brush planes; design for rendering only29x19px at game zoom0.6. No lettering, logos, labels, numbers, symbols, ground tile, backdrop, borders, hard black outlines, tiny speckle or micro-noise. Bottom-center grounding. Maintain clear full object edges with generous transparent border. Subject: squat low wide OPEN sacks, large rolled folded rims surrounding very broad DARK umber malt contents; dark-filled open ovals dominate silhouette and stay visibly unlike tall tied barley sacks; no individual grain speckle. Quantity stage2: medium stockpile consisting of THREE substantial units clustered naturally, each unit is large and clear, not many tiny items. Match ground object scale of reference. No aura or ground haze.","sacks_2-v1.png","not exposed","1 native attempts; selected source recorded","Native RGBA alpha >32 bounds; crop and single Canvas resize, bottom-center (48,59), stage-specific bounds; no painting.","AB_2026-09-19_v1","S_England_1300_1450_v1","Astra Wave3","candidate only; no game installation","candidate","Selected first candidate: material-specific silhouette and quantities read in same-scale family review."
"pile/malt_sacks_3-v1","v1","pile/malt_sacks_3-v1.png","4019ed1b8292952454e223fa9afcb5a53bbe2badf2c122a42e7ac6b6980b322e","/Users/rexxa/Library/Application Support/orca/codex-accounts/54be5844-95fd-4c46-925c-75327ccd186a/home/generated_images/01a0d927-7fbf-7e02-a21d-da3531a874c2/exec-98aba677-64c3-4def-a100-13ac76cc7a70.png","e3b5e5eed9c957a9b28e3258b6e7608059f924dc30dcd8c91ff97c0f1a07bb20","native image_gen; Canvas/PNG mechanical normalization","not exposed","2026-09-25T15:29:51.000Z","ATTEMPT 1
ROLE: decal/object stockpile. Historical southern English market town 1300–1450. Create ONE isolated game sprite, transparent RGBA background, 96x64 intended final size. Match attached project sacks reference painterly medium, muted natural palette, 2:1 isometric SW view with no perspective; soft upper-left light, tiny contact AO only. Bold readable simplified massing, broad brush planes; design for rendering only29x19px at game zoom0.6. No lettering, logos, labels, numbers, symbols, ground tile, backdrop, borders, hard black outlines, tiny speckle or micro-noise. Bottom-center grounding. Maintain clear full object edges with generous transparent border. Subject: squat low wide OPEN sacks, large rolled folded rims surrounding very broad DARK umber malt contents; dark-filled open ovals dominate silhouette and stay visibly unlike tall tied barley sacks; no individual grain speckle. Quantity stage3: large stock quantity FIVE substantial units, layered natural pile clearly more numerous than three. No aura or ground haze. Each material identity must read via its outer silhouette. Maintain enough large unit size to read at 0.3x.","sacks_2-v1.png","not exposed","1 native attempts; selected source recorded","Native RGBA alpha >32 bounds; crop and single Canvas resize, bottom-center (48,59), stage-specific bounds; no painting.","AB_2026-09-19_v1","S_England_1300_1450_v1","Astra Wave3","candidate only; no game installation","candidate","Selected first candidate: material-specific silhouette and quantities read in same-scale family review."
"pile/wool_bales_1-v1","v1","pile/wool_bales_1-v1.png","4a4396b9d20543f6e48854ff43a2498e9c8ee1af3702a960988b22a0b3d341e7","/Users/rexxa/Library/Application Support/orca/codex-accounts/54be5844-95fd-4c46-925c-75327ccd186a/home/generated_images/01a0d927-7fbf-7e02-a21d-da3531a874c2/exec-2f61a8a2-ec56-42b7-8126-0706c8aae577.png","722ccf705b0d0705adc8ca360a5cd4c325069cfb3d9f1c2a32117c1f92e25a12","native image_gen; Canvas/PNG mechanical normalization","not exposed","2026-09-25T15:32:54.000Z","ATTEMPT 1
ROLE: decal/object stockpile. Historical southern English market town 1300–1450. Create ONE isolated game sprite, transparent RGBA background, 96x64 intended final size. Match attached project sacks reference painterly medium, muted natural palette, 2:1 isometric SW view with no perspective; soft upper-left light, tiny contact AO only. Bold readable simplified massing, broad brush planes; design for rendering only29x19px at game zoom0.6. No lettering, logos, labels, numbers, symbols, ground tile, backdrop, borders, hard black outlines, tiny speckle or micro-noise. Bottom-center grounding. Maintain clear full object edges with generous transparent border. Subject: compact oblong compressed wool bundles in unbleached dull linen wrapping, strong visible cross ropes dividing large cushion-like rectangular masses, clearly tied bales rather than loose fleece. Quantity stage1: ONE substantial unit only, small stock quantity. No aura or ground haze. Each material identity must read via its outer silhouette. Maintain enough large unit size to read at 0.3x.","sacks_2-v1.png","not exposed","1 native attempts; selected source recorded","Native RGBA alpha >32 bounds; crop and single Canvas resize, bottom-center (48,59), stage-specific bounds; no painting.","AB_2026-09-19_v1","S_England_1300_1450_v1","Astra Wave3","candidate only; no game installation","candidate","Selected first candidate: material-specific silhouette and quantities read in same-scale family review."
"pile/wool_bales_2-v1","v1","pile/wool_bales_2-v1.png","49b79e2cedc94b48711297c3be36f2c47664d6fa5a11c1c611e43df8ceef01cf","/Users/rexxa/Library/Application Support/orca/codex-accounts/54be5844-95fd-4c46-925c-75327ccd186a/home/generated_images/01a0d927-7fbf-7e02-a21d-da3531a874c2/exec-c7490134-1016-4762-a0f8-dbd1ed455f51.png","e62cce8749ef60e46eb6e6dd160c078ed09668d6f611fb5189dda483e122a85c","native image_gen; Canvas/PNG mechanical normalization","not exposed","2026-09-25T15:25:14.000Z","ATTEMPT 1
ROLE: decal/object stockpile. Historical southern English market town 1300–1450. Create ONE isolated game sprite, transparent RGBA background, 96x64 intended final size. Match attached project sacks reference painterly medium, muted natural palette, 2:1 isometric SW view with no perspective; soft upper-left light, tiny contact AO only. Bold readable simplified massing, broad brush planes; design for rendering only29x19px at game zoom0.6. No lettering, logos, labels, numbers, symbols, ground tile, backdrop, borders, hard black outlines, tiny speckle or micro-noise. Bottom-center grounding. Maintain clear full object edges with generous transparent border. Subject: compact oblong compressed wool bundles in unbleached dull linen wrapping, strong visible cross ropes dividing large cushion-like rectangular masses, clearly tied bales rather than loose fleece. Quantity stage2: medium stockpile consisting of THREE substantial units clustered naturally, each unit is large and clear, not many tiny items. Match ground object scale of reference. No aura or ground haze.","sacks_2-v1.png","not exposed","1 native attempts; selected source recorded","Native RGBA alpha >32 bounds; crop and single Canvas resize, bottom-center (48,59), stage-specific bounds; no painting.","AB_2026-09-19_v1","S_England_1300_1450_v1","Astra Wave3","candidate only; no game installation","candidate","Selected first candidate: material-specific silhouette and quantities read in same-scale family review."
"pile/wool_bales_3-v1","v1","pile/wool_bales_3-v1.png","0ba97091b0acfc0dd7b77bbc3328f95409c80c49dfdae0284efc37aeb91ccf4e","/Users/rexxa/Library/Application Support/orca/codex-accounts/54be5844-95fd-4c46-925c-75327ccd186a/home/generated_images/01a0d927-7fbf-7e02-a21d-da3531a874c2/exec-ed8ae5dd-eae7-4953-b50f-ec0821646bbc.png","dea6bba2098c41bb9f9969f3d9ab1613d1097c0229de5aee970c2015b0efba9b","native image_gen; Canvas/PNG mechanical normalization","not exposed","2026-09-25T15:33:34.000Z","ATTEMPT 1
ROLE: decal/object stockpile. Historical southern English market town 1300–1450. Create ONE isolated game sprite, transparent RGBA background, 96x64 intended final size. Match attached project sacks reference painterly medium, muted natural palette, 2:1 isometric SW view with no perspective; soft upper-left light, tiny contact AO only. Bold readable simplified massing, broad brush planes; design for rendering only29x19px at game zoom0.6. No lettering, logos, labels, numbers, symbols, ground tile, backdrop, borders, hard black outlines, tiny speckle or micro-noise. Bottom-center grounding. Maintain clear full object edges with generous transparent border. Subject: compact oblong compressed wool bundles in unbleached dull linen wrapping, strong visible cross ropes dividing large cushion-like rectangular masses, clearly tied bales rather than loose fleece. Quantity stage3: large stock quantity FIVE substantial units, layered natural pile clearly more numerous than three. No aura or ground haze. Each material identity must read via its outer silhouette. Maintain enough large unit size to read at 0.3x.","sacks_2-v1.png","not exposed","1 native attempts; selected source recorded","Native RGBA alpha >32 bounds; crop and single Canvas resize, bottom-center (48,59), stage-specific bounds; no painting.","AB_2026-09-19_v1","S_England_1300_1450_v1","Astra Wave3","candidate only; no game installation","candidate","Selected first candidate: material-specific silhouette and quantities read in same-scale family review."
"pile/yarn_skeins_1-v1","v1","pile/yarn_skeins_1-v1.png","ab4d4af4481222bcce03ecc20174ad3acd9057243d35103846c06daba231268b","/Users/rexxa/Library/Application Support/orca/codex-accounts/54be5844-95fd-4c46-925c-75327ccd186a/home/generated_images/01a0d927-7fbf-7e02-a21d-da3531a874c2/exec-31219a0f-c03b-4e06-8062-3bce4db882c6.png","44376fccadb86573392d8f6a4b67b735ff9717e2fb797b0af631025605a1553d","native image_gen; Canvas/PNG mechanical normalization","not exposed","2026-09-25T15:38:58.000Z","ATTEMPT 1
ROLE: decal/object stockpile. Historical southern English market town 1300–1450. Create ONE isolated game sprite, transparent RGBA background, 96x64 intended final size. Match attached project sacks reference painterly medium, muted natural palette, 2:1 isometric SW view with no perspective; soft upper-left light, tiny contact AO only. Bold readable simplified massing, broad brush planes; design for rendering only29x19px at game zoom0.6. No lettering, logos, labels, numbers, symbols, ground tile, backdrop, borders, hard black outlines, tiny speckle or micro-noise. Bottom-center grounding. Maintain clear full object edges with generous transparent border. Subject: large cream wool YARN HANKS each shaped a long twisted open oval loop with clearly visible dark hole, a narrow waist tie, curved bundled strands suggested only by broad grooves, no spools or balls. Quantity stage1: ONE substantial unit only, small stock quantity. No aura or ground haze. Each material identity must read via its outer silhouette. Maintain enough large unit size to read at 0.3x.

ATTEMPT 2
ROLE: decal/object stockpile. Historical southern English market town 1300–1450. Create ONE isolated game sprite, transparent RGBA background, 96x64 intended final size. Match attached project sacks reference painterly medium, muted natural palette, 2:1 isometric SW view with no perspective; soft upper-left light, tiny contact AO only. Bold readable simplified massing, broad brush planes; design for rendering only29x19px at game zoom0.6. No lettering, logos, labels, numbers, symbols, ground tile, backdrop, borders, hard black outlines, tiny speckle or micro-noise. Bottom-center grounding. Maintain clear full object edges with generous transparent border. ONE single cream wool yarn hank, quantity stage1. Make a visibly hollow wide OVAL LOOP of yarn, with one LARGE OPEN CENTRAL HOLE spanning at least one-third overall width and half overall height. Narrow simple binding tie at one end only, do NOT twist the middle closed, do NOT make a figure-eight. Thick smooth bundled yarn ring, broad subtle grooves, NO rope, no individual fibres. Isometric resting flat on ground. Final material silhouette will occupy48x28px in96x64canvas; central opening must remain clearly open after0.3x reduction, at least12x10sourcepixels. Pale cream material with darker underside; no dark filling in hole, transparent through opening. Same painterly reference style, no glowing halo.","sacks_2-v1.png","not exposed","2 native attempts; selected source recorded","Native RGBA alpha >32 bounds; crop and single Canvas resize, bottom-center (48,59), stage-specific bounds; no painting. Stage1 minimum meaningful width increased to48px while preserving aspect ratio to improve zoom0.6 recognition.","AB_2026-09-19_v1","S_England_1300_1450_v1","Astra Wave3","candidate only; no game installation","candidate","Large open single oval loop replaces pinched hank; core hole remains legible at zoom0.6."
"pile/yarn_skeins_2-v1","v1","pile/yarn_skeins_2-v1.png","43eb0888eee5e4fb610c7c0448a266cdbde33422337c3a3c5cdc6fffd1cdbf63","/Users/rexxa/Library/Application Support/orca/codex-accounts/54be5844-95fd-4c46-925c-75327ccd186a/home/generated_images/01a0d927-7fbf-7e02-a21d-da3531a874c2/exec-197c19fb-fd84-4a3a-a617-83954bb9bf90.png","7dc220bab9d5b7b66adda5e953ba2f9114b4645331540ebf5d24085c49a61842","native image_gen; Canvas/PNG mechanical normalization","not exposed","2026-09-25T15:25:53.000Z","ATTEMPT 1
ROLE: decal/object stockpile. Historical southern English market town 1300–1450. Create ONE isolated game sprite, transparent RGBA background, 96x64 intended final size. Match attached project sacks reference painterly medium, muted natural palette, 2:1 isometric SW view with no perspective; soft upper-left light, tiny contact AO only. Bold readable simplified massing, broad brush planes; design for rendering only29x19px at game zoom0.6. No lettering, logos, labels, numbers, symbols, ground tile, backdrop, borders, hard black outlines, tiny speckle or micro-noise. Bottom-center grounding. Maintain clear full object edges with generous transparent border. Subject: large cream wool YARN HANKS each shaped a long twisted open oval loop with clearly visible dark hole, a narrow waist tie, curved bundled strands suggested only by broad grooves, no spools or balls. Quantity stage2: medium stockpile consisting of THREE substantial units clustered naturally, each unit is large and clear, not many tiny items. Match ground object scale of reference. No aura or ground haze.","sacks_2-v1.png","not exposed","1 native attempts; selected source recorded","Native RGBA alpha >32 bounds; crop and single Canvas resize, bottom-center (48,59), stage-specific bounds; no painting.","AB_2026-09-19_v1","S_England_1300_1450_v1","Astra Wave3","candidate only; no game installation","candidate","Selected first candidate: material-specific silhouette and quantities read in same-scale family review."
"pile/yarn_skeins_3-v1","v1","pile/yarn_skeins_3-v1.png","ccd75c2da07c89165a1d90e593f9371e95f19459cd96184ffbe1139e565e566f","/Users/rexxa/Library/Application Support/orca/codex-accounts/54be5844-95fd-4c46-925c-75327ccd186a/home/generated_images/01a0d927-7fbf-7e02-a21d-da3531a874c2/exec-c48b9c97-7856-4acb-bd59-c040b3dc3e53.png","aa65710a6796c1b043f558beb1fb9aea7d06ed1e01b95e156c08b0548d0fcd96","native image_gen; Canvas/PNG mechanical normalization","not exposed","2026-09-25T15:34:47.000Z","ATTEMPT 1
ROLE: decal/object stockpile. Historical southern English market town 1300–1450. Create ONE isolated game sprite, transparent RGBA background, 96x64 intended final size. Match attached project sacks reference painterly medium, muted natural palette, 2:1 isometric SW view with no perspective; soft upper-left light, tiny contact AO only. Bold readable simplified massing, broad brush planes; design for rendering only29x19px at game zoom0.6. No lettering, logos, labels, numbers, symbols, ground tile, backdrop, borders, hard black outlines, tiny speckle or micro-noise. Bottom-center grounding. Maintain clear full object edges with generous transparent border. Subject: large cream wool YARN HANKS each shaped a long twisted open oval loop with clearly visible dark hole, a narrow waist tie, curved bundled strands suggested only by broad grooves, no spools or balls. Quantity stage3: large stock quantity FIVE substantial units, layered natural pile clearly more numerous than three. No aura or ground haze. Each material identity must read via its outer silhouette. Maintain enough large unit size to read at 0.3x.","sacks_2-v1.png","not exposed","1 native attempts; selected source recorded","Native RGBA alpha >32 bounds; crop and single Canvas resize, bottom-center (48,59), stage-specific bounds; no painting.","AB_2026-09-19_v1","S_England_1300_1450_v1","Astra Wave3","candidate only; no game installation","candidate","Selected first candidate: material-specific silhouette and quantities read in same-scale family review."
"work_distaff_ne-v1","v1","props/work_distaff_ne-v1.png","7c52a85b4745ee7e855f833fedeb36fada1faaabbd8e20c7d020752c868dfcdf","/Users/rexxa/Library/Application Support/orca/codex-accounts/54be5844-95fd-4c46-925c-75327ccd186a/home/generated_images/01a0d927-abd8-7de0-be2d-4eb3c5164670/exec-790eb607-eb26-4759-9c70-30a4d2606a63.png","123c819854275a61d54ec7a2544a876e6efbda3b4a1a4a5f442812455171c614","native image_gen; Canvas/PNG mechanical normalization","not exposed","2026-09-25T15:30:05.000Z","ATTEMPT 1
ROLE object / detachable worker hand prop. Create one small wool-wrapped DISTAFF and a drop SPINDLE hanging on a short thread beside it: a wooden staff with a broad off-white pear-shaped wool bundle near its top, tiny wooden spindle below at its side. Not a spinning wheel. No wheel. Southern England 1300-1450, painterly miniature isometric game art in the attached project work-prop reference palette/style, but draw only the requested tool, NOT a breadbasket. True transparent RGBA background, exactly one tool, no person, no hands, no floor, no shadows, no glow, no text, no display stand. 32x32 final sprite: bold simple silhouette with smooth big color blocks, minimal detail, no tiny noise. Camera 2:1 isometric, view direction NE; actual view of tool held by a worker facing NE. Tool principal axis runs from grip near lower middle toward upper right; perspective shortens far end accordingly. The bare handle grip is at 50% across and 62.5% down the square. Keep all tool parts inside square with 2px final margins. No hand or marker at grip. Soft upper-left light, muted warm brown wood and dark grey iron or off-white wool. Alpha-zero everywhere outside tool edges. Single requested direction only, not a sheet.","work_breadbasket_se-v1.png","not exposed","1 native attempts; selected source recorded","Native RGBA alpha preserved; crop and uniform single Canvas resize; manually selected physical handle grip translated exactly to common anchor16,20. Independent direction generation, no mirroring. Runtime hand placement not tested.","AB_2026-09-19_v1","S_England_1300_1450_v1","Astra Wave3","candidate only; no game installation","candidate","See QA.md and per-family records."
"work_distaff_nw-v1","v1","props/work_distaff_nw-v1.png","2f9a466f67b9e694c99ce437db876c62ccca6a7a4a966a10ee0c82d8093d7dd7","/Users/rexxa/Library/Application Support/orca/codex-accounts/54be5844-95fd-4c46-925c-75327ccd186a/home/generated_images/01a0d927-abd8-7de0-be2d-4eb3c5164670/exec-1cda6a91-5cff-4c37-95ab-3f7127df92c7.png","4470101eb1a6d89f96ee56a2ef518bb8a98c7fda3902c855f57ba748dc0b8e3e","native image_gen; Canvas/PNG mechanical normalization","not exposed","2026-09-25T15:32:10.000Z","ATTEMPT 1
ROLE object / detachable worker hand prop. Create one small wool-wrapped DISTAFF and a drop SPINDLE hanging on a short thread beside it: a wooden staff with a broad off-white pear-shaped wool bundle near its top, tiny wooden spindle below at its side. Not a spinning wheel. No wheel. Southern England 1300-1450, painterly miniature isometric game art in the attached project work-prop reference palette/style, but draw only the requested tool, NOT a breadbasket. True transparent RGBA background, exactly one tool, no person, no hands, no floor, no shadows, no glow, no text, no display stand. 32x32 final sprite: bold simple silhouette with smooth big color blocks, minimal detail, no tiny noise. Camera 2:1 isometric, view direction NW; actual view of tool held by a worker facing NW. Tool principal axis runs from grip near lower middle toward upper left; perspective shortens far end accordingly. The bare handle grip is at 50% across and 62.5% down the square. Keep all tool parts inside square with 2px final margins. No hand or marker at grip. Soft upper-left light, muted warm brown wood and dark grey iron or off-white wool. Alpha-zero everywhere outside tool edges. Single requested direction only, not a sheet.","work_breadbasket_se-v1.png","not exposed","1 native attempts; selected source recorded","Native RGBA alpha preserved; crop and uniform single Canvas resize; manually selected physical handle grip translated exactly to common anchor16,20. Independent direction generation, no mirroring. Runtime hand placement not tested.","AB_2026-09-19_v1","S_England_1300_1450_v1","Astra Wave3","candidate only; no game installation","candidate","See QA.md and per-family records."
"work_distaff_se-v1","v1","props/work_distaff_se-v1.png","955e34b2de405be411909ad884a88373d55bb760be40ec93bc7909eb05e51d40","/Users/rexxa/Library/Application Support/orca/codex-accounts/54be5844-95fd-4c46-925c-75327ccd186a/home/generated_images/01a0d927-abd8-7de0-be2d-4eb3c5164670/exec-c4eacf47-500d-437b-bb6a-362cb55855fa.png","cfa094ced386813b78181869fa6d1a7b07ac0aa4002a95d47e8cb6fbd11102ab","native image_gen; Canvas/PNG mechanical normalization","not exposed","2026-09-25T15:30:45.000Z","ATTEMPT 1
ROLE object / detachable worker hand prop. Create one small wool-wrapped DISTAFF and a drop SPINDLE hanging on a short thread beside it: a wooden staff with a broad off-white pear-shaped wool bundle near its top, tiny wooden spindle below at its side. Not a spinning wheel. No wheel. Southern England 1300-1450, painterly miniature isometric game art in the attached project work-prop reference palette/style, but draw only the requested tool, NOT a breadbasket. True transparent RGBA background, exactly one tool, no person, no hands, no floor, no shadows, no glow, no text, no display stand. 32x32 final sprite: bold simple silhouette with smooth big color blocks, minimal detail, no tiny noise. Camera 2:1 isometric, view direction SE; actual view of tool held by a worker facing SE. Tool principal axis runs from grip near lower middle toward lower right; perspective shortens far end accordingly. The bare handle grip is at 50% across and 62.5% down the square. Keep all tool parts inside square with 2px final margins. No hand or marker at grip. Soft upper-left light, muted warm brown wood and dark grey iron or off-white wool. Alpha-zero everywhere outside tool edges. Single requested direction only, not a sheet.","work_breadbasket_se-v1.png","not exposed","1 native attempts; selected source recorded","Native RGBA alpha preserved; crop and uniform single Canvas resize; manually selected physical handle grip translated exactly to common anchor16,20. Independent direction generation, no mirroring. Runtime hand placement not tested.","AB_2026-09-19_v1","S_England_1300_1450_v1","Astra Wave3","candidate only; no game installation","candidate","See QA.md and per-family records."
"work_distaff_sw-v1","v1","props/work_distaff_sw-v1.png","6b650f813f0fedd47bc7853e60a64bfba989d3c78a7d075d0bb0905b7a4cb794","/Users/rexxa/Library/Application Support/orca/codex-accounts/54be5844-95fd-4c46-925c-75327ccd186a/home/generated_images/01a0d927-abd8-7de0-be2d-4eb3c5164670/exec-e4efecf1-cc1c-401d-b526-596eb29dfb92.png","bf7db62e3a551576fd1b09184422e17d6f81388b210ea0e5d9cf1def4a7c4f56","native image_gen; Canvas/PNG mechanical normalization","not exposed","2026-09-25T15:31:28.000Z","ATTEMPT 1
ROLE object / detachable worker hand prop. Create one small wool-wrapped DISTAFF and a drop SPINDLE hanging on a short thread beside it: a wooden staff with a broad off-white pear-shaped wool bundle near its top, tiny wooden spindle below at its side. Not a spinning wheel. No wheel. Southern England 1300-1450, painterly miniature isometric game art in the attached project work-prop reference palette/style, but draw only the requested tool, NOT a breadbasket. True transparent RGBA background, exactly one tool, no person, no hands, no floor, no shadows, no glow, no text, no display stand. 32x32 final sprite: bold simple silhouette with smooth big color blocks, minimal detail, no tiny noise. Camera 2:1 isometric, view direction SW; actual view of tool held by a worker facing SW. Tool principal axis runs from grip near lower middle toward lower left; perspective shortens far end accordingly. The bare handle grip is at 50% across and 62.5% down the square. Keep all tool parts inside square with 2px final margins. No hand or marker at grip. Soft upper-left light, muted warm brown wood and dark grey iron or off-white wool. Alpha-zero everywhere outside tool edges. Single requested direction only, not a sheet.","work_breadbasket_se-v1.png","not exposed","1 native attempts; selected source recorded","Native RGBA alpha preserved; crop and uniform single Canvas resize; manually selected physical handle grip translated exactly to common anchor16,20. Independent direction generation, no mirroring. Runtime hand placement not tested.","AB_2026-09-19_v1","S_England_1300_1450_v1","Astra Wave3","candidate only; no game installation","candidate","See QA.md and per-family records."
"work_dye_paddle_ne-v1","v1","props/work_dye_paddle_ne-v1.png","8a586e3462b3ccd00e1405ade76043c8c4c584f240234954b4158b28c7cb5504","/Users/rexxa/Library/Application Support/orca/codex-accounts/54be5844-95fd-4c46-925c-75327ccd186a/home/generated_images/01a0d927-abd8-7de0-be2d-4eb3c5164670/exec-04ff3d94-7069-4882-b869-f94f26adfdec.png","22e89c86fa528cfd45d02cd813a230692b79c463957680d63e0d167c2dfb648d","native image_gen; Canvas/PNG mechanical normalization","not exposed","2026-09-25T15:38:55.000Z","ATTEMPT 1
ROLE object / detachable worker hand prop. Create one long wooden DYE STIRRING PADDLE, broad flat oval blade at upper end, slim long wooden handle, a muted blue-grey dye stain on the paddle blade. Southern England 1300-1450, painterly miniature isometric game art in the attached project work-prop reference palette/style, but draw only the requested tool, NOT a breadbasket. True transparent RGBA background, exactly one tool, no person, no hands, no floor, no shadows, no glow, no text, no display stand. 32x32 final sprite: bold simple silhouette with smooth big color blocks, minimal detail, no tiny noise. Camera 2:1 isometric, view direction NE; actual view of tool held by a worker facing NE. Tool principal axis runs from grip near lower middle toward upper right; perspective shortens far end accordingly. The bare handle grip is at 50% across and 62.5% down the square. Keep all tool parts inside square with 2px final margins. No hand or marker at grip. Soft upper-left light, muted warm brown wood and dark grey iron or off-white wool. Alpha-zero everywhere outside tool edges. Single requested direction only, not a sheet.","work_breadbasket_se-v1.png","not exposed","1 native attempts; selected source recorded","Native RGBA alpha preserved; crop and uniform single Canvas resize; manually selected physical handle grip translated exactly to common anchor16,20. Independent direction generation, no mirroring. Runtime hand placement not tested.","AB_2026-09-19_v1","S_England_1300_1450_v1","Astra Wave3","candidate only; no game installation","candidate","See QA.md and per-family records."
"work_dye_paddle_nw-v1","v1","props/work_dye_paddle_nw-v1.png","12cfeca936719018e8058fe15a5296eb7da0c0a517604bfe82d5866775dea133","/Users/rexxa/Library/Application Support/orca/codex-accounts/54be5844-95fd-4c46-925c-75327ccd186a/home/generated_images/01a0d927-abd8-7de0-be2d-4eb3c5164670/exec-8f0d6361-38db-4aca-84cd-893e207497d3.png","3e0cc41948cf99fc6ce02232e51f17915deebb1d3b2c634ce6e9c4ced36c0d7a","native image_gen; Canvas/PNG mechanical normalization","not exposed","2026-09-25T15:40:49.000Z","ATTEMPT 1
ROLE object / detachable worker hand prop. Create one long wooden DYE STIRRING PADDLE, broad flat oval blade at upper end, slim long wooden handle, a muted blue-grey dye stain on the paddle blade. Southern England 1300-1450, painterly miniature isometric game art in the attached project work-prop reference palette/style, but draw only the requested tool, NOT a breadbasket. True transparent RGBA background, exactly one tool, no person, no hands, no floor, no shadows, no glow, no text, no display stand. 32x32 final sprite: bold simple silhouette with smooth big color blocks, minimal detail, no tiny noise. Camera 2:1 isometric, view direction NW; actual view of tool held by a worker facing NW. Tool principal axis runs from grip near lower middle toward upper left; perspective shortens far end accordingly. The bare handle grip is at 50% across and 62.5% down the square. Keep all tool parts inside square with 2px final margins. No hand or marker at grip. Soft upper-left light, muted warm brown wood and dark grey iron or off-white wool. Alpha-zero everywhere outside tool edges. Single requested direction only, not a sheet.","work_breadbasket_se-v1.png","not exposed","1 native attempts; selected source recorded","Native RGBA alpha preserved; crop and uniform single Canvas resize; manually selected physical handle grip translated exactly to common anchor16,20. Independent direction generation, no mirroring. Runtime hand placement not tested.","AB_2026-09-19_v1","S_England_1300_1450_v1","Astra Wave3","candidate only; no game installation","candidate","See QA.md and per-family records."
"work_dye_paddle_se-v1","v1","props/work_dye_paddle_se-v1.png","662644b08e09e7c3cf60f1bed6581fda271be59b0645a7c9985c43411aa513e9","/Users/rexxa/Library/Application Support/orca/codex-accounts/54be5844-95fd-4c46-925c-75327ccd186a/home/generated_images/01a0d927-abd8-7de0-be2d-4eb3c5164670/exec-5d27b4ff-a710-47f2-98aa-648073c6b621.png","e841ed8260bd91bacc0ddd6e9130d02f75e35bb77d1611eff9427986a9aca6b9","native image_gen; Canvas/PNG mechanical normalization","not exposed","2026-09-25T15:39:32.000Z","ATTEMPT 1
ROLE object / detachable worker hand prop. Create one long wooden DYE STIRRING PADDLE, broad flat oval blade at upper end, slim long wooden handle, a muted blue-grey dye stain on the paddle blade. Southern England 1300-1450, painterly miniature isometric game art in the attached project work-prop reference palette/style, but draw only the requested tool, NOT a breadbasket. True transparent RGBA background, exactly one tool, no person, no hands, no floor, no shadows, no glow, no text, no display stand. 32x32 final sprite: bold simple silhouette with smooth big color blocks, minimal detail, no tiny noise. Camera 2:1 isometric, view direction SE; actual view of tool held by a worker facing SE. Tool principal axis runs from grip near lower middle toward lower right; perspective shortens far end accordingly. The bare handle grip is at 50% across and 62.5% down the square. Keep all tool parts inside square with 2px final margins. No hand or marker at grip. Soft upper-left light, muted warm brown wood and dark grey iron or off-white wool. Alpha-zero everywhere outside tool edges. Single requested direction only, not a sheet.","work_breadbasket_se-v1.png","not exposed","1 native attempts; selected source recorded","Native RGBA alpha preserved; crop and uniform single Canvas resize; manually selected physical handle grip translated exactly to common anchor16,20. Independent direction generation, no mirroring. Runtime hand placement not tested.","AB_2026-09-19_v1","S_England_1300_1450_v1","Astra Wave3","candidate only; no game installation","candidate","See QA.md and per-family records."
"work_dye_paddle_sw-v1","v1","props/work_dye_paddle_sw-v1.png","cb2dcadcadf633d22fbaa7e95ef1e6bf697385e2b068e5ce9d48125071da93b5","/Users/rexxa/Library/Application Support/orca/codex-accounts/54be5844-95fd-4c46-925c-75327ccd186a/home/generated_images/01a0d927-abd8-7de0-be2d-4eb3c5164670/exec-2ae9c73f-bb2a-4178-95f7-36b785ed7527.png","81d8c99b9eba5096a02bc36203ba019aaacb838386a0e8fd40bda068ca8c5165","native image_gen; Canvas/PNG mechanical normalization","not exposed","2026-09-25T15:40:10.000Z","ATTEMPT 1
ROLE object / detachable worker hand prop. Create one long wooden DYE STIRRING PADDLE, broad flat oval blade at upper end, slim long wooden handle, a muted blue-grey dye stain on the paddle blade. Southern England 1300-1450, painterly miniature isometric game art in the attached project work-prop reference palette/style, but draw only the requested tool, NOT a breadbasket. True transparent RGBA background, exactly one tool, no person, no hands, no floor, no shadows, no glow, no text, no display stand. 32x32 final sprite: bold simple silhouette with smooth big color blocks, minimal detail, no tiny noise. Camera 2:1 isometric, view direction SW; actual view of tool held by a worker facing SW. Tool principal axis runs from grip near lower middle toward lower left; perspective shortens far end accordingly. The bare handle grip is at 50% across and 62.5% down the square. Keep all tool parts inside square with 2px final margins. No hand or marker at grip. Soft upper-left light, muted warm brown wood and dark grey iron or off-white wool. Alpha-zero everywhere outside tool edges. Single requested direction only, not a sheet.","work_breadbasket_se-v1.png","not exposed","1 native attempts; selected source recorded","Native RGBA alpha preserved; crop and uniform single Canvas resize; manually selected physical handle grip translated exactly to common anchor16,20. Independent direction generation, no mirroring. Runtime hand placement not tested.","AB_2026-09-19_v1","S_England_1300_1450_v1","Astra Wave3","candidate only; no game installation","candidate","See QA.md and per-family records."
"work_shears_ne-v1","v1","props/work_shears_ne-v1.png","8c5c0c7665bab11d97171dabddc268a99621f49fa1b59e35eafbe5905d2adae0","/Users/rexxa/Library/Application Support/orca/codex-accounts/54be5844-95fd-4c46-925c-75327ccd186a/home/generated_images/01a0d927-abd8-7de0-be2d-4eb3c5164670/exec-0c45ba41-a68f-48d3-91a7-e963e5d230e9.png","12596ef4b8d80192b1f25562540c37fb516077972b6451570b15aa820b117b8e","native image_gen; Canvas/PNG mechanical normalization","not exposed","2026-09-25T15:36:01.000Z","ATTEMPT 1
ROLE object / detachable worker hand prop. Create one pair of medieval spring wool SHEARS, a single U-shaped dark iron spring loop at the heel with two broad short pointed blades opening into a V, no modern finger rings. Southern England 1300-1450, painterly miniature isometric game art in the attached project work-prop reference palette/style, but draw only the requested tool, NOT a breadbasket. True transparent RGBA background, exactly one tool, no person, no hands, no floor, no shadows, no glow, no text, no display stand. 32x32 final sprite: bold simple silhouette with smooth big color blocks, minimal detail, no tiny noise. Camera 2:1 isometric, view direction NE; actual view of tool held by a worker facing NE. Tool principal axis runs from grip near lower middle toward upper right; perspective shortens far end accordingly. The bare handle grip is at 50% across and 62.5% down the square. Keep all tool parts inside square with 2px final margins. No hand or marker at grip. Soft upper-left light, muted warm brown wood and dark grey iron or off-white wool. Alpha-zero everywhere outside tool edges. Single requested direction only, not a sheet.","work_breadbasket_se-v1.png","not exposed","1 native attempts; selected source recorded","Native RGBA alpha preserved; crop and uniform single Canvas resize; manually selected physical handle grip translated exactly to common anchor16,20. Independent direction generation, no mirroring. Runtime hand placement not tested.","AB_2026-09-19_v1","S_England_1300_1450_v1","Astra Wave3","candidate only; no game installation","candidate","See QA.md and per-family records."
"work_shears_nw-v1","v1","props/work_shears_nw-v1.png","da3d50a553737949bb5b222b9979062ee73283d1e042deae025f0b237c4fccd5","/Users/rexxa/Library/Application Support/orca/codex-accounts/54be5844-95fd-4c46-925c-75327ccd186a/home/generated_images/01a0d927-abd8-7de0-be2d-4eb3c5164670/exec-b83e6036-5b77-4a2f-826a-ab26f3d16b30.png","2fa13bfb4b0d57ee96cb1e8e73fb7fcf4bd0aff828f58ef00d82384d38d0d46e","native image_gen; Canvas/PNG mechanical normalization","not exposed","2026-09-25T15:37:58.000Z","ATTEMPT 1
ROLE object / detachable worker hand prop. Create one pair of medieval spring wool SHEARS, a single U-shaped dark iron spring loop at the heel with two broad short pointed blades opening into a V, no modern finger rings. Southern England 1300-1450, painterly miniature isometric game art in the attached project work-prop reference palette/style, but draw only the requested tool, NOT a breadbasket. True transparent RGBA background, exactly one tool, no person, no hands, no floor, no shadows, no glow, no text, no display stand. 32x32 final sprite: bold simple silhouette with smooth big color blocks, minimal detail, no tiny noise. Camera 2:1 isometric, view direction NW; actual view of tool held by a worker facing NW. Tool principal axis runs from grip near lower middle toward upper left; perspective shortens far end accordingly. The bare handle grip is at 50% across and 62.5% down the square. Keep all tool parts inside square with 2px final margins. No hand or marker at grip. Soft upper-left light, muted warm brown wood and dark grey iron or off-white wool. Alpha-zero everywhere outside tool edges. Single requested direction only, not a sheet.","work_breadbasket_se-v1.png","not exposed","1 native attempts; selected source recorded","Native RGBA alpha preserved; crop and uniform single Canvas resize; manually selected physical handle grip translated exactly to common anchor16,20. Independent direction generation, no mirroring. Runtime hand placement not tested.","AB_2026-09-19_v1","S_England_1300_1450_v1","Astra Wave3","candidate only; no game installation","candidate","See QA.md and per-family records."
"work_shears_se-v1","v1","props/work_shears_se-v1.png","42dbc4d7b54689631da275d7dab966dbc6b81eba4bee34a4df9ee573455e54c6","/Users/rexxa/Library/Application Support/orca/codex-accounts/54be5844-95fd-4c46-925c-75327ccd186a/home/generated_images/01a0d927-abd8-7de0-be2d-4eb3c5164670/exec-9b993996-0d58-4349-8fc0-7ca468e60e59.png","2592f056aeb39dc28b77f9654a985aaf03a72c40081016315080ff474a6f11a9","native image_gen; Canvas/PNG mechanical normalization","not exposed","2026-09-25T15:36:38.000Z","ATTEMPT 1
ROLE object / detachable worker hand prop. Create one pair of medieval spring wool SHEARS, a single U-shaped dark iron spring loop at the heel with two broad short pointed blades opening into a V, no modern finger rings. Southern England 1300-1450, painterly miniature isometric game art in the attached project work-prop reference palette/style, but draw only the requested tool, NOT a breadbasket. True transparent RGBA background, exactly one tool, no person, no hands, no floor, no shadows, no glow, no text, no display stand. 32x32 final sprite: bold simple silhouette with smooth big color blocks, minimal detail, no tiny noise. Camera 2:1 isometric, view direction SE; actual view of tool held by a worker facing SE. Tool principal axis runs from grip near lower middle toward lower right; perspective shortens far end accordingly. The bare handle grip is at 50% across and 62.5% down the square. Keep all tool parts inside square with 2px final margins. No hand or marker at grip. Soft upper-left light, muted warm brown wood and dark grey iron or off-white wool. Alpha-zero everywhere outside tool edges. Single requested direction only, not a sheet.","work_breadbasket_se-v1.png","not exposed","1 native attempts; selected source recorded","Native RGBA alpha preserved; crop and uniform single Canvas resize; manually selected physical handle grip translated exactly to common anchor16,20. Independent direction generation, no mirroring. Runtime hand placement not tested.","AB_2026-09-19_v1","S_England_1300_1450_v1","Astra Wave3","candidate only; no game installation","candidate","See QA.md and per-family records."
"work_shears_sw-v1","v1","props/work_shears_sw-v1.png","fd14c249938e58bde90be917e3338a8840ee089f2e1e1cd4e2b2e67731f843e7","/Users/rexxa/Library/Application Support/orca/codex-accounts/54be5844-95fd-4c46-925c-75327ccd186a/home/generated_images/01a0d927-abd8-7de0-be2d-4eb3c5164670/exec-71f4cac0-a800-4d87-8717-2d0d49043add.png","1385efd75faca79bc12e6de77e3821c1cb8fd3cedea4767f2ddffd100319a989","native image_gen; Canvas/PNG mechanical normalization","not exposed","2026-09-25T15:37:18.000Z","ATTEMPT 1
ROLE object / detachable worker hand prop. Create one pair of medieval spring wool SHEARS, a single U-shaped dark iron spring loop at the heel with two broad short pointed blades opening into a V, no modern finger rings. Southern England 1300-1450, painterly miniature isometric game art in the attached project work-prop reference palette/style, but draw only the requested tool, NOT a breadbasket. True transparent RGBA background, exactly one tool, no person, no hands, no floor, no shadows, no glow, no text, no display stand. 32x32 final sprite: bold simple silhouette with smooth big color blocks, minimal detail, no tiny noise. Camera 2:1 isometric, view direction SW; actual view of tool held by a worker facing SW. Tool principal axis runs from grip near lower middle toward lower left; perspective shortens far end accordingly. The bare handle grip is at 50% across and 62.5% down the square. Keep all tool parts inside square with 2px final margins. No hand or marker at grip. Soft upper-left light, muted warm brown wood and dark grey iron or off-white wool. Alpha-zero everywhere outside tool edges. Single requested direction only, not a sheet.","work_breadbasket_se-v1.png","not exposed","1 native attempts; selected source recorded","Native RGBA alpha preserved; crop and uniform single Canvas resize; manually selected physical handle grip translated exactly to common anchor16,20. Independent direction generation, no mirroring. Runtime hand placement not tested.","AB_2026-09-19_v1","S_England_1300_1450_v1","Astra Wave3","candidate only; no game installation","candidate","See QA.md and per-family records."
"work_shepherd_crook_ne-v1","v1","props/work_shepherd_crook_ne-v1.png","1b37582a3efeee6846f56ab24409b7ba78b6638fe67f3b84540c455295fb8d23","/Users/rexxa/Library/Application Support/orca/codex-accounts/54be5844-95fd-4c46-925c-75327ccd186a/home/generated_images/01a0d927-abd8-7de0-be2d-4eb3c5164670/exec-0dbbb827-8e49-481c-a3c0-5c26bda670e6.png","89ae74c766a423ac2b2b735c139df5afc6a66c99786bac8ec8de7866f8e4394d","native image_gen; Canvas/PNG mechanical normalization","not exposed","2026-09-25T15:33:03.000Z","ATTEMPT 1
ROLE object / detachable worker hand prop. Create one shepherd's wooden CROOK, long slim weathered stick with a large clearly hooked curved upper end, unmistakable hook silhouette. Southern England 1300-1450, painterly miniature isometric game art in the attached project work-prop reference palette/style, but draw only the requested tool, NOT a breadbasket. True transparent RGBA background, exactly one tool, no person, no hands, no floor, no shadows, no glow, no text, no display stand. 32x32 final sprite: bold simple silhouette with smooth big color blocks, minimal detail, no tiny noise. Camera 2:1 isometric, view direction NE; actual view of tool held by a worker facing NE. Tool principal axis runs from grip near lower middle toward upper right; perspective shortens far end accordingly. The bare handle grip is at 50% across and 62.5% down the square. Keep all tool parts inside square with 2px final margins. No hand or marker at grip. Soft upper-left light, muted warm brown wood and dark grey iron or off-white wool. Alpha-zero everywhere outside tool edges. Single requested direction only, not a sheet.","work_breadbasket_se-v1.png","not exposed","1 native attempts; selected source recorded","Native RGBA alpha preserved; crop and uniform single Canvas resize; manually selected physical handle grip translated exactly to common anchor16,20. Independent direction generation, no mirroring. Runtime hand placement not tested.","AB_2026-09-19_v1","S_England_1300_1450_v1","Astra Wave3","candidate only; no game installation","candidate","See QA.md and per-family records."
"work_shepherd_crook_nw-v1","v1","props/work_shepherd_crook_nw-v1.png","0ce88ad1694d181d34c81f831be32350a9c6cde61f38805ad96ad2998f085df0","/Users/rexxa/Library/Application Support/orca/codex-accounts/54be5844-95fd-4c46-925c-75327ccd186a/home/generated_images/01a0d927-abd8-7de0-be2d-4eb3c5164670/exec-fe475a9f-a313-4998-904c-207c4d1b3cbb.png","84fbcd3208a5e3097cbd114165177839417a8c17b20786b8346abfe777f03130","native image_gen; Canvas/PNG mechanical normalization","not exposed","2026-09-25T15:35:05.000Z","ATTEMPT 1
ROLE object / detachable worker hand prop. Create one shepherd's wooden CROOK, long slim weathered stick with a large clearly hooked curved upper end, unmistakable hook silhouette. Southern England 1300-1450, painterly miniature isometric game art in the attached project work-prop reference palette/style, but draw only the requested tool, NOT a breadbasket. True transparent RGBA background, exactly one tool, no person, no hands, no floor, no shadows, no glow, no text, no display stand. 32x32 final sprite: bold simple silhouette with smooth big color blocks, minimal detail, no tiny noise. Camera 2:1 isometric, view direction NW; actual view of tool held by a worker facing NW. Tool principal axis runs from grip near lower middle toward upper left; perspective shortens far end accordingly. The bare handle grip is at 50% across and 62.5% down the square. Keep all tool parts inside square with 2px final margins. No hand or marker at grip. Soft upper-left light, muted warm brown wood and dark grey iron or off-white wool. Alpha-zero everywhere outside tool edges. Single requested direction only, not a sheet.","work_breadbasket_se-v1.png","not exposed","1 native attempts; selected source recorded","Native RGBA alpha preserved; crop and uniform single Canvas resize; manually selected physical handle grip translated exactly to common anchor16,20. Independent direction generation, no mirroring. Runtime hand placement not tested.","AB_2026-09-19_v1","S_England_1300_1450_v1","Astra Wave3","candidate only; no game installation","candidate","See QA.md and per-family records."
"work_shepherd_crook_se-v1","v1","props/work_shepherd_crook_se-v1.png","dca8cb8d396093d581a9831a277a9cf7e460bac1fd3a3fb5a29d7fd67c4dd0eb","/Users/rexxa/Library/Application Support/orca/codex-accounts/54be5844-95fd-4c46-925c-75327ccd186a/home/generated_images/01a0d927-abd8-7de0-be2d-4eb3c5164670/exec-340ad709-7872-4600-ad73-92adcdd27d5c.png","e758ed90558aeeda7e853e41e9d6a81e249e0d5e2d3ef78eb15f44e9d73e4921","native image_gen; Canvas/PNG mechanical normalization","not exposed","2026-09-25T15:33:44.000Z","ATTEMPT 1
ROLE object / detachable worker hand prop. Create one shepherd's wooden CROOK, long slim weathered stick with a large clearly hooked curved upper end, unmistakable hook silhouette. Southern England 1300-1450, painterly miniature isometric game art in the attached project work-prop reference palette/style, but draw only the requested tool, NOT a breadbasket. True transparent RGBA background, exactly one tool, no person, no hands, no floor, no shadows, no glow, no text, no display stand. 32x32 final sprite: bold simple silhouette with smooth big color blocks, minimal detail, no tiny noise. Camera 2:1 isometric, view direction SE; actual view of tool held by a worker facing SE. Tool principal axis runs from grip near lower middle toward lower right; perspective shortens far end accordingly. The bare handle grip is at 50% across and 62.5% down the square. Keep all tool parts inside square with 2px final margins. No hand or marker at grip. Soft upper-left light, muted warm brown wood and dark grey iron or off-white wool. Alpha-zero everywhere outside tool edges. Single requested direction only, not a sheet.","work_breadbasket_se-v1.png","not exposed","1 native attempts; selected source recorded","Native RGBA alpha preserved; crop and uniform single Canvas resize; manually selected physical handle grip translated exactly to common anchor16,20. Independent direction generation, no mirroring. Runtime hand placement not tested.","AB_2026-09-19_v1","S_England_1300_1450_v1","Astra Wave3","candidate only; no game installation","candidate","See QA.md and per-family records."
"work_shepherd_crook_sw-v1","v1","props/work_shepherd_crook_sw-v1.png","768d6ef04ddad3acdeefa0945816200bac78549c308423c361e0c1cb7cc807c5","/Users/rexxa/Library/Application Support/orca/codex-accounts/54be5844-95fd-4c46-925c-75327ccd186a/home/generated_images/01a0d927-abd8-7de0-be2d-4eb3c5164670/exec-944999e3-1f0a-42a9-a930-bc4969738fe7.png","03069a3dc080978c226cceba1979d373048dedc603b3fcddbfa232eff42a85d4","native image_gen; Canvas/PNG mechanical normalization","not exposed","2026-09-25T15:34:29.000Z","ATTEMPT 1
ROLE object / detachable worker hand prop. Create one shepherd's wooden CROOK, long slim weathered stick with a large clearly hooked curved upper end, unmistakable hook silhouette. Southern England 1300-1450, painterly miniature isometric game art in the attached project work-prop reference palette/style, but draw only the requested tool, NOT a breadbasket. True transparent RGBA background, exactly one tool, no person, no hands, no floor, no shadows, no glow, no text, no display stand. 32x32 final sprite: bold simple silhouette with smooth big color blocks, minimal detail, no tiny noise. Camera 2:1 isometric, view direction SW; actual view of tool held by a worker facing SW. Tool principal axis runs from grip near lower middle toward lower left; perspective shortens far end accordingly. The bare handle grip is at 50% across and 62.5% down the square. Keep all tool parts inside square with 2px final margins. No hand or marker at grip. Soft upper-left light, muted warm brown wood and dark grey iron or off-white wool. Alpha-zero everywhere outside tool edges. Single requested direction only, not a sheet.","work_breadbasket_se-v1.png","not exposed","1 native attempts; selected source recorded","Native RGBA alpha preserved; crop and uniform single Canvas resize; manually selected physical handle grip translated exactly to common anchor16,20. Independent direction generation, no mirroring. Runtime hand placement not tested.","AB_2026-09-19_v1","S_England_1300_1450_v1","Astra Wave3","candidate only; no game installation","candidate","See QA.md and per-family records."
"wk_alewife-v1","v1","workers/wk_alewife-v1.png","7a0af84bf045cb86f027fbc863e296739f23b3714dbc3456b3f1f479c4132a32","/Users/rexxa/Library/Application Support/orca/codex-accounts/54be5844-95fd-4c46-925c-75327ccd186a/home/generated_images/01a0d927-db4c-72c3-9bea-c00d25bbabe2/exec-4edb5740-ffa0-4a7e-90f2-3ddc4e720d92.png","e7da6cf02b084208f8d70134af40f2efb8d144801a8acd413ca058a73cfc5f12","native image_gen; Canvas/PNG mechanical normalization","not exposed","2026-09-25T15:27:46.000Z","ATTEMPT 1
Use case: identity-preserve precise-object-edit. PILOT 2 TEMPLATE RESKIN, NOT FREE GENERATION. First input is the exact walking sprite sheet to edit. Second input is the project's accepted textile clothing reskin showing the painterly style. Edit CLOTHING ONLY to depict an alewife, plain linen apron and head kerchief with rolled sleeves. Muted rust dress. No brewing props, no hops. Southern England 1300-1450. EXACTLY preserve first image's four columns and two rows, all eight poses, direction order, alternate forward foot between rows, body proportions, head center, BOTH FOOT silhouettes and both foot positions. Do not redesign, reposition, recenter or enlarge people. Keep original boots, foot pixels, gait, original face and head size. Clothing changes conform tightly to original body. Each frame depicts the SAME costume in four viewing directions; consistent hat, hem length, bag and apron. Transparent RGBA background, no ground, no cast shadow, no tile squares or labels. Preserve original sheet aspect ratio 2:1 and original cell locations, ample clear cell gutters. Soft upper-left light, low saturation broad hand-painted game brushwork readable at tiny native sprite size. No text, no watermark, no accessories not requested. This is an edit of eight existing poses, not eight new poses.","actor_civilian_woman-v1.png; wk_textile_f_01-v1.png","not exposed","1 native attempts; selected source recorded","Per-cell native generated clothing mapped to original template geometry, restricted to torso region 23%-65% of actor height. Original alpha silhouette, head top 23%, BOTH legs/boots bottom35% retained exactly byte-for-byte. No frames swapped; original canvas and eight poses preserved. Final lossless raw PNG RGBA restoration of protected regions avoids Canvas premultiplication rounding; saved-file pixel validation executed.","AB_2026-09-19_v1","S_England_1300_1450_v1","Astra Wave3","candidate only; no game installation","candidate","See QA.md and per-family records."
"wk_fuller-v1","v1","workers/wk_fuller-v1.png","22e285bb41e2db2f0ae4eafdbe63ec6e47c4ea938edfb561c427416ae7e26db7","/Users/rexxa/Library/Application Support/orca/codex-accounts/54be5844-95fd-4c46-925c-75327ccd186a/home/generated_images/01a0d927-db4c-72c3-9bea-c00d25bbabe2/exec-66a52f08-ff06-4b65-9abd-7c5665ebf5d4.png","bbeea2f7c17f7f5db03167c2b6a72ccc3ead02e9401690d7ab8db7ec29518e74","native image_gen; Canvas/PNG mechanical normalization","not exposed","2026-09-25T15:27:46.000Z","ATTEMPT 1
Use case: identity-preserve precise-object-edit. PILOT 2 TEMPLATE RESKIN, NOT FREE GENERATION. First input is the exact walking sprite sheet to edit. Second input is the project's accepted textile clothing reskin showing the painterly style. Edit CLOTHING ONLY to depict a fuller in muted grey-brown tunic, rolled leg garments with wet dark hose. No props. Southern England 1300-1450. EXACTLY preserve first image's four columns and two rows, all eight poses, direction order, alternate forward foot between rows, body proportions, head center, BOTH FOOT silhouettes and both foot positions. Do not redesign, reposition, recenter or enlarge people. Keep original boots, foot pixels, gait, original face and head size. Clothing changes conform tightly to original body. Each frame depicts the SAME costume in four viewing directions; consistent hat, hem length, bag and apron. Transparent RGBA background, no ground, no cast shadow, no tile squares or labels. Preserve original sheet aspect ratio 2:1 and original cell locations, ample clear cell gutters. Soft upper-left light, low saturation broad hand-painted game brushwork readable at tiny native sprite size. No text, no watermark, no accessories not requested. This is an edit of eight existing poses, not eight new poses.","actor_civilian_man-v1.png; wk_textile_f_01-v1.png","not exposed","1 native attempts; selected source recorded","Per-cell native edit clothing mapped within original alpha silhouette; original head exact; both boots preserved in conservative front bottom12% and rear lateral lower30% masks; generated rolled legwear and wet hose retained between tunic and boot masks. All boot RGBA exact; alpha exact. Final lossless raw PNG RGBA restoration of protected regions avoids Canvas premultiplication rounding; saved-file pixel validation executed.","AB_2026-09-19_v1","S_England_1300_1450_v1","Astra Wave3","candidate only; no game installation","candidate","See QA.md and per-family records."
"wk_maltster-v1","v1","workers/wk_maltster-v1.png","51a88b5419c7183aa54a4bb860e06c27e60a79edf4cb92743a6fac3cd2bb6a65","/Users/rexxa/Library/Application Support/orca/codex-accounts/54be5844-95fd-4c46-925c-75327ccd186a/home/generated_images/01a0d927-db4c-72c3-9bea-c00d25bbabe2/exec-927f942f-f610-4459-b4cf-c83c3528c359.png","a3ff21d097d516a9d49f58e2f88cab0965e45ddaae23ef0d1de043d64dcaebca","native image_gen; Canvas/PNG mechanical normalization","not exposed","2026-09-25T15:27:46.000Z","ATTEMPT 1
Use case: identity-preserve precise-object-edit. PILOT 2 TEMPLATE RESKIN, NOT FREE GENERATION. First input is the exact walking sprite sheet to edit. Second input is the project's accepted textile clothing reskin showing the painterly style. Edit CLOTHING ONLY to depict a maltster in coarse muted brown tunic with pale flour-dusted apron. No props. Southern England 1300-1450. EXACTLY preserve first image's four columns and two rows, all eight poses, direction order, alternate forward foot between rows, body proportions, head center, BOTH FOOT silhouettes and both foot positions. Do not redesign, reposition, recenter or enlarge people. Keep original boots, foot pixels, gait, original face and head size. Clothing changes conform tightly to original body. Each frame depicts the SAME costume in four viewing directions; consistent hat, hem length, bag and apron. Transparent RGBA background, no ground, no cast shadow, no tile squares or labels. Preserve original sheet aspect ratio 2:1 and original cell locations, ample clear cell gutters. Soft upper-left light, low saturation broad hand-painted game brushwork readable at tiny native sprite size. No text, no watermark, no accessories not requested. This is an edit of eight existing poses, not eight new poses.","actor_civilian_man-v1.png; wk_textile_f_01-v1.png","not exposed","1 native attempts; selected source recorded","Per-cell native generated clothing mapped to original template geometry, restricted to torso region 23%-65% of actor height. Original alpha silhouette, head top 23%, BOTH legs/boots bottom35% retained exactly byte-for-byte. No frames swapped; original canvas and eight poses preserved. Final lossless raw PNG RGBA restoration of protected regions avoids Canvas premultiplication rounding; saved-file pixel validation executed.","AB_2026-09-19_v1","S_England_1300_1450_v1","Astra Wave3","candidate only; no game installation","candidate","See QA.md and per-family records."
"wk_shepherd-v1","v1","workers/wk_shepherd-v1.png","1c3e5e964495758ed80aee55f434c4698c560762db4a5b98345cf08833e14d49","/Users/rexxa/Library/Application Support/orca/codex-accounts/54be5844-95fd-4c46-925c-75327ccd186a/home/generated_images/01a0d927-db4c-72c3-9bea-c00d25bbabe2/exec-a16f8e4a-1786-41c4-a52c-7642477cef7e.png","0805701546d2e579c66f0e2ecb7e7452c78c91d24514930e59d2ce89a0736107","native image_gen; Canvas/PNG mechanical normalization","not exposed","2026-09-25T15:27:46.000Z","ATTEMPT 1
Use case: identity-preserve precise-object-edit. PILOT 2 TEMPLATE RESKIN, NOT FREE GENERATION. First input is the exact walking sprite sheet to edit. Second input is the project's accepted textile clothing reskin showing the painterly style. Edit CLOTHING ONLY to depict a shepherd in muted olive hooded shoulder cloak and small brown leather shoulder bag. Do not hide the separated walking legs, no crook or props. Southern England 1300-1450. EXACTLY preserve first image's four columns and two rows, all eight poses, direction order, alternate forward foot between rows, body proportions, head center, BOTH FOOT silhouettes and both foot positions. Do not redesign, reposition, recenter or enlarge people. Keep original boots, foot pixels, gait, original face and head size. Clothing changes conform tightly to original body. Each frame depicts the SAME costume in four viewing directions; consistent hat, hem length, bag and apron. Transparent RGBA background, no ground, no cast shadow, no tile squares or labels. Preserve original sheet aspect ratio 2:1 and original cell locations, ample clear cell gutters. Soft upper-left light, low saturation broad hand-painted game brushwork readable at tiny native sprite size. No text, no watermark, no accessories not requested. This is an edit of eight existing poses, not eight new poses.","actor_civilian_man-v1.png; wk_textile_f_01-v1.png","not exposed","1 native attempts; selected source recorded","Per-cell native generated clothing mapped to original template geometry, restricted to torso region 23%-65% of actor height. Original alpha silhouette, head top 23%, BOTH legs/boots bottom35% retained exactly byte-for-byte. No frames swapped; original canvas and eight poses preserved. Final lossless raw PNG RGBA restoration of protected regions avoids Canvas premultiplication rounding; saved-file pixel validation executed.","AB_2026-09-19_v1","S_England_1300_1450_v1","Astra Wave3","candidate only; no game installation","candidate","See QA.md and per-family records."
"wk_wool_merchant-v1","v1","workers/wk_wool_merchant-v1.png","6ea88d26c798aca68fe8877af25ae826076bb506ccea66e6dfae2bd3079f2a2c","/Users/rexxa/Library/Application Support/orca/codex-accounts/54be5844-95fd-4c46-925c-75327ccd186a/home/generated_images/01a0d927-db4c-72c3-9bea-c00d25bbabe2/exec-961573e3-79b1-465b-8a7e-750fa451d18e.png","318b456b04f4e4be3fa171fc8a15938c0834983ab9303003ba9a26bd014a78ce","native image_gen; Canvas/PNG mechanical normalization","not exposed","2026-09-25T15:27:46.000Z","ATTEMPT 1
Use case: identity-preserve precise-object-edit. PILOT 2 TEMPLATE RESKIN, NOT FREE GENERATION. First input is the exact walking sprite sheet to edit. Second input is the project's accepted textile clothing reskin showing the painterly style. Edit CLOTHING ONLY to depict a wool merchant wearing a good muted deep brown wool gown and modest wool merchant hat. No props. Southern England 1300-1450. EXACTLY preserve first image's four columns and two rows, all eight poses, direction order, alternate forward foot between rows, body proportions, head center, BOTH FOOT silhouettes and both foot positions. Do not redesign, reposition, recenter or enlarge people. Keep original boots, foot pixels, gait, original face and head size. Clothing changes conform tightly to original body. Each frame depicts the SAME costume in four viewing directions; consistent hat, hem length, bag and apron. Transparent RGBA background, no ground, no cast shadow, no tile squares or labels. Preserve original sheet aspect ratio 2:1 and original cell locations, ample clear cell gutters. Soft upper-left light, low saturation broad hand-painted game brushwork readable at tiny native sprite size. No text, no watermark, no accessories not requested. This is an edit of eight existing poses, not eight new poses.","actor_merchant-v1.png; wk_textile_f_01-v1.png","not exposed","1 native attempts; selected source recorded","Per-cell native generated clothing mapped to original template geometry, restricted to torso region 23%-65% of actor height. Original alpha silhouette, head top 23%, BOTH legs/boots bottom35% retained exactly byte-for-byte. No frames swapped; original canvas and eight poses preserved. Final lossless raw PNG RGBA restoration of protected regions avoids Canvas premultiplication rounding; saved-file pixel validation executed.","AB_2026-09-19_v1","S_England_1300_1450_v1","Astra Wave3","candidate only; no game installation","candidate","See QA.md and per-family records."
"yard/tenter_frames_a-v1","v1","yard/tenter_frames_a-v1.png","958430122112831e3674bb54d29d267b03a3d098a335df674f32bbb9a9ae937b","/Users/rexxa/Library/Application Support/orca/codex-accounts/54be5844-95fd-4c46-925c-75327ccd186a/home/generated_images/01a0d928-0bf6-71e1-9cb2-511d3aa37ddf/exec-d31e239e-e1a8-4c3a-9643-d58c3356ce88.png","ef069a8e3836127a05efaf1cea4c658690ad7e5dff2130f9d2bb9e669a5c07f7","native image_gen; Canvas/PNG mechanical normalization","not exposed","2026-09-25T15:26:17.000Z","ATTEMPT 1
ROLE module. ONE line of medieval English EMPTY TENTER FRAMES used to stretch fulled woollen cloth; 384x192 genuine transparent RGBA isolated SW 2:1 isometric game sprite. Three sturdy open rectangular wooden frames in a row receding gently along the 2:1 isometric ground axis; no cloth in this empty version. Simple weathered wooden uprights and crossbars, small restrained hook indications not tiny noisy points. Match reference game timber painterly muted warm brown and olive style. Wide sparse readable silhouettes, beams 8-12px or broader at source size, all frames comfortably inside 8px transparent margins. Bottom-center ground pivot, soft top-left light contact AO only, no broad grass island, people, modern metal rigging, ropes maze, letters numbers or border.","farmstead_a-v1.png","not exposed","1 native attempts; selected source recorded","Canvas alpha-bounds crop; one proportional resample to specified canvas inside 8px margins, bottom-center contact; source alpha retained. 3px transparent RGB dilation against fringe; strip endpoint RGBA equality enforced.","AB_2026-09-19_v1","S_England_1300_1450_v1","Astra Wave3","candidate only; no game installation","candidate","See QA.md and per-family records."
"yard/tenter_frames_b-v1","v1","yard/tenter_frames_b-v1.png","d1467b6d2f2c4678f26aca2c27f3b715424c6d47c280256f651555aab1623ac9","/Users/rexxa/Library/Application Support/orca/codex-accounts/54be5844-95fd-4c46-925c-75327ccd186a/home/generated_images/01a0d928-0bf6-71e1-9cb2-511d3aa37ddf/exec-18c20d4c-0752-4334-841a-af8662eb301d.png","35b01e276fa1f9c6f7cf56eb9cfa497203a74858c69fda3c046f09491cbeb22e","native image_gen; Canvas/PNG mechanical normalization","not exposed","2026-09-25T15:29:24.000Z","ATTEMPT 1
Use case precise-object-edit. ROLE module. Edit attached EMPTY project tenter frame to three taut undyed cream woollen CLOTH rectangles, one within each bay, stretched to hooks at all four edges. Preserve EXACT same wooden frame geometry, silhouettes, 2:1 SW view, canvas composition, pivots and timber tone. Cloth must be stretched tensioned flat on hooks all edges not hanging laundry, no sag. 384x192 target transparentRGBA sprite,8px transparent margins, softupperleftlightcontactAOonly. Broad painterly forms readable at0.3scale,no micro-noise. No people, text, symbols, surrounding terrain. Existing image is project asset reference and precise geometry edit target.","tenter_frames_a-v1.png","not exposed","1 native attempts; selected source recorded","Canvas alpha-bounds crop; one proportional resample to specified canvas inside 8px margins, bottom-center contact; source alpha retained. 3px transparent RGB dilation against fringe; strip endpoint RGBA equality enforced.","AB_2026-09-19_v1","S_England_1300_1450_v1","Astra Wave3","candidate only; no game installation","candidate","See QA.md and per-family records."
"yard/tenter_frames_dyed-v1","v1","yard/tenter_frames_dyed-v1.png","982f05b4fe07ab217511e669057e609d2715142cf36f9a65055216ef906f3604","/Users/rexxa/Library/Application Support/orca/codex-accounts/54be5844-95fd-4c46-925c-75327ccd186a/home/generated_images/01a0d928-0bf6-71e1-9cb2-511d3aa37ddf/exec-2a732024-9278-4b45-874d-eada65238709.png","179ab1423ba680534ff8a6f7b9b99fef88cb68f4d6b7041cd8e95cff9ed53405","native image_gen; Canvas/PNG mechanical normalization","not exposed","2026-09-25T15:29:59.000Z","ATTEMPT 1
Use case precise-object-edit. ROLE module. Edit attached EMPTY project tenter frame to three taut DYED woollen CLOTH rectangles, one within each bay: muted dusty Woad blue, low-saturation clay Madder red, muted straw Weld yellow. No bright primary colors. Preserve EXACT same wooden frame geometry, silhouettes, 2:1 SW view, canvas composition, pivots and timber tone. Cloth must be stretched tensioned flat on hooks all edges not hanging laundry, no sag. 384x192 target transparentRGBA sprite,8px transparent margins, softupperleftlightcontactAOonly. Broad painterly forms readable at0.3scale,no micro-noise. No people, text, symbols, surrounding terrain. Existing image is project asset reference and precise geometry edit target.","tenter_frames_a-v1.png","not exposed","1 native attempts; selected source recorded","Canvas alpha-bounds crop; one proportional resample to specified canvas inside 8px margins, bottom-center contact; source alpha retained. 3px transparent RGB dilation against fringe; strip endpoint RGBA equality enforced.","AB_2026-09-19_v1","S_England_1300_1450_v1","Astra Wave3","candidate only; no game installation","candidate","See QA.md and per-family records."
