"id","identity_id","stage","file","sex","age_group","age","class","body","direction","hair_color","skin_tone","features","clothing","marital_status","source_file","source_sha256","reference_files","prompt","sha256"
"P01","P01","pool","portraits/P01.png","m","young","26","labour","thin","left","chestnut","light cool rosy freckled skin","very long narrow cranium, oversized projecting ears, long straight broad-bridge nose slightly turned down, close-set grey eyes, thin lips, cleft narrow chin, long thin neck and bony shoulders, clean shaven","faded woad-blue wool tunic with repaired shoulder, undyed linen neck, no hat, barely visible wooden spade handle at shoulder","unmarried","provenance/raw/P01.png","f27a7fea017dc46547303d5ce2d388b2e67dfa0ee1d837b2c3a6c0a99bacfd02","provenance/references/4fe32158e0ec-pt_pilot_P1-v1.png; provenance/references/f38fd1c9242e-pt_pilot_P5-v1.png; provenance/references/07f3c0b5566d-청지기_화풍참조.png","Use case: historical-scene. Create ONE complete indivisible painted bust portrait for a historical game, a genuinely different human individual, not a face template with changed costume. Southern England circa 1300. Square composition, entire head with comfortable top margin, upper torso and both shoulders naturally cropped at bottom, eye line about 40-48% of height. Plain uniform low-saturation grey-brown background like the references, opaque. Natural hand-painted realism matching pilot references: fine restrained brush texture, believable skin and wool, soft upper-left illumination, muted earth/woad/madder palette. Not photographic, not caricature, no black outlines, no text, no frame, no lettering, no symbols in background. References are ONLY painting style/finish examples, NEVER copy their face, skull, pose or clothing. Subject-specific bone structure, age, body fat and asymmetries must be immediately apparent at96px. Paint direction natively; do not mirror any reference. No modern haircuts, no modern priest collar, no bright primary colors. Face physique and skin tone must not communicate moral worth. Draw coherent full person and garment together, no layers, no cutout look. Male farm labourer age26, THIN with a very long narrow cranium, oversized projecting ears, long straight broad-bridge nose with slightly downturned tip, close-set grey eyes, thin lips, cleft narrow chin, long thin neck and bony sloping shoulders. Light cool rosy skin scattered freckles, chestnut untidy ear-length hair, clean shaven. Left-facing three-quarter: nose clearly points to IMAGE LEFT, both eyes visible. Faded woad-blue wool tunic with neatly repaired shoulder, undyed linen at neck, NO hat. Barely visible wooden spade handle at lower shoulder. Neutral thoughtful expression, no smile. A distinctive unusual but entirely plausible real face; not conventionally handsome.","4d5fbcfefa9fb22364106d9f76f20e3d8f28b1c78e8ed8257786e131b664dc3f"
"P02","P02","pool","portraits/P02.png","f","child","12","labour","fat","right","dark chestnut","light warm ivory with rosy cheeks","broad round child face, low flat nasal bridge and wide nose tip, small close-set hazel eyes, full cheeks and soft short neck, softly uneven front teeth","muted brick-red wool kirtle, unbleached linen apron, two practical plaits","child","provenance/raw/P02.png","fef5a1abfc173510b6431f0882da09f1ca1bdefbff0269529e24b50da3fc7c6a","provenance/references/4fe32158e0ec-pt_pilot_P1-v1.png; provenance/references/f38fd1c9242e-pt_pilot_P5-v1.png; provenance/references/07f3c0b5566d-청지기_화풍참조.png","Use case: historical-scene. Create ONE complete indivisible painted bust portrait for a historical game, a genuinely different human individual, not a face template with changed costume. Southern England circa 1300. Square composition, entire head with comfortable top margin, upper torso and both shoulders naturally cropped at bottom, eye line about 40-48% of height. Plain uniform low-saturation grey-brown background like the references, opaque. Natural hand-painted realism matching pilot references: fine restrained brush texture, believable skin and wool, soft upper-left illumination, muted earth/woad/madder palette. Not photographic, not caricature, no black outlines, no text, no frame, no lettering, no symbols in background. References are ONLY painting style/finish examples, NEVER copy their face, skull, pose or clothing. Subject-specific bone structure, age, body fat and asymmetries must be immediately apparent at96px. Paint direction natively; do not mirror any reference. No modern haircuts, no modern priest collar, no bright primary colors. Face physique and skin tone must not communicate moral worth. Draw coherent full person and garment together, no layers, no cutout look. One distinct 12-year-old female person in southern England around 1300; authentically facing toward viewer RIGHT in a three-quarter view, nose projecting toward image right. visibly fat build, full cheeks and fleshy jaw, thick neck and broad soft shoulders. Unique anatomical identity: broad round child face, low flat nasal bridge and wide nose tip, small close-set hazel eyes, full cheeks and soft short neck, softly uneven front teeth. Skin: light warm ivory with rosy cheeks; hair: dark chestnut. Period clothing integrated naturally into this complete bust portrait: muted brick-red wool kirtle, unbleached linen apron, two practical plaits. Natural dignified human expression; anatomy is distinctive but believable, never caricature. Do not copy facial anatomy, head proportions, pose or body silhouette from the style reference. No moral meaning attached to body shape, skin tone, age or class. Paint this direction directly, never mirror an existing portrait.","56d08f44c8283a9b6a87c20a79f4b128e44feb38999fec156b202a84ade78068"
"P03","P03","pool","portraits/P03.png","m","child","10","labour","average","front","golden brown","fair pink with scattered freckles","small triangular child face, disproportionately large round grey eyes, snub button nose, protruding cup ears, tiny pointed chin, normal child cheek volume and short neck","plain faded moss-green wool tunic, loose oatmeal linen coif, no adult tools","child","provenance/raw/P03.png","5ba47847ae7f92577594346806fba0e13965f51eee6354dde3376477d1fd7b08","provenance/references/4fe32158e0ec-pt_pilot_P1-v1.png; provenance/references/f38fd1c9242e-pt_pilot_P5-v1.png; provenance/references/07f3c0b5566d-청지기_화풍참조.png","Use case: historical-scene. Create ONE complete indivisible painted bust portrait for a historical game, a genuinely different human individual, not a face template with changed costume. Southern England circa 1300. Square composition, entire head with comfortable top margin, upper torso and both shoulders naturally cropped at bottom, eye line about 40-48% of height. Plain uniform low-saturation grey-brown background like the references, opaque. Natural hand-painted realism matching pilot references: fine restrained brush texture, believable skin and wool, soft upper-left illumination, muted earth/woad/madder palette. Not photographic, not caricature, no black outlines, no text, no frame, no lettering, no symbols in background. References are ONLY painting style/finish examples, NEVER copy their face, skull, pose or clothing. Subject-specific bone structure, age, body fat and asymmetries must be immediately apparent at96px. Paint direction natively; do not mirror any reference. No modern haircuts, no modern priest collar, no bright primary colors. Face physique and skin tone must not communicate moral worth. Draw coherent full person and garment together, no layers, no cutout look. One distinct 10-year-old boy in southern England around 1300, almost front-facing with natural slight asymmetry and both cheeks visible. Average healthy child build, short child neck and small shoulders. Small triangular child face, disproportionately large round grey eyes, snub button nose, protruding cup ears, tiny pointed chin. Fair pink skin with scattered freckles, golden-brown hair. Plain faded moss-green wool tunic and loose oatmeal linen coif, no adult tools. A naturally integrated complete bust portrait, not assembled layers. Natural dignified expression, distinct realistic child anatomy, never miniature adult or caricature. Do not copy facial anatomy from style reference. No moral meaning attached to body or skin. Paint directly, never mirror.","26b3344a4f3a5e6d2e3a2aa17067e8805156f68d948ad19f9feaff45f0fc8afb"
"P04","P04","pool","portraits/P04.png","f","mature","43","labour","thin","right","copper auburn","fair cool pink with dense freckles","long lean oblong skull, pronounced cheekbones, long straight narrow nose, wide-set slightly downturned green eyes, sharply defined long chin, fine wide lips","faded grey-blue wool kirtle, linen apron, cream headcloth fully covering crown and tied behind neck","married","provenance/raw/P04.png","80b8d349ecc9f020739c23abcbe639349d358c829a51dc1f28329d52b67042f6","provenance/references/4fe32158e0ec-pt_pilot_P1-v1.png; provenance/references/f38fd1c9242e-pt_pilot_P5-v1.png; provenance/references/07f3c0b5566d-청지기_화풍참조.png","Use case: historical-scene. Create ONE complete indivisible painted bust portrait for a historical game, a genuinely different human individual, not a face template with changed costume. Southern England circa 1300. Square composition, entire head with comfortable top margin, upper torso and both shoulders naturally cropped at bottom, eye line about 40-48% of height. Plain uniform low-saturation grey-brown background like the references, opaque. Natural hand-painted realism matching pilot references: fine restrained brush texture, believable skin and wool, soft upper-left illumination, muted earth/woad/madder palette. Not photographic, not caricature, no black outlines, no text, no frame, no lettering, no symbols in background. References are ONLY painting style/finish examples, NEVER copy their face, skull, pose or clothing. Subject-specific bone structure, age, body fat and asymmetries must be immediately apparent at96px. Paint direction natively; do not mirror any reference. No modern haircuts, no modern priest collar, no bright primary colors. Face physique and skin tone must not communicate moral worth. Draw coherent full person and garment together, no layers, no cutout look. One distinct 43-year-old female person in southern England around 1300; authentically facing toward viewer RIGHT in a three-quarter view, nose projecting toward image right. visibly lean build, angular cheek and slender neck and shoulders. Unique anatomical identity: long lean oblong skull, pronounced cheekbones, long straight narrow nose, wide-set slightly downturned green eyes, sharply defined long chin, fine wide lips. Skin: fair cool pink with dense freckles; hair: copper auburn. Period clothing integrated naturally into this complete bust portrait: faded grey-blue wool kirtle, linen apron, cream headcloth fully covering crown and tied behind neck. Natural dignified human expression; anatomy is distinctive but believable, never caricature. Do not copy facial anatomy, head proportions, pose or body silhouette from the style reference. No moral meaning attached to body shape, skin tone, age or class. Paint this direction directly, never mirror an existing portrait.","c6bd7d5c3f3a3756c57bbdecba4e8b4a5b3d8421f7efb0eca6f1e3a6693ad2b7"
"P05","P05","pool","portraits/P05.png","m","mature","48","labour","fat","front","sandy brown","pale neutral ivory with ruddy nose","very short broad face, broad flattened bulbous nose, heavy upper eyelids, small grey eyes, soft deep jowls and thick neck, broad low ears, scant short sandy moustache","subdued madder-red stout wool tunic, worn brown leather shoulder strap, simple undyed cap pushed back","married","provenance/raw/P05.png","24dc3a70c349fb15fbbcf4fec844dbb45be6003a8f5dedf52ebe5b74c242028b","provenance/references/4fe32158e0ec-pt_pilot_P1-v1.png; provenance/references/f38fd1c9242e-pt_pilot_P5-v1.png; provenance/references/07f3c0b5566d-청지기_화풍참조.png","Use case: historical-scene. Create ONE complete indivisible painted bust portrait for a historical game, a genuinely different human individual, not a face template with changed costume. Southern England circa 1300. Square composition, entire head with comfortable top margin, upper torso and both shoulders naturally cropped at bottom, eye line about 40-48% of height. Plain uniform low-saturation grey-brown background like the references, opaque. Natural hand-painted realism matching pilot references: fine restrained brush texture, believable skin and wool, soft upper-left illumination, muted earth/woad/madder palette. Not photographic, not caricature, no black outlines, no text, no frame, no lettering, no symbols in background. References are ONLY painting style/finish examples, NEVER copy their face, skull, pose or clothing. Subject-specific bone structure, age, body fat and asymmetries must be immediately apparent at96px. Paint direction natively; do not mirror any reference. No modern haircuts, no modern priest collar, no bright primary colors. Face physique and skin tone must not communicate moral worth. Draw coherent full person and garment together, no layers, no cutout look. One distinct 48-year-old male person in southern England around 1300; almost front-facing, natural slight asymmetry, both cheeks visible. visibly fat build, full cheeks and fleshy jaw, thick neck and broad soft shoulders. Unique anatomical identity: very short broad face, broad flattened bulbous nose, heavy upper eyelids, small grey eyes, soft deep jowls and thick neck, broad low ears, scant short sandy moustache. Skin: pale neutral ivory with ruddy nose; hair: sandy brown. Period clothing integrated naturally into this complete bust portrait: subdued madder-red stout wool tunic, worn brown leather shoulder strap, simple undyed cap pushed back. Natural dignified human expression; anatomy is distinctive but believable, never caricature. Do not copy facial anatomy, head proportions, pose or body silhouette from the style reference. No moral meaning attached to body shape, skin tone, age or class. Paint this direction directly, never mirror an existing portrait.","3ca0c80672369f038526e238a5c609000affe285a7ae4942b382229b64f42de0"
"P06","P06","pool","portraits/P06.png","f","old","69","labour","average","left","silver grey","light honey beige with fine age spots","narrow high forehead over wide angular jaw, gently aquiline nose, one eyebrow naturally higher, narrow brown eyes, thin folded mouth with a visible missing upper side tooth in a slight smile, folded asymmetrical ears","moss-grey wool kirtle, off-white conservative wimple and simple veil, no black mourning uniform","widow","provenance/raw/P06.png","88fab6a982e32751f1891024b6a5a703796db987f1f5f7cd6888fe7ab8d725df","provenance/references/4fe32158e0ec-pt_pilot_P1-v1.png; provenance/references/f38fd1c9242e-pt_pilot_P5-v1.png; provenance/references/07f3c0b5566d-청지기_화풍참조.png","Use case: historical-scene. Create ONE complete indivisible painted bust portrait for a historical game, a genuinely different human individual, not a face template with changed costume. Southern England circa 1300. Square composition, entire head with comfortable top margin, upper torso and both shoulders naturally cropped at bottom, eye line about 40-48% of height. Plain uniform low-saturation grey-brown background like the references, opaque. Natural hand-painted realism matching pilot references: fine restrained brush texture, believable skin and wool, soft upper-left illumination, muted earth/woad/madder palette. Not photographic, not caricature, no black outlines, no text, no frame, no lettering, no symbols in background. References are ONLY painting style/finish examples, NEVER copy their face, skull, pose or clothing. Subject-specific bone structure, age, body fat and asymmetries must be immediately apparent at96px. Paint direction natively; do not mirror any reference. No modern haircuts, no modern priest collar, no bright primary colors. Face physique and skin tone must not communicate moral worth. Draw coherent full person and garment together, no layers, no cutout look. One distinct 69-year-old female person in southern England around 1300; authentically facing toward viewer LEFT in a three-quarter view, nose projecting toward image left. ordinary medium build with natural cheek volume, medium neck and shoulders. Unique anatomical identity: narrow high forehead over wide angular jaw, gently aquiline nose, one eyebrow naturally higher, narrow brown eyes, thin folded mouth with a visible missing upper side tooth in a slight smile, folded asymmetrical ears. Skin: light honey beige with fine age spots; hair: silver grey. Period clothing integrated naturally into this complete bust portrait: moss-grey wool kirtle, off-white conservative wimple and simple veil, no black mourning uniform. Natural dignified human expression; anatomy is distinctive but believable, never caricature. Do not copy facial anatomy, head proportions, pose or body silhouette from the style reference. No moral meaning attached to body shape, skin tone, age or class. Paint this direction directly, never mirror an existing portrait.","6875ab687593d2f644c4256c1d1d908343e3b97fc206742d7531ef75f3e4084f"
"P07","P07","pool","portraits/P07.png","f","child","9","artisan","average","front","auburn brown","light peach with subtle yellow undertone","high rounded child forehead, wide-set almond brown eyes, tiny upturned nose, lower lip fuller than upper, broad little chin, one ear slightly farther out","plain muted yellow-ochre wool kirtle, simple cream linen headband, brown plaits, household apprentice context without heavy tools","child","provenance/raw/P07.png","dd05c5dacf7b7d6f50c2d527e340b3ac694b6b2f4d7ce4219fdac1479ac18083","provenance/references/4fe32158e0ec-pt_pilot_P1-v1.png; provenance/references/f38fd1c9242e-pt_pilot_P5-v1.png; provenance/references/07f3c0b5566d-청지기_화풍참조.png","Use case: historical-scene. Create ONE complete indivisible painted bust portrait for a historical game, a genuinely different human individual, not a face template with changed costume. Southern England circa 1300. Square composition, entire head with comfortable top margin, upper torso and both shoulders naturally cropped at bottom, eye line about 40-48% of height. Plain uniform low-saturation grey-brown background like the references, opaque. Natural hand-painted realism matching pilot references: fine restrained brush texture, believable skin and wool, soft upper-left illumination, muted earth/woad/madder palette. Not photographic, not caricature, no black outlines, no text, no frame, no lettering, no symbols in background. References are ONLY painting style/finish examples, NEVER copy their face, skull, pose or clothing. Subject-specific bone structure, age, body fat and asymmetries must be immediately apparent at96px. Paint direction natively; do not mirror any reference. No modern haircuts, no modern priest collar, no bright primary colors. Face physique and skin tone must not communicate moral worth. Draw coherent full person and garment together, no layers, no cutout look. One distinct 9-year-old female person in southern England around 1300; almost front-facing, natural slight asymmetry, both cheeks visible. ordinary medium build with natural cheek volume, medium neck and shoulders. Unique anatomical identity: high rounded child forehead, wide-set almond brown eyes, tiny upturned nose, lower lip fuller than upper, broad little chin, one ear slightly farther out. Skin: light peach with subtle yellow undertone; hair: auburn brown. Period clothing integrated naturally into this complete bust portrait: plain muted yellow-ochre wool kirtle, simple cream linen headband, brown plaits, household apprentice context without heavy tools. Natural dignified human expression; anatomy is distinctive but believable, never caricature. Do not copy facial anatomy, head proportions, pose or body silhouette from the style reference. No moral meaning attached to body shape, skin tone, age or class. Paint this direction directly, never mirror an existing portrait.","8a1f8e1f669c1b6493ff3b52d0c53bcec7f398c25fbdca8a87cee5dc093d76df"
"P08","P08","pool","portraits/P08.png","m","young","24","artisan","thin","left","red brown","very fair rosy ivory","short broad diamond-shaped cranium despite lean body, very wide high cheekbones and abruptly small recessed chin, extremely short upturned snub nose with broad nostrils, wide-set round amber eyes, low horizontal brow, small close-fitting ears, broad fleshy lips and a tiny healed cleft scar at upper lip; sparse straight copper hair","dull grey-green wool tunic, natural leather cobbler apron, small awl secured at chest edge, no modern haircut; soft plain brown wool cap visible in selected painting","unmarried","provenance/raw/P08.png","6e031c59bc932ec8e3116500fd59591cce254cb09a1294ced3aa98d73e7c126c","provenance/references/4fe32158e0ec-pt_pilot_P1-v1.png; provenance/references/f38fd1c9242e-pt_pilot_P5-v1.png","Use case: historical-scene. Create ONE complete indivisible painted bust portrait for a historical game, a genuinely different human individual, not a face template with changed costume. Southern England circa 1300. Square composition, entire head with comfortable top margin, upper torso and both shoulders naturally cropped at bottom, eye line about 40-48% of height. Plain uniform low-saturation grey-brown background like the references, opaque. Natural hand-painted realism matching pilot references: fine restrained brush texture, believable skin and wool, soft upper-left illumination, muted earth/woad/madder palette. Not photographic, not caricature, no black outlines, no text, no frame, no lettering, no symbols in background. References are ONLY painting style/finish examples, NEVER copy their face, skull, pose or clothing. Subject-specific bone structure, age, body fat and asymmetries must be immediately apparent at96px. Paint direction natively; do not mirror any reference. No modern haircuts, no modern priest collar, no bright primary colors. Face physique and skin tone must not communicate moral worth. Draw coherent full person and garment together, no layers, no cutout look. A24yearold male cobbler, thin lanky neck and bony shoulders BUT a SHORT WIDE DIAMOND face, NOT a long face. short broad diamond-shaped cranium despite lean body, very wide high cheekbones and abruptly small recessed chin, extremely short upturned snub nose with broad nostrils, wide-set round amber eyes, low horizontal brow, small close-fitting ears, broad fleshy lips and a tiny healed cleft scar at upper lip; sparse straight copper hair. Veryfair ivory skin, copperhair. Left threequarter nose points imageLEFT. Dullgreygreen wool tunic, naturalleather cobbler apron and smallawlsecuredatchest. No beard. Realistic unusual natural features, no caricature.","9842ffffb28188c951e7a588686bd2fa0c1a556124e45ec7c3bff838af008a10"
"P09","P09","pool","portraits/P09.png","f","young","22","artisan","fat","right","ash blonde","very pale cool porcelain with pink nose and cheeks","heavy broad rectangular face with wide square jaw padded with soft fat, very long broad hooked nose, very small close-set grey eyes beneath high arched sparse eyebrows, exceptionally wide thin-lipped mouth, slight natural convergent strabismus, low wide forehead, short thick neck and double chin","dusty woad-blue wool kirtle, neat linen work apron, simple linen coif covering crown, tiny spindle end at lower edge","married","provenance/raw/P09.png","56c0543d3e698b9e699ae1a383d0359ccb42e23806aa5f7fa380068dc36a344d","provenance/references/4fe32158e0ec-pt_pilot_P1-v1.png","Use case: historical-scene. Create ONE complete indivisible painted bust portrait for a historical game, a genuinely different human individual, not a face template with changed costume. Southern England circa 1300. Square composition, entire head with comfortable top margin, upper torso and both shoulders naturally cropped at bottom, eye line about 40-48% of height. Plain uniform low-saturation grey-brown background like the references, opaque. Natural hand-painted realism matching pilot references: fine restrained brush texture, believable skin and wool, soft upper-left illumination, muted earth/woad/madder palette. Not photographic, not caricature, no black outlines, no text, no frame, no lettering, no symbols in background. References are ONLY painting style/finish examples, NEVER copy their face, skull, pose or clothing. Subject-specific bone structure, age, body fat and asymmetries must be immediately apparent at96px. Paint direction natively; do not mirror any reference. No modern haircuts, no modern priest collar, no bright primary colors. Face physique and skin tone must not communicate moral worth. Draw coherent full person and garment together, no layers, no cutout look. Young adult female24, FAT broadsoftshoulders thickneck softdoublechin. RIGHTfacing3/4 nosepointsimageRIGHT. heavy broad rectangular face with wide square jaw padded with soft fat, very long broad hooked nose, very small close-set grey eyes beneath high arched sparse eyebrows, exceptionally wide thin-lipped mouth, slight natural convergent strabismus, low wide forehead, short thick neck and double chin. very pale cool porcelain with pink nose and cheeks. Ashblondehair fullyunder fittedlinen coif, fadedwoadblue woolkirtle andunbleachedapron, artisanretailer. Not roundbuttonnoseface, NO childlikefeatures. Anatomicallyrealistic distinctadultwoman, no caricature. Nose LONGHOOKED visibly larger than mouthheight. Wide squarepaddedjaw.","00febe551bfbbdf03004957826c16bce518284cc6d8c70f83f98b1d46748f704"
"P10","P10","pool","portraits/P10.png","m","mature","39","artisan","average","right","dark brown","fair peach with red cheek undertone","diamond face with broad high cheekbones and narrow jaw, strong convex nose with angular tip, visibly uneven eyebrow height, medium-wide hazel eyes, long thin mouth, short dense pointed beard","muted brick-red tunic, worn leather smith apron with modest soot staining on fabric, plain linen coif, no armor","married","provenance/raw/P10.png","ae14c405d999c1c3cca55527d69b34a9227d937607c3aa8b033ce0d3a1501793","provenance/references/4fe32158e0ec-pt_pilot_P1-v1.png; provenance/references/f38fd1c9242e-pt_pilot_P5-v1.png","Use case: historical-scene. Create ONE complete indivisible painted bust portrait for a historical game, a genuinely different human individual, not a face template with changed costume. Southern England circa 1300. Square composition, entire head with comfortable top margin, upper torso and both shoulders naturally cropped at bottom, eye line about 40-48% of height. Plain uniform low-saturation grey-brown background like the references, opaque. Natural hand-painted realism matching pilot references: fine restrained brush texture, believable skin and wool, soft upper-left illumination, muted earth/woad/madder palette. Not photographic, not caricature, no black outlines, no text, no frame, no lettering, no symbols in background. References are ONLY painting style/finish examples, NEVER copy their face, skull, pose or clothing. Subject-specific bone structure, age, body fat and asymmetries must be immediately apparent at96px. Paint direction natively; do not mirror any reference. No modern haircuts, no modern priest collar, no bright primary colors. Face physique and skin tone must not communicate moral worth. Draw coherent full person and garment together, no layers, no cutout look. One distinct 39-year-old male person in southern England around 1300; authentically facing toward viewer RIGHT in a three-quarter view, nose projecting toward image right. ordinary medium build with natural cheek volume, medium neck and shoulders. Unique anatomical identity: diamond face with broad high cheekbones and narrow jaw, strong convex nose with angular tip, visibly uneven eyebrow height, medium-wide hazel eyes, long thin mouth, short dense pointed beard. Skin: fair peach with red cheek undertone; hair: dark brown. Period clothing integrated naturally into this complete bust portrait: muted brick-red tunic, worn leather smith apron with modest soot staining on fabric, plain linen coif, no armor. Natural dignified human expression; anatomy is distinctive but believable, never caricature. Do not copy facial anatomy, head proportions, pose or body silhouette from the style reference. No moral meaning attached to body shape, skin tone, age or class. Paint this direction directly, never mirror an existing portrait.","f7bc8e72f46953b8202ef55741f74ba6fd9cfd943569df4d1416a90aae57038a"
"P11","P11","pool","portraits/P11.png","f","old","64","artisan","thin","front","white grey","light cool ivory with rosy patches","small square skull, hollow cheeks, broad short slightly upturned nose, alert wide-set pale blue eyes, wide thin lips and deep vertical lip lines, sharply squared chin","muted sage wool kirtle, tidy cream linen veil and wimple, faded blue apron, a little folded cloth at lower bust","widow","provenance/raw/P11.png","9fd0c92573e5e23318f1cb8d1829b5c6032c5f13bc064bf457b2b340d2845468","provenance/references/4fe32158e0ec-pt_pilot_P1-v1.png; provenance/references/f38fd1c9242e-pt_pilot_P5-v1.png; provenance/references/07f3c0b5566d-청지기_화풍참조.png","Use case: historical-scene. Create ONE complete indivisible painted bust portrait for a historical game, a genuinely different human individual, not a face template with changed costume. Southern England circa 1300. Square composition, entire head with comfortable top margin, upper torso and both shoulders naturally cropped at bottom, eye line about 40-48% of height. Plain uniform low-saturation grey-brown background like the references, opaque. Natural hand-painted realism matching pilot references: fine restrained brush texture, believable skin and wool, soft upper-left illumination, muted earth/woad/madder palette. Not photographic, not caricature, no black outlines, no text, no frame, no lettering, no symbols in background. References are ONLY painting style/finish examples, NEVER copy their face, skull, pose or clothing. Subject-specific bone structure, age, body fat and asymmetries must be immediately apparent at96px. Paint direction natively; do not mirror any reference. No modern haircuts, no modern priest collar, no bright primary colors. Face physique and skin tone must not communicate moral worth. Draw coherent full person and garment together, no layers, no cutout look. One distinct 64-year-old female person in southern England around 1300; almost front-facing, natural slight asymmetry, both cheeks visible. visibly lean build, angular cheek and slender neck and shoulders. Unique anatomical identity: small square skull, hollow cheeks, broad short slightly upturned nose, alert wide-set pale blue eyes, wide thin lips and deep vertical lip lines, sharply squared chin. Skin: light cool ivory with rosy patches; hair: white grey. Period clothing integrated naturally into this complete bust portrait: muted sage wool kirtle, tidy cream linen veil and wimple, faded blue apron, a little folded cloth at lower bust. Natural dignified human expression; anatomy is distinctive but believable, never caricature. Do not copy facial anatomy, head proportions, pose or body silhouette from the style reference. No moral meaning attached to body shape, skin tone, age or class. Paint this direction directly, never mirror an existing portrait.","ccd6cc5dccac45b6bbf9f70bbe5da47fc49d39e45e44327046028227662f1bbb"
"P12","P12","pool","portraits/P12.png","m","old","72","artisan","fat","left","steel grey","fair warm beige with freckles","large domed forehead, long drooping fleshy nose, deep-set close eyes, broad rounded jaw and heavy neck, full grey side-whiskers joined to short beard, one prominent folded ear","well-used faded blue wool tunic, soft russet work cap, stitched leather apron, no rich trim","widower","provenance/raw/P12.png","531b5e9b6262a5c533e20c576b918cec8a1bc81ab3d6164f344c94377a9dbce9","provenance/references/4fe32158e0ec-pt_pilot_P1-v1.png; provenance/references/f38fd1c9242e-pt_pilot_P5-v1.png; provenance/references/07f3c0b5566d-청지기_화풍참조.png","Use case: historical-scene. Create ONE complete indivisible painted bust portrait for a historical game, a genuinely different human individual, not a face template with changed costume. Southern England circa 1300. Square composition, entire head with comfortable top margin, upper torso and both shoulders naturally cropped at bottom, eye line about 40-48% of height. Plain uniform low-saturation grey-brown background like the references, opaque. Natural hand-painted realism matching pilot references: fine restrained brush texture, believable skin and wool, soft upper-left illumination, muted earth/woad/madder palette. Not photographic, not caricature, no black outlines, no text, no frame, no lettering, no symbols in background. References are ONLY painting style/finish examples, NEVER copy their face, skull, pose or clothing. Subject-specific bone structure, age, body fat and asymmetries must be immediately apparent at96px. Paint direction natively; do not mirror any reference. No modern haircuts, no modern priest collar, no bright primary colors. Face physique and skin tone must not communicate moral worth. Draw coherent full person and garment together, no layers, no cutout look. One distinct 72-year-old male person in southern England around 1300; authentically facing toward viewer LEFT in a three-quarter view, nose projecting toward image left. visibly fat build, full cheeks and fleshy jaw, thick neck and broad soft shoulders. Unique anatomical identity: large domed forehead, long drooping fleshy nose, deep-set close eyes, broad rounded jaw and heavy neck, full grey side-whiskers joined to short beard, one prominent folded ear. Skin: fair warm beige with freckles; hair: steel grey. Period clothing integrated naturally into this complete bust portrait: well-used faded blue wool tunic, soft russet work cap, stitched leather apron, no rich trim. Natural dignified human expression; anatomy is distinctive but believable, never caricature. Do not copy facial anatomy, head proportions, pose or body silhouette from the style reference. No moral meaning attached to body shape, skin tone, age or class. Paint this direction directly, never mirror an existing portrait.","e3d51a565484263f3f95011eba8f692da514ec7685c4b10bed931825b6ec67db"
"P13","P13","pool","portraits/P13.png","m","young","29","merchant","fat","right","dark chestnut","fair cool rose-beige","tall broad oval skull, unusually small sharply upturned nose, wide-set round hazel eyes, thick lower lip, small recessed chin submerged in soft jaw and neck, smooth cheeks without beard","good muted plum-brown wool cote, restrained fur lining at opening, low soft dark blue wool cap, small leather purse clasp at lower bust","married","provenance/raw/P13.png","e72630abbe4431393ed71ca7cd3f2f5c7a49f3d501b0f976dc68294cfa1517c2","provenance/references/4fe32158e0ec-pt_pilot_P1-v1.png; provenance/references/f38fd1c9242e-pt_pilot_P5-v1.png; provenance/references/07f3c0b5566d-청지기_화풍참조.png","Use case: historical-scene. Create ONE complete indivisible painted bust portrait for a historical game, a genuinely different human individual, not a face template with changed costume. Southern England circa 1300. Square composition, entire head with comfortable top margin, upper torso and both shoulders naturally cropped at bottom, eye line about 40-48% of height. Plain uniform low-saturation grey-brown background like the references, opaque. Natural hand-painted realism matching pilot references: fine restrained brush texture, believable skin and wool, soft upper-left illumination, muted earth/woad/madder palette. Not photographic, not caricature, no black outlines, no text, no frame, no lettering, no symbols in background. References are ONLY painting style/finish examples, NEVER copy their face, skull, pose or clothing. Subject-specific bone structure, age, body fat and asymmetries must be immediately apparent at96px. Paint direction natively; do not mirror any reference. No modern haircuts, no modern priest collar, no bright primary colors. Face physique and skin tone must not communicate moral worth. Draw coherent full person and garment together, no layers, no cutout look. One distinct 29-year-old male person in southern England around 1300; authentically facing toward viewer RIGHT in a three-quarter view, nose projecting toward image right. visibly fat build, full cheeks and fleshy jaw, thick neck and broad soft shoulders. Unique anatomical identity: tall broad oval skull, unusually small sharply upturned nose, wide-set round hazel eyes, thick lower lip, small recessed chin submerged in soft jaw and neck, smooth cheeks without beard. Skin: fair cool rose-beige; hair: dark chestnut. Period clothing integrated naturally into this complete bust portrait: good muted plum-brown wool cote, restrained fur lining at opening, low soft dark blue wool cap, small leather purse clasp at lower bust. Natural dignified human expression; anatomy is distinctive but believable, never caricature. Do not copy facial anatomy, head proportions, pose or body silhouette from the style reference. No moral meaning attached to body shape, skin tone, age or class. Paint this direction directly, never mirror an existing portrait.","ea06565c12a7d8110a8f3815b9d8c23e3cffac63cc7b0130fbc0e016746ae801"
"P14","P14","pool","portraits/P14.png","f","young","25","merchant","average","left","copper red","fair creamy skin with concentrated nose freckles","broad heart-shaped skull, wide flat cheekbones and a very narrow cleft chin, long straight nose ending in a pronounced round tip, large tilted green eyes, thin arched brows, distinct high ears, tiny mole below her own left eye","fine muted madder-red wool kirtle with modest fitted sleeves, cream linen veil held with a narrow simple band, small folded account parchment at lower edge","married","provenance/raw/P14.png","a5dae5fc8bd2d7f5448543f5079949121fd7b4df00fd281cd7d677f78a0c1701","provenance/references/4fe32158e0ec-pt_pilot_P1-v1.png; provenance/references/f38fd1c9242e-pt_pilot_P5-v1.png; provenance/references/07f3c0b5566d-청지기_화풍참조.png","Use case: historical-scene. Create ONE complete indivisible painted bust portrait for a historical game, a genuinely different human individual, not a face template with changed costume. Southern England circa 1300. Square composition, entire head with comfortable top margin, upper torso and both shoulders naturally cropped at bottom, eye line about 40-48% of height. Plain uniform low-saturation grey-brown background like the references, opaque. Natural hand-painted realism matching pilot references: fine restrained brush texture, believable skin and wool, soft upper-left illumination, muted earth/woad/madder palette. Not photographic, not caricature, no black outlines, no text, no frame, no lettering, no symbols in background. References are ONLY painting style/finish examples, NEVER copy their face, skull, pose or clothing. Subject-specific bone structure, age, body fat and asymmetries must be immediately apparent at96px. Paint direction natively; do not mirror any reference. No modern haircuts, no modern priest collar, no bright primary colors. Face physique and skin tone must not communicate moral worth. Draw coherent full person and garment together, no layers, no cutout look. One distinct 25-year-old female person in southern England around 1300; authentically facing toward viewer LEFT in a three-quarter view, nose projecting toward image left. ordinary medium build with natural cheek volume, medium neck and shoulders. Unique anatomical identity: broad heart-shaped skull, wide flat cheekbones and a very narrow cleft chin, long straight nose ending in a pronounced round tip, large tilted green eyes, thin arched brows, distinct high ears, tiny mole below her own left eye. Skin: fair creamy skin with concentrated nose freckles; hair: copper red. Period clothing integrated naturally into this complete bust portrait: fine muted madder-red wool kirtle with modest fitted sleeves, cream linen veil held with a narrow simple band, small folded account parchment at lower edge. Natural dignified human expression; anatomy is distinctive but believable, never caricature. Do not copy facial anatomy, head proportions, pose or body silhouette from the style reference. No moral meaning attached to body shape, skin tone, age or class. Paint this direction directly, never mirror an existing portrait.","837bc37f4bfa5fb5ba7c6af22708458bc031afff5a5070acadd3d51b5675817f"
"P15","P15","pool","portraits/P15.png","m","mature","46","merchant","thin","front","bald crown; dark brown sides with grey","light golden beige","bald crown with short dark side hair, broad triangular forehead, very narrow long lower jaw, massive convex aquiline nose, small widely-spaced deeply hooded brown eyes, protruding asymmetric ears, thin upper lip and full lower lip, clean-shaven cheek with small narrow chin beard","fine slate-blue wool cote and sober grey-brown mantle, small document roll at chest, bare head with rough thinning hair","married","provenance/raw/P15.png","95dc0ff99e829d090b89646269ff6d801934d10244924021cd5babf51ad4c919","provenance/references/4fe32158e0ec-pt_pilot_P1-v1.png; provenance/references/f38fd1c9242e-pt_pilot_P5-v1.png","Use case: historical-scene. Create ONE complete indivisible painted bust portrait for a historical game, a genuinely different human individual, not a face template with changed costume. Southern England circa 1300. Square composition, entire head with comfortable top margin, upper torso and both shoulders naturally cropped at bottom, eye line about 40-48% of height. Plain uniform low-saturation grey-brown background like the references, opaque. Natural hand-painted realism matching pilot references: fine restrained brush texture, believable skin and wool, soft upper-left illumination, muted earth/woad/madder palette. Not photographic, not caricature, no black outlines, no text, no frame, no lettering, no symbols in background. References are ONLY painting style/finish examples, NEVER copy their face, skull, pose or clothing. Subject-specific bone structure, age, body fat and asymmetries must be immediately apparent at96px. Paint direction natively; do not mirror any reference. No modern haircuts, no modern priest collar, no bright primary colors. Face physique and skin tone must not communicate moral worth. Draw coherent full person and garment together, no layers, no cutout look. A46yearold male merchant, verythin slenderneck bonyshoulders. bald crown with short dark side hair, broad triangular forehead, very narrow long lower jaw, massive convex aquiline nose, small widely-spaced deeply hooded brown eyes, protruding asymmetric ears, thin upper lip and full lower lip, clean-shaven cheek with small narrow chin beard. Lightgoldenbeige skin. STRICTFRONTVIEW face towardcamera nosecentered, equalearvisibility, noheadturn. Fineslateblue woolcote grey-brownmantle, documentrollatchest. Not stewardreference face, not thickblackeyebrows, no bushyhair, nothandsomemodel. STRICT front view, facing directly toward camera with both ears equallyvisible, nose centered.","ef404dc44688fc40d2cb69a68988df72a8aec6dc6242dda1f9606911cb3d5429"
"P16","P16","pool","portraits/P16.png","f","mature","41","merchant","fat","left","dark brown","light pink ivory with mild cheek redness","nearly circular skull, broad bridged squared nose, deep-set small blue eyes under low straight brows, full upper and lower lips, broad soft chin and visible double chin, compact low-set ears","good muted moss-green wool kirtle and restrained fur-edged overgarment, cream linen wimple and veil, modest bronze fastening","married","provenance/raw/P16.png","3ff41b12f1afc8d85e4e53f050e83093c7c815400e43fc6df449c316aa0d6618","provenance/references/4fe32158e0ec-pt_pilot_P1-v1.png; provenance/references/f38fd1c9242e-pt_pilot_P5-v1.png","Use case: historical-scene. Create ONE complete indivisible painted bust portrait for a historical game, a genuinely different human individual, not a face template with changed costume. Southern England circa 1300. Square composition, entire head with comfortable top margin, upper torso and both shoulders naturally cropped at bottom, eye line about 40-48% of height. Plain uniform low-saturation grey-brown background like the references, opaque. Natural hand-painted realism matching pilot references: fine restrained brush texture, believable skin and wool, soft upper-left illumination, muted earth/woad/madder palette. Not photographic, not caricature, no black outlines, no text, no frame, no lettering, no symbols in background. References are ONLY painting style/finish examples, NEVER copy their face, skull, pose or clothing. Subject-specific bone structure, age, body fat and asymmetries must be immediately apparent at96px. Paint direction natively; do not mirror any reference. No modern haircuts, no modern priest collar, no bright primary colors. Face physique and skin tone must not communicate moral worth. Draw coherent full person and garment together, no layers, no cutout look. One distinct 41-year-old female person in southern England around 1300; authentically facing toward viewer LEFT in a three-quarter view, nose projecting toward image left. visibly fat build, full cheeks and fleshy jaw, thick neck and broad soft shoulders. Unique anatomical identity: nearly circular skull, broad bridged squared nose, deep-set small blue eyes under low straight brows, full upper and lower lips, broad soft chin and visible double chin, compact low-set ears. Skin: light pink ivory with mild cheek redness; hair: dark brown. Period clothing integrated naturally into this complete bust portrait: good muted moss-green wool kirtle and restrained fur-edged overgarment, cream linen wimple and veil, modest bronze fastening. Natural dignified human expression; anatomy is distinctive but believable, never caricature. Do not copy facial anatomy, head proportions, pose or body silhouette from the style reference. No moral meaning attached to body shape, skin tone, age or class. Paint this direction directly, never mirror an existing portrait.","53d4f4b6adad69856c86e1e2b058466d0f24a027f16bb626f4a434d7e4e24075"
"P17","P17","pool","portraits/P17.png","m","old","67","merchant","average","front","white grey","light ivory with subtle olive undertone","very tall narrow forehead, long rectangular jaw, large bulb-tipped crooked nose, wide-set pale grey eyes, thin upper lip and fuller lower lip, prominent narrow ears, clean shaven with age creases","deep subdued madder-brown good wool cote, plain soft grey-blue cap, neat parchment ledger edge at lower bust","widower","provenance/raw/P17.png","c67cf372592f6c4e284ed762e3edbd40796260f46f14b2e396139ee79b7942d5","provenance/references/4fe32158e0ec-pt_pilot_P1-v1.png; provenance/references/f38fd1c9242e-pt_pilot_P5-v1.png; provenance/references/07f3c0b5566d-청지기_화풍참조.png","Use case: historical-scene. Create ONE complete indivisible painted bust portrait for a historical game, a genuinely different human individual, not a face template with changed costume. Southern England circa 1300. Square composition, entire head with comfortable top margin, upper torso and both shoulders naturally cropped at bottom, eye line about 40-48% of height. Plain uniform low-saturation grey-brown background like the references, opaque. Natural hand-painted realism matching pilot references: fine restrained brush texture, believable skin and wool, soft upper-left illumination, muted earth/woad/madder palette. Not photographic, not caricature, no black outlines, no text, no frame, no lettering, no symbols in background. References are ONLY painting style/finish examples, NEVER copy their face, skull, pose or clothing. Subject-specific bone structure, age, body fat and asymmetries must be immediately apparent at96px. Paint direction natively; do not mirror any reference. No modern haircuts, no modern priest collar, no bright primary colors. Face physique and skin tone must not communicate moral worth. Draw coherent full person and garment together, no layers, no cutout look. One distinct 67-year-old male person in southern England around 1300; almost front-facing, natural slight asymmetry, both cheeks visible. ordinary medium build with natural cheek volume, medium neck and shoulders. Unique anatomical identity: very tall narrow forehead, long rectangular jaw, large bulb-tipped crooked nose, wide-set pale grey eyes, thin upper lip and fuller lower lip, prominent narrow ears, clean shaven with age creases. Skin: light ivory with subtle olive undertone; hair: white grey. Period clothing integrated naturally into this complete bust portrait: deep subdued madder-brown good wool cote, plain soft grey-blue cap, neat parchment ledger edge at lower bust. Natural dignified human expression; anatomy is distinctive but believable, never caricature. Do not copy facial anatomy, head proportions, pose or body silhouette from the style reference. No moral meaning attached to body shape, skin tone, age or class. Paint this direction directly, never mirror an existing portrait.","f675f9bbd573fac2972458f9fe591ff3767f7ae12bb91364845c6f4afa022e04"
"P18","P18","pool","portraits/P18.png","f","old","76","merchant","thin","right","silver white","fair translucent cool beige","broad temple width tapering to delicate narrow lower face, short concave nose with strong upturned tip, prominent brown eyes and delicate curved brows, small pursed mouth, pointed chin, pronounced cheek hollows","good but worn muted woad-blue wool kirtle, conservative warm-cream wimple and veil, no obligatory black clothing","widow","provenance/raw/P18.png","2d36e8be58d056d8c1887f5bfae342834a76644a2838cb1e27313d22baa2d215","provenance/references/4fe32158e0ec-pt_pilot_P1-v1.png; provenance/references/f38fd1c9242e-pt_pilot_P5-v1.png; provenance/references/07f3c0b5566d-청지기_화풍참조.png","Use case: historical-scene. Create ONE complete indivisible painted bust portrait for a historical game, a genuinely different human individual, not a face template with changed costume. Southern England circa 1300. Square composition, entire head with comfortable top margin, upper torso and both shoulders naturally cropped at bottom, eye line about 40-48% of height. Plain uniform low-saturation grey-brown background like the references, opaque. Natural hand-painted realism matching pilot references: fine restrained brush texture, believable skin and wool, soft upper-left illumination, muted earth/woad/madder palette. Not photographic, not caricature, no black outlines, no text, no frame, no lettering, no symbols in background. References are ONLY painting style/finish examples, NEVER copy their face, skull, pose or clothing. Subject-specific bone structure, age, body fat and asymmetries must be immediately apparent at96px. Paint direction natively; do not mirror any reference. No modern haircuts, no modern priest collar, no bright primary colors. Face physique and skin tone must not communicate moral worth. Draw coherent full person and garment together, no layers, no cutout look. One distinct 76-year-old female person in southern England around 1300; authentically facing toward viewer RIGHT in a three-quarter view, nose projecting toward image right. visibly lean build, angular cheek and slender neck and shoulders. Unique anatomical identity: broad temple width tapering to delicate narrow lower face, short concave nose with strong upturned tip, prominent brown eyes and delicate curved brows, small pursed mouth, pointed chin, pronounced cheek hollows. Skin: fair translucent cool beige; hair: silver white. Period clothing integrated naturally into this complete bust portrait: good but worn muted woad-blue wool kirtle, conservative warm-cream wimple and veil, no obligatory black clothing. Natural dignified human expression; anatomy is distinctive but believable, never caricature. Do not copy facial anatomy, head proportions, pose or body silhouette from the style reference. No moral meaning attached to body shape, skin tone, age or class. Paint this direction directly, never mirror an existing portrait.","255d7d43e062a9e7af277714b6e51f2e3668e3e77062b267eac9d113fc0a271f"
"P19","P19","pool","portraits/P19.png","m","child","13","gentry","fat","left","light golden brown","fair pale pink","broad child forehead and very round full cheek silhouette, large grey-blue eyes, narrow short straight nose, small pursed upper lip, soft cleft chin, large low rounded ears, youthful short neck","good muted brick-red wool cote, simple deep grey-blue mantle with tiny bronze clasp, natural short uneven hair, no crown or armor","child","provenance/raw/P19.png","ee44474d577edad8703a1d71bb0822fc9c33a30421b3eb2711f170f822d13eb7","provenance/references/4fe32158e0ec-pt_pilot_P1-v1.png; provenance/references/f38fd1c9242e-pt_pilot_P5-v1.png; provenance/references/07f3c0b5566d-청지기_화풍참조.png","Use case: historical-scene. Create ONE complete indivisible painted bust portrait for a historical game, a genuinely different human individual, not a face template with changed costume. Southern England circa 1300. Square composition, entire head with comfortable top margin, upper torso and both shoulders naturally cropped at bottom, eye line about 40-48% of height. Plain uniform low-saturation grey-brown background like the references, opaque. Natural hand-painted realism matching pilot references: fine restrained brush texture, believable skin and wool, soft upper-left illumination, muted earth/woad/madder palette. Not photographic, not caricature, no black outlines, no text, no frame, no lettering, no symbols in background. References are ONLY painting style/finish examples, NEVER copy their face, skull, pose or clothing. Subject-specific bone structure, age, body fat and asymmetries must be immediately apparent at96px. Paint direction natively; do not mirror any reference. No modern haircuts, no modern priest collar, no bright primary colors. Face physique and skin tone must not communicate moral worth. Draw coherent full person and garment together, no layers, no cutout look. One distinct 13-year-old male person in southern England around 1300; authentically facing toward viewer LEFT in a three-quarter view, nose projecting toward image left. visibly fat build, full cheeks and fleshy jaw, thick neck and broad soft shoulders. Unique anatomical identity: broad child forehead and very round full cheek silhouette, large grey-blue eyes, narrow short straight nose, small pursed upper lip, soft cleft chin, large low rounded ears, youthful short neck. Skin: fair pale pink; hair: light golden brown. Period clothing integrated naturally into this complete bust portrait: good muted brick-red wool cote, simple deep grey-blue mantle with tiny bronze clasp, natural short uneven hair, no crown or armor. Natural dignified human expression; anatomy is distinctive but believable, never caricature. Do not copy facial anatomy, head proportions, pose or body silhouette from the style reference. No moral meaning attached to body shape, skin tone, age or class. Paint this direction directly, never mirror an existing portrait.","c063505226cb291b77c55f89a9963daac10dd28a81c5e7a6367c706dbfe6738e"
"P20","P20","pool","portraits/P20.png","f","young","28","gentry","thin","front","dark ash brown","light tawny beige","long severe rectangular face, exceptionally broad straight nasal bridge and narrow nose tip, wide-set half-lidded hazel eyes, thick nearly horizontal eyebrows, strongly projecting square chin, small full mouth","fine subdued grey-green wool kirtle and plain surcoat, cream linen veil draped over hair and shoulders, narrow simple bronze brooch","married","provenance/raw/P20.png","c2025eaadc5c08936454388dbe0289daa21d03bd75db7d5ec3999d90dfd0f774","provenance/references/4fe32158e0ec-pt_pilot_P1-v1.png; provenance/references/f38fd1c9242e-pt_pilot_P5-v1.png; provenance/references/07f3c0b5566d-청지기_화풍참조.png","Use case: historical-scene. Create ONE complete indivisible painted bust portrait for a historical game, a genuinely different human individual, not a face template with changed costume. Southern England circa 1300. Square composition, entire head with comfortable top margin, upper torso and both shoulders naturally cropped at bottom, eye line about 40-48% of height. Plain uniform low-saturation grey-brown background like the references, opaque. Natural hand-painted realism matching pilot references: fine restrained brush texture, believable skin and wool, soft upper-left illumination, muted earth/woad/madder palette. Not photographic, not caricature, no black outlines, no text, no frame, no lettering, no symbols in background. References are ONLY painting style/finish examples, NEVER copy their face, skull, pose or clothing. Subject-specific bone structure, age, body fat and asymmetries must be immediately apparent at96px. Paint direction natively; do not mirror any reference. No modern haircuts, no modern priest collar, no bright primary colors. Face physique and skin tone must not communicate moral worth. Draw coherent full person and garment together, no layers, no cutout look. One distinct 28-year-old female person in southern England around 1300; almost front-facing, natural slight asymmetry, both cheeks visible. visibly lean build, angular cheek and slender neck and shoulders. Unique anatomical identity: long severe rectangular face, exceptionally broad straight nasal bridge and narrow nose tip, wide-set half-lidded hazel eyes, thick nearly horizontal eyebrows, strongly projecting square chin, small full mouth. Skin: light tawny beige; hair: dark ash brown. Period clothing integrated naturally into this complete bust portrait: fine subdued grey-green wool kirtle and plain surcoat, cream linen veil draped over hair and shoulders, narrow simple bronze brooch. Natural dignified human expression; anatomy is distinctive but believable, never caricature. Do not copy facial anatomy, head proportions, pose or body silhouette from the style reference. No moral meaning attached to body shape, skin tone, age or class. Paint this direction directly, never mirror an existing portrait.","113d19e7b7ee5982f62aa341cf50ea4963efc379d4709005e21cf4b7af4266cb"
"P21","P21","pool","portraits/P21.png","m","mature","37","gentry","average","right","auburn","fair warm ivory with red freckles","compact trapezoid skull, heavy broad jaw wider than temples, short broken-looking nose angled toward his own right, widely spaced small green eyes, large firm lips, thick ears, close natural auburn beard","well-cut muted navy-grey wool cote and rust-brown mantle, small wax-sealed document held at lower edge, no military armor","married","provenance/raw/P21.png","13d01e8a69a5e890ca2a02f348bf7c0251e39514007a1b3058ab98d1243e353b","provenance/references/4fe32158e0ec-pt_pilot_P1-v1.png; provenance/references/f38fd1c9242e-pt_pilot_P5-v1.png; provenance/references/07f3c0b5566d-청지기_화풍참조.png","Use case: historical-scene. Create ONE complete indivisible painted bust portrait for a historical game, a genuinely different human individual, not a face template with changed costume. Southern England circa 1300. Square composition, entire head with comfortable top margin, upper torso and both shoulders naturally cropped at bottom, eye line about 40-48% of height. Plain uniform low-saturation grey-brown background like the references, opaque. Natural hand-painted realism matching pilot references: fine restrained brush texture, believable skin and wool, soft upper-left illumination, muted earth/woad/madder palette. Not photographic, not caricature, no black outlines, no text, no frame, no lettering, no symbols in background. References are ONLY painting style/finish examples, NEVER copy their face, skull, pose or clothing. Subject-specific bone structure, age, body fat and asymmetries must be immediately apparent at96px. Paint direction natively; do not mirror any reference. No modern haircuts, no modern priest collar, no bright primary colors. Face physique and skin tone must not communicate moral worth. Draw coherent full person and garment together, no layers, no cutout look. One distinct 37-year-old male person in southern England around 1300; authentically facing toward viewer RIGHT in a three-quarter view, nose projecting toward image right. ordinary medium build with natural cheek volume, medium neck and shoulders. Unique anatomical identity: compact trapezoid skull, heavy broad jaw wider than temples, short broken-looking nose angled toward his own right, widely spaced small green eyes, large firm lips, thick ears, close natural auburn beard. Skin: fair warm ivory with red freckles; hair: auburn. Period clothing integrated naturally into this complete bust portrait: well-cut muted navy-grey wool cote and rust-brown mantle, small wax-sealed document held at lower edge, no military armor. Natural dignified human expression; anatomy is distinctive but believable, never caricature. Do not copy facial anatomy, head proportions, pose or body silhouette from the style reference. No moral meaning attached to body shape, skin tone, age or class. Paint this direction directly, never mirror an existing portrait.","11ce6af48f477bb8a1011eb5a64c4036567df4e723a85f6eacf2870b33f039d7"
"P22","P22","pool","portraits/P22.png","f","mature","49","gentry","fat","front","black brown","light cool ivory with plum-rose undertone","tall egg-shaped head with high smooth forehead, long narrow aquiline nose, very close-set dark eyes, delicate high brows, thin upper lip over prominent full lower lip, rounded jaw and thick shoulder line","fine subdued dusty-ochre wool kirtle with quiet brown surcoat, cream linen veil and wimple, modest clasp without jewel display","married","provenance/raw/P22.png","44390742135659ea5655646b8af4189e9ff7b18315a9f3dcec18d87be6f8b3ab","provenance/references/4fe32158e0ec-pt_pilot_P1-v1.png; provenance/references/f38fd1c9242e-pt_pilot_P5-v1.png; provenance/references/07f3c0b5566d-청지기_화풍참조.png","Use case: historical-scene. Create ONE complete indivisible painted bust portrait for a historical game, a genuinely different human individual, not a face template with changed costume. Southern England circa 1300. Square composition, entire head with comfortable top margin, upper torso and both shoulders naturally cropped at bottom, eye line about 40-48% of height. Plain uniform low-saturation grey-brown background like the references, opaque. Natural hand-painted realism matching pilot references: fine restrained brush texture, believable skin and wool, soft upper-left illumination, muted earth/woad/madder palette. Not photographic, not caricature, no black outlines, no text, no frame, no lettering, no symbols in background. References are ONLY painting style/finish examples, NEVER copy their face, skull, pose or clothing. Subject-specific bone structure, age, body fat and asymmetries must be immediately apparent at96px. Paint direction natively; do not mirror any reference. No modern haircuts, no modern priest collar, no bright primary colors. Face physique and skin tone must not communicate moral worth. Draw coherent full person and garment together, no layers, no cutout look. One distinct 49-year-old female person in southern England around 1300; almost front-facing, natural slight asymmetry, both cheeks visible. visibly fat build, full cheeks and fleshy jaw, thick neck and broad soft shoulders. Unique anatomical identity: tall egg-shaped head with high smooth forehead, long narrow aquiline nose, very close-set dark eyes, delicate high brows, thin upper lip over prominent full lower lip, rounded jaw and thick shoulder line. Skin: light cool ivory with plum-rose undertone; hair: black brown. Period clothing integrated naturally into this complete bust portrait: fine subdued dusty-ochre wool kirtle with quiet brown surcoat, cream linen veil and wimple, modest clasp without jewel display. Natural dignified human expression; anatomy is distinctive but believable, never caricature. Do not copy facial anatomy, head proportions, pose or body silhouette from the style reference. No moral meaning attached to body shape, skin tone, age or class. Paint this direction directly, never mirror an existing portrait.","3b7c29fc2dbd1ed31c7b29532b9dec1f4a5402fe556addbc1537146bc0b40d1f"
"P23","P23","pool","portraits/P23.png","m","old","63","gentry","thin","left","grey with dark remnants","light honey-beige with weathered freckles","bald elongated skull, strongly jutting bony brow, very broad flattened nose with a kinked bridge, narrow grey eyes, broad thin-lipped mouth, angular chin, large asymmetrical ears, sparse grey moustache only","fine slate-green wool cote, narrow restrained fur at mantle opening, small plain signet at lower edge, bare bald head","widower","provenance/raw/P23.png","f13b82a4766b879b549f8faa844b6a7c631fb636bcb3613e86c4a307e1306a5c","provenance/references/4fe32158e0ec-pt_pilot_P1-v1.png; provenance/references/f38fd1c9242e-pt_pilot_P5-v1.png; provenance/references/07f3c0b5566d-청지기_화풍참조.png","Use case: historical-scene. Create ONE complete indivisible painted bust portrait for a historical game, a genuinely different human individual, not a face template with changed costume. Southern England circa 1300. Square composition, entire head with comfortable top margin, upper torso and both shoulders naturally cropped at bottom, eye line about 40-48% of height. Plain uniform low-saturation grey-brown background like the references, opaque. Natural hand-painted realism matching pilot references: fine restrained brush texture, believable skin and wool, soft upper-left illumination, muted earth/woad/madder palette. Not photographic, not caricature, no black outlines, no text, no frame, no lettering, no symbols in background. References are ONLY painting style/finish examples, NEVER copy their face, skull, pose or clothing. Subject-specific bone structure, age, body fat and asymmetries must be immediately apparent at96px. Paint direction natively; do not mirror any reference. No modern haircuts, no modern priest collar, no bright primary colors. Face physique and skin tone must not communicate moral worth. Draw coherent full person and garment together, no layers, no cutout look. One distinct 63-year-old male person in southern England around 1300; authentically facing toward viewer LEFT in a three-quarter view, nose projecting toward image left. visibly lean build, angular cheek and slender neck and shoulders. Unique anatomical identity: bald elongated skull, strongly jutting bony brow, very broad flattened nose with a kinked bridge, narrow grey eyes, broad thin-lipped mouth, angular chin, large asymmetrical ears, sparse grey moustache only. Skin: light honey-beige with weathered freckles; hair: grey with dark remnants. Period clothing integrated naturally into this complete bust portrait: fine slate-green wool cote, narrow restrained fur at mantle opening, small plain signet at lower edge, bare bald head. Natural dignified human expression; anatomy is distinctive but believable, never caricature. Do not copy facial anatomy, head proportions, pose or body silhouette from the style reference. No moral meaning attached to body shape, skin tone, age or class. Paint this direction directly, never mirror an existing portrait.","100b1298800b91b6e99c60c80939f257550e7401f261e90bff43f723b7e66a79"
"P24","P24","pool","portraits/P24.png","f","old","70","gentry","average","right","pewter grey","fair peach-ivory","very short broad pentagonal head with high wide cheekbones, unusually large bulbous pendulous nose curved downward, very widely spaced pale blue drooping eyes, broad lower jaw and visible chin cleft, wide thin horizontal mouth, small attached ears, deep irregular age wrinkles and sun spots","good faded madder wool kirtle, warm ivory conservative veil and wimple, brown mantle, no elaborate later medieval headdress","widow","provenance/raw/P24.png","98a14a197a8d5f69cf26be759158157d0e7201f83794731b9f9d2e11e93c1635","provenance/references/4fe32158e0ec-pt_pilot_P1-v1.png","Use case: historical-scene. Create ONE complete indivisible painted bust portrait for a historical game, a genuinely different human individual, not a face template with changed costume. Southern England circa 1300. Square composition, entire head with comfortable top margin, upper torso and both shoulders naturally cropped at bottom, eye line about 40-48% of height. Plain uniform low-saturation grey-brown background like the references, opaque. Natural hand-painted realism matching pilot references: fine restrained brush texture, believable skin and wool, soft upper-left illumination, muted earth/woad/madder palette. Not photographic, not caricature, no black outlines, no text, no frame, no lettering, no symbols in background. References are ONLY painting style/finish examples, NEVER copy their face, skull, pose or clothing. Subject-specific bone structure, age, body fat and asymmetries must be immediately apparent at96px. Paint direction natively; do not mirror any reference. No modern haircuts, no modern priest collar, no bright primary colors. Face physique and skin tone must not communicate moral worth. Draw coherent full person and garment together, no layers, no cutout look. 70yearold gentry widow, RIGHTfacing3/4, averagebody naturalmediumneck. very short broad pentagonal head with high wide cheekbones, unusually large bulbous pendulous nose curved downward, very widely spaced pale blue drooping eyes, broad lower jaw and visible chin cleft, wide thin horizontal mouth, small attached ears, deep irregular age wrinkles and sun spots. Fairpeachivory skin, pewtergreyhair. Mutedmadder woolkirtle, conservativeivoryveil AND WIMPLE coveringneck underchin, brownmantle. Face must be SHORT andBROAD with LARGE pendulousnose, NOT narrowlong aristocraticprettyface. Distinct realelder, dignifiedneutralexpression, no caricature. Painterlyskintexture and wrinkles.","e874958918220a002325e86a0c8dcd3a35a39a27b39d7c4efe787db53df93cef"
"P25","P25","pool","portraits/P25.png","m","young","26","clerical","thin","right","dark brown","fair neutral cream","very narrow triangular skull, enormous straight pointed nose relative to face, large shallow-set dark hazel eyes, narrow long upper lip, tiny tucked chin, oversized open ears, visibly asymmetrical eyebrow arch","young Benedictine monk in plain dark charcoal wool habit and cowl down around shoulders, neat genuine crown tonsure, no priestly liturgical vestments or jewelry","celibate","provenance/raw/P25.png","78ca52b03b79d31b08cb2ad0a989ff20cb873ff9633e7668f2750b2fc2bf402c","provenance/references/4fe32158e0ec-pt_pilot_P1-v1.png; provenance/references/f38fd1c9242e-pt_pilot_P5-v1.png; provenance/references/07f3c0b5566d-청지기_화풍참조.png","Use case: historical-scene. Create ONE complete indivisible painted bust portrait for a historical game, a genuinely different human individual, not a face template with changed costume. Southern England circa 1300. Square composition, entire head with comfortable top margin, upper torso and both shoulders naturally cropped at bottom, eye line about 40-48% of height. Plain uniform low-saturation grey-brown background like the references, opaque. Natural hand-painted realism matching pilot references: fine restrained brush texture, believable skin and wool, soft upper-left illumination, muted earth/woad/madder palette. Not photographic, not caricature, no black outlines, no text, no frame, no lettering, no symbols in background. References are ONLY painting style/finish examples, NEVER copy their face, skull, pose or clothing. Subject-specific bone structure, age, body fat and asymmetries must be immediately apparent at96px. Paint direction natively; do not mirror any reference. No modern haircuts, no modern priest collar, no bright primary colors. Face physique and skin tone must not communicate moral worth. Draw coherent full person and garment together, no layers, no cutout look. One distinct 26-year-old male person in southern England around 1300; authentically facing toward viewer RIGHT in a three-quarter view, nose projecting toward image right. visibly lean build, angular cheek and slender neck and shoulders. Unique anatomical identity: very narrow triangular skull, enormous straight pointed nose relative to face, large shallow-set dark hazel eyes, narrow long upper lip, tiny tucked chin, oversized open ears, visibly asymmetrical eyebrow arch. Skin: fair neutral cream; hair: dark brown. Period clothing integrated naturally into this complete bust portrait: young Benedictine monk in plain dark charcoal wool habit and cowl down around shoulders, neat genuine crown tonsure, no priestly liturgical vestments or jewelry. Natural dignified human expression; anatomy is distinctive but believable, never caricature. Do not copy facial anatomy, head proportions, pose or body silhouette from the style reference. No moral meaning attached to body shape, skin tone, age or class. Paint this direction directly, never mirror an existing portrait.","1ce0c058c96f4eddab6438d3ffa23d2541a545bdb3fb30a570c510a570b4c126"
"P26","P26","pool","portraits/P26.png","f","young","23","clerical","fat","left","medium brown","light rosy beige with freckles","wide soft hexagonal face, small saddle-bridged round nose, narrow upward-slanting brown eyes, thick straight brows, small lips with strongly defined cupid bow, broad chin and full neck","young Benedictine nun in plain dark wool habit, off-white linen wimple enclosing hair and throat, dark veil, no ordination vestments","celibate","provenance/raw/P26.png","e12d90a0e47cca596108a5fdf5440e71d28fcce7632c2ed96aac8dfae86a07a2","provenance/references/4fe32158e0ec-pt_pilot_P1-v1.png; provenance/references/f38fd1c9242e-pt_pilot_P5-v1.png; provenance/references/07f3c0b5566d-청지기_화풍참조.png","Use case: historical-scene. Create ONE complete indivisible painted bust portrait for a historical game, a genuinely different human individual, not a face template with changed costume. Southern England circa 1300. Square composition, entire head with comfortable top margin, upper torso and both shoulders naturally cropped at bottom, eye line about 40-48% of height. Plain uniform low-saturation grey-brown background like the references, opaque. Natural hand-painted realism matching pilot references: fine restrained brush texture, believable skin and wool, soft upper-left illumination, muted earth/woad/madder palette. Not photographic, not caricature, no black outlines, no text, no frame, no lettering, no symbols in background. References are ONLY painting style/finish examples, NEVER copy their face, skull, pose or clothing. Subject-specific bone structure, age, body fat and asymmetries must be immediately apparent at96px. Paint direction natively; do not mirror any reference. No modern haircuts, no modern priest collar, no bright primary colors. Face physique and skin tone must not communicate moral worth. Draw coherent full person and garment together, no layers, no cutout look. One distinct 23-year-old female person in southern England around 1300; authentically facing toward viewer LEFT in a three-quarter view, nose projecting toward image left. visibly fat build, full cheeks and fleshy jaw, thick neck and broad soft shoulders. Unique anatomical identity: wide soft hexagonal face, small saddle-bridged round nose, narrow upward-slanting brown eyes, thick straight brows, small lips with strongly defined cupid bow, broad chin and full neck. Skin: light rosy beige with freckles; hair: medium brown. Period clothing integrated naturally into this complete bust portrait: young Benedictine nun in plain dark wool habit, off-white linen wimple enclosing hair and throat, dark veil, no ordination vestments. Natural dignified human expression; anatomy is distinctive but believable, never caricature. Do not copy facial anatomy, head proportions, pose or body silhouette from the style reference. No moral meaning attached to body shape, skin tone, age or class. Paint this direction directly, never mirror an existing portrait.","412829ea5e127222b40ed25b8d2d94ee8792212dee834298f0c881d98f61efbf"
"P27","P27","pool","portraits/P27.png","m","mature","45","clerical","average","front","sandy brown grey","light warm ivory","wide low skull, long concave nose ending in a broad drooping tip, large wide-spaced blue eyes, arched uneven brows, short philtrum, full lower lip, short square chin and compact ears, clean shaven","secular parish priest in simple sober grey-brown long clerical gown visible at bust, practical clerical tonsure, no monastic habit and no ceremonial stole","celibate","provenance/raw/P27.png","58c24fdd0b105301fceb8cb83453805199a4662d478bbc3c6c21397d2f58cc25","provenance/references/4fe32158e0ec-pt_pilot_P1-v1.png; provenance/references/f38fd1c9242e-pt_pilot_P5-v1.png; provenance/references/07f3c0b5566d-청지기_화풍참조.png","Use case: historical-scene. Create ONE complete indivisible painted bust portrait for a historical game, a genuinely different human individual, not a face template with changed costume. Southern England circa 1300. Square composition, entire head with comfortable top margin, upper torso and both shoulders naturally cropped at bottom, eye line about 40-48% of height. Plain uniform low-saturation grey-brown background like the references, opaque. Natural hand-painted realism matching pilot references: fine restrained brush texture, believable skin and wool, soft upper-left illumination, muted earth/woad/madder palette. Not photographic, not caricature, no black outlines, no text, no frame, no lettering, no symbols in background. References are ONLY painting style/finish examples, NEVER copy their face, skull, pose or clothing. Subject-specific bone structure, age, body fat and asymmetries must be immediately apparent at96px. Paint direction natively; do not mirror any reference. No modern haircuts, no modern priest collar, no bright primary colors. Face physique and skin tone must not communicate moral worth. Draw coherent full person and garment together, no layers, no cutout look. One distinct 45-year-old male person in southern England around 1300; almost front-facing, natural slight asymmetry, both cheeks visible. ordinary medium build with natural cheek volume, medium neck and shoulders. Unique anatomical identity: wide low skull, long concave nose ending in a broad drooping tip, large wide-spaced blue eyes, arched uneven brows, short philtrum, full lower lip, short square chin and compact ears, clean shaven. Skin: light warm ivory; hair: sandy brown grey. Period clothing integrated naturally into this complete bust portrait: secular parish priest in simple sober grey-brown long clerical gown visible at bust, practical clerical tonsure, no monastic habit and no ceremonial stole. Natural dignified human expression; anatomy is distinctive but believable, never caricature. Do not copy facial anatomy, head proportions, pose or body silhouette from the style reference. No moral meaning attached to body shape, skin tone, age or class. Paint this direction directly, never mirror an existing portrait.","30ad11436ce70f267135303962d5324322507ed0863b1a6b123a6ac2202248bd"
"P28","P28","pool","portraits/P28.png","f","mature","40","clerical","thin","left","auburn brown","fair pale golden ivory","high narrow oval skull, strong convex hooked nose, small deep-set green eyes, high rounded eyebrows, distinctly wide full mouth, long pointed chin with subtle notch, hollow cheeks","Benedictine nun in plain charcoal habit with cream linen wimple and dark veil, no ornamental cross or jeweled trim","celibate","provenance/raw/P28.png","3dacce028ae0daf80c8fa92e47013038c3b8edcbb28c725468f033cff65089a4","provenance/references/4fe32158e0ec-pt_pilot_P1-v1.png; provenance/references/f38fd1c9242e-pt_pilot_P5-v1.png","Use case: historical-scene. Create ONE complete indivisible painted bust portrait for a historical game, a genuinely different human individual, not a face template with changed costume. Southern England circa 1300. Square composition, entire head with comfortable top margin, upper torso and both shoulders naturally cropped at bottom, eye line about 40-48% of height. Plain uniform low-saturation grey-brown background like the references, opaque. Natural hand-painted realism matching pilot references: fine restrained brush texture, believable skin and wool, soft upper-left illumination, muted earth/woad/madder palette. Not photographic, not caricature, no black outlines, no text, no frame, no lettering, no symbols in background. References are ONLY painting style/finish examples, NEVER copy their face, skull, pose or clothing. Subject-specific bone structure, age, body fat and asymmetries must be immediately apparent at96px. Paint direction natively; do not mirror any reference. No modern haircuts, no modern priest collar, no bright primary colors. Face physique and skin tone must not communicate moral worth. Draw coherent full person and garment together, no layers, no cutout look. One distinct 40-year-old female person in southern England around 1300; authentically facing toward viewer LEFT in a three-quarter view, nose projecting toward image left. visibly lean build, angular cheek and slender neck and shoulders. Unique anatomical identity: high narrow oval skull, strong convex hooked nose, small deep-set green eyes, high rounded eyebrows, distinctly wide full mouth, long pointed chin with subtle notch, hollow cheeks. Skin: fair pale golden ivory; hair: auburn brown. Period clothing integrated naturally into this complete bust portrait: Benedictine nun in plain charcoal habit with cream linen wimple and dark veil, no ornamental cross or jeweled trim. Natural dignified human expression; anatomy is distinctive but believable, never caricature. Do not copy facial anatomy, head proportions, pose or body silhouette from the style reference. No moral meaning attached to body shape, skin tone, age or class. Paint this direction directly, never mirror an existing portrait.","7a22b0f148d47f79991d1fca91839444e91acc7efe63e200207501bfeb440350"
"P29","P29","pool","portraits/P29.png","m","old","61","clerical","fat","front","white grey","light ruddy peach","broad low round skull, very wide blunt fleshy nose, small deeply hooded grey eyes, thick bushy white eyebrows, wide thin-lipped mouth, substantial jowls and thick neck, small close ears, clean shaven","older Franciscan friar in plain worn grey-brown undyed wool habit, lowered cowl, modest crown tonsure and no priestly stole","celibate","provenance/raw/P29.png","25fff381ea60ed952127c299d96b8bbea23fa33b8e1d5ac263800ebc5e15ee3a","provenance/references/4fe32158e0ec-pt_pilot_P1-v1.png; provenance/references/f38fd1c9242e-pt_pilot_P5-v1.png","Use case: historical-scene. Create ONE complete indivisible painted bust portrait for a historical game, a genuinely different human individual, not a face template with changed costume. Southern England circa 1300. Square composition, entire head with comfortable top margin, upper torso and both shoulders naturally cropped at bottom, eye line about 40-48% of height. Plain uniform low-saturation grey-brown background like the references, opaque. Natural hand-painted realism matching pilot references: fine restrained brush texture, believable skin and wool, soft upper-left illumination, muted earth/woad/madder palette. Not photographic, not caricature, no black outlines, no text, no frame, no lettering, no symbols in background. References are ONLY painting style/finish examples, NEVER copy their face, skull, pose or clothing. Subject-specific bone structure, age, body fat and asymmetries must be immediately apparent at96px. Paint direction natively; do not mirror any reference. No modern haircuts, no modern priest collar, no bright primary colors. Face physique and skin tone must not communicate moral worth. Draw coherent full person and garment together, no layers, no cutout look. One distinct 61-year-old male person in southern England around 1300; almost front-facing, natural slight asymmetry, both cheeks visible. visibly fat build, full cheeks and fleshy jaw, thick neck and broad soft shoulders. Unique anatomical identity: broad low round skull, very wide blunt fleshy nose, small deeply hooded grey eyes, thick bushy white eyebrows, wide thin-lipped mouth, substantial jowls and thick neck, small close ears, clean shaven. Skin: light ruddy peach; hair: white grey. Period clothing integrated naturally into this complete bust portrait: older Franciscan friar in plain worn grey-brown undyed wool habit, lowered cowl, modest crown tonsure and no priestly stole. Natural dignified human expression; anatomy is distinctive but believable, never caricature. Do not copy facial anatomy, head proportions, pose or body silhouette from the style reference. No moral meaning attached to body shape, skin tone, age or class. Paint this direction directly, never mirror an existing portrait. MANDATORY camera angle: nose points straight toward viewer, both ears and cheek widths almost equally visible. Face rotation at most5degrees, NOT threequarter.","e8cbbcf52582a69a42157ded2b783bcf28fd5df827004fa74cd9531e19796812"
"P30","P30","pool","portraits/P30.png","f","old","73","clerical","average","right","white grey","pale cool yellow ivory with prominent brown age spots","very long narrow oval elderly face with high domed forehead, very short deeply concave upturned nose, tiny narrow eyes tilted slightly upward and widely spaced, protruding rounded ears, thin pursed lips with one corner higher, tiny receding chin, pronounced vertical forehead lines and temple age spots","elderly Benedictine nun in matte dark wool habit, simple aged cream wimple and dark veil, no luxurious trim","celibate","provenance/raw/P30.png","545d07bfe4fe154ae715b4a9616bcab5342602f6ea75b5160484c5a80a928c22","provenance/references/4fe32158e0ec-pt_pilot_P1-v1.png","Use case: historical-scene. Create ONE complete indivisible painted bust portrait for a historical game, a genuinely different human individual, not a face template with changed costume. Southern England circa 1300. Square composition, entire head with comfortable top margin, upper torso and both shoulders naturally cropped at bottom, eye line about 40-48% of height. Plain uniform low-saturation grey-brown background like the references, opaque. Natural hand-painted realism matching pilot references: fine restrained brush texture, believable skin and wool, soft upper-left illumination, muted earth/woad/madder palette. Not photographic, not caricature, no black outlines, no text, no frame, no lettering, no symbols in background. References are ONLY painting style/finish examples, NEVER copy their face, skull, pose or clothing. Subject-specific bone structure, age, body fat and asymmetries must be immediately apparent at96px. Paint direction natively; do not mirror any reference. No modern haircuts, no modern priest collar, no bright primary colors. Face physique and skin tone must not communicate moral worth. Draw coherent full person and garment together, no layers, no cutout look. Elderly nun aged74 averagebuild naturalmediumneck andshoulders, RIGHTfacing3/4 nosepointsimageRIGHT. very long narrow oval elderly face with high domed forehead, very short deeply concave upturned nose, tiny narrow eyes tilted slightly upward and widely spaced, protruding rounded ears, thin pursed lips with one corner higher, tiny receding chin, pronounced vertical forehead lines and temple age spots. pale cool yellow ivory with prominent brown age spots. Whitegreyhair entirelycovered by Benedictineblackveil with offwhite foreheadband and fittedwimple underchin, plaincharcoalhabit. Her radically distinct smallconcave upturnednose and tinyrecedingchin arekeyidentity. NOT longstraight pointednose and NOT strongprojectingjaw. Fullynatural dignified human, never caricature, no toothygrin.","12d323745bba42cbcf762ec530e10df7caa7f469838ea23bb93211eccc356f0d"
"P31","P31","pool","portraits/P31.png","f","young","19","poor_servant","average","left","black brown","light warm peach with freckles","short wide heart-shaped face, broad flared nose with low bridge, large round pale grey eyes, naturally thick lips, narrow pointed chin, prominent rounded ears, slight asymmetry in smile","faded madder-red wool kirtle with carefully repaired elbow area barely visible, plain linen apron, simple headcloth, tidy service clothing","unmarried","provenance/raw/P31.png","3529bca3e5f6c096d750d97b6a331cc13d309d1bee12d55ac01c76548c55e535","provenance/references/4fe32158e0ec-pt_pilot_P1-v1.png; provenance/references/f38fd1c9242e-pt_pilot_P5-v1.png","Use case: historical-scene. Create ONE complete indivisible painted bust portrait for a historical game, a genuinely different human individual, not a face template with changed costume. Southern England circa 1300. Square composition, entire head with comfortable top margin, upper torso and both shoulders naturally cropped at bottom, eye line about 40-48% of height. Plain uniform low-saturation grey-brown background like the references, opaque. Natural hand-painted realism matching pilot references: fine restrained brush texture, believable skin and wool, soft upper-left illumination, muted earth/woad/madder palette. Not photographic, not caricature, no black outlines, no text, no frame, no lettering, no symbols in background. References are ONLY painting style/finish examples, NEVER copy their face, skull, pose or clothing. Subject-specific bone structure, age, body fat and asymmetries must be immediately apparent at96px. Paint direction natively; do not mirror any reference. No modern haircuts, no modern priest collar, no bright primary colors. Face physique and skin tone must not communicate moral worth. Draw coherent full person and garment together, no layers, no cutout look. One distinct 19-year-old female person in southern England around 1300; authentically facing toward viewer LEFT in a three-quarter view, nose projecting toward image left. ordinary medium build with natural cheek volume, medium neck and shoulders. Unique anatomical identity: short wide heart-shaped face, broad flared nose with low bridge, large round pale grey eyes, naturally thick lips, narrow pointed chin, prominent rounded ears, slight asymmetry in smile. Skin: light warm peach with freckles; hair: black brown. Period clothing integrated naturally into this complete bust portrait: faded madder-red wool kirtle with carefully repaired elbow area barely visible, plain linen apron, simple headcloth, tidy service clothing. Natural dignified human expression; anatomy is distinctive but believable, never caricature. Do not copy facial anatomy, head proportions, pose or body silhouette from the style reference. No moral meaning attached to body shape, skin tone, age or class. Paint this direction directly, never mirror an existing portrait.","8c02ee5619d218900dfcbe72da7f38c1a8f8ca2e1c8f92eaa4a4088f42a40ded"
"P32","P32","pool","portraits/P32.png","m","young","21","poor_servant","fat","front","golden brown","fair cool ivory","large broad rectangular skull, long straight narrow nose, small widely spaced green eyes, thick low eyebrows, prominent full mouth, heavy squared chin and broad neck, ears close to head, no beard","secondhand muted woad-blue wool tunic with visible neat repairs, plain brown shoulder wrap, rough medium-length hair, no comic filth","unmarried","provenance/raw/P32.png","a4b2453e0073ce4753c281a4d0923c0874b8edd2aa9e4751bb4952243cc931b2","provenance/references/4fe32158e0ec-pt_pilot_P1-v1.png; provenance/references/f38fd1c9242e-pt_pilot_P5-v1.png","Use case: historical-scene. Create ONE complete indivisible painted bust portrait for a historical game, a genuinely different human individual, not a face template with changed costume. Southern England circa 1300. Square composition, entire head with comfortable top margin, upper torso and both shoulders naturally cropped at bottom, eye line about 40-48% of height. Plain uniform low-saturation grey-brown background like the references, opaque. Natural hand-painted realism matching pilot references: fine restrained brush texture, believable skin and wool, soft upper-left illumination, muted earth/woad/madder palette. Not photographic, not caricature, no black outlines, no text, no frame, no lettering, no symbols in background. References are ONLY painting style/finish examples, NEVER copy their face, skull, pose or clothing. Subject-specific bone structure, age, body fat and asymmetries must be immediately apparent at96px. Paint direction natively; do not mirror any reference. No modern haircuts, no modern priest collar, no bright primary colors. Face physique and skin tone must not communicate moral worth. Draw coherent full person and garment together, no layers, no cutout look. One distinct 21-year-old male person in southern England around 1300; almost front-facing, natural slight asymmetry, both cheeks visible. visibly fat build, full cheeks and fleshy jaw, thick neck and broad soft shoulders. Unique anatomical identity: large broad rectangular skull, long straight narrow nose, small widely spaced green eyes, thick low eyebrows, prominent full mouth, heavy squared chin and broad neck, ears close to head, no beard. Skin: fair cool ivory; hair: golden brown. Period clothing integrated naturally into this complete bust portrait: secondhand muted woad-blue wool tunic with visible neat repairs, plain brown shoulder wrap, rough medium-length hair, no comic filth. Natural dignified human expression; anatomy is distinctive but believable, never caricature. Do not copy facial anatomy, head proportions, pose or body silhouette from the style reference. No moral meaning attached to body shape, skin tone, age or class. Paint this direction directly, never mirror an existing portrait. MANDATORY camera angle: nose points straight toward viewer, both ears and cheek widths almost equally visible. Face rotation at most5degrees, NOT threequarter.","f2134371d258debad517de865468e7d2924e9b501d07ed8e6ce3fc17bdbb8338"
"P33","P33","pool","portraits/P33.png","f","mature","35","poor_servant","thin","right","dark brown","light warm beige with dense freckles","short broad angular face with extremely wide cheekbones and hollow cheeks, small flat upturned nose with wide nostrils, heavy straight black eyebrows, very wide-set narrow hazel eyes, broad thin asymmetric mouth, jutting square chin, small attached ears, long very slender neck","patched muted sage wool kirtle, practical linen apron, clean cream linen coif and tied headcloth covering crown","married","provenance/raw/P33.png","b4bcf55bf9e42d861a019dded421fb9d4812c451a83c2e095f3330b452e63aca","provenance/references/4fe32158e0ec-pt_pilot_P1-v1.png","Use case: historical-scene. Create ONE complete indivisible painted bust portrait for a historical game, a genuinely different human individual, not a face template with changed costume. Southern England circa 1300. Square composition, entire head with comfortable top margin, upper torso and both shoulders naturally cropped at bottom, eye line about 40-48% of height. Plain uniform low-saturation grey-brown background like the references, opaque. Natural hand-painted realism matching pilot references: fine restrained brush texture, believable skin and wool, soft upper-left illumination, muted earth/woad/madder palette. Not photographic, not caricature, no black outlines, no text, no frame, no lettering, no symbols in background. References are ONLY painting style/finish examples, NEVER copy their face, skull, pose or clothing. Subject-specific bone structure, age, body fat and asymmetries must be immediately apparent at96px. Paint direction natively; do not mirror any reference. No modern haircuts, no modern priest collar, no bright primary colors. Face physique and skin tone must not communicate moral worth. Draw coherent full person and garment together, no layers, no cutout look. 35yearold thin female servant, RIGHTfacing3/4, verylean bonyshoulders andlongthin neck, but SHORT BROAD ANGULAR skull. short broad angular face with extremely wide cheekbones and hollow cheeks, small flat upturned nose with wide nostrils, heavy straight black eyebrows, very wide-set narrow hazel eyes, broad thin asymmetric mouth, jutting square chin, small attached ears, long very slender neck. light warm beige with dense freckles. Darkbrownhair fullycovered by simpletightoffwhite linen coif tiedatnape, NO voluminousveil. Patchedmutedsage woolkirtle, linenapron. Unconventionallystrong distincthumanface, entirelyrealistic. DoNOTdraw narrowredheaded prettywoman or pilotfemale face. Noseverysmallflat, jawSQUARE notpointed.","eaadc7352926ed276cb3339c9deb3d9ce475c0a319c345a6daf7df824eb6fae6"
"P34","P34","pool","portraits/P34.png","m","mature","44","poor_servant","average","front","dark brown","light olive cream","broad flat cheek planes, very short round bulb nose, slightly crossed brown eyes gently and naturally rendered, wide mouth with one missing front tooth, squared receding chin, one prominent ear, irregular short dark stubble","worn dull ochre wool tunic with a faded blue repair patch, simple unbleached coif, sober neutral expression without ridicule","married","provenance/raw/P34.png","78591b579c7038222e8b6357ac497d91f2512dd94a06da5ef1f6a7720bc6318f","provenance/references/4fe32158e0ec-pt_pilot_P1-v1.png; provenance/references/f38fd1c9242e-pt_pilot_P5-v1.png","Use case: historical-scene. Create ONE complete indivisible painted bust portrait for a historical game, a genuinely different human individual, not a face template with changed costume. Southern England circa 1300. Square composition, entire head with comfortable top margin, upper torso and both shoulders naturally cropped at bottom, eye line about 40-48% of height. Plain uniform low-saturation grey-brown background like the references, opaque. Natural hand-painted realism matching pilot references: fine restrained brush texture, believable skin and wool, soft upper-left illumination, muted earth/woad/madder palette. Not photographic, not caricature, no black outlines, no text, no frame, no lettering, no symbols in background. References are ONLY painting style/finish examples, NEVER copy their face, skull, pose or clothing. Subject-specific bone structure, age, body fat and asymmetries must be immediately apparent at96px. Paint direction natively; do not mirror any reference. No modern haircuts, no modern priest collar, no bright primary colors. Face physique and skin tone must not communicate moral worth. Draw coherent full person and garment together, no layers, no cutout look. One distinct 44-year-old male person in southern England around 1300; almost front-facing, natural slight asymmetry, both cheeks visible. ordinary medium build with natural cheek volume, medium neck and shoulders. Unique anatomical identity: broad flat cheek planes, very short round bulb nose, slightly crossed brown eyes gently and naturally rendered, wide mouth with one missing front tooth, squared receding chin, one prominent ear, irregular short dark stubble. Skin: light olive cream; hair: dark brown. Period clothing integrated naturally into this complete bust portrait: worn dull ochre wool tunic with a faded blue repair patch, simple unbleached coif, sober neutral expression without ridicule. Natural dignified human expression; anatomy is distinctive but believable, never caricature. Do not copy facial anatomy, head proportions, pose or body silhouette from the style reference. No moral meaning attached to body shape, skin tone, age or class. Paint this direction directly, never mirror an existing portrait. MANDATORY camera angle: nose points straight toward viewer, both ears and cheek widths almost equally visible. Face rotation at most5degrees, NOT threequarter.","e1ee44defd57c3a3cc37b96e2ccec1de4817e78405b7e34612bc71608cb569b9"
"P35","P35","pool","portraits/P35.png","f","mature","50","poor_servant","fat","right","dark brown streaked grey","light pinkish honey-beige","wide domed forehead, long convex beaked nose, close-set pale blue eyes beneath high fine brows, small thin mouth, very round lower cheeks and double chin, broad shoulders","secondhand subdued blue-grey wool kirtle with neat cream headcloth and wimple, patched brown shoulder wrap, quiet and dignified expression","widow","provenance/raw/P35.png","90e9672b9b8cf98aa9b04af1ee4c80965e7cdffe476527b68af136404de01225","provenance/references/4fe32158e0ec-pt_pilot_P1-v1.png; provenance/references/f38fd1c9242e-pt_pilot_P5-v1.png","Use case: historical-scene. Create ONE complete indivisible painted bust portrait for a historical game, a genuinely different human individual, not a face template with changed costume. Southern England circa 1300. Square composition, entire head with comfortable top margin, upper torso and both shoulders naturally cropped at bottom, eye line about 40-48% of height. Plain uniform low-saturation grey-brown background like the references, opaque. Natural hand-painted realism matching pilot references: fine restrained brush texture, believable skin and wool, soft upper-left illumination, muted earth/woad/madder palette. Not photographic, not caricature, no black outlines, no text, no frame, no lettering, no symbols in background. References are ONLY painting style/finish examples, NEVER copy their face, skull, pose or clothing. Subject-specific bone structure, age, body fat and asymmetries must be immediately apparent at96px. Paint direction natively; do not mirror any reference. No modern haircuts, no modern priest collar, no bright primary colors. Face physique and skin tone must not communicate moral worth. Draw coherent full person and garment together, no layers, no cutout look. One distinct 50-year-old female person in southern England around 1300; authentically facing toward viewer RIGHT in a three-quarter view, nose projecting toward image right. visibly fat build, full cheeks and fleshy jaw, thick neck and broad soft shoulders. Unique anatomical identity: wide domed forehead, long convex beaked nose, close-set pale blue eyes beneath high fine brows, small thin mouth, very round lower cheeks and double chin, broad shoulders. Skin: light pinkish honey-beige; hair: dark brown streaked grey. Period clothing integrated naturally into this complete bust portrait: secondhand subdued blue-grey wool kirtle with neat cream headcloth and wimple, patched brown shoulder wrap, quiet and dignified expression. Natural dignified human expression; anatomy is distinctive but believable, never caricature. Do not copy facial anatomy, head proportions, pose or body silhouette from the style reference. No moral meaning attached to body shape, skin tone, age or class. Paint this direction directly, never mirror an existing portrait.","fb58d2ede96cb4a3b29b1bd4bc2e52e66539693e8fbfd498e76eaa78d0055b10"
"P36","P36","pool","portraits/P36.png","m","old","79","poor_servant","thin","left","sparse white","fair pale yellow-ivory with age spots","very long narrow skull, high hollow temples, broad asymmetrical snub nose, large tired blue eyes, long thin lips, deeply notched pointed chin, conspicuously large open ears, bald top with wispy white side hair, no beard","repaired muted brick-brown wool tunic and faded moss shoulder cloth, plain clothing with visible weave, calm expression without caricature","widower","provenance/raw/P36.png","b7d773298b84555e6aad919c04ae36378022954858dfbe548a2e59d8ca80cc13","provenance/references/4fe32158e0ec-pt_pilot_P1-v1.png; provenance/references/f38fd1c9242e-pt_pilot_P5-v1.png","Use case: historical-scene. Create ONE complete indivisible painted bust portrait for a historical game, a genuinely different human individual, not a face template with changed costume. Southern England circa 1300. Square composition, entire head with comfortable top margin, upper torso and both shoulders naturally cropped at bottom, eye line about 40-48% of height. Plain uniform low-saturation grey-brown background like the references, opaque. Natural hand-painted realism matching pilot references: fine restrained brush texture, believable skin and wool, soft upper-left illumination, muted earth/woad/madder palette. Not photographic, not caricature, no black outlines, no text, no frame, no lettering, no symbols in background. References are ONLY painting style/finish examples, NEVER copy their face, skull, pose or clothing. Subject-specific bone structure, age, body fat and asymmetries must be immediately apparent at96px. Paint direction natively; do not mirror any reference. No modern haircuts, no modern priest collar, no bright primary colors. Face physique and skin tone must not communicate moral worth. Draw coherent full person and garment together, no layers, no cutout look. One distinct 79-year-old male person in southern England around 1300; authentically facing toward viewer LEFT in a three-quarter view, nose projecting toward image left. visibly lean build, angular cheek and slender neck and shoulders. Unique anatomical identity: very long narrow skull, high hollow temples, broad asymmetrical snub nose, large tired blue eyes, long thin lips, deeply notched pointed chin, conspicuously large open ears, bald top with wispy white side hair, no beard. Skin: fair pale yellow-ivory with age spots; hair: sparse white. Period clothing integrated naturally into this complete bust portrait: repaired muted brick-brown wool tunic and faded moss shoulder cloth, plain clothing with visible weave, calm expression without caricature. Natural dignified human expression; anatomy is distinctive but believable, never caricature. Do not copy facial anatomy, head proportions, pose or body silhouette from the style reference. No moral meaning attached to body shape, skin tone, age or class. Paint this direction directly, never mirror an existing portrait.","86ba3887e8c9cd33a1a022e0fb477ebdb6c8fbbab61be635c1350e3457ba6f18"
"P01_young","P01","young","aging/P01_young.png","m","young","26","labour","thin","left","chestnut","light cool rosy freckled skin","very long narrow cranium, oversized projecting ears, long straight broad-bridge nose slightly turned down, close-set grey eyes, thin lips, cleft narrow chin, long thin neck and bony shoulders, clean shaven","faded woad-blue wool tunic with repaired shoulder, undyed linen neck, no hat, barely visible wooden spade handle at shoulder","unmarried","provenance/raw/P01.png","f27a7fea017dc46547303d5ce2d388b2e67dfa0ee1d837b2c3a6c0a99bacfd02","provenance/references/4fe32158e0ec-pt_pilot_P1-v1.png; provenance/references/f38fd1c9242e-pt_pilot_P5-v1.png; provenance/references/07f3c0b5566d-청지기_화풍참조.png","Use case: historical-scene. Create ONE complete indivisible painted bust portrait for a historical game, a genuinely different human individual, not a face template with changed costume. Southern England circa 1300. Square composition, entire head with comfortable top margin, upper torso and both shoulders naturally cropped at bottom, eye line about 40-48% of height. Plain uniform low-saturation grey-brown background like the references, opaque. Natural hand-painted realism matching pilot references: fine restrained brush texture, believable skin and wool, soft upper-left illumination, muted earth/woad/madder palette. Not photographic, not caricature, no black outlines, no text, no frame, no lettering, no symbols in background. References are ONLY painting style/finish examples, NEVER copy their face, skull, pose or clothing. Subject-specific bone structure, age, body fat and asymmetries must be immediately apparent at96px. Paint direction natively; do not mirror any reference. No modern haircuts, no modern priest collar, no bright primary colors. Face physique and skin tone must not communicate moral worth. Draw coherent full person and garment together, no layers, no cutout look. Male farm labourer age26, THIN with a very long narrow cranium, oversized projecting ears, long straight broad-bridge nose with slightly downturned tip, close-set grey eyes, thin lips, cleft narrow chin, long thin neck and bony sloping shoulders. Light cool rosy skin scattered freckles, chestnut untidy ear-length hair, clean shaven. Left-facing three-quarter: nose clearly points to IMAGE LEFT, both eyes visible. Faded woad-blue wool tunic with neatly repaired shoulder, undyed linen at neck, NO hat. Barely visible wooden spade handle at lower shoulder. Neutral thoughtful expression, no smile. A distinctive unusual but entirely plausible real face; not conventionally handsome.","4d5fbcfefa9fb22364106d9f76f20e3d8f28b1c78e8ed8257786e131b664dc3f"
"P01_mature","P01","mature","aging/P01_mature.png","m","mature","45","labour","thin","left","brown mixed grey","light cool rosy freckled skin","very long narrow cranium, oversized projecting ears, long straight broad-bridge nose slightly turned down, close-set grey eyes, thin lips, cleft narrow chin, long thin neck and bony shoulders, clean shaven","faded woad-blue wool tunic with repaired shoulder, undyed linen neck, no hat, barely visible wooden spade handle at shoulder","unmarried","provenance/raw/P01_mature.png","f77b804a27db85436425c31a0a349309300bd3ac2d9fab53ffb588e8a95d0967","provenance/references/4d5fbcfefa9f-P01.png","Use case: identity-preserve. Edit this complete hand-painted historical bust portrait to show EXACTLY THE SAME PERSON at age 45. This is an aging sequence, not a different actor and not makeup painted over a young face. Preserve unmistakable craniofacial skeleton, distinctive nose shape and length, eye spacing and eyelid asymmetry, ears, chin, mouth proportions and any scar/freckle landmark. Identity notes: very long narrow cranium, oversized projecting ears, long straight broad-bridge nose slightly turned down, close-set grey eyes, thin lips, cleft narrow chin, long thin neck and bony shoulders, clean shaven. Preserve original pose and camera orientation exactly, same opaque grey-brown background, same crop/eyeheight, upperleft illumination, coherent natural painterly realism. Keep historically correct circa1300 English clothing and headcovering from original; allow natural wear and modest cloth aging. Subtle but clear middle age: nasolabial folds, incipient forehead and eye wrinkles, slightly heavier lower eyelids, natural early grey temples, modest soft-tissue aging. Face must visibly age beyond young adult while retaining its personhood. This must be a single finished square painting, no panels/text/labels/frame. No mirror, no new person, no cosmetic face beautification.","31474da8638ae80b6aa01c09f495c3ab252512897f90b509eb2cf0b359e5375b"
"P01_old","P01","old","aging/P01_old.png","m","old","70","labour","thin","left","grey brown","light cool rosy freckled skin","very long narrow cranium, oversized projecting ears, long straight broad-bridge nose slightly turned down, close-set grey eyes, thin lips, cleft narrow chin, long thin neck and bony shoulders, clean shaven","faded woad-blue wool tunic with repaired shoulder, undyed linen neck, no hat, barely visible wooden spade handle at shoulder","unmarried","provenance/raw/P01_old.png","41fe0748e6b172892a411fb1712e01091ec09d43495453b83329816de57207e5","provenance/references/4d5fbcfefa9f-P01.png","Use case: identity-preserve. Edit this complete hand-painted historical bust portrait to show EXACTLY THE SAME PERSON at age 70. This is an aging sequence, not a different actor and not makeup painted over a young face. Preserve unmistakable craniofacial skeleton, distinctive nose shape and length, eye spacing and eyelid asymmetry, ears, chin, mouth proportions and any scar/freckle landmark. Identity notes: very long narrow cranium, oversized projecting ears, long straight broad-bridge nose slightly turned down, close-set grey eyes, thin lips, cleft narrow chin, long thin neck and bony shoulders, clean shaven. Preserve original pose and camera orientation exactly, same opaque grey-brown background, same crop/eyeheight, upperleft illumination, coherent natural painterly realism. Keep historically correct circa1300 English clothing and headcovering from original; allow natural wear and modest cloth aging. Clearly elderly70: substantial anatomical aging, thinner skin with age spots and fine irregular wrinkles, sagging cheeks and jowls, under-eye hollows, softened jawline, thinner grey-white hair/receding hairline if visible, older neck. Preserve underlying bones and nose identity. Age the whole person naturally, not just add drawn zigzag wrinkle lines. Healthy believable elder, not gruesome. This must be a single finished square painting, no panels/text/labels/frame. No mirror, no new person, no cosmetic face beautification.","cb25dd95ff20098337e057024c63a8d0e9bb1d960bd4cc831d0b5e149f77668d"
"P08_young","P08","young","aging/P08_young.png","m","young","24","artisan","thin","left","red brown","very fair rosy ivory","short broad diamond-shaped cranium despite lean body, very wide high cheekbones and abruptly small recessed chin, extremely short upturned snub nose with broad nostrils, wide-set round amber eyes, low horizontal brow, small close-fitting ears, broad fleshy lips and a tiny healed cleft scar at upper lip; sparse straight copper hair","dull grey-green wool tunic, natural leather cobbler apron, small awl secured at chest edge, no modern haircut; soft plain brown wool cap visible in selected painting","unmarried","provenance/raw/P08.png","6e031c59bc932ec8e3116500fd59591cce254cb09a1294ced3aa98d73e7c126c","provenance/references/4fe32158e0ec-pt_pilot_P1-v1.png; provenance/references/f38fd1c9242e-pt_pilot_P5-v1.png","Use case: historical-scene. Create ONE complete indivisible painted bust portrait for a historical game, a genuinely different human individual, not a face template with changed costume. Southern England circa 1300. Square composition, entire head with comfortable top margin, upper torso and both shoulders naturally cropped at bottom, eye line about 40-48% of height. Plain uniform low-saturation grey-brown background like the references, opaque. Natural hand-painted realism matching pilot references: fine restrained brush texture, believable skin and wool, soft upper-left illumination, muted earth/woad/madder palette. Not photographic, not caricature, no black outlines, no text, no frame, no lettering, no symbols in background. References are ONLY painting style/finish examples, NEVER copy their face, skull, pose or clothing. Subject-specific bone structure, age, body fat and asymmetries must be immediately apparent at96px. Paint direction natively; do not mirror any reference. No modern haircuts, no modern priest collar, no bright primary colors. Face physique and skin tone must not communicate moral worth. Draw coherent full person and garment together, no layers, no cutout look. A24yearold male cobbler, thin lanky neck and bony shoulders BUT a SHORT WIDE DIAMOND face, NOT a long face. short broad diamond-shaped cranium despite lean body, very wide high cheekbones and abruptly small recessed chin, extremely short upturned snub nose with broad nostrils, wide-set round amber eyes, low horizontal brow, small close-fitting ears, broad fleshy lips and a tiny healed cleft scar at upper lip; sparse straight copper hair. Veryfair ivory skin, copperhair. Left threequarter nose points imageLEFT. Dullgreygreen wool tunic, naturalleather cobbler apron and smallawlsecuredatchest. No beard. Realistic unusual natural features, no caricature.","9842ffffb28188c951e7a588686bd2fa0c1a556124e45ec7c3bff838af008a10"
"P08_mature","P08","mature","aging/P08_mature.png","m","mature","45","artisan","thin","left","copper brown with grey temples","very fair rosy ivory","short broad diamond-shaped cranium despite lean body, very wide high cheekbones and abruptly small recessed chin, extremely short upturned snub nose with broad nostrils, wide-set round amber eyes, low horizontal brow, small close-fitting ears, broad fleshy lips and a tiny healed cleft scar at upper lip; sparse straight copper hair","dull grey-green wool tunic, natural leather cobbler apron, small awl secured at chest edge, no modern haircut; soft plain brown wool cap visible in selected painting","unmarried","provenance/raw/P08_mature.png","1c42c9cc53babab87d6220d414fab1c1a70d0c25ef8a412ad98f279972bea26e","provenance/references/9842ffffb281-P08.png","Use case: identity-preserve. Edit this complete hand-painted historical bust portrait to show EXACTLY THE SAME PERSON at age 45. This is an aging sequence, not a different actor and not makeup painted over a young face. Preserve unmistakable craniofacial skeleton, distinctive nose shape and length, eye spacing and eyelid asymmetry, ears, chin, mouth proportions and any scar/freckle landmark. Identity notes: short broad diamond-shaped cranium despite lean body, very wide high cheekbones and abruptly small recessed chin, extremely short upturned snub nose with broad nostrils, wide-set round amber eyes, low horizontal brow, small close-fitting ears, broad fleshy lips and a tiny healed cleft scar at upper lip; sparse straight copper hair. Preserve original pose and camera orientation exactly, same opaque grey-brown background, same crop/eyeheight, upperleft illumination, coherent natural painterly realism. Keep historically correct circa1300 English clothing and headcovering from original; allow natural wear and modest cloth aging. Subtle but clear middle age: nasolabial folds, incipient forehead and eye wrinkles, slightly heavier lower eyelids, natural early grey temples, modest soft-tissue aging. Face must visibly age beyond young adult while retaining its personhood. This must be a single finished square painting, no panels/text/labels/frame. No mirror, no new person, no cosmetic face beautification.","961aa7321051826c8a3f44bbe2f13cbdc3a40b42c4486f65a4cf7e1f3be0feae"
"P08_old","P08","old","aging/P08_old.png","m","old","70","artisan","thin","left","grey with remaining copper; mostly covered","very fair rosy ivory","short broad diamond-shaped cranium despite lean body, very wide high cheekbones and abruptly small recessed chin, extremely short upturned snub nose with broad nostrils, wide-set round amber eyes, low horizontal brow, small close-fitting ears, broad fleshy lips and a tiny healed cleft scar at upper lip; sparse straight copper hair","dull grey-green wool tunic, natural leather cobbler apron, small awl secured at chest edge, no modern haircut; soft plain brown wool cap visible in selected painting","unmarried","provenance/raw/P08_old.png","f586e5ff853653cc6220408ccfd6caf7d4d039ab0d2e285e0f6cf0b9701185fa","provenance/references/9842ffffb281-P08.png","Use case: identity-preserve. Edit this complete hand-painted historical bust portrait to show EXACTLY THE SAME PERSON at age 70. This is an aging sequence, not a different actor and not makeup painted over a young face. Preserve unmistakable craniofacial skeleton, distinctive nose shape and length, eye spacing and eyelid asymmetry, ears, chin, mouth proportions and any scar/freckle landmark. Identity notes: short broad diamond-shaped cranium despite lean body, very wide high cheekbones and abruptly small recessed chin, extremely short upturned snub nose with broad nostrils, wide-set round amber eyes, low horizontal brow, small close-fitting ears, broad fleshy lips and a tiny healed cleft scar at upper lip; sparse straight copper hair. Preserve original pose and camera orientation exactly, same opaque grey-brown background, same crop/eyeheight, upperleft illumination, coherent natural painterly realism. Keep historically correct circa1300 English clothing and headcovering from original; allow natural wear and modest cloth aging. Clearly elderly70: substantial anatomical aging, thinner skin with age spots and fine irregular wrinkles, sagging cheeks and jowls, under-eye hollows, softened jawline, thinner grey-white hair/receding hairline if visible, older neck. Preserve underlying bones and nose identity. Age the whole person naturally, not just add drawn zigzag wrinkle lines. Healthy believable elder, not gruesome. This must be a single finished square painting, no panels/text/labels/frame. No mirror, no new person, no cosmetic face beautification.","29266e76058ee812a639c33ad530fbcd0f62e11357d3740e753c5da0ecc1048c"
"P14_young","P14","young","aging/P14_young.png","f","young","25","merchant","average","left","copper red","fair creamy skin with concentrated nose freckles","broad heart-shaped skull, wide flat cheekbones and a very narrow cleft chin, long straight nose ending in a pronounced round tip, large tilted green eyes, thin arched brows, distinct high ears, tiny mole below her own left eye","fine muted madder-red wool kirtle with modest fitted sleeves, cream linen veil held with a narrow simple band, small folded account parchment at lower edge","married","provenance/raw/P14.png","a5dae5fc8bd2d7f5448543f5079949121fd7b4df00fd281cd7d677f78a0c1701","provenance/references/4fe32158e0ec-pt_pilot_P1-v1.png; provenance/references/f38fd1c9242e-pt_pilot_P5-v1.png; provenance/references/07f3c0b5566d-청지기_화풍참조.png","Use case: historical-scene. Create ONE complete indivisible painted bust portrait for a historical game, a genuinely different human individual, not a face template with changed costume. Southern England circa 1300. Square composition, entire head with comfortable top margin, upper torso and both shoulders naturally cropped at bottom, eye line about 40-48% of height. Plain uniform low-saturation grey-brown background like the references, opaque. Natural hand-painted realism matching pilot references: fine restrained brush texture, believable skin and wool, soft upper-left illumination, muted earth/woad/madder palette. Not photographic, not caricature, no black outlines, no text, no frame, no lettering, no symbols in background. References are ONLY painting style/finish examples, NEVER copy their face, skull, pose or clothing. Subject-specific bone structure, age, body fat and asymmetries must be immediately apparent at96px. Paint direction natively; do not mirror any reference. No modern haircuts, no modern priest collar, no bright primary colors. Face physique and skin tone must not communicate moral worth. Draw coherent full person and garment together, no layers, no cutout look. One distinct 25-year-old female person in southern England around 1300; authentically facing toward viewer LEFT in a three-quarter view, nose projecting toward image left. ordinary medium build with natural cheek volume, medium neck and shoulders. Unique anatomical identity: broad heart-shaped skull, wide flat cheekbones and a very narrow cleft chin, long straight nose ending in a pronounced round tip, large tilted green eyes, thin arched brows, distinct high ears, tiny mole below her own left eye. Skin: fair creamy skin with concentrated nose freckles; hair: copper red. Period clothing integrated naturally into this complete bust portrait: fine muted madder-red wool kirtle with modest fitted sleeves, cream linen veil held with a narrow simple band, small folded account parchment at lower edge. Natural dignified human expression; anatomy is distinctive but believable, never caricature. Do not copy facial anatomy, head proportions, pose or body silhouette from the style reference. No moral meaning attached to body shape, skin tone, age or class. Paint this direction directly, never mirror an existing portrait.","837bc37f4bfa5fb5ba7c6af22708458bc031afff5a5070acadd3d51b5675817f"
"P14_mature","P14","mature","aging/P14_mature.png","f","mature","45","merchant","average","left","auburn with grey temples","fair creamy skin with concentrated nose freckles","broad heart-shaped skull, wide flat cheekbones and a very narrow cleft chin, long straight nose ending in a pronounced round tip, large tilted green eyes, thin arched brows, distinct high ears, tiny mole below her own left eye","fine muted madder-red wool kirtle with modest fitted sleeves, cream linen veil held with a narrow simple band, small folded account parchment at lower edge","married","provenance/raw/P14_mature.png","d954dc7bb4a505d095e3ca9135f4e3bfd542df18d5ee8899a4c011481311f856","provenance/references/837bc37f4bfa-P14.png","Use case: identity-preserve. Edit this complete hand-painted historical bust portrait to show EXACTLY THE SAME PERSON at age 45. This is an aging sequence, not a different actor and not makeup painted over a young face. Preserve unmistakable craniofacial skeleton, distinctive nose shape and length, eye spacing and eyelid asymmetry, ears, chin, mouth proportions and any scar/freckle landmark. Identity notes: broad heart-shaped skull, wide flat cheekbones and a very narrow cleft chin, long straight nose ending in a pronounced round tip, large tilted green eyes, thin arched brows, distinct high ears, tiny mole below her own left eye. Preserve original pose and camera orientation exactly, same opaque grey-brown background, same crop/eyeheight, upperleft illumination, coherent natural painterly realism. Keep historically correct circa1300 English clothing and headcovering from original; allow natural wear and modest cloth aging. Subtle but clear middle age: nasolabial folds, incipient forehead and eye wrinkles, slightly heavier lower eyelids, natural early grey temples, modest soft-tissue aging. Face must visibly age beyond young adult while retaining its personhood. This must be a single finished square painting, no panels/text/labels/frame. No mirror, no new person, no cosmetic face beautification.","e9c85e8ceb8acb2b7e860d1310cf26343f73e141b5489b42bd7eb69b1eeec00b"
"P14_old","P14","old","aging/P14_old.png","f","old","70","merchant","average","left","silver white","fair creamy skin with concentrated nose freckles","broad heart-shaped skull, wide flat cheekbones and a very narrow cleft chin, long straight nose ending in a pronounced round tip, large tilted green eyes, thin arched brows, distinct high ears, tiny mole below her own left eye","fine muted madder-red wool kirtle with modest fitted sleeves, cream linen veil held with a narrow simple band, small folded account parchment at lower edge","married","provenance/raw/P14_old.png","906d9e689a21edd603c99e8e9ecc4e93aa2b9cbbeaf7c218a70afebad958b09c","provenance/references/837bc37f4bfa-P14.png","Use case: identity-preserve. Paint this EXACT WOMAN at age70, substantially elderly and recognizably her. Preserve her distinctive convex nose, long narrow lower face and small chin, eye spacing, thin lips, visible ear anatomy, slight asymmetries. Keep precisely the same left-facing3/4 orientation, costume, cream linen veil, brooch/merchant detail and muted red dress. Same framing grey-brown flat background upperleft light and painterly natural realism. Strong natural whole-face aging: clearly silver-white hair at forehead/temples, deep set eyes with drooping upperlids, lower cheeks sagging gently, fine irregular age spots, soft jowls and older neck with loose skin; less fat in temples. At96pixels should immediately read an elderly woman aged65-75, NOT a middle-aged50yearold. Maintain bone/nose/eye identity; no nose redesign. No wrinkle overlay effect, no zigzag drawn lines, no caricature. One coherent finished opaque square painting, no text/frame/panels, no mirroring.","143b63cd7c445b42f98bad8e5504d7329364c74e15054b148132151bdf80c780"
"P20_young","P20","young","aging/P20_young.png","f","young","28","gentry","thin","front","dark ash brown","light tawny beige","long severe rectangular face, exceptionally broad straight nasal bridge and narrow nose tip, wide-set half-lidded hazel eyes, thick nearly horizontal eyebrows, strongly projecting square chin, small full mouth","fine subdued grey-green wool kirtle and plain surcoat, cream linen veil draped over hair and shoulders, narrow simple bronze brooch","married","provenance/raw/P20.png","c2025eaadc5c08936454388dbe0289daa21d03bd75db7d5ec3999d90dfd0f774","provenance/references/4fe32158e0ec-pt_pilot_P1-v1.png; provenance/references/f38fd1c9242e-pt_pilot_P5-v1.png; provenance/references/07f3c0b5566d-청지기_화풍참조.png","Use case: historical-scene. Create ONE complete indivisible painted bust portrait for a historical game, a genuinely different human individual, not a face template with changed costume. Southern England circa 1300. Square composition, entire head with comfortable top margin, upper torso and both shoulders naturally cropped at bottom, eye line about 40-48% of height. Plain uniform low-saturation grey-brown background like the references, opaque. Natural hand-painted realism matching pilot references: fine restrained brush texture, believable skin and wool, soft upper-left illumination, muted earth/woad/madder palette. Not photographic, not caricature, no black outlines, no text, no frame, no lettering, no symbols in background. References are ONLY painting style/finish examples, NEVER copy their face, skull, pose or clothing. Subject-specific bone structure, age, body fat and asymmetries must be immediately apparent at96px. Paint direction natively; do not mirror any reference. No modern haircuts, no modern priest collar, no bright primary colors. Face physique and skin tone must not communicate moral worth. Draw coherent full person and garment together, no layers, no cutout look. One distinct 28-year-old female person in southern England around 1300; almost front-facing, natural slight asymmetry, both cheeks visible. visibly lean build, angular cheek and slender neck and shoulders. Unique anatomical identity: long severe rectangular face, exceptionally broad straight nasal bridge and narrow nose tip, wide-set half-lidded hazel eyes, thick nearly horizontal eyebrows, strongly projecting square chin, small full mouth. Skin: light tawny beige; hair: dark ash brown. Period clothing integrated naturally into this complete bust portrait: fine subdued grey-green wool kirtle and plain surcoat, cream linen veil draped over hair and shoulders, narrow simple bronze brooch. Natural dignified human expression; anatomy is distinctive but believable, never caricature. Do not copy facial anatomy, head proportions, pose or body silhouette from the style reference. No moral meaning attached to body shape, skin tone, age or class. Paint this direction directly, never mirror an existing portrait.","113d19e7b7ee5982f62aa341cf50ea4963efc379d4709005e21cf4b7af4266cb"
"P20_mature","P20","mature","aging/P20_mature.png","f","mature","45","gentry","thin","front","dark ash brown with grey temples","light tawny beige","long severe rectangular face, exceptionally broad straight nasal bridge and narrow nose tip, wide-set half-lidded hazel eyes, thick nearly horizontal eyebrows, strongly projecting square chin, small full mouth","fine subdued grey-green wool kirtle and plain surcoat, cream linen veil draped over hair and shoulders, narrow simple bronze brooch","married","provenance/raw/P20_mature.png","1100e96bb1a9ecbf6cae11e4efe4271f34b0a781c2bbf35308f6d16b40ce8166","provenance/references/113d19e7b7ee-P20.png","Use case: identity-preserve. Edit this complete hand-painted historical bust portrait to show EXACTLY THE SAME PERSON at age 45. This is an aging sequence, not a different actor and not makeup painted over a young face. Preserve unmistakable craniofacial skeleton, distinctive nose shape and length, eye spacing and eyelid asymmetry, ears, chin, mouth proportions and any scar/freckle landmark. Identity notes: long severe rectangular face, exceptionally broad straight nasal bridge and narrow nose tip, wide-set half-lidded hazel eyes, thick nearly horizontal eyebrows, strongly projecting square chin, small full mouth. Preserve original pose and camera orientation exactly, same opaque grey-brown background, same crop/eyeheight, upperleft illumination, coherent natural painterly realism. Keep historically correct circa1300 English clothing and headcovering from original; allow natural wear and modest cloth aging. Subtle but clear middle age: nasolabial folds, incipient forehead and eye wrinkles, slightly heavier lower eyelids, natural early grey temples, modest soft-tissue aging. Face must visibly age beyond young adult while retaining its personhood. This must be a single finished square painting, no panels/text/labels/frame. No mirror, no new person, no cosmetic face beautification.","6cd6e4180499bac3e03f0c1e1152df4f330d7a55ea39c0c7d663a59fddbbe188"
"P20_old","P20","old","aging/P20_old.png","f","old","70","gentry","thin","front","grey white; partly covered","light tawny beige","long severe rectangular face, exceptionally broad straight nasal bridge and narrow nose tip, wide-set half-lidded hazel eyes, thick nearly horizontal eyebrows, strongly projecting square chin, small full mouth","fine subdued grey-green wool kirtle and plain surcoat, cream linen veil draped over hair and shoulders, narrow simple bronze brooch","married","provenance/raw/P20_old.png","88dc92103f53c25ecfa5f2b837c9144ba183ef0f1efd26256d39bae46f93deb2","provenance/references/113d19e7b7ee-P20.png","Use case: identity-preserve. Edit this complete hand-painted historical bust portrait to show EXACTLY THE SAME PERSON at age 70. This is an aging sequence, not a different actor and not makeup painted over a young face. Preserve unmistakable craniofacial skeleton, distinctive nose shape and length, eye spacing and eyelid asymmetry, ears, chin, mouth proportions and any scar/freckle landmark. Identity notes: long severe rectangular face, exceptionally broad straight nasal bridge and narrow nose tip, wide-set half-lidded hazel eyes, thick nearly horizontal eyebrows, strongly projecting square chin, small full mouth. Preserve original pose and camera orientation exactly, same opaque grey-brown background, same crop/eyeheight, upperleft illumination, coherent natural painterly realism. Keep historically correct circa1300 English clothing and headcovering from original; allow natural wear and modest cloth aging. Clearly elderly70: substantial anatomical aging, thinner skin with age spots and fine irregular wrinkles, sagging cheeks and jowls, under-eye hollows, softened jawline, thinner grey-white hair/receding hairline if visible, older neck. Preserve underlying bones and nose identity. Age the whole person naturally, not just add drawn zigzag wrinkle lines. Healthy believable elder, not gruesome. This must be a single finished square painting, no panels/text/labels/frame. No mirror, no new person, no cosmetic face beautification.","25eb86f49d5bd60c0554d2c8ef3cdadd102a9e89644e35607eca4fb0ad752b84"
