"asset_id","status","file","width","height","group","description","history_notes","sha256","generation_records","processing","qa"
"timeline_strip_base","candidate","assets/timeline/timeline_strip_base.png","1024","64","timeline","A very wide shallow horizontal chronology strip. Five equally broad muted chapter color bands: warm straw, sage, dusty bluegrey, russet, greyviolet. Thin brown outline and blank short tick marks on lower edge; absolutely no lettering or numerals. Straight rectangular strip isolated transparent. Wide 16:1 proportions.","Project reference art. Candidate only; no runtime installation.","7745fc58a9d9283c4235415144cf099fd3697a621350fe5b087a65e1f59a6c52","[{""prompt"":""Create one raster game UI candidate asset, timeline_strip_base. A very wide shallow horizontal chronology strip. Five equally broad muted chapter color bands: warm straw, sage, dusty bluegrey, russet, greyviolet. Thin brown outline and blank short tick marks on lower edge; absolutely no lettering or numerals. Straight rectangular strip isolated transparent. Wide 16:1 proportions. Style reference only: attached project UI. C direction 80 percent function 20 percent medieval ornament, low chroma hand-painted matte gouache, warm parchment, thin dark brown outlines. Not modern vector. Output genuinely transparent RGBA outside object. No writing, numbers, watermark, UI labels. Entire object fully visible with generous transparent margin."",""rawFile"":""raw/timeline/timeline_strip_base.png"",""referenceImages"":[""references/timeline-p0-resource-sheet.png"",""references/frame_chronicle_page.png""],""tool"":""image_gen.imagegen"",""model"":""not provided"",""seed"":""not provided"",""sourceImageDimensions"":{""width"":1586,""height"":992}}]","{""alphaThreshold"":12,""crop"":{""left"":17,""top"":437,""width"":1552,""height"":119},""target"":[1024,64],""padding"":0,""resize"":""fill native panel aspect"",""sourceSize"":[1586,992]}","{""status"":""technical_pass"",""rgba"":true,""dimensions"":[1024,64],""visual"":""pass at24/32/48; five markers diamond seal,burst,gate,pennant,bust have distinct silhouettes"",""nineSlice"":null}"
"timeline_pin_now","candidate","assets/timeline/timeline_pin_now.png","96","96","timeline","A solid muted russet downward pointer arrowhead on a short upright stem with a small gold round cap. Current-time timeline pin. Strong simple downward silhouette.","Project reference art. Candidate only; no runtime installation.","98c1e2b5c669e65ae057aa48541bacee695a4dd49033991e7e7e8a166f34d25b","[{""prompt"":""Create one raster game UI candidate asset timeline_pin_now. A solid muted russet downward pointer arrowhead on a short upright stem with a small gold round cap. Current-time timeline pin. Strong simple downward silhouette. Style reference only: attached project UI. C direction 80 percent function 20 percent medieval ornament. Handpainted matte gouache, low chroma warm ochre russet brown palette, bold simple silhouette legible24pixels, thin brown contour. ONE isolated symbol centered, square canvas, generous transparent margins. Genuine transparent RGBA background. No text, no numbers, no watermark, no scenery."",""rawFile"":""raw/timeline/timeline_pin_now.png"",""referenceImages"":[""references/timeline-p0-resource-sheet.png"",""references/frame_chronicle_page.png""],""tool"":""image_gen.imagegen"",""model"":""not provided"",""seed"":""not provided"",""sourceImageDimensions"":{""width"":1254,""height"":1254}}]","{""alphaThreshold"":12,""crop"":{""left"":427,""top"":296,""width"":398,""height"":661},""target"":[96,96],""padding"":6,""resize"":""contain"",""sourceSize"":[1254,1254]}","{""status"":""technical_pass"",""rgba"":true,""dimensions"":[96,96],""visual"":""pass at24/32/48; five markers diamond seal,burst,gate,pennant,bust have distinct silhouettes"",""nineSlice"":null}"
"timeline_pin_select","candidate","assets/timeline/timeline_pin_select.png","96","96","timeline","A hollow dark brown diamond selection cursor with thick warm gold rim and empty transparent center. Short downward point. Visibly different from solid now pointer.","Project reference art. Candidate only; no runtime installation.","81809ed70e2fc9aeb416ede67b07e50f7f418c6267b2d2956a9b602c8186550f","[{""prompt"":""Create one raster game UI candidate asset timeline_pin_select. A hollow dark brown diamond selection cursor with thick warm gold rim and empty transparent center. Short downward point. Visibly different from solid now pointer. Style reference only: attached project UI. C direction 80 percent function 20 percent medieval ornament. Handpainted matte gouache, low chroma warm ochre russet brown palette, bold simple silhouette legible24pixels, thin brown contour. ONE isolated symbol centered, square canvas, generous transparent margins. Genuine transparent RGBA background. No text, no numbers, no watermark, no scenery."",""rawFile"":""raw/timeline/timeline_pin_select.png"",""referenceImages"":[""references/timeline-p0-resource-sheet.png"",""references/frame_chronicle_page.png""],""tool"":""image_gen.imagegen"",""model"":""not provided"",""seed"":""not provided"",""sourceImageDimensions"":{""width"":1254,""height"":1254}}]","{""alphaThreshold"":12,""crop"":{""left"":262,""top"":223,""width"":730,""height"":794},""target"":[96,96],""padding"":6,""resize"":""contain"",""sourceSize"":[1254,1254]}","{""status"":""technical_pass"",""rgba"":true,""dimensions"":[96,96],""visual"":""pass at24/32/48; five markers diamond seal,burst,gate,pennant,bust have distinct silhouettes"",""nineSlice"":null}"
"timeline_marker_decision","candidate","assets/timeline/timeline_marker_decision.png","96","96","timeline","Single compact dark russet wax seal in a DIAMOND silhouette with simple recessed central cross-free dot. No document, no letters. Decision timeline marker.","Project reference art. Candidate only; no runtime installation.","854282a2a73093e05f82ba38c3f195c991dbe7df42d4cbaf9c6f7b6807dd1027","[{""prompt"":""Create one raster game UI candidate asset timeline_marker_decision. Single compact dark russet wax seal in a DIAMOND silhouette with simple recessed central cross-free dot. No document, no letters. Decision timeline marker. Style reference only: attached project UI. C direction 80 percent function 20 percent medieval ornament. Handpainted matte gouache, low chroma warm ochre russet brown palette, bold simple silhouette legible24pixels, thin brown contour. ONE isolated symbol centered, square canvas, generous transparent margins. Genuine transparent RGBA background. No text, no numbers, no watermark, no scenery."",""rawFile"":""raw/timeline/timeline_marker_decision.png"",""referenceImages"":[""references/timeline-p0-resource-sheet.png"",""references/frame_chronicle_page.png""],""tool"":""image_gen.imagegen"",""model"":""not provided"",""seed"":""not provided"",""sourceImageDimensions"":{""width"":1254,""height"":1254}}]","{""alphaThreshold"":12,""crop"":{""left"":346,""top"":326,""width"":563,""height"":583},""target"":[96,96],""padding"":6,""resize"":""contain"",""sourceSize"":[1254,1254]}","{""status"":""technical_pass"",""rgba"":true,""dimensions"":[96,96],""visual"":""pass at24/32/48; five markers diamond seal,burst,gate,pennant,bust have distinct silhouettes"",""nineSlice"":null}"
"timeline_marker_event","candidate","assets/timeline/timeline_marker_event.png","96","96","timeline","Single irregular eight-point rust red burst with pale center. Event timeline marker, bold starburst silhouette, no letters no symbols inside.","Project reference art. Candidate only; no runtime installation.","ac2ca285346d37f53c2b228a6b5fa2df7be34627fc684bff55618962165859a3","[{""prompt"":""Create one raster game UI candidate asset timeline_marker_event. Single irregular eight-point rust red burst with pale center. Event timeline marker, bold starburst silhouette, no letters no symbols inside. Style reference only: attached project UI. C direction 80 percent function 20 percent medieval ornament. Handpainted matte gouache, low chroma warm ochre russet brown palette, bold simple silhouette legible24pixels, thin brown contour. ONE isolated symbol centered, square canvas, generous transparent margins. Genuine transparent RGBA background. No text, no numbers, no watermark, no scenery."",""rawFile"":""raw/timeline/timeline_marker_event.png"",""referenceImages"":[""references/timeline-p0-resource-sheet.png"",""references/frame_chronicle_page.png""],""tool"":""image_gen.imagegen"",""model"":""not provided"",""seed"":""not provided"",""sourceImageDimensions"":{""width"":1254,""height"":1254}}]","{""alphaThreshold"":12,""crop"":{""left"":215,""top"":181,""width"":825,""height"":831},""target"":[96,96],""padding"":6,""resize"":""contain"",""sourceSize"":[1254,1254]}","{""status"":""technical_pass"",""rgba"":true,""dimensions"":[96,96],""visual"":""pass at24/32/48; five markers diamond seal,burst,gate,pennant,bust have distinct silhouettes"",""nineSlice"":null}"
"timeline_marker_era","candidate","assets/timeline/timeline_marker_era.png","96","96","timeline","Single thick dark oak medieval gateway silhouette with two stout square posts and one flat lintel, clear large open arch passage. Era timeline marker.","Project reference art. Candidate only; no runtime installation.","6a49d5535c93c710eb7d9ec3cafd12aa3fb341e8762d5ab856bfa0d88caf17a9","[{""prompt"":""Create one raster game UI candidate asset timeline_marker_era. Single thick dark oak medieval gateway silhouette with two stout square posts and one flat lintel, clear large open arch passage. Era timeline marker. Style reference only: attached project UI. C direction 80 percent function 20 percent medieval ornament. Handpainted matte gouache, low chroma warm ochre russet brown palette, bold simple silhouette legible24pixels, thin brown contour. ONE isolated symbol centered, square canvas, generous transparent margins. Genuine transparent RGBA background. No text, no numbers, no watermark, no scenery."",""rawFile"":""raw/timeline/timeline_marker_era.png"",""referenceImages"":[""references/timeline-p0-resource-sheet.png"",""references/frame_chronicle_page.png""],""tool"":""image_gen.imagegen"",""model"":""not provided"",""seed"":""not provided"",""sourceImageDimensions"":{""width"":1254,""height"":1254}}]","{""alphaThreshold"":12,""crop"":{""left"":160,""top"":207,""width"":934,""height"":811},""target"":[96,96],""padding"":6,""resize"":""contain"",""sourceSize"":[1254,1254]}","{""status"":""technical_pass"",""rgba"":true,""dimensions"":[96,96],""visual"":""pass at24/32/48; five markers diamond seal,burst,gate,pennant,bust have distinct silhouettes"",""nineSlice"":null}"
"timeline_marker_milestone","candidate","assets/timeline/timeline_marker_milestone.png","96","96","timeline","One muted ochre triangular pennant flying right on short dark vertical pole with round base. Milestone timeline marker.","Project reference art. Candidate only; no runtime installation.","9b27f31e377d3b135b637e5f8c7aae65c8def50f6b379082ab4822b28bf4ffa7","[{""prompt"":""Create one raster game UI candidate asset timeline_marker_milestone. One muted ochre triangular pennant flying right on short dark vertical pole with round base. Milestone timeline marker. Style reference only: attached project UI. C direction 80 percent function 20 percent medieval ornament. Handpainted matte gouache, low chroma warm ochre russet brown palette, bold simple silhouette legible24pixels, thin brown contour. ONE isolated symbol centered, square canvas, generous transparent margins. Genuine transparent RGBA background. No text, no numbers, no watermark, no scenery."",""rawFile"":""raw/timeline/timeline_marker_milestone.png"",""referenceImages"":[""references/timeline-p0-resource-sheet.png"",""references/frame_chronicle_page.png""],""tool"":""image_gen.imagegen"",""model"":""not provided"",""seed"":""not provided"",""sourceImageDimensions"":{""width"":1254,""height"":1254}}]","{""alphaThreshold"":12,""crop"":{""left"":365,""top"":220,""width"":632,""height"":812},""target"":[96,96],""padding"":6,""resize"":""contain"",""sourceSize"":[1254,1254]}","{""status"":""technical_pass"",""rgba"":true,""dimensions"":[96,96],""visual"":""pass at24/32/48; five markers diamond seal,burst,gate,pennant,bust have distinct silhouettes"",""nineSlice"":null}"
"timeline_marker_person","candidate","assets/timeline/timeline_marker_person.png","96","96","timeline","One dark brown circular medallion enclosing a simple pale head-and-shoulders bust silhouette, large head, no detailed face. Person timeline marker.","Project reference art. Candidate only; no runtime installation.","328c0c50acdd2b16dfb27c0474d1b1cacced52d2324cd6879c467b28b21da871","[{""prompt"":""Create one raster game UI candidate asset timeline_marker_person. One dark brown circular medallion enclosing a simple pale head-and-shoulders bust silhouette, large head, no detailed face. Person timeline marker. Style reference only: attached project UI. C direction 80 percent function 20 percent medieval ornament. Handpainted matte gouache, low chroma warm ochre russet brown palette, bold simple silhouette legible24pixels, thin brown contour. ONE isolated symbol centered, square canvas, generous transparent margins. Genuine transparent RGBA background. No text, no numbers, no watermark, no scenery."",""rawFile"":""raw/timeline/timeline_marker_person.png"",""referenceImages"":[""references/timeline-p0-resource-sheet.png"",""references/frame_chronicle_page.png""],""tool"":""image_gen.imagegen"",""model"":""not provided"",""seed"":""not provided"",""sourceImageDimensions"":{""width"":1254,""height"":1254}}]","{""alphaThreshold"":12,""crop"":{""left"":201,""top"":194,""width"":850,""height"":839},""target"":[96,96],""padding"":6,""resize"":""contain"",""sourceSize"":[1254,1254]}","{""status"":""technical_pass"",""rgba"":true,""dimensions"":[96,96],""visual"":""pass at24/32/48; five markers diamond seal,burst,gate,pennant,bust have distinct silhouettes"",""nineSlice"":null}"
"timeline_zoom_handle","candidate","assets/timeline/timeline_zoom_handle.png","96","96","timeline","Single small upright rounded parchment slider handle bounded thick brown edge, three bold vertical dark brown grip grooves. No arrows, no letters. Strong narrow capsule silhouette.","Project reference art. Candidate only; no runtime installation.","a66f430f111359545eaa443e91af2e840eb166e0636f42c172d9ed66835b36e4","[{""prompt"":""Create one raster game UI candidate asset timeline_zoom_handle. Single small upright rounded parchment slider handle bounded thick brown edge, three bold vertical dark brown grip grooves. No arrows, no letters. Strong narrow capsule silhouette. Style reference only: attached project UI. C direction 80 percent function 20 percent medieval ornament. Handpainted matte gouache, low chroma warm ochre russet brown palette, bold simple silhouette legible24pixels, thin brown contour. ONE isolated symbol centered, square canvas, generous transparent margins. Genuine transparent RGBA background. No text, no numbers, no watermark, no scenery."",""rawFile"":""raw/timeline/timeline_zoom_handle.png"",""referenceImages"":[""references/timeline-p0-resource-sheet.png"",""references/frame_chronicle_page.png""],""tool"":""image_gen.imagegen"",""model"":""not provided"",""seed"":""not provided"",""sourceImageDimensions"":{""width"":1254,""height"":1254}}]","{""alphaThreshold"":12,""crop"":{""left"":489,""top"":243,""width"":276,""height"":758},""target"":[96,96],""padding"":6,""resize"":""contain"",""sourceSize"":[1254,1254]}","{""status"":""technical_pass"",""rgba"":true,""dimensions"":[96,96],""visual"":""pass at24/32/48; five markers diamond seal,burst,gate,pennant,bust have distinct silhouettes"",""caveat"":""Narrow visual handle is not touch hitbox; runtime should supply48px hit target."",""nineSlice"":null}"
"frame_record_decision","candidate","assets/cards/frame_record_decision.png","320","160","cards","a recessed empty circular seal socket at upper left corner; two short muted burgundy ribbon tails contained in left margin. Blank socket, no heraldic emblem","Project reference art. Candidate only; no runtime installation.","d59f433997f953e8f11afb2fb90e1b92f969ab2f044154d0bc5c4b3f180d0b0a","[{""prompt"":""Create ONE medieval game record-card FRAME raster candidate, no sheet. Reference images establish only handpainted UI tone. Final target320x160 horizontal 2:1. Render frame straight-on perfectly rectangular, centered with tiny transparent outside gutter. Opaque warm pale parchment blank content surface. C direction 80% practical 20% ornament. Match fine brown outlines, low chroma warm ochre cream, subtle matte handpainted gouache grain of attached project references. Frame outer artwork ratio2:1. Intended 9-slice: ALL identity motif stays within corner or edge strips; blank quiet inner rectangular center occupying at least75% area, straight edges stretchable. No letters, no numbers, no readable writing, no icon in content, no people, no scenery, no drop shadow, no photoreal tabletop, no extra objects. Genuine transparent RGBA OUTSIDE frame; opaque parchment INSIDE. Unique edge identity: a recessed empty circular seal socket at upper left corner; two short muted burgundy ribbon tails contained in left margin. Blank socket, no heraldic emblem"",""rawFile"":""raw/cards/frame_record_decision-v1.png"",""referenceImages"":[""references/frame_chronicle_page.png"",""references/frame_season_ledger.png"",""references/frame_person_card-v1.png""],""tool"":""image_gen.imagegen"",""model"":null,""seed"":null,""sourcePath"":""/Users/rexxa/Library/Application Support/orca/codex-accounts/54be5844-95fd-4c46-925c-75327ccd186a/home/generated_images/01a0ddce-936e-71d1-901d-3a61d1aec8de/exec-3826b33a-d134-466b-a1e0-3e69fe6c27c3.png"",""sourceImageDimensions"":{""width"":1774,""height"":887}}]","""Generated artwork resized to exact 320x160 using Sharp fill, alpha preserved. No procedural replacement of artwork. Expanded QA uses nine extracted slices.""","{""dimensionsPass"":true,""rgbaPass"":true,""transparentOutsidePass"":true,""noTextVisualPass"":true,""edgeIdentityPass"":true,""sha256"":""d59f433997f953e8f11afb2fb90e1b92f969ab2f044154d0bc5c4b3f180d0b0a"",""note"":""Six identities judged without names at native 320x160. Seal has ribbon; portrait recess is larger and ribbonless. Era wood and milestone gold remain distinct in grayscale by border thickness."",""nineSlice"":{""insets"":{""left"":50,""top"":90,""right"":32,""bottom"":55},""minimumSize"":{""width"":320,""height"":160},""testedExpandedSize"":{""width"":640,""height"":240},""cornerDifferentBytes"":0,""center"":""Opaque blank parchment; stretch center and straight edge strips, keep all four corners fixed.""}}"
"frame_record_event","candidate","assets/cards/frame_record_event.png","320","160","cards","a broad asymmetrical folded RUST RED parchment corner at upper right, visibly triangular silhouette, with two restrained stitch marks. The other edges thin brown","Project reference art. Candidate only; no runtime installation.","185f1600d9caded48473008ee597198c7a97961dcbef96938aa29b6a85e5a93c","[{""prompt"":""Create ONE medieval game record-card FRAME raster candidate, no sheet. Reference images establish only handpainted UI tone. Final target320x160 horizontal 2:1. Render frame straight-on perfectly rectangular, centered with tiny transparent outside gutter. Opaque warm pale parchment blank content surface. C direction 80% practical 20% ornament. Match fine brown outlines, low chroma warm ochre cream, subtle matte handpainted gouache grain of attached project references. Frame outer artwork ratio2:1. Intended 9-slice: ALL identity motif stays within corner or edge strips; blank quiet inner rectangular center occupying at least75% area, straight edges stretchable. No letters, no numbers, no readable writing, no icon in content, no people, no scenery, no drop shadow, no photoreal tabletop, no extra objects. Genuine transparent RGBA OUTSIDE frame; opaque parchment INSIDE. Unique edge identity: a broad asymmetrical folded RUST RED parchment corner at upper right, visibly triangular silhouette, with two restrained stitch marks. The other edges thin brown"",""rawFile"":""raw/cards/frame_record_event-v1.png"",""referenceImages"":[""references/frame_chronicle_page.png"",""references/frame_season_ledger.png"",""references/frame_person_card-v1.png""],""tool"":""image_gen.imagegen"",""model"":null,""seed"":null,""sourcePath"":""/Users/rexxa/Library/Application Support/orca/codex-accounts/54be5844-95fd-4c46-925c-75327ccd186a/home/generated_images/01a0ddce-936e-71d1-901d-3a61d1aec8de/exec-08285bd7-7b12-402e-850c-a1163ea6b0a6.png"",""sourceImageDimensions"":{""width"":1774,""height"":887}}]","""Generated artwork resized to exact 320x160 using Sharp fill, alpha preserved. No procedural replacement of artwork. Expanded QA uses nine extracted slices.""","{""dimensionsPass"":true,""rgbaPass"":true,""transparentOutsidePass"":true,""noTextVisualPass"":true,""edgeIdentityPass"":true,""sha256"":""185f1600d9caded48473008ee597198c7a97961dcbef96938aa29b6a85e5a93c"",""note"":""Six identities judged without names at native 320x160. Seal has ribbon; portrait recess is larger and ribbonless. Era wood and milestone gold remain distinct in grayscale by border thickness."",""nineSlice"":{""insets"":{""left"":28,""top"":64,""right"":64,""bottom"":44},""minimumSize"":{""width"":320,""height"":160},""testedExpandedSize"":{""width"":640,""height"":240},""cornerDifferentBytes"":0,""center"":""Opaque blank parchment; stretch center and straight edge strips, keep all four corners fixed.""}}"
"frame_record_era","candidate","assets/cards/frame_record_era.png","320","160","cards","a visibly THICK dark weathered OAK plank border on all four sides, plain square pegged timber joints; no gold frame, no seal","Project reference art. Candidate only; no runtime installation.","e368ef61480dc47cd01c9439e8c31f5f6a218945dcfbc44fad626090eef139e9","[{""prompt"":""Create ONE medieval game record-card FRAME raster candidate, no sheet. Reference images establish only handpainted UI tone. Final target320x160 horizontal 2:1. Render frame straight-on perfectly rectangular, centered with tiny transparent outside gutter. Opaque warm pale parchment blank content surface. C direction 80% practical 20% ornament. Match fine brown outlines, low chroma warm ochre cream, subtle matte handpainted gouache grain of attached project references. Frame outer artwork ratio2:1. Intended 9-slice: ALL identity motif stays within corner or edge strips; blank quiet inner rectangular center occupying at least75% area, straight edges stretchable. No letters, no numbers, no readable writing, no icon in content, no people, no scenery, no drop shadow, no photoreal tabletop, no extra objects. Genuine transparent RGBA OUTSIDE frame; opaque parchment INSIDE. Unique edge identity: a visibly THICK dark weathered OAK plank border on all four sides, plain square pegged timber joints; no gold frame, no seal"",""rawFile"":""raw/cards/frame_record_era-v1.png"",""referenceImages"":[""references/frame_chronicle_page.png"",""references/frame_season_ledger.png"",""references/frame_person_card-v1.png""],""tool"":""image_gen.imagegen"",""model"":null,""seed"":null,""sourcePath"":""/Users/rexxa/Library/Application Support/orca/codex-accounts/54be5844-95fd-4c46-925c-75327ccd186a/home/generated_images/01a0ddce-936e-71d1-901d-3a61d1aec8de/exec-aae34080-bcd7-42fb-8d5f-6b6d16c61368.png"",""sourceImageDimensions"":{""width"":1774,""height"":887}}]","""Generated artwork resized to exact 320x160 using Sharp fill, alpha preserved. No procedural replacement of artwork. Expanded QA uses nine extracted slices.""","{""dimensionsPass"":true,""rgbaPass"":true,""transparentOutsidePass"":true,""noTextVisualPass"":true,""edgeIdentityPass"":true,""sha256"":""e368ef61480dc47cd01c9439e8c31f5f6a218945dcfbc44fad626090eef139e9"",""note"":""Six identities judged without names at native 320x160. Seal has ribbon; portrait recess is larger and ribbonless. Era wood and milestone gold remain distinct in grayscale by border thickness."",""nineSlice"":{""insets"":{""left"":30,""top"":38,""right"":30,""bottom"":30},""minimumSize"":{""width"":320,""height"":160},""testedExpandedSize"":{""width"":640,""height"":240},""cornerDifferentBytes"":0,""center"":""Opaque blank parchment; stretch center and straight edge strips, keep all four corners fixed.""}}"
"frame_record_milestone","candidate","assets/cards/frame_record_milestone.png","320","160","cards","two thin muted GOLD rules parallel around perimeter with modest four angular gold corner brackets. No wood plank, no red corner, no roundel","Project reference art. Candidate only; no runtime installation.","3f234d8eaf6068bd3ada6c2396773e582742c44b936f6d0724c86b5d10b2327c","[{""prompt"":""Create ONE medieval game record-card FRAME raster candidate, no sheet. Reference images establish only handpainted UI tone. Final target320x160 horizontal 2:1. Render frame straight-on perfectly rectangular, centered with tiny transparent outside gutter. Opaque warm pale parchment blank content surface. C direction 80% practical 20% ornament. Match fine brown outlines, low chroma warm ochre cream, subtle matte handpainted gouache grain of attached project references. Frame outer artwork ratio2:1. Intended 9-slice: ALL identity motif stays within corner or edge strips; blank quiet inner rectangular center occupying at least75% area, straight edges stretchable. No letters, no numbers, no readable writing, no icon in content, no people, no scenery, no drop shadow, no photoreal tabletop, no extra objects. Genuine transparent RGBA OUTSIDE frame; opaque parchment INSIDE. Unique edge identity: two thin muted GOLD rules parallel around perimeter with modest four angular gold corner brackets. No wood plank, no red corner, no roundel"",""rawFile"":""raw/cards/frame_record_milestone-v1.png"",""referenceImages"":[""references/frame_chronicle_page.png"",""references/frame_season_ledger.png"",""references/frame_person_card-v1.png""],""tool"":""image_gen.imagegen"",""model"":null,""seed"":null,""sourcePath"":""/Users/rexxa/Library/Application Support/orca/codex-accounts/54be5844-95fd-4c46-925c-75327ccd186a/home/generated_images/01a0ddce-936e-71d1-901d-3a61d1aec8de/exec-6cb8ba8b-6fc8-4ec5-837c-26b0e442095c.png"",""sourceImageDimensions"":{""width"":1774,""height"":887}}]","""Generated artwork resized to exact 320x160 using Sharp fill, alpha preserved. No procedural replacement of artwork. Expanded QA uses nine extracted slices.""","{""dimensionsPass"":true,""rgbaPass"":true,""transparentOutsidePass"":true,""noTextVisualPass"":true,""edgeIdentityPass"":true,""sha256"":""3f234d8eaf6068bd3ada6c2396773e582742c44b936f6d0724c86b5d10b2327c"",""note"":""Six identities judged without names at native 320x160. Seal has ribbon; portrait recess is larger and ribbonless. Era wood and milestone gold remain distinct in grayscale by border thickness."",""nineSlice"":{""insets"":{""left"":30,""top"":30,""right"":30,""bottom"":30},""minimumSize"":{""width"":320,""height"":160},""testedExpandedSize"":{""width"":640,""height"":240},""cornerDifferentBytes"":0,""center"":""Opaque blank parchment; stretch center and straight edge strips, keep all four corners fixed.""}}"
"frame_record_person","candidate","assets/cards/frame_record_person.png","320","160","cards","a large empty circular portrait recess embedded in left edge near upper corner, visibly breaks inner border into arc, fine brown surround and warm cream blank center. Not seal wax, no ribbons","Project reference art. Candidate only; no runtime installation.","36e650711b939ffc84033a5e4ceeebaeb19ea2c4f2936543edad298ec27987f2","[{""prompt"":""Create ONE medieval game record-card FRAME raster candidate, no sheet. Reference images establish only handpainted UI tone. Final target320x160 horizontal 2:1. Render frame straight-on perfectly rectangular, centered with tiny transparent outside gutter. Opaque warm pale parchment blank content surface. C direction 80% practical 20% ornament. Match fine brown outlines, low chroma warm ochre cream, subtle matte handpainted gouache grain of attached project references. Frame outer artwork ratio2:1. Intended 9-slice: ALL identity motif stays within corner or edge strips; blank quiet inner rectangular center occupying at least75% area, straight edges stretchable. No letters, no numbers, no readable writing, no icon in content, no people, no scenery, no drop shadow, no photoreal tabletop, no extra objects. Genuine transparent RGBA OUTSIDE frame; opaque parchment INSIDE. Unique edge identity: a large empty circular portrait recess embedded in left edge near upper corner, visibly breaks inner border into arc, fine brown surround and warm cream blank center. Not seal wax, no ribbons"",""rawFile"":""raw/cards/frame_record_person-v1.png"",""referenceImages"":[""references/frame_chronicle_page.png"",""references/frame_season_ledger.png"",""references/frame_person_card-v1.png""],""tool"":""image_gen.imagegen"",""model"":null,""seed"":null,""sourcePath"":""/Users/rexxa/Library/Application Support/orca/codex-accounts/54be5844-95fd-4c46-925c-75327ccd186a/home/generated_images/01a0ddce-936e-71d1-901d-3a61d1aec8de/exec-dfd315e6-2e59-491e-81b5-4d86ed5843d2.png"",""sourceImageDimensions"":{""width"":1774,""height"":887}},{""prompt"":""Targeted edit of this ONE record person frame. Preserve exact 320x160 composition, opaque pale parchment and transparent exterior, rectangular frame, large empty circular portrait recess upper-left, fine brown/gold edge, same handpainted P0 tone. Shorten the leafy ornament on LEFT EDGE drastically: ALL foliage must stay in upper-left corner ABOVE y90 of160, curling beside the circle only. Below y96 the left border must be a completely straight plain vertical brown rule down to small bottomcorner. Keep full blank center. No other changes. No text numbers faces heraldry or extraobjects. 9slice target insets left90 top96 right28 bottom32 so central strip y96..128 must be quiet parchment with straight unadorned borders. Genuine transparent RGBA exterior."",""rawFile"":""raw/cards/frame_record_person-v2.png"",""referenceImages"":[""raw/cards/frame_record_person-edit-input-v1.png""],""tool"":""image_gen.imagegen"",""model"":null,""seed"":null,""sourcePath"":""/Users/rexxa/Library/Application Support/orca/codex-accounts/54be5844-95fd-4c46-925c-75327ccd186a/home/generated_images/01a0ddce-936e-71d1-901d-3a61d1aec8de/exec-c4af06b3-fb0e-4c24-933e-10e88f7f50e5.png"",""sourceImageDimensions"":{""width"":1774,""height"":887}}]","""Generated artwork resized to exact 320x160 using Sharp fill, alpha preserved. No procedural replacement of artwork. Expanded QA uses nine extracted slices.""","{""dimensionsPass"":true,""rgbaPass"":true,""transparentOutsidePass"":true,""noTextVisualPass"":true,""edgeIdentityPass"":true,""sha256"":""36e650711b939ffc84033a5e4ceeebaeb19ea2c4f2936543edad298ec27987f2"",""note"":""Six identities judged without names at native 320x160. Seal has ribbon; portrait recess is larger and ribbonless. Era wood and milestone gold remain distinct in grayscale by border thickness. Person v2 shortens left foliage above center stretch band. Center stretch band32px; native320x160 and640x240 reviewed."",""nineSlice"":{""insets"":{""left"":90,""top"":96,""right"":28,""bottom"":32},""minimumSize"":{""width"":320,""height"":160},""testedExpandedSize"":{""width"":640,""height"":240},""cornerDifferentBytes"":0,""center"":""Opaque blank parchment; stretch center and straight edge strips, keep all four corners fixed.""}}"
"frame_record_ledger","candidate","assets/cards/frame_record_ledger.png","320","160","cards","ledger marginal ruling confined to LEFT BORDER: three vertical thin brown parallel lines and six short horizontal tick rules, a folded parchment lower right corner. No text and no long ruled writing lines across center","Project reference art. Candidate only; no runtime installation.","47572a471c04113827578a028bc2d46961082f3e0469d0afe0d57a681a9826a9","[{""prompt"":""Create ONE medieval game record-card FRAME raster candidate, no sheet. Reference images establish only handpainted UI tone. Final target320x160 horizontal 2:1. Render frame straight-on perfectly rectangular, centered with tiny transparent outside gutter. Opaque warm pale parchment blank content surface. C direction 80% practical 20% ornament. Match fine brown outlines, low chroma warm ochre cream, subtle matte handpainted gouache grain of attached project references. Frame outer artwork ratio2:1. Intended 9-slice: ALL identity motif stays within corner or edge strips; blank quiet inner rectangular center occupying at least75% area, straight edges stretchable. No letters, no numbers, no readable writing, no icon in content, no people, no scenery, no drop shadow, no photoreal tabletop, no extra objects. Genuine transparent RGBA OUTSIDE frame; opaque parchment INSIDE. Unique edge identity: ledger marginal ruling confined to LEFT BORDER: three vertical thin brown parallel lines and six short horizontal tick rules, a folded parchment lower right corner. No text and no long ruled writing lines across center"",""rawFile"":""raw/cards/frame_record_ledger-v1.png"",""referenceImages"":[""references/frame_chronicle_page.png"",""references/frame_season_ledger.png"",""references/frame_person_card-v1.png""],""tool"":""image_gen.imagegen"",""model"":null,""seed"":null,""sourcePath"":""/Users/rexxa/Library/Application Support/orca/codex-accounts/54be5844-95fd-4c46-925c-75327ccd186a/home/generated_images/01a0ddce-936e-71d1-901d-3a61d1aec8de/exec-4eac4b91-c403-4c61-b093-10e7e6221975.png"",""sourceImageDimensions"":{""width"":1774,""height"":887}}]","""Generated artwork resized to exact 320x160 using Sharp fill, alpha preserved. No procedural replacement of artwork. Expanded QA uses nine extracted slices.""","{""dimensionsPass"":true,""rgbaPass"":true,""transparentOutsidePass"":true,""noTextVisualPass"":true,""edgeIdentityPass"":true,""sha256"":""47572a471c04113827578a028bc2d46961082f3e0469d0afe0d57a681a9826a9"",""note"":""Six identities judged without names at native 320x160. Seal has ribbon; portrait recess is larger and ribbonless. Era wood and milestone gold remain distinct in grayscale by border thickness."",""nineSlice"":{""insets"":{""left"":32,""top"":30,""right"":40,""bottom"":40},""minimumSize"":{""width"":320,""height"":160},""testedExpandedSize"":{""width"":640,""height"":240},""cornerDifferentBytes"":0,""center"":""Opaque blank parchment; stretch center and straight edge strips, keep all four corners fixed.""}}"
"frame_biography","candidate","assets/pages/frame_biography.png","640","800","pages","인물 전기: 초상·문장·표식·생애 연표·관계 빈 칸","Project reference art. Candidate only; no runtime installation.","2037d5a5ab3f5918efc3d61460eaa9b7c35d608f3c16536e42cd30321f93e1a8","[{""prompt"":""Create ONE game UI biography page background, no typography. Match the attached project parchment and thin brown/oak frame tone: 80% function,20% quiet medieval decoration, matte hand-painted grain. Output tall 4:5 composition intended 640x800, actual transparent RGBA outside the rectangular panel, no drop shadow. Thin fixed 16px-looking border, flat blank parchment interior. Precise blank layout: large EMPTY circular portrait recess at left upper quadrant centered x160 y190 radius100 on the 640x800 design; beneath it EMPTY shield outline x100..150 y335..405 and empty round merchant-mark recess x195..250 y340..395. RIGHT half x330..600 y95..535 is empty life chronology column with one subtle vertical rule at x350, NO icons or dots or words. Lower third y590..755 is two broad empty relationship slots separated by one fine rule. All slots empty no portrait, heraldry, letters, numbers, handwriting or pseudo text. Small restrained oak corners and thin brown double border only. Keep long border stretches uniform for nine-slice. Do not reproduce floral left strip. Flat orthographic UI asset, no perspective."",""rawFile"":""raw/pages/frame_biography-v1.png"",""referenceImages"":[""references/frame_chronicle_page.png"",""references/frame_person_card-v1.png""],""tool"":""image_gen.imagegen"",""model"":null,""seed"":null,""sourceImageDimensions"":{""width"":1122,""height"":1402}}]","""Alpha bounds crop, resize to 636x796, transparent 2px exterior padding; no painted-content alterations.""","{""status"":""candidate"",""text"":""No letters or numbers observed"",""alpha"":""RGBA generated transparency preserved"",""nineSlice"":{""left"":325,""right"":45,""top"":580,""bottom"":200,""minimumSize"":[640,800],""restriction"":""Expand only. Insets preserve complete portrait/emblem and fixed internal compartments; native layout coordinates remain authoritative. No arbitrary uniform page scaling.""}}"
"frame_faction_page","candidate","assets/pages/frame_faction_page.png","640","800","pages","세력: 수장·문장·관계 척도·요구와 약속·연표 빈 칸","Project reference art. Candidate only; no runtime installation.","02c73181bdf32ff8f360fb8d173799f5341cf92c4b623da0d33ea05a244b63dd","[{""prompt"":""Create ONE game UI faction chronicle page background, no typography. Match attached P0 brown oak framed parchment,80%function20%medievalornament. Tall4:5 intended640x800, transparent RGBA exterior, no drop shadow. Thin16pxlooking fixed oak border. Exact blank layout: upper left empty round leader portrait recess x60..240 y75..255; upper right blank shield heraldry recess x460..545 y95..205. Middle upper y305..350 empty horizontal relation scale slot x70..570, no colors or pointers; middle y400..560 two blank broad demands/promises compartments separated by thin brown vertical line atx320. Lower y620..750 blank chronology region with subtle horizontal separator. All interior blank parchment, no text, numerals,portrait,heraldry,icons or fake writing. Flat frontfacing UI, quiet long straight sides for9slice. Restrained corners, no floral strip."",""rawFile"":""raw/pages/frame_faction_page-v1.png"",""referenceImages"":[""references/frame_faction_panel-v1.png"",""references/frame_person_card-v1.png""],""tool"":""image_gen.imagegen"",""model"":null,""seed"":null,""sourceImageDimensions"":{""width"":1122,""height"":1402}}]","""Alpha bounds crop, resize to 636x796, transparent 2px exterior padding; no painted-content alterations.""","{""status"":""candidate"",""text"":""No letters or numbers observed"",""alpha"":""RGBA generated transparency preserved"",""nineSlice"":{""left"":340,""right"":170,""top"":340,""bottom"":450,""minimumSize"":[640,800],""restriction"":""Expand only. Insets preserve complete portrait/emblem and fixed internal compartments; native layout coordinates remain authoritative. No arbitrary uniform page scaling.""}}"
"biography_life_line","candidate","assets/pages/biography_life_line.png","32","256","pages","생애 연표 세로 선","Project reference art. Candidate only; no runtime installation.","a514ec187aa8649a18f5bf02a5ad78e5e367316e98c0e64d292d86f1800b91ab","[{""prompt"":""ONE isolated hand-painted medieval game UI component. Match attached project's matte parchment, thin brown ink/oak muted gold,80%function20%ornament. Transparent RGBA background, no letters/numbers/pseudotext, no shadow outside. Very narrow straight vertical life chronology line only, elongated8:1 height-to-width composition, intended32x256. Two fine dark warm brown parallel ink strokes with a muted gold hairline center. No dots, no endpoints symbols, no arrows. Center horizontally, transparent all around."",""rawFile"":""raw/pages/biography_life_line-v1.png"",""referenceImages"":[""references/frame_person_card-v1.png""],""tool"":""image_gen.imagegen"",""model"":null,""seed"":null,""sourceImageDimensions"":{""width"":887,""height"":1774}}]","""Alpha bounds crop; proportional contain resize, transparent padding, generated alpha preserved.""","{""status"":""candidate"",""text"":""No letters or numbers observed"",""alpha"":""RGBA generated transparency preserved"",""nineSlice"":null}"
"biography_life_dot","candidate","assets/pages/biography_life_dot.png","96","96","pages","생애 연표 원형 점","Project reference art. Candidate only; no runtime installation.","c6ec4c59edd1916c24b45529b3469c09186d35bd37749be661d6712163dd4e28","[{""prompt"":""ONE isolated hand-painted medieval game UI component. Match attached project's matte parchment, thin brown ink/oak muted gold,80%function20%ornament. Transparent RGBA background, no letters/numbers/pseudotext, no shadow outside. ONE life chronology node: solid small antique muted gold round stud outlined darkbrown with simple warm parchment center. Centered circular icon, intended96x96. Crisp readable24px. No rays, no cross, no flourish."",""rawFile"":""raw/pages/biography_life_dot-v1.png"",""referenceImages"":[""references/frame_person_card-v1.png""],""tool"":""image_gen.imagegen"",""model"":null,""seed"":null,""sourceImageDimensions"":{""width"":1254,""height"":1254}}]","""Alpha bounds crop; proportional contain resize, transparent padding, generated alpha preserved.""","{""status"":""candidate"",""text"":""No letters or numbers observed"",""alpha"":""RGBA generated transparency preserved"",""nineSlice"":null}"
"biography_life_end","candidate","assets/pages/biography_life_end.png","96","96","pages","생애 연표 마름모 끝 표식","Project reference art. Candidate only; no runtime installation.","0216498c5905364707763c9783319c468f1af3817bac2d7a7422c5574ad18b51","[{""prompt"":""ONE isolated hand-painted medieval game UI component. Match attached project's matte parchment, thin brown ink/oak muted gold,80%function20%ornament. Transparent RGBA background, no letters/numbers/pseudotext, no shadow outside. ONE life chronology endpoint marker: a closed darkbrown diamond with a small pale parchment lozenge center and short horizontal terminal bar just beneath, visibly unlike round chronology node. Centered icon96x96, bold clear24px. No grave cross, no lettering."",""rawFile"":""raw/pages/biography_life_end-v1.png"",""referenceImages"":[""references/frame_person_card-v1.png""],""tool"":""image_gen.imagegen"",""model"":null,""seed"":null,""sourceImageDimensions"":{""width"":1254,""height"":1254}}]","""Alpha bounds crop; proportional contain resize, transparent padding, generated alpha preserved.""","{""status"":""candidate"",""text"":""No letters or numbers observed"",""alpha"":""RGBA generated transparency preserved"",""nineSlice"":null}"
"relation_scale_pin","candidate","assets/pages/relation_scale_pin.png","96","96","pages","관계 척도 삼각 핀","Project reference art. Candidate only; no runtime installation.","bcd9b953f4c506e9f6b7b1334e1055f6c685d9ed60353944aaa2ef25ef503112","[{""prompt"":""ONE isolated hand-painted medieval game UI component. Match attached project's matte parchment, thin brown ink/oak muted gold,80%function20%ornament. Transparent RGBA background, no letters/numbers/pseudotext, no shadow outside. ONE relation scale movable pointer. Small downward-pointing rust-brown filled triangle on top of a short dark oak stem, muted gold thin rim. Intended96x96, center isolated, simple strong silhouette24px. No symbol or letter on triangle."",""rawFile"":""raw/pages/relation_scale_pin-v1.png"",""referenceImages"":[""references/frame_faction_panel-v1.png""],""tool"":""image_gen.imagegen"",""model"":null,""seed"":null,""sourceImageDimensions"":{""width"":1254,""height"":1254}}]","""Alpha bounds crop; proportional contain resize, transparent padding, generated alpha preserved.""","{""status"":""candidate"",""text"":""No letters or numbers observed"",""alpha"":""RGBA generated transparency preserved"",""nineSlice"":null}"
"relation_scale_track","candidate","assets/pages/relation_scale_track.png","256","24","pages","우호·중립·적대 척도 바탕","Project reference art. Candidate only; no runtime installation.","f441feeb1abbae34f7aaf6d5351a55e13872b4c772d754445493ddaaa1a7e097","[{""prompt"":""ONE horizontal medieval relation scale track, wide thin strip intended256x24. Match attached muted parchment/oak UI, matte handpainted grain. Rectangular shallow inset channel, thin darkbrown upper/lower edge, gently divided into three quiet regions muted rust left, neutral parchment center, desaturated olive right. No ticks,letters,numbers,pointer,ornament or icons. Clean straight horizontal edges. Actual transparent RGBA exterior. Native wide ratio close10:1."",""rawFile"":""raw/pages/relation_scale_track-v1.png"",""referenceImages"":[""references/frame_faction_panel-v1.png""],""tool"":""image_gen.imagegen"",""model"":null,""seed"":null,""sourceImageDimensions"":{""width"":1983,""height"":793}}]","""Alpha bounds crop; channel normalized to 252x20, 2px transparent padding.""","{""status"":""candidate"",""text"":""No letters or numbers observed"",""alpha"":""RGBA generated transparency preserved"",""nineSlice"":null}"
"frame_snapshot_map_160","candidate","assets/pages/frame_snapshot_map_160.png","160","160","pages","그때 지도 틀 160","Project reference art. Candidate only; no runtime installation.","686c42a125f29ca31721dfecca13929a1f19e561775cb4ffa082948f255d5d77","[{""prompt"":""ONE square empty old-map frame intended320x320. Match attached matte warm parchment,brown ink P0 80%function20%decoration. Actual transparent RGBA outside AND transparent center hole for runtime map. Narrow weathered parchment edge allaround, gently irregular scuffed edge notscroll, subtle brown double outline. NO mapcontent,no compass,no letters,numbers,icons,pseudo writing or ruled grid. Corner regions slightly creased, longside straight uniform for9slice. FlatorthographicUI, no perspective, no background or shadow."",""rawFile"":""raw/pages/frame_snapshot_map_320-v1.png"",""referenceImages"":[""references/frame_chronicle_page.png""],""tool"":""image_gen.imagegen"",""model"":null,""seed"":null,""sourceImageDimensions"":{""width"":1254,""height"":1254}}]","""Intentional 1/2 scale variant of frame_snapshot_map_320; no additional generation.""","{""status"":""candidate"",""text"":""No letters or numbers observed"",""alpha"":""RGBA generated transparency preserved"",""nineSlice"":{""left"":23,""right"":23,""top"":25,""bottom"":23,""minimumSize"":[160,160],""restriction"":""Expand only; transparent map hole retained.""}}"
"frame_snapshot_map_320","candidate","assets/pages/frame_snapshot_map_320.png","320","320","pages","그때 지도 틀 320","Project reference art. Candidate only; no runtime installation.","077f4358a2ba7fd5e03a4b5565ca64f4bd76d1fdac0373c9c0faf39f4fcf3ff3","[{""prompt"":""ONE square empty old-map frame intended320x320. Match attached matte warm parchment,brown ink P0 80%function20%decoration. Actual transparent RGBA outside AND transparent center hole for runtime map. Narrow weathered parchment edge allaround, gently irregular scuffed edge notscroll, subtle brown double outline. NO mapcontent,no compass,no letters,numbers,icons,pseudo writing or ruled grid. Corner regions slightly creased, longside straight uniform for9slice. FlatorthographicUI, no perspective, no background or shadow."",""rawFile"":""raw/pages/frame_snapshot_map_320-v1.png"",""referenceImages"":[""references/frame_chronicle_page.png""],""tool"":""image_gen.imagegen"",""model"":null,""seed"":null,""sourceImageDimensions"":{""width"":1254,""height"":1254}}]","""Alpha bounds crop; proportional contain resize, transparent padding, generated alpha preserved.""","{""status"":""candidate"",""text"":""No letters or numbers observed"",""alpha"":""RGBA generated transparency preserved"",""nineSlice"":{""left"":45,""right"":45,""top"":50,""bottom"":45,""minimumSize"":[320,320],""restriction"":""Expand only. Insets preserve complete portrait/emblem and fixed internal compartments; native layout coordinates remain authoritative. No arbitrary uniform page scaling.""}}"
"frame_decision_compare","candidate","assets/timeline/frame_decision_compare.png","512","240","timeline","Wide 512:240 rectangular parchment comparison panel with restrained brown double outer rule, modest squared corners, three equal blank columns separated by thin brown vertical rules. First column a faint muted ochre heading recess, second warm parchment, third faint sage heading recess. No text/icons/numbers at all. Edge thickness proportional 12px on 512wide; corner details only within24px. Calm uniform parchment interior suitable for stretchable nine slice; dividers are fixed native layout.","Project reference art. Candidate only; no runtime installation.","efda8a95ca4d20f61fb580b5a3d54eed8bedee7f19f66aaedae2ba16b2b7d0f7","[{""prompt"":""Create one raster game UI candidate asset frame_decision_compare. Wide 512:240 rectangular parchment comparison panel with restrained brown double outer rule, modest squared corners, three equal blank columns separated by thin brown vertical rules. First column a faint muted ochre heading recess, second warm parchment, third faint sage heading recess. No text/icons/numbers at all. Edge thickness proportional 12px on 512wide; corner details only within24px. Calm uniform parchment interior suitable for stretchable nine slice; dividers are fixed native layout. Style reference only: attached project UI. C direction 80 percent function 20 percent medieval ornament. Handpainted matte gouache, low chroma warm ochre russet brown palette, bold simple silhouette legible24pixels, thin brown contour. ONE isolated asset centered with generous transparent outer margins. Genuine transparent RGBA outside object. No text, no numbers, no watermark, no scenery. Wide landscape panel, three BLANK columns with straight rules."",""rawFile"":""raw/timeline/frame_decision_compare.png"",""referenceImages"":[""references/timeline-p0-resource-sheet.png"",""references/frame_chronicle_page.png""],""tool"":""image_gen.imagegen"",""model"":""not provided"",""seed"":""not provided"",""sourceImageDimensions"":{""width"":1829,""height"":860}}]","{""alphaThreshold"":12,""crop"":{""left"":48,""top"":107,""width"":1733,""height"":619},""target"":[512,240],""padding"":0,""resize"":""fill native panel aspect"",""sourceSize"":[1829,860]}","{""status"":""technical_pass"",""rgba"":true,""dimensions"":[512,240],""visual"":""pass at24/32/48; five markers diamond seal,burst,gate,pennant,bust have distinct silhouettes"",""nineSlice"":{""left"":24,""right"":24,""top"":24,""bottom"":24,""layoutNote"":""Outer frame stretches; internal native three-column divisions are baked and should not be treated as responsive column layout.""}}"
"icon_predicted","candidate","assets/timeline/icon_predicted.png","96","96","timeline","One open almond-shaped eye outlined brown with simple gold iris, with a small hollow dashed outline crescent above it suggesting foresight. Predicted outcome symbol. Eye silhouette dominant, no text.","Project reference art. Candidate only; no runtime installation.","28be381dae38b672eabde243eff51470c20f1d75b3a0327f9099b099de9c94f7","[{""prompt"":""Create one raster game UI candidate asset icon_predicted. One open almond-shaped eye outlined brown with simple gold iris, with a small hollow dashed outline crescent above it suggesting foresight. Predicted outcome symbol. Eye silhouette dominant, no text. Style reference only: attached project UI. C direction 80 percent function 20 percent medieval ornament. Handpainted matte gouache, low chroma warm ochre russet brown palette, bold simple silhouette legible24pixels, thin brown contour. ONE isolated asset centered with generous transparent outer margins. Genuine transparent RGBA outside object. No text, no numbers, no watermark, no scenery. Square canvas."",""rawFile"":""raw/timeline/icon_predicted.png"",""referenceImages"":[""references/timeline-p0-resource-sheet.png"",""references/frame_chronicle_page.png""],""tool"":""image_gen.imagegen"",""model"":""not provided"",""seed"":""not provided"",""sourceImageDimensions"":{""width"":1254,""height"":1254}}]","{""alphaThreshold"":12,""crop"":{""left"":261,""top"":214,""width"":733,""height"":731},""target"":[96,96],""padding"":6,""resize"":""contain"",""sourceSize"":[1254,1254]}","{""status"":""technical_pass"",""rgba"":true,""dimensions"":[96,96],""visual"":""pass at24/32/48; five markers diamond seal,burst,gate,pennant,bust have distinct silhouettes"",""caveat"":""Eye denotes foresight, exact predicted meaning needs UI context; dashed crescent becomes subtle24px."",""nineSlice"":null}"
"icon_actual","candidate","assets/timeline/icon_actual.png","96","96","timeline","One stout brown boot print with pale ochre sole and dark heel block, upright slightly angled right. Actual outcome physical footprint, simple unmistakable solid sole shape. No checkmark or text.","Project reference art. Candidate only; no runtime installation.","9584fa9ff1bba5f53fe703604cf5e444b268c4443bbf15a679fa7b837aee0631","[{""prompt"":""Create one raster game UI candidate asset icon_actual. One stout brown boot print with pale ochre sole and dark heel block, upright slightly angled right. Actual outcome physical footprint, simple unmistakable solid sole shape. No checkmark or text. Style reference only: attached project UI. C direction 80 percent function 20 percent medieval ornament. Handpainted matte gouache, low chroma warm ochre russet brown palette, bold simple silhouette legible24pixels, thin brown contour. ONE isolated asset centered with generous transparent outer margins. Genuine transparent RGBA outside object. No text, no numbers, no watermark, no scenery. Square canvas."",""rawFile"":""raw/timeline/icon_actual.png"",""referenceImages"":[""references/timeline-p0-resource-sheet.png"",""references/frame_chronicle_page.png""],""tool"":""image_gen.imagegen"",""model"":""not provided"",""seed"":""not provided"",""sourceImageDimensions"":{""width"":1254,""height"":1254}}]","{""alphaThreshold"":12,""crop"":{""left"":376,""top"":163,""width"":555,""height"":931},""target"":[96,96],""padding"":6,""resize"":""contain"",""sourceSize"":[1254,1254]}","{""status"":""technical_pass"",""rgba"":true,""dimensions"":[96,96],""visual"":""pass at24/32/48; five markers diamond seal,burst,gate,pennant,bust have distinct silhouettes"",""caveat"":""Footprint denotes realized trace; exact actual outcome meaning needs UI context."",""nineSlice"":null}"
"icon_delta_up","candidate","assets/timeline/icon_delta_up.png","96","96","timeline","One large thick upward arrow, muted sage green fill, brown outline, tiny handpainted grain. Clear triangular up arrowhead, straight broad stem. No other objects/text.","Project reference art. Candidate only; no runtime installation.","248bad1d0950c0e1e7ae37a9b974834c000e04bcb1966b8ded2ec0053afa3b06","[{""prompt"":""Create one raster game UI candidate asset icon_delta_up. One large thick upward arrow, muted sage green fill, brown outline, tiny handpainted grain. Clear triangular up arrowhead, straight broad stem. No other objects/text. Style reference only: attached project UI. C direction 80 percent function 20 percent medieval ornament. Handpainted matte gouache, low chroma warm ochre russet brown palette, bold simple silhouette legible24pixels, thin brown contour. ONE isolated asset centered with generous transparent outer margins. Genuine transparent RGBA outside object. No text, no numbers, no watermark, no scenery. Square canvas."",""rawFile"":""raw/timeline/icon_delta_up.png"",""referenceImages"":[""references/timeline-p0-resource-sheet.png"",""references/frame_chronicle_page.png""],""tool"":""image_gen.imagegen"",""model"":""not provided"",""seed"":""not provided"",""sourceImageDimensions"":{""width"":1254,""height"":1254}}]","{""alphaThreshold"":12,""crop"":{""left"":283,""top"":176,""width"":687,""height"":901},""target"":[96,96],""padding"":6,""resize"":""contain"",""sourceSize"":[1254,1254]}","{""status"":""technical_pass"",""rgba"":true,""dimensions"":[96,96],""visual"":""pass at24/32/48; five markers diamond seal,burst,gate,pennant,bust have distinct silhouettes"",""nineSlice"":null}"
"icon_delta_down","candidate","assets/timeline/icon_delta_down.png","96","96","timeline","One large thick downward arrow, muted dusty russet fill, brown outline, tiny handpainted grain. Clear triangular down arrowhead, straight broad stem. No other objects/text.","Project reference art. Candidate only; no runtime installation.","61274b39d612cf9cec911dcde359cf36c44554f3f6a3ee4abf64df043f541bad","[{""prompt"":""Create one raster game UI candidate asset icon_delta_down. One large thick downward arrow, muted dusty russet fill, brown outline, tiny handpainted grain. Clear triangular down arrowhead, straight broad stem. No other objects/text. Style reference only: attached project UI. C direction 80 percent function 20 percent medieval ornament. Handpainted matte gouache, low chroma warm ochre russet brown palette, bold simple silhouette legible24pixels, thin brown contour. ONE isolated asset centered with generous transparent outer margins. Genuine transparent RGBA outside object. No text, no numbers, no watermark, no scenery. Square canvas."",""rawFile"":""raw/timeline/icon_delta_down.png"",""referenceImages"":[""references/timeline-p0-resource-sheet.png"",""references/frame_chronicle_page.png""],""tool"":""image_gen.imagegen"",""model"":""not provided"",""seed"":""not provided"",""sourceImageDimensions"":{""width"":1254,""height"":1254}}]","{""alphaThreshold"":12,""crop"":{""left"":243,""top"":144,""width"":769,""height"":941},""target"":[96,96],""padding"":6,""resize"":""contain"",""sourceSize"":[1254,1254]}","{""status"":""technical_pass"",""rgba"":true,""dimensions"":[96,96],""visual"":""pass at24/32/48; five markers diamond seal,burst,gate,pennant,bust have distinct silhouettes"",""nineSlice"":null}"
"scene_population_up","candidate","assets/scenes_people/scene_population_up.png","96","96","scenes_people","인구 증가: 시민과 위 화살표","Project reference art. Candidate only; no runtime installation.","c743e54f95d5263a24ff261904ae17a18e2e006aeed857256ccac0db2bc1fe0a","[{""prompt"":""Use case: stylized-concept. One transparent RGBA medieval game UI scene icon, population increase. Reference images are P0 style examples only; create ONE new icon, not a sheet. A very simple bareheaded civilian bust on LEFT, muted ochre tunic, with a LARGE bold upward arrow on RIGHT, muted sage green with dark brown outline. Arrow fills nearly the full icon height and has a clear triangular tip at TOP. No tools, no hats/helmets, no text/numbers, no badge/frame/background/shadow. P0 warm handpainted gouache, low saturation, thin brown contour, simple broad planes. Readable at24px. Square composition, icon occupies80% with transparent margins."",""rawFile"":""raw/scenes_people/scene_population_up-v1.png"",""referenceImages"":[""references/scenes-people-p0-resources.png"",""references/scenes-people-p0-causes.png""],""tool"":""image_gen.imagegen"",""model"":null,""seed"":null,""sourceImageDimensions"":{""width"":1254,""height"":1254}}]","{""method"":""Alpha bounds threshold8 then contain84x84 transparent plus6px margins; original alpha retained."",""crop"":{""left"":59,""top"":111,""width"":1144,""height"":1064},""rawWidth"":1254,""rawHeight"":1254}","{""dimensions"":true,""rgba"":true,""visualReview"":""pass_with_24px_detail_limits"",""reviewSizes"":[24,32,48,96],""noText"":true,""candidateOnly"":true,""notes"":""24px arrow direction or empty/full basket silhouette distinguishes."",""sha256"":""c743e54f95d5263a24ff261904ae17a18e2e006aeed857256ccac0db2bc1fe0a"",""nineSlice"":null}"
"scene_population_down","candidate","assets/scenes_people/scene_population_down.png","96","96","scenes_people","인구 감소: 시민과 아래 화살표","Project reference art. Candidate only; no runtime installation.","7316c53c3795cbde3986b96c72774e2ae9c9bf12c2d134215e4b9028a163fc7f","[{""prompt"":""Use case: stylized-concept. One transparent RGBA medieval game UI scene icon: scene_population_down. References are style examples only, not an edit target; create ONE new isolated icon, not a sheet. Subject: A very simple bareheaded civilian bust on LEFT, muted ochre tunic, LARGE bold downward arrow RIGHT muted rust. Arrow fills nearly full icon height and has triangular tip at BOTTOM. Style: P0 handpainted gouache, warm muted earthy palette, thin dark brown contour, broad readable shapes, simple rather than realistic detail. Must distinguish at24px. Square composition,80% occupied with clean transparent margins. No text/numbers, no tools, helmets, chimneys, badges, borders, background or ground shadow."",""rawFile"":""raw/scenes_people/scene_population_down-v1.png"",""referenceImages"":[""references/scenes-people-p0-resources.png"",""references/scenes-people-p0-causes.png""],""tool"":""image_gen.imagegen"",""model"":null,""seed"":null,""sourceImageDimensions"":{""width"":1254,""height"":1254}}]","{""method"":""Alpha bounds threshold8 then contain84x84 transparent plus6px margins; original alpha retained."",""crop"":{""left"":62,""top"":152,""width"":1146,""height"":939},""rawWidth"":1254,""rawHeight"":1254}","{""dimensions"":true,""rgba"":true,""visualReview"":""pass_with_24px_detail_limits"",""reviewSizes"":[24,32,48,96],""noText"":true,""candidateOnly"":true,""notes"":""24px arrow direction or empty/full basket silhouette distinguishes."",""sha256"":""7316c53c3795cbde3986b96c72774e2ae9c9bf12c2d134215e4b9028a163fc7f"",""nineSlice"":null}"
"scene_household_arrival","candidate","assets/scenes_people/scene_household_arrival.png","96","96","scenes_people","가구 입주: 가족이 문 안으로","Project reference art. Candidate only; no runtime installation.","95d3808a2279fc72dc202924b448923734e4098c10bd4ca1128f3e8e1ce20e5a","[{""prompt"":""Use case: stylized-concept. One transparent RGBA medieval game UI scene icon: scene_household_arrival. References are style examples only, not an edit target; create ONE new isolated icon, not a sheet. Subject: Simple family of two adult silhouettes and one small child on LEFT, open timber doorway RIGHT. LARGE sage arrow above family points RIGHT into doorway. All shapes very simple broad. No hut roof, just doorway. Style: P0 handpainted gouache, warm muted earthy palette, thin dark brown contour, broad readable shapes, simple rather than realistic detail. Must distinguish at24px. Square composition,80% occupied with clean transparent margins. No text/numbers, no tools, helmets, chimneys, badges, borders, background or ground shadow."",""rawFile"":""raw/scenes_people/scene_household_arrival-v1.png"",""referenceImages"":[""references/scenes-people-p0-resources.png"",""references/scenes-people-p0-causes.png""],""tool"":""image_gen.imagegen"",""model"":null,""seed"":null,""sourceImageDimensions"":{""width"":1254,""height"":1254}}]","{""method"":""Alpha bounds threshold8 then contain84x84 transparent plus6px margins; original alpha retained."",""crop"":{""left"":75,""top"":203,""width"":1116,""height"":903},""rawWidth"":1254,""rawHeight"":1254}","{""dimensions"":true,""rgba"":true,""visualReview"":""pass_with_24px_detail_limits"",""reviewSizes"":[24,32,48,96],""noText"":true,""candidateOnly"":true,""notes"":""24px family-door position distinguishes arrival/departure; small curved arrows clearer at32px."",""sha256"":""95d3808a2279fc72dc202924b448923734e4098c10bd4ca1128f3e8e1ce20e5a"",""nineSlice"":null}"
"scene_household_departure","candidate","assets/scenes_people/scene_household_departure.png","96","96","scenes_people","가구 이탈: 가족이 문 밖으로","Project reference art. Candidate only; no runtime installation.","ae1db2391849cd5576c5ebc69e2ac21e9465588eeeb0c6c773f904e3e0049bf7","[{""prompt"":""Use case: stylized-concept. One transparent RGBA medieval game UI scene icon: scene_household_departure. References are style examples only, not an edit target; create ONE new isolated icon, not a sheet. Subject: Open timber doorway LEFT, simple family of two adult silhouettes and one small child RIGHT. LARGE rust arrow above family points RIGHT outward away from doorway. No hut roof, just doorway. Style: P0 handpainted gouache, warm muted earthy palette, thin dark brown contour, broad readable shapes, simple rather than realistic detail. Must distinguish at24px. Square composition,80% occupied with clean transparent margins. No text/numbers, no tools, helmets, chimneys, badges, borders, background or ground shadow."",""rawFile"":""raw/scenes_people/scene_household_departure-v1.png"",""referenceImages"":[""references/scenes-people-p0-resources.png"",""references/scenes-people-p0-causes.png""],""tool"":""image_gen.imagegen"",""model"":null,""seed"":null,""sourceImageDimensions"":{""width"":1254,""height"":1254}}]","{""method"":""Alpha bounds threshold8 then contain84x84 transparent plus6px margins; original alpha retained."",""crop"":{""left"":90,""top"":141,""width"":1103,""height"":1005},""rawWidth"":1254,""rawHeight"":1254}","{""dimensions"":true,""rgba"":true,""visualReview"":""pass_with_24px_detail_limits"",""reviewSizes"":[24,32,48,96],""noText"":true,""candidateOnly"":true,""notes"":""24px family-door position distinguishes arrival/departure; small curved arrows clearer at32px."",""sha256"":""ae1db2391849cd5576c5ebc69e2ac21e9465588eeeb0c6c773f904e3e0049bf7"",""nineSlice"":null}"
"scene_house_hungry","candidate","assets/scenes_people/scene_house_hungry.png","96","96","scenes_people","굶은 집: 집과 빈 그릇","Project reference art. Candidate only; no runtime installation.","0f588e428f3420361d8c0492272e4ffbdefa65e7c440896803b2c0145f55f83b","[{""prompt"":""Use case: stylized-concept. One transparent RGBA medieval game UI scene icon: scene_house_hungry. References are style examples only, not an edit target; create ONE new isolated icon, not a sheet. Subject: One tiny thatched cottage with NO CHIMNEY in upper half; foreground a very LARGE empty wooden bowl, showing clearly dark EMPTY interior. A large rust X on the bowl rim/front signals no food. Bowl occupies lower half. Style: P0 handpainted gouache, warm muted earthy palette, thin dark brown contour, broad readable shapes, simple rather than realistic detail. Must distinguish at24px. Square composition,80% occupied with clean transparent margins. No text/numbers, no tools, helmets, chimneys, badges, borders, background or ground shadow."",""rawFile"":""raw/scenes_people/scene_house_hungry-v1.png"",""referenceImages"":[""references/scenes-people-p0-resources.png"",""references/scenes-people-p0-causes.png""],""tool"":""image_gen.imagegen"",""model"":null,""seed"":null,""sourceImageDimensions"":{""width"":1254,""height"":1254}}]","{""method"":""Alpha bounds threshold8 then contain84x84 transparent plus6px margins; original alpha retained."",""crop"":{""left"":153,""top"":97,""width"":946,""height"":1058},""rawWidth"":1254,""rawHeight"":1254}","{""dimensions"":true,""rgba"":true,""visualReview"":""pass_with_24px_detail_limits"",""reviewSizes"":[24,32,48,96],""noText"":true,""candidateOnly"":true,""notes"":""24px empty/full bowls and X/check distinguish; no chimney."",""sha256"":""0f588e428f3420361d8c0492272e4ffbdefa65e7c440896803b2c0145f55f83b"",""nineSlice"":null}"
"scene_house_fed","candidate","assets/scenes_people/scene_house_fed.png","96","96","scenes_people","다시 먹는 집: 집과 가득 찬 그릇","Project reference art. Candidate only; no runtime installation.","b0e453bc57f3e9a7a48a1102e6e89331dee8872a3f07d5aad34116f00fed8c91","[{""prompt"":""Use case: stylized-concept. One transparent RGBA medieval game UI scene icon: scene_house_fed. References are style examples only, not an edit target; create ONE new isolated icon, not a sheet. Subject: One tiny thatched cottage with NO CHIMNEY in upper half; foreground very LARGE wooden bowl overflowing with three warm golden bread chunks. Large muted sage check on bowl front signals food restored. Bowl occupies lower half. Style: P0 handpainted gouache, warm muted earthy palette, thin dark brown contour, broad readable shapes, simple rather than realistic detail. Must distinguish at24px. Square composition,80% occupied with clean transparent margins. No text/numbers, no tools, helmets, chimneys, badges, borders, background or ground shadow."",""rawFile"":""raw/scenes_people/scene_house_fed-v1.png"",""referenceImages"":[""references/scenes-people-p0-resources.png"",""references/scenes-people-p0-causes.png""],""tool"":""image_gen.imagegen"",""model"":null,""seed"":null,""sourceImageDimensions"":{""width"":1254,""height"":1254}}]","{""method"":""Alpha bounds threshold8 then contain84x84 transparent plus6px margins; original alpha retained."",""crop"":{""left"":148,""top"":85,""width"":958,""height"":1085},""rawWidth"":1254,""rawHeight"":1254}","{""dimensions"":true,""rgba"":true,""visualReview"":""pass_with_24px_detail_limits"",""reviewSizes"":[24,32,48,96],""noText"":true,""candidateOnly"":true,""notes"":""24px empty/full bowls and X/check distinguish; no chimney."",""sha256"":""b0e453bc57f3e9a7a48a1102e6e89331dee8872a3f07d5aad34116f00fed8c91"",""nineSlice"":null}"
"scene_bread_shortage","candidate","assets/scenes_people/scene_bread_shortage.png","96","96","scenes_people","빵 부족: 거의 빈 빵 바구니","Project reference art. Candidate only; no runtime installation.","96c23a3cad3d1a8ecb92032654474fd9ae9214575113d2b80ee7e8ce5bf8facd","[{""prompt"":""Use case: stylized-concept. One transparent RGBA medieval game UI scene icon: scene_bread_shortage. References are style examples only, not an edit target; create ONE new isolated icon, not a sheet. Subject: One low broad wicker bread basket visibly EMPTY, dark empty interior with just a tiny broken bread heel lying at bottom. A LARGE rust downward arrow beside basket. No house, no people. Style: P0 handpainted gouache, warm muted earthy palette, thin dark brown contour, broad readable shapes, simple rather than realistic detail. Must distinguish at24px. Square composition,80% occupied with clean transparent margins. No text/numbers, no tools, helmets, chimneys, badges, borders, background or ground shadow."",""rawFile"":""raw/scenes_people/scene_bread_shortage-v1.png"",""referenceImages"":[""references/scenes-people-p0-resources.png"",""references/scenes-people-p0-causes.png""],""tool"":""image_gen.imagegen"",""model"":null,""seed"":null,""sourceImageDimensions"":{""width"":1254,""height"":1254}}]","{""method"":""Alpha bounds threshold8 then contain84x84 transparent plus6px margins; original alpha retained."",""crop"":{""left"":51,""top"":231,""width"":1180,""height"":823},""rawWidth"":1254,""rawHeight"":1254}","{""dimensions"":true,""rgba"":true,""visualReview"":""pass_with_24px_detail_limits"",""reviewSizes"":[24,32,48,96],""noText"":true,""candidateOnly"":true,""notes"":""24px arrow direction or empty/full basket silhouette distinguishes."",""sha256"":""96c23a3cad3d1a8ecb92032654474fd9ae9214575113d2b80ee7e8ce5bf8facd"",""nineSlice"":null}"
"scene_bread_reserve","candidate","assets/scenes_people/scene_bread_reserve.png","96","96","scenes_people","빵 비축: 가득 찬 빵 바구니","Project reference art. Candidate only; no runtime installation.","7fcccc88885bef478e875490fa6c815673a5a97ca211f1b5f4732661ce13231e","[{""prompt"":""Use case: stylized-concept. One transparent RGBA medieval game UI scene icon: scene_bread_reserve. References are style examples only, not an edit target; create ONE new isolated icon, not a sheet. Subject: One low broad wicker basket HEAPED with three large golden round scored bread loaves, broad full dome silhouette. A LARGE muted sage check beside basket. No house, no people. Style: P0 handpainted gouache, warm muted earthy palette, thin dark brown contour, broad readable shapes, simple rather than realistic detail. Must distinguish at24px. Square composition,80% occupied with clean transparent margins. No text/numbers, no tools, helmets, chimneys, badges, borders, background or ground shadow."",""rawFile"":""raw/scenes_people/scene_bread_reserve-v1.png"",""referenceImages"":[""references/scenes-people-p0-resources.png"",""references/scenes-people-p0-causes.png""],""tool"":""image_gen.imagegen"",""model"":null,""seed"":null,""sourceImageDimensions"":{""width"":1254,""height"":1254}}]","{""method"":""Alpha bounds threshold8 then contain84x84 transparent plus6px margins; original alpha retained."",""crop"":{""left"":38,""top"":160,""width"":1180,""height"":957},""rawWidth"":1254,""rawHeight"":1254}","{""dimensions"":true,""rgba"":true,""visualReview"":""pass_with_24px_detail_limits"",""reviewSizes"":[24,32,48,96],""noText"":true,""candidateOnly"":true,""notes"":""24px arrow direction or empty/full basket silhouette distinguishes."",""sha256"":""7fcccc88885bef478e875490fa6c815673a5a97ca211f1b5f4732661ce13231e"",""nineSlice"":null}"
"scene_timber_shortage","candidate","assets/scenes_build/scene_timber_shortage.png","96","96","scenes_build","목재 부족","Project reference art. Candidate only; no runtime installation.","5ab936b8b77e8f46dde78c26438c25162e5b5278f3fbcda904d89315367506cc","[{""prompt"":""Create ONE new standalone medieval game HUD scene icon, scene_timber_shortage. Reference sheet is STYLE ONLY, do not reproduce the sheet. Subject: A very short pile of exactly two broad sawn oak planks with unmistakable long rectangular timber silhouette, a small muted rust-red downward arrow beside the end signifying shortage. Not logs. Hand-painted gouache game icon matching attached UI P0: subdued ochre, warm umber thin contour, matte slightly worn brushwork, functional readable silhouette. Center single subject filling 80% square canvas. Must read at 24px. GENUINELY TRANSPARENT RGBA background, no ground plane, no frame, no letters, no words, no numbers. No photorealism, no glossy 3D, no modern vector flatness."",""rawFile"":""raw/scenes_build/scene_timber_shortage.png"",""referenceImages"":[""references/scenes-build-p0-resources.png""],""tool"":""image_gen.imagegen"",""model"":""not provided"",""seed"":""not provided"",""generatedPath"":""/Users/rexxa/Library/Application Support/orca/codex-accounts/54be5844-95fd-4c46-925c-75327ccd186a/home/generated_images/01a0ddcf-876c-77f0-9625-cdfd2c99e05b/exec-cee030da-9d8e-4961-9e5d-88c91ed205e2.png"",""rawWidth"":1254,""rawHeight"":1254,""sourceReferenceImages"":[""output/astra-wave18-candidates-v1/references/icon_resource_sheet.png""],""sourceImageDimensions"":{""width"":1254,""height"":1254}}]","""Alpha bounding box crop; uniform fit to84x84; centered on96x96 transparent canvas. Generated alpha preserved; no background reconstruction.""","{""status"":""pass_with_small_size_caveats"",""dimensions"":true,""channels"":4,""reviewedSizes"":[24,32,48,96],""textNumbers"":""none observed"",""silhouette24"":""distinct within eight-icon group"",""notes"":""Boards versus compact stone blocks remain distinct at24; downward arrow is small and shortage wording benefits contextual label."",""nineSlice"":null}"
"scene_stone_shortage","candidate","assets/scenes_build/scene_stone_shortage.png","96","96","scenes_build","석재 부족","Project reference art. Candidate only; no runtime installation.","6148e5cbc87fbb854ca9055dd4bf2da41b5570db07e2bc9cd0871d696b3389d9","[{""prompt"":""Create ONE new standalone medieval game HUD scene icon, scene_stone_shortage. Reference sheet is STYLE ONLY, do not reproduce the sheet. Subject: Two chunky pale grey rough squared stone blocks, one large and one small, with a small muted rust-red downward arrow to the right indicating shortage. Compact block silhouette, no timber. Hand-painted gouache game icon matching attached UI P0: subdued ochre, warm umber thin contour, matte slightly worn brushwork, functional readable silhouette. Center single subject filling 80% square canvas. Must read at 24px. GENUINELY TRANSPARENT RGBA background, no ground plane, no frame, no letters, no words, no numbers. No photorealism, no glossy 3D, no modern vector flatness."",""rawFile"":""raw/scenes_build/scene_stone_shortage.png"",""referenceImages"":[""references/scenes-build-p0-resources.png""],""tool"":""image_gen.imagegen"",""model"":""not provided"",""seed"":""not provided"",""generatedPath"":""/Users/rexxa/Library/Application Support/orca/codex-accounts/54be5844-95fd-4c46-925c-75327ccd186a/home/generated_images/01a0ddcf-876c-77f0-9625-cdfd2c99e05b/exec-ae2461ca-c58b-49ee-8ed6-e75dc0d005dd.png"",""rawWidth"":1254,""rawHeight"":1254,""sourceReferenceImages"":[""output/astra-wave18-candidates-v1/references/icon_resource_sheet.png""],""sourceImageDimensions"":{""width"":1254,""height"":1254}}]","""Alpha bounding box crop; uniform fit to84x84; centered on96x96 transparent canvas. Generated alpha preserved; no background reconstruction.""","{""status"":""pass_with_small_size_caveats"",""dimensions"":true,""channels"":4,""reviewedSizes"":[24,32,48,96],""textNumbers"":""none observed"",""silhouette24"":""distinct within eight-icon group"",""notes"":""Boards versus compact stone blocks remain distinct at24; downward arrow is small and shortage wording benefits contextual label."",""nineSlice"":null}"
"scene_complete_house","candidate","assets/scenes_build/scene_complete_house.png","96","96","scenes_build","주택 완공","Project reference art. Candidate only; no runtime installation.","df38dfe367938d3cc8a5a62741663f866e96c9ad3dcaca5a66df9612860147c4","[{""prompt"":""Create ONE new standalone medieval game HUD scene icon, scene_complete_house. Reference sheet is STYLE ONLY, do not reproduce the sheet. Subject: One completed tiny southern English medieval thatched cottage, warm plaster oak frame, broad thatched gable roof, open dark doorway, NO CHIMNEY. One small muted sage completion check at lower right. Hand-painted gouache game icon matching attached UI P0: subdued ochre, warm umber thin contour, matte slightly worn brushwork, functional readable silhouette. Center single subject filling 80% square canvas. Must read at 24px. GENUINELY TRANSPARENT RGBA background, no ground plane, no frame, no letters, no words, no numbers. No photorealism, no glossy 3D, no modern vector flatness."",""rawFile"":""raw/scenes_build/scene_complete_house.png"",""referenceImages"":[""references/scenes-build-p0-resources.png""],""tool"":""image_gen.imagegen"",""model"":""not provided"",""seed"":""not provided"",""generatedPath"":""/Users/rexxa/Library/Application Support/orca/codex-accounts/54be5844-95fd-4c46-925c-75327ccd186a/home/generated_images/01a0ddcf-876c-77f0-9625-cdfd2c99e05b/exec-ef146fa4-99fc-4c67-b3fd-d789dd082be2.png"",""rawWidth"":1254,""rawHeight"":1254,""sourceReferenceImages"":[""output/astra-wave18-candidates-v1/references/icon_resource_sheet.png""],""sourceImageDimensions"":{""width"":1254,""height"":1254}}]","""Alpha bounding box crop; uniform fit to84x84; centered on96x96 transparent canvas. Generated alpha preserved; no background reconstruction.""","{""status"":""pass_with_small_size_caveats"",""dimensions"":true,""channels"":4,""reviewedSizes"":[24,32,48,96],""textNumbers"":""none observed"",""silhouette24"":""distinct within eight-icon group"",""notes"":""Completed-building category distinguishable at24 by roof/sails/gate/tower; small completion check is secondary at24."",""nineSlice"":null}"
"scene_complete_facility","candidate","assets/scenes_build/scene_complete_facility.png","96","96","scenes_build","시설 완공","Project reference art. Candidate only; no runtime installation.","2c3388f3f6669e2ca42e7a55fdea47d6992007dd196dd7d6f5d81c2318b2ef4a","[{""prompt"":""Create ONE new standalone medieval game HUD scene icon, scene_complete_facility. Reference sheet is STYLE ONLY, do not reproduce the sheet. Subject: One completed southern English medieval POST WINDMILL on central timber post with FOUR broad sail arms unmistakably visible, small bread oven beside its base. NO WATER WHEEL. Simple bold windmill silhouette. One small muted sage completion check lower right. Hand-painted gouache game icon matching attached UI P0: subdued ochre, warm umber thin contour, matte slightly worn brushwork, functional readable silhouette. Center single subject filling 80% square canvas. Must read at 24px. GENUINELY TRANSPARENT RGBA background, no ground plane, no frame, no letters, no words, no numbers. No photorealism, no glossy 3D, no modern vector flatness."",""rawFile"":""raw/scenes_build/scene_complete_facility.png"",""referenceImages"":[""references/scenes-build-p0-resources.png""],""tool"":""image_gen.imagegen"",""model"":""not provided"",""seed"":""not provided"",""generatedPath"":""/Users/rexxa/Library/Application Support/orca/codex-accounts/54be5844-95fd-4c46-925c-75327ccd186a/home/generated_images/01a0ddcf-876c-77f0-9625-cdfd2c99e05b/exec-24c3bdad-2a68-4de8-8a4f-62fa27431435.png"",""rawWidth"":1254,""rawHeight"":1254,""sourceReferenceImages"":[""output/astra-wave18-candidates-v1/references/icon_resource_sheet.png""],""sourceImageDimensions"":{""width"":1254,""height"":1254}}]","""Alpha bounding box crop; uniform fit to84x84; centered on96x96 transparent canvas. Generated alpha preserved; no background reconstruction.""","{""status"":""pass_with_small_size_caveats"",""dimensions"":true,""channels"":4,""reviewedSizes"":[24,32,48,96],""textNumbers"":""none observed"",""silhouette24"":""distinct within eight-icon group"",""notes"":""Completed-building category distinguishable at24 by roof/sails/gate/tower; small completion check is secondary at24."",""nineSlice"":null}"
"scene_complete_defense","candidate","assets/scenes_build/scene_complete_defense.png","96","96","scenes_build","방어 완공","Project reference art. Candidate only; no runtime installation.","379b65f3afcb70e931f0ae35bdf15d6577cbf2ac2bf5c26f98d261999138f943","[{""prompt"":""Create ONE new standalone medieval game HUD scene icon, scene_complete_defense. Reference sheet is STYLE ONLY, do not reproduce the sheet. Subject: One completed short medieval pointed-timber PALISADE GATE with two upright log towers/posts and central open arched passage. No castle stone tower. One small muted sage completion check lower right. Hand-painted gouache game icon matching attached UI P0: subdued ochre, warm umber thin contour, matte slightly worn brushwork, functional readable silhouette. Center single subject filling 80% square canvas. Must read at 24px. GENUINELY TRANSPARENT RGBA background, no ground plane, no frame, no letters, no words, no numbers. No photorealism, no glossy 3D, no modern vector flatness."",""rawFile"":""raw/scenes_build/scene_complete_defense.png"",""referenceImages"":[""references/scenes-build-p0-resources.png""],""tool"":""image_gen.imagegen"",""model"":""not provided"",""seed"":""not provided"",""generatedPath"":""/Users/rexxa/Library/Application Support/orca/codex-accounts/54be5844-95fd-4c46-925c-75327ccd186a/home/generated_images/01a0ddcf-876c-77f0-9625-cdfd2c99e05b/exec-83faa180-9f98-412c-8faa-4a007554098b.png"",""rawWidth"":1254,""rawHeight"":1254,""sourceReferenceImages"":[""output/astra-wave18-candidates-v1/references/icon_resource_sheet.png""],""sourceImageDimensions"":{""width"":1254,""height"":1254}}]","""Alpha bounding box crop; uniform fit to84x84; centered on96x96 transparent canvas. Generated alpha preserved; no background reconstruction.""","{""status"":""pass_with_small_size_caveats"",""dimensions"":true,""channels"":4,""reviewedSizes"":[24,32,48,96],""textNumbers"":""none observed"",""silhouette24"":""distinct within eight-icon group"",""notes"":""Completed-building category distinguishable at24 by roof/sails/gate/tower; small completion check is secondary at24."",""nineSlice"":null}"
"scene_complete_public","candidate","assets/scenes_build/scene_complete_public.png","96","96","scenes_build","공공 완공","Project reference art. Candidate only; no runtime installation.","7b2155c697fc8182d16c85164beaeac3a266f9473edb006e37f4d5340edad7fa","[{""prompt"":""Create ONE new standalone medieval game HUD scene icon, scene_complete_public. Reference sheet is STYLE ONLY, do not reproduce the sheet. Subject: One completed small medieval southern English stone CHURCH with single square bell tower and low long nave, steep plain tile roof, simple tiny cross finial, no fantasy spires. One small muted sage completion check lower right. Hand-painted gouache game icon matching attached UI P0: subdued ochre, warm umber thin contour, matte slightly worn brushwork, functional readable silhouette. Center single subject filling 80% square canvas. Must read at 24px. GENUINELY TRANSPARENT RGBA background, no ground plane, no frame, no letters, no words, no numbers. No photorealism, no glossy 3D, no modern vector flatness."",""rawFile"":""raw/scenes_build/scene_complete_public.png"",""referenceImages"":[""references/scenes-build-p0-resources.png""],""tool"":""image_gen.imagegen"",""model"":""not provided"",""seed"":""not provided"",""generatedPath"":""/Users/rexxa/Library/Application Support/orca/codex-accounts/54be5844-95fd-4c46-925c-75327ccd186a/home/generated_images/01a0ddcf-876c-77f0-9625-cdfd2c99e05b/exec-1b45c88e-8bec-42a8-b49a-9affd0f3bd58.png"",""rawWidth"":1254,""rawHeight"":1254,""sourceReferenceImages"":[""output/astra-wave18-candidates-v1/references/icon_resource_sheet.png""],""sourceImageDimensions"":{""width"":1254,""height"":1254}}]","""Alpha bounding box crop; uniform fit to84x84; centered on96x96 transparent canvas. Generated alpha preserved; no background reconstruction.""","{""status"":""pass_with_small_size_caveats"",""dimensions"":true,""channels"":4,""reviewedSizes"":[24,32,48,96],""textNumbers"":""none observed"",""silhouette24"":""distinct within eight-icon group"",""notes"":""Completed-building category distinguishable at24 by roof/sails/gate/tower; small completion check is secondary at24."",""nineSlice"":null}"
"scene_construction_blocked","candidate","assets/scenes_build/scene_construction_blocked.png","96","96","scenes_build","공사 막힘","Project reference art. Candidate only; no runtime installation.","a991a0d129b0f5588274fd490fc3baf487173cc2b459d59035d22f761a53fe3a","[{""prompt"":""Create ONE new standalone medieval game HUD scene icon, scene_construction_blocked. Reference sheet is STYLE ONLY, do not reproduce the sheet. Subject: An unfinished oak timber scaffold, two upright posts and horizontal beam surrounding a partly built low stone wall, with a broad rust-red diagonal physical wooden barrier across its opening. Blocked construction clearly visible by barrier, no workers, no hammer. Hand-painted gouache game icon matching attached UI P0: subdued ochre, warm umber thin contour, matte slightly worn brushwork, functional readable silhouette. Center single subject filling 80% square canvas. Must read at 24px. GENUINELY TRANSPARENT RGBA background, no ground plane, no frame, no letters, no words, no numbers. No photorealism, no glossy 3D, no modern vector flatness."",""rawFile"":""raw/scenes_build/scene_construction_blocked.png"",""referenceImages"":[""references/scenes-build-p0-resources.png""],""tool"":""image_gen.imagegen"",""model"":""not provided"",""seed"":""not provided"",""generatedPath"":""/Users/rexxa/Library/Application Support/orca/codex-accounts/54be5844-95fd-4c46-925c-75327ccd186a/home/generated_images/01a0ddcf-876c-77f0-9625-cdfd2c99e05b/exec-211a2cd7-da6e-4ec0-a3ce-fff03e340a1b.png"",""rawWidth"":1254,""rawHeight"":1254,""sourceReferenceImages"":[""output/astra-wave18-candidates-v1/references/icon_resource_sheet.png""],""sourceImageDimensions"":{""width"":1254,""height"":1254}}]","""Alpha bounding box crop; uniform fit to84x84; centered on96x96 transparent canvas. Generated alpha preserved; no background reconstruction.""","{""status"":""pass_with_small_size_caveats"",""dimensions"":true,""channels"":4,""reviewedSizes"":[24,32,48,96],""textNumbers"":""none observed"",""silhouette24"":""distinct within eight-icon group"",""notes"":""Open scaffold with red diagonal barrier remains distinct from finished palisade gate."",""nineSlice"":null}"
"scene_fire","candidate","assets/scenes_build/scene_fire.png","96","96","scenes_build","화재","Project reference art. Candidate only; no runtime installation.","b80957e76839d54f1b12b4dd57ebbd744e06b8361bb8baa12f433a01ce037b7e","[{""prompt"":""Create ONE new standalone medieval game HUD scene icon, scene_fire. Reference sheet is STYLE ONLY, do not reproduce the sheet. Subject: One compact asymmetrical orange-ochre flame with three rising tongues and dark charred wood at base. Fire silhouette, not a building, no smoke clouds or additional icons. Hand-painted gouache game icon matching attached UI P0: subdued ochre, warm umber thin contour, matte slightly worn brushwork, functional readable silhouette. Center single subject filling 80% square canvas. Must read at 24px. GENUINELY TRANSPARENT RGBA background, no ground plane, no frame, no letters, no words, no numbers. No photorealism, no glossy 3D, no modern vector flatness."",""rawFile"":""raw/scenes_build/scene_fire.png"",""referenceImages"":[""references/scenes-build-p0-resources.png""],""tool"":""image_gen.imagegen"",""model"":""not provided"",""seed"":""not provided"",""generatedPath"":""/Users/rexxa/Library/Application Support/orca/codex-accounts/54be5844-95fd-4c46-925c-75327ccd186a/home/generated_images/01a0ddcf-876c-77f0-9625-cdfd2c99e05b/exec-43ecec77-d4bf-4268-939d-2b6fe0e1bf56.png"",""rawWidth"":1254,""rawHeight"":1254,""sourceReferenceImages"":[""output/astra-wave18-candidates-v1/references/icon_resource_sheet.png""],""sourceImageDimensions"":{""width"":1254,""height"":1254}}]","""Alpha bounding box crop; uniform fit to84x84; centered on96x96 transparent canvas. Generated alpha preserved; no background reconstruction.""","{""status"":""pass_with_small_size_caveats"",""dimensions"":true,""channels"":4,""reviewedSizes"":[24,32,48,96],""textNumbers"":""none observed"",""silhouette24"":""distinct within eight-icon group"",""notes"":""Flame and charred logs silhouette clear at24."",""nineSlice"":null}"
"scene_poor_harvest","candidate","assets/scenes_events/scene_poor_harvest.png","96","96","scenes_events","Two thin bent drooping wheat stems with visibly sparse shriveled ears, one stem sharply bent downward. Broad readable silhouette. No bowl, building, skull, people, crossed-out mark.","Project reference art. Candidate only; no runtime installation.","fc8e9db1ecf5a588a7e5cf45a772da79793e49a54c48860c0eadd67c7a9d1a36","[{""prompt"":""Use case: stylized-concept. Asset: ONE isolated tiny medieval game HUD icon, centered square composition, real transparent RGBA background, no ground plane, no panel, no labels, no letters or numbers. Style reference input is ONLY palette and P0 painterly treatment, do not copy its subjects: matte handpainted gouache, low-chroma warm ochre/oak/parchment, simple brown outline and strong filled silhouette, upper-left light. England 1300. Must read at 24px after reduction. Keep object broad, compact, 10% clear margins, very few details, no badge frame. Subject: Two thin bent drooping wheat stems with visibly sparse shriveled ears, one stem sharply bent downward. Broad readable silhouette. No bowl, building, skull, people, crossed-out mark."",""rawFile"":""raw/scenes_events/scene_poor_harvest-v1.png"",""referenceImages"":[""raw/scenes_events/reference-resource-sheet.png""],""tool"":""image_gen.imagegen"",""model"":""not provided"",""seed"":""not provided"",""source"":""/Users/rexxa/Library/Application Support/orca/codex-accounts/54be5844-95fd-4c46-925c-75327ccd186a/home/generated_images/01a0ddcf-bc4e-7ed1-b36e-598cc6c4fb51/exec-fa2942a5-1669-4400-b2af-a8490e3c14a1.png"",""sourceImageDimensions"":{""width"":1254,""height"":1254}}]","{""method"":""Generated alpha preserved; alpha > 8 bounding-box crop; Lanczos3 contain 84x84; transparent 6px padding; no painted replacement"",""crop"":{""left"":302,""top"":263,""width"":665,""height"":710},""rawWidth"":1254,""rawHeight"":1254}","{""status"":""pass_with_context_caveats"",""contact"":""raw/scenes_events/contact-24-32-48-96.png"",""sizesReviewed"":[24,32,48,96],""notes"":""Drooping wheat silhouette distinct at 24px; shriveled grain detail needs 48px, do not infer exact event solely from grain size."",""textNumbers"":""none visually observed"",""dimensions"":""96x96 RGBA"",""candidateOnly"":true,""nineSlice"":null}"
"scene_great_famine","candidate","assets/scenes_events/scene_great_famine.png","96","96","scenes_events","An open empty timber grain chest with its hinged lid fully raised, dark bare hollow interior and just two emaciated barren wheat ears leaning against its front. Chest dominates silhouette, stark scarcity. No skull, no people, no bowl.","Project reference art. Candidate only; no runtime installation.","753c708255ed0c41d96fa492290890546826c6d0c39634d2a4db95e9b9ac8b01","[{""prompt"":""Use case: stylized-concept. Asset: ONE isolated tiny medieval game HUD icon, centered square composition, real transparent RGBA background, no ground plane, no panel, no labels, no letters or numbers. Style reference input is ONLY palette and P0 painterly treatment, do not copy its subjects: matte handpainted gouache, low-chroma warm ochre/oak/parchment, simple brown outline and strong filled silhouette, upper-left light. England 1300. Must read at 24px after reduction. Keep object broad, compact, 10% clear margins, very few details, no badge frame. Subject: An open empty timber grain chest with its hinged lid fully raised, dark bare hollow interior and just two emaciated barren wheat ears leaning against its front. Chest dominates silhouette, stark scarcity. No skull, no people, no bowl."",""rawFile"":""raw/scenes_events/scene_great_famine-v1.png"",""referenceImages"":[""raw/scenes_events/reference-resource-sheet.png""],""tool"":""image_gen.imagegen"",""model"":""not provided"",""seed"":""not provided"",""source"":""/Users/rexxa/Library/Application Support/orca/codex-accounts/54be5844-95fd-4c46-925c-75327ccd186a/home/generated_images/01a0ddcf-bc4e-7ed1-b36e-598cc6c4fb51/exec-22a7a350-2508-4582-9008-6ff240521d1b.png"",""sourceImageDimensions"":{""width"":1254,""height"":1254}}]","{""method"":""Generated alpha preserved; alpha > 8 bounding-box crop; Lanczos3 contain 84x84; transparent 6px padding; no painted replacement"",""crop"":{""left"":187,""top"":132,""width"":958,""height"":995},""rawWidth"":1254,""rawHeight"":1254}","{""status"":""pass_with_context_caveats"",""contact"":""raw/scenes_events/contact-24-32-48-96.png"",""sizesReviewed"":[24,32,48,96],""notes"":""Open empty chest distinct from wheat stalk and measuring bowl at 24px; severity relies on event context, no claim of universal famine recognition."",""textNumbers"":""none visually observed"",""dimensions"":""96x96 RGBA"",""candidateOnly"":true,""nineSlice"":null}"
"scene_petition","candidate","assets/scenes_events/scene_petition.png","96","96","scenes_events","One raised upright open human hand emerging from plain undyed sleeve, holding at its lower palm edge a small folded plain off-white paper. Open fingers are main silhouette. No seal, no writing, no rolled scroll.","Project reference art. Candidate only; no runtime installation.","db2f41a0c60985172fe6695b5c005ebe665ea16f7329fa552655d99ecf4cdff0","[{""prompt"":""Use case: stylized-concept. Asset: ONE isolated tiny medieval game HUD icon, centered square composition, real transparent RGBA background, no ground plane, no panel, no labels, no letters or numbers. Style reference input is ONLY palette and P0 painterly treatment, do not copy its subjects: matte handpainted gouache, low-chroma warm ochre/oak/parchment, simple brown outline and strong filled silhouette, upper-left light. England 1300. Must read at 24px after reduction. Keep object broad, compact, 10% clear margins, very few details, no badge frame. Subject: One raised upright open human hand emerging from plain undyed sleeve, holding at its lower palm edge a small folded plain off-white paper. Open fingers are main silhouette. No seal, no writing, no rolled scroll."",""rawFile"":""raw/scenes_events/scene_petition-v1.png"",""referenceImages"":[""raw/scenes_events/reference-resource-sheet.png""],""tool"":""image_gen.imagegen"",""model"":""not provided"",""seed"":""not provided"",""source"":""/Users/rexxa/Library/Application Support/orca/codex-accounts/54be5844-95fd-4c46-925c-75327ccd186a/home/generated_images/01a0ddcf-bc4e-7ed1-b36e-598cc6c4fb51/exec-abc7aeaa-d376-4f58-a4bf-fe657ceaed8c.png"",""sourceImageDimensions"":{""width"":1254,""height"":1254}}]","{""method"":""Generated alpha preserved; alpha > 8 bounding-box crop; Lanczos3 contain 84x84; transparent 6px padding; no painted replacement"",""crop"":{""left"":349,""top"":75,""width"":626,""height"":1104},""rawWidth"":1254,""rawHeight"":1254}","{""status"":""pass_with_context_caveats"",""contact"":""raw/scenes_events/contact-24-32-48-96.png"",""sizesReviewed"":[24,32,48,96],""notes"":""Raised hand remains clear at 24px; folded paper detail clearer at 32/48."",""textNumbers"":""none visually observed"",""dimensions"":""96x96 RGBA"",""candidateOnly"":true,""nineSlice"":null}"
"scene_charter","candidate","assets/scenes_events/scene_charter.png","96","96","scenes_events","One open flat thick blank parchment charter with softly irregular corners and a large muted red wax seal hanging on two short dark cords below. Document fills width, seal strongly legible. Absolutely blank: no pseudo letters, no lines, no writing.","Project reference art. Candidate only; no runtime installation.","4fe43f3e468f6032ed50b9031a0b88c9e8b413998560d463c1f33cf638622990","[{""prompt"":""Use case: stylized-concept. Asset: ONE isolated tiny medieval game HUD icon, centered square composition, real transparent RGBA background, no ground plane, no panel, no labels, no letters or numbers. Style reference input is ONLY palette and P0 painterly treatment, do not copy its subjects: matte handpainted gouache, low-chroma warm ochre/oak/parchment, simple brown outline and strong filled silhouette, upper-left light. England 1300. Must read at 24px after reduction. Keep object broad, compact, 10% clear margins, very few details, no badge frame. Subject: One open flat thick blank parchment charter with softly irregular corners and a large muted red wax seal hanging on two short dark cords below. Document fills width, seal strongly legible. Absolutely blank: no pseudo letters, no lines, no writing."",""rawFile"":""raw/scenes_events/scene_charter-v1.png"",""referenceImages"":[""raw/scenes_events/reference-resource-sheet.png""],""tool"":""image_gen.imagegen"",""model"":""not provided"",""seed"":""not provided"",""source"":""/Users/rexxa/Library/Application Support/orca/codex-accounts/54be5844-95fd-4c46-925c-75327ccd186a/home/generated_images/01a0ddcf-bc4e-7ed1-b36e-598cc6c4fb51/exec-5532fe88-ac5c-4e5a-b9ef-dc95b65f96e8.png"",""sourceImageDimensions"":{""width"":1254,""height"":1254}}]","{""method"":""Generated alpha preserved; alpha > 8 bounding-box crop; Lanczos3 contain 84x84; transparent 6px padding; no painted replacement"",""crop"":{""left"":38,""top"":74,""width"":1179,""height"":1102},""rawWidth"":1254,""rawHeight"":1254}","{""status"":""pass_with_context_caveats"",""contact"":""raw/scenes_events/contact-24-32-48-96.png"",""sizesReviewed"":[24,32,48,96],""notes"":""Broad blank parchment plus dangling red seal distinct at 24px."",""textNumbers"":""none visually observed"",""dimensions"":""96x96 RGBA"",""candidateOnly"":true,""nineSlice"":null}"
"scene_market_busy","candidate","assets/scenes_events/scene_market_busy.png","96","96","scenes_events","One compact medieval market stall, broad ochre-and-cream striped cloth awning OPEN above counter piled with three bold differently shaped wares (round loaf, red apples, beige sack), two small customer head-and-shoulder silhouettes in front on the sides. Awning and full counter dominant. No writing, no coins, no modern objects.","Project reference art. Candidate only; no runtime installation.","a45fbfb427a60677624f0e190c5f6a05847f85dffc6c70ae4b757feae9799fd7","[{""prompt"":""Use case: stylized-concept. Asset: ONE isolated tiny medieval game HUD icon, centered square composition, real transparent RGBA background, no ground plane, no panel, no labels, no letters or numbers. Style reference input is ONLY palette and P0 painterly treatment, do not copy its subjects: matte handpainted gouache, low-chroma warm ochre/oak/parchment, simple brown outline and strong filled silhouette, upper-left light. England 1300. Must read at 24px after reduction. Keep object broad, compact, 10% clear margins, very few details, no badge frame. Subject: One compact medieval market stall, broad ochre-and-cream striped cloth awning OPEN above counter piled with three bold differently shaped wares (round loaf, red apples, beige sack), two small customer head-and-shoulder silhouettes in front on the sides. Awning and full counter dominant. No writing, no coins, no modern objects."",""rawFile"":""raw/scenes_events/scene_market_busy-v1.png"",""referenceImages"":[""raw/scenes_events/reference-resource-sheet.png""],""tool"":""image_gen.imagegen"",""model"":""not provided"",""seed"":""not provided"",""source"":""/Users/rexxa/Library/Application Support/orca/codex-accounts/54be5844-95fd-4c46-925c-75327ccd186a/home/generated_images/01a0ddcf-bc4e-7ed1-b36e-598cc6c4fb51/exec-a9f8de5a-9c5a-47b1-986d-b072102ba255.png"",""sourceImageDimensions"":{""width"":1254,""height"":1254}}]","{""method"":""Generated alpha preserved; alpha > 8 bounding-box crop; Lanczos3 contain 84x84; transparent 6px padding; no painted replacement"",""crop"":{""left"":116,""top"":183,""width"":1023,""height"":891},""rawWidth"":1254,""rawHeight"":1254}","{""status"":""pass_with_context_caveats"",""contact"":""raw/scenes_events/contact-24-32-48-96.png"",""sizesReviewed"":[24,32,48,96],""notes"":""Broad open awning and full counter distinct from quiet narrow rolled awning at 24px; customers read as silhouettes."",""textNumbers"":""none visually observed"",""dimensions"":""96x96 RGBA"",""candidateOnly"":true,""nineSlice"":null}"
"scene_market_quiet","candidate","assets/scenes_events/scene_market_quiet.png","96","96","scenes_events","One compact empty closed medieval market stall, same broad ochre cloth awning furled tightly into thin horizontal roll at top, bare dark shuttered oak counter below, no goods and no people. Sparse closed silhouette unlike open full awning. No writing, no modern objects.","Project reference art. Candidate only; no runtime installation.","9c3483094a1b765e11c5a733ce154e85750ef90f0f52c8d803da5f826fd12fb4","[{""prompt"":""Use case: stylized-concept. Asset: ONE isolated tiny medieval game HUD icon, centered square composition, real transparent RGBA background, no ground plane, no panel, no labels, no letters or numbers. Style reference input is ONLY palette and P0 painterly treatment, do not copy its subjects: matte handpainted gouache, low-chroma warm ochre/oak/parchment, simple brown outline and strong filled silhouette, upper-left light. England 1300. Must read at 24px after reduction. Keep object broad, compact, 10% clear margins, very few details, no badge frame. Subject: One compact empty closed medieval market stall, same broad ochre cloth awning furled tightly into thin horizontal roll at top, bare dark shuttered oak counter below, no goods and no people. Sparse closed silhouette unlike open full awning. No writing, no modern objects."",""rawFile"":""raw/scenes_events/scene_market_quiet-v1.png"",""referenceImages"":[""raw/scenes_events/reference-resource-sheet.png""],""tool"":""image_gen.imagegen"",""model"":""not provided"",""seed"":""not provided"",""source"":""/Users/rexxa/Library/Application Support/orca/codex-accounts/54be5844-95fd-4c46-925c-75327ccd186a/home/generated_images/01a0ddcf-bc4e-7ed1-b36e-598cc6c4fb51/exec-6e4380cc-dfa8-4465-bc61-ccb85319fa70.png"",""sourceImageDimensions"":{""width"":1254,""height"":1254}}]","{""method"":""Generated alpha preserved; alpha > 8 bounding-box crop; Lanczos3 contain 84x84; transparent 6px padding; no painted replacement"",""crop"":{""left"":207,""top"":237,""width"":840,""height"":763},""rawWidth"":1254,""rawHeight"":1254}","{""status"":""pass_with_context_caveats"",""contact"":""raw/scenes_events/contact-24-32-48-96.png"",""sizesReviewed"":[24,32,48,96],""notes"":""Rolled awning, open gap and shuttered counter distinct from busy awning at 24px."",""textNumbers"":""none visually observed"",""dimensions"":""96x96 RGBA"",""candidateOnly"":true,""nineSlice"":null}"
"scene_winter_survived","candidate","assets/scenes_events/scene_winter_survived.png","96","96","scenes_events","One strong fresh muted green seedling with two broad leaves pushing upward through a low flat broken patch of melting ivory snow. Green living shoot dominates vertical silhouette, snow low wide at its base. No pot, no bowl, no sun, no snowflake.","Project reference art. Candidate only; no runtime installation.","3a86e05fc1a227c14571fd8af6a528ed39484aa6431ba5564361e01e2630073c","[{""prompt"":""Use case: stylized-concept. Asset: ONE isolated tiny medieval game HUD icon, centered square composition, real transparent RGBA background, no ground plane, no panel, no labels, no letters or numbers. Style reference input is ONLY palette and P0 painterly treatment, do not copy its subjects: matte handpainted gouache, low-chroma warm ochre/oak/parchment, simple brown outline and strong filled silhouette, upper-left light. England 1300. Must read at 24px after reduction. Keep object broad, compact, 10% clear margins, very few details, no badge frame. Subject: One strong fresh muted green seedling with two broad leaves pushing upward through a low flat broken patch of melting ivory snow. Green living shoot dominates vertical silhouette, snow low wide at its base. No pot, no bowl, no sun, no snowflake."",""rawFile"":""raw/scenes_events/scene_winter_survived-v1.png"",""referenceImages"":[""raw/scenes_events/reference-resource-sheet.png""],""tool"":""image_gen.imagegen"",""model"":""not provided"",""seed"":""not provided"",""source"":""/Users/rexxa/Library/Application Support/orca/codex-accounts/54be5844-95fd-4c46-925c-75327ccd186a/home/generated_images/01a0ddcf-bc4e-7ed1-b36e-598cc6c4fb51/exec-c465571d-aaea-4c97-8665-9fe52380eac0.png"",""sourceImageDimensions"":{""width"":1254,""height"":1254}}]","{""method"":""Generated alpha preserved; alpha > 8 bounding-box crop; Lanczos3 contain 84x84; transparent 6px padding; no painted replacement"",""crop"":{""left"":192,""top"":255,""width"":871,""height"":781},""rawWidth"":1254,""rawHeight"":1254}","{""status"":""pass_with_context_caveats"",""contact"":""raw/scenes_events/contact-24-32-48-96.png"",""sizesReviewed"":[24,32,48,96],""notes"":""Green seedling over white snow clear at 24px; winter survived versus spring context remains contextual."",""textNumbers"":""none visually observed"",""dimensions"":""96x96 RGBA"",""candidateOnly"":true,""nineSlice"":null}"
"scene_hungry_gap","candidate","assets/scenes_events/scene_hungry_gap.png","96","96","scenes_events","One broad shallow wooden grain measuring bowl almost empty, three large isolated pale grain kernels visible in its dark interior, one very small spring sprout just outside its right rim. Bowl is main silhouette, hunger during spring gap. No wheat ears, no bread, no chest, no people.","Project reference art. Candidate only; no runtime installation.","bea8b739ab4e59529bf5e72a56c71271f94d96231ea486f0747c1280c79f3bdc","[{""prompt"":""Use case: stylized-concept. Asset: ONE isolated tiny medieval game HUD icon, centered square composition, real transparent RGBA background, no ground plane, no panel, no labels, no letters or numbers. Style reference input is ONLY palette and P0 painterly treatment, do not copy its subjects: matte handpainted gouache, low-chroma warm ochre/oak/parchment, simple brown outline and strong filled silhouette, upper-left light. England 1300. Must read at 24px after reduction. Keep object broad, compact, 10% clear margins, very few details, no badge frame. Subject: One broad shallow wooden grain measuring bowl almost empty, three large isolated pale grain kernels visible in its dark interior, one very small spring sprout just outside its right rim. Bowl is main silhouette, hunger during spring gap. No wheat ears, no bread, no chest, no people."",""rawFile"":""raw/scenes_events/scene_hungry_gap-v1.png"",""referenceImages"":[""raw/scenes_events/reference-resource-sheet.png""],""tool"":""image_gen.imagegen"",""model"":""not provided"",""seed"":""not provided"",""source"":""/Users/rexxa/Library/Application Support/orca/codex-accounts/54be5844-95fd-4c46-925c-75327ccd186a/home/generated_images/01a0ddcf-bc4e-7ed1-b36e-598cc6c4fb51/exec-00685e20-e71d-4af5-821d-d29d5a264e07.png"",""sourceImageDimensions"":{""width"":1254,""height"":1254}}]","{""method"":""Generated alpha preserved; alpha > 8 bounding-box crop; Lanczos3 contain 84x84; transparent 6px padding; no painted replacement"",""crop"":{""left"":137,""top"":296,""width"":1002,""height"":686},""rawWidth"":1254,""rawHeight"":1254}","{""status"":""pass_with_context_caveats"",""contact"":""raw/scenes_events/contact-24-32-48-96.png"",""sizesReviewed"":[24,32,48,96],""notes"":""Shallow bowl distinct at 24px from chest and stalk. Three remaining kernels clear at 48px; tiny spring sprout weak at 24px."",""textNumbers"":""none visually observed"",""dimensions"":""96x96 RGBA"",""candidateOnly"":true,""nineSlice"":null}"
