"assetId","version","runtimePath","runtimeSha256","sourcePath","sourceSha256","tool","model","generatedAt","prompt","referenceInputs","seed","candidates","manualEdits","artBible","historicalProfile","owner","usedIn","status","notes"
"terrain/chalk_down_summer-v1","v1","terrain/chalk_down_summer-v1.png","68429931f4ba4bc46750149c75f94d070c9bda1c382a56b399cbf321a2a41534","/Users/rexxa/Library/Application Support/orca/codex-accounts/54be5844-95fd-4c46-925c-75327ccd186a/home/generated_images/01a0e095-434a-78e2-b605-78702859f4be/exec-246ff2e9-9c1a-4622-b54e-bfa6030436a9.png","f1716257d0755dc0d593a715cb0fe461c956e88e5d00ef1a1eaeb6d97326d3ac","image_gen","not exposed","2026-09-27T02:14:05.646Z","ATTEMPT 1
Use case: stylized-concept. Paint a seamless medieval city-builder CHALK DOWN SUMMER terrain background. WIDE 2:1 full opaque rectangle. FINAL SIZE256x128. REFERENCE used for COLOR ONLY, DO NOT COPY texture. Muted olive base, exposed warm cream chalk. ALL MARKS MUST BE HUGE: a total of about 25 broad gently irregular brush areas across whole picture, each40-160pixels wide at final256x128; quiet contrast olive-on-olive. Only five modest broad cream chalk exposures, each20-45pxwide with smooth painted edges. Fully solid colors inside each painted area, no surface texture whatsoever. Gouache color-block painting, calm natural irregular forms, broad overlapping flat paint masses. Seamless across both X and Y. Top down flat ground, no perspective. NO grass blades, NO pebbles, NO grain, NO small flecks, NO tiny brush strokes, NO dithering, NO stippling, NO camouflage spots, NO speckles, NO shadows, NO objects, NO text, NO border. Not a photograph. Very simplified background supporting detailed game objects. Aim quiet painterly ground in olive #868861 and pale chalk #aaa68a.

ATTEMPT 2
Use case: precise-object-edit. Correct attached terrain tile. Keep palette olive grass and beige chalk, opaque 2:1rectangle, bothXY seamless. Replace round smooth-edged camouflage blobs with broad quiet dry-gouache brushwork: around 60 interlocking elongated 15-30px strokes in final256x128, overlapping along varied directions with rough blunt ends. Every stroke is broad flat color; no marks smaller than8px at final256x128. Chalk must be 3 or4 subtle broken broad exposed low ridges, not isolated round spots. Only slight color difference between neighboring paints. Add no microscopic texture or grain, no photo/noise/stippling. It should look handpainted broad-brush earth rather than vector camouflage. Gentle subdued contrast, no shading/gradients/objects/text. Do not reproduce the finegrain of realgrass. Large painterly strokes only.

ATTEMPT 3
Use case: precise-object-edit. Repaint ONLY layout of this chalkdown summer terrain fill to remove its diagonal stripes. The existing long parallel pale ribbons resemble agriculture rows and MUST disappear. Keep EXACT muted olive and cream palette, soft broad gouache style and lowcontrast. Instead uneven very short irregular pale chalk exposures each12-24px at final256x128, shapes with assorted orientations, scattered NOT arranged in rows, NOT equalspacing; about6 modestexposures. Mostly uninterrupted olive turf, big quiet broad brushmasses. Do not rotate wholepattern. Break ALL longcontinuous lines into irregular offsetshortpatches. Avoidpolkadots/camouflage by lowcontrast andinfrequentchalk. Fullopaque topdown 2:1rectangle 256x128target, BOTHXYseamless. No marks smaller8px at finalsize, no grain/blades/speckles/detail/objects/text/border/shadows. Lowfrequency painterlyfield supportinggameobjects.","chalk_down_summer-v1 previous candidate","not exposed","4","Native full-rectangle resized once to 256x128; opposing X 16px and Y 12px edge strips symmetrically blended to exact equal endpoints; opaque alpha normalized. RGB chroma about luminance multiplied by 1. No procedural artwork. Composition correction itself was a native image edit, not code-drawn. All previous prompts and source paths retained in priorAttempts; initial rejected chalk season set retained in fills-rejected.json.","AB_2026-09-19_v1","S_England_1300_1450_v1","Astra Wave22","candidate only; no game installation","candidate","Final reviewer-selected correction: long parallel diagonal exposures were replaced by short irregular nonparallel patches; same corrected summer layout retained in autumn and winter. Earlier diagonal candidate rejected because it resembled cultivated rows in the isometric scene.; New seasonal effect/decal"
"terrain/chalk_down_autumn-v1","v1","terrain/chalk_down_autumn-v1.png","6867ce21a504afb3b28967a138b3001073022432f4977b6b1a8ce807a9141082","/Users/rexxa/Library/Application Support/orca/codex-accounts/54be5844-95fd-4c46-925c-75327ccd186a/home/generated_images/01a0e095-434a-78e2-b605-78702859f4be/exec-fab898c9-e940-4e3a-a15c-b072c3cef4d0.png","63a99ee1f248a751c09ea3956245791aab9bcd16b4439692489c8c0507bcf673","image_gen","not exposed","2026-09-27T02:15:37.872Z","ATTEMPT 1
Use case: lighting-weather. Edit this exact broad-brush chalkdown terrain texture from summer to autumn. Preserve every stroke, pale chalk ribbon, size and location. Change olive grass to subdued straw-ochre, grey warmbrown gold; chalk remains pale neutralcream. Low saturation, no orange orred. Keep huge solid gouache strokes, no addedgrain/detail/blades/noise. Fullopaque 2:1rectangle final256x128 XYseamless. No objects, text, gradients, shadows. Change season palette only while exactlayout stays.

ATTEMPT 2
Use case: lighting-weather. Edit this exact corrected chalkdown terrain to autumn. Preserve short scattered palechalkpatches inexactpositions, all broadgrassmasses and their sizes. DO NOT restore any stripes/ribbons/rows or change layout. Mutedgrey strawtan, dullbrown-gold dormant grass, chalk palecream, no saturatedorange/red. Fullopaque2:1rectangle target256x128 XYseamless. Keep broadquiet paint no micrograin/speckles/blades/newobjects/text/shadows. Only seasonalcolor change, majorfeaturesidentical.","chalk_down_summer-v1 corrected short patches","not exposed","3","Native full-rectangle resized once to 256x128; opposing X 16px and Y 12px edge strips symmetrically blended to exact equal endpoints; opaque alpha normalized. RGB chroma about luminance multiplied by 0.68. No procedural artwork. Composition correction itself was a native image edit, not code-drawn. All previous prompts and source paths retained in priorAttempts; initial rejected chalk season set retained in fills-rejected.json.","AB_2026-09-19_v1","S_England_1300_1450_v1","Astra Wave22","candidate only; no game installation","candidate","Final reviewer-selected correction: long parallel diagonal exposures were replaced by short irregular nonparallel patches; same corrected summer layout retained in autumn and winter. Earlier diagonal candidate rejected because it resembled cultivated rows in the isometric scene.; New seasonal effect/decal"
"terrain/chalk_down_winter-v1","v1","terrain/chalk_down_winter-v1.png","e42a9e5edaa9f96703d967ee4e19102b183a0c289cba36bdd2d125ffd4ed5c7c","/Users/rexxa/Library/Application Support/orca/codex-accounts/54be5844-95fd-4c46-925c-75327ccd186a/home/generated_images/01a0e095-434a-78e2-b605-78702859f4be/exec-e3729671-cf4a-4872-a9e9-97c7119f006b.png","d403c5eb24dbd3787cd3283436bf71c6a9616fc8b86f8a964d999cecc0820d4a","image_gen","not exposed","2026-09-27T02:16:06.331Z","ATTEMPT 1
Use case: lighting-weather. Edit this exact broad-brush chalkdown terrain texture from summer to winter. Preserve every stroke, pale chalk ribbon, size and location. Change grass to dormant cool grey olive and taupe with a very light frost veil on existing paler strokes; only thin patchy frost, no solid snow. Keep huge solid gouache strokes, no addedgrain/detail/blades/noise. Fullopaque 2:1rectangle final256x128 XYseamless. No objects, text, gradients, shadows. Change season palette only while exactlayout stays.

ATTEMPT 2
Use case: lighting-weather. Edit this exact corrected chalkdown terrain to winter. Preserve short scattered palechalkpatches inexactpositions, all broadgrassmasses and their sizes. DO NOT restore any stripes/ribbons/rows or change layout. Coolgreyolive andtaupe grass withthin lightfrost onexisting palechalkedges, no thick snow. Fullopaque2:1rectangle target256x128 XYseamless. Keep broadquiet paint no micrograin/speckles/blades/newobjects/text/shadows. Only seasonalcolor change, majorfeaturesidentical.","chalk_down_summer-v1 corrected short patches","not exposed","3","Native full-rectangle resized once to 256x128; opposing X 16px and Y 12px edge strips symmetrically blended to exact equal endpoints; opaque alpha normalized. RGB chroma about luminance multiplied by 1. No procedural artwork. Composition correction itself was a native image edit, not code-drawn. All previous prompts and source paths retained in priorAttempts; initial rejected chalk season set retained in fills-rejected.json.","AB_2026-09-19_v1","S_England_1300_1450_v1","Astra Wave22","candidate only; no game installation","candidate","Final reviewer-selected correction: long parallel diagonal exposures were replaced by short irregular nonparallel patches; same corrected summer layout retained in autumn and winter. Earlier diagonal candidate rejected because it resembled cultivated rows in the isometric scene.; New seasonal effect/decal"
"terrain/heath_summer-v1","v1","terrain/heath_summer-v1.png","0d9a2e4e5a375cf16d83ae431101776ec4c43a10e7576cb328603e2918950323","/Users/rexxa/Library/Application Support/orca/codex-accounts/54be5844-95fd-4c46-925c-75327ccd186a/home/generated_images/01a0e095-434a-78e2-b605-78702859f4be/exec-01830e87-c674-4ca6-b314-46f4f5c48fc9.png","48727421187cfc1499f7607b1e4935898dcf277e6646e8e8f5d32ddd97bc681d","image_gen","not exposed","2026-09-27T02:04:18.075Z","ATTEMPT 1
Use case: stylized-concept. Paint ONE HEATH SUMMER ground fill for medieval southern England city-builder. Reference1 is APPROACH TO BROADBRUSH SIZE ONLY, not chalk content; reference2 is project mutedolive palette. Full opaque flat topdown2:1rectangle final256x128, bothXandYseamless. Ground of sparse low heath: subdued olive-brown wiry scrub masses, brownish peat, a few understated greybeige gravel streaks, broad fern silhouettes merged into ground. NO brightpurple heather. Wide quiet drygouache overlapping blunt strokes15-30px at finalsize;50-60 broadmarks across wholecanvas, no marks smaller8px. Different layout fromchalk: smaller low scrub masses with angular fern fans, no palechalkribbon. Lowcontrast warmgrey olive earth, nofocalpoint. NOmicrograin,speckles,tinyplants,roundcamoislands,photo,surfacegrain,trees,objects,castshadows,text,border. Backgroundmust stayquiet with greenerypainted as masses notindividualblades.

ATTEMPT 2
Use case: precise-object-edit. Simplify attached heath texture severely for game256x128output. KEEP major fern patch locations, palette and topdown2:1opaque format. REMOVE EVERY small leaf, gravel pebble, tiny brush stroke, speckle. Replace internal fern markings with solid broad angular olive paint masses 15-30px wide at256x128; gravel with 3 broad palegrey painted swaths. Only roughly40to60 brush areasTOTAL across wholecanvas, overlapping blunt broad flat opaque gouache. No tiny gaps. No detail thinner8pxfinal. No dots/no grain. More calm and less contrast. Must resemble quiet coarse handpainted earth, not noisy foliagepattern. Both XandY tileable. No text or shadows.","heath_summer attempt1","not exposed","2","Native full-rectangle resized once to 256x128; opposing X 16px and Y 12px edge strips symmetrically blended to exact equal endpoints; opaque alpha normalized. RGB chroma about luminance multiplied by 1. No procedural artwork.","AB_2026-09-19_v1","S_England_1300_1450_v1","Astra Wave22","candidate only; no game installation","candidate","Selected broad paint masses for low zoom readability; same-family seasons edited from summer with retained major features. Earlier noisy or camouflage attempts rejected where recorded.; New seasonal effect/decal"
"terrain/heath_autumn-v1","v1","terrain/heath_autumn-v1.png","916c3aef86718fb707ef84866bb6772aed3808832105f21a6b70b8985f9ad676","/Users/rexxa/Library/Application Support/orca/codex-accounts/54be5844-95fd-4c46-925c-75327ccd186a/home/generated_images/01a0e095-434a-78e2-b605-78702859f4be/exec-53c87cf8-8985-4915-b3e9-76ed41b692ff.png","127f3a5e7bf5dacba75f0ddfed4a596f0f552c2eaad74c1d59268bbe57e69177","image_gen","not exposed","2026-09-27T02:04:59.481Z","ATTEMPT 1
Use case: lighting-weather. EDIT attached heathsummer toautumn, preserve exact fernshapes, gravelpatches, brushmasslocations and scale. Olive heath turns muted brown, tan and subduedoldgold; no orange/red/purple. Same simplified broad angular gouache solidpaint, no newtexture orfineleafdetail, no micrograin. Quiet lowcontrast background, fullopaque256x128target2:1, seamlessXandY. No objects/text/shadows.","heath_summer-v1","not exposed","1","Native full-rectangle resized once to 256x128; opposing X 16px and Y 12px edge strips symmetrically blended to exact equal endpoints; opaque alpha normalized. RGB chroma about luminance multiplied by 0.68. No procedural artwork.","AB_2026-09-19_v1","S_England_1300_1450_v1","Astra Wave22","candidate only; no game installation","candidate","Selected broad paint masses for low zoom readability; same-family seasons edited from summer with retained major features. Earlier noisy or camouflage attempts rejected where recorded.; New seasonal effect/decal"
"terrain/heath_winter-v1","v1","terrain/heath_winter-v1.png","8f782c8fa1a6b398c83267781e4db64b323d260c50dcfab7e3cc9eb44aaf05f2","/Users/rexxa/Library/Application Support/orca/codex-accounts/54be5844-95fd-4c46-925c-75327ccd186a/home/generated_images/01a0e095-434a-78e2-b605-78702859f4be/exec-49259cae-7fb5-4603-ac08-e4d60cd57601.png","edc5594a803a387034ac7c031b652e014e010374506e09cf8d8f5e326b95d718","image_gen","not exposed","2026-09-27T02:05:19.739Z","ATTEMPT 1
Use case: lighting-weather. EDIT attached heathsummer towinter, preserve exact fernshapes, gravelpatches, brushmasslocations and scale. Dormant heath greyish umber and coololive, minimal pale frost onexisting lighterpaint only, no blanket snow. Same simplified broad angular gouache solidpaint, no newtexture orfineleafdetail, no micrograin. Quiet lowcontrast background, fullopaque256x128target2:1, seamlessXandY. No objects/text/shadows.","heath_summer-v1","not exposed","1","Native full-rectangle resized once to 256x128; opposing X 16px and Y 12px edge strips symmetrically blended to exact equal endpoints; opaque alpha normalized. RGB chroma about luminance multiplied by 1. No procedural artwork.","AB_2026-09-19_v1","S_England_1300_1450_v1","Astra Wave22","candidate only; no game installation","candidate","Selected broad paint masses for low zoom readability; same-family seasons edited from summer with retained major features. Earlier noisy or camouflage attempts rejected where recorded.; New seasonal effect/decal"
"terrain/fen_summer-v1","v1","terrain/fen_summer-v1.png","076a46d3b8cb9a4d0bc733bc4e03d8393fd825b7d9d38e7fc9e82d8bf6f666c0","/Users/rexxa/Library/Application Support/orca/codex-accounts/54be5844-95fd-4c46-925c-75327ccd186a/home/generated_images/01a0e095-434a-78e2-b605-78702859f4be/exec-5e9346de-e8e5-451e-80ca-8c441b2188f6.png","1b28d88c924e6eb4b661b44db2d096a883c1bfe7f8affe31a2f3bb9dc9fe2093","image_gen","not exposed","2026-09-27T02:06:18.552Z","ATTEMPT 1
Use case: stylized-concept. Create ONE quiet FEN SUMMER terrain fill. Broad coarse gouache painting as reference1 but ENTIRELY DIFFERENT ground layout: wet darkolive meadow peat with THREE shallow mutedgreyteal puddles each30-45pixelswide at256x128, irregular flattened long poolforms NOTroundpolkadots; squat broadreedgroup masses surround edges. Subdued wet green brown and greyteal palette borrowing watercolor fromreference2. Topdownflat 2:1 fullopaque256x128 tile, XYseamless. Minimumbrushstroke8-12pixels inFINALimage; entirepaintingabout40-60 broadsolidinterlockingmarks. Flatcoloredquietnegative-spacepools andsoftdrybrushmeadow strokes, no fine reeds orblades, no ripples, no granularnoise, no tiny leaves orspeckles. No chalk/palegravelstripes, no forest, no buildings, no objects, no shadows, no borders or text. Needsdistinctfromdrygrassat77x38pxwhilequietbackground. No photographicdetail.","chalk_down_summer-v1; shallow_a-v1.png","not exposed","1","Native full-rectangle resized once to 256x128; opposing X 16px and Y 12px edge strips symmetrically blended to exact equal endpoints; opaque alpha normalized. RGB chroma about luminance multiplied by 1. No procedural artwork.","AB_2026-09-19_v1","S_England_1300_1450_v1","Astra Wave22","candidate only; no game installation","candidate","Selected broad paint masses for low zoom readability; same-family seasons edited from summer with retained major features. Earlier noisy or camouflage attempts rejected where recorded.; New seasonal effect/decal"
"terrain/fen_autumn-v1","v1","terrain/fen_autumn-v1.png","4e46e5f8bd75cec003137d8318749daf7376891cb49b59367c62704b2f621579","/Users/rexxa/Library/Application Support/orca/codex-accounts/54be5844-95fd-4c46-925c-75327ccd186a/home/generated_images/01a0e095-434a-78e2-b605-78702859f4be/exec-4b9c323c-acb7-4590-887b-a57637f00e26.png","b54815a7da7388253b16792f1c93293db56e1e6425b3380a3821fb0a61eedf45","image_gen","not exposed","2026-09-27T02:07:02.560Z","ATTEMPT 1
Use case: lighting-weather. Edit attached fen summer terrain into autumn. Preserve exactly all THREE pool silhouettes, reedmass outlines, sizes andpositions. Reedandgrass masses change to brown-gold, muted straw and ochre; poolgreytealunchanged. Not vivid yellow ororange. Fullopaque256x128target2:1rectangleXYseamless; broad quiet gouachebluntstrokes15-30px, no addedmicronoise, tiny reeds, pebbles orspecks. No newobjects, text, borders, shadows. Change season only.","fen_summer-v1","not exposed","1","Native full-rectangle resized once to 256x128; opposing X 16px and Y 12px edge strips symmetrically blended to exact equal endpoints; opaque alpha normalized. RGB chroma about luminance multiplied by 0.68. No procedural artwork.","AB_2026-09-19_v1","S_England_1300_1450_v1","Astra Wave22","candidate only; no game installation","candidate","Selected broad paint masses for low zoom readability; same-family seasons edited from summer with retained major features. Earlier noisy or camouflage attempts rejected where recorded.; New seasonal effect/decal"
"terrain/fen_winter-v1","v1","terrain/fen_winter-v1.png","7af0124411a8c93d2a0d21b1e67b9a0e394ab028cd8de735eb0b53115b4a6b0e","/Users/rexxa/Library/Application Support/orca/codex-accounts/54be5844-95fd-4c46-925c-75327ccd186a/home/generated_images/01a0e095-434a-78e2-b605-78702859f4be/exec-43e49f3d-6b4d-4cde-8904-6d26f882b929.png","067de9ffb99523fea424eb654f948a38d3d05f4ee1f21fa7fe9bf7b287b13365","image_gen","not exposed","2026-09-27T02:07:30.459Z","ATTEMPT 1
Use case: lighting-weather. Edit attached fen summer terrain into winter. Preserve exactly all THREE pool silhouettes, reedmass outlines, sizes andpositions. Reedandgrass dormant grey-brown, muted taupe; thin pale frost onexisting broad strokes only, small slivers ofthinice atpool edges, poolsmostlyopen dullgreyteal. No snowblanket. Fullopaque256x128target2:1rectangleXYseamless; broad quiet gouachebluntstrokes15-30px, no addedmicronoise, tiny reeds, pebbles orspecks. No newobjects, text, borders, shadows. Change season only.","fen_summer-v1","not exposed","1","Native full-rectangle resized once to 256x128; opposing X 16px and Y 12px edge strips symmetrically blended to exact equal endpoints; opaque alpha normalized. RGB chroma about luminance multiplied by 1. No procedural artwork.","AB_2026-09-19_v1","S_England_1300_1450_v1","Astra Wave22","candidate only; no game installation","candidate","Selected broad paint masses for low zoom readability; same-family seasons edited from summer with retained major features. Earlier noisy or camouflage attempts rejected where recorded.; New seasonal effect/decal"
"terrain/coastal_grass_summer-v1","v1","terrain/coastal_grass_summer-v1.png","de7c9b85184b615cfa3e0ac76728a79b8a74d28ace86b36a614bbf803d75860d","/Users/rexxa/Library/Application Support/orca/codex-accounts/54be5844-95fd-4c46-925c-75327ccd186a/home/generated_images/01a0e095-434a-78e2-b605-78702859f4be/exec-d5090245-f5ce-4cad-90f0-d3ef44799f3f.png","ddb25421b6f10dfa86881bd157cce26b18c84126df3c50c5ba70782e2ed316bc","image_gen","not exposed","2026-09-27T02:14:46.920Z","ATTEMPT 1
Use case: stylized-concept. Create ONE COASTAL SALTGRASS SUMMER terrainfill for southernEngland medievalgame. Referenceattached defines BROAD GOUACHE style/olivepaletteonly. Differentcomposition: chiefly sandy warmgrey buff ground about60percent with widelyspaced low flattened sage-olive grass carpets about40percent, broad gentlyhorizontal wind-combed paint swaths. NO CHALK streaks, no exposedwhitepatches, no fern, no ponds. Entireimage about40 overlapping blunt brushforms, each12-30px at FINAL256x128. Greyed dunegrass and muted beige fine-sand shown as solidpaint not grains. Quiet LOWcontrast background. Fullopaque flat topdown2:1rectangle, seamlessBOTHXY. No detail smaller8pxfinal, no individualgrassblades, no speckles,no photographicgrain, no camospots, objects, shadows, borders,text. Shapes mustremainvisible at77x38pxwithoutlookingbusy.

ATTEMPT 2
Use case: precise-object-edit. Correct this coastalgrass summer fill: remove ALL diagonal windrows and parallel sandbands, they look like cultivated rows. Keep identical muted greybeige sand and olivepalette, broad gouachestyle. Recompose as irregular interlocking sandopenings and squat ragged grasscarpets with varying orientation. Grass patches shouldbe wide squarish/triangular and short, never stripes. Unequalspacing andsizes, no commonangle. Eachpatch20-40px at final256x128, internalmarks minimum8-12px. Lowcontrast, quiet background, sandybase60percent olivegrass40percent. No rounded polkadots, no camouflage vectorlook, no micrograin/speckles/blades. Fullopaque flat topdown2:1 256x128target XYseamless. No objects/text/shadows/borders. Broadpaletteareas remainlowfrequency. Do not merely rotatepattern; reorganize it into nonparallel short irregular patches.","coastal_grass_summer-v1 previous candidate","not exposed","2","Native full-rectangle resized once to 256x128; opposing X 16px and Y 12px edge strips symmetrically blended to exact equal endpoints; opaque alpha normalized. RGB chroma about luminance multiplied by 1. No procedural artwork. Composition correction itself was a native image edit, not code-drawn. All previous prompts and source paths retained in priorAttempts; initial rejected chalk season set retained in fills-rejected.json.","AB_2026-09-19_v1","S_England_1300_1450_v1","Astra Wave22","candidate only; no game installation","candidate","Final reviewer-selected correction: long parallel diagonal exposures were replaced by short irregular nonparallel patches; same corrected summer layout retained in autumn and winter. Earlier diagonal candidate rejected because it resembled cultivated rows in the isometric scene.; New seasonal effect/decal"
"terrain/coastal_grass_autumn-v1","v1","terrain/coastal_grass_autumn-v1.png","80f8f2622235feee1f02d56483900a90976f3c353798200a0b5fe55de5e452a8","/Users/rexxa/Library/Application Support/orca/codex-accounts/54be5844-95fd-4c46-925c-75327ccd186a/home/generated_images/01a0e095-434a-78e2-b605-78702859f4be/exec-da2fb983-4fc3-4196-9179-6404b0747d6f.png","d78d27bdb7b71c797ff56b167a5752b379ffbc98bcdc1dee49803b055ed8ebe3","image_gen","not exposed","2026-09-27T02:16:52.455Z","ATTEMPT 1
Use case: lighting-weather. EDIT attached coastalgrasssummer texture into autumn; preserve exact broadgrassswaths andsandshapes. Saltgrass goes dusty grey-brown straw with gentle gold; sand retains neutralbeige. Very mutedcolors, desaturatedearth, no orange orred. Same broadquiet gouache strokes notphotoreal; no additionaldetail or grain. Fullopaque2:1target256x128, XYseamless. Noobjects/text/shadows. Same groundlayout changesseasononly.

ATTEMPT 2
Use case: lighting-weather. Edit exact corrected coastalgrass fill intoautumn. Preserve irregular NONPARALLEL shortgrass patches andsandopeninglayout exactly. Neverrestore diagonalstripes/rows/windrows. Grass dusty strawgrey brown with faintgold, sandneutralbeige; low saturation noorange/red. Same quietcoarsegouache marksminimum8-12px atfinal256x128, noaddedfinegrain/noise/speckles/blades. FullopaqueXYseamlessflat2:1rectangle. Seasonalcolorsonly, notnewgeometry. Noobjects,text,shadow,border.","coastal_grass_summer-v1 corrected irregular patches","not exposed","2","Native full-rectangle resized once to 256x128; opposing X 16px and Y 12px edge strips symmetrically blended to exact equal endpoints; opaque alpha normalized. RGB chroma about luminance multiplied by 0.68. No procedural artwork. Composition correction itself was a native image edit, not code-drawn. All previous prompts and source paths retained in priorAttempts; initial rejected chalk season set retained in fills-rejected.json.","AB_2026-09-19_v1","S_England_1300_1450_v1","Astra Wave22","candidate only; no game installation","candidate","Final reviewer-selected correction: long parallel diagonal exposures were replaced by short irregular nonparallel patches; same corrected summer layout retained in autumn and winter. Earlier diagonal candidate rejected because it resembled cultivated rows in the isometric scene.; New seasonal effect/decal"
"terrain/coastal_grass_winter-v1","v1","terrain/coastal_grass_winter-v1.png","47f3a38b98b0a92d106c68ed2f97600b3054562b062d633c1c06884f3f5eb1c2","/Users/rexxa/Library/Application Support/orca/codex-accounts/54be5844-95fd-4c46-925c-75327ccd186a/home/generated_images/01a0e095-434a-78e2-b605-78702859f4be/exec-32f3899d-914b-4947-a4aa-0641afa9a88a.png","2bdd0dcbbf584f6d8250a9a572eed4e76c2954f075d7e4b4fcfbfa6d875d3a7f","image_gen","not exposed","2026-09-27T02:17:20.752Z","ATTEMPT 1
Use case: lighting-weather. EDIT attached coastalgrasssummer texture into winter; preserve exact broadgrassswaths andsandshapes. Saltgrass mutedgreyolive, sand coolgreybuff; verythin patchyfrost alongexisting paleedges, only10percent frost no snowblanket. Same broadquiet gouache strokes notphotoreal; no additionaldetail or grain. Fullopaque2:1target256x128, XYseamless. Noobjects/text/shadows. Same groundlayout changesseasononly.

ATTEMPT 2
Use case: lighting-weather. Edit exact corrected coastalgrass fill intowinter. Preserve irregular NONPARALLEL shortgrass patches andsandopeninglayout exactly. Neverrestore diagonalstripes/rows/windrows. Grass coolgreyolive andsandgreybuff; verythin white frost onexisting lightpaint, no thickblanketsnow. Same quietcoarsegouache marksminimum8-12px atfinal256x128, noaddedfinegrain/noise/speckles/blades. FullopaqueXYseamlessflat2:1rectangle. Seasonalcolorsonly, notnewgeometry. Noobjects,text,shadow,border.","coastal_grass_summer-v1 corrected irregular patches","not exposed","2","Native full-rectangle resized once to 256x128; opposing X 16px and Y 12px edge strips symmetrically blended to exact equal endpoints; opaque alpha normalized. RGB chroma about luminance multiplied by 1. No procedural artwork. Composition correction itself was a native image edit, not code-drawn. All previous prompts and source paths retained in priorAttempts; initial rejected chalk season set retained in fills-rejected.json.","AB_2026-09-19_v1","S_England_1300_1450_v1","Astra Wave22","candidate only; no game installation","candidate","Final reviewer-selected correction: long parallel diagonal exposures were replaced by short irregular nonparallel patches; same corrected summer layout retained in autumn and winter. Earlier diagonal candidate rejected because it resembled cultivated rows in the isometric scene.; New seasonal effect/decal"
"terrain/woodland_floor_summer-v1","v1","terrain/woodland_floor_summer-v1.png","e78be8604e2a5b69396734f3f32af0134b96fb325bd967a7b9359b615df74bb3","/Users/rexxa/Library/Application Support/orca/codex-accounts/54be5844-95fd-4c46-925c-75327ccd186a/home/generated_images/01a0e095-434a-78e2-b605-78702859f4be/exec-64712040-c1d2-4ca5-a6ad-422268b90f2c.png","5c196b81471eb23c3076a8ea7ac53f012770604841183857a8c17362ee654d39","image_gen","not exposed","2026-09-27T02:09:52.396Z","ATTEMPT 1
Use case: stylized-concept. ONE WOODLAND FLOOR SUMMER terrain fill for medieval southern England game. Reference1 BROADPAINTSIZEonly, notchalklayout; reference2forest_floor paletteonly DO NOT COPY finegrain. Entirely differentquiet surface: muted umber/taupe woodland humus, broad interlocking rusty-brown leaflitter masses, olive moss at soil hollows, shaded mediumwarmbrown but no directional shadows. No palechalk or diagonalgrassribbons. Around45 large overlapping blunt gouachepaint patches, each12-30px at final256x128. Leaflitter as few broad flattened leafshapes joinedtogether, NOT manyindividualleaves, no sticks orroots. Mossasquietroundedlowcontrast paint. Fullopaque 2:1 flat topdown XYseamless rectangularfill. Minimum8-12px permark at256x128; nofinegrain,speckles,dots,smallleafveins,photographictexture,brightcolors,objects,trees,castshadows,text,edges. Matchquiet citybuilder palette fromprojectforestfloor, simplifygreatly.","chalk_down_summer-v1; forest_floor.png","not exposed","1","Native full-rectangle resized once to 256x128; opposing X 16px and Y 12px edge strips symmetrically blended to exact equal endpoints; opaque alpha normalized. RGB chroma about luminance multiplied by 0.82. No procedural artwork.","AB_2026-09-19_v1","S_England_1300_1450_v1","Astra Wave22","candidate only; no game installation","candidate","Selected broad paint masses for low zoom readability; same-family seasons edited from summer with retained major features. Earlier noisy or camouflage attempts rejected where recorded.; New seasonal effect/decal"
"terrain/woodland_floor_autumn-v1","v1","terrain/woodland_floor_autumn-v1.png","85c36042deea7353755fc739d0f81fb392b6cf74c611c66ec343410fe0b533b0","/Users/rexxa/Library/Application Support/orca/codex-accounts/54be5844-95fd-4c46-925c-75327ccd186a/home/generated_images/01a0e095-434a-78e2-b605-78702859f4be/exec-f55d3ff9-1acc-4f9f-9882-58db1d49b061.png","87f97aa492e0d3737fadd6e55204798492bb87d991cf78fa2652c684c552879c","image_gen","not exposed","2026-09-27T02:10:41.295Z","ATTEMPT 1
Use case: lighting-weather. EDIT this woodlandfloor summer fill into autumn; preserve leaflitter clusters, barehumus andmossplacesexactly. Leaflitter gentlylightens to muted greyedgoldandtans, moss staysolive; subduedEnglishbrownnotred/orange. Brownleafpatchesremainbroad quietpaint. SAMEflat2:1opaque256x128target XYtileable. Simplified broadgouache areas12-30px, no newgrains, tiny leaves or specks. Noobjects/shadows/borders/text. Change seasononlywhilelayoutunchanged.","woodland_floor_summer-v1","not exposed","1","Native full-rectangle resized once to 256x128; opposing X 16px and Y 12px edge strips symmetrically blended to exact equal endpoints; opaque alpha normalized. RGB chroma about luminance multiplied by 0.68. No procedural artwork.","AB_2026-09-19_v1","S_England_1300_1450_v1","Astra Wave22","candidate only; no game installation","candidate","Selected broad paint masses for low zoom readability; same-family seasons edited from summer with retained major features. Earlier noisy or camouflage attempts rejected where recorded.; New seasonal effect/decal"
"terrain/woodland_floor_winter-v1","v1","terrain/woodland_floor_winter-v1.png","598aca6e4643fca54500fe204aabba63d77b4412c500ce203b472928aca8fa92","/Users/rexxa/Library/Application Support/orca/codex-accounts/54be5844-95fd-4c46-925c-75327ccd186a/home/generated_images/01a0e095-434a-78e2-b605-78702859f4be/exec-3613bf61-31e4-456e-9f14-db380c8550dd.png","b166a7a3d24e8954fca38043d373472275da967b29c4383aebc2b7a7250a7308","image_gen","not exposed","2026-09-27T02:11:06.521Z","ATTEMPT 1
Use case: lighting-weather. EDIT this woodlandfloor summer fill into winter; preserve leaflitter clusters, barehumus andmossplacesexactly. Coolgrey-brown litter, olivegrey moss, thinwhitefrost onfewexistingpalebrushpatches onlyabout10-15percent, no snowblanket. Groundstaysclearlyvisible. SAMEflat2:1opaque256x128target XYtileable. Simplified broadgouache areas12-30px, no newgrains, tiny leaves or specks. Noobjects/shadows/borders/text. Change seasononlywhilelayoutunchanged.","woodland_floor_summer-v1","not exposed","1","Native full-rectangle resized once to 256x128; opposing X 16px and Y 12px edge strips symmetrically blended to exact equal endpoints; opaque alpha normalized. RGB chroma about luminance multiplied by 1. No procedural artwork.","AB_2026-09-19_v1","S_England_1300_1450_v1","Astra Wave22","candidate only; no game installation","candidate","Selected broad paint masses for low zoom readability; same-family seasons edited from summer with retained major features. Earlier noisy or camouflage attempts rejected where recorded.; New seasonal effect/decal"
"boundary/chalk_edge_a-v1","v1","boundary/chalk_edge_a-v1.png","94359bd063e112ae41acf4ad02ecf0be85ea9d2f38076cd3e5050cbca0974550","/Users/rexxa/Library/Application Support/orca/codex-accounts/54be5844-95fd-4c46-925c-75327ccd186a/home/generated_images/01a0e095-924c-73e0-b593-e0cef4078ae2/exec-75dcdaf2-d32b-4376-8763-f90a4f9940a5.png","ecd705e7cb7853cbef0cfb70b26536506da794d20319b8051cce395398356d55","image_gen.imagegen","not exposed by native tool","2026-09-27T02:03:05.393Z","ATTEMPT 1
Use case: stylized-concept. ROLE strip, production game terrain surface for southern England 1300–1450. Match attached project art muted olive, warm soil, painterly low-frequency broad forms. FLAT PLAN VIEW rectangular horizontal ribbon; no perspective, no isometric diamond. X-axis seamless full width, no left/right margin. Transparent PNG; top and bottom 8 px clear at final size and inner 8 px broken organic alpha transition, no white halo. Broad 12–24 px motifs at final size, no tiny grains, hairlines, photonoise or focal objects. Soft even upper-left lighting, no cast shadows, no text. Draw ribbon filling full width at requested ratio, material boundary primarily horizontal with shallow irregular lobes. SOURCE_SIZE 512x64. Upper side existing olive grass, lower side pale warm ivory chalk-down soil with short grass. Broad low chalk exposures alternating with grass tongues, uneven spacing. Variant A long shallow grass peninsulas.

ATTEMPT 2
Use case: precise-object-edit. Edit this exact terrain transition strip. KEEP original contour, horizontal orientation, olive grass upper side and pale warm ivory chalk lower side, proportions. REPAINT its surface into smooth broad 12–24px painterly masses at final512x64. Remove ALL photographic tiny grain, speckles, sand grains and hairline grass. Preserve natural soft tonal undulations, not flat camouflage. The existing boundary's broad irregular lobes remain. Full-width X-only seamless ribbon on true transparent background, Y8px clear plus8px organic fade. No text, shadows or objects.","chalk_edge_a-v1.png (own first candidate; project reference derived)","not exposed","2","Alpha-supported Y crop; one high-quality resample to full-width strip interior; 8px clear Y margins plus inner 8px alpha fade; 24px X endpoint cross-blend, exact endpoint RGBA equality. No generated art drawn by code.","AB_2026-09-19_v1","S_England_1300_1450_v1","Astra Wave22","candidate only; no game installation","candidate","Native project-referenced candidate; broad terrain contour retained, X seam normalized.; New seasonal effect/decal"
"boundary/chalk_edge_b-v1","v1","boundary/chalk_edge_b-v1.png","e791e124887a716597bedac6262317299914b38ebe97b4d184131f0b0449702b","/Users/rexxa/Library/Application Support/orca/codex-accounts/54be5844-95fd-4c46-925c-75327ccd186a/home/generated_images/01a0e095-924c-73e0-b593-e0cef4078ae2/exec-088c5c93-3498-4723-89f6-cb0fc3a10958.png","c974e6ff19efbd40eaffe9e842cff5a0f2b7cfd03a45a4a731380d03f6d78131","image_gen.imagegen","not exposed by native tool","2026-09-27T02:03:27.118Z","ATTEMPT 1
Use case: stylized-concept. ROLE strip, production game terrain surface for southern England 1300–1450. Match attached project art muted olive, warm soil, painterly low-frequency broad forms. FLAT PLAN VIEW rectangular horizontal ribbon; no perspective, no isometric diamond. X-axis seamless full width, no left/right margin. Transparent PNG; top and bottom 8 px clear at final size and inner 8 px broken organic alpha transition, no white halo. Broad 12–24 px motifs at final size, no tiny grains, hairlines, photonoise or focal objects. Soft even upper-left lighting, no cast shadows, no text. Draw ribbon filling full width at requested ratio, material boundary primarily horizontal with shallow irregular lobes. SOURCE_SIZE 512x64. Upper olive grass lower chalk-down pale warm ivory soil. Variant B broken scallops and a few broad separated chalk exposures, substantially different geometry from A.

ATTEMPT 2
Use case: precise-object-edit. Edit this exact terrain transition strip. KEEP original contour, horizontal orientation, olive grass upper side and pale warm ivory chalk lower side, proportions. REPAINT its surface into smooth broad 12–24px painterly masses at final512x64. Remove ALL photographic tiny grain, speckles, sand grains and hairline grass. Preserve natural soft tonal undulations, not flat camouflage. The existing boundary's broad irregular lobes remain. Full-width X-only seamless ribbon on true transparent background, Y8px clear plus8px organic fade. No text, shadows or objects.","chalk_edge_b-v1.png (own first candidate; project reference derived)","not exposed","2","Alpha-supported Y crop; one high-quality resample to full-width strip interior; 8px clear Y margins plus inner 8px alpha fade; 24px X endpoint cross-blend, exact endpoint RGBA equality. No generated art drawn by code.","AB_2026-09-19_v1","S_England_1300_1450_v1","Astra Wave22","candidate only; no game installation","candidate","Native project-referenced candidate; broad terrain contour retained, X seam normalized.; New seasonal effect/decal"
"boundary/heath_edge_a-v1","v1","boundary/heath_edge_a-v1.png","6266f03521f4d2a18d1a2fcac146e52cf957d41fbfde735dd970b814b1b9c09f","/Users/rexxa/Library/Application Support/orca/codex-accounts/54be5844-95fd-4c46-925c-75327ccd186a/home/generated_images/01a0e095-924c-73e0-b593-e0cef4078ae2/exec-806195f6-e6e5-4862-98ad-ef6f944265f9.png","9cc3147a3c64dbd4f26f965df2ec3c6453102e27f8a77c3645d9db791c8242b8","image_gen.imagegen","not exposed by native tool","2026-09-27T02:01:29.364Z","ATTEMPT 1
Use case: stylized-concept. ROLE strip, production game terrain surface for southern England 1300–1450. Match attached project art muted olive, warm soil, painterly low-frequency broad forms. FLAT PLAN VIEW rectangular horizontal ribbon; no perspective, no isometric diamond. X-axis seamless full width, no left/right margin. Transparent PNG; top and bottom 8 px clear at final size and inner 8 px broken organic alpha transition, no white halo. Broad 12–24 px motifs at final size, no tiny grains, hairlines, photonoise or focal objects. Soft even upper-left lighting, no cast shadows, no text. Draw ribbon filling full width at requested ratio, material boundary primarily horizontal with shallow irregular lobes. IMPORTANT ignore photographic fine grain in grass reference; use only its olive color. Render extremely simple broad painterly masses, minimal detail, no fine surface stipple. Think final 512px not oversized painting. SOURCE_SIZE 512x64. Upper olive grass lower brown olive heather ground, subdued ochre bracken patches, tiny amount muted dusky mauve broad heather mats. A shallow wide lobes with soil bays.","grass.png; shoreline_a-v1.png","not exposed","1","Alpha-supported Y crop; one high-quality resample to full-width strip interior; 8px clear Y margins plus inner 8px alpha fade; 24px X endpoint cross-blend, exact endpoint RGBA equality. No generated art drawn by code.","AB_2026-09-19_v1","S_England_1300_1450_v1","Astra Wave22","candidate only; no game installation","candidate","Native project-referenced candidate; broad terrain contour retained, X seam normalized.; New seasonal effect/decal"
"boundary/heath_edge_b-v1","v1","boundary/heath_edge_b-v1.png","29d4b93f8718eceb6371c5ea27b64ad3ec06fad9aa3d07ee1ffc2f12a4db197a","/Users/rexxa/Library/Application Support/orca/codex-accounts/54be5844-95fd-4c46-925c-75327ccd186a/home/generated_images/01a0e095-924c-73e0-b593-e0cef4078ae2/exec-f5b82eeb-2f20-4634-afd0-118dce5f5519.png","f7b11e01a5b1f2769f38102f59749251f1e9a5a6ddda503d0bbc9ae4de70b2a0","image_gen.imagegen","not exposed by native tool","2026-09-27T02:01:57.795Z","ATTEMPT 1
Use case: stylized-concept. ROLE strip, production game terrain surface for southern England 1300–1450. Match attached project art muted olive, warm soil, painterly low-frequency broad forms. FLAT PLAN VIEW rectangular horizontal ribbon; no perspective, no isometric diamond. X-axis seamless full width, no left/right margin. Transparent PNG; top and bottom 8 px clear at final size and inner 8 px broken organic alpha transition, no white halo. Broad 12–24 px motifs at final size, no tiny grains, hairlines, photonoise or focal objects. Soft even upper-left lighting, no cast shadows, no text. Draw ribbon filling full width at requested ratio, material boundary primarily horizontal with shallow irregular lobes. IMPORTANT ignore photographic fine grain in grass reference; use only its olive color. Render extremely simple broad painterly masses, minimal detail, no fine surface stipple. Think final 512px not oversized painting. SOURCE_SIZE 512x64. Upper olive grass lower brown olive heather ground, subdued ochre bracken patches, tiny amount muted dusky mauve broad heather mats. B irregular short grass fingers separated by larger low heath masses.","grass.png; shoreline_a-v1.png","not exposed","1","Alpha-supported Y crop; one high-quality resample to full-width strip interior; 8px clear Y margins plus inner 8px alpha fade; 24px X endpoint cross-blend, exact endpoint RGBA equality. No generated art drawn by code.","AB_2026-09-19_v1","S_England_1300_1450_v1","Astra Wave22","candidate only; no game installation","candidate","Native project-referenced candidate; broad terrain contour retained, X seam normalized.; New seasonal effect/decal"
"boundary/fen_edge_a-v1","v1","boundary/fen_edge_a-v1.png","c55f84e9a1a915bbc04c6277092b3d7f2acf5511c0aafae2e8194005e97e56fd","/Users/rexxa/Library/Application Support/orca/codex-accounts/54be5844-95fd-4c46-925c-75327ccd186a/home/generated_images/01a0e095-924c-73e0-b593-e0cef4078ae2/exec-d4e34f63-ef65-4b8f-a056-c9bb050c66f9.png","bde6328870a6e31e44a7ba1582b63c7f79a63872de20f922f9da116db63784e0","image_gen.imagegen","not exposed by native tool","2026-09-27T02:03:46.462Z","ATTEMPT 1
Use case: stylized-concept. ROLE strip, production game terrain surface for southern England 1300–1450. Match attached project art muted olive, warm soil, painterly low-frequency broad forms. FLAT PLAN VIEW rectangular horizontal ribbon; no perspective, no isometric diamond. X-axis seamless full width, no left/right margin. Transparent PNG; top and bottom 8 px clear at final size and inner 8 px broken organic alpha transition, no white halo. Broad 12–24 px motifs at final size, no tiny grains, hairlines, photonoise or focal objects. Soft even upper-left lighting, no cast shadows, no text. Draw ribbon filling full width at requested ratio, material boundary primarily horizontal with shallow irregular lobes. IMPORTANT ignore photographic fine grain in grass reference; use only its olive color. Render extremely simple broad painterly masses, minimal detail, no fine surface stipple. Think final 512px not oversized painting. SOURCE_SIZE 512x64. Upper olive grass lower darker wet olive fen soil, broad dull blue-grey shallow wet patches and flat sedge mats. A extended sloping wet bays. No tall reeds.","grass.png; shoreline_a-v1.png","not exposed","1","Alpha-supported Y crop; one high-quality resample to full-width strip interior; 8px clear Y margins plus inner 8px alpha fade; 24px X endpoint cross-blend, exact endpoint RGBA equality. No generated art drawn by code.","AB_2026-09-19_v1","S_England_1300_1450_v1","Astra Wave22","candidate only; no game installation","candidate","Native project-referenced candidate; broad terrain contour retained, X seam normalized.; New seasonal effect/decal"
"boundary/fen_edge_b-v1","v1","boundary/fen_edge_b-v1.png","7dd6eda8be10db54fb28434ac89d3fbb650ff0d0a542144cd221aab30e11466b","/Users/rexxa/Library/Application Support/orca/codex-accounts/54be5844-95fd-4c46-925c-75327ccd186a/home/generated_images/01a0e095-924c-73e0-b593-e0cef4078ae2/exec-14068e0a-313f-4710-b93e-87d9a84ed1fb.png","60b1f7c27e8680a626f85bdfb631f61e77f0138b575c9348b604e95137d3214b","image_gen.imagegen","not exposed by native tool","2026-09-27T02:04:12.789Z","ATTEMPT 1
Use case: stylized-concept. ROLE strip, production game terrain surface for southern England 1300–1450. Match attached project art muted olive, warm soil, painterly low-frequency broad forms. FLAT PLAN VIEW rectangular horizontal ribbon; no perspective, no isometric diamond. X-axis seamless full width, no left/right margin. Transparent PNG; top and bottom 8 px clear at final size and inner 8 px broken organic alpha transition, no white halo. Broad 12–24 px motifs at final size, no tiny grains, hairlines, photonoise or focal objects. Soft even upper-left lighting, no cast shadows, no text. Draw ribbon filling full width at requested ratio, material boundary primarily horizontal with shallow irregular lobes. IMPORTANT ignore photographic fine grain in grass reference; use only its olive color. Render extremely simple broad painterly masses, minimal detail, no fine surface stipple. Think final 512px not oversized painting. SOURCE_SIZE 512x64. Upper olive grass lower darker wet olive fen soil, broad dull blue-grey shallow wet patches and flat sedge mats. B wider solid wet-ground masses with staggered little grass peninsulas. No tall reeds.","grass.png; shoreline_a-v1.png","not exposed","1","Alpha-supported Y crop; one high-quality resample to full-width strip interior; 8px clear Y margins plus inner 8px alpha fade; 24px X endpoint cross-blend, exact endpoint RGBA equality. No generated art drawn by code.","AB_2026-09-19_v1","S_England_1300_1450_v1","Astra Wave22","candidate only; no game installation","candidate","Native project-referenced candidate; broad terrain contour retained, X seam normalized.; New seasonal effect/decal"
"boundary/coastal_edge_a-v1","v1","boundary/coastal_edge_a-v1.png","2c4aa1f9dd0e57b1807e2899da276f155864cd9c067c4ad08d2076bef6f35536","/Users/rexxa/Library/Application Support/orca/codex-accounts/54be5844-95fd-4c46-925c-75327ccd186a/home/generated_images/01a0e095-924c-73e0-b593-e0cef4078ae2/exec-39d414a4-e62d-4b2c-83a3-d824fe49f77d.png","f4eb01a33bbbf62ab5f19399e296682917c38ddbe5c2baf167bbb585ca083191","image_gen.imagegen","not exposed by native tool","2026-09-27T02:04:41.983Z","ATTEMPT 1
Use case: stylized-concept. ROLE strip, production game terrain surface for southern England 1300–1450. Match attached project art muted olive, warm soil, painterly low-frequency broad forms. FLAT PLAN VIEW rectangular horizontal ribbon; no perspective, no isometric diamond. X-axis seamless full width, no left/right margin. Transparent PNG; top and bottom 8 px clear at final size and inner 8 px broken organic alpha transition, no white halo. Broad 12–24 px motifs at final size, no tiny grains, hairlines, photonoise or focal objects. Soft even upper-left lighting, no cast shadows, no text. Draw ribbon filling full width at requested ratio, material boundary primarily horizontal with shallow irregular lobes. IMPORTANT ignore photographic fine grain in grass reference; use only its olive color. Render extremely simple broad painterly masses, minimal detail, no fine surface stipple. Think final 512px not oversized painting. SOURCE_SIZE 512x64. Upper olive grass lower pale tawny sand and faded salt-tolerant grass. A long irregular sandy inlet shapes. No waves.","grass.png; shoreline_a-v1.png","not exposed","1","Alpha-supported Y crop; one high-quality resample to full-width strip interior; 8px clear Y margins plus inner 8px alpha fade; 24px X endpoint cross-blend, exact endpoint RGBA equality. No generated art drawn by code.","AB_2026-09-19_v1","S_England_1300_1450_v1","Astra Wave22","candidate only; no game installation","candidate","Native project-referenced candidate; broad terrain contour retained, X seam normalized.; New seasonal effect/decal"
"boundary/coastal_edge_b-v1","v1","boundary/coastal_edge_b-v1.png","f7a00447ae4d48f52ec60f182b93cbf7395a90cf97cfd6a6a6254d7c03b369e0","/Users/rexxa/Library/Application Support/orca/codex-accounts/54be5844-95fd-4c46-925c-75327ccd186a/home/generated_images/01a0e095-924c-73e0-b593-e0cef4078ae2/exec-4943ce1f-4405-418b-9a9a-953c17fb3788.png","a6c4bcd91dcb059a2caf35462d6fea3793f8c28b1a6709e51a7af2414aa4dfe5","image_gen.imagegen","not exposed by native tool","2026-09-27T02:05:06.946Z","ATTEMPT 1
Use case: stylized-concept. ROLE strip, production game terrain surface for southern England 1300–1450. Match attached project art muted olive, warm soil, painterly low-frequency broad forms. FLAT PLAN VIEW rectangular horizontal ribbon; no perspective, no isometric diamond. X-axis seamless full width, no left/right margin. Transparent PNG; top and bottom 8 px clear at final size and inner 8 px broken organic alpha transition, no white halo. Broad 12–24 px motifs at final size, no tiny grains, hairlines, photonoise or focal objects. Soft even upper-left lighting, no cast shadows, no text. Draw ribbon filling full width at requested ratio, material boundary primarily horizontal with shallow irregular lobes. IMPORTANT ignore photographic fine grain in grass reference; use only its olive color. Render extremely simple broad painterly masses, minimal detail, no fine surface stipple. Think final 512px not oversized painting. SOURCE_SIZE 512x64. Upper olive grass lower pale tawny sand and faded salt-tolerant grass. B broad blunt grass lobes and discontinuous wide sand patches. No waves.","grass.png; shoreline_a-v1.png","not exposed","1","Alpha-supported Y crop; one high-quality resample to full-width strip interior; 8px clear Y margins plus inner 8px alpha fade; 24px X endpoint cross-blend, exact endpoint RGBA equality. No generated art drawn by code.","AB_2026-09-19_v1","S_England_1300_1450_v1","Astra Wave22","candidate only; no game installation","candidate","Native project-referenced candidate; broad terrain contour retained, X seam normalized.; New seasonal effect/decal"
"shore/sand_beach_a-v1","v1","shore/sand_beach_a-v1.png","42e3b147bb0acbc1cedee65551887aab2ea5007d677faec610b55929e3d238a2","/Users/rexxa/Library/Application Support/orca/codex-accounts/54be5844-95fd-4c46-925c-75327ccd186a/home/generated_images/01a0e095-924c-73e0-b593-e0cef4078ae2/exec-7ef453a0-2f14-4ede-b635-d5c7517aeebc.png","7efb5ae24259b39f745ddffbbf3e830628c59063d476479352fd43eb2b74501f","image_gen.imagegen","not exposed by native tool","2026-09-27T02:05:54.035Z","ATTEMPT 1
Use case: stylized-concept. ROLE strip, production game terrain surface for southern England 1300–1450. Match attached project art muted olive, warm soil, painterly low-frequency broad forms. FLAT PLAN VIEW rectangular horizontal ribbon; no perspective, no isometric diamond. X-axis seamless full width, no left/right margin. Transparent PNG; top and bottom 8 px clear at final size and inner 8 px broken organic alpha transition, no white halo. Broad 12–24 px motifs at final size, no tiny grains, hairlines, photonoise or focal objects. Soft even upper-left lighting, no cast shadows, no text. Draw ribbon filling full width at requested ratio, material boundary primarily horizontal with shallow irregular lobes. IMPORTANT ignore photographic fine grain in grass reference; use only its olive color. Render extremely simple broad painterly masses, minimal detail, no fine surface stipple. Think final 512px not oversized painting. SOURCE_SIZE 512x96. Upper edge faded olive coastal grass then broad warm grey-beige sand band then lower cool desaturated slate-teal shallow water which fades transparent. A long low irregular tidal scallops. No tiny sand grains or white surf.","grass.png; shoreline_a-v1.png","not exposed","1","Alpha-supported Y crop; one high-quality resample to full-width strip interior; 8px clear Y margins plus inner 8px alpha fade; 24px X endpoint cross-blend, exact endpoint RGBA equality. No generated art drawn by code.","AB_2026-09-19_v1","S_England_1300_1450_v1","Astra Wave22","candidate only; no game installation","candidate","Native project-referenced candidate; broad terrain contour retained, X seam normalized.; New seasonal effect/decal"
"shore/sand_beach_b-v1","v1","shore/sand_beach_b-v1.png","7fff380523b622f0c16ed9b23fe3ebbc252ccc6850ef7cc06e885fbbc3d5e494","/Users/rexxa/Library/Application Support/orca/codex-accounts/54be5844-95fd-4c46-925c-75327ccd186a/home/generated_images/01a0e095-924c-73e0-b593-e0cef4078ae2/exec-41b18e83-e6ee-4966-af19-6fb88074fd8f.png","ac9867ae938db282b56d08b10ac50bebceaad1689e37d87cd636f5d2539f4e88","image_gen.imagegen","not exposed by native tool","2026-09-27T02:06:21.420Z","ATTEMPT 1
Use case: stylized-concept. ROLE strip, production game terrain surface for southern England 1300–1450. Match attached project art muted olive, warm soil, painterly low-frequency broad forms. FLAT PLAN VIEW rectangular horizontal ribbon; no perspective, no isometric diamond. X-axis seamless full width, no left/right margin. Transparent PNG; top and bottom 8 px clear at final size and inner 8 px broken organic alpha transition, no white halo. Broad 12–24 px motifs at final size, no tiny grains, hairlines, photonoise or focal objects. Soft even upper-left lighting, no cast shadows, no text. Draw ribbon filling full width at requested ratio, material boundary primarily horizontal with shallow irregular lobes. IMPORTANT ignore photographic fine grain in grass reference; use only its olive color. Render extremely simple broad painterly masses, minimal detail, no fine surface stipple. Think final 512px not oversized painting. SOURCE_SIZE 512x96. Upper faded olive coastal grass then broad warm grey-beige sand then lower slate-teal shallow water fading transparent. B longer broad sand spit interspersed with deeper water bays, distinctly different horizontal contour. No tiny sand grains or white surf.","grass.png; shoreline_a-v1.png","not exposed","1","Alpha-supported Y crop; one high-quality resample to full-width strip interior; 8px clear Y margins plus inner 8px alpha fade; 24px X endpoint cross-blend, exact endpoint RGBA equality. No generated art drawn by code.","AB_2026-09-19_v1","S_England_1300_1450_v1","Astra Wave22","candidate only; no game installation","candidate","Native project-referenced candidate; broad terrain contour retained, X seam normalized.; New seasonal effect/decal"
"shore/shingle_a-v1","v1","shore/shingle_a-v1.png","8c5d55a09830fab912e94b0f76b87bdd462a1de459625eff50c85b09cfa370df","/Users/rexxa/Library/Application Support/orca/codex-accounts/54be5844-95fd-4c46-925c-75327ccd186a/home/generated_images/01a0e095-924c-73e0-b593-e0cef4078ae2/exec-32f00d74-14ba-49af-a63e-6520bccaa3c9.png","b19ad1c94cf139e69000def65b63d8c9ead5cb90fb121317583af1e64fd259b7","image_gen.imagegen","not exposed by native tool","2026-09-27T02:07:09.937Z","ATTEMPT 1
Use case: stylized-concept. ROLE strip, production game terrain surface for southern England 1300–1450. Match attached project art muted olive, warm soil, painterly low-frequency broad forms. FLAT PLAN VIEW rectangular horizontal ribbon; no perspective, no isometric diamond. X-axis seamless full width, no left/right margin. Transparent PNG; top and bottom 8 px clear at final size and inner 8 px broken organic alpha transition, no white halo. Broad 12–24 px motifs at final size, no tiny grains, hairlines, photonoise or focal objects. Soft even upper-left lighting, no cast shadows, no text. Draw ribbon filling full width at requested ratio, material boundary primarily horizontal with shallow irregular lobes. IMPORTANT ignore photographic fine grain in grass reference; use only its olive color. Render extremely simple broad painterly masses, minimal detail, no fine surface stipple. Think final 512px not oversized painting. SOURCE_SIZE 512x96. Upper coastal olive land then broad flat rounded grey taupe shingle stones minimum 16–24px each final size; lower bluegrey water fades transparent. A few loose connected broad pebble banks, no tiny gravel noise.","grass.png; shoreline_a-v1.png","not exposed","1","Alpha-supported Y crop; one high-quality resample to full-width strip interior; 8px clear Y margins plus inner 8px alpha fade; 24px X endpoint cross-blend, exact endpoint RGBA equality. No generated art drawn by code.","AB_2026-09-19_v1","S_England_1300_1450_v1","Astra Wave22","candidate only; no game installation","candidate","Native project-referenced candidate; broad terrain contour retained, X seam normalized.; New seasonal effect/decal"
"shore/shingle_b-v1","v1","shore/shingle_b-v1.png","11cadcc47ecdd96807ed599c876fb8d41acca37cb5f268c804dae84df1164e10","/Users/rexxa/Library/Application Support/orca/codex-accounts/54be5844-95fd-4c46-925c-75327ccd186a/home/generated_images/01a0e095-924c-73e0-b593-e0cef4078ae2/exec-d55fcb3d-25ec-4a7e-ba64-8d15567bb5f0.png","9aa064119dfe0277e8bc1e1b9fb316c16807ae79d1134c797a63bd533b594e96","image_gen.imagegen","not exposed by native tool","2026-09-27T02:07:39.075Z","ATTEMPT 1
Use case: stylized-concept. ROLE strip, production game terrain surface for southern England 1300–1450. Match attached project art muted olive, warm soil, painterly low-frequency broad forms. FLAT PLAN VIEW rectangular horizontal ribbon; no perspective, no isometric diamond. X-axis seamless full width, no left/right margin. Transparent PNG; top and bottom 8 px clear at final size and inner 8 px broken organic alpha transition, no white halo. Broad 12–24 px motifs at final size, no tiny grains, hairlines, photonoise or focal objects. Soft even upper-left lighting, no cast shadows, no text. Draw ribbon filling full width at requested ratio, material boundary primarily horizontal with shallow irregular lobes. IMPORTANT ignore photographic fine grain in grass reference; use only its olive color. Render extremely simple broad painterly masses, minimal detail, no fine surface stipple. Think final 512px not oversized painting. SOURCE_SIZE 512x96. Upper coastal olive land then broad flat rounded grey taupe shingle stones minimum16–24px each; lower bluegrey water fades transparent. B wider irregular shelves with staggered sparse clusters, no tiny gravel noise.","grass.png; shoreline_a-v1.png","not exposed","1","Alpha-supported Y crop; one high-quality resample to full-width strip interior; 8px clear Y margins plus inner 8px alpha fade; 24px X endpoint cross-blend, exact endpoint RGBA equality. No generated art drawn by code.","AB_2026-09-19_v1","S_England_1300_1450_v1","Astra Wave22","candidate only; no game installation","candidate","Native project-referenced candidate; broad terrain contour retained, X seam normalized.; New seasonal effect/decal"
"shore/salt_marsh_a-v1","v1","shore/salt_marsh_a-v1.png","e0785b34d8b53ba9cacdd366a7557258e7c2c162dfad51399795b561bfcab16c","/Users/rexxa/Library/Application Support/orca/codex-accounts/54be5844-95fd-4c46-925c-75327ccd186a/home/generated_images/01a0e095-924c-73e0-b593-e0cef4078ae2/exec-f7713a0d-71ef-4cdc-9bf1-1053fc7b9843.png","b5d9855f08ce5f9167d1f028da231ced70e9cf11383b137febec0d7c2fd399d8","image_gen.imagegen","not exposed by native tool","2026-09-27T02:08:24.959Z","ATTEMPT 1
Use case: stylized-concept. ROLE strip, production game terrain surface for southern England 1300–1450. Match attached project art muted olive, warm soil, painterly low-frequency broad forms. FLAT PLAN VIEW rectangular horizontal ribbon; no perspective, no isometric diamond. X-axis seamless full width, no left/right margin. Transparent PNG; top and bottom 8 px clear at final size and inner 8 px broken organic alpha transition, no white halo. Broad 12–24 px motifs at final size, no tiny grains, hairlines, photonoise or focal objects. Soft even upper-left lighting, no cast shadows, no text. Draw ribbon filling full width at requested ratio, material boundary primarily horizontal with shallow irregular lobes. IMPORTANT ignore photographic fine grain in grass reference; use only its olive color. Render extremely simple broad painterly masses, minimal detail, no fine surface stipple. Think final 512px not oversized painting. SOURCE_SIZE 512x96. Upper muted olive salt marsh turf, irregular low turf lobes over dark warm mud and broad slate-teal tidal channels along lower half fading transparent. A branching shallow broad bays, no individual reeds.","grass.png; shoreline_a-v1.png","not exposed","1","Alpha-supported Y crop; one high-quality resample to full-width strip interior; 8px clear Y margins plus inner 8px alpha fade; 24px X endpoint cross-blend, exact endpoint RGBA equality. No generated art drawn by code.","AB_2026-09-19_v1","S_England_1300_1450_v1","Astra Wave22","candidate only; no game installation","candidate","Native project-referenced candidate; broad terrain contour retained, X seam normalized.; New seasonal effect/decal"
"shore/salt_marsh_b-v1","v1","shore/salt_marsh_b-v1.png","30c6b4bf8b44fda0b8832c98434fe2e3d9c661860256b5df71a804ece4b23558","/Users/rexxa/Library/Application Support/orca/codex-accounts/54be5844-95fd-4c46-925c-75327ccd186a/home/generated_images/01a0e095-924c-73e0-b593-e0cef4078ae2/exec-31d0ffce-b598-4f22-92dd-28a59b6a6b2f.png","cd81c13dfffdb097b28a69b3ce788d6f11df410e16e5ae85c7e0f1ef40d815ac","image_gen.imagegen","not exposed by native tool","2026-09-27T02:08:53.185Z","ATTEMPT 1
Use case: stylized-concept. ROLE strip, production game terrain surface for southern England 1300–1450. Match attached project art muted olive, warm soil, painterly low-frequency broad forms. FLAT PLAN VIEW rectangular horizontal ribbon; no perspective, no isometric diamond. X-axis seamless full width, no left/right margin. Transparent PNG; top and bottom 8 px clear at final size and inner 8 px broken organic alpha transition, no white halo. Broad 12–24 px motifs at final size, no tiny grains, hairlines, photonoise or focal objects. Soft even upper-left lighting, no cast shadows, no text. Draw ribbon filling full width at requested ratio, material boundary primarily horizontal with shallow irregular lobes. IMPORTANT ignore photographic fine grain in grass reference; use only its olive color. Render extremely simple broad painterly masses, minimal detail, no fine surface stipple. Think final 512px not oversized painting. SOURCE_SIZE 512x96. Upper muted olive salt marsh turf, irregular low turf lobes over dark warm mud and broad slate-teal tidal channels lower half fading transparent. B flatter widely spaced grass platforms and longer channel, no individual reeds.","grass.png; shoreline_a-v1.png","not exposed","1","Alpha-supported Y crop; one high-quality resample to full-width strip interior; 8px clear Y margins plus inner 8px alpha fade; 24px X endpoint cross-blend, exact endpoint RGBA equality. No generated art drawn by code.","AB_2026-09-19_v1","S_England_1300_1450_v1","Astra Wave22","candidate only; no game installation","candidate","Native project-referenced candidate; broad terrain contour retained, X seam normalized.; New seasonal effect/decal"
"boundary/reed_bed_a-v1","v1","boundary/reed_bed_a-v1.png","61c7e11ff283903d0c79e7e45968bbef65b9c28ba848f3c961aa8e7c846cfa41","/Users/rexxa/Library/Application Support/orca/codex-accounts/54be5844-95fd-4c46-925c-75327ccd186a/home/generated_images/01a0e095-924c-73e0-b593-e0cef4078ae2/exec-e456f39d-35bd-4c05-8f31-ee99a8b74225.png","26e4b33d49273269b170de1382a56a25e3d677515da8f729a8da17bd2fe05534","image_gen.imagegen","not exposed by native tool","2026-09-27T02:09:38.109Z","ATTEMPT 1
Use case: stylized-concept. ROLE strip, production game terrain surface for southern England 1300–1450. Match attached project art muted olive, warm soil, painterly low-frequency broad forms. FLAT PLAN VIEW rectangular horizontal ribbon; no perspective, no isometric diamond. X-axis seamless full width, no left/right margin. Transparent PNG; top and bottom 8 px clear at final size and inner 8 px broken organic alpha transition, no white halo. Broad 12–24 px motifs at final size, no tiny grains, hairlines, photonoise or focal objects. Soft even upper-left lighting, no cast shadows, no text. Draw ribbon filling full width at requested ratio, material boundary primarily horizontal with shallow irregular lobes. IMPORTANT ignore photographic fine grain in grass reference; use only its olive color. Render extremely simple broad painterly masses, minimal detail, no fine surface stipple. Think final 512px not oversized painting. SOURCE_SIZE 512x96. A low dense ribbon of reed beds, olive and tan broad grouped reed clumps minimum18px wide with broad 8px stalk marks, no hairlines. Upper side dry grassy bank, lower side darker wet soil and sparse slate-teal water fading transparent. Vary clump heights and gaps, dominant long low reed groups. Reeds reference for tan/olive hues only. Avoid individual fine grasses: grouped solid blade-shapes.","grass.png; shoreline_a-v1.png; reeds_a-v1.png","not exposed","1","Alpha-supported Y crop; one high-quality resample to full-width strip interior; 8px clear Y margins plus inner 8px alpha fade; 24px X endpoint cross-blend, exact endpoint RGBA equality. No generated art drawn by code.","AB_2026-09-19_v1","S_England_1300_1450_v1","Astra Wave22","candidate only; no game installation","candidate","Native project-referenced candidate; broad terrain contour retained, X seam normalized.; New seasonal effect/decal"
"boundary/reed_bed_b-v1","v1","boundary/reed_bed_b-v1.png","17365aec25511431e52c1bd0f948539e7fdecafbb9ce45677976b9bcac592b4e","/Users/rexxa/Library/Application Support/orca/codex-accounts/54be5844-95fd-4c46-925c-75327ccd186a/home/generated_images/01a0e095-924c-73e0-b593-e0cef4078ae2/exec-19be4803-1db6-4685-81df-6e07ff8e7c55.png","39bc4f113f6c0aced55a4895fa802eede660885e571539992e8365c8d44202d0","image_gen.imagegen","not exposed by native tool","2026-09-27T02:10:08.739Z","ATTEMPT 1
Use case: stylized-concept. ROLE strip, production game terrain surface for southern England 1300–1450. Match attached project art muted olive, warm soil, painterly low-frequency broad forms. FLAT PLAN VIEW rectangular horizontal ribbon; no perspective, no isometric diamond. X-axis seamless full width, no left/right margin. Transparent PNG; top and bottom 8 px clear at final size and inner 8 px broken organic alpha transition, no white halo. Broad 12–24 px motifs at final size, no tiny grains, hairlines, photonoise or focal objects. Soft even upper-left lighting, no cast shadows, no text. Draw ribbon filling full width at requested ratio, material boundary primarily horizontal with shallow irregular lobes. IMPORTANT ignore photographic fine grain in grass reference; use only its olive color. Render extremely simple broad painterly masses, minimal detail, no fine surface stipple. Think final 512px not oversized painting. SOURCE_SIZE 512x96. A low dense ribbon of reed beds, olive and tan broad grouped reed clumps minimum18px wide with broad 8px stalk marks, no hairlines. Upper dry grassy bank lower wet soil sparse slate-teal water fading transparent. B staggered shorter broad groups separated by larger muddy bays, no tall evenly spaced tufts. Reeds reference for tan/olive hues only. Avoid individual fine grasses: grouped solid blade-shapes.","grass.png; shoreline_a-v1.png; reeds_a-v1.png","not exposed","1","Alpha-supported Y crop; one high-quality resample to full-width strip interior; 8px clear Y margins plus inner 8px alpha fade; 24px X endpoint cross-blend, exact endpoint RGBA equality. No generated art drawn by code.","AB_2026-09-19_v1","S_England_1300_1450_v1","Astra Wave22","candidate only; no game installation","candidate","Native project-referenced candidate; broad terrain contour retained, X seam normalized.; New seasonal effect/decal"
"props/chalk_outcrop_a-v1","v1","props/chalk_outcrop_a-v1.png","979691201311908d39b1965751e61e91c88eaf78b403c754f25b69b1938e0b80","/Users/rexxa/Library/Application Support/orca/codex-accounts/54be5844-95fd-4c46-925c-75327ccd186a/home/generated_images/01a0e095-d875-7253-bbe4-0341e5ccd0db/exec-2a1fcd4c-b0bf-4a0e-aa59-e3a68f21ac3c.png","f2720dcebdab24e07d497192d2bb8d46fbc8cf6e526ab36cc3013ef69ba9b2ec","image_gen built-in","not displayed","2026-09-27T02:00:17.247Z","ATTEMPT 1
Use case: historical-scene. ROLE decal / isolated game terrain prop. Southern England 1300–1450, hand-painted isometric city builder. Input images are PROJECT-ONLY style/palette references: grass.png ground palette, rock.png stone material, mudstone_a-v1.png small prop simplicity, forest_fringe_a-v1.png coarse foliage style. Create a single NEW requested prop, not a sheet. 2:1 isometric view, orthographic, soft upper-left light, very short contact shading only. Genuine transparent RGBA background, no checkerboard or ground tile. At final SOURCE_SIZE specified below, keep all visible art within 8px transparent margin on every side; put ground contact at bottom center just above (W/2,H-8). Paint bold simplified forms that read at 0.3 scale: meaningful shape clusters 18–24px, coarse accents 12–20px; no micro-speckle/1–4px texture or tiny individual leaves. Restrained natural reference palette, broad hand painted planes, crisp organic edges, no photographic detail, no white halo, no long shadow, no text, no frame, no watermarks, no animals, no people, no modern items. REPEAT none.
SOURCE_SIZE 128x96. Asset chalk_outcrop_a-v1. Subject: A low broad CHALK outcrop, one large sloped off-white chalk slab on left and two smaller broken lobes on right. Rough soft crumbly pale warm stone, simple broad planes, little olive turf tucked behind, no bright marble.","grass.png; rock.png; mudstone_a-v1.png; forest_fringe_a-v1.png","not exposed","1","Generated alpha preserved. Cropped transparent canvas to alpha>2 bounds (158,276)–(1294,834); single proportional downsample to 112×55; bottom-aligned on exact 128×96 RGBA canvas at (8,33), all-side 8px transparent margins. No procedural art.","AB_2026-09-19_v1","S_England_1300_1450_v1","Astra Wave22","candidate only; no game installation","candidate","Selected native candidate for requested structural silhouette, coarse readable masses and project palette.; New seasonal effect/decal"
"props/chalk_outcrop_b-v1","v1","props/chalk_outcrop_b-v1.png","b40330b4e968512753eac56dda666699bf068e8b115ae0b7924d2e969f697dae","/Users/rexxa/Library/Application Support/orca/codex-accounts/54be5844-95fd-4c46-925c-75327ccd186a/home/generated_images/01a0e095-d875-7253-bbe4-0341e5ccd0db/exec-c685ea9a-a2ef-43a6-a07c-342b915bd585.png","924a28cd4edb13df1171d2c6277d180dac7c05abd96e38615590bfc8c57e5b3d","image_gen built-in","not displayed","2026-09-27T02:01:59.848Z","ATTEMPT 1
Use case: historical-scene. ROLE decal / isolated game terrain prop. Southern England 1300–1450, hand-painted isometric city builder. Input images are PROJECT-ONLY style/palette references: grass.png ground palette, rock.png stone material, mudstone_a-v1.png small prop simplicity, forest_fringe_a-v1.png coarse foliage style. Create a single NEW requested prop, not a sheet. 2:1 isometric view, orthographic, soft upper-left light, very short contact shading only. Genuine transparent RGBA background, no checkerboard or ground tile. At final SOURCE_SIZE specified below, keep all visible art within 8px transparent margin on every side; put ground contact at bottom center just above (W/2,H-8). Paint bold simplified forms that read at 0.3 scale: meaningful shape clusters 18–24px, coarse accents 12–20px; no micro-speckle/1–4px texture or tiny individual leaves. Restrained natural reference palette, broad hand painted planes, crisp organic edges, no photographic detail, no white halo, no long shadow, no text, no frame, no watermarks, no animals, no people, no modern items. REPEAT none.
SOURCE_SIZE 128x96. Asset chalk_outcrop_b-v1. Subject: A low CHALK outcrop with a clear central split and TWO unequal pale chalk humps, wider right hump, a few large fallen chalk fragments at front. Warm creamy chalk, broad coarse planes, little muted turf. Entire silhouette distinctly bifurcated.","grass.png; rock.png; mudstone_a-v1.png; forest_fringe_a-v1.png","not exposed","1","Generated alpha preserved. Cropped transparent canvas to alpha>2 bounds (87,252)–(1371,826); single proportional downsample to 112×50; bottom-aligned on exact 128×96 RGBA canvas at (8,38), all-side 8px transparent margins. No procedural art.","AB_2026-09-19_v1","S_England_1300_1450_v1","Astra Wave22","candidate only; no game installation","candidate","Selected native candidate for requested structural silhouette, coarse readable masses and project palette.; New seasonal effect/decal"
"props/chalk_outcrop_c-v1","v1","props/chalk_outcrop_c-v1.png","61bf737df50b741c4c66df49ad0f87a9b6ef64ecc8e0e9796e00443f2eea7987","/Users/rexxa/Library/Application Support/orca/codex-accounts/54be5844-95fd-4c46-925c-75327ccd186a/home/generated_images/01a0e095-d875-7253-bbe4-0341e5ccd0db/exec-b803a71d-7f89-4b79-a803-6462ae391c9e.png","17f94d998d1684782774a1801c2b010105501b389dd4b419edbeccbe310657d1","image_gen built-in","not displayed","2026-09-27T02:02:38.772Z","ATTEMPT 1
Use case: historical-scene. ROLE decal / isolated game terrain prop. Southern England 1300–1450, hand-painted isometric city builder. Input images are PROJECT-ONLY style/palette references: grass.png ground palette, rock.png stone material, mudstone_a-v1.png small prop simplicity, forest_fringe_a-v1.png coarse foliage style. Create a single NEW requested prop, not a sheet. 2:1 isometric view, orthographic, soft upper-left light, very short contact shading only. Genuine transparent RGBA background, no checkerboard or ground tile. At final SOURCE_SIZE specified below, keep all visible art within 8px transparent margin on every side; put ground contact at bottom center just above (W/2,H-8). Paint bold simplified forms that read at 0.3 scale: meaningful shape clusters 18–24px, coarse accents 12–20px; no micro-speckle/1–4px texture or tiny individual leaves. Restrained natural reference palette, broad hand painted planes, crisp organic edges, no photographic detail, no white halo, no long shadow, no text, no frame, no watermarks, no animals, no people, no modern items. REPEAT none.
SOURCE_SIZE 128x96. Asset chalk_outcrop_c-v1. Subject: A low elongated CHALK exposed shelf tapering from a raised blunt right end to a nearly flat left end, three broad uneven terraces, warm off-white chalk with a little olive turf cap, no marble. Distinct asymmetrical wedge silhouette.","grass.png; rock.png; mudstone_a-v1.png; forest_fringe_a-v1.png","not exposed","1","Generated alpha preserved. Cropped transparent canvas to alpha>2 bounds (73,314)–(1376,799); single proportional downsample to 112×41; bottom-aligned on exact 128×96 RGBA canvas at (8,47), all-side 8px transparent margins. No procedural art.","AB_2026-09-19_v1","S_England_1300_1450_v1","Astra Wave22","candidate only; no game installation","candidate","Selected native candidate for requested structural silhouette, coarse readable masses and project palette.; New seasonal effect/decal"
"props/sheep_stone_wall_a-v1","v1","props/sheep_stone_wall_a-v1.png","667fe4bb213275cc65951f98a9a0a9055d4fc0251e8b80f8d0b9e36fb8a9f78a","/Users/rexxa/Library/Application Support/orca/codex-accounts/54be5844-95fd-4c46-925c-75327ccd186a/home/generated_images/01a0e095-d875-7253-bbe4-0341e5ccd0db/exec-951c4858-5ea1-4ad7-961c-1b0a33e534ed.png","97874bb2c665c3475ce1a2a62cc9d6919aef2e84d3e01df103f618e438f6b465","image_gen built-in","not displayed","2026-09-27T02:03:15.111Z","ATTEMPT 1
Use case: historical-scene. ROLE decal / isolated game terrain prop. Southern England 1300–1450, hand-painted isometric city builder. Input images are PROJECT-ONLY style/palette references: grass.png ground palette, rock.png stone material, mudstone_a-v1.png small prop simplicity, forest_fringe_a-v1.png coarse foliage style. Create a single NEW requested prop, not a sheet. 2:1 isometric view, orthographic, soft upper-left light, very short contact shading only. Genuine transparent RGBA background, no checkerboard or ground tile. At final SOURCE_SIZE specified below, keep all visible art within 8px transparent margin on every side; put ground contact at bottom center just above (W/2,H-8). Paint bold simplified forms that read at 0.3 scale: meaningful shape clusters 18–24px, coarse accents 12–20px; no micro-speckle/1–4px texture or tiny individual leaves. Restrained natural reference palette, broad hand painted planes, crisp organic edges, no photographic detail, no white halo, no long shadow, no text, no frame, no watermarks, no animals, no people, no modern items. REPEAT none.
SOURCE_SIZE 128x96. Asset sheep_stone_wall_a-v1. Subject: One short LOW dry stone sheep-field wall section, no sheep. Running SW to NE in isometric view, irregular broad warm grey chalk rubble stacked only three courses high, two prominent upright coping stones, broken lowered left end. Chunky silhouette and large stones.","grass.png; rock.png; mudstone_a-v1.png; forest_fringe_a-v1.png","not exposed","1","Generated alpha preserved. Cropped transparent canvas to alpha>2 bounds (67,215)–(1428,937); single proportional downsample to 112×59; bottom-aligned on exact 128×96 RGBA canvas at (8,29), all-side 8px transparent margins. No procedural art.","AB_2026-09-19_v1","S_England_1300_1450_v1","Astra Wave22","candidate only; no game installation","candidate","Selected native candidate for requested structural silhouette, coarse readable masses and project palette.; New seasonal effect/decal"
"props/sheep_stone_wall_b-v1","v1","props/sheep_stone_wall_b-v1.png","a0aa575ef0383cae0c9b2309a5d218de859bdf715eee7ac63b3295ecc5877208","/Users/rexxa/Library/Application Support/orca/codex-accounts/54be5844-95fd-4c46-925c-75327ccd186a/home/generated_images/01a0e095-d875-7253-bbe4-0341e5ccd0db/exec-45a3fd28-0d68-408a-8bdf-f580a06c4f14.png","125b0e0ffbcb51f1f9dc1b1b0a5652b2f55306cbf35445f2356567842b25a8a2","image_gen built-in","not displayed","2026-09-27T02:04:18.377Z","ATTEMPT 1
Use case: historical-scene. ROLE decal / isolated game terrain prop. Southern England 1300–1450, hand-painted isometric city builder. Input images are PROJECT-ONLY style/palette references: grass.png ground palette, rock.png stone material, mudstone_a-v1.png small prop simplicity, forest_fringe_a-v1.png coarse foliage style. Create a single NEW requested prop, not a sheet. 2:1 isometric view, orthographic, soft upper-left light, very short contact shading only. Genuine transparent RGBA background, no checkerboard or ground tile. At final SOURCE_SIZE specified below, keep all visible art within 8px transparent margin on every side; put ground contact at bottom center just above (W/2,H-8). Paint bold simplified forms that read at 0.3 scale: meaningful shape clusters 18–24px, coarse accents 12–20px; no micro-speckle/1–4px texture or tiny individual leaves. Restrained natural reference palette, broad hand painted planes, crisp organic edges, no photographic detail, no white halo, no long shadow, no text, no frame, no watermarks, no animals, no people, no modern items. REPEAT none.
SOURCE_SIZE 128x96. Asset sheep_stone_wall_b-v1. Subject: One short LOW dry stone sheep-field wall section, no sheep. An obtuse bent section with shallow dogleg: short left return and longer right run, interrupted collapsed right end with two fallen stones. Warm grey chalk irregular large rubble, only two-three courses high. Clearly different bent silhouette.","grass.png; rock.png; mudstone_a-v1.png; forest_fringe_a-v1.png","not exposed","1","Generated alpha preserved. Cropped transparent canvas to alpha>2 bounds (38,373)–(1382,903); single proportional downsample to 111×44; bottom-aligned on exact 128×96 RGBA canvas at (8,44), all-side 8px transparent margins. No procedural art.","AB_2026-09-19_v1","S_England_1300_1450_v1","Astra Wave22","candidate only; no game installation","candidate","Selected native candidate for requested structural silhouette, coarse readable masses and project palette.; New seasonal effect/decal"
"props/fern_bush_a-v1","v1","props/fern_bush_a-v1.png","843664b13d99e78b23174da08bde3cd29449e7b2c798f2fb63d6b5ae357e25b5","/Users/rexxa/Library/Application Support/orca/codex-accounts/54be5844-95fd-4c46-925c-75327ccd186a/home/generated_images/01a0e095-d875-7253-bbe4-0341e5ccd0db/exec-80b910a1-e390-45b3-bf3c-8eb6773e305b.png","fa33ce403aa4303251c303461a62aca2ae583112eedc934828efff7a67fd29d5","image_gen built-in","not displayed","2026-09-27T02:04:57.102Z","ATTEMPT 1
Use case: historical-scene. ROLE decal / isolated game terrain prop. Southern England 1300–1450, hand-painted isometric city builder. Input images are PROJECT-ONLY style/palette references: grass.png ground palette, rock.png stone material, mudstone_a-v1.png small prop simplicity, forest_fringe_a-v1.png coarse foliage style. Create a single NEW requested prop, not a sheet. 2:1 isometric view, orthographic, soft upper-left light, very short contact shading only. Genuine transparent RGBA background, no checkerboard or ground tile. At final SOURCE_SIZE specified below, keep all visible art within 8px transparent margin on every side; put ground contact at bottom center just above (W/2,H-8). Paint bold simplified forms that read at 0.3 scale: meaningful shape clusters 18–24px, coarse accents 12–20px; no micro-speckle/1–4px texture or tiny individual leaves. Restrained natural reference palette, broad hand painted planes, crisp organic edges, no photographic detail, no white halo, no long shadow, no text, no frame, no watermarks, no animals, no people, no modern items. REPEAT none.
SOURCE_SIZE 128x96. Asset fern_bush_a-v1. Subject: A squat fern bush group, THREE broad coarse arching frond fans rising from one left-heavy center, tallest mass on left and lower right fan. Olive and muted moss green, warm brown bases. Large readable lobed fern fronds, NOT grass spears.","grass.png; rock.png; mudstone_a-v1.png; forest_fringe_a-v1.png","not exposed","1","Generated alpha preserved. Cropped transparent canvas to alpha>2 bounds (115,218)–(1348,910); single proportional downsample to 112×62; bottom-aligned on exact 128×96 RGBA canvas at (8,26), all-side 8px transparent margins. No procedural art.","AB_2026-09-19_v1","S_England_1300_1450_v1","Astra Wave22","candidate only; no game installation","candidate","Selected native candidate for requested structural silhouette, coarse readable masses and project palette.; New seasonal effect/decal"
"props/fern_bush_b-v1","v1","props/fern_bush_b-v1.png","4fdd5d16957c8a8779b62ba05f7bcfd38f944107e43483739dd7469849c00823","/Users/rexxa/Library/Application Support/orca/codex-accounts/54be5844-95fd-4c46-925c-75327ccd186a/home/generated_images/01a0e095-d875-7253-bbe4-0341e5ccd0db/exec-2e4269bc-b115-473d-b600-b59361c6b76b.png","e7d7220a4c4d0e04bfe836b434bfc05418feca94a096c8640dd7cf95a237e4be","image_gen built-in","not displayed","2026-09-27T02:05:50.599Z","ATTEMPT 1
Use case: historical-scene. ROLE decal / isolated game terrain prop. Southern England 1300–1450, hand-painted isometric city builder. Input images are PROJECT-ONLY style/palette references: grass.png ground palette, rock.png stone material, mudstone_a-v1.png small prop simplicity, forest_fringe_a-v1.png coarse foliage style. Create a single NEW requested prop, not a sheet. 2:1 isometric view, orthographic, soft upper-left light, very short contact shading only. Genuine transparent RGBA background, no checkerboard or ground tile. At final SOURCE_SIZE specified below, keep all visible art within 8px transparent margin on every side; put ground contact at bottom center just above (W/2,H-8). Paint bold simplified forms that read at 0.3 scale: meaningful shape clusters 18–24px, coarse accents 12–20px; no micro-speckle/1–4px texture or tiny individual leaves. Restrained natural reference palette, broad hand painted planes, crisp organic edges, no photographic detail, no white halo, no long shadow, no text, no frame, no watermarks, no animals, no people, no modern items. REPEAT none.
SOURCE_SIZE 128x96. Asset fern_bush_b-v1. Subject: A low fern bush group with TWO separated crowns and a visible shallow gap in middle, right crown taller, left fronds spreading nearly horizontal. Broad coarse olive green fern fronds with simple large lobes, warm brown bases.","grass.png; rock.png; mudstone_a-v1.png; forest_fringe_a-v1.png","not exposed","1","Generated alpha preserved. Cropped transparent canvas to alpha>2 bounds (183,302)–(1338,841); single proportional downsample to 112×52; bottom-aligned on exact 128×96 RGBA canvas at (8,36), all-side 8px transparent margins. No procedural art.","AB_2026-09-19_v1","S_England_1300_1450_v1","Astra Wave22","candidate only; no game installation","candidate","Selected native candidate for requested structural silhouette, coarse readable masses and project palette.; New seasonal effect/decal"
"props/fern_bush_c-v1","v1","props/fern_bush_c-v1.png","7485024738cec64eedebe01b9b61d919f2f4be053968b75277a0b2fb4c30fd70","/Users/rexxa/Library/Application Support/orca/codex-accounts/54be5844-95fd-4c46-925c-75327ccd186a/home/generated_images/01a0e095-d875-7253-bbe4-0341e5ccd0db/exec-98c7adae-7e70-4132-b18a-f785ce57b580.png","2c0291c5f5bfec55fd88b10aaa6dcbd0962f995e8dce18268fc312c24f174d96","image_gen built-in","not displayed","2026-09-27T02:06:26.637Z","ATTEMPT 1
Use case: historical-scene. ROLE decal / isolated game terrain prop. Southern England 1300–1450, hand-painted isometric city builder. Input images are PROJECT-ONLY style/palette references: grass.png ground palette, rock.png stone material, mudstone_a-v1.png small prop simplicity, forest_fringe_a-v1.png coarse foliage style. Create a single NEW requested prop, not a sheet. 2:1 isometric view, orthographic, soft upper-left light, very short contact shading only. Genuine transparent RGBA background, no checkerboard or ground tile. At final SOURCE_SIZE specified below, keep all visible art within 8px transparent margin on every side; put ground contact at bottom center just above (W/2,H-8). Paint bold simplified forms that read at 0.3 scale: meaningful shape clusters 18–24px, coarse accents 12–20px; no micro-speckle/1–4px texture or tiny individual leaves. Restrained natural reference palette, broad hand painted planes, crisp organic edges, no photographic detail, no white halo, no long shadow, no text, no frame, no watermarks, no animals, no people, no modern items. REPEAT none.
SOURCE_SIZE 128x96. Asset fern_bush_c-v1. Subject: A wide low fern bush rosette, FIVE broad drooping frond fans around a low center, central front fan curls outward, nearly level crown without tall shoot. Simple chunky lobed fronds, muted olive green, warm brown base. Clearly different low radial silhouette.","grass.png; rock.png; mudstone_a-v1.png; forest_fringe_a-v1.png","not exposed","1","Generated alpha preserved. Cropped transparent canvas to alpha>2 bounds (137,390)–(1322,873); single proportional downsample to 112×45; bottom-aligned on exact 128×96 RGBA canvas at (8,43), all-side 8px transparent margins. No procedural art.","AB_2026-09-19_v1","S_England_1300_1450_v1","Astra Wave22","candidate only; no game installation","candidate","Selected native candidate for requested structural silhouette, coarse readable masses and project palette.; New seasonal effect/decal"
"props/gorse_a-v1","v1","props/gorse_a-v1.png","3e4a49502e6c3fbf6607e84d28a45e596e876b34ceebb5e8bbdf1a27255a7895","/Users/rexxa/Library/Application Support/orca/codex-accounts/54be5844-95fd-4c46-925c-75327ccd186a/home/generated_images/01a0e095-d875-7253-bbe4-0341e5ccd0db/exec-fee98359-bd0b-429b-a393-12cab1d02cdc.png","c966d03e0ae3005dc4dcc2379331b7ae67767735b7032bc79510f25eefb2cc30","image_gen built-in","not displayed","2026-09-27T02:07:16.569Z","ATTEMPT 1
Use case: historical-scene. ROLE decal / isolated game terrain prop. Southern England 1300–1450, hand-painted isometric city builder. Input images are PROJECT-ONLY style/palette references: grass.png ground palette, rock.png stone material, mudstone_a-v1.png small prop simplicity, forest_fringe_a-v1.png coarse foliage style. Create a single NEW requested prop, not a sheet. 2:1 isometric view, orthographic, soft upper-left light, very short contact shading only. Genuine transparent RGBA background, no checkerboard or ground tile. At final SOURCE_SIZE specified below, keep all visible art within 8px transparent margin on every side; put ground contact at bottom center just above (W/2,H-8). Paint bold simplified forms that read at 0.3 scale: meaningful shape clusters 18–24px, coarse accents 12–20px; no micro-speckle/1–4px texture or tiny individual leaves. Restrained natural reference palette, broad hand painted planes, crisp organic edges, no photographic detail, no white halo, no long shadow, no text, no frame, no watermarks, no animals, no people, no modern items. REPEAT none.
SOURCE_SIZE 96x64. Asset gorse_a-v1. Subject: A small low GORSE shrub mound, asymmetrical rounded dark dull olive spiky mass taller on left, 3 broad branch clusters with very sparse muted ochre yellow flower patches, about three flower patches total. Coarse thorny silhouette, not individual tiny needle noise.","grass.png; rock.png; mudstone_a-v1.png; forest_fringe_a-v1.png","not exposed","1","Generated alpha preserved. Cropped transparent canvas to alpha>2 bounds (339,315)–(1168,804); single proportional downsample to 80×47; bottom-aligned on exact 96×64 RGBA canvas at (8,9), all-side 8px transparent margins. No procedural art.","AB_2026-09-19_v1","S_England_1300_1450_v1","Astra Wave22","candidate only; no game installation","candidate","Selected native candidate for requested structural silhouette, coarse readable masses and project palette.; New seasonal effect/decal"
"props/gorse_b-v1","v1","props/gorse_b-v1.png","e08fc9018b60103361c51b1b5edf64c2801bce62a010bd0a833c65a4d9eacdaa","/Users/rexxa/Library/Application Support/orca/codex-accounts/54be5844-95fd-4c46-925c-75327ccd186a/home/generated_images/01a0e095-d875-7253-bbe4-0341e5ccd0db/exec-eaed9c73-9284-45cd-8930-32594424aa56.png","4fe2ea16bc0af45243f72d0105d576f3b3e3e0360564d22d57bd4c102a12a74b","image_gen built-in","not displayed","2026-09-27T02:07:41.596Z","ATTEMPT 1
Use case: historical-scene. ROLE decal / isolated game terrain prop. Southern England 1300–1450, hand-painted isometric city builder. Input images are PROJECT-ONLY style/palette references: grass.png ground palette, rock.png stone material, mudstone_a-v1.png small prop simplicity, forest_fringe_a-v1.png coarse foliage style. Create a single NEW requested prop, not a sheet. 2:1 isometric view, orthographic, soft upper-left light, very short contact shading only. Genuine transparent RGBA background, no checkerboard or ground tile. At final SOURCE_SIZE specified below, keep all visible art within 8px transparent margin on every side; put ground contact at bottom center just above (W/2,H-8). Paint bold simplified forms that read at 0.3 scale: meaningful shape clusters 18–24px, coarse accents 12–20px; no micro-speckle/1–4px texture or tiny individual leaves. Restrained natural reference palette, broad hand painted planes, crisp organic edges, no photographic detail, no white halo, no long shadow, no text, no frame, no watermarks, no animals, no people, no modern items. REPEAT none.
SOURCE_SIZE 96x64. Asset gorse_b-v1. Subject: A small low GORSE shrub consisting of TWO unequal spiky mounds joined by a low woody saddle, taller right crown and a spreading left branch. Dark dull olive green, very sparse dusty ochre yellow flower patches, about two flower patches. Distinct twin-lobed silhouette, no bright yellow carpet.","grass.png; rock.png; mudstone_a-v1.png; forest_fringe_a-v1.png","not exposed","1","Generated alpha preserved. Cropped transparent canvas to alpha>2 bounds (318,345)–(1228,870); single proportional downsample to 80×46; bottom-aligned on exact 96×64 RGBA canvas at (8,10), all-side 8px transparent margins. No procedural art.","AB_2026-09-19_v1","S_England_1300_1450_v1","Astra Wave22","candidate only; no game installation","candidate","Selected native candidate for requested structural silhouette, coarse readable masses and project palette.; New seasonal effect/decal"
"props/reed_clump_a-v1","v1","props/reed_clump_a-v1.png","68e6b21f59917cff4f429b588a5464f29aa393649eb681e0c07e199804558cbf","/Users/rexxa/Library/Application Support/orca/codex-accounts/54be5844-95fd-4c46-925c-75327ccd186a/home/generated_images/01a0e096-42f8-7400-ac95-e891f5dbd17a/exec-f7127978-f7bc-4474-8afd-cfbdc3cc32b6.png","761c227b3415460ddb834f68321c48cada734520d19c6d7ca3678f37f256385e","Native image_gen; JS Canvas/PNG mechanical normalization","not displayed","2026-09-27T02:00:49.545Z","ATTEMPT 1
ROLE: decal, nonrepeating transparent game sprite. Use case historical-scene. New project asset reed_clump_a-v1. Southern England 1300-1450 hand-painted isometric city-builder. Reference image 1 is project palette/brushwork guide, not an edit target. A single bold fen reed clump, compact left-leaning fan with 5 broad olive leaves and three big tawny blunt seed plumes; strongly connected silhouette. Camera 2:1 isometric from above, no perspective. Target canvas 96x96 pixels; design only large simple masses readable when reduced to 0.3 scale. Main shapes 18-24 target pixels, no granular texture or 1-4px micro-noise. Center object horizontally, ground contact at bottom center with 8 target-pixel fully transparent margin on every side. Genuine transparent RGBA background, no background or tile base. Soft upper-left daylight and only tiny contact shadow. Muted olive, tawny brown and earthy grey project palette. Simplified broad painterly brushwork same as reference. No text, grid, watermark, white halo, blur, long cast shadows. Only one isolated asset, no sheet.","reeds_a-v1.png","not exposed","1","Alpha bounding-box crop (172,86,963,1045); one high-quality downsample into 96x96 at (11,8,74,80); bottom-center pivot 48,88; enforce 8px transparent margin; 2px transparent RGB bleed. No procedural art or recolor.","AB_2026-09-19_v1","S_England_1300_1450_v1","Astra Wave22","candidate only; no game installation","candidate","One native candidate; large distinctive subject silhouette and restrained project palette; final scale reviewed in contact sheet.; New seasonal effect/decal"
"props/reed_clump_b-v1","v1","props/reed_clump_b-v1.png","6016aaff2ad82b0ad050c0e4289050fa028ca736cc29513aa9fc2b3fdb9be79f","/Users/rexxa/Library/Application Support/orca/codex-accounts/54be5844-95fd-4c46-925c-75327ccd186a/home/generated_images/01a0e096-42f8-7400-ac95-e891f5dbd17a/exec-ea056fa5-b969-46d8-a1f5-ae5523efc7fb.png","2658b346e04248fb66c902a46ee03ae664dec813657457550bfbeeaa51496ee5","Native image_gen; JS Canvas/PNG mechanical normalization","not displayed","2026-09-27T02:02:10.666Z","ATTEMPT 1
ROLE: decal, nonrepeating transparent game sprite. Use case historical-scene. New project asset reed_clump_b-v1. Southern England 1300-1450 hand-painted isometric city-builder. Reference image 1 is project palette/brushwork guide, not an edit target. A single bold fen reed clump, wider V silhouette, four stout upright broad leaves and two tall dark straw plumes on the right, open low center, visibly different from left-leaning fan. Camera 2:1 isometric from above, no perspective. Target canvas 96x96 pixels; design only large simple masses readable when reduced to 0.3 scale. Main shapes 18-24 target pixels, no granular texture or 1-4px micro-noise. Center object horizontally, ground contact at bottom center with 8 target-pixel fully transparent margin on every side. Genuine transparent RGBA background, no background or tile base. Soft upper-left daylight and only tiny contact shadow. Muted olive, tawny brown and earthy grey project palette. Simplified broad painterly brushwork same as reference. No text, grid, watermark, white halo, blur, long cast shadows. Only one isolated asset, no sheet.","reeds_b-v1.png","not exposed","1","Alpha bounding-box crop (91,301,1093,720); one high-quality downsample into 96x96 at (8,35,80,53); bottom-center pivot 48,88; enforce 8px transparent margin; 2px transparent RGB bleed. No procedural art or recolor.","AB_2026-09-19_v1","S_England_1300_1450_v1","Astra Wave22","candidate only; no game installation","candidate","One native candidate; large distinctive subject silhouette and restrained project palette; final scale reviewed in contact sheet.; New seasonal effect/decal"
"props/reed_clump_c-v1","v1","props/reed_clump_c-v1.png","fe5ca3e48d0dd1003e6f107a5b804a78c787700612a886f428027c6160728724","/Users/rexxa/Library/Application Support/orca/codex-accounts/54be5844-95fd-4c46-925c-75327ccd186a/home/generated_images/01a0e096-42f8-7400-ac95-e891f5dbd17a/exec-c6734589-1433-43db-8987-9f87e10220f1.png","9717df7a25977bc9db098eea13682df87e573cb0ca66a9a20e0dc33a5acf99b3","Native image_gen; JS Canvas/PNG mechanical normalization","not displayed","2026-09-27T02:03:11.779Z","ATTEMPT 1
ROLE: decal, nonrepeating transparent game sprite. Use case historical-scene. New project asset reed_clump_c-v1. Southern England 1300-1450 hand-painted isometric city-builder. Reference image 1 is project palette/brushwork guide, not an edit target. A single bold fen reed clump, low arched spread of six broad olive leaves, one taller central tawny seed plume flanked by two short plumes, broad triangular silhouette. Camera 2:1 isometric from above, no perspective. Target canvas 96x96 pixels; design only large simple masses readable when reduced to 0.3 scale. Main shapes 18-24 target pixels, no granular texture or 1-4px micro-noise. Center object horizontally, ground contact at bottom center with 8 target-pixel fully transparent margin on every side. Genuine transparent RGBA background, no background or tile base. Soft upper-left daylight and only tiny contact shadow. Muted olive, tawny brown and earthy grey project palette. Simplified broad painterly brushwork same as reference. No text, grid, watermark, white halo, blur, long cast shadows. Only one isolated asset, no sheet.","reeds_c-v1.png","not exposed","1","Alpha bounding-box crop (269,92,739,1040); one high-quality downsample into 96x96 at (20,8,57,80); bottom-center pivot 48,88; enforce 8px transparent margin; 2px transparent RGB bleed. No procedural art or recolor.","AB_2026-09-19_v1","S_England_1300_1450_v1","Astra Wave22","candidate only; no game installation","candidate","One native candidate; large distinctive subject silhouette and restrained project palette; final scale reviewed in contact sheet.; New seasonal effect/decal"
"props/fen_puddle_a-v1","v1","props/fen_puddle_a-v1.png","a76fcaaac669944ee3470f8a4e1fa2b9f114e1899cefab67461e64cbbd64c10c","/Users/rexxa/Library/Application Support/orca/codex-accounts/54be5844-95fd-4c46-925c-75327ccd186a/home/generated_images/01a0e096-42f8-7400-ac95-e891f5dbd17a/exec-9695c777-56dc-4ff4-a8a1-b9f698db56aa.png","8144dad2d65f6e6e627be0658d4e55536a0fa841ca9ecf33cdf05002203dc09b","Native image_gen; JS Canvas/PNG mechanical normalization","not displayed","2026-09-27T02:03:37.942Z","ATTEMPT 1
ROLE: decal, nonrepeating transparent game sprite. Use case historical-scene. New project asset fen_puddle_a-v1. Southern England 1300-1450 hand-painted isometric city-builder. Reference image 1 is project palette/brushwork guide, not an edit target. One low flat irregular kidney-shaped muddy fen puddle with continuous dull grey olive water and thick soft mud lip, small single grass tuft at back. No turquoise, no reflective sky. Camera 2:1 isometric from above, no perspective. Target canvas 128x64 pixels; design only large simple masses readable when reduced to 0.3 scale. Main shapes 18-24 target pixels, no granular texture or 1-4px micro-noise. Center object horizontally, ground contact at bottom center with 8 target-pixel fully transparent margin on every side. Genuine transparent RGBA background, no background or tile base. Soft upper-left daylight and only tiny contact shadow. Muted olive, tawny brown and earthy grey project palette. Simplified broad painterly brushwork same as reference. No text, grid, watermark, white halo, blur, long cast shadows. Only one isolated asset, no sheet.","mudstone_a-v1.png","not exposed","1","Alpha bounding-box crop (393,270,988,386); one high-quality downsample into 128x64 at (8,12,112,44); bottom-center pivot 64,56; enforce 8px transparent margin; 2px transparent RGB bleed. No procedural art or recolor.","AB_2026-09-19_v1","S_England_1300_1450_v1","Astra Wave22","candidate only; no game installation","candidate","One native candidate; large distinctive subject silhouette and restrained project palette; final scale reviewed in contact sheet.; New seasonal effect/decal"
"props/fen_puddle_b-v1","v1","props/fen_puddle_b-v1.png","3154bdee9b7bfa1e0dcf8a34efc832d35ca22439327635b39622c64f3b4e3f41","/Users/rexxa/Library/Application Support/orca/codex-accounts/54be5844-95fd-4c46-925c-75327ccd186a/home/generated_images/01a0e096-42f8-7400-ac95-e891f5dbd17a/exec-0a79b9e7-9aef-488d-8486-a1cc52b21cd6.png","2b32ef5f3c3537116bc25c54c4f18ff8dee06e315cbbbc94b4ecb37ff8c62da9","Native image_gen; JS Canvas/PNG mechanical normalization","not displayed","2026-09-27T02:04:05.187Z","ATTEMPT 1
ROLE: decal, nonrepeating transparent game sprite. Use case historical-scene. New project asset fen_puddle_b-v1. Southern England 1300-1450 hand-painted isometric city-builder. Reference image 1 is project palette/brushwork guide, not an edit target. One low flat two-lobed shallow fen puddle, unequal lobes connected by narrow neck, muddy olive-grey quiet water, broad dark wet earth lip, sparse short reed leaf at right. Camera 2:1 isometric from above, no perspective. Target canvas 128x64 pixels; design only large simple masses readable when reduced to 0.3 scale. Main shapes 18-24 target pixels, no granular texture or 1-4px micro-noise. Center object horizontally, ground contact at bottom center with 8 target-pixel fully transparent margin on every side. Genuine transparent RGBA background, no background or tile base. Soft upper-left daylight and only tiny contact shadow. Muted olive, tawny brown and earthy grey project palette. Simplified broad painterly brushwork same as reference. No text, grid, watermark, white halo, blur, long cast shadows. Only one isolated asset, no sheet.","mudstone_b-v1.png","not exposed","1","Alpha bounding-box crop (397,341,1030,318); one high-quality downsample into 128x64 at (8,21,112,35); bottom-center pivot 64,56; enforce 8px transparent margin; 2px transparent RGB bleed. No procedural art or recolor.","AB_2026-09-19_v1","S_England_1300_1450_v1","Astra Wave22","candidate only; no game installation","candidate","One native candidate; large distinctive subject silhouette and restrained project palette; final scale reviewed in contact sheet.; New seasonal effect/decal"
"props/driftwood_a-v1","v1","props/driftwood_a-v1.png","45e19776c878acd51f9139454c837a55651298e74024da8c17aa363a2b972601","/Users/rexxa/Library/Application Support/orca/codex-accounts/54be5844-95fd-4c46-925c-75327ccd186a/home/generated_images/01a0e096-42f8-7400-ac95-e891f5dbd17a/exec-8fcd229d-29dd-4987-90db-c5f690c9f5cc.png","87b3f738d5cc23276dbf0e23980b002ac80a6ad71ab9603d2add61fcc5b5d8a8","Native image_gen; JS Canvas/PNG mechanical normalization","not displayed","2026-09-27T02:04:34.961Z","ATTEMPT 1
ROLE: decal, nonrepeating transparent game sprite. Use case historical-scene. New project asset driftwood_a-v1. Southern England 1300-1450 hand-painted isometric city-builder. Reference image 1 is project palette/brushwork guide, not an edit target. One chunky long weathered driftwood trunk lying diagonally left-back to right-front, blunt split end, one hooked branch stub, irregular bleached warm grey brown surfaces. No leaves. Camera 2:1 isometric from above, no perspective. Target canvas 128x64 pixels; design only large simple masses readable when reduced to 0.3 scale. Main shapes 18-24 target pixels, no granular texture or 1-4px micro-noise. Center object horizontally, ground contact at bottom center with 8 target-pixel fully transparent margin on every side. Genuine transparent RGBA background, no background or tile base. Soft upper-left daylight and only tiny contact shadow. Muted olive, tawny brown and earthy grey project palette. Simplified broad painterly brushwork same as reference. No text, grid, watermark, white halo, blur, long cast shadows. Only one isolated asset, no sheet.","forest_floor.png","not exposed","1","Alpha bounding-box crop (313,173,1165,553); one high-quality downsample into 128x64 at (14,8,101,48); bottom-center pivot 64,56; enforce 8px transparent margin; 2px transparent RGB bleed. No procedural art or recolor.","AB_2026-09-19_v1","S_England_1300_1450_v1","Astra Wave22","candidate only; no game installation","candidate","One native candidate; large distinctive subject silhouette and restrained project palette; final scale reviewed in contact sheet.; New seasonal effect/decal"
"props/driftwood_b-v1","v1","props/driftwood_b-v1.png","2f20870a21dd13f028c4e04a2930717ad5d317688bed57212be56be440bb6d0e","/Users/rexxa/Library/Application Support/orca/codex-accounts/54be5844-95fd-4c46-925c-75327ccd186a/home/generated_images/01a0e096-42f8-7400-ac95-e891f5dbd17a/exec-f821b008-0d1b-4f81-b5b0-a783cc82c63d.png","81629fd2fa83496547799179486579a6b40a3261af608ae870edf7b2bd6f1c2b","Native image_gen; JS Canvas/PNG mechanical normalization","not displayed","2026-09-27T02:04:59.155Z","ATTEMPT 1
ROLE: decal, nonrepeating transparent game sprite. Use case historical-scene. New project asset driftwood_b-v1. Southern England 1300-1450 hand-painted isometric city-builder. Reference image 1 is project palette/brushwork guide, not an edit target. One weathered driftwood fragment with broad knotted root bulb on right and a tapering broken curved trunk toward left, two thick root prongs, asymmetric fork silhouette clearly distinct from a straight log. Camera 2:1 isometric from above, no perspective. Target canvas 128x64 pixels; design only large simple masses readable when reduced to 0.3 scale. Main shapes 18-24 target pixels, no granular texture or 1-4px micro-noise. Center object horizontally, ground contact at bottom center with 8 target-pixel fully transparent margin on every side. Genuine transparent RGBA background, no background or tile base. Soft upper-left daylight and only tiny contact shadow. Muted olive, tawny brown and earthy grey project palette. Simplified broad painterly brushwork same as reference. No text, grid, watermark, white halo, blur, long cast shadows. Only one isolated asset, no sheet.","forest_floor.png","not exposed","1","Alpha bounding-box crop (280,192,1236,501); one high-quality downsample into 128x64 at (8,11,112,45); bottom-center pivot 64,56; enforce 8px transparent margin; 2px transparent RGB bleed. No procedural art or recolor.","AB_2026-09-19_v1","S_England_1300_1450_v1","Astra Wave22","candidate only; no game installation","candidate","One native candidate; large distinctive subject silhouette and restrained project palette; final scale reviewed in contact sheet.; New seasonal effect/decal"
"props/rock_pool-v1","v1","props/rock_pool-v1.png","46a0a759dec36867478b55af556fff49aa91bc35dd4df26564bbeca2ee67884f","/Users/rexxa/Library/Application Support/orca/codex-accounts/54be5844-95fd-4c46-925c-75327ccd186a/home/generated_images/01a0e096-42f8-7400-ac95-e891f5dbd17a/exec-182632d1-d8ad-41e8-ab05-dedcadbb0446.png","68ef4bc69a3dbf8a8083e1bb4e7f42773327c438adefdd4750deaccb01099fc1","Native image_gen; JS Canvas/PNG mechanical normalization","not displayed","2026-09-27T02:05:36.133Z","ATTEMPT 1
ROLE: decal, nonrepeating transparent game sprite. Use case historical-scene. New project asset rock_pool-v1. Southern England 1300-1450 hand-painted isometric city-builder. Reference image 1 is project palette/brushwork guide, not an edit target. One low irregular coastal rock pool: five chunky muted warm grey rocks form an incomplete oval rim around a wide dull olive-grey flat water surface. Broad readable rock masses. No blue shining water. Camera 2:1 isometric from above, no perspective. Target canvas 128x64 pixels; design only large simple masses readable when reduced to 0.3 scale. Main shapes 18-24 target pixels, no granular texture or 1-4px micro-noise. Center object horizontally, ground contact at bottom center with 8 target-pixel fully transparent margin on every side. Genuine transparent RGBA background, no background or tile base. Soft upper-left daylight and only tiny contact shadow. Muted olive, tawny brown and earthy grey project palette. Simplified broad painterly brushwork same as reference. No text, grid, watermark, white halo, blur, long cast shadows. Only one isolated asset, no sheet.","rock.png","not exposed","1","Alpha bounding-box crop (347,144,1088,573); one high-quality downsample into 128x64 at (19,8,91,48); bottom-center pivot 64,56; enforce 8px transparent margin; 2px transparent RGB bleed. No procedural art or recolor.","AB_2026-09-19_v1","S_England_1300_1450_v1","Astra Wave22","candidate only; no game installation","candidate","One native candidate; large distinctive subject silhouette and restrained project palette; final scale reviewed in contact sheet.; New seasonal effect/decal"
"props/fallen_tree-v1","v1","props/fallen_tree-v1.png","f6d138c69720490c391ba6b9d793758df23725eb1dcf82be715eb588cae41db6","/Users/rexxa/Library/Application Support/orca/codex-accounts/54be5844-95fd-4c46-925c-75327ccd186a/home/generated_images/01a0e096-42f8-7400-ac95-e891f5dbd17a/exec-6c212efe-38e3-4743-9dbb-a4910878edb0.png","8186d196040ad8f74af4840705fa30b82f32758fc42008318a6c06ada6646554","Native image_gen; JS Canvas/PNG mechanical normalization","not displayed","2026-09-27T02:06:05.108Z","ATTEMPT 1
ROLE: decal, nonrepeating transparent game sprite. Use case historical-scene. New project asset fallen_tree-v1. Southern England 1300-1450 hand-painted isometric city-builder. Reference image 1 is project palette/brushwork guide, not an edit target. One short thick fallen deciduous tree trunk, dark warm brown, irregular broken end on right and thick root end on left, large quiet olive moss patch along upper bark, two short broken branch stubs. Compact low log, not whole tree. Camera 2:1 isometric from above, no perspective. Target canvas 128x64 pixels; design only large simple masses readable when reduced to 0.3 scale. Main shapes 18-24 target pixels, no granular texture or 1-4px micro-noise. Center object horizontally, ground contact at bottom center with 8 target-pixel fully transparent margin on every side. Genuine transparent RGBA background, no background or tile base. Soft upper-left daylight and only tiny contact shadow. Muted olive, tawny brown and earthy grey project palette. Simplified broad painterly brushwork same as reference. No text, grid, watermark, white halo, blur, long cast shadows. Only one isolated asset, no sheet.","forest_floor.png","not exposed","1","Alpha bounding-box crop (342,228,1060,420); one high-quality downsample into 128x64 at (8,12,112,44); bottom-center pivot 64,56; enforce 8px transparent margin; 2px transparent RGB bleed. No procedural art or recolor.","AB_2026-09-19_v1","S_England_1300_1450_v1","Astra Wave22","candidate only; no game installation","candidate","One native candidate; large distinctive subject silhouette and restrained project palette; final scale reviewed in contact sheet.; New seasonal effect/decal"
"props/mushrooms-v1","v1","props/mushrooms-v1.png","fa719e4218a201c724fa1d76568f356c2368d33a121a131c40681650bb7eebf3","/Users/rexxa/Library/Application Support/orca/codex-accounts/54be5844-95fd-4c46-925c-75327ccd186a/home/generated_images/01a0e096-42f8-7400-ac95-e891f5dbd17a/exec-3c6a4359-3464-4be3-bf72-054b0030b4a5.png","6607b57c8514d836dd1281ea0f3a338b93e42d0efc196f1b21e1522d2f0f7506","Native image_gen; JS Canvas/PNG mechanical normalization","not displayed","2026-09-27T02:06:38.997Z","ATTEMPT 1
ROLE: decal, nonrepeating transparent game sprite. Use case historical-scene. New project asset mushrooms-v1. Southern England 1300-1450 hand-painted isometric city-builder. Reference image 1 is project palette/brushwork guide, not an edit target. A tiny connected group of exactly three large simple mushrooms, one broad ochre brown cap and two smaller muted tan caps, short thick cream stems, minimal dark earth patch at feet. Unequal caps form broad readable silhouette. No red, spots or fantasy. Camera 2:1 isometric from above, no perspective. Target canvas 64x48 pixels; design only large simple masses readable when reduced to 0.3 scale. Main shapes 18-24 target pixels, no granular texture or 1-4px micro-noise. Center object horizontally, ground contact at bottom center with 8 target-pixel fully transparent margin on every side. Genuine transparent RGBA background, no background or tile base. Soft upper-left daylight and only tiny contact shadow. Muted olive, tawny brown and earthy grey project palette. Simplified broad painterly brushwork same as reference. No text, grid, watermark, white halo, blur, long cast shadows. Only one isolated asset, no sheet.","forest_floor.png","not exposed","1","Alpha bounding-box crop (365,277,719,535); one high-quality downsample into 64x48 at (11,8,43,32); bottom-center pivot 32,40; enforce 8px transparent margin; 2px transparent RGB bleed. No procedural art or recolor.","AB_2026-09-19_v1","S_England_1300_1450_v1","Astra Wave22","candidate only; no game installation","candidate","One native candidate; large distinctive subject silhouette and restrained project palette; final scale reviewed in contact sheet.; New seasonal effect/decal"
