"logical_id","file","kind","role","part","size_class","collar","crown_x","crown_y","hairline_x","hairline_y","eye_line_y","ear_x","ear_y","chin_x","chin_y","shoulder_y","source_ids","source_paths","source_sha256","full_prompt","processing_json","usage_policy","status","sha256","width","height","transparent_pixels","nonzero_alpha_pixels"
"pt_age_f_mature_a","layers/pt_age_f_mature_a.png","age","layer","base","adult","","119","40","105","70","112","150","120","98","168","208","generated-pt_age_f_mature_a","provenance/raw/generated-pt_age_f_mature_a.png","15523e951beaadec02cc61a846d9d43c3c632bd2a759b36d043b13a05448905a","Create a transparent modular AGING OVERLAY ONLY for the attached registered female portrait. Do not output a whole head, do not output eyes eyebrows nose lips hair or clothing. Output only isolated softly feathered localized skin aging patches, on actual transparent background: forehead crease shading, crow feet beside eyes, substantial under-eye bags BELOW the eyes, nasolabial shadow folds BESIDE nose/mouth, hollow cheek shading and jowl/neck folds. These patches must combine over the SAME person without replacing their eyes nose lips or face outline. Skin base neutral medium warm #B38360. Painterly realistic medieval game portrait, soft upperleft light, same left-facing threequarter pose. Square image logical256x256; preserve exact registration of reference, do NOT recenter/crop/enlarge. Crown40, frontal hairline70, eye centers y112 at x70 and96, visible ear150,120, chin98,168, shoulder208. Keep pixels outside head and facial features completely transparent. Important strong aging readable at96px, age60, clear thirty-year aging, substantial bags and deep nasolabial folds. Balanced bilateral aging, broad under-eye bag shapes. Feather patch boundaries gradually to zero alpha across 3 logicalpixels. No white/beige solid facial plate, no opaque oval mask, no text, no guide marks. One separate overlay asset pt_age_f_mature_a.","[""registered skin aging patches"",""facial-feature and outside-face exclusion mask"",""defringe radius2""]","","candidate","f09a0beaf18f3f66bff8d6e901959bf17026f96a44cdecfad2ffa0f81625fcc0","256","256","56630","8906"
"pt_age_f_mature_a","masks/pt_age_f_mature_a_skinmask.png","age","skinmask","base","adult","","119","40","105","70","112","150","120","98","168","208","generated-pt_age_f_mature_a","provenance/raw/generated-pt_age_f_mature_a.png","15523e951beaadec02cc61a846d9d43c3c632bd2a759b36d043b13a05448905a","Create a transparent modular AGING OVERLAY ONLY for the attached registered female portrait. Do not output a whole head, do not output eyes eyebrows nose lips hair or clothing. Output only isolated softly feathered localized skin aging patches, on actual transparent background: forehead crease shading, crow feet beside eyes, substantial under-eye bags BELOW the eyes, nasolabial shadow folds BESIDE nose/mouth, hollow cheek shading and jowl/neck folds. These patches must combine over the SAME person without replacing their eyes nose lips or face outline. Skin base neutral medium warm #B38360. Painterly realistic medieval game portrait, soft upperleft light, same left-facing threequarter pose. Square image logical256x256; preserve exact registration of reference, do NOT recenter/crop/enlarge. Crown40, frontal hairline70, eye centers y112 at x70 and96, visible ear150,120, chin98,168, shoulder208. Keep pixels outside head and facial features completely transparent. Important strong aging readable at96px, age60, clear thirty-year aging, substantial bags and deep nasolabial folds. Balanced bilateral aging, broad under-eye bag shapes. Feather patch boundaries gradually to zero alpha across 3 logicalpixels. No white/beige solid facial plate, no opaque oval mask, no text, no guide marks. One separate overlay asset pt_age_f_mature_a.","[""registered skin aging patches"",""facial-feature and outside-face exclusion mask"",""defringe radius2""]","","candidate","9fc3e62abf95ab4cbd6062927f02e30c79a6253eac8eabef9c1d06264339c5fe","256","256","56630","8906"
"pt_age_f_mature_b","layers/pt_age_f_mature_b.png","age","layer","base","adult","","119","40","105","70","112","150","120","98","168","208","generated-pt_age_f_mature_b","provenance/raw/generated-pt_age_f_mature_b.png","87c269a4fef94d1cd43541d113667dea37e9b6313173e8e1baa3923ffd63dc35","Create a transparent modular AGING OVERLAY ONLY for the attached registered female portrait. Do not output a whole head, do not output eyes eyebrows nose lips hair or clothing. Output only isolated softly feathered localized skin aging patches, on actual transparent background: forehead crease shading, crow feet beside eyes, substantial under-eye bags BELOW the eyes, nasolabial shadow folds BESIDE nose/mouth, hollow cheek shading and jowl/neck folds. These patches must combine over the SAME person without replacing their eyes nose lips or face outline. Skin base neutral medium warm #B38360. Painterly realistic medieval game portrait, soft upperleft light, same left-facing threequarter pose. Square image logical256x256; preserve exact registration of reference, do NOT recenter/crop/enlarge. Crown40, frontal hairline70, eye centers y112 at x70 and96, visible ear150,120, chin98,168, shoulder208. Keep pixels outside head and facial features completely transparent. Important strong aging readable at96px, age60, clear thirty-year aging, substantial bags and deep nasolabial folds. More cheek hollowing and mouth-side folds, asymmetrical natural crowfeet. Feather patch boundaries gradually to zero alpha across 3 logicalpixels. No white/beige solid facial plate, no opaque oval mask, no text, no guide marks. One separate overlay asset pt_age_f_mature_b.","[""registered skin aging patches"",""facial-feature and outside-face exclusion mask"",""defringe radius2""]","","candidate","93f2ce4c0c2dea75d51f901cdf71c9e79272f29d6100081b5464ea8e83994180","256","256","56891","8645"
"pt_age_f_mature_b","masks/pt_age_f_mature_b_skinmask.png","age","skinmask","base","adult","","119","40","105","70","112","150","120","98","168","208","generated-pt_age_f_mature_b","provenance/raw/generated-pt_age_f_mature_b.png","87c269a4fef94d1cd43541d113667dea37e9b6313173e8e1baa3923ffd63dc35","Create a transparent modular AGING OVERLAY ONLY for the attached registered female portrait. Do not output a whole head, do not output eyes eyebrows nose lips hair or clothing. Output only isolated softly feathered localized skin aging patches, on actual transparent background: forehead crease shading, crow feet beside eyes, substantial under-eye bags BELOW the eyes, nasolabial shadow folds BESIDE nose/mouth, hollow cheek shading and jowl/neck folds. These patches must combine over the SAME person without replacing their eyes nose lips or face outline. Skin base neutral medium warm #B38360. Painterly realistic medieval game portrait, soft upperleft light, same left-facing threequarter pose. Square image logical256x256; preserve exact registration of reference, do NOT recenter/crop/enlarge. Crown40, frontal hairline70, eye centers y112 at x70 and96, visible ear150,120, chin98,168, shoulder208. Keep pixels outside head and facial features completely transparent. Important strong aging readable at96px, age60, clear thirty-year aging, substantial bags and deep nasolabial folds. More cheek hollowing and mouth-side folds, asymmetrical natural crowfeet. Feather patch boundaries gradually to zero alpha across 3 logicalpixels. No white/beige solid facial plate, no opaque oval mask, no text, no guide marks. One separate overlay asset pt_age_f_mature_b.","[""registered skin aging patches"",""facial-feature and outside-face exclusion mask"",""defringe radius2""]","","candidate","c75e196610fc50bdbf6f88991689c767ec874171cb4c70c5291c48be4e977e3b","256","256","56891","8645"
"pt_age_f_old_a","layers/pt_age_f_old_a.png","age","layer","base","adult","","119","40","105","70","112","150","120","98","168","208","generated-pt_age_f_old_a","provenance/raw/generated-pt_age_f_old_a.png","9c0a98ac90a79de3601f08ddd17eb80cbffc875fc27f5bf335b71d0cfc1a163e","Create a transparent modular AGING OVERLAY ONLY for the attached registered female portrait. Do not output a whole head, do not output eyes eyebrows nose lips hair or clothing. Output only isolated softly feathered localized skin aging patches, on actual transparent background: forehead crease shading, crow feet beside eyes, substantial under-eye bags BELOW the eyes, nasolabial shadow folds BESIDE nose/mouth, hollow cheek shading and jowl/neck folds. These patches must combine over the SAME person without replacing their eyes nose lips or face outline. Skin base neutral medium warm #B38360. Painterly realistic medieval game portrait, soft upperleft light, same left-facing threequarter pose. Square image logical256x256; preserve exact registration of reference, do NOT recenter/crop/enlarge. Crown40, frontal hairline70, eye centers y112 at x70 and96, visible ear150,120, chin98,168, shoulder208. Keep pixels outside head and facial features completely transparent. Important strong aging readable at96px, age75, deep sagging bags hollow cheeks pronounced jowls and deeply creased skin. Balanced bilateral aging, broad under-eye bag shapes. Feather patch boundaries gradually to zero alpha across 3 logicalpixels. No white/beige solid facial plate, no opaque oval mask, no text, no guide marks. One separate overlay asset pt_age_f_old_a.","[""registered skin aging patches"",""facial-feature and outside-face exclusion mask"",""defringe radius2""]","","candidate","67fefd58b02b95b413f3b17488dfd51777bd62962fe11b4771f61f0059f0551b","256","256","56482","9054"
"pt_age_f_old_a","masks/pt_age_f_old_a_skinmask.png","age","skinmask","base","adult","","119","40","105","70","112","150","120","98","168","208","generated-pt_age_f_old_a","provenance/raw/generated-pt_age_f_old_a.png","9c0a98ac90a79de3601f08ddd17eb80cbffc875fc27f5bf335b71d0cfc1a163e","Create a transparent modular AGING OVERLAY ONLY for the attached registered female portrait. Do not output a whole head, do not output eyes eyebrows nose lips hair or clothing. Output only isolated softly feathered localized skin aging patches, on actual transparent background: forehead crease shading, crow feet beside eyes, substantial under-eye bags BELOW the eyes, nasolabial shadow folds BESIDE nose/mouth, hollow cheek shading and jowl/neck folds. These patches must combine over the SAME person without replacing their eyes nose lips or face outline. Skin base neutral medium warm #B38360. Painterly realistic medieval game portrait, soft upperleft light, same left-facing threequarter pose. Square image logical256x256; preserve exact registration of reference, do NOT recenter/crop/enlarge. Crown40, frontal hairline70, eye centers y112 at x70 and96, visible ear150,120, chin98,168, shoulder208. Keep pixels outside head and facial features completely transparent. Important strong aging readable at96px, age75, deep sagging bags hollow cheeks pronounced jowls and deeply creased skin. Balanced bilateral aging, broad under-eye bag shapes. Feather patch boundaries gradually to zero alpha across 3 logicalpixels. No white/beige solid facial plate, no opaque oval mask, no text, no guide marks. One separate overlay asset pt_age_f_old_a.","[""registered skin aging patches"",""facial-feature and outside-face exclusion mask"",""defringe radius2""]","","candidate","67e911b48670a591d7279572393306daeef10fcaf376e070f9e863c385446d5a","256","256","56482","9054"
"pt_age_f_old_b","layers/pt_age_f_old_b.png","age","layer","base","adult","","119","40","105","70","112","150","120","98","168","208","generated-pt_age_f_old_b","provenance/raw/generated-pt_age_f_old_b.png","a362d9a1bdd4247f42f217169076bc08e889b03747e3d5d6e73c3e3d0b3022c0","Create a transparent modular AGING OVERLAY ONLY for the attached registered female portrait. Do not output a whole head, do not output eyes eyebrows nose lips hair or clothing. Output only isolated softly feathered localized skin aging patches, on actual transparent background: forehead crease shading, crow feet beside eyes, substantial under-eye bags BELOW the eyes, nasolabial shadow folds BESIDE nose/mouth, hollow cheek shading and jowl/neck folds. These patches must combine over the SAME person without replacing their eyes nose lips or face outline. Skin base neutral medium warm #B38360. Painterly realistic medieval game portrait, soft upperleft light, same left-facing threequarter pose. Square image logical256x256; preserve exact registration of reference, do NOT recenter/crop/enlarge. Crown40, frontal hairline70, eye centers y112 at x70 and96, visible ear150,120, chin98,168, shoulder208. Keep pixels outside head and facial features completely transparent. Important strong aging readable at96px, age75, deep sagging bags hollow cheeks pronounced jowls and deeply creased skin. More cheek hollowing and mouth-side folds, asymmetrical natural crowfeet. Feather patch boundaries gradually to zero alpha across 3 logicalpixels. No white/beige solid facial plate, no opaque oval mask, no text, no guide marks. One separate overlay asset pt_age_f_old_b.","[""registered skin aging patches"",""facial-feature and outside-face exclusion mask"",""defringe radius2""]","","candidate","c77b48a9216741a4c49d513ba09510ad922634a9da5c461bdb538eb5d6f0fd63","256","256","56429","9107"
"pt_age_f_old_b","masks/pt_age_f_old_b_skinmask.png","age","skinmask","base","adult","","119","40","105","70","112","150","120","98","168","208","generated-pt_age_f_old_b","provenance/raw/generated-pt_age_f_old_b.png","a362d9a1bdd4247f42f217169076bc08e889b03747e3d5d6e73c3e3d0b3022c0","Create a transparent modular AGING OVERLAY ONLY for the attached registered female portrait. Do not output a whole head, do not output eyes eyebrows nose lips hair or clothing. Output only isolated softly feathered localized skin aging patches, on actual transparent background: forehead crease shading, crow feet beside eyes, substantial under-eye bags BELOW the eyes, nasolabial shadow folds BESIDE nose/mouth, hollow cheek shading and jowl/neck folds. These patches must combine over the SAME person without replacing their eyes nose lips or face outline. Skin base neutral medium warm #B38360. Painterly realistic medieval game portrait, soft upperleft light, same left-facing threequarter pose. Square image logical256x256; preserve exact registration of reference, do NOT recenter/crop/enlarge. Crown40, frontal hairline70, eye centers y112 at x70 and96, visible ear150,120, chin98,168, shoulder208. Keep pixels outside head and facial features completely transparent. Important strong aging readable at96px, age75, deep sagging bags hollow cheeks pronounced jowls and deeply creased skin. More cheek hollowing and mouth-side folds, asymmetrical natural crowfeet. Feather patch boundaries gradually to zero alpha across 3 logicalpixels. No white/beige solid facial plate, no opaque oval mask, no text, no guide marks. One separate overlay asset pt_age_f_old_b.","[""registered skin aging patches"",""facial-feature and outside-face exclusion mask"",""defringe radius2""]","","candidate","7a889b27406c4977f86ce088edb72b1fb5f95a981863dd08e4ff7f6114a0ab94","256","256","56429","9107"
"pt_age_m_mature_a","layers/pt_age_m_mature_a.png","age","layer","base","adult","","119","40","105","70","112","150","120","98","168","208","generated-pt_age_m_mature_a","provenance/raw/generated-pt_age_m_mature_a.png","832076317d6eb8096fb809622da9ec4a404d0b62a512a55c9ef33dc1bd9580ae","Create a transparent modular AGING OVERLAY ONLY for the attached registered male portrait. Do not output a whole head, do not output eyes eyebrows nose lips hair or clothing. Output only isolated softly feathered localized skin aging patches, on actual transparent background: forehead crease shading, crow feet beside eyes, substantial under-eye bags BELOW the eyes, nasolabial shadow folds BESIDE nose/mouth, hollow cheek shading and jowl/neck folds. These patches must combine over the SAME person without replacing their eyes nose lips or face outline. Skin base neutral medium warm #B38360. Painterly realistic medieval game portrait, soft upperleft light, same left-facing threequarter pose. Square image logical256x256; preserve exact registration of reference, do NOT recenter/crop/enlarge. Crown40, frontal hairline70, eye centers y112 at x70 and96, visible ear150,120, chin98,168, shoulder208. Keep pixels outside head and facial features completely transparent. Important strong aging readable at96px, age60, clear thirty-year aging, substantial bags and deep nasolabial folds. Balanced bilateral aging, broad under-eye bag shapes. Feather patch boundaries gradually to zero alpha across 3 logicalpixels. No white/beige solid facial plate, no opaque oval mask, no text, no guide marks. One separate overlay asset pt_age_m_mature_a.","[""registered skin aging patches"",""facial-feature and outside-face exclusion mask"",""defringe radius2""]","","candidate","d1cf44fb91db22de0709b7a540900a6b41e93a101d4bd52474b71cbabd82e41c","256","256","56195","9341"
"pt_age_m_mature_a","masks/pt_age_m_mature_a_skinmask.png","age","skinmask","base","adult","","119","40","105","70","112","150","120","98","168","208","generated-pt_age_m_mature_a","provenance/raw/generated-pt_age_m_mature_a.png","832076317d6eb8096fb809622da9ec4a404d0b62a512a55c9ef33dc1bd9580ae","Create a transparent modular AGING OVERLAY ONLY for the attached registered male portrait. Do not output a whole head, do not output eyes eyebrows nose lips hair or clothing. Output only isolated softly feathered localized skin aging patches, on actual transparent background: forehead crease shading, crow feet beside eyes, substantial under-eye bags BELOW the eyes, nasolabial shadow folds BESIDE nose/mouth, hollow cheek shading and jowl/neck folds. These patches must combine over the SAME person without replacing their eyes nose lips or face outline. Skin base neutral medium warm #B38360. Painterly realistic medieval game portrait, soft upperleft light, same left-facing threequarter pose. Square image logical256x256; preserve exact registration of reference, do NOT recenter/crop/enlarge. Crown40, frontal hairline70, eye centers y112 at x70 and96, visible ear150,120, chin98,168, shoulder208. Keep pixels outside head and facial features completely transparent. Important strong aging readable at96px, age60, clear thirty-year aging, substantial bags and deep nasolabial folds. Balanced bilateral aging, broad under-eye bag shapes. Feather patch boundaries gradually to zero alpha across 3 logicalpixels. No white/beige solid facial plate, no opaque oval mask, no text, no guide marks. One separate overlay asset pt_age_m_mature_a.","[""registered skin aging patches"",""facial-feature and outside-face exclusion mask"",""defringe radius2""]","","candidate","60a15c49a6aef674131cb9f99147f31e9955a0ff21804088d00ae96e55592fb4","256","256","56195","9341"
"pt_age_m_mature_b","layers/pt_age_m_mature_b.png","age","layer","base","adult","","119","40","105","70","112","150","120","98","168","208","generated-pt_age_m_mature_b","provenance/raw/generated-pt_age_m_mature_b.png","5cef3c7c137381818777c603b03370aa1d3d77942925ea52bda1f1924e79eb85","Create a transparent modular AGING OVERLAY ONLY for the attached registered male portrait. Do not output a whole head, do not output eyes eyebrows nose lips hair or clothing. Output only isolated softly feathered localized skin aging patches, on actual transparent background: forehead crease shading, crow feet beside eyes, substantial under-eye bags BELOW the eyes, nasolabial shadow folds BESIDE nose/mouth, hollow cheek shading and jowl/neck folds. These patches must combine over the SAME person without replacing their eyes nose lips or face outline. Skin base neutral medium warm #B38360. Painterly realistic medieval game portrait, soft upperleft light, same left-facing threequarter pose. Square image logical256x256; preserve exact registration of reference, do NOT recenter/crop/enlarge. Crown40, frontal hairline70, eye centers y112 at x70 and96, visible ear150,120, chin98,168, shoulder208. Keep pixels outside head and facial features completely transparent. Important strong aging readable at96px, age60, clear thirty-year aging, substantial bags and deep nasolabial folds. More cheek hollowing and mouth-side folds, asymmetrical natural crowfeet. Feather patch boundaries gradually to zero alpha across 3 logicalpixels. No white/beige solid facial plate, no opaque oval mask, no text, no guide marks. One separate overlay asset pt_age_m_mature_b.","[""registered skin aging patches"",""facial-feature and outside-face exclusion mask"",""defringe radius2""]","","candidate","eb59cad05d636288b9e77fbce97b0b8c499008553e7530795025b4640e9af7d5","256","256","57366","8170"
"pt_age_m_mature_b","masks/pt_age_m_mature_b_skinmask.png","age","skinmask","base","adult","","119","40","105","70","112","150","120","98","168","208","generated-pt_age_m_mature_b","provenance/raw/generated-pt_age_m_mature_b.png","5cef3c7c137381818777c603b03370aa1d3d77942925ea52bda1f1924e79eb85","Create a transparent modular AGING OVERLAY ONLY for the attached registered male portrait. Do not output a whole head, do not output eyes eyebrows nose lips hair or clothing. Output only isolated softly feathered localized skin aging patches, on actual transparent background: forehead crease shading, crow feet beside eyes, substantial under-eye bags BELOW the eyes, nasolabial shadow folds BESIDE nose/mouth, hollow cheek shading and jowl/neck folds. These patches must combine over the SAME person without replacing their eyes nose lips or face outline. Skin base neutral medium warm #B38360. Painterly realistic medieval game portrait, soft upperleft light, same left-facing threequarter pose. Square image logical256x256; preserve exact registration of reference, do NOT recenter/crop/enlarge. Crown40, frontal hairline70, eye centers y112 at x70 and96, visible ear150,120, chin98,168, shoulder208. Keep pixels outside head and facial features completely transparent. Important strong aging readable at96px, age60, clear thirty-year aging, substantial bags and deep nasolabial folds. More cheek hollowing and mouth-side folds, asymmetrical natural crowfeet. Feather patch boundaries gradually to zero alpha across 3 logicalpixels. No white/beige solid facial plate, no opaque oval mask, no text, no guide marks. One separate overlay asset pt_age_m_mature_b.","[""registered skin aging patches"",""facial-feature and outside-face exclusion mask"",""defringe radius2""]","","candidate","53bbd0ea19ea1e6356cfea32f5df68a947ea05d7555d289588ca9b8736d1a8de","256","256","57366","8170"
"pt_age_m_old_a","layers/pt_age_m_old_a.png","age","layer","base","adult","","119","40","105","70","112","150","120","98","168","208","generated-pt_age_m_old_a","provenance/raw/generated-pt_age_m_old_a.png","7f019fbe414e353756997a96194ce95a8d90af69e418c92385714f7dc0833ad5","Create a transparent modular AGING OVERLAY ONLY for the attached registered male portrait. Do not output a whole head, do not output eyes eyebrows nose lips hair or clothing. Output only isolated softly feathered localized skin aging patches, on actual transparent background: forehead crease shading, crow feet beside eyes, substantial under-eye bags BELOW the eyes, nasolabial shadow folds BESIDE nose/mouth, hollow cheek shading and jowl/neck folds. These patches must combine over the SAME person without replacing their eyes nose lips or face outline. Skin base neutral medium warm #B38360. Painterly realistic medieval game portrait, soft upperleft light, same left-facing threequarter pose. Square image logical256x256; preserve exact registration of reference, do NOT recenter/crop/enlarge. Crown40, frontal hairline70, eye centers y112 at x70 and96, visible ear150,120, chin98,168, shoulder208. Keep pixels outside head and facial features completely transparent. Important strong aging readable at96px, age75, deep sagging bags hollow cheeks pronounced jowls and deeply creased skin. Balanced bilateral aging, broad under-eye bag shapes. Feather patch boundaries gradually to zero alpha across 3 logicalpixels. No white/beige solid facial plate, no opaque oval mask, no text, no guide marks. One separate overlay asset pt_age_m_old_a.","[""registered skin aging patches"",""facial-feature and outside-face exclusion mask"",""defringe radius2""]","","candidate","f294d768e51faec1990377d32c8ce26c879b700125582a9eb49487c734e29a6b","256","256","56950","8586"
"pt_age_m_old_a","masks/pt_age_m_old_a_skinmask.png","age","skinmask","base","adult","","119","40","105","70","112","150","120","98","168","208","generated-pt_age_m_old_a","provenance/raw/generated-pt_age_m_old_a.png","7f019fbe414e353756997a96194ce95a8d90af69e418c92385714f7dc0833ad5","Create a transparent modular AGING OVERLAY ONLY for the attached registered male portrait. Do not output a whole head, do not output eyes eyebrows nose lips hair or clothing. Output only isolated softly feathered localized skin aging patches, on actual transparent background: forehead crease shading, crow feet beside eyes, substantial under-eye bags BELOW the eyes, nasolabial shadow folds BESIDE nose/mouth, hollow cheek shading and jowl/neck folds. These patches must combine over the SAME person without replacing their eyes nose lips or face outline. Skin base neutral medium warm #B38360. Painterly realistic medieval game portrait, soft upperleft light, same left-facing threequarter pose. Square image logical256x256; preserve exact registration of reference, do NOT recenter/crop/enlarge. Crown40, frontal hairline70, eye centers y112 at x70 and96, visible ear150,120, chin98,168, shoulder208. Keep pixels outside head and facial features completely transparent. Important strong aging readable at96px, age75, deep sagging bags hollow cheeks pronounced jowls and deeply creased skin. Balanced bilateral aging, broad under-eye bag shapes. Feather patch boundaries gradually to zero alpha across 3 logicalpixels. No white/beige solid facial plate, no opaque oval mask, no text, no guide marks. One separate overlay asset pt_age_m_old_a.","[""registered skin aging patches"",""facial-feature and outside-face exclusion mask"",""defringe radius2""]","","candidate","635b69af37c5b211f782097b34774e140e47c1f7fee190c561458e59c1481b64","256","256","56950","8586"
"pt_age_m_old_b","layers/pt_age_m_old_b.png","age","layer","base","adult","","119","40","105","70","112","150","120","98","168","208","generated-pt_age_m_old_b","provenance/raw/generated-pt_age_m_old_b.png","a29bee2439d51dab67a5e290c0686c895e4eac86b259e0215052be975894e204","Create a transparent modular AGING OVERLAY ONLY for the attached registered male portrait. Do not output a whole head, do not output eyes eyebrows nose lips hair or clothing. Output only isolated softly feathered localized skin aging patches, on actual transparent background: forehead crease shading, crow feet beside eyes, substantial under-eye bags BELOW the eyes, nasolabial shadow folds BESIDE nose/mouth, hollow cheek shading and jowl/neck folds. These patches must combine over the SAME person without replacing their eyes nose lips or face outline. Skin base neutral medium warm #B38360. Painterly realistic medieval game portrait, soft upperleft light, same left-facing threequarter pose. Square image logical256x256; preserve exact registration of reference, do NOT recenter/crop/enlarge. Crown40, frontal hairline70, eye centers y112 at x70 and96, visible ear150,120, chin98,168, shoulder208. Keep pixels outside head and facial features completely transparent. Important strong aging readable at96px, age75, deep sagging bags hollow cheeks pronounced jowls and deeply creased skin. More cheek hollowing and mouth-side folds, asymmetrical natural crowfeet. Feather patch boundaries gradually to zero alpha across 3 logicalpixels. No white/beige solid facial plate, no opaque oval mask, no text, no guide marks. One separate overlay asset pt_age_m_old_b.","[""registered skin aging patches"",""facial-feature and outside-face exclusion mask"",""defringe radius2""]","","candidate","c1b5c8b8bde8877b1398009e45ac09f9cfd2cab0bc3728420249701f64558299","256","256","56691","8845"
"pt_age_m_old_b","masks/pt_age_m_old_b_skinmask.png","age","skinmask","base","adult","","119","40","105","70","112","150","120","98","168","208","generated-pt_age_m_old_b","provenance/raw/generated-pt_age_m_old_b.png","a29bee2439d51dab67a5e290c0686c895e4eac86b259e0215052be975894e204","Create a transparent modular AGING OVERLAY ONLY for the attached registered male portrait. Do not output a whole head, do not output eyes eyebrows nose lips hair or clothing. Output only isolated softly feathered localized skin aging patches, on actual transparent background: forehead crease shading, crow feet beside eyes, substantial under-eye bags BELOW the eyes, nasolabial shadow folds BESIDE nose/mouth, hollow cheek shading and jowl/neck folds. These patches must combine over the SAME person without replacing their eyes nose lips or face outline. Skin base neutral medium warm #B38360. Painterly realistic medieval game portrait, soft upperleft light, same left-facing threequarter pose. Square image logical256x256; preserve exact registration of reference, do NOT recenter/crop/enlarge. Crown40, frontal hairline70, eye centers y112 at x70 and96, visible ear150,120, chin98,168, shoulder208. Keep pixels outside head and facial features completely transparent. Important strong aging readable at96px, age75, deep sagging bags hollow cheeks pronounced jowls and deeply creased skin. More cheek hollowing and mouth-side folds, asymmetrical natural crowfeet. Feather patch boundaries gradually to zero alpha across 3 logicalpixels. No white/beige solid facial plate, no opaque oval mask, no text, no guide marks. One separate overlay asset pt_age_m_old_b.","[""registered skin aging patches"",""facial-feature and outside-face exclusion mask"",""defringe radius2""]","","candidate","89cd7f06a928ce1334bf4d04ae49273f8eb0f1ae7e6f2d90d31ea029041a7ba9","256","256","56691","8845"
"pt_face_c_01","layers/pt_face_c_01.png","face","layer","base","child","","120","56","104","82","112","147.36","120","101.6","160","208","generated-pt_face_c_01","provenance/raw/generated-pt_face_c_01.png","b6aa9b56606da929d40652b5566c2a372bc23a6680d7a5289ffdf1097e300c42","Use case: stylized-concept game portrait layer. Reference is STYLE/leftward three-quarter orientation and canvas registration ONLY, not identity. Create ONE new distinct bald head and neck with genuine transparent background, no hair, beard, clothes, accessories or text. Identity: BOY age7, unmistakably small child: HUGE round eyes, plump round cheeks, tiny button nose, tiny chin, short neck, smooth skin, curious relaxed expression. All portraits must use exactly the SAME medium warm tan skin base (midtone #B38360), NOT pale or dark skin variants. Identity differences come from bone structure/nose/eyes/brows not skin tone. Painterly refined historical portrait as reference, soft upper-left illumination, natural brush texture. FULL square256 logical canvas registration: CHILD size: bare crown at(120,56), not adult proportions; virtual hairline y82, eyes centered y112, visible right ear center(147,120), chin bottom y160, neck ends y194. Head width88percent of adult reference. Large eyes, small facial middle, short neck; unmistakably age7-11 child. Reference forehead looks too elongated: improve natural anatomy WITHIN these anchors. Head points to viewer LEFT in same3/4 angle. Preserve original fullcanvas margins; no closecrop, no centering the head in a new position. Neutral dignified expression without class, morality or occupational coding. No backdrop colors baked into antialias edges, no bright cutout outline. No age wrinkles on base faces beyond subtle natural features. Output only transparent PNG.","[""landmark crown/eye/chin registration; see face-registration.json"",""uniform medium skin ramp #B38360 preserving shading"",""defringe radius2""]","","candidate","66afd400132a4e63fe8f1e9226cac062d5e5bb3da76e3c11d5ed507aeced0fe1","256","256","55454","10082"
"pt_face_c_01","masks/pt_face_c_01_skinmask.png","face","skinmask","base","child","","120","56","104","82","112","147.36","120","101.6","160","208","generated-pt_face_c_01","provenance/raw/generated-pt_face_c_01.png","b6aa9b56606da929d40652b5566c2a372bc23a6680d7a5289ffdf1097e300c42","Use case: stylized-concept game portrait layer. Reference is STYLE/leftward three-quarter orientation and canvas registration ONLY, not identity. Create ONE new distinct bald head and neck with genuine transparent background, no hair, beard, clothes, accessories or text. Identity: BOY age7, unmistakably small child: HUGE round eyes, plump round cheeks, tiny button nose, tiny chin, short neck, smooth skin, curious relaxed expression. All portraits must use exactly the SAME medium warm tan skin base (midtone #B38360), NOT pale or dark skin variants. Identity differences come from bone structure/nose/eyes/brows not skin tone. Painterly refined historical portrait as reference, soft upper-left illumination, natural brush texture. FULL square256 logical canvas registration: CHILD size: bare crown at(120,56), not adult proportions; virtual hairline y82, eyes centered y112, visible right ear center(147,120), chin bottom y160, neck ends y194. Head width88percent of adult reference. Large eyes, small facial middle, short neck; unmistakably age7-11 child. Reference forehead looks too elongated: improve natural anatomy WITHIN these anchors. Head points to viewer LEFT in same3/4 angle. Preserve original fullcanvas margins; no closecrop, no centering the head in a new position. Neutral dignified expression without class, morality or occupational coding. No backdrop colors baked into antialias edges, no bright cutout outline. No age wrinkles on base faces beyond subtle natural features. Output only transparent PNG.","[""landmark crown/eye/chin registration; see face-registration.json"",""uniform medium skin ramp #B38360 preserving shading"",""defringe radius2""]","","candidate","b18ef30427e73d66531615095b59e8dae95ceb9391e9c1609644bd921a1ecde9","256","256","55649","9887"
"pt_face_c_02","layers/pt_face_c_02.png","face","layer","base","child","","120","56","104","82","112","147.36","120","101.6","160","208","generated-pt_face_c_02","provenance/raw/generated-pt_face_c_02.png","da56a7914d38fd02887605c060487b3c813f8a0537d1ea98b594976d8111361b","Use case: stylized-concept game portrait layer. Reference is STYLE/leftward three-quarter orientation and canvas registration ONLY, not identity. Create ONE new distinct bald head and neck with genuine transparent background, no hair, beard, clothes, accessories or text. Identity: BOY age11, clearly preteen child: large wide-set eyes, round cheeks with freckles, slightly long small nose, short soft chin, SHORT neck, innocent neutral expression. All portraits must use exactly the SAME medium warm tan skin base (midtone #B38360), NOT pale or dark skin variants. Identity differences come from bone structure/nose/eyes/brows not skin tone. Painterly refined historical portrait as reference, soft upper-left illumination, natural brush texture. FULL square256 logical canvas registration: CHILD size: bare crown at(120,56), not adult proportions; virtual hairline y82, eyes centered y112, visible right ear center(147,120), chin bottom y160, neck ends y194. Head width88percent of adult reference. Large eyes, small facial middle, short neck; unmistakably age7-11 child. Reference forehead looks too elongated: improve natural anatomy WITHIN these anchors. Head points to viewer LEFT in same3/4 angle. Preserve original fullcanvas margins; no closecrop, no centering the head in a new position. Neutral dignified expression without class, morality or occupational coding. No backdrop colors baked into antialias edges, no bright cutout outline. No age wrinkles on base faces beyond subtle natural features. Output only transparent PNG.","[""landmark crown/eye/chin registration; see face-registration.json"",""uniform medium skin ramp #B38360 preserving shading"",""defringe radius2""]","","candidate","f258a8a2cee27753c5668ef8027849cb10f8ac52e2db6cb4d6bc56d78fd92dcb","256","256","55295","10241"
"pt_face_c_02","masks/pt_face_c_02_skinmask.png","face","skinmask","base","child","","120","56","104","82","112","147.36","120","101.6","160","208","generated-pt_face_c_02","provenance/raw/generated-pt_face_c_02.png","da56a7914d38fd02887605c060487b3c813f8a0537d1ea98b594976d8111361b","Use case: stylized-concept game portrait layer. Reference is STYLE/leftward three-quarter orientation and canvas registration ONLY, not identity. Create ONE new distinct bald head and neck with genuine transparent background, no hair, beard, clothes, accessories or text. Identity: BOY age11, clearly preteen child: large wide-set eyes, round cheeks with freckles, slightly long small nose, short soft chin, SHORT neck, innocent neutral expression. All portraits must use exactly the SAME medium warm tan skin base (midtone #B38360), NOT pale or dark skin variants. Identity differences come from bone structure/nose/eyes/brows not skin tone. Painterly refined historical portrait as reference, soft upper-left illumination, natural brush texture. FULL square256 logical canvas registration: CHILD size: bare crown at(120,56), not adult proportions; virtual hairline y82, eyes centered y112, visible right ear center(147,120), chin bottom y160, neck ends y194. Head width88percent of adult reference. Large eyes, small facial middle, short neck; unmistakably age7-11 child. Reference forehead looks too elongated: improve natural anatomy WITHIN these anchors. Head points to viewer LEFT in same3/4 angle. Preserve original fullcanvas margins; no closecrop, no centering the head in a new position. Neutral dignified expression without class, morality or occupational coding. No backdrop colors baked into antialias edges, no bright cutout outline. No age wrinkles on base faces beyond subtle natural features. Output only transparent PNG.","[""landmark crown/eye/chin registration; see face-registration.json"",""uniform medium skin ramp #B38360 preserving shading"",""defringe radius2""]","","candidate","548b5c0aa8b31fd80db3d1c6df2c5c6300fcb1f225de0b12c1a976b56ccd2eb0","256","256","55468","10068"
"pt_face_c_03","layers/pt_face_c_03.png","face","layer","base","child","","120","56","104","82","112","147.36","120","101.6","160","208","generated-pt_face_c_03","provenance/raw/generated-pt_face_c_03.png","437f3184dc4f84d2b26b5393084fc5eeabfcd2ae7b5d39c6dadd3aec01e8906b","Use case: stylized-concept game portrait layer. Reference is STYLE/leftward three-quarter orientation and canvas registration ONLY, not identity. Create ONE new distinct bald head and neck with genuine transparent background, no hair, beard, clothes, accessories or text. Identity: GIRL age7, unmistakably young child: very large almond eyes, chubby cheeks, very small upturned nose, heart chin, SHORT neck, soft sparse eyebrows. All portraits must use exactly the SAME medium warm tan skin base (midtone #B38360), NOT pale or dark skin variants. Identity differences come from bone structure/nose/eyes/brows not skin tone. Painterly refined historical portrait as reference, soft upper-left illumination, natural brush texture. FULL square256 logical canvas registration: CHILD size: bare crown at(120,56), not adult proportions; virtual hairline y82, eyes centered y112, visible right ear center(147,120), chin bottom y160, neck ends y194. Head width88percent of adult reference. Large eyes, small facial middle, short neck; unmistakably age7-11 child. Reference forehead looks too elongated: improve natural anatomy WITHIN these anchors. Head points to viewer LEFT in same3/4 angle. Preserve original fullcanvas margins; no closecrop, no centering the head in a new position. Neutral dignified expression without class, morality or occupational coding. No backdrop colors baked into antialias edges, no bright cutout outline. No age wrinkles on base faces beyond subtle natural features. Output only transparent PNG.","[""landmark crown/eye/chin registration; see face-registration.json"",""uniform medium skin ramp #B38360 preserving shading"",""defringe radius2""]","","candidate","23e5f1ae5104d5a666d073a64b119406681fc8e63b37e3df916e7fa1533b20aa","256","256","55641","9895"
"pt_face_c_03","masks/pt_face_c_03_skinmask.png","face","skinmask","base","child","","120","56","104","82","112","147.36","120","101.6","160","208","generated-pt_face_c_03","provenance/raw/generated-pt_face_c_03.png","437f3184dc4f84d2b26b5393084fc5eeabfcd2ae7b5d39c6dadd3aec01e8906b","Use case: stylized-concept game portrait layer. Reference is STYLE/leftward three-quarter orientation and canvas registration ONLY, not identity. Create ONE new distinct bald head and neck with genuine transparent background, no hair, beard, clothes, accessories or text. Identity: GIRL age7, unmistakably young child: very large almond eyes, chubby cheeks, very small upturned nose, heart chin, SHORT neck, soft sparse eyebrows. All portraits must use exactly the SAME medium warm tan skin base (midtone #B38360), NOT pale or dark skin variants. Identity differences come from bone structure/nose/eyes/brows not skin tone. Painterly refined historical portrait as reference, soft upper-left illumination, natural brush texture. FULL square256 logical canvas registration: CHILD size: bare crown at(120,56), not adult proportions; virtual hairline y82, eyes centered y112, visible right ear center(147,120), chin bottom y160, neck ends y194. Head width88percent of adult reference. Large eyes, small facial middle, short neck; unmistakably age7-11 child. Reference forehead looks too elongated: improve natural anatomy WITHIN these anchors. Head points to viewer LEFT in same3/4 angle. Preserve original fullcanvas margins; no closecrop, no centering the head in a new position. Neutral dignified expression without class, morality or occupational coding. No backdrop colors baked into antialias edges, no bright cutout outline. No age wrinkles on base faces beyond subtle natural features. Output only transparent PNG.","[""landmark crown/eye/chin registration; see face-registration.json"",""uniform medium skin ramp #B38360 preserving shading"",""defringe radius2""]","","candidate","186465f8a2be095f78192a6277d8c60ef619c16f95a37ec0b8163c3408de6b2e","256","256","55785","9751"
"pt_face_c_04","layers/pt_face_c_04.png","face","layer","base","child","","120","56","104","82","112","147.36","120","101.6","160","208","generated-pt_face_c_04","provenance/raw/generated-pt_face_c_04.png","74076bfe48638389a01140608f83b3b97a77de24fb97b25bd40102e38dd2fe18","Create a wholesome medieval strategy game character portrait asset: head and short neck of an eleven-year-old girl, round youthful cheeks, small flat nose, freckles, large curious eyes, clearly a child. Head-only framing ending at neck, no torso visible. Hairless scalp for modular hairstyle compositing. Painterly style, warm medium skin tone, calm neutral expression, left-facing threequarter, upperleft softlight. Transparent background. Logical256 square registration crown56 eye112 visibleear147,120 chin160 neckends194. Head width88% adult. No accessories no text no clothing visible because crop at neck. Match attached art style and positioning but distinct girl identity.","[""landmark crown/eye/chin registration; see face-registration.json"",""uniform medium skin ramp #B38360 preserving shading"",""defringe radius2""]","","candidate","25a7f9c2e059a4e38c5c8b8b395cb9b17227b40e8091de390553f0f9ba1a1cb6","256","256","55246","10290"
"pt_face_c_04","masks/pt_face_c_04_skinmask.png","face","skinmask","base","child","","120","56","104","82","112","147.36","120","101.6","160","208","generated-pt_face_c_04","provenance/raw/generated-pt_face_c_04.png","74076bfe48638389a01140608f83b3b97a77de24fb97b25bd40102e38dd2fe18","Create a wholesome medieval strategy game character portrait asset: head and short neck of an eleven-year-old girl, round youthful cheeks, small flat nose, freckles, large curious eyes, clearly a child. Head-only framing ending at neck, no torso visible. Hairless scalp for modular hairstyle compositing. Painterly style, warm medium skin tone, calm neutral expression, left-facing threequarter, upperleft softlight. Transparent background. Logical256 square registration crown56 eye112 visibleear147,120 chin160 neckends194. Head width88% adult. No accessories no text no clothing visible because crop at neck. Match attached art style and positioning but distinct girl identity.","[""landmark crown/eye/chin registration; see face-registration.json"",""uniform medium skin ramp #B38360 preserving shading"",""defringe radius2""]","","candidate","8bc8c740bd9d7166fcdaa18ed8728fad0c51acc046e32d5aa5b6ba63912f57d4","256","256","55433","10103"
"pt_face_f_01","layers/pt_face_f_01.png","face","layer","base","adult","","119","40","105","70","112","150","120","98","168","208","generated-pt_face_f_01","provenance/raw/generated-pt_face_f_01.png","0a844ef3fd0f099f1c174ad5427cf4039754d2258687ed97a0bcc4ddeb7cd903","Use case: stylized-concept game portrait layer. Reference is STYLE/leftward three-quarter orientation and canvas registration ONLY, not identity. Create ONE new distinct bald head and neck with genuine transparent background, no hair, beard, clothes, accessories or text. Identity: woman age25, notably LONG NARROW face, elongated tapered chin, aquiline prominent nose, narrow almond eyes, thin straight brows. All portraits must use exactly the SAME medium warm tan skin base (midtone #B38360), NOT pale or dark skin variants. Identity differences come from bone structure/nose/eyes/brows not skin tone. Painterly refined historical portrait as reference, soft upper-left illumination, natural brush texture. FULL square256 logical canvas registration: ADULT size: bare crown at(119,40), virtual future hairline y70, eyes centered y112, visible right ear center(150,120), chin tip at approximately(98,168), neck bottom near(123,208). Skull outer right x171, face left profile aroundx64. Keep registration while varying outline visibly. Reference forehead looks too elongated: improve natural anatomy WITHIN these anchors. Head points to viewer LEFT in same3/4 angle. Preserve original fullcanvas margins; no closecrop, no centering the head in a new position. Neutral dignified expression without class, morality or occupational coding. No backdrop colors baked into antialias edges, no bright cutout outline. No age wrinkles on base faces beyond subtle natural features. Output only transparent PNG.","[""landmark crown/eye/chin registration; see face-registration.json"",""uniform medium skin ramp #B38360 preserving shading"",""defringe radius2""]","","candidate","fcd401101346ebc11b68866436caf211f10ffa4bff730d6c54bd38961c99593e","256","256","51225","14311"
"pt_face_f_01","masks/pt_face_f_01_skinmask.png","face","skinmask","base","adult","","119","40","105","70","112","150","120","98","168","208","generated-pt_face_f_01","provenance/raw/generated-pt_face_f_01.png","0a844ef3fd0f099f1c174ad5427cf4039754d2258687ed97a0bcc4ddeb7cd903","Use case: stylized-concept game portrait layer. Reference is STYLE/leftward three-quarter orientation and canvas registration ONLY, not identity. Create ONE new distinct bald head and neck with genuine transparent background, no hair, beard, clothes, accessories or text. Identity: woman age25, notably LONG NARROW face, elongated tapered chin, aquiline prominent nose, narrow almond eyes, thin straight brows. All portraits must use exactly the SAME medium warm tan skin base (midtone #B38360), NOT pale or dark skin variants. Identity differences come from bone structure/nose/eyes/brows not skin tone. Painterly refined historical portrait as reference, soft upper-left illumination, natural brush texture. FULL square256 logical canvas registration: ADULT size: bare crown at(119,40), virtual future hairline y70, eyes centered y112, visible right ear center(150,120), chin tip at approximately(98,168), neck bottom near(123,208). Skull outer right x171, face left profile aroundx64. Keep registration while varying outline visibly. Reference forehead looks too elongated: improve natural anatomy WITHIN these anchors. Head points to viewer LEFT in same3/4 angle. Preserve original fullcanvas margins; no closecrop, no centering the head in a new position. Neutral dignified expression without class, morality or occupational coding. No backdrop colors baked into antialias edges, no bright cutout outline. No age wrinkles on base faces beyond subtle natural features. Output only transparent PNG.","[""landmark crown/eye/chin registration; see face-registration.json"",""uniform medium skin ramp #B38360 preserving shading"",""defringe radius2""]","","candidate","8dc7a9004a06a54204855ba2bd510d3b11b1dba96997a44ebd7df1f5534d9f7d","256","256","51450","14086"
"pt_face_f_02","layers/pt_face_f_02.png","face","layer","base","adult","","119","40","105","70","112","150","120","98","168","208","generated-pt_face_f_02","provenance/raw/generated-pt_face_f_02.png","a4e2d40e53056a858eba57d3cea5b19c25ab96a3a7c9384884cec449ac18b80b","Use case: stylized-concept game portrait layer. Reference is STYLE/leftward three-quarter orientation and canvas registration ONLY, not identity. Create ONE new distinct bald head and neck with genuine transparent background, no hair, beard, clothes, accessories or text. Identity: woman age25, VERY ROUND WIDE face, plump rounded cheeks, tiny rounded chin, short upturned button nose, large round eyes, scattered visible freckles. All portraits must use exactly the SAME medium warm tan skin base (midtone #B38360), NOT pale or dark skin variants. Identity differences come from bone structure/nose/eyes/brows not skin tone. Painterly refined historical portrait as reference, soft upper-left illumination, natural brush texture. FULL square256 logical canvas registration: ADULT size: bare crown at(119,40), virtual future hairline y70, eyes centered y112, visible right ear center(150,120), chin tip at approximately(98,168), neck bottom near(123,208). Skull outer right x171, face left profile aroundx64. Keep registration while varying outline visibly. Reference forehead looks too elongated: improve natural anatomy WITHIN these anchors. Head points to viewer LEFT in same3/4 angle. Preserve original fullcanvas margins; no closecrop, no centering the head in a new position. Neutral dignified expression without class, morality or occupational coding. No backdrop colors baked into antialias edges, no bright cutout outline. No age wrinkles on base faces beyond subtle natural features. Output only transparent PNG.","[""landmark crown/eye/chin registration; see face-registration.json"",""uniform medium skin ramp #B38360 preserving shading"",""defringe radius2""]","","candidate","6510cc69e88907371dc93f0377bc88a548183fe18be19d82311e6dac268d0249","256","256","50069","15467"
"pt_face_f_02","masks/pt_face_f_02_skinmask.png","face","skinmask","base","adult","","119","40","105","70","112","150","120","98","168","208","generated-pt_face_f_02","provenance/raw/generated-pt_face_f_02.png","a4e2d40e53056a858eba57d3cea5b19c25ab96a3a7c9384884cec449ac18b80b","Use case: stylized-concept game portrait layer. Reference is STYLE/leftward three-quarter orientation and canvas registration ONLY, not identity. Create ONE new distinct bald head and neck with genuine transparent background, no hair, beard, clothes, accessories or text. Identity: woman age25, VERY ROUND WIDE face, plump rounded cheeks, tiny rounded chin, short upturned button nose, large round eyes, scattered visible freckles. All portraits must use exactly the SAME medium warm tan skin base (midtone #B38360), NOT pale or dark skin variants. Identity differences come from bone structure/nose/eyes/brows not skin tone. Painterly refined historical portrait as reference, soft upper-left illumination, natural brush texture. FULL square256 logical canvas registration: ADULT size: bare crown at(119,40), virtual future hairline y70, eyes centered y112, visible right ear center(150,120), chin tip at approximately(98,168), neck bottom near(123,208). Skull outer right x171, face left profile aroundx64. Keep registration while varying outline visibly. Reference forehead looks too elongated: improve natural anatomy WITHIN these anchors. Head points to viewer LEFT in same3/4 angle. Preserve original fullcanvas margins; no closecrop, no centering the head in a new position. Neutral dignified expression without class, morality or occupational coding. No backdrop colors baked into antialias edges, no bright cutout outline. No age wrinkles on base faces beyond subtle natural features. Output only transparent PNG.","[""landmark crown/eye/chin registration; see face-registration.json"",""uniform medium skin ramp #B38360 preserving shading"",""defringe radius2""]","","candidate","226402b38a66683486c451d0da0e01e5fd8d0341ec5ac84747c6b4c9d83aab65","256","256","50366","15170"
"pt_face_f_03","layers/pt_face_f_03.png","face","layer","base","adult","","119","40","105","70","112","150","120","98","168","208","generated-pt_face_f_03","provenance/raw/generated-pt_face_f_03.png","ab514d9907bb8ecb30d913b238a1ae4dbde6e05c9e8ab3131add0cd7e78340a6","Use case: stylized-concept game portrait layer. Reference is STYLE/leftward three-quarter orientation and canvas registration ONLY, not identity. Create ONE new distinct bald head and neck with genuine transparent background, no hair, beard, clothes, accessories or text. Identity: woman age28, WIDE SQUARE jaw and flat broad chin, broad short nose, narrow hooded eyes, heavy straight dark eyebrows, wide lips. All portraits must use exactly the SAME medium warm tan skin base (midtone #B38360), NOT pale or dark skin variants. Identity differences come from bone structure/nose/eyes/brows not skin tone. Painterly refined historical portrait as reference, soft upper-left illumination, natural brush texture. FULL square256 logical canvas registration: ADULT size: bare crown at(119,40), virtual future hairline y70, eyes centered y112, visible right ear center(150,120), chin tip at approximately(98,168), neck bottom near(123,208). Skull outer right x171, face left profile aroundx64. Keep registration while varying outline visibly. Reference forehead looks too elongated: improve natural anatomy WITHIN these anchors. Head points to viewer LEFT in same3/4 angle. Preserve original fullcanvas margins; no closecrop, no centering the head in a new position. Neutral dignified expression without class, morality or occupational coding. No backdrop colors baked into antialias edges, no bright cutout outline. No age wrinkles on base faces beyond subtle natural features. Output only transparent PNG.","[""landmark crown/eye/chin registration; see face-registration.json"",""uniform medium skin ramp #B38360 preserving shading"",""defringe radius2""]","","candidate","29344154a0d60717a561f755f0a86f8a6040b71bebce8e53fcb6ce179eb8a6ac","256","256","50743","14793"
"pt_face_f_03","masks/pt_face_f_03_skinmask.png","face","skinmask","base","adult","","119","40","105","70","112","150","120","98","168","208","generated-pt_face_f_03","provenance/raw/generated-pt_face_f_03.png","ab514d9907bb8ecb30d913b238a1ae4dbde6e05c9e8ab3131add0cd7e78340a6","Use case: stylized-concept game portrait layer. Reference is STYLE/leftward three-quarter orientation and canvas registration ONLY, not identity. Create ONE new distinct bald head and neck with genuine transparent background, no hair, beard, clothes, accessories or text. Identity: woman age28, WIDE SQUARE jaw and flat broad chin, broad short nose, narrow hooded eyes, heavy straight dark eyebrows, wide lips. All portraits must use exactly the SAME medium warm tan skin base (midtone #B38360), NOT pale or dark skin variants. Identity differences come from bone structure/nose/eyes/brows not skin tone. Painterly refined historical portrait as reference, soft upper-left illumination, natural brush texture. FULL square256 logical canvas registration: ADULT size: bare crown at(119,40), virtual future hairline y70, eyes centered y112, visible right ear center(150,120), chin tip at approximately(98,168), neck bottom near(123,208). Skull outer right x171, face left profile aroundx64. Keep registration while varying outline visibly. Reference forehead looks too elongated: improve natural anatomy WITHIN these anchors. Head points to viewer LEFT in same3/4 angle. Preserve original fullcanvas margins; no closecrop, no centering the head in a new position. Neutral dignified expression without class, morality or occupational coding. No backdrop colors baked into antialias edges, no bright cutout outline. No age wrinkles on base faces beyond subtle natural features. Output only transparent PNG.","[""landmark crown/eye/chin registration; see face-registration.json"",""uniform medium skin ramp #B38360 preserving shading"",""defringe radius2""]","","candidate","5b2b30758810ced1c09809327fe964f4702128bf9529961fe36b34ef93aed9d7","256","256","51073","14463"
"pt_face_f_04","layers/pt_face_f_04.png","face","layer","base","adult","","119","40","105","70","112","150","120","98","168","208","generated-pt_face_f_04","provenance/raw/generated-pt_face_f_04.png","3236f69bc2c44e35ba4303d0ab1c6f8f090c9ac0dea5b2723f42b8631b30fb0d","Use case: stylized-concept game portrait layer. Reference is STYLE/leftward three-quarter orientation and canvas registration ONLY, not identity. Create ONE new distinct bald head and neck with genuine transparent background, no hair, beard, clothes, accessories or text. Identity: woman age23, HEART SHAPE very wide forehead tapering to clearly POINTED SMALL chin, small straight nose, widely spaced eyes, high curved brows. All portraits must use exactly the SAME medium warm tan skin base (midtone #B38360), NOT pale or dark skin variants. Identity differences come from bone structure/nose/eyes/brows not skin tone. Painterly refined historical portrait as reference, soft upper-left illumination, natural brush texture. FULL square256 logical canvas registration: ADULT size: bare crown at(119,40), virtual future hairline y70, eyes centered y112, visible right ear center(150,120), chin tip at approximately(98,168), neck bottom near(123,208). Skull outer right x171, face left profile aroundx64. Keep registration while varying outline visibly. Reference forehead looks too elongated: improve natural anatomy WITHIN these anchors. Head points to viewer LEFT in same3/4 angle. Preserve original fullcanvas margins; no closecrop, no centering the head in a new position. Neutral dignified expression without class, morality or occupational coding. No backdrop colors baked into antialias edges, no bright cutout outline. No age wrinkles on base faces beyond subtle natural features. Output only transparent PNG.","[""landmark crown/eye/chin registration; see face-registration.json"",""uniform medium skin ramp #B38360 preserving shading"",""defringe radius2""]","","candidate","2bb53ee6939bdbdf9f7d8417d59278cae8323450353c6c63e5be2735dad8e9f4","256","256","50872","14664"
"pt_face_f_04","masks/pt_face_f_04_skinmask.png","face","skinmask","base","adult","","119","40","105","70","112","150","120","98","168","208","generated-pt_face_f_04","provenance/raw/generated-pt_face_f_04.png","3236f69bc2c44e35ba4303d0ab1c6f8f090c9ac0dea5b2723f42b8631b30fb0d","Use case: stylized-concept game portrait layer. Reference is STYLE/leftward three-quarter orientation and canvas registration ONLY, not identity. Create ONE new distinct bald head and neck with genuine transparent background, no hair, beard, clothes, accessories or text. Identity: woman age23, HEART SHAPE very wide forehead tapering to clearly POINTED SMALL chin, small straight nose, widely spaced eyes, high curved brows. All portraits must use exactly the SAME medium warm tan skin base (midtone #B38360), NOT pale or dark skin variants. Identity differences come from bone structure/nose/eyes/brows not skin tone. Painterly refined historical portrait as reference, soft upper-left illumination, natural brush texture. FULL square256 logical canvas registration: ADULT size: bare crown at(119,40), virtual future hairline y70, eyes centered y112, visible right ear center(150,120), chin tip at approximately(98,168), neck bottom near(123,208). Skull outer right x171, face left profile aroundx64. Keep registration while varying outline visibly. Reference forehead looks too elongated: improve natural anatomy WITHIN these anchors. Head points to viewer LEFT in same3/4 angle. Preserve original fullcanvas margins; no closecrop, no centering the head in a new position. Neutral dignified expression without class, morality or occupational coding. No backdrop colors baked into antialias edges, no bright cutout outline. No age wrinkles on base faces beyond subtle natural features. Output only transparent PNG.","[""landmark crown/eye/chin registration; see face-registration.json"",""uniform medium skin ramp #B38360 preserving shading"",""defringe radius2""]","","candidate","9abc3efa2b7147a1677f77012c2480de21ea4f7a36bc7bce8a9d2b6ce81a1c7d","256","256","51115","14421"
"pt_face_f_05","layers/pt_face_f_05.png","face","layer","base","adult","","119","40","105","70","112","150","120","98","168","208","generated-pt_face_f_05","provenance/raw/generated-pt_face_f_05.png","392ae5747cb8af70a19df8c2863d53fbbdaca3c882b782db3c4e386ca1a4d8e3","Use case: stylized-concept game portrait layer. Reference is STYLE/leftward three-quarter orientation and canvas registration ONLY, not identity. Create ONE new distinct bald head and neck with genuine transparent background, no hair, beard, clothes, accessories or text. Identity: woman age32, sharply angular DIAMOND face, hollow cheeks, prominent HOOKED nose, pointed long chin, small deep set eyes, freckles on nose. All portraits must use exactly the SAME medium warm tan skin base (midtone #B38360), NOT pale or dark skin variants. Identity differences come from bone structure/nose/eyes/brows not skin tone. Painterly refined historical portrait as reference, soft upper-left illumination, natural brush texture. FULL square256 logical canvas registration: ADULT size: bare crown at(119,40), virtual future hairline y70, eyes centered y112, visible right ear center(150,120), chin tip at approximately(98,168), neck bottom near(123,208). Skull outer right x171, face left profile aroundx64. Keep registration while varying outline visibly. Reference forehead looks too elongated: improve natural anatomy WITHIN these anchors. Head points to viewer LEFT in same3/4 angle. Preserve original fullcanvas margins; no closecrop, no centering the head in a new position. Neutral dignified expression without class, morality or occupational coding. No backdrop colors baked into antialias edges, no bright cutout outline. No age wrinkles on base faces beyond subtle natural features. Output only transparent PNG.","[""landmark crown/eye/chin registration; see face-registration.json"",""uniform medium skin ramp #B38360 preserving shading"",""defringe radius2""]","","candidate","7d0a3782303f7bd660fea14ff25bfa0ac26b3447e26871dafb0d082c6382e962","256","256","52095","13441"
"pt_face_f_05","masks/pt_face_f_05_skinmask.png","face","skinmask","base","adult","","119","40","105","70","112","150","120","98","168","208","generated-pt_face_f_05","provenance/raw/generated-pt_face_f_05.png","392ae5747cb8af70a19df8c2863d53fbbdaca3c882b782db3c4e386ca1a4d8e3","Use case: stylized-concept game portrait layer. Reference is STYLE/leftward three-quarter orientation and canvas registration ONLY, not identity. Create ONE new distinct bald head and neck with genuine transparent background, no hair, beard, clothes, accessories or text. Identity: woman age32, sharply angular DIAMOND face, hollow cheeks, prominent HOOKED nose, pointed long chin, small deep set eyes, freckles on nose. All portraits must use exactly the SAME medium warm tan skin base (midtone #B38360), NOT pale or dark skin variants. Identity differences come from bone structure/nose/eyes/brows not skin tone. Painterly refined historical portrait as reference, soft upper-left illumination, natural brush texture. FULL square256 logical canvas registration: ADULT size: bare crown at(119,40), virtual future hairline y70, eyes centered y112, visible right ear center(150,120), chin tip at approximately(98,168), neck bottom near(123,208). Skull outer right x171, face left profile aroundx64. Keep registration while varying outline visibly. Reference forehead looks too elongated: improve natural anatomy WITHIN these anchors. Head points to viewer LEFT in same3/4 angle. Preserve original fullcanvas margins; no closecrop, no centering the head in a new position. Neutral dignified expression without class, morality or occupational coding. No backdrop colors baked into antialias edges, no bright cutout outline. No age wrinkles on base faces beyond subtle natural features. Output only transparent PNG.","[""landmark crown/eye/chin registration; see face-registration.json"",""uniform medium skin ramp #B38360 preserving shading"",""defringe radius2""]","","candidate","9dd0db7c269a9817c0e48b21c3001234e9729e37da3c93c66d8b9b5a6df2d3a8","256","256","52310","13226"
"pt_face_f_06","layers/pt_face_f_06.png","face","layer","base","adult","","119","40","105","70","112","150","120","98","168","208","generated-pt_face_f_06","provenance/raw/generated-pt_face_f_06.png","6da6bcaeece01774b97dd761621b785dd8c7f5ed5da6d00ba52ef1f98037bf96","Use case: stylized-concept game portrait layer. Reference is STYLE/leftward three-quarter orientation and canvas registration ONLY, not identity. Create ONE new distinct bald head and neck with genuine transparent background, no hair, beard, clothes, accessories or text. Identity: woman age27, broad OVAL face with soft jaw, wide rounded nose and FULL lips, wide spaced large eyes and dense curved brows. All portraits must use exactly the SAME medium warm tan skin base (midtone #B38360), NOT pale or dark skin variants. Identity differences come from bone structure/nose/eyes/brows not skin tone. Painterly refined historical portrait as reference, soft upper-left illumination, natural brush texture. FULL square256 logical canvas registration: ADULT size: bare crown at(119,40), virtual future hairline y70, eyes centered y112, visible right ear center(150,120), chin tip at approximately(98,168), neck bottom near(123,208). Skull outer right x171, face left profile aroundx64. Keep registration while varying outline visibly. Reference forehead looks too elongated: improve natural anatomy WITHIN these anchors. Head points to viewer LEFT in same3/4 angle. Preserve original fullcanvas margins; no closecrop, no centering the head in a new position. Neutral dignified expression without class, morality or occupational coding. No backdrop colors baked into antialias edges, no bright cutout outline. No age wrinkles on base faces beyond subtle natural features. Output only transparent PNG.","[""landmark crown/eye/chin registration; see face-registration.json"",""uniform medium skin ramp #B38360 preserving shading"",""defringe radius2""]","","candidate","e3dfe790b4865715c894b85f457454fed9a9f4a3a3df1858c9b122fa6bc21188","256","256","49750","15786"
"pt_face_f_06","masks/pt_face_f_06_skinmask.png","face","skinmask","base","adult","","119","40","105","70","112","150","120","98","168","208","generated-pt_face_f_06","provenance/raw/generated-pt_face_f_06.png","6da6bcaeece01774b97dd761621b785dd8c7f5ed5da6d00ba52ef1f98037bf96","Use case: stylized-concept game portrait layer. Reference is STYLE/leftward three-quarter orientation and canvas registration ONLY, not identity. Create ONE new distinct bald head and neck with genuine transparent background, no hair, beard, clothes, accessories or text. Identity: woman age27, broad OVAL face with soft jaw, wide rounded nose and FULL lips, wide spaced large eyes and dense curved brows. All portraits must use exactly the SAME medium warm tan skin base (midtone #B38360), NOT pale or dark skin variants. Identity differences come from bone structure/nose/eyes/brows not skin tone. Painterly refined historical portrait as reference, soft upper-left illumination, natural brush texture. FULL square256 logical canvas registration: ADULT size: bare crown at(119,40), virtual future hairline y70, eyes centered y112, visible right ear center(150,120), chin tip at approximately(98,168), neck bottom near(123,208). Skull outer right x171, face left profile aroundx64. Keep registration while varying outline visibly. Reference forehead looks too elongated: improve natural anatomy WITHIN these anchors. Head points to viewer LEFT in same3/4 angle. Preserve original fullcanvas margins; no closecrop, no centering the head in a new position. Neutral dignified expression without class, morality or occupational coding. No backdrop colors baked into antialias edges, no bright cutout outline. No age wrinkles on base faces beyond subtle natural features. Output only transparent PNG.","[""landmark crown/eye/chin registration; see face-registration.json"",""uniform medium skin ramp #B38360 preserving shading"",""defringe radius2""]","","candidate","717224e9e2403a05842470bd482030d3d45eaadb556420fdc65b97fabb904083","256","256","50148","15388"
"pt_face_f_07","layers/pt_face_f_07.png","face","layer","base","adult","","119","40","105","70","112","150","120","98","168","208","generated-pt_face_f_07","provenance/raw/generated-pt_face_f_07.png","f2b65157b410e3d10e2a146ce8806a469a5a141faf70bb67de3c4328766d4334","Use case: stylized-concept game portrait layer. Reference is STYLE/leftward three-quarter orientation and canvas registration ONLY, not identity. Create ONE new distinct bald head and neck with genuine transparent background, no hair, beard, clothes, accessories or text. Identity: woman age30, LONG RECTANGULAR face with prominent blunt chin, long slender downturned nose, very narrow heavy-lidded eyes, long low eyebrows. All portraits must use exactly the SAME medium warm tan skin base (midtone #B38360), NOT pale or dark skin variants. Identity differences come from bone structure/nose/eyes/brows not skin tone. Painterly refined historical portrait as reference, soft upper-left illumination, natural brush texture. FULL square256 logical canvas registration: ADULT size: bare crown at(119,40), virtual future hairline y70, eyes centered y112, visible right ear center(150,120), chin tip at approximately(98,168), neck bottom near(123,208). Skull outer right x171, face left profile aroundx64. Keep registration while varying outline visibly. Reference forehead looks too elongated: improve natural anatomy WITHIN these anchors. Head points to viewer LEFT in same3/4 angle. Preserve original fullcanvas margins; no closecrop, no centering the head in a new position. Neutral dignified expression without class, morality or occupational coding. No backdrop colors baked into antialias edges, no bright cutout outline. No age wrinkles on base faces beyond subtle natural features. Output only transparent PNG.","[""landmark crown/eye/chin registration; see face-registration.json"",""uniform medium skin ramp #B38360 preserving shading"",""defringe radius2""]","","candidate","5f6f661873d02c5b75d977df35a42888a2cb3dc855b7bce8bcca12fb6fb7dc80","256","256","51897","13639"
"pt_face_f_07","masks/pt_face_f_07_skinmask.png","face","skinmask","base","adult","","119","40","105","70","112","150","120","98","168","208","generated-pt_face_f_07","provenance/raw/generated-pt_face_f_07.png","f2b65157b410e3d10e2a146ce8806a469a5a141faf70bb67de3c4328766d4334","Use case: stylized-concept game portrait layer. Reference is STYLE/leftward three-quarter orientation and canvas registration ONLY, not identity. Create ONE new distinct bald head and neck with genuine transparent background, no hair, beard, clothes, accessories or text. Identity: woman age30, LONG RECTANGULAR face with prominent blunt chin, long slender downturned nose, very narrow heavy-lidded eyes, long low eyebrows. All portraits must use exactly the SAME medium warm tan skin base (midtone #B38360), NOT pale or dark skin variants. Identity differences come from bone structure/nose/eyes/brows not skin tone. Painterly refined historical portrait as reference, soft upper-left illumination, natural brush texture. FULL square256 logical canvas registration: ADULT size: bare crown at(119,40), virtual future hairline y70, eyes centered y112, visible right ear center(150,120), chin tip at approximately(98,168), neck bottom near(123,208). Skull outer right x171, face left profile aroundx64. Keep registration while varying outline visibly. Reference forehead looks too elongated: improve natural anatomy WITHIN these anchors. Head points to viewer LEFT in same3/4 angle. Preserve original fullcanvas margins; no closecrop, no centering the head in a new position. Neutral dignified expression without class, morality or occupational coding. No backdrop colors baked into antialias edges, no bright cutout outline. No age wrinkles on base faces beyond subtle natural features. Output only transparent PNG.","[""landmark crown/eye/chin registration; see face-registration.json"",""uniform medium skin ramp #B38360 preserving shading"",""defringe radius2""]","","candidate","6f377c13eeae2f729f98a329eec6bde4f4c0f592d930ae16324419ae436f066a","256","256","52142","13394"
"pt_face_f_08","layers/pt_face_f_08.png","face","layer","base","adult","","119","40","105","70","112","150","120","98","168","208","generated-pt_face_f_08","provenance/raw/generated-pt_face_f_08.png","5453b92bb09306b3dd3b51f22e8694f1d77670c73ff3b94de1b2b4af91a4ae8a","Use case: stylized-concept game portrait layer. Reference is STYLE/leftward three-quarter orientation and canvas registration ONLY, not identity. Create ONE new distinct bald head and neck with genuine transparent background, no hair, beard, clothes, accessories or text. Identity: woman age26, SHORT BROAD angular face and strong chin, wide concave bridge nose, high cheekbones, short arched eyebrows, asymmetric subtle smile. All portraits must use exactly the SAME medium warm tan skin base (midtone #B38360), NOT pale or dark skin variants. Identity differences come from bone structure/nose/eyes/brows not skin tone. Painterly refined historical portrait as reference, soft upper-left illumination, natural brush texture. FULL square256 logical canvas registration: ADULT size: bare crown at(119,40), virtual future hairline y70, eyes centered y112, visible right ear center(150,120), chin tip at approximately(98,168), neck bottom near(123,208). Skull outer right x171, face left profile aroundx64. Keep registration while varying outline visibly. Reference forehead looks too elongated: improve natural anatomy WITHIN these anchors. Head points to viewer LEFT in same3/4 angle. Preserve original fullcanvas margins; no closecrop, no centering the head in a new position. Neutral dignified expression without class, morality or occupational coding. No backdrop colors baked into antialias edges, no bright cutout outline. No age wrinkles on base faces beyond subtle natural features. Output only transparent PNG.","[""landmark crown/eye/chin registration; see face-registration.json"",""uniform medium skin ramp #B38360 preserving shading"",""defringe radius2""]","","candidate","8885623e7a0dad9d18f6c96bb12d42d71f88e26cca5ff031047ab41837952756","256","256","51374","14162"
"pt_face_f_08","masks/pt_face_f_08_skinmask.png","face","skinmask","base","adult","","119","40","105","70","112","150","120","98","168","208","generated-pt_face_f_08","provenance/raw/generated-pt_face_f_08.png","5453b92bb09306b3dd3b51f22e8694f1d77670c73ff3b94de1b2b4af91a4ae8a","Use case: stylized-concept game portrait layer. Reference is STYLE/leftward three-quarter orientation and canvas registration ONLY, not identity. Create ONE new distinct bald head and neck with genuine transparent background, no hair, beard, clothes, accessories or text. Identity: woman age26, SHORT BROAD angular face and strong chin, wide concave bridge nose, high cheekbones, short arched eyebrows, asymmetric subtle smile. All portraits must use exactly the SAME medium warm tan skin base (midtone #B38360), NOT pale or dark skin variants. Identity differences come from bone structure/nose/eyes/brows not skin tone. Painterly refined historical portrait as reference, soft upper-left illumination, natural brush texture. FULL square256 logical canvas registration: ADULT size: bare crown at(119,40), virtual future hairline y70, eyes centered y112, visible right ear center(150,120), chin tip at approximately(98,168), neck bottom near(123,208). Skull outer right x171, face left profile aroundx64. Keep registration while varying outline visibly. Reference forehead looks too elongated: improve natural anatomy WITHIN these anchors. Head points to viewer LEFT in same3/4 angle. Preserve original fullcanvas margins; no closecrop, no centering the head in a new position. Neutral dignified expression without class, morality or occupational coding. No backdrop colors baked into antialias edges, no bright cutout outline. No age wrinkles on base faces beyond subtle natural features. Output only transparent PNG.","[""landmark crown/eye/chin registration; see face-registration.json"",""uniform medium skin ramp #B38360 preserving shading"",""defringe radius2""]","","candidate","13aeb6f897944404d26a069101ca102a14a284dc20280d181fb3aabf43eaa690","256","256","51642","13894"
"pt_face_m_01","layers/pt_face_m_01.png","face","layer","base","adult","","119","40","105","70","112","150","120","98","168","208","generated-pt_face_m_01","provenance/raw/generated-pt_face_m_01.png","cae7a9af26028df5a74182c85289c95024168dfbc3014376bc25d514793d6859","Use case: stylized-concept game portrait layer. Reference is STYLE/leftward three-quarter orientation and canvas registration ONLY, not identity. Create ONE new distinct bald head and neck with genuine transparent background, no hair, beard, clothes, accessories or text. Identity: man age30, angular cheekbones, square chin, straight medium nose, slightly hooded eyes, dense level eyebrows. All portraits must use exactly the SAME medium warm tan skin base (midtone #B38360), NOT pale or dark skin variants. Identity differences come from bone structure/nose/eyes/brows not skin tone. Painterly refined historical portrait as reference, soft upper-left illumination, natural brush texture. FULL square256 logical canvas registration: ADULT size: bare crown at(119,40), virtual future hairline y70, eyes centered y112, visible right ear center(150,120), chin tip at approximately(98,168), neck bottom near(123,208). Skull outer right x171, face left profile aroundx64. Keep registration while varying outline visibly. Reference forehead looks too elongated: improve natural anatomy WITHIN these anchors. Head points to viewer LEFT in same3/4 angle. Preserve original fullcanvas margins; no closecrop, no centering the head in a new position. Neutral dignified expression without class, morality or occupational coding. No backdrop colors baked into antialias edges, no bright cutout outline. No age wrinkles on base faces beyond subtle natural features. Output only transparent PNG.","[""landmark crown/eye/chin registration; see face-registration.json"",""uniform medium skin ramp #B38360 preserving shading"",""defringe radius2""]","","candidate","e38e40db41a930e1cbfea7c20d67f3d515a10f76aa117e2156b67be5253313d1","256","256","50902","14634"
"pt_face_m_01","masks/pt_face_m_01_skinmask.png","face","skinmask","base","adult","","119","40","105","70","112","150","120","98","168","208","generated-pt_face_m_01","provenance/raw/generated-pt_face_m_01.png","cae7a9af26028df5a74182c85289c95024168dfbc3014376bc25d514793d6859","Use case: stylized-concept game portrait layer. Reference is STYLE/leftward three-quarter orientation and canvas registration ONLY, not identity. Create ONE new distinct bald head and neck with genuine transparent background, no hair, beard, clothes, accessories or text. Identity: man age30, angular cheekbones, square chin, straight medium nose, slightly hooded eyes, dense level eyebrows. All portraits must use exactly the SAME medium warm tan skin base (midtone #B38360), NOT pale or dark skin variants. Identity differences come from bone structure/nose/eyes/brows not skin tone. Painterly refined historical portrait as reference, soft upper-left illumination, natural brush texture. FULL square256 logical canvas registration: ADULT size: bare crown at(119,40), virtual future hairline y70, eyes centered y112, visible right ear center(150,120), chin tip at approximately(98,168), neck bottom near(123,208). Skull outer right x171, face left profile aroundx64. Keep registration while varying outline visibly. Reference forehead looks too elongated: improve natural anatomy WITHIN these anchors. Head points to viewer LEFT in same3/4 angle. Preserve original fullcanvas margins; no closecrop, no centering the head in a new position. Neutral dignified expression without class, morality or occupational coding. No backdrop colors baked into antialias edges, no bright cutout outline. No age wrinkles on base faces beyond subtle natural features. Output only transparent PNG.","[""landmark crown/eye/chin registration; see face-registration.json"",""uniform medium skin ramp #B38360 preserving shading"",""defringe radius2""]","","candidate","f9d37ec1beb1be8cce498ffb123afad2b9d5c65c86c54758210331427bb25656","256","256","51148","14388"
"pt_face_m_02","layers/pt_face_m_02.png","face","layer","base","adult","","119","40","105","70","112","150","120","98","168","208","generated-pt_face_m_02","provenance/raw/generated-pt_face_m_02.png","23f62e566467ea4a994722ae80cca433ac36e3e0ab636be59acdc4ad9cbf03f5","Use case: stylized-concept game portrait layer. Reference is STYLE/leftward three-quarter orientation and canvas registration ONLY, not identity. Create ONE new distinct bald head and neck with genuine transparent background, no hair, beard, clothes, accessories or text. Identity: man age25, VERY LONG narrow face with long pointed chin, prominent convex aquiline nose, close-set narrow eyes, slim eyebrows. All portraits must use exactly the SAME medium warm tan skin base (midtone #B38360), NOT pale or dark skin variants. Identity differences come from bone structure/nose/eyes/brows not skin tone. Painterly refined historical portrait as reference, soft upper-left illumination, natural brush texture. FULL square256 logical canvas registration: ADULT size: bare crown at(119,40), virtual future hairline y70, eyes centered y112, visible right ear center(150,120), chin tip at approximately(98,168), neck bottom near(123,208). Skull outer right x171, face left profile aroundx64. Keep registration while varying outline visibly. Reference forehead looks too elongated: improve natural anatomy WITHIN these anchors. Head points to viewer LEFT in same3/4 angle. Preserve original fullcanvas margins; no closecrop, no centering the head in a new position. Neutral dignified expression without class, morality or occupational coding. No backdrop colors baked into antialias edges, no bright cutout outline. No age wrinkles on base faces beyond subtle natural features. Output only transparent PNG.","[""landmark crown/eye/chin registration; see face-registration.json"",""uniform medium skin ramp #B38360 preserving shading"",""defringe radius2""]","","candidate","8b00a2580c1b0c1965e3e7dc80aeede1e2bfe573e8f07ef24ee749688de3aeab","256","256","52155","13381"
"pt_face_m_02","masks/pt_face_m_02_skinmask.png","face","skinmask","base","adult","","119","40","105","70","112","150","120","98","168","208","generated-pt_face_m_02","provenance/raw/generated-pt_face_m_02.png","23f62e566467ea4a994722ae80cca433ac36e3e0ab636be59acdc4ad9cbf03f5","Use case: stylized-concept game portrait layer. Reference is STYLE/leftward three-quarter orientation and canvas registration ONLY, not identity. Create ONE new distinct bald head and neck with genuine transparent background, no hair, beard, clothes, accessories or text. Identity: man age25, VERY LONG narrow face with long pointed chin, prominent convex aquiline nose, close-set narrow eyes, slim eyebrows. All portraits must use exactly the SAME medium warm tan skin base (midtone #B38360), NOT pale or dark skin variants. Identity differences come from bone structure/nose/eyes/brows not skin tone. Painterly refined historical portrait as reference, soft upper-left illumination, natural brush texture. FULL square256 logical canvas registration: ADULT size: bare crown at(119,40), virtual future hairline y70, eyes centered y112, visible right ear center(150,120), chin tip at approximately(98,168), neck bottom near(123,208). Skull outer right x171, face left profile aroundx64. Keep registration while varying outline visibly. Reference forehead looks too elongated: improve natural anatomy WITHIN these anchors. Head points to viewer LEFT in same3/4 angle. Preserve original fullcanvas margins; no closecrop, no centering the head in a new position. Neutral dignified expression without class, morality or occupational coding. No backdrop colors baked into antialias edges, no bright cutout outline. No age wrinkles on base faces beyond subtle natural features. Output only transparent PNG.","[""landmark crown/eye/chin registration; see face-registration.json"",""uniform medium skin ramp #B38360 preserving shading"",""defringe radius2""]","","candidate","4d22c6db8386011c866b18b0e4af7066b5e526c1c3ba8ce677732bbbb37b8a55","256","256","52332","13204"
"pt_face_m_03","layers/pt_face_m_03.png","face","layer","base","adult","","119","40","105","70","112","150","120","98","168","208","generated-pt_face_m_03","provenance/raw/generated-pt_face_m_03.png","ff01c96f4e72d030b55aed273eb39ee737b4778697443656bfc3d89325f39858","Use case: stylized-concept game portrait layer. Reference is STYLE/leftward three-quarter orientation and canvas registration ONLY, not identity. Create ONE new distinct bald head and neck with genuine transparent background, no hair, beard, clothes, accessories or text. Identity: man age28, VERY ROUND broad face and full cheeks, short rounded chin, wide short button nose, large round eyes, thick curved brows. All portraits must use exactly the SAME medium warm tan skin base (midtone #B38360), NOT pale or dark skin variants. Identity differences come from bone structure/nose/eyes/brows not skin tone. Painterly refined historical portrait as reference, soft upper-left illumination, natural brush texture. FULL square256 logical canvas registration: ADULT size: bare crown at(119,40), virtual future hairline y70, eyes centered y112, visible right ear center(150,120), chin tip at approximately(98,168), neck bottom near(123,208). Skull outer right x171, face left profile aroundx64. Keep registration while varying outline visibly. Reference forehead looks too elongated: improve natural anatomy WITHIN these anchors. Head points to viewer LEFT in same3/4 angle. Preserve original fullcanvas margins; no closecrop, no centering the head in a new position. Neutral dignified expression without class, morality or occupational coding. No backdrop colors baked into antialias edges, no bright cutout outline. No age wrinkles on base faces beyond subtle natural features. Output only transparent PNG.","[""landmark crown/eye/chin registration; see face-registration.json"",""uniform medium skin ramp #B38360 preserving shading"",""defringe radius2""]","","candidate","9102da7179848dfba63f7e331d4b06bd780dfe0c3cf3d2ff941efca36c3ba7ff","256","256","49982","15554"
"pt_face_m_03","masks/pt_face_m_03_skinmask.png","face","skinmask","base","adult","","119","40","105","70","112","150","120","98","168","208","generated-pt_face_m_03","provenance/raw/generated-pt_face_m_03.png","ff01c96f4e72d030b55aed273eb39ee737b4778697443656bfc3d89325f39858","Use case: stylized-concept game portrait layer. Reference is STYLE/leftward three-quarter orientation and canvas registration ONLY, not identity. Create ONE new distinct bald head and neck with genuine transparent background, no hair, beard, clothes, accessories or text. Identity: man age28, VERY ROUND broad face and full cheeks, short rounded chin, wide short button nose, large round eyes, thick curved brows. All portraits must use exactly the SAME medium warm tan skin base (midtone #B38360), NOT pale or dark skin variants. Identity differences come from bone structure/nose/eyes/brows not skin tone. Painterly refined historical portrait as reference, soft upper-left illumination, natural brush texture. FULL square256 logical canvas registration: ADULT size: bare crown at(119,40), virtual future hairline y70, eyes centered y112, visible right ear center(150,120), chin tip at approximately(98,168), neck bottom near(123,208). Skull outer right x171, face left profile aroundx64. Keep registration while varying outline visibly. Reference forehead looks too elongated: improve natural anatomy WITHIN these anchors. Head points to viewer LEFT in same3/4 angle. Preserve original fullcanvas margins; no closecrop, no centering the head in a new position. Neutral dignified expression without class, morality or occupational coding. No backdrop colors baked into antialias edges, no bright cutout outline. No age wrinkles on base faces beyond subtle natural features. Output only transparent PNG.","[""landmark crown/eye/chin registration; see face-registration.json"",""uniform medium skin ramp #B38360 preserving shading"",""defringe radius2""]","","candidate","726382811d5418f03f02f5a72808ad714632e80f6ef3b1ba7d1d3ecd7f7621ab","256","256","50293","15243"
"pt_face_m_04","layers/pt_face_m_04.png","face","layer","base","adult","","119","40","105","70","112","150","120","98","168","208","generated-pt_face_m_04","provenance/raw/generated-pt_face_m_04.png","ba27b487d0a4468a5ad493a720ef42f10e0ae71f7bebb52b02e60dd881018d19","Use case: stylized-concept game portrait layer. Reference is STYLE/leftward three-quarter orientation and canvas registration ONLY, not identity. Create ONE new distinct bald head and neck with genuine transparent background, no hair, beard, clothes, accessories or text. Identity: man age30, diamond face high sharp cheekbones, broad nostrils and full lips, medium square chin, wide set eyes. All portraits must use exactly the SAME medium warm tan skin base (midtone #B38360), NOT pale or dark skin variants. Identity differences come from bone structure/nose/eyes/brows not skin tone. Painterly refined historical portrait as reference, soft upper-left illumination, natural brush texture. FULL square256 logical canvas registration: ADULT size: bare crown at(119,40), virtual future hairline y70, eyes centered y112, visible right ear center(150,120), chin tip at approximately(98,168), neck bottom near(123,208). Skull outer right x171, face left profile aroundx64. Keep registration while varying outline visibly. Reference forehead looks too elongated: improve natural anatomy WITHIN these anchors. Head points to viewer LEFT in same3/4 angle. Preserve original fullcanvas margins; no closecrop, no centering the head in a new position. Neutral dignified expression without class, morality or occupational coding. No backdrop colors baked into antialias edges, no bright cutout outline. No age wrinkles on base faces beyond subtle natural features. Output only transparent PNG.","[""landmark crown/eye/chin registration; see face-registration.json"",""uniform medium skin ramp #B38360 preserving shading"",""defringe radius2""]","","candidate","4b9f7eca04db71c62ec2949ff587386e73f4004bfe2f26e736051b5bd58a4b3d","256","256","50774","14762"
"pt_face_m_04","masks/pt_face_m_04_skinmask.png","face","skinmask","base","adult","","119","40","105","70","112","150","120","98","168","208","generated-pt_face_m_04","provenance/raw/generated-pt_face_m_04.png","ba27b487d0a4468a5ad493a720ef42f10e0ae71f7bebb52b02e60dd881018d19","Use case: stylized-concept game portrait layer. Reference is STYLE/leftward three-quarter orientation and canvas registration ONLY, not identity. Create ONE new distinct bald head and neck with genuine transparent background, no hair, beard, clothes, accessories or text. Identity: man age30, diamond face high sharp cheekbones, broad nostrils and full lips, medium square chin, wide set eyes. All portraits must use exactly the SAME medium warm tan skin base (midtone #B38360), NOT pale or dark skin variants. Identity differences come from bone structure/nose/eyes/brows not skin tone. Painterly refined historical portrait as reference, soft upper-left illumination, natural brush texture. FULL square256 logical canvas registration: ADULT size: bare crown at(119,40), virtual future hairline y70, eyes centered y112, visible right ear center(150,120), chin tip at approximately(98,168), neck bottom near(123,208). Skull outer right x171, face left profile aroundx64. Keep registration while varying outline visibly. Reference forehead looks too elongated: improve natural anatomy WITHIN these anchors. Head points to viewer LEFT in same3/4 angle. Preserve original fullcanvas margins; no closecrop, no centering the head in a new position. Neutral dignified expression without class, morality or occupational coding. No backdrop colors baked into antialias edges, no bright cutout outline. No age wrinkles on base faces beyond subtle natural features. Output only transparent PNG.","[""landmark crown/eye/chin registration; see face-registration.json"",""uniform medium skin ramp #B38360 preserving shading"",""defringe radius2""]","","candidate","226a196dde890c7dfbd98bf28458c1a66aee4ae447e7b2e4dcd4689e06c03f40","256","256","51108","14428"
"pt_face_m_05","layers/pt_face_m_05.png","face","layer","base","adult","","119","40","105","70","112","150","120","98","168","208","generated-pt_face_m_05","provenance/raw/generated-pt_face_m_05.png","e0d52e448332aa6ef60c5fa50b94d89a70904e8f28edf4b6888d85aa8e70cfe0","Use case: stylized-concept game portrait layer. Reference is STYLE/leftward three-quarter orientation and canvas registration ONLY, not identity. Create ONE new distinct bald head and neck with genuine transparent background, no hair, beard, clothes, accessories or text. Identity: man age32, asymmetrically bent prominent hooked nose, rectangular narrow jaw and cleft chin, low heavy brow and small deep-set eyes. All portraits must use exactly the SAME medium warm tan skin base (midtone #B38360), NOT pale or dark skin variants. Identity differences come from bone structure/nose/eyes/brows not skin tone. Painterly refined historical portrait as reference, soft upper-left illumination, natural brush texture. FULL square256 logical canvas registration: ADULT size: bare crown at(119,40), virtual future hairline y70, eyes centered y112, visible right ear center(150,120), chin tip at approximately(98,168), neck bottom near(123,208). Skull outer right x171, face left profile aroundx64. Keep registration while varying outline visibly. Reference forehead looks too elongated: improve natural anatomy WITHIN these anchors. Head points to viewer LEFT in same3/4 angle. Preserve original fullcanvas margins; no closecrop, no centering the head in a new position. Neutral dignified expression without class, morality or occupational coding. No backdrop colors baked into antialias edges, no bright cutout outline. No age wrinkles on base faces beyond subtle natural features. Output only transparent PNG.","[""landmark crown/eye/chin registration; see face-registration.json"",""uniform medium skin ramp #B38360 preserving shading"",""defringe radius2""]","","candidate","15db7c31ff4da796c8825af6566a24bc6fa56751dca80165233520076f38dc5c","256","256","50529","15007"
"pt_face_m_05","masks/pt_face_m_05_skinmask.png","face","skinmask","base","adult","","119","40","105","70","112","150","120","98","168","208","generated-pt_face_m_05","provenance/raw/generated-pt_face_m_05.png","e0d52e448332aa6ef60c5fa50b94d89a70904e8f28edf4b6888d85aa8e70cfe0","Use case: stylized-concept game portrait layer. Reference is STYLE/leftward three-quarter orientation and canvas registration ONLY, not identity. Create ONE new distinct bald head and neck with genuine transparent background, no hair, beard, clothes, accessories or text. Identity: man age32, asymmetrically bent prominent hooked nose, rectangular narrow jaw and cleft chin, low heavy brow and small deep-set eyes. All portraits must use exactly the SAME medium warm tan skin base (midtone #B38360), NOT pale or dark skin variants. Identity differences come from bone structure/nose/eyes/brows not skin tone. Painterly refined historical portrait as reference, soft upper-left illumination, natural brush texture. FULL square256 logical canvas registration: ADULT size: bare crown at(119,40), virtual future hairline y70, eyes centered y112, visible right ear center(150,120), chin tip at approximately(98,168), neck bottom near(123,208). Skull outer right x171, face left profile aroundx64. Keep registration while varying outline visibly. Reference forehead looks too elongated: improve natural anatomy WITHIN these anchors. Head points to viewer LEFT in same3/4 angle. Preserve original fullcanvas margins; no closecrop, no centering the head in a new position. Neutral dignified expression without class, morality or occupational coding. No backdrop colors baked into antialias edges, no bright cutout outline. No age wrinkles on base faces beyond subtle natural features. Output only transparent PNG.","[""landmark crown/eye/chin registration; see face-registration.json"",""uniform medium skin ramp #B38360 preserving shading"",""defringe radius2""]","","candidate","13b1190951305e3748d0c627db32565ad6e90437b941ec6d16d8a74338095694","256","256","50790","14746"
"pt_face_m_06","layers/pt_face_m_06.png","face","layer","base","adult","","119","40","105","70","112","150","120","98","168","208","generated-pt_face_m_06","provenance/raw/generated-pt_face_m_06.png","614d3260b76b87cf0351effed8dc12ff54656f2b11df6b6f748d978658682ce6","Use case: stylized-concept game portrait layer. Reference is STYLE/leftward three-quarter orientation and canvas registration ONLY, not identity. Create ONE new distinct bald head and neck with genuine transparent background, no hair, beard, clothes, accessories or text. Identity: man age24, heart shape broad forehead and tapered small chin, slightly upturned small nose, clear wide eyes, thin brows. All portraits must use exactly the SAME medium warm tan skin base (midtone #B38360), NOT pale or dark skin variants. Identity differences come from bone structure/nose/eyes/brows not skin tone. Painterly refined historical portrait as reference, soft upper-left illumination, natural brush texture. FULL square256 logical canvas registration: ADULT size: bare crown at(119,40), virtual future hairline y70, eyes centered y112, visible right ear center(150,120), chin tip at approximately(98,168), neck bottom near(123,208). Skull outer right x171, face left profile aroundx64. Keep registration while varying outline visibly. Reference forehead looks too elongated: improve natural anatomy WITHIN these anchors. Head points to viewer LEFT in same3/4 angle. Preserve original fullcanvas margins; no closecrop, no centering the head in a new position. Neutral dignified expression without class, morality or occupational coding. No backdrop colors baked into antialias edges, no bright cutout outline. No age wrinkles on base faces beyond subtle natural features. Output only transparent PNG.","[""landmark crown/eye/chin registration; see face-registration.json"",""uniform medium skin ramp #B38360 preserving shading"",""defringe radius2""]","","candidate","80517aa5061bc093f3a6029efd1d57ca17611ce705b8d750af7ecdc665ebccd7","256","256","51077","14459"
"pt_face_m_06","masks/pt_face_m_06_skinmask.png","face","skinmask","base","adult","","119","40","105","70","112","150","120","98","168","208","generated-pt_face_m_06","provenance/raw/generated-pt_face_m_06.png","614d3260b76b87cf0351effed8dc12ff54656f2b11df6b6f748d978658682ce6","Use case: stylized-concept game portrait layer. Reference is STYLE/leftward three-quarter orientation and canvas registration ONLY, not identity. Create ONE new distinct bald head and neck with genuine transparent background, no hair, beard, clothes, accessories or text. Identity: man age24, heart shape broad forehead and tapered small chin, slightly upturned small nose, clear wide eyes, thin brows. All portraits must use exactly the SAME medium warm tan skin base (midtone #B38360), NOT pale or dark skin variants. Identity differences come from bone structure/nose/eyes/brows not skin tone. Painterly refined historical portrait as reference, soft upper-left illumination, natural brush texture. FULL square256 logical canvas registration: ADULT size: bare crown at(119,40), virtual future hairline y70, eyes centered y112, visible right ear center(150,120), chin tip at approximately(98,168), neck bottom near(123,208). Skull outer right x171, face left profile aroundx64. Keep registration while varying outline visibly. Reference forehead looks too elongated: improve natural anatomy WITHIN these anchors. Head points to viewer LEFT in same3/4 angle. Preserve original fullcanvas margins; no closecrop, no centering the head in a new position. Neutral dignified expression without class, morality or occupational coding. No backdrop colors baked into antialias edges, no bright cutout outline. No age wrinkles on base faces beyond subtle natural features. Output only transparent PNG.","[""landmark crown/eye/chin registration; see face-registration.json"",""uniform medium skin ramp #B38360 preserving shading"",""defringe radius2""]","","candidate","6643db965eb4126c898d176e5069d311f948d401d17f8e0a601fbce6a7e52a6e","256","256","51362","14174"
"pt_face_m_07","layers/pt_face_m_07.png","face","layer","base","adult","","119","40","105","70","112","150","120","98","168","208","generated-pt_face_m_07","provenance/raw/generated-pt_face_m_07.png","a9c6ca317d894d81a98c2bccc1696d945975d7617a965ce6f77f9e722621d235","Use case: stylized-concept game portrait layer. Reference is STYLE/leftward three-quarter orientation and canvas registration ONLY, not identity. Create ONE new distinct bald head and neck with genuine transparent background, no hair, beard, clothes, accessories or text. Identity: man age30, VERY WIDE square powerful jaw with broad flat nose, thick lips, low straight THICK brows, narrow eyes. All portraits must use exactly the SAME medium warm tan skin base (midtone #B38360), NOT pale or dark skin variants. Identity differences come from bone structure/nose/eyes/brows not skin tone. Painterly refined historical portrait as reference, soft upper-left illumination, natural brush texture. FULL square256 logical canvas registration: ADULT size: bare crown at(119,40), virtual future hairline y70, eyes centered y112, visible right ear center(150,120), chin tip at approximately(98,168), neck bottom near(123,208). Skull outer right x171, face left profile aroundx64. Keep registration while varying outline visibly. Reference forehead looks too elongated: improve natural anatomy WITHIN these anchors. Head points to viewer LEFT in same3/4 angle. Preserve original fullcanvas margins; no closecrop, no centering the head in a new position. Neutral dignified expression without class, morality or occupational coding. No backdrop colors baked into antialias edges, no bright cutout outline. No age wrinkles on base faces beyond subtle natural features. Output only transparent PNG.","[""landmark crown/eye/chin registration; see face-registration.json"",""uniform medium skin ramp #B38360 preserving shading"",""defringe radius2""]","","candidate","1c0f400f77792d57a668ef93870b81d4e83eae7119a6411f10e48ba9dc639ddf","256","256","50265","15271"
"pt_face_m_07","masks/pt_face_m_07_skinmask.png","face","skinmask","base","adult","","119","40","105","70","112","150","120","98","168","208","generated-pt_face_m_07","provenance/raw/generated-pt_face_m_07.png","a9c6ca317d894d81a98c2bccc1696d945975d7617a965ce6f77f9e722621d235","Use case: stylized-concept game portrait layer. Reference is STYLE/leftward three-quarter orientation and canvas registration ONLY, not identity. Create ONE new distinct bald head and neck with genuine transparent background, no hair, beard, clothes, accessories or text. Identity: man age30, VERY WIDE square powerful jaw with broad flat nose, thick lips, low straight THICK brows, narrow eyes. All portraits must use exactly the SAME medium warm tan skin base (midtone #B38360), NOT pale or dark skin variants. Identity differences come from bone structure/nose/eyes/brows not skin tone. Painterly refined historical portrait as reference, soft upper-left illumination, natural brush texture. FULL square256 logical canvas registration: ADULT size: bare crown at(119,40), virtual future hairline y70, eyes centered y112, visible right ear center(150,120), chin tip at approximately(98,168), neck bottom near(123,208). Skull outer right x171, face left profile aroundx64. Keep registration while varying outline visibly. Reference forehead looks too elongated: improve natural anatomy WITHIN these anchors. Head points to viewer LEFT in same3/4 angle. Preserve original fullcanvas margins; no closecrop, no centering the head in a new position. Neutral dignified expression without class, morality or occupational coding. No backdrop colors baked into antialias edges, no bright cutout outline. No age wrinkles on base faces beyond subtle natural features. Output only transparent PNG.","[""landmark crown/eye/chin registration; see face-registration.json"",""uniform medium skin ramp #B38360 preserving shading"",""defringe radius2""]","","candidate","5a2c9e8365087d2d658bbf05906df89046ac9a050516a2a305e1f74de267c7a2","256","256","50565","14971"
"pt_face_m_08","layers/pt_face_m_08.png","face","layer","base","adult","","119","40","105","70","112","150","120","98","168","208","generated-pt_face_m_08","provenance/raw/generated-pt_face_m_08.png","195be2ff6a2f11ad8a3948f9cbf603006acfa50b4befbd850507f723faeeb9ca","Use case: stylized-concept game portrait layer. Reference is STYLE/leftward three-quarter orientation and canvas registration ONLY, not identity. Create ONE new distinct bald head and neck with genuine transparent background, no hair, beard, clothes, accessories or text. Identity: man age30, long oval face with softly rounded jaw, strongly convex nose, broad tall eyebrows, thin lips. All portraits must use exactly the SAME medium warm tan skin base (midtone #B38360), NOT pale or dark skin variants. Identity differences come from bone structure/nose/eyes/brows not skin tone. Painterly refined historical portrait as reference, soft upper-left illumination, natural brush texture. FULL square256 logical canvas registration: ADULT size: bare crown at(119,40), virtual future hairline y70, eyes centered y112, visible right ear center(150,120), chin tip at approximately(98,168), neck bottom near(123,208). Skull outer right x171, face left profile aroundx64. Keep registration while varying outline visibly. Reference forehead looks too elongated: improve natural anatomy WITHIN these anchors. Head points to viewer LEFT in same3/4 angle. Preserve original fullcanvas margins; no closecrop, no centering the head in a new position. Neutral dignified expression without class, morality or occupational coding. No backdrop colors baked into antialias edges, no bright cutout outline. No age wrinkles on base faces beyond subtle natural features. Output only transparent PNG.","[""landmark crown/eye/chin registration; see face-registration.json"",""uniform medium skin ramp #B38360 preserving shading"",""defringe radius2""]","","candidate","54e918681d60e550dc306a4348eadc57f676475c2f6eda7f2831cf4d52e668d7","256","256","51011","14525"
"pt_face_m_08","masks/pt_face_m_08_skinmask.png","face","skinmask","base","adult","","119","40","105","70","112","150","120","98","168","208","generated-pt_face_m_08","provenance/raw/generated-pt_face_m_08.png","195be2ff6a2f11ad8a3948f9cbf603006acfa50b4befbd850507f723faeeb9ca","Use case: stylized-concept game portrait layer. Reference is STYLE/leftward three-quarter orientation and canvas registration ONLY, not identity. Create ONE new distinct bald head and neck with genuine transparent background, no hair, beard, clothes, accessories or text. Identity: man age30, long oval face with softly rounded jaw, strongly convex nose, broad tall eyebrows, thin lips. All portraits must use exactly the SAME medium warm tan skin base (midtone #B38360), NOT pale or dark skin variants. Identity differences come from bone structure/nose/eyes/brows not skin tone. Painterly refined historical portrait as reference, soft upper-left illumination, natural brush texture. FULL square256 logical canvas registration: ADULT size: bare crown at(119,40), virtual future hairline y70, eyes centered y112, visible right ear center(150,120), chin tip at approximately(98,168), neck bottom near(123,208). Skull outer right x171, face left profile aroundx64. Keep registration while varying outline visibly. Reference forehead looks too elongated: improve natural anatomy WITHIN these anchors. Head points to viewer LEFT in same3/4 angle. Preserve original fullcanvas margins; no closecrop, no centering the head in a new position. Neutral dignified expression without class, morality or occupational coding. No backdrop colors baked into antialias edges, no bright cutout outline. No age wrinkles on base faces beyond subtle natural features. Output only transparent PNG.","[""landmark crown/eye/chin registration; see face-registration.json"",""uniform medium skin ramp #B38360 preserving shading"",""defringe radius2""]","","candidate","b40b931929f29648a82ce26f4979be50827790ead6de38ddfd11360f6e15395e","256","256","51275","14261"
"pt_hair_c_01","layers/pt_hair_c_01.png","hair_child","layer","front","child","","120","56","104","82","112","147.36","120","101.6","160","208","generated-pt_hair_c_01","provenance/raw/generated-pt_hair_c_01.png","cd109475654b5d1d70d2ae1706ea871fb4b6d6ef00fb64dbc89dfa89d986bd79","Game portrait HAIR ONLY transparent two-layer sheet: exactly2:1canvas, LEFT square=FRONT hair, RIGHT square=REAR hair. Both panels represent the SAME left-facing3/4 view, same256 logical coordinates; rear is an occluded layer behind the face, not back-view turnaround. Style boy short straight fringe. Haircolor dark brown. Painterly natural brush texture matched to supplied hair style. Use head reference only for position; DO NOT draw its face or neck. CHILD headwidth88%adult, crown(120,56), virtualhairline(104,82), eyeY112, ear(147,120), chinY160. Hair must fit SMALL child skull; SHORT proportions, no adult bigwig.   Realtransparentbackground with clean alphaedges, no white halo, no face/eyes/lips/ears/body/garment, no labels/grid/divider. Fullcanvasmargins notcropped. Upper-left gentlelight. Keep all hair away from eyes except naturalfringe and cover skull withoutfloating gap.","[""two square source panels split to front/rear"",""per-style size/position registration; see hair-fit-recommendation.json"",""defringe radius2""]","","candidate","247649596789b9550650255949ddf7f39c0213000e11d4a01deec86d3b02cb1b","256","256","59082","6454"
"pt_hair_c_01","masks/pt_hair_c_01_haircolor.png","hair_child","haircolor","front","child","","120","56","104","82","112","147.36","120","101.6","160","208","generated-pt_hair_c_01","provenance/raw/generated-pt_hair_c_01.png","cd109475654b5d1d70d2ae1706ea871fb4b6d6ef00fb64dbc89dfa89d986bd79","Game portrait HAIR ONLY transparent two-layer sheet: exactly2:1canvas, LEFT square=FRONT hair, RIGHT square=REAR hair. Both panels represent the SAME left-facing3/4 view, same256 logical coordinates; rear is an occluded layer behind the face, not back-view turnaround. Style boy short straight fringe. Haircolor dark brown. Painterly natural brush texture matched to supplied hair style. Use head reference only for position; DO NOT draw its face or neck. CHILD headwidth88%adult, crown(120,56), virtualhairline(104,82), eyeY112, ear(147,120), chinY160. Hair must fit SMALL child skull; SHORT proportions, no adult bigwig.   Realtransparentbackground with clean alphaedges, no white halo, no face/eyes/lips/ears/body/garment, no labels/grid/divider. Fullcanvasmargins notcropped. Upper-left gentlelight. Keep all hair away from eyes except naturalfringe and cover skull withoutfloating gap.","[""two square source panels split to front/rear"",""per-style size/position registration; see hair-fit-recommendation.json"",""defringe radius2""]","","candidate","49f5b70fb47ddcae45cd9f53e4e03755632514928fa7f654e01c500cc50429b8","256","256","59082","6454"
"pt_hair_c_01","layers/pt_hair_c_01_rear.png","hair_child","layer","rear","child","","120","56","104","82","112","147.36","120","101.6","160","208","generated-pt_hair_c_01","provenance/raw/generated-pt_hair_c_01.png","cd109475654b5d1d70d2ae1706ea871fb4b6d6ef00fb64dbc89dfa89d986bd79","Game portrait HAIR ONLY transparent two-layer sheet: exactly2:1canvas, LEFT square=FRONT hair, RIGHT square=REAR hair. Both panels represent the SAME left-facing3/4 view, same256 logical coordinates; rear is an occluded layer behind the face, not back-view turnaround. Style boy short straight fringe. Haircolor dark brown. Painterly natural brush texture matched to supplied hair style. Use head reference only for position; DO NOT draw its face or neck. CHILD headwidth88%adult, crown(120,56), virtualhairline(104,82), eyeY112, ear(147,120), chinY160. Hair must fit SMALL child skull; SHORT proportions, no adult bigwig.   Realtransparentbackground with clean alphaedges, no white halo, no face/eyes/lips/ears/body/garment, no labels/grid/divider. Fullcanvasmargins notcropped. Upper-left gentlelight. Keep all hair away from eyes except naturalfringe and cover skull withoutfloating gap.","[""two square source panels split to front/rear"",""per-style size/position registration; see hair-fit-recommendation.json"",""defringe radius2""]","","candidate","af3f8e5b54137062ed533071ba80733e7a81f01c9c929afccbc6639c636f6aab","256","256","56818","8718"
"pt_hair_c_01","masks/pt_hair_c_01_rear_haircolor.png","hair_child","haircolor","rear","child","","120","56","104","82","112","147.36","120","101.6","160","208","generated-pt_hair_c_01","provenance/raw/generated-pt_hair_c_01.png","cd109475654b5d1d70d2ae1706ea871fb4b6d6ef00fb64dbc89dfa89d986bd79","Game portrait HAIR ONLY transparent two-layer sheet: exactly2:1canvas, LEFT square=FRONT hair, RIGHT square=REAR hair. Both panels represent the SAME left-facing3/4 view, same256 logical coordinates; rear is an occluded layer behind the face, not back-view turnaround. Style boy short straight fringe. Haircolor dark brown. Painterly natural brush texture matched to supplied hair style. Use head reference only for position; DO NOT draw its face or neck. CHILD headwidth88%adult, crown(120,56), virtualhairline(104,82), eyeY112, ear(147,120), chinY160. Hair must fit SMALL child skull; SHORT proportions, no adult bigwig.   Realtransparentbackground with clean alphaedges, no white halo, no face/eyes/lips/ears/body/garment, no labels/grid/divider. Fullcanvasmargins notcropped. Upper-left gentlelight. Keep all hair away from eyes except naturalfringe and cover skull withoutfloating gap.","[""two square source panels split to front/rear"",""per-style size/position registration; see hair-fit-recommendation.json"",""defringe radius2""]","","candidate","1f6c917ae22fcce014151cf91392db6777e462fef4a02c48886c8a07871c0b34","256","256","56818","8718"
"pt_hair_c_02","layers/pt_hair_c_02.png","hair_child","layer","front","child","","120","56","104","82","112","147.36","120","101.6","160","208","generated-pt_hair_c_02","provenance/raw/generated-pt_hair_c_02.png","f9c744243a32449914e3f8ed5103acad76db272a8e71fffb5e88ab0c4f142fb4","Game portrait HAIR ONLY transparent two-layer sheet: exactly2:1canvas, LEFT square=FRONT hair, RIGHT square=REAR hair. Both panels represent the SAME left-facing3/4 view, same256 logical coordinates; rear is an occluded layer behind the face, not back-view turnaround. Style boy short soft curls. Haircolor brown. Painterly natural brush texture matched to supplied hair style. Use head reference only for position; DO NOT draw its face or neck. CHILD headwidth88%adult, crown(120,56), virtualhairline(104,82), eyeY112, ear(147,120), chinY160. Hair must fit SMALL child skull; SHORT proportions, no adult bigwig.   Realtransparentbackground with clean alphaedges, no white halo, no face/eyes/lips/ears/body/garment, no labels/grid/divider. Fullcanvasmargins notcropped. Upper-left gentlelight. Keep all hair away from eyes except naturalfringe and cover skull withoutfloating gap.","[""two square source panels split to front/rear"",""per-style size/position registration; see hair-fit-recommendation.json"",""defringe radius2""]","","candidate","5972f995caf849f65e50ac3977ff146bffc5ccb02dbd2b987fd7b905cfcc0930","256","256","59772","5764"
"pt_hair_c_02","masks/pt_hair_c_02_haircolor.png","hair_child","haircolor","front","child","","120","56","104","82","112","147.36","120","101.6","160","208","generated-pt_hair_c_02","provenance/raw/generated-pt_hair_c_02.png","f9c744243a32449914e3f8ed5103acad76db272a8e71fffb5e88ab0c4f142fb4","Game portrait HAIR ONLY transparent two-layer sheet: exactly2:1canvas, LEFT square=FRONT hair, RIGHT square=REAR hair. Both panels represent the SAME left-facing3/4 view, same256 logical coordinates; rear is an occluded layer behind the face, not back-view turnaround. Style boy short soft curls. Haircolor brown. Painterly natural brush texture matched to supplied hair style. Use head reference only for position; DO NOT draw its face or neck. CHILD headwidth88%adult, crown(120,56), virtualhairline(104,82), eyeY112, ear(147,120), chinY160. Hair must fit SMALL child skull; SHORT proportions, no adult bigwig.   Realtransparentbackground with clean alphaedges, no white halo, no face/eyes/lips/ears/body/garment, no labels/grid/divider. Fullcanvasmargins notcropped. Upper-left gentlelight. Keep all hair away from eyes except naturalfringe and cover skull withoutfloating gap.","[""two square source panels split to front/rear"",""per-style size/position registration; see hair-fit-recommendation.json"",""defringe radius2""]","","candidate","963c42eb3afc75576ceb2b2e37622260dc0c444479f4f2f7fe12bd6291c556a3","256","256","59772","5764"
"pt_hair_c_02","layers/pt_hair_c_02_rear.png","hair_child","layer","rear","child","","120","56","104","82","112","147.36","120","101.6","160","208","generated-pt_hair_c_02","provenance/raw/generated-pt_hair_c_02.png","f9c744243a32449914e3f8ed5103acad76db272a8e71fffb5e88ab0c4f142fb4","Game portrait HAIR ONLY transparent two-layer sheet: exactly2:1canvas, LEFT square=FRONT hair, RIGHT square=REAR hair. Both panels represent the SAME left-facing3/4 view, same256 logical coordinates; rear is an occluded layer behind the face, not back-view turnaround. Style boy short soft curls. Haircolor brown. Painterly natural brush texture matched to supplied hair style. Use head reference only for position; DO NOT draw its face or neck. CHILD headwidth88%adult, crown(120,56), virtualhairline(104,82), eyeY112, ear(147,120), chinY160. Hair must fit SMALL child skull; SHORT proportions, no adult bigwig.   Realtransparentbackground with clean alphaedges, no white halo, no face/eyes/lips/ears/body/garment, no labels/grid/divider. Fullcanvasmargins notcropped. Upper-left gentlelight. Keep all hair away from eyes except naturalfringe and cover skull withoutfloating gap.","[""two square source panels split to front/rear"",""per-style size/position registration; see hair-fit-recommendation.json"",""defringe radius2""]","","candidate","e5f61d5290d98ed480e6c9f6db0e7f5c16131d8b4fff7ae737e6063aeae053ec","256","256","59232","6304"
"pt_hair_c_02","masks/pt_hair_c_02_rear_haircolor.png","hair_child","haircolor","rear","child","","120","56","104","82","112","147.36","120","101.6","160","208","generated-pt_hair_c_02","provenance/raw/generated-pt_hair_c_02.png","f9c744243a32449914e3f8ed5103acad76db272a8e71fffb5e88ab0c4f142fb4","Game portrait HAIR ONLY transparent two-layer sheet: exactly2:1canvas, LEFT square=FRONT hair, RIGHT square=REAR hair. Both panels represent the SAME left-facing3/4 view, same256 logical coordinates; rear is an occluded layer behind the face, not back-view turnaround. Style boy short soft curls. Haircolor brown. Painterly natural brush texture matched to supplied hair style. Use head reference only for position; DO NOT draw its face or neck. CHILD headwidth88%adult, crown(120,56), virtualhairline(104,82), eyeY112, ear(147,120), chinY160. Hair must fit SMALL child skull; SHORT proportions, no adult bigwig.   Realtransparentbackground with clean alphaedges, no white halo, no face/eyes/lips/ears/body/garment, no labels/grid/divider. Fullcanvasmargins notcropped. Upper-left gentlelight. Keep all hair away from eyes except naturalfringe and cover skull withoutfloating gap.","[""two square source panels split to front/rear"",""per-style size/position registration; see hair-fit-recommendation.json"",""defringe radius2""]","","candidate","a5ea8f7cedad9e395757463c226eaa974b3838d90eeb5f3b251885b774caa52a","256","256","59232","6304"
"pt_hair_c_03","layers/pt_hair_c_03.png","hair_child","layer","front","child","","120","56","104","82","112","147.36","120","101.6","160","208","generated-pt_hair_c_03","provenance/raw/generated-pt_hair_c_03.png","e148becba6e22c613f4d8e75c6b90d32bdc58f7992d8e322b82825448e34c9c7","Game portrait HAIR ONLY transparent two-layer sheet: exactly2:1canvas, LEFT square=FRONT hair, RIGHT square=REAR hair. Both panels represent the SAME left-facing3/4 view, same256 logical coordinates; rear is an occluded layer behind the face, not back-view turnaround. Style girl small low tied ponytail. Haircolor chestnut. Painterly natural brush texture matched to supplied hair style. Use head reference only for position; DO NOT draw its face or neck. CHILD headwidth88%adult, crown(120,56), virtualhairline(104,82), eyeY112, ear(147,120), chinY160. Hair must fit SMALL child skull; SHORT proportions, no adult bigwig.   Realtransparentbackground with clean alphaedges, no white halo, no face/eyes/lips/ears/body/garment, no labels/grid/divider. Fullcanvasmargins notcropped. Upper-left gentlelight. Keep all hair away from eyes except naturalfringe and cover skull withoutfloating gap.","[""two square source panels split to front/rear"",""per-style size/position registration; see hair-fit-recommendation.json"",""defringe radius2""]","","candidate","75edac4d377de541cfee4ee73495edafc4fd427c3eaa4953acb323c77ac53eef","256","256","58777","6759"
"pt_hair_c_03","masks/pt_hair_c_03_haircolor.png","hair_child","haircolor","front","child","","120","56","104","82","112","147.36","120","101.6","160","208","generated-pt_hair_c_03","provenance/raw/generated-pt_hair_c_03.png","e148becba6e22c613f4d8e75c6b90d32bdc58f7992d8e322b82825448e34c9c7","Game portrait HAIR ONLY transparent two-layer sheet: exactly2:1canvas, LEFT square=FRONT hair, RIGHT square=REAR hair. Both panels represent the SAME left-facing3/4 view, same256 logical coordinates; rear is an occluded layer behind the face, not back-view turnaround. Style girl small low tied ponytail. Haircolor chestnut. Painterly natural brush texture matched to supplied hair style. Use head reference only for position; DO NOT draw its face or neck. CHILD headwidth88%adult, crown(120,56), virtualhairline(104,82), eyeY112, ear(147,120), chinY160. Hair must fit SMALL child skull; SHORT proportions, no adult bigwig.   Realtransparentbackground with clean alphaedges, no white halo, no face/eyes/lips/ears/body/garment, no labels/grid/divider. Fullcanvasmargins notcropped. Upper-left gentlelight. Keep all hair away from eyes except naturalfringe and cover skull withoutfloating gap.","[""two square source panels split to front/rear"",""per-style size/position registration; see hair-fit-recommendation.json"",""defringe radius2""]","","candidate","7754a369b667488aae15c8a705bd77faf879c9a203e55084560fb3dfc8ca412c","256","256","58777","6759"
"pt_hair_c_03","layers/pt_hair_c_03_rear.png","hair_child","layer","rear","child","","120","56","104","82","112","147.36","120","101.6","160","208","generated-pt_hair_c_03","provenance/raw/generated-pt_hair_c_03.png","e148becba6e22c613f4d8e75c6b90d32bdc58f7992d8e322b82825448e34c9c7","Game portrait HAIR ONLY transparent two-layer sheet: exactly2:1canvas, LEFT square=FRONT hair, RIGHT square=REAR hair. Both panels represent the SAME left-facing3/4 view, same256 logical coordinates; rear is an occluded layer behind the face, not back-view turnaround. Style girl small low tied ponytail. Haircolor chestnut. Painterly natural brush texture matched to supplied hair style. Use head reference only for position; DO NOT draw its face or neck. CHILD headwidth88%adult, crown(120,56), virtualhairline(104,82), eyeY112, ear(147,120), chinY160. Hair must fit SMALL child skull; SHORT proportions, no adult bigwig.   Realtransparentbackground with clean alphaedges, no white halo, no face/eyes/lips/ears/body/garment, no labels/grid/divider. Fullcanvasmargins notcropped. Upper-left gentlelight. Keep all hair away from eyes except naturalfringe and cover skull withoutfloating gap.","[""two square source panels split to front/rear"",""per-style size/position registration; see hair-fit-recommendation.json"",""defringe radius2""]","","candidate","a8103f25ffcf805c40597472e5c987c6e1b14fce044ed4d10217ee540ea2a7c0","256","256","58603","6933"
"pt_hair_c_03","masks/pt_hair_c_03_rear_haircolor.png","hair_child","haircolor","rear","child","","120","56","104","82","112","147.36","120","101.6","160","208","generated-pt_hair_c_03","provenance/raw/generated-pt_hair_c_03.png","e148becba6e22c613f4d8e75c6b90d32bdc58f7992d8e322b82825448e34c9c7","Game portrait HAIR ONLY transparent two-layer sheet: exactly2:1canvas, LEFT square=FRONT hair, RIGHT square=REAR hair. Both panels represent the SAME left-facing3/4 view, same256 logical coordinates; rear is an occluded layer behind the face, not back-view turnaround. Style girl small low tied ponytail. Haircolor chestnut. Painterly natural brush texture matched to supplied hair style. Use head reference only for position; DO NOT draw its face or neck. CHILD headwidth88%adult, crown(120,56), virtualhairline(104,82), eyeY112, ear(147,120), chinY160. Hair must fit SMALL child skull; SHORT proportions, no adult bigwig.   Realtransparentbackground with clean alphaedges, no white halo, no face/eyes/lips/ears/body/garment, no labels/grid/divider. Fullcanvasmargins notcropped. Upper-left gentlelight. Keep all hair away from eyes except naturalfringe and cover skull withoutfloating gap.","[""two square source panels split to front/rear"",""per-style size/position registration; see hair-fit-recommendation.json"",""defringe radius2""]","","candidate","c27c9a26dd4fca8cb44ab9a938c3c57e96cf4d48bd6ebc91d21feab9c17d0451","256","256","58603","6933"
"pt_hair_c_04","layers/pt_hair_c_04.png","hair_child","layer","front","child","","120","56","104","82","112","147.36","120","101.6","160","208","generated-pt_hair_c_04","provenance/raw/generated-pt_hair_c_04.png","3f04affa722bb4e47287847cd7bc280695e29eabb9eb627847fe4e5936b308f0","Game portrait HAIR ONLY transparent two-layer sheet: exactly2:1canvas, LEFT square=FRONT hair, RIGHT square=REAR hair. Both panels represent the SAME left-facing3/4 view, same256 logical coordinates; rear is an occluded layer behind the face, not back-view turnaround. Style girl tiny braided low knot. Haircolor brown. Painterly natural brush texture matched to supplied hair style. Use head reference only for position; DO NOT draw its face or neck. CHILD headwidth88%adult, crown(120,56), virtualhairline(104,82), eyeY112, ear(147,120), chinY160. Hair must fit SMALL child skull; SHORT proportions, no adult bigwig.   Realtransparentbackground with clean alphaedges, no white halo, no face/eyes/lips/ears/body/garment, no labels/grid/divider. Fullcanvasmargins notcropped. Upper-left gentlelight. Keep all hair away from eyes except naturalfringe and cover skull withoutfloating gap.","[""two square source panels split to front/rear"",""per-style size/position registration; see hair-fit-recommendation.json"",""defringe radius2""]","","candidate","912fa26b2611ab00971dd1c37b96703906737c870d277049b3775af1b0b2f65f","256","256","58557","6979"
"pt_hair_c_04","masks/pt_hair_c_04_haircolor.png","hair_child","haircolor","front","child","","120","56","104","82","112","147.36","120","101.6","160","208","generated-pt_hair_c_04","provenance/raw/generated-pt_hair_c_04.png","3f04affa722bb4e47287847cd7bc280695e29eabb9eb627847fe4e5936b308f0","Game portrait HAIR ONLY transparent two-layer sheet: exactly2:1canvas, LEFT square=FRONT hair, RIGHT square=REAR hair. Both panels represent the SAME left-facing3/4 view, same256 logical coordinates; rear is an occluded layer behind the face, not back-view turnaround. Style girl tiny braided low knot. Haircolor brown. Painterly natural brush texture matched to supplied hair style. Use head reference only for position; DO NOT draw its face or neck. CHILD headwidth88%adult, crown(120,56), virtualhairline(104,82), eyeY112, ear(147,120), chinY160. Hair must fit SMALL child skull; SHORT proportions, no adult bigwig.   Realtransparentbackground with clean alphaedges, no white halo, no face/eyes/lips/ears/body/garment, no labels/grid/divider. Fullcanvasmargins notcropped. Upper-left gentlelight. Keep all hair away from eyes except naturalfringe and cover skull withoutfloating gap.","[""two square source panels split to front/rear"",""per-style size/position registration; see hair-fit-recommendation.json"",""defringe radius2""]","","candidate","f7bfc08398fe152bfd6445f1d3db58412af30522de6179b71d0aba4d44ea3f44","256","256","58557","6979"
"pt_hair_c_04","layers/pt_hair_c_04_rear.png","hair_child","layer","rear","child","","120","56","104","82","112","147.36","120","101.6","160","208","generated-pt_hair_c_04","provenance/raw/generated-pt_hair_c_04.png","3f04affa722bb4e47287847cd7bc280695e29eabb9eb627847fe4e5936b308f0","Game portrait HAIR ONLY transparent two-layer sheet: exactly2:1canvas, LEFT square=FRONT hair, RIGHT square=REAR hair. Both panels represent the SAME left-facing3/4 view, same256 logical coordinates; rear is an occluded layer behind the face, not back-view turnaround. Style girl tiny braided low knot. Haircolor brown. Painterly natural brush texture matched to supplied hair style. Use head reference only for position; DO NOT draw its face or neck. CHILD headwidth88%adult, crown(120,56), virtualhairline(104,82), eyeY112, ear(147,120), chinY160. Hair must fit SMALL child skull; SHORT proportions, no adult bigwig.   Realtransparentbackground with clean alphaedges, no white halo, no face/eyes/lips/ears/body/garment, no labels/grid/divider. Fullcanvasmargins notcropped. Upper-left gentlelight. Keep all hair away from eyes except naturalfringe and cover skull withoutfloating gap.","[""two square source panels split to front/rear"",""per-style size/position registration; see hair-fit-recommendation.json"",""defringe radius2""]","","candidate","43a71a4c1969fe60ba69c8e20b40cc69d7d1f34eebf8e40faef3b148627d5024","256","256","57142","8394"
"pt_hair_c_04","masks/pt_hair_c_04_rear_haircolor.png","hair_child","haircolor","rear","child","","120","56","104","82","112","147.36","120","101.6","160","208","generated-pt_hair_c_04","provenance/raw/generated-pt_hair_c_04.png","3f04affa722bb4e47287847cd7bc280695e29eabb9eb627847fe4e5936b308f0","Game portrait HAIR ONLY transparent two-layer sheet: exactly2:1canvas, LEFT square=FRONT hair, RIGHT square=REAR hair. Both panels represent the SAME left-facing3/4 view, same256 logical coordinates; rear is an occluded layer behind the face, not back-view turnaround. Style girl tiny braided low knot. Haircolor brown. Painterly natural brush texture matched to supplied hair style. Use head reference only for position; DO NOT draw its face or neck. CHILD headwidth88%adult, crown(120,56), virtualhairline(104,82), eyeY112, ear(147,120), chinY160. Hair must fit SMALL child skull; SHORT proportions, no adult bigwig.   Realtransparentbackground with clean alphaedges, no white halo, no face/eyes/lips/ears/body/garment, no labels/grid/divider. Fullcanvasmargins notcropped. Upper-left gentlelight. Keep all hair away from eyes except naturalfringe and cover skull withoutfloating gap.","[""two square source panels split to front/rear"",""per-style size/position registration; see hair-fit-recommendation.json"",""defringe radius2""]","","candidate","bb3c6663cc43b756c91db9ccbc57312113c080fa930dcb2649322e6793a739f1","256","256","57142","8394"
"pt_hair_c_05","layers/pt_hair_c_05.png","hair_child","layer","front","child","","120","56","104","82","112","147.36","120","101.6","160","208","generated-pt_hair_c_05","provenance/raw/generated-pt_hair_c_05.png","9ef368c6d13715c6a0cda8142c141b5a7d23a78b52e0957838184e203b63a94e","Game portrait HAIR ONLY transparent two-layer sheet: exactly2:1canvas, LEFT square=FRONT hair, RIGHT square=REAR hair. Both panels represent the SAME left-facing3/4 view, same256 logical coordinates; rear is an occluded layer behind the face, not back-view turnaround. Style girl short loose shoulder hair. Haircolor golden brown. Painterly natural brush texture matched to supplied hair style. Use head reference only for position; DO NOT draw its face or neck. CHILD headwidth88%adult, crown(120,56), virtualhairline(104,82), eyeY112, ear(147,120), chinY160. Hair must fit SMALL child skull; SHORT proportions, no adult bigwig.   Realtransparentbackground with clean alphaedges, no white halo, no face/eyes/lips/ears/body/garment, no labels/grid/divider. Fullcanvasmargins notcropped. Upper-left gentlelight. Keep all hair away from eyes except naturalfringe and cover skull withoutfloating gap.","[""two square source panels split to front/rear"",""per-style size/position registration; see hair-fit-recommendation.json"",""defringe radius2""]","","candidate","69798c226da5024c0bdf5c42f5744029ac9d7ee6f4dc70a19b4b95c3a202ac65","256","256","59395","6141"
"pt_hair_c_05","masks/pt_hair_c_05_haircolor.png","hair_child","haircolor","front","child","","120","56","104","82","112","147.36","120","101.6","160","208","generated-pt_hair_c_05","provenance/raw/generated-pt_hair_c_05.png","9ef368c6d13715c6a0cda8142c141b5a7d23a78b52e0957838184e203b63a94e","Game portrait HAIR ONLY transparent two-layer sheet: exactly2:1canvas, LEFT square=FRONT hair, RIGHT square=REAR hair. Both panels represent the SAME left-facing3/4 view, same256 logical coordinates; rear is an occluded layer behind the face, not back-view turnaround. Style girl short loose shoulder hair. Haircolor golden brown. Painterly natural brush texture matched to supplied hair style. Use head reference only for position; DO NOT draw its face or neck. CHILD headwidth88%adult, crown(120,56), virtualhairline(104,82), eyeY112, ear(147,120), chinY160. Hair must fit SMALL child skull; SHORT proportions, no adult bigwig.   Realtransparentbackground with clean alphaedges, no white halo, no face/eyes/lips/ears/body/garment, no labels/grid/divider. Fullcanvasmargins notcropped. Upper-left gentlelight. Keep all hair away from eyes except naturalfringe and cover skull withoutfloating gap.","[""two square source panels split to front/rear"",""per-style size/position registration; see hair-fit-recommendation.json"",""defringe radius2""]","","candidate","0f5d252011e17c003530532fa01fe6ff2c29448fe00c831f4703457d1bccfb2e","256","256","59395","6141"
"pt_hair_c_05","layers/pt_hair_c_05_rear.png","hair_child","layer","rear","child","","120","56","104","82","112","147.36","120","101.6","160","208","generated-pt_hair_c_05","provenance/raw/generated-pt_hair_c_05.png","9ef368c6d13715c6a0cda8142c141b5a7d23a78b52e0957838184e203b63a94e","Game portrait HAIR ONLY transparent two-layer sheet: exactly2:1canvas, LEFT square=FRONT hair, RIGHT square=REAR hair. Both panels represent the SAME left-facing3/4 view, same256 logical coordinates; rear is an occluded layer behind the face, not back-view turnaround. Style girl short loose shoulder hair. Haircolor golden brown. Painterly natural brush texture matched to supplied hair style. Use head reference only for position; DO NOT draw its face or neck. CHILD headwidth88%adult, crown(120,56), virtualhairline(104,82), eyeY112, ear(147,120), chinY160. Hair must fit SMALL child skull; SHORT proportions, no adult bigwig.   Realtransparentbackground with clean alphaedges, no white halo, no face/eyes/lips/ears/body/garment, no labels/grid/divider. Fullcanvasmargins notcropped. Upper-left gentlelight. Keep all hair away from eyes except naturalfringe and cover skull withoutfloating gap.","[""two square source panels split to front/rear"",""per-style size/position registration; see hair-fit-recommendation.json"",""defringe radius2""]","","candidate","7b6c8992a2a6571bd5a0f7d4f8e02edde956f3782e9c565eff7cf38557c2ee81","256","256","58757","6779"
"pt_hair_c_05","masks/pt_hair_c_05_rear_haircolor.png","hair_child","haircolor","rear","child","","120","56","104","82","112","147.36","120","101.6","160","208","generated-pt_hair_c_05","provenance/raw/generated-pt_hair_c_05.png","9ef368c6d13715c6a0cda8142c141b5a7d23a78b52e0957838184e203b63a94e","Game portrait HAIR ONLY transparent two-layer sheet: exactly2:1canvas, LEFT square=FRONT hair, RIGHT square=REAR hair. Both panels represent the SAME left-facing3/4 view, same256 logical coordinates; rear is an occluded layer behind the face, not back-view turnaround. Style girl short loose shoulder hair. Haircolor golden brown. Painterly natural brush texture matched to supplied hair style. Use head reference only for position; DO NOT draw its face or neck. CHILD headwidth88%adult, crown(120,56), virtualhairline(104,82), eyeY112, ear(147,120), chinY160. Hair must fit SMALL child skull; SHORT proportions, no adult bigwig.   Realtransparentbackground with clean alphaedges, no white halo, no face/eyes/lips/ears/body/garment, no labels/grid/divider. Fullcanvasmargins notcropped. Upper-left gentlelight. Keep all hair away from eyes except naturalfringe and cover skull withoutfloating gap.","[""two square source panels split to front/rear"",""per-style size/position registration; see hair-fit-recommendation.json"",""defringe radius2""]","","candidate","228203a9f040556e5ebc7c07f61b422e2dc41394a95705688e7bc4a26fb852a5","256","256","58757","6779"
"pt_hair_c_06","layers/pt_hair_c_06.png","hair_child","layer","front","child","","120","56","104","82","112","147.36","120","101.6","160","208","generated-pt_hair_c_06","provenance/raw/generated-pt_hair_c_06.png","220d89eccb777576bf38db93d09ef9c663a111f3e3ed38c949393c9bb567aa25","Game portrait HAIR ONLY transparent two-layer sheet: exactly2:1canvas, LEFT square=FRONT hair, RIGHT square=REAR hair. Both panels represent the SAME left-facing3/4 view, same256 logical coordinates; rear is an occluded layer behind the face, not back-view turnaround. Style child tousled uneven crop. Haircolor brown. Painterly natural brush texture matched to supplied hair style. Use head reference only for position; DO NOT draw its face or neck. CHILD headwidth88%adult, crown(120,56), virtualhairline(104,82), eyeY112, ear(147,120), chinY160. Hair must fit SMALL child skull; SHORT proportions, no adult bigwig.   Realtransparentbackground with clean alphaedges, no white halo, no face/eyes/lips/ears/body/garment, no labels/grid/divider. Fullcanvasmargins notcropped. Upper-left gentlelight. Keep all hair away from eyes except naturalfringe and cover skull withoutfloating gap.","[""two square source panels split to front/rear"",""per-style size/position registration; see hair-fit-recommendation.json"",""defringe radius2""]","","candidate","8259f62166f8f1ecef94527b1dcccad53680194d52a3acadeb11dec646875417","256","256","59399","6137"
"pt_hair_c_06","masks/pt_hair_c_06_haircolor.png","hair_child","haircolor","front","child","","120","56","104","82","112","147.36","120","101.6","160","208","generated-pt_hair_c_06","provenance/raw/generated-pt_hair_c_06.png","220d89eccb777576bf38db93d09ef9c663a111f3e3ed38c949393c9bb567aa25","Game portrait HAIR ONLY transparent two-layer sheet: exactly2:1canvas, LEFT square=FRONT hair, RIGHT square=REAR hair. Both panels represent the SAME left-facing3/4 view, same256 logical coordinates; rear is an occluded layer behind the face, not back-view turnaround. Style child tousled uneven crop. Haircolor brown. Painterly natural brush texture matched to supplied hair style. Use head reference only for position; DO NOT draw its face or neck. CHILD headwidth88%adult, crown(120,56), virtualhairline(104,82), eyeY112, ear(147,120), chinY160. Hair must fit SMALL child skull; SHORT proportions, no adult bigwig.   Realtransparentbackground with clean alphaedges, no white halo, no face/eyes/lips/ears/body/garment, no labels/grid/divider. Fullcanvasmargins notcropped. Upper-left gentlelight. Keep all hair away from eyes except naturalfringe and cover skull withoutfloating gap.","[""two square source panels split to front/rear"",""per-style size/position registration; see hair-fit-recommendation.json"",""defringe radius2""]","","candidate","e4b37773abe95155e35935246b7fba33b5805c5360f784a998af5cf5889f2f2f","256","256","59399","6137"
"pt_hair_c_06","layers/pt_hair_c_06_rear.png","hair_child","layer","rear","child","","120","56","104","82","112","147.36","120","101.6","160","208","generated-pt_hair_c_06","provenance/raw/generated-pt_hair_c_06.png","220d89eccb777576bf38db93d09ef9c663a111f3e3ed38c949393c9bb567aa25","Game portrait HAIR ONLY transparent two-layer sheet: exactly2:1canvas, LEFT square=FRONT hair, RIGHT square=REAR hair. Both panels represent the SAME left-facing3/4 view, same256 logical coordinates; rear is an occluded layer behind the face, not back-view turnaround. Style child tousled uneven crop. Haircolor brown. Painterly natural brush texture matched to supplied hair style. Use head reference only for position; DO NOT draw its face or neck. CHILD headwidth88%adult, crown(120,56), virtualhairline(104,82), eyeY112, ear(147,120), chinY160. Hair must fit SMALL child skull; SHORT proportions, no adult bigwig.   Realtransparentbackground with clean alphaedges, no white halo, no face/eyes/lips/ears/body/garment, no labels/grid/divider. Fullcanvasmargins notcropped. Upper-left gentlelight. Keep all hair away from eyes except naturalfringe and cover skull withoutfloating gap.","[""two square source panels split to front/rear"",""per-style size/position registration; see hair-fit-recommendation.json"",""defringe radius2""]","","candidate","4c37b118a2a34fae9032749fe6e5cc2af916f81b625b7aa143e9ac055fa360a8","256","256","57030","8506"
"pt_hair_c_06","masks/pt_hair_c_06_rear_haircolor.png","hair_child","haircolor","rear","child","","120","56","104","82","112","147.36","120","101.6","160","208","generated-pt_hair_c_06","provenance/raw/generated-pt_hair_c_06.png","220d89eccb777576bf38db93d09ef9c663a111f3e3ed38c949393c9bb567aa25","Game portrait HAIR ONLY transparent two-layer sheet: exactly2:1canvas, LEFT square=FRONT hair, RIGHT square=REAR hair. Both panels represent the SAME left-facing3/4 view, same256 logical coordinates; rear is an occluded layer behind the face, not back-view turnaround. Style child tousled uneven crop. Haircolor brown. Painterly natural brush texture matched to supplied hair style. Use head reference only for position; DO NOT draw its face or neck. CHILD headwidth88%adult, crown(120,56), virtualhairline(104,82), eyeY112, ear(147,120), chinY160. Hair must fit SMALL child skull; SHORT proportions, no adult bigwig.   Realtransparentbackground with clean alphaedges, no white halo, no face/eyes/lips/ears/body/garment, no labels/grid/divider. Fullcanvasmargins notcropped. Upper-left gentlelight. Keep all hair away from eyes except naturalfringe and cover skull withoutfloating gap.","[""two square source panels split to front/rear"",""per-style size/position registration; see hair-fit-recommendation.json"",""defringe radius2""]","","candidate","2e4ad280ac31d3d97dee46c65fad16c674d93a06dc3e809cd9f3f20b9b3a6a83","256","256","57030","8506"
"pt_hair_f_01_tucked","layers/pt_hair_f_01_tucked.png","hair_tucked","layer","front","adult","","119","40","105","70","112","150","120","98","168","208","generated-pt_hair_f_01_tucked","provenance/raw/generated-pt_hair_f_01_tucked.png","2e7503f7a97267b44bac1b1c0a92b21029c4f8af7717f0d9d671c4f3412bfaec","Game portrait HAIR ONLY transparent two-layer sheet: exactly2:1canvas, LEFT square=FRONT hair, RIGHT square=REAR hair. Both panels represent the SAME left-facing3/4 view, same256 logical coordinates; rear is an occluded layer behind the face, not back-view turnaround. Style Flattened tucked-under-hood version of center-part low bun. Haircolor brown. Painterly natural brush texture matched to supplied hair style. Use head reference only for position; DO NOT draw its face or neck. ADULT barecrown(119,40), hairline(105,70), eyeY112, ear(150,120), chinY168. Skullrightx171, faceleftx64. Hairfits this narrower skull. TUCKED VARIANT: only a few flat fringe strands below hood forehead rim and slim temple wisps. All bulky locks compressed flat behind head. No broad crown volume, no flowing shoulder hair, no loose ends outsidehood. Rear is just a tiny nape tuft withinx128..155 y150..165. Front consists of thin smooth fitted fringe atx65..130 y74..102 and very narrow templehair. Not a full normal hairstyle.  Realtransparentbackground with clean alphaedges, no white halo, no face/eyes/lips/ears/body/garment, no labels/grid/divider. Fullcanvasmargins notcropped. Upper-left gentlelight. Keep all hair away from eyes except naturalfringe and cover skull withoutfloating gap.","[""two square source panels split to front/rear"",""per-style size/position registration; see hair-fit-recommendation.json"",""defringe radius2""]","","candidate","ffcafaf8673aeb9609c27bf7af93b794108924cc7b28e64e103f9aa5614d91f6","256","256","59504","6032"
"pt_hair_f_01_tucked","masks/pt_hair_f_01_tucked_haircolor.png","hair_tucked","haircolor","front","adult","","119","40","105","70","112","150","120","98","168","208","generated-pt_hair_f_01_tucked","provenance/raw/generated-pt_hair_f_01_tucked.png","2e7503f7a97267b44bac1b1c0a92b21029c4f8af7717f0d9d671c4f3412bfaec","Game portrait HAIR ONLY transparent two-layer sheet: exactly2:1canvas, LEFT square=FRONT hair, RIGHT square=REAR hair. Both panels represent the SAME left-facing3/4 view, same256 logical coordinates; rear is an occluded layer behind the face, not back-view turnaround. Style Flattened tucked-under-hood version of center-part low bun. Haircolor brown. Painterly natural brush texture matched to supplied hair style. Use head reference only for position; DO NOT draw its face or neck. ADULT barecrown(119,40), hairline(105,70), eyeY112, ear(150,120), chinY168. Skullrightx171, faceleftx64. Hairfits this narrower skull. TUCKED VARIANT: only a few flat fringe strands below hood forehead rim and slim temple wisps. All bulky locks compressed flat behind head. No broad crown volume, no flowing shoulder hair, no loose ends outsidehood. Rear is just a tiny nape tuft withinx128..155 y150..165. Front consists of thin smooth fitted fringe atx65..130 y74..102 and very narrow templehair. Not a full normal hairstyle.  Realtransparentbackground with clean alphaedges, no white halo, no face/eyes/lips/ears/body/garment, no labels/grid/divider. Fullcanvasmargins notcropped. Upper-left gentlelight. Keep all hair away from eyes except naturalfringe and cover skull withoutfloating gap.","[""two square source panels split to front/rear"",""per-style size/position registration; see hair-fit-recommendation.json"",""defringe radius2""]","","candidate","4c595adaf27a77e3af45e6928abc535ee589135b9d6633ca312518d00fa0c9ce","256","256","59504","6032"
"pt_hair_f_01_tucked","layers/pt_hair_f_01_tucked_rear.png","hair_tucked","layer","rear","adult","","119","40","105","70","112","150","120","98","168","208","generated-pt_hair_f_01_tucked","provenance/raw/generated-pt_hair_f_01_tucked.png","2e7503f7a97267b44bac1b1c0a92b21029c4f8af7717f0d9d671c4f3412bfaec","Game portrait HAIR ONLY transparent two-layer sheet: exactly2:1canvas, LEFT square=FRONT hair, RIGHT square=REAR hair. Both panels represent the SAME left-facing3/4 view, same256 logical coordinates; rear is an occluded layer behind the face, not back-view turnaround. Style Flattened tucked-under-hood version of center-part low bun. Haircolor brown. Painterly natural brush texture matched to supplied hair style. Use head reference only for position; DO NOT draw its face or neck. ADULT barecrown(119,40), hairline(105,70), eyeY112, ear(150,120), chinY168. Skullrightx171, faceleftx64. Hairfits this narrower skull. TUCKED VARIANT: only a few flat fringe strands below hood forehead rim and slim temple wisps. All bulky locks compressed flat behind head. No broad crown volume, no flowing shoulder hair, no loose ends outsidehood. Rear is just a tiny nape tuft withinx128..155 y150..165. Front consists of thin smooth fitted fringe atx65..130 y74..102 and very narrow templehair. Not a full normal hairstyle.  Realtransparentbackground with clean alphaedges, no white halo, no face/eyes/lips/ears/body/garment, no labels/grid/divider. Fullcanvasmargins notcropped. Upper-left gentlelight. Keep all hair away from eyes except naturalfringe and cover skull withoutfloating gap.","[""two square source panels split to front/rear"",""per-style size/position registration; see hair-fit-recommendation.json"",""defringe radius2""]","","candidate","bc6a35420d49c5b97b34391211b8bbfdf0185732bea0e420c9f9b00b0c0873a1","256","256","58543","6993"
"pt_hair_f_01_tucked","masks/pt_hair_f_01_tucked_rear_haircolor.png","hair_tucked","haircolor","rear","adult","","119","40","105","70","112","150","120","98","168","208","generated-pt_hair_f_01_tucked","provenance/raw/generated-pt_hair_f_01_tucked.png","2e7503f7a97267b44bac1b1c0a92b21029c4f8af7717f0d9d671c4f3412bfaec","Game portrait HAIR ONLY transparent two-layer sheet: exactly2:1canvas, LEFT square=FRONT hair, RIGHT square=REAR hair. Both panels represent the SAME left-facing3/4 view, same256 logical coordinates; rear is an occluded layer behind the face, not back-view turnaround. Style Flattened tucked-under-hood version of center-part low bun. Haircolor brown. Painterly natural brush texture matched to supplied hair style. Use head reference only for position; DO NOT draw its face or neck. ADULT barecrown(119,40), hairline(105,70), eyeY112, ear(150,120), chinY168. Skullrightx171, faceleftx64. Hairfits this narrower skull. TUCKED VARIANT: only a few flat fringe strands below hood forehead rim and slim temple wisps. All bulky locks compressed flat behind head. No broad crown volume, no flowing shoulder hair, no loose ends outsidehood. Rear is just a tiny nape tuft withinx128..155 y150..165. Front consists of thin smooth fitted fringe atx65..130 y74..102 and very narrow templehair. Not a full normal hairstyle.  Realtransparentbackground with clean alphaedges, no white halo, no face/eyes/lips/ears/body/garment, no labels/grid/divider. Fullcanvasmargins notcropped. Upper-left gentlelight. Keep all hair away from eyes except naturalfringe and cover skull withoutfloating gap.","[""two square source panels split to front/rear"",""per-style size/position registration; see hair-fit-recommendation.json"",""defringe radius2""]","","candidate","0d72965ac3617a9b19fe5b5b325024c7fd44cf78a39e79bce220033199474d26","256","256","58543","6993"
"pt_hair_f_02_tucked","layers/pt_hair_f_02_tucked.png","hair_tucked","layer","front","adult","","119","40","105","70","112","150","120","98","168","208","generated-pt_hair_f_02_tucked","provenance/raw/generated-pt_hair_f_02_tucked.png","cf14395019798f029ec82084bb6748bb767d55c9390f545938ddd11c2dcb56de","Game portrait HAIR ONLY transparent two-layer sheet: exactly2:1canvas, LEFT square=FRONT hair, RIGHT square=REAR hair. Both panels represent the SAME left-facing3/4 view, same256 logical coordinates; rear is an occluded layer behind the face, not back-view turnaround. Style Flattened tucked-under-hood version of pinned braids. Haircolor brown. Painterly natural brush texture matched to supplied hair style. Use head reference only for position; DO NOT draw its face or neck. ADULT barecrown(119,40), hairline(105,70), eyeY112, ear(150,120), chinY168. Skullrightx171, faceleftx64. Hairfits this narrower skull. TUCKED VARIANT: only a few flat fringe strands below hood forehead rim and slim temple wisps. All bulky locks compressed flat behind head. No broad crown volume, no flowing shoulder hair, no loose ends outsidehood. Rear is just a tiny nape tuft withinx128..155 y150..165. Front consists of thin smooth fitted fringe atx65..130 y74..102 and very narrow templehair. Not a full normal hairstyle.  Realtransparentbackground with clean alphaedges, no white halo, no face/eyes/lips/ears/body/garment, no labels/grid/divider. Fullcanvasmargins notcropped. Upper-left gentlelight. Keep all hair away from eyes except naturalfringe and cover skull withoutfloating gap.","[""two square source panels split to front/rear"",""per-style size/position registration; see hair-fit-recommendation.json"",""defringe radius2""]","","candidate","c4448227ee407c232f1872ee2ea1f1b21039f34718f59e21056cbc8e298170f3","256","256","59897","5639"
"pt_hair_f_02_tucked","masks/pt_hair_f_02_tucked_haircolor.png","hair_tucked","haircolor","front","adult","","119","40","105","70","112","150","120","98","168","208","generated-pt_hair_f_02_tucked","provenance/raw/generated-pt_hair_f_02_tucked.png","cf14395019798f029ec82084bb6748bb767d55c9390f545938ddd11c2dcb56de","Game portrait HAIR ONLY transparent two-layer sheet: exactly2:1canvas, LEFT square=FRONT hair, RIGHT square=REAR hair. Both panels represent the SAME left-facing3/4 view, same256 logical coordinates; rear is an occluded layer behind the face, not back-view turnaround. Style Flattened tucked-under-hood version of pinned braids. Haircolor brown. Painterly natural brush texture matched to supplied hair style. Use head reference only for position; DO NOT draw its face or neck. ADULT barecrown(119,40), hairline(105,70), eyeY112, ear(150,120), chinY168. Skullrightx171, faceleftx64. Hairfits this narrower skull. TUCKED VARIANT: only a few flat fringe strands below hood forehead rim and slim temple wisps. All bulky locks compressed flat behind head. No broad crown volume, no flowing shoulder hair, no loose ends outsidehood. Rear is just a tiny nape tuft withinx128..155 y150..165. Front consists of thin smooth fitted fringe atx65..130 y74..102 and very narrow templehair. Not a full normal hairstyle.  Realtransparentbackground with clean alphaedges, no white halo, no face/eyes/lips/ears/body/garment, no labels/grid/divider. Fullcanvasmargins notcropped. Upper-left gentlelight. Keep all hair away from eyes except naturalfringe and cover skull withoutfloating gap.","[""two square source panels split to front/rear"",""per-style size/position registration; see hair-fit-recommendation.json"",""defringe radius2""]","","candidate","64a1b416e280f8a7a267e32dc1493f227106e22374e3a6bdbe922bed98a006b8","256","256","59897","5639"
"pt_hair_f_02_tucked","layers/pt_hair_f_02_tucked_rear.png","hair_tucked","layer","rear","adult","","119","40","105","70","112","150","120","98","168","208","generated-pt_hair_f_02_tucked","provenance/raw/generated-pt_hair_f_02_tucked.png","cf14395019798f029ec82084bb6748bb767d55c9390f545938ddd11c2dcb56de","Game portrait HAIR ONLY transparent two-layer sheet: exactly2:1canvas, LEFT square=FRONT hair, RIGHT square=REAR hair. Both panels represent the SAME left-facing3/4 view, same256 logical coordinates; rear is an occluded layer behind the face, not back-view turnaround. Style Flattened tucked-under-hood version of pinned braids. Haircolor brown. Painterly natural brush texture matched to supplied hair style. Use head reference only for position; DO NOT draw its face or neck. ADULT barecrown(119,40), hairline(105,70), eyeY112, ear(150,120), chinY168. Skullrightx171, faceleftx64. Hairfits this narrower skull. TUCKED VARIANT: only a few flat fringe strands below hood forehead rim and slim temple wisps. All bulky locks compressed flat behind head. No broad crown volume, no flowing shoulder hair, no loose ends outsidehood. Rear is just a tiny nape tuft withinx128..155 y150..165. Front consists of thin smooth fitted fringe atx65..130 y74..102 and very narrow templehair. Not a full normal hairstyle.  Realtransparentbackground with clean alphaedges, no white halo, no face/eyes/lips/ears/body/garment, no labels/grid/divider. Fullcanvasmargins notcropped. Upper-left gentlelight. Keep all hair away from eyes except naturalfringe and cover skull withoutfloating gap.","[""two square source panels split to front/rear"",""per-style size/position registration; see hair-fit-recommendation.json"",""defringe radius2""]","","candidate","1b60a693937321b2da2807f9728d9a6e9e013bdfb9d34e4cc3378b886ca22812","256","256","61915","3621"
"pt_hair_f_02_tucked","masks/pt_hair_f_02_tucked_rear_haircolor.png","hair_tucked","haircolor","rear","adult","","119","40","105","70","112","150","120","98","168","208","generated-pt_hair_f_02_tucked","provenance/raw/generated-pt_hair_f_02_tucked.png","cf14395019798f029ec82084bb6748bb767d55c9390f545938ddd11c2dcb56de","Game portrait HAIR ONLY transparent two-layer sheet: exactly2:1canvas, LEFT square=FRONT hair, RIGHT square=REAR hair. Both panels represent the SAME left-facing3/4 view, same256 logical coordinates; rear is an occluded layer behind the face, not back-view turnaround. Style Flattened tucked-under-hood version of pinned braids. Haircolor brown. Painterly natural brush texture matched to supplied hair style. Use head reference only for position; DO NOT draw its face or neck. ADULT barecrown(119,40), hairline(105,70), eyeY112, ear(150,120), chinY168. Skullrightx171, faceleftx64. Hairfits this narrower skull. TUCKED VARIANT: only a few flat fringe strands below hood forehead rim and slim temple wisps. All bulky locks compressed flat behind head. No broad crown volume, no flowing shoulder hair, no loose ends outsidehood. Rear is just a tiny nape tuft withinx128..155 y150..165. Front consists of thin smooth fitted fringe atx65..130 y74..102 and very narrow templehair. Not a full normal hairstyle.  Realtransparentbackground with clean alphaedges, no white halo, no face/eyes/lips/ears/body/garment, no labels/grid/divider. Fullcanvasmargins notcropped. Upper-left gentlelight. Keep all hair away from eyes except naturalfringe and cover skull withoutfloating gap.","[""two square source panels split to front/rear"",""per-style size/position registration; see hair-fit-recommendation.json"",""defringe radius2""]","","candidate","a75d38651aa48db6f613d06b52f6ed22f430b207519026e7ffd36880c8981e5c","256","256","61915","3621"
"pt_hair_f_03_tucked","layers/pt_hair_f_03_tucked.png","hair_tucked","layer","front","adult","","119","40","105","70","112","150","120","98","168","208","generated-pt_hair_f_03_tucked","provenance/raw/generated-pt_hair_f_03_tucked.png","dbd19e07dd31b10ae1ff177c685c74292ec90c9da3f32055f6d6895436582d64","Game portrait HAIR ONLY transparent two-layer sheet: exactly2:1canvas, LEFT square=FRONT hair, RIGHT square=REAR hair. Both panels represent the SAME left-facing3/4 view, same256 logical coordinates; rear is an occluded layer behind the face, not back-view turnaround. Style Flattened tucked-under-hood version of loose long hair. Haircolor brown. Painterly natural brush texture matched to supplied hair style. Use head reference only for position; DO NOT draw its face or neck. ADULT barecrown(119,40), hairline(105,70), eyeY112, ear(150,120), chinY168. Skullrightx171, faceleftx64. Hairfits this narrower skull. TUCKED VARIANT: only a few flat fringe strands below hood forehead rim and slim temple wisps. All bulky locks compressed flat behind head. No broad crown volume, no flowing shoulder hair, no loose ends outsidehood. Rear is just a tiny nape tuft withinx128..155 y150..165. Front consists of thin smooth fitted fringe atx65..130 y74..102 and very narrow templehair. Not a full normal hairstyle.  Realtransparentbackground with clean alphaedges, no white halo, no face/eyes/lips/ears/body/garment, no labels/grid/divider. Fullcanvasmargins notcropped. Upper-left gentlelight. Keep all hair away from eyes except naturalfringe and cover skull withoutfloating gap.","[""two square source panels split to front/rear"",""per-style size/position registration; see hair-fit-recommendation.json"",""defringe radius2""]","","candidate","7b4b1a3db135a0daaf677fc351e58129cf543d33b487a0e1e40b647e2f3cae68","256","256","59801","5735"
"pt_hair_f_03_tucked","masks/pt_hair_f_03_tucked_haircolor.png","hair_tucked","haircolor","front","adult","","119","40","105","70","112","150","120","98","168","208","generated-pt_hair_f_03_tucked","provenance/raw/generated-pt_hair_f_03_tucked.png","dbd19e07dd31b10ae1ff177c685c74292ec90c9da3f32055f6d6895436582d64","Game portrait HAIR ONLY transparent two-layer sheet: exactly2:1canvas, LEFT square=FRONT hair, RIGHT square=REAR hair. Both panels represent the SAME left-facing3/4 view, same256 logical coordinates; rear is an occluded layer behind the face, not back-view turnaround. Style Flattened tucked-under-hood version of loose long hair. Haircolor brown. Painterly natural brush texture matched to supplied hair style. Use head reference only for position; DO NOT draw its face or neck. ADULT barecrown(119,40), hairline(105,70), eyeY112, ear(150,120), chinY168. Skullrightx171, faceleftx64. Hairfits this narrower skull. TUCKED VARIANT: only a few flat fringe strands below hood forehead rim and slim temple wisps. All bulky locks compressed flat behind head. No broad crown volume, no flowing shoulder hair, no loose ends outsidehood. Rear is just a tiny nape tuft withinx128..155 y150..165. Front consists of thin smooth fitted fringe atx65..130 y74..102 and very narrow templehair. Not a full normal hairstyle.  Realtransparentbackground with clean alphaedges, no white halo, no face/eyes/lips/ears/body/garment, no labels/grid/divider. Fullcanvasmargins notcropped. Upper-left gentlelight. Keep all hair away from eyes except naturalfringe and cover skull withoutfloating gap.","[""two square source panels split to front/rear"",""per-style size/position registration; see hair-fit-recommendation.json"",""defringe radius2""]","","candidate","714ff7291e73dc2eb6dab63212ba0b470f0eb3b7acb4232f6a556871d3ccc4a0","256","256","59801","5735"
"pt_hair_f_03_tucked","layers/pt_hair_f_03_tucked_rear.png","hair_tucked","layer","rear","adult","","119","40","105","70","112","150","120","98","168","208","generated-pt_hair_f_03_tucked","provenance/raw/generated-pt_hair_f_03_tucked.png","dbd19e07dd31b10ae1ff177c685c74292ec90c9da3f32055f6d6895436582d64","Game portrait HAIR ONLY transparent two-layer sheet: exactly2:1canvas, LEFT square=FRONT hair, RIGHT square=REAR hair. Both panels represent the SAME left-facing3/4 view, same256 logical coordinates; rear is an occluded layer behind the face, not back-view turnaround. Style Flattened tucked-under-hood version of loose long hair. Haircolor brown. Painterly natural brush texture matched to supplied hair style. Use head reference only for position; DO NOT draw its face or neck. ADULT barecrown(119,40), hairline(105,70), eyeY112, ear(150,120), chinY168. Skullrightx171, faceleftx64. Hairfits this narrower skull. TUCKED VARIANT: only a few flat fringe strands below hood forehead rim and slim temple wisps. All bulky locks compressed flat behind head. No broad crown volume, no flowing shoulder hair, no loose ends outsidehood. Rear is just a tiny nape tuft withinx128..155 y150..165. Front consists of thin smooth fitted fringe atx65..130 y74..102 and very narrow templehair. Not a full normal hairstyle.  Realtransparentbackground with clean alphaedges, no white halo, no face/eyes/lips/ears/body/garment, no labels/grid/divider. Fullcanvasmargins notcropped. Upper-left gentlelight. Keep all hair away from eyes except naturalfringe and cover skull withoutfloating gap.","[""two square source panels split to front/rear"",""per-style size/position registration; see hair-fit-recommendation.json"",""defringe radius2""]","","candidate","97be2e5457b02b26e8c9422a32613c21c1c6697a4e0128f1893c7dc99e574e60","256","256","60797","4739"
"pt_hair_f_03_tucked","masks/pt_hair_f_03_tucked_rear_haircolor.png","hair_tucked","haircolor","rear","adult","","119","40","105","70","112","150","120","98","168","208","generated-pt_hair_f_03_tucked","provenance/raw/generated-pt_hair_f_03_tucked.png","dbd19e07dd31b10ae1ff177c685c74292ec90c9da3f32055f6d6895436582d64","Game portrait HAIR ONLY transparent two-layer sheet: exactly2:1canvas, LEFT square=FRONT hair, RIGHT square=REAR hair. Both panels represent the SAME left-facing3/4 view, same256 logical coordinates; rear is an occluded layer behind the face, not back-view turnaround. Style Flattened tucked-under-hood version of loose long hair. Haircolor brown. Painterly natural brush texture matched to supplied hair style. Use head reference only for position; DO NOT draw its face or neck. ADULT barecrown(119,40), hairline(105,70), eyeY112, ear(150,120), chinY168. Skullrightx171, faceleftx64. Hairfits this narrower skull. TUCKED VARIANT: only a few flat fringe strands below hood forehead rim and slim temple wisps. All bulky locks compressed flat behind head. No broad crown volume, no flowing shoulder hair, no loose ends outsidehood. Rear is just a tiny nape tuft withinx128..155 y150..165. Front consists of thin smooth fitted fringe atx65..130 y74..102 and very narrow templehair. Not a full normal hairstyle.  Realtransparentbackground with clean alphaedges, no white halo, no face/eyes/lips/ears/body/garment, no labels/grid/divider. Fullcanvasmargins notcropped. Upper-left gentlelight. Keep all hair away from eyes except naturalfringe and cover skull withoutfloating gap.","[""two square source panels split to front/rear"",""per-style size/position registration; see hair-fit-recommendation.json"",""defringe radius2""]","","candidate","255adb34d4e15e5e0009b826b36a87c4c5deab1d980e5014e3ef900defac0b46","256","256","60797","4739"
"pt_hair_f_07_tucked","layers/pt_hair_f_07_tucked.png","hair_tucked","layer","front","adult","","119","40","105","70","112","150","120","98","168","208","generated-pt_hair_f_07_tucked","provenance/raw/generated-pt_hair_f_07_tucked.png","a44459a69691655702cb6860a6fe28a099940ccd29f1195316f513f3cdd7b85e","Game portrait HAIR ONLY transparent two-layer sheet: exactly2:1canvas, LEFT square=FRONT hair, RIGHT square=REAR hair. Both panels represent the SAME left-facing3/4 view, same256 logical coordinates; rear is an occluded layer behind the face, not back-view turnaround. Style Flattened tucked-under-hood version of gray low tie. Haircolor gray. Painterly natural brush texture matched to supplied hair style. Use head reference only for position; DO NOT draw its face or neck. ADULT barecrown(119,40), hairline(105,70), eyeY112, ear(150,120), chinY168. Skullrightx171, faceleftx64. Hairfits this narrower skull. TUCKED VARIANT: only a few flat fringe strands below hood forehead rim and slim temple wisps. All bulky locks compressed flat behind head. No broad crown volume, no flowing shoulder hair, no loose ends outsidehood. Rear is just a tiny nape tuft withinx128..155 y150..165. Front consists of thin smooth fitted fringe atx65..130 y74..102 and very narrow templehair. Not a full normal hairstyle.  Realtransparentbackground with clean alphaedges, no white halo, no face/eyes/lips/ears/body/garment, no labels/grid/divider. Fullcanvasmargins notcropped. Upper-left gentlelight. Keep all hair away from eyes except naturalfringe and cover skull withoutfloating gap.","[""two square source panels split to front/rear"",""per-style size/position registration; see hair-fit-recommendation.json"",""defringe radius2""]","","candidate","6d98155918193d7639f52f6eaf671d375fb946dde5dd8b7ceb179bb3eadf7b76","256","256","60222","5314"
"pt_hair_f_07_tucked","masks/pt_hair_f_07_tucked_haircolor.png","hair_tucked","haircolor","front","adult","","119","40","105","70","112","150","120","98","168","208","generated-pt_hair_f_07_tucked","provenance/raw/generated-pt_hair_f_07_tucked.png","a44459a69691655702cb6860a6fe28a099940ccd29f1195316f513f3cdd7b85e","Game portrait HAIR ONLY transparent two-layer sheet: exactly2:1canvas, LEFT square=FRONT hair, RIGHT square=REAR hair. Both panels represent the SAME left-facing3/4 view, same256 logical coordinates; rear is an occluded layer behind the face, not back-view turnaround. Style Flattened tucked-under-hood version of gray low tie. Haircolor gray. Painterly natural brush texture matched to supplied hair style. Use head reference only for position; DO NOT draw its face or neck. ADULT barecrown(119,40), hairline(105,70), eyeY112, ear(150,120), chinY168. Skullrightx171, faceleftx64. Hairfits this narrower skull. TUCKED VARIANT: only a few flat fringe strands below hood forehead rim and slim temple wisps. All bulky locks compressed flat behind head. No broad crown volume, no flowing shoulder hair, no loose ends outsidehood. Rear is just a tiny nape tuft withinx128..155 y150..165. Front consists of thin smooth fitted fringe atx65..130 y74..102 and very narrow templehair. Not a full normal hairstyle.  Realtransparentbackground with clean alphaedges, no white halo, no face/eyes/lips/ears/body/garment, no labels/grid/divider. Fullcanvasmargins notcropped. Upper-left gentlelight. Keep all hair away from eyes except naturalfringe and cover skull withoutfloating gap.","[""two square source panels split to front/rear"",""per-style size/position registration; see hair-fit-recommendation.json"",""defringe radius2""]","","candidate","1d77588e01b14cd8e65f66a296e3eb6b370946d3daf4c471055d106d4e28e415","256","256","60222","5314"
"pt_hair_f_07_tucked","layers/pt_hair_f_07_tucked_rear.png","hair_tucked","layer","rear","adult","","119","40","105","70","112","150","120","98","168","208","generated-pt_hair_f_07_tucked","provenance/raw/generated-pt_hair_f_07_tucked.png","a44459a69691655702cb6860a6fe28a099940ccd29f1195316f513f3cdd7b85e","Game portrait HAIR ONLY transparent two-layer sheet: exactly2:1canvas, LEFT square=FRONT hair, RIGHT square=REAR hair. Both panels represent the SAME left-facing3/4 view, same256 logical coordinates; rear is an occluded layer behind the face, not back-view turnaround. Style Flattened tucked-under-hood version of gray low tie. Haircolor gray. Painterly natural brush texture matched to supplied hair style. Use head reference only for position; DO NOT draw its face or neck. ADULT barecrown(119,40), hairline(105,70), eyeY112, ear(150,120), chinY168. Skullrightx171, faceleftx64. Hairfits this narrower skull. TUCKED VARIANT: only a few flat fringe strands below hood forehead rim and slim temple wisps. All bulky locks compressed flat behind head. No broad crown volume, no flowing shoulder hair, no loose ends outsidehood. Rear is just a tiny nape tuft withinx128..155 y150..165. Front consists of thin smooth fitted fringe atx65..130 y74..102 and very narrow templehair. Not a full normal hairstyle.  Realtransparentbackground with clean alphaedges, no white halo, no face/eyes/lips/ears/body/garment, no labels/grid/divider. Fullcanvasmargins notcropped. Upper-left gentlelight. Keep all hair away from eyes except naturalfringe and cover skull withoutfloating gap.","[""two square source panels split to front/rear"",""per-style size/position registration; see hair-fit-recommendation.json"",""defringe radius2""]","","candidate","847f6a5c35143f4eb0dab2c5b36bdf73b85a0b8fa4138380b4ba63b6e11d4f74","256","256","64991","545"
"pt_hair_f_07_tucked","masks/pt_hair_f_07_tucked_rear_haircolor.png","hair_tucked","haircolor","rear","adult","","119","40","105","70","112","150","120","98","168","208","generated-pt_hair_f_07_tucked","provenance/raw/generated-pt_hair_f_07_tucked.png","a44459a69691655702cb6860a6fe28a099940ccd29f1195316f513f3cdd7b85e","Game portrait HAIR ONLY transparent two-layer sheet: exactly2:1canvas, LEFT square=FRONT hair, RIGHT square=REAR hair. Both panels represent the SAME left-facing3/4 view, same256 logical coordinates; rear is an occluded layer behind the face, not back-view turnaround. Style Flattened tucked-under-hood version of gray low tie. Haircolor gray. Painterly natural brush texture matched to supplied hair style. Use head reference only for position; DO NOT draw its face or neck. ADULT barecrown(119,40), hairline(105,70), eyeY112, ear(150,120), chinY168. Skullrightx171, faceleftx64. Hairfits this narrower skull. TUCKED VARIANT: only a few flat fringe strands below hood forehead rim and slim temple wisps. All bulky locks compressed flat behind head. No broad crown volume, no flowing shoulder hair, no loose ends outsidehood. Rear is just a tiny nape tuft withinx128..155 y150..165. Front consists of thin smooth fitted fringe atx65..130 y74..102 and very narrow templehair. Not a full normal hairstyle.  Realtransparentbackground with clean alphaedges, no white halo, no face/eyes/lips/ears/body/garment, no labels/grid/divider. Fullcanvasmargins notcropped. Upper-left gentlelight. Keep all hair away from eyes except naturalfringe and cover skull withoutfloating gap.","[""two square source panels split to front/rear"",""per-style size/position registration; see hair-fit-recommendation.json"",""defringe radius2""]","","candidate","d10f344d50ed8c3da286c905d094664fc60b222b99b7b6c5e6c77608934fbd4a","256","256","64991","545"
"pt_hair_f_08_tucked","layers/pt_hair_f_08_tucked.png","hair_tucked","layer","front","adult","","119","40","105","70","112","150","120","98","168","208","generated-pt_hair_f_08_tucked","provenance/raw/generated-pt_hair_f_08_tucked.png","759c01319ead04b276bea10d0df13e020805e0a2bbd590ce846c8f5a19cb2dc4","Game portrait HAIR ONLY transparent two-layer sheet: exactly2:1canvas, LEFT square=FRONT hair, RIGHT square=REAR hair. Both panels represent the SAME left-facing3/4 view, same256 logical coordinates; rear is an occluded layer behind the face, not back-view turnaround. Style Flattened tucked-under-hood version of gray high coil. Haircolor gray. Painterly natural brush texture matched to supplied hair style. Use head reference only for position; DO NOT draw its face or neck. ADULT barecrown(119,40), hairline(105,70), eyeY112, ear(150,120), chinY168. Skullrightx171, faceleftx64. Hairfits this narrower skull. TUCKED VARIANT: only a few flat fringe strands below hood forehead rim and slim temple wisps. All bulky locks compressed flat behind head. No broad crown volume, no flowing shoulder hair, no loose ends outsidehood. Rear is just a tiny nape tuft withinx128..155 y150..165. Front consists of thin smooth fitted fringe atx65..130 y74..102 and very narrow templehair. Not a full normal hairstyle.  Realtransparentbackground with clean alphaedges, no white halo, no face/eyes/lips/ears/body/garment, no labels/grid/divider. Fullcanvasmargins notcropped. Upper-left gentlelight. Keep all hair away from eyes except naturalfringe and cover skull withoutfloating gap.","[""two square source panels split to front/rear"",""per-style size/position registration; see hair-fit-recommendation.json"",""defringe radius2""]","","candidate","f3e397267e8efec75f9b9db8e362493065334758f77b90b58f1ff290e811645f","256","256","60473","5063"
"pt_hair_f_08_tucked","masks/pt_hair_f_08_tucked_haircolor.png","hair_tucked","haircolor","front","adult","","119","40","105","70","112","150","120","98","168","208","generated-pt_hair_f_08_tucked","provenance/raw/generated-pt_hair_f_08_tucked.png","759c01319ead04b276bea10d0df13e020805e0a2bbd590ce846c8f5a19cb2dc4","Game portrait HAIR ONLY transparent two-layer sheet: exactly2:1canvas, LEFT square=FRONT hair, RIGHT square=REAR hair. Both panels represent the SAME left-facing3/4 view, same256 logical coordinates; rear is an occluded layer behind the face, not back-view turnaround. Style Flattened tucked-under-hood version of gray high coil. Haircolor gray. Painterly natural brush texture matched to supplied hair style. Use head reference only for position; DO NOT draw its face or neck. ADULT barecrown(119,40), hairline(105,70), eyeY112, ear(150,120), chinY168. Skullrightx171, faceleftx64. Hairfits this narrower skull. TUCKED VARIANT: only a few flat fringe strands below hood forehead rim and slim temple wisps. All bulky locks compressed flat behind head. No broad crown volume, no flowing shoulder hair, no loose ends outsidehood. Rear is just a tiny nape tuft withinx128..155 y150..165. Front consists of thin smooth fitted fringe atx65..130 y74..102 and very narrow templehair. Not a full normal hairstyle.  Realtransparentbackground with clean alphaedges, no white halo, no face/eyes/lips/ears/body/garment, no labels/grid/divider. Fullcanvasmargins notcropped. Upper-left gentlelight. Keep all hair away from eyes except naturalfringe and cover skull withoutfloating gap.","[""two square source panels split to front/rear"",""per-style size/position registration; see hair-fit-recommendation.json"",""defringe radius2""]","","candidate","9403aa44f054271a8db6c070859283d6aee8c065f9607521aa8f992e009e262a","256","256","60473","5063"
"pt_hair_f_08_tucked","layers/pt_hair_f_08_tucked_rear.png","hair_tucked","layer","rear","adult","","119","40","105","70","112","150","120","98","168","208","generated-pt_hair_f_08_tucked","provenance/raw/generated-pt_hair_f_08_tucked.png","759c01319ead04b276bea10d0df13e020805e0a2bbd590ce846c8f5a19cb2dc4","Game portrait HAIR ONLY transparent two-layer sheet: exactly2:1canvas, LEFT square=FRONT hair, RIGHT square=REAR hair. Both panels represent the SAME left-facing3/4 view, same256 logical coordinates; rear is an occluded layer behind the face, not back-view turnaround. Style Flattened tucked-under-hood version of gray high coil. Haircolor gray. Painterly natural brush texture matched to supplied hair style. Use head reference only for position; DO NOT draw its face or neck. ADULT barecrown(119,40), hairline(105,70), eyeY112, ear(150,120), chinY168. Skullrightx171, faceleftx64. Hairfits this narrower skull. TUCKED VARIANT: only a few flat fringe strands below hood forehead rim and slim temple wisps. All bulky locks compressed flat behind head. No broad crown volume, no flowing shoulder hair, no loose ends outsidehood. Rear is just a tiny nape tuft withinx128..155 y150..165. Front consists of thin smooth fitted fringe atx65..130 y74..102 and very narrow templehair. Not a full normal hairstyle.  Realtransparentbackground with clean alphaedges, no white halo, no face/eyes/lips/ears/body/garment, no labels/grid/divider. Fullcanvasmargins notcropped. Upper-left gentlelight. Keep all hair away from eyes except naturalfringe and cover skull withoutfloating gap.","[""two square source panels split to front/rear"",""per-style size/position registration; see hair-fit-recommendation.json"",""defringe radius2""]","","candidate","19fa458bbd6c58af965989ac56ddf277a718808ce0337d5713b5dd96375cae64","256","256","65185","351"
"pt_hair_f_08_tucked","masks/pt_hair_f_08_tucked_rear_haircolor.png","hair_tucked","haircolor","rear","adult","","119","40","105","70","112","150","120","98","168","208","generated-pt_hair_f_08_tucked","provenance/raw/generated-pt_hair_f_08_tucked.png","759c01319ead04b276bea10d0df13e020805e0a2bbd590ce846c8f5a19cb2dc4","Game portrait HAIR ONLY transparent two-layer sheet: exactly2:1canvas, LEFT square=FRONT hair, RIGHT square=REAR hair. Both panels represent the SAME left-facing3/4 view, same256 logical coordinates; rear is an occluded layer behind the face, not back-view turnaround. Style Flattened tucked-under-hood version of gray high coil. Haircolor gray. Painterly natural brush texture matched to supplied hair style. Use head reference only for position; DO NOT draw its face or neck. ADULT barecrown(119,40), hairline(105,70), eyeY112, ear(150,120), chinY168. Skullrightx171, faceleftx64. Hairfits this narrower skull. TUCKED VARIANT: only a few flat fringe strands below hood forehead rim and slim temple wisps. All bulky locks compressed flat behind head. No broad crown volume, no flowing shoulder hair, no loose ends outsidehood. Rear is just a tiny nape tuft withinx128..155 y150..165. Front consists of thin smooth fitted fringe atx65..130 y74..102 and very narrow templehair. Not a full normal hairstyle.  Realtransparentbackground with clean alphaedges, no white halo, no face/eyes/lips/ears/body/garment, no labels/grid/divider. Fullcanvasmargins notcropped. Upper-left gentlelight. Keep all hair away from eyes except naturalfringe and cover skull withoutfloating gap.","[""two square source panels split to front/rear"",""per-style size/position registration; see hair-fit-recommendation.json"",""defringe radius2""]","","candidate","981bb2095a55f42401906b4bb806838fcd758fe1e4011d0cf239ad3e5a7bd4be","256","256","65185","351"
"pt_hair_m_01_tucked","layers/pt_hair_m_01_tucked.png","hair_tucked","layer","front","adult","","119","40","105","70","112","150","120","98","168","208","generated-pt_hair_m_01_tucked","provenance/raw/generated-pt_hair_m_01_tucked.png","cbfd82dfb5d7e2d03b09bc74aed1bae33ffd4b9bc4a4cd0a22c6a54c31823236","Game portrait HAIR ONLY transparent two-layer sheet: exactly2:1canvas, LEFT square=FRONT hair, RIGHT square=REAR hair. Both panels represent the SAME left-facing3/4 view, same256 logical coordinates; rear is an occluded layer behind the face, not back-view turnaround. Style Flattened tucked-under-hood version of short tight curls. Haircolor brown. Painterly natural brush texture matched to supplied hair style. Use head reference only for position; DO NOT draw its face or neck. ADULT barecrown(119,40), hairline(105,70), eyeY112, ear(150,120), chinY168. Skullrightx171, faceleftx64. Hairfits this narrower skull. TUCKED VARIANT: only a few flat fringe strands below hood forehead rim and slim temple wisps. All bulky locks compressed flat behind head. No broad crown volume, no flowing shoulder hair, no loose ends outsidehood. Rear is just a tiny nape tuft withinx128..155 y150..165. Front consists of thin smooth fitted fringe atx65..130 y74..102 and very narrow templehair. Not a full normal hairstyle.  Realtransparentbackground with clean alphaedges, no white halo, no face/eyes/lips/ears/body/garment, no labels/grid/divider. Fullcanvasmargins notcropped. Upper-left gentlelight. Keep all hair away from eyes except naturalfringe and cover skull withoutfloating gap.","[""two square source panels split to front/rear"",""per-style size/position registration; see hair-fit-recommendation.json"",""defringe radius2""]","","candidate","c00617ede5e5f08df8c730a9a80e48efd9c568416db309c6b0243ad7d65ceb29","256","256","59908","5628"
"pt_hair_m_01_tucked","masks/pt_hair_m_01_tucked_haircolor.png","hair_tucked","haircolor","front","adult","","119","40","105","70","112","150","120","98","168","208","generated-pt_hair_m_01_tucked","provenance/raw/generated-pt_hair_m_01_tucked.png","cbfd82dfb5d7e2d03b09bc74aed1bae33ffd4b9bc4a4cd0a22c6a54c31823236","Game portrait HAIR ONLY transparent two-layer sheet: exactly2:1canvas, LEFT square=FRONT hair, RIGHT square=REAR hair. Both panels represent the SAME left-facing3/4 view, same256 logical coordinates; rear is an occluded layer behind the face, not back-view turnaround. Style Flattened tucked-under-hood version of short tight curls. Haircolor brown. Painterly natural brush texture matched to supplied hair style. Use head reference only for position; DO NOT draw its face or neck. ADULT barecrown(119,40), hairline(105,70), eyeY112, ear(150,120), chinY168. Skullrightx171, faceleftx64. Hairfits this narrower skull. TUCKED VARIANT: only a few flat fringe strands below hood forehead rim and slim temple wisps. All bulky locks compressed flat behind head. No broad crown volume, no flowing shoulder hair, no loose ends outsidehood. Rear is just a tiny nape tuft withinx128..155 y150..165. Front consists of thin smooth fitted fringe atx65..130 y74..102 and very narrow templehair. Not a full normal hairstyle.  Realtransparentbackground with clean alphaedges, no white halo, no face/eyes/lips/ears/body/garment, no labels/grid/divider. Fullcanvasmargins notcropped. Upper-left gentlelight. Keep all hair away from eyes except naturalfringe and cover skull withoutfloating gap.","[""two square source panels split to front/rear"",""per-style size/position registration; see hair-fit-recommendation.json"",""defringe radius2""]","","candidate","2db914af1368c60a4e3cb0b357644ddad8848e4104db5d41aec2e79b2bd94107","256","256","59908","5628"
"pt_hair_m_01_tucked","layers/pt_hair_m_01_tucked_rear.png","hair_tucked","layer","rear","adult","","119","40","105","70","112","150","120","98","168","208","generated-pt_hair_m_01_tucked","provenance/raw/generated-pt_hair_m_01_tucked.png","cbfd82dfb5d7e2d03b09bc74aed1bae33ffd4b9bc4a4cd0a22c6a54c31823236","Game portrait HAIR ONLY transparent two-layer sheet: exactly2:1canvas, LEFT square=FRONT hair, RIGHT square=REAR hair. Both panels represent the SAME left-facing3/4 view, same256 logical coordinates; rear is an occluded layer behind the face, not back-view turnaround. Style Flattened tucked-under-hood version of short tight curls. Haircolor brown. Painterly natural brush texture matched to supplied hair style. Use head reference only for position; DO NOT draw its face or neck. ADULT barecrown(119,40), hairline(105,70), eyeY112, ear(150,120), chinY168. Skullrightx171, faceleftx64. Hairfits this narrower skull. TUCKED VARIANT: only a few flat fringe strands below hood forehead rim and slim temple wisps. All bulky locks compressed flat behind head. No broad crown volume, no flowing shoulder hair, no loose ends outsidehood. Rear is just a tiny nape tuft withinx128..155 y150..165. Front consists of thin smooth fitted fringe atx65..130 y74..102 and very narrow templehair. Not a full normal hairstyle.  Realtransparentbackground with clean alphaedges, no white halo, no face/eyes/lips/ears/body/garment, no labels/grid/divider. Fullcanvasmargins notcropped. Upper-left gentlelight. Keep all hair away from eyes except naturalfringe and cover skull withoutfloating gap.","[""two square source panels split to front/rear"",""per-style size/position registration; see hair-fit-recommendation.json"",""defringe radius2""]","","candidate","3ae0104fa6d96b167ae33d1477cd43c88e18d14f8a3336c53a37b57020648f71","256","256","64879","657"
"pt_hair_m_01_tucked","masks/pt_hair_m_01_tucked_rear_haircolor.png","hair_tucked","haircolor","rear","adult","","119","40","105","70","112","150","120","98","168","208","generated-pt_hair_m_01_tucked","provenance/raw/generated-pt_hair_m_01_tucked.png","cbfd82dfb5d7e2d03b09bc74aed1bae33ffd4b9bc4a4cd0a22c6a54c31823236","Game portrait HAIR ONLY transparent two-layer sheet: exactly2:1canvas, LEFT square=FRONT hair, RIGHT square=REAR hair. Both panels represent the SAME left-facing3/4 view, same256 logical coordinates; rear is an occluded layer behind the face, not back-view turnaround. Style Flattened tucked-under-hood version of short tight curls. Haircolor brown. Painterly natural brush texture matched to supplied hair style. Use head reference only for position; DO NOT draw its face or neck. ADULT barecrown(119,40), hairline(105,70), eyeY112, ear(150,120), chinY168. Skullrightx171, faceleftx64. Hairfits this narrower skull. TUCKED VARIANT: only a few flat fringe strands below hood forehead rim and slim temple wisps. All bulky locks compressed flat behind head. No broad crown volume, no flowing shoulder hair, no loose ends outsidehood. Rear is just a tiny nape tuft withinx128..155 y150..165. Front consists of thin smooth fitted fringe atx65..130 y74..102 and very narrow templehair. Not a full normal hairstyle.  Realtransparentbackground with clean alphaedges, no white halo, no face/eyes/lips/ears/body/garment, no labels/grid/divider. Fullcanvasmargins notcropped. Upper-left gentlelight. Keep all hair away from eyes except naturalfringe and cover skull withoutfloating gap.","[""two square source panels split to front/rear"",""per-style size/position registration; see hair-fit-recommendation.json"",""defringe radius2""]","","candidate","3c3272dcdb99e6c954e43eb04d2140cbcf5a8afa17607ae9dc9ed23a11a172e0","256","256","64879","657"
"pt_hair_m_03_tucked","layers/pt_hair_m_03_tucked.png","hair_tucked","layer","front","adult","","119","40","105","70","112","150","120","98","168","208","generated-pt_hair_m_03_tucked","provenance/raw/generated-pt_hair_m_03_tucked.png","ec8ac679c97fa7760264f78817a0e905e126101713b991ae95ad42f3d1d7e72b","Game portrait HAIR ONLY transparent two-layer sheet: exactly2:1canvas, LEFT square=FRONT hair, RIGHT square=REAR hair. Both panels represent the SAME left-facing3/4 view, same256 logical coordinates; rear is an occluded layer behind the face, not back-view turnaround. Style Flattened tucked-under-hood version of medium wavy hair. Haircolor brown. Painterly natural brush texture matched to supplied hair style. Use head reference only for position; DO NOT draw its face or neck. ADULT barecrown(119,40), hairline(105,70), eyeY112, ear(150,120), chinY168. Skullrightx171, faceleftx64. Hairfits this narrower skull. TUCKED VARIANT: only a few flat fringe strands below hood forehead rim and slim temple wisps. All bulky locks compressed flat behind head. No broad crown volume, no flowing shoulder hair, no loose ends outsidehood. Rear is just a tiny nape tuft withinx128..155 y150..165. Front consists of thin smooth fitted fringe atx65..130 y74..102 and very narrow templehair. Not a full normal hairstyle.  Realtransparentbackground with clean alphaedges, no white halo, no face/eyes/lips/ears/body/garment, no labels/grid/divider. Fullcanvasmargins notcropped. Upper-left gentlelight. Keep all hair away from eyes except naturalfringe and cover skull withoutfloating gap.","[""two square source panels split to front/rear"",""per-style size/position registration; see hair-fit-recommendation.json"",""defringe radius2""]","","candidate","9364741dea611b79379a3cd0910e02ae0e6240185147da15352e41520ffd91c1","256","256","60885","4651"
"pt_hair_m_03_tucked","masks/pt_hair_m_03_tucked_haircolor.png","hair_tucked","haircolor","front","adult","","119","40","105","70","112","150","120","98","168","208","generated-pt_hair_m_03_tucked","provenance/raw/generated-pt_hair_m_03_tucked.png","ec8ac679c97fa7760264f78817a0e905e126101713b991ae95ad42f3d1d7e72b","Game portrait HAIR ONLY transparent two-layer sheet: exactly2:1canvas, LEFT square=FRONT hair, RIGHT square=REAR hair. Both panels represent the SAME left-facing3/4 view, same256 logical coordinates; rear is an occluded layer behind the face, not back-view turnaround. Style Flattened tucked-under-hood version of medium wavy hair. Haircolor brown. Painterly natural brush texture matched to supplied hair style. Use head reference only for position; DO NOT draw its face or neck. ADULT barecrown(119,40), hairline(105,70), eyeY112, ear(150,120), chinY168. Skullrightx171, faceleftx64. Hairfits this narrower skull. TUCKED VARIANT: only a few flat fringe strands below hood forehead rim and slim temple wisps. All bulky locks compressed flat behind head. No broad crown volume, no flowing shoulder hair, no loose ends outsidehood. Rear is just a tiny nape tuft withinx128..155 y150..165. Front consists of thin smooth fitted fringe atx65..130 y74..102 and very narrow templehair. Not a full normal hairstyle.  Realtransparentbackground with clean alphaedges, no white halo, no face/eyes/lips/ears/body/garment, no labels/grid/divider. Fullcanvasmargins notcropped. Upper-left gentlelight. Keep all hair away from eyes except naturalfringe and cover skull withoutfloating gap.","[""two square source panels split to front/rear"",""per-style size/position registration; see hair-fit-recommendation.json"",""defringe radius2""]","","candidate","7ea2b889b5b97526d6953fca713783f999cd7ceba5f0b13bf4a6e5ade658c81b","256","256","60885","4651"
"pt_hair_m_03_tucked","layers/pt_hair_m_03_tucked_rear.png","hair_tucked","layer","rear","adult","","119","40","105","70","112","150","120","98","168","208","generated-pt_hair_m_03_tucked","provenance/raw/generated-pt_hair_m_03_tucked.png","ec8ac679c97fa7760264f78817a0e905e126101713b991ae95ad42f3d1d7e72b","Game portrait HAIR ONLY transparent two-layer sheet: exactly2:1canvas, LEFT square=FRONT hair, RIGHT square=REAR hair. Both panels represent the SAME left-facing3/4 view, same256 logical coordinates; rear is an occluded layer behind the face, not back-view turnaround. Style Flattened tucked-under-hood version of medium wavy hair. Haircolor brown. Painterly natural brush texture matched to supplied hair style. Use head reference only for position; DO NOT draw its face or neck. ADULT barecrown(119,40), hairline(105,70), eyeY112, ear(150,120), chinY168. Skullrightx171, faceleftx64. Hairfits this narrower skull. TUCKED VARIANT: only a few flat fringe strands below hood forehead rim and slim temple wisps. All bulky locks compressed flat behind head. No broad crown volume, no flowing shoulder hair, no loose ends outsidehood. Rear is just a tiny nape tuft withinx128..155 y150..165. Front consists of thin smooth fitted fringe atx65..130 y74..102 and very narrow templehair. Not a full normal hairstyle.  Realtransparentbackground with clean alphaedges, no white halo, no face/eyes/lips/ears/body/garment, no labels/grid/divider. Fullcanvasmargins notcropped. Upper-left gentlelight. Keep all hair away from eyes except naturalfringe and cover skull withoutfloating gap.","[""two square source panels split to front/rear"",""per-style size/position registration; see hair-fit-recommendation.json"",""defringe radius2""]","","candidate","4325d68f9a4b1a22bf0ee25c6fe7e808d062eb233868196fe475e844acb9f15b","256","256","65200","336"
"pt_hair_m_03_tucked","masks/pt_hair_m_03_tucked_rear_haircolor.png","hair_tucked","haircolor","rear","adult","","119","40","105","70","112","150","120","98","168","208","generated-pt_hair_m_03_tucked","provenance/raw/generated-pt_hair_m_03_tucked.png","ec8ac679c97fa7760264f78817a0e905e126101713b991ae95ad42f3d1d7e72b","Game portrait HAIR ONLY transparent two-layer sheet: exactly2:1canvas, LEFT square=FRONT hair, RIGHT square=REAR hair. Both panels represent the SAME left-facing3/4 view, same256 logical coordinates; rear is an occluded layer behind the face, not back-view turnaround. Style Flattened tucked-under-hood version of medium wavy hair. Haircolor brown. Painterly natural brush texture matched to supplied hair style. Use head reference only for position; DO NOT draw its face or neck. ADULT barecrown(119,40), hairline(105,70), eyeY112, ear(150,120), chinY168. Skullrightx171, faceleftx64. Hairfits this narrower skull. TUCKED VARIANT: only a few flat fringe strands below hood forehead rim and slim temple wisps. All bulky locks compressed flat behind head. No broad crown volume, no flowing shoulder hair, no loose ends outsidehood. Rear is just a tiny nape tuft withinx128..155 y150..165. Front consists of thin smooth fitted fringe atx65..130 y74..102 and very narrow templehair. Not a full normal hairstyle.  Realtransparentbackground with clean alphaedges, no white halo, no face/eyes/lips/ears/body/garment, no labels/grid/divider. Fullcanvasmargins notcropped. Upper-left gentlelight. Keep all hair away from eyes except naturalfringe and cover skull withoutfloating gap.","[""two square source panels split to front/rear"",""per-style size/position registration; see hair-fit-recommendation.json"",""defringe radius2""]","","candidate","0affdb042d6a13d9ac3aa65aeb53d1d5d64606cae7f604d6a6215b92fe06ebcb","256","256","65200","336"
"pt_hair_m_06","layers/pt_hair_m_06.png","hair","layer","front","adult","","119","40","105","70","112","150","120","98","168","208","generated-pt_hair_m_06","provenance/raw/generated-pt_hair_m_06.png","fcc2bf1a389e930d3c695077d6c4a4c91b56bc7d81dbe0b3c7bc8c5438faf1cb","Edit attached registered bald head: produce ONLY a medieval monk tonsure HAIR OVERLAY on real transparent background. Square canvas same exact registration. Remove entire face skin ears neck from output, preserve transparent holes. Very short 2mm dark brown stubble forming a THIN HORSESHOE RING around shaved round crown, covering temples and nape. No long strands, no curls, no bangs, no wig volume. Wide bare circular crown is TRANSPARENT so underlying bald head will show through. Logical256 coordinates: skulltop119,40 hairring beginsy55 sidesx69..171, earcenter150,120; ring thickness4logicalpx, outerright171 maximum. Ringfront y65..79, side strip x160 y70..116; frontal hairline70. Same left3/4 upperleftlight, painterly texture. Output hair overlay only not completehead. It must look like a tonsure of a mostly bald monk with short stubble, not balding curlyhair.","[""single front tonsure ring; rear intentionally transparent"",""per-style size/position registration; see hair-fit-recommendation.json"",""defringe radius2"",""stubble ring clipped to common adult scalp alpha; underlying skin visible""]","","candidate","8bf35a13d7e78f98645402e37eea620594371d031934a0f829540a564fe08563","256","256","63484","2052"
"pt_hair_m_06","masks/pt_hair_m_06_haircolor.png","hair","haircolor","front","adult","","119","40","105","70","112","150","120","98","168","208","generated-pt_hair_m_06","provenance/raw/generated-pt_hair_m_06.png","fcc2bf1a389e930d3c695077d6c4a4c91b56bc7d81dbe0b3c7bc8c5438faf1cb","Edit attached registered bald head: produce ONLY a medieval monk tonsure HAIR OVERLAY on real transparent background. Square canvas same exact registration. Remove entire face skin ears neck from output, preserve transparent holes. Very short 2mm dark brown stubble forming a THIN HORSESHOE RING around shaved round crown, covering temples and nape. No long strands, no curls, no bangs, no wig volume. Wide bare circular crown is TRANSPARENT so underlying bald head will show through. Logical256 coordinates: skulltop119,40 hairring beginsy55 sidesx69..171, earcenter150,120; ring thickness4logicalpx, outerright171 maximum. Ringfront y65..79, side strip x160 y70..116; frontal hairline70. Same left3/4 upperleftlight, painterly texture. Output hair overlay only not completehead. It must look like a tonsure of a mostly bald monk with short stubble, not balding curlyhair.","[""single front tonsure ring; rear intentionally transparent"",""per-style size/position registration; see hair-fit-recommendation.json"",""defringe radius2"",""stubble ring clipped to common adult scalp alpha; underlying skin visible""]","","candidate","6c783c115fed18a3dbddd8089aba7dc0c08cf691816008c4aeeb12f7e68a4850","256","256","63484","2052"
"pt_hair_m_06","layers/pt_hair_m_06_rear.png","hair","layer","rear","adult","","119","40","105","70","112","150","120","98","168","208","generated-pt_hair_m_06","provenance/raw/generated-pt_hair_m_06.png","fcc2bf1a389e930d3c695077d6c4a4c91b56bc7d81dbe0b3c7bc8c5438faf1cb","Edit attached registered bald head: produce ONLY a medieval monk tonsure HAIR OVERLAY on real transparent background. Square canvas same exact registration. Remove entire face skin ears neck from output, preserve transparent holes. Very short 2mm dark brown stubble forming a THIN HORSESHOE RING around shaved round crown, covering temples and nape. No long strands, no curls, no bangs, no wig volume. Wide bare circular crown is TRANSPARENT so underlying bald head will show through. Logical256 coordinates: skulltop119,40 hairring beginsy55 sidesx69..171, earcenter150,120; ring thickness4logicalpx, outerright171 maximum. Ringfront y65..79, side strip x160 y70..116; frontal hairline70. Same left3/4 upperleftlight, painterly texture. Output hair overlay only not completehead. It must look like a tonsure of a mostly bald monk with short stubble, not balding curlyhair.","[""single front tonsure ring; rear intentionally transparent"",""per-style size/position registration; see hair-fit-recommendation.json"",""defringe radius2"",""stubble ring clipped to common adult scalp alpha; underlying skin visible""]","","candidate","a61fe5f6e82ac0afd8cf9d89181d9c166b5f72ebb26ce503ced729148bbbed4f","256","256","65536","0"
"pt_hair_m_06","masks/pt_hair_m_06_rear_haircolor.png","hair","haircolor","rear","adult","","119","40","105","70","112","150","120","98","168","208","generated-pt_hair_m_06","provenance/raw/generated-pt_hair_m_06.png","fcc2bf1a389e930d3c695077d6c4a4c91b56bc7d81dbe0b3c7bc8c5438faf1cb","Edit attached registered bald head: produce ONLY a medieval monk tonsure HAIR OVERLAY on real transparent background. Square canvas same exact registration. Remove entire face skin ears neck from output, preserve transparent holes. Very short 2mm dark brown stubble forming a THIN HORSESHOE RING around shaved round crown, covering temples and nape. No long strands, no curls, no bangs, no wig volume. Wide bare circular crown is TRANSPARENT so underlying bald head will show through. Logical256 coordinates: skulltop119,40 hairring beginsy55 sidesx69..171, earcenter150,120; ring thickness4logicalpx, outerright171 maximum. Ringfront y65..79, side strip x160 y70..116; frontal hairline70. Same left3/4 upperleftlight, painterly texture. Output hair overlay only not completehead. It must look like a tonsure of a mostly bald monk with short stubble, not balding curlyhair.","[""single front tonsure ring; rear intentionally transparent"",""per-style size/position registration; see hair-fit-recommendation.json"",""defringe radius2"",""stubble ring clipped to common adult scalp alpha; underlying skin visible""]","","candidate","a61fe5f6e82ac0afd8cf9d89181d9c166b5f72ebb26ce503ced729148bbbed4f","256","256","65536","0"
"pt_hair_m_08_tucked","layers/pt_hair_m_08_tucked.png","hair_tucked","layer","front","adult","","119","40","105","70","112","150","120","98","168","208","generated-pt_hair_m_08_tucked","provenance/raw/generated-pt_hair_m_08_tucked.png","96449dab8fafa6480b6cc0e4a9089ed418509ebedd0842400ef712c966d1aba4","Game portrait HAIR ONLY transparent two-layer sheet: exactly2:1canvas, LEFT square=FRONT hair, RIGHT square=REAR hair. Both panels represent the SAME left-facing3/4 view, same256 logical coordinates; rear is an occluded layer behind the face, not back-view turnaround. Style Flattened tucked-under-hood version of gray medium waves. Haircolor gray. Painterly natural brush texture matched to supplied hair style. Use head reference only for position; DO NOT draw its face or neck. ADULT barecrown(119,40), hairline(105,70), eyeY112, ear(150,120), chinY168. Skullrightx171, faceleftx64. Hairfits this narrower skull. TUCKED VARIANT: only a few flat fringe strands below hood forehead rim and slim temple wisps. All bulky locks compressed flat behind head. No broad crown volume, no flowing shoulder hair, no loose ends outsidehood. Rear is just a tiny nape tuft withinx128..155 y150..165. Front consists of thin smooth fitted fringe atx65..130 y74..102 and very narrow templehair. Not a full normal hairstyle.  Realtransparentbackground with clean alphaedges, no white halo, no face/eyes/lips/ears/body/garment, no labels/grid/divider. Fullcanvasmargins notcropped. Upper-left gentlelight. Keep all hair away from eyes except naturalfringe and cover skull withoutfloating gap.","[""two square source panels split to front/rear"",""per-style size/position registration; see hair-fit-recommendation.json"",""defringe radius2""]","","candidate","e2b758514c7424b8a2931737313079b3b3aae5eaf33e774127431c71918e19da","256","256","60672","4864"
"pt_hair_m_08_tucked","masks/pt_hair_m_08_tucked_haircolor.png","hair_tucked","haircolor","front","adult","","119","40","105","70","112","150","120","98","168","208","generated-pt_hair_m_08_tucked","provenance/raw/generated-pt_hair_m_08_tucked.png","96449dab8fafa6480b6cc0e4a9089ed418509ebedd0842400ef712c966d1aba4","Game portrait HAIR ONLY transparent two-layer sheet: exactly2:1canvas, LEFT square=FRONT hair, RIGHT square=REAR hair. Both panels represent the SAME left-facing3/4 view, same256 logical coordinates; rear is an occluded layer behind the face, not back-view turnaround. Style Flattened tucked-under-hood version of gray medium waves. Haircolor gray. Painterly natural brush texture matched to supplied hair style. Use head reference only for position; DO NOT draw its face or neck. ADULT barecrown(119,40), hairline(105,70), eyeY112, ear(150,120), chinY168. Skullrightx171, faceleftx64. Hairfits this narrower skull. TUCKED VARIANT: only a few flat fringe strands below hood forehead rim and slim temple wisps. All bulky locks compressed flat behind head. No broad crown volume, no flowing shoulder hair, no loose ends outsidehood. Rear is just a tiny nape tuft withinx128..155 y150..165. Front consists of thin smooth fitted fringe atx65..130 y74..102 and very narrow templehair. Not a full normal hairstyle.  Realtransparentbackground with clean alphaedges, no white halo, no face/eyes/lips/ears/body/garment, no labels/grid/divider. Fullcanvasmargins notcropped. Upper-left gentlelight. Keep all hair away from eyes except naturalfringe and cover skull withoutfloating gap.","[""two square source panels split to front/rear"",""per-style size/position registration; see hair-fit-recommendation.json"",""defringe radius2""]","","candidate","b4e4ba5c84fcf7fe4d96541a421be7c1805484213d0fba35f428478a836234ff","256","256","60672","4864"
"pt_hair_m_08_tucked","layers/pt_hair_m_08_tucked_rear.png","hair_tucked","layer","rear","adult","","119","40","105","70","112","150","120","98","168","208","generated-pt_hair_m_08_tucked","provenance/raw/generated-pt_hair_m_08_tucked.png","96449dab8fafa6480b6cc0e4a9089ed418509ebedd0842400ef712c966d1aba4","Game portrait HAIR ONLY transparent two-layer sheet: exactly2:1canvas, LEFT square=FRONT hair, RIGHT square=REAR hair. Both panels represent the SAME left-facing3/4 view, same256 logical coordinates; rear is an occluded layer behind the face, not back-view turnaround. Style Flattened tucked-under-hood version of gray medium waves. Haircolor gray. Painterly natural brush texture matched to supplied hair style. Use head reference only for position; DO NOT draw its face or neck. ADULT barecrown(119,40), hairline(105,70), eyeY112, ear(150,120), chinY168. Skullrightx171, faceleftx64. Hairfits this narrower skull. TUCKED VARIANT: only a few flat fringe strands below hood forehead rim and slim temple wisps. All bulky locks compressed flat behind head. No broad crown volume, no flowing shoulder hair, no loose ends outsidehood. Rear is just a tiny nape tuft withinx128..155 y150..165. Front consists of thin smooth fitted fringe atx65..130 y74..102 and very narrow templehair. Not a full normal hairstyle.  Realtransparentbackground with clean alphaedges, no white halo, no face/eyes/lips/ears/body/garment, no labels/grid/divider. Fullcanvasmargins notcropped. Upper-left gentlelight. Keep all hair away from eyes except naturalfringe and cover skull withoutfloating gap.","[""two square source panels split to front/rear"",""per-style size/position registration; see hair-fit-recommendation.json"",""defringe radius2""]","","candidate","34998920f9682d73c889038abc7c68cecbd1ec849adad7503277601cb00506b0","256","256","59822","5714"
"pt_hair_m_08_tucked","masks/pt_hair_m_08_tucked_rear_haircolor.png","hair_tucked","haircolor","rear","adult","","119","40","105","70","112","150","120","98","168","208","generated-pt_hair_m_08_tucked","provenance/raw/generated-pt_hair_m_08_tucked.png","96449dab8fafa6480b6cc0e4a9089ed418509ebedd0842400ef712c966d1aba4","Game portrait HAIR ONLY transparent two-layer sheet: exactly2:1canvas, LEFT square=FRONT hair, RIGHT square=REAR hair. Both panels represent the SAME left-facing3/4 view, same256 logical coordinates; rear is an occluded layer behind the face, not back-view turnaround. Style Flattened tucked-under-hood version of gray medium waves. Haircolor gray. Painterly natural brush texture matched to supplied hair style. Use head reference only for position; DO NOT draw its face or neck. ADULT barecrown(119,40), hairline(105,70), eyeY112, ear(150,120), chinY168. Skullrightx171, faceleftx64. Hairfits this narrower skull. TUCKED VARIANT: only a few flat fringe strands below hood forehead rim and slim temple wisps. All bulky locks compressed flat behind head. No broad crown volume, no flowing shoulder hair, no loose ends outsidehood. Rear is just a tiny nape tuft withinx128..155 y150..165. Front consists of thin smooth fitted fringe atx65..130 y74..102 and very narrow templehair. Not a full normal hairstyle.  Realtransparentbackground with clean alphaedges, no white halo, no face/eyes/lips/ears/body/garment, no labels/grid/divider. Fullcanvasmargins notcropped. Upper-left gentlelight. Keep all hair away from eyes except naturalfringe and cover skull withoutfloating gap.","[""two square source panels split to front/rear"",""per-style size/position registration; see hair-fit-recommendation.json"",""defringe radius2""]","","candidate","ff814e46f8dccf17cf54868210d6449812c0f0504b4016410fbab31c322f18b5","256","256","59822","5714"
"pt_hair_m_09_tucked","layers/pt_hair_m_09_tucked.png","hair_tucked","layer","front","adult","","119","40","105","70","112","150","120","98","168","208","generated-pt_hair_m_09_tucked","provenance/raw/generated-pt_hair_m_09_tucked.png","20813e54588edc5e3d1791ca59648deec6af5a23ea3a2efcf36a44203e0e382d","Game portrait HAIR ONLY transparent two-layer sheet: exactly2:1canvas, LEFT square=FRONT hair, RIGHT square=REAR hair. Both panels represent the SAME left-facing3/4 view, same256 logical coordinates; rear is an occluded layer behind the face, not back-view turnaround. Style Flattened tucked-under-hood version of youthful shaggy hair. Haircolor brown. Painterly natural brush texture matched to supplied hair style. Use head reference only for position; DO NOT draw its face or neck. ADULT barecrown(119,40), hairline(105,70), eyeY112, ear(150,120), chinY168. Skullrightx171, faceleftx64. Hairfits this narrower skull. TUCKED VARIANT: only a few flat fringe strands below hood forehead rim and slim temple wisps. All bulky locks compressed flat behind head. No broad crown volume, no flowing shoulder hair, no loose ends outsidehood. Rear is just a tiny nape tuft withinx128..155 y150..165. Front consists of thin smooth fitted fringe atx65..130 y74..102 and very narrow templehair. Not a full normal hairstyle.  Realtransparentbackground with clean alphaedges, no white halo, no face/eyes/lips/ears/body/garment, no labels/grid/divider. Fullcanvasmargins notcropped. Upper-left gentlelight. Keep all hair away from eyes except naturalfringe and cover skull withoutfloating gap.","[""two square source panels split to front/rear"",""per-style size/position registration; see hair-fit-recommendation.json"",""defringe radius2""]","","candidate","8dd1b1d7e810bf250774d21b062de1eb05b5065b0d6fd32b07f2ecaa40d27a51","256","256","60451","5085"
"pt_hair_m_09_tucked","masks/pt_hair_m_09_tucked_haircolor.png","hair_tucked","haircolor","front","adult","","119","40","105","70","112","150","120","98","168","208","generated-pt_hair_m_09_tucked","provenance/raw/generated-pt_hair_m_09_tucked.png","20813e54588edc5e3d1791ca59648deec6af5a23ea3a2efcf36a44203e0e382d","Game portrait HAIR ONLY transparent two-layer sheet: exactly2:1canvas, LEFT square=FRONT hair, RIGHT square=REAR hair. Both panels represent the SAME left-facing3/4 view, same256 logical coordinates; rear is an occluded layer behind the face, not back-view turnaround. Style Flattened tucked-under-hood version of youthful shaggy hair. Haircolor brown. Painterly natural brush texture matched to supplied hair style. Use head reference only for position; DO NOT draw its face or neck. ADULT barecrown(119,40), hairline(105,70), eyeY112, ear(150,120), chinY168. Skullrightx171, faceleftx64. Hairfits this narrower skull. TUCKED VARIANT: only a few flat fringe strands below hood forehead rim and slim temple wisps. All bulky locks compressed flat behind head. No broad crown volume, no flowing shoulder hair, no loose ends outsidehood. Rear is just a tiny nape tuft withinx128..155 y150..165. Front consists of thin smooth fitted fringe atx65..130 y74..102 and very narrow templehair. Not a full normal hairstyle.  Realtransparentbackground with clean alphaedges, no white halo, no face/eyes/lips/ears/body/garment, no labels/grid/divider. Fullcanvasmargins notcropped. Upper-left gentlelight. Keep all hair away from eyes except naturalfringe and cover skull withoutfloating gap.","[""two square source panels split to front/rear"",""per-style size/position registration; see hair-fit-recommendation.json"",""defringe radius2""]","","candidate","512a3b1f20b80079187c0a898aee5d77e9bb10d9b7a1de2e2c5780fd169ef048","256","256","60451","5085"
"pt_hair_m_09_tucked","layers/pt_hair_m_09_tucked_rear.png","hair_tucked","layer","rear","adult","","119","40","105","70","112","150","120","98","168","208","generated-pt_hair_m_09_tucked","provenance/raw/generated-pt_hair_m_09_tucked.png","20813e54588edc5e3d1791ca59648deec6af5a23ea3a2efcf36a44203e0e382d","Game portrait HAIR ONLY transparent two-layer sheet: exactly2:1canvas, LEFT square=FRONT hair, RIGHT square=REAR hair. Both panels represent the SAME left-facing3/4 view, same256 logical coordinates; rear is an occluded layer behind the face, not back-view turnaround. Style Flattened tucked-under-hood version of youthful shaggy hair. Haircolor brown. Painterly natural brush texture matched to supplied hair style. Use head reference only for position; DO NOT draw its face or neck. ADULT barecrown(119,40), hairline(105,70), eyeY112, ear(150,120), chinY168. Skullrightx171, faceleftx64. Hairfits this narrower skull. TUCKED VARIANT: only a few flat fringe strands below hood forehead rim and slim temple wisps. All bulky locks compressed flat behind head. No broad crown volume, no flowing shoulder hair, no loose ends outsidehood. Rear is just a tiny nape tuft withinx128..155 y150..165. Front consists of thin smooth fitted fringe atx65..130 y74..102 and very narrow templehair. Not a full normal hairstyle.  Realtransparentbackground with clean alphaedges, no white halo, no face/eyes/lips/ears/body/garment, no labels/grid/divider. Fullcanvasmargins notcropped. Upper-left gentlelight. Keep all hair away from eyes except naturalfringe and cover skull withoutfloating gap.","[""two square source panels split to front/rear"",""per-style size/position registration; see hair-fit-recommendation.json"",""defringe radius2""]","","candidate","fec32d87f3b183826d42614f48d985bc0f0982f877d7d26ddff7db25d566f2db","256","256","59970","5566"
"pt_hair_m_09_tucked","masks/pt_hair_m_09_tucked_rear_haircolor.png","hair_tucked","haircolor","rear","adult","","119","40","105","70","112","150","120","98","168","208","generated-pt_hair_m_09_tucked","provenance/raw/generated-pt_hair_m_09_tucked.png","20813e54588edc5e3d1791ca59648deec6af5a23ea3a2efcf36a44203e0e382d","Game portrait HAIR ONLY transparent two-layer sheet: exactly2:1canvas, LEFT square=FRONT hair, RIGHT square=REAR hair. Both panels represent the SAME left-facing3/4 view, same256 logical coordinates; rear is an occluded layer behind the face, not back-view turnaround. Style Flattened tucked-under-hood version of youthful shaggy hair. Haircolor brown. Painterly natural brush texture matched to supplied hair style. Use head reference only for position; DO NOT draw its face or neck. ADULT barecrown(119,40), hairline(105,70), eyeY112, ear(150,120), chinY168. Skullrightx171, faceleftx64. Hairfits this narrower skull. TUCKED VARIANT: only a few flat fringe strands below hood forehead rim and slim temple wisps. All bulky locks compressed flat behind head. No broad crown volume, no flowing shoulder hair, no loose ends outsidehood. Rear is just a tiny nape tuft withinx128..155 y150..165. Front consists of thin smooth fitted fringe atx65..130 y74..102 and very narrow templehair. Not a full normal hairstyle.  Realtransparentbackground with clean alphaedges, no white halo, no face/eyes/lips/ears/body/garment, no labels/grid/divider. Fullcanvasmargins notcropped. Upper-left gentlelight. Keep all hair away from eyes except naturalfringe and cover skull withoutfloating gap.","[""two square source panels split to front/rear"",""per-style size/position registration; see hair-fit-recommendation.json"",""defringe radius2""]","","candidate","9c4699280467d17570e7a394ddad91f9c02b10e2321f2a0072c4391a3fb5f77a","256","256","59970","5566"
"pt_beard_01","layers/pt_beard_01.png","beard","layer","base","adult","","119","40","105","70","112","150","120","98","168","208","reuse-pt_beard_01","provenance/raw/reuse-pt_beard_01.png","9217ff81c7308441596da6a0f928d8f9e722b5eddc6e710e9c38b807fb239d1f","Create ONE isolated facial-hair OVERLAY pt_beard_01, target transparent 256x256 RGBA square (or proportional higher resolution). References: bald face is placement guide and must NOT appear; second image is isolated beard example. SAME painterly art, soft upper-left illumination, same LEFT-facing 3/4 direction. Exact required style: short full chin beard. Color dark brown. Only facial hair pixels with genuine transparent alpha; no skin, no face, no eyes, no garment, no backdrop, no labels. Fixed registration in 256 canvas: mouth center (92,151), upper lip y145, near cheek hair roots (145,128), far cheek (76,137), chin bottom around (104,176). Mustache center at (91,147). Preserve vacant top half of canvas and surrounding negative space, DO NOT enlarge beard to fill canvas. Must fit the supplied face without moving. Non-mustache beard styles keep mouth opening transparent and render natural loose hair tips. No social status or moral implication in grooming.","[""reuse existing artwork"",""six-anchor v2 piecewise registration"",""defringe radius2""]","","candidate","8abf1a491c06d3d24a98851ff1914c8920f0ef7ad4e159035c5871c6b3fd5f78","256","256","61797","3739"
"pt_beard_01","masks/pt_beard_01_haircolor.png","beard","haircolor","base","adult","","119","40","105","70","112","150","120","98","168","208","reuse-pt_beard_01","provenance/raw/reuse-pt_beard_01.png","9217ff81c7308441596da6a0f928d8f9e722b5eddc6e710e9c38b807fb239d1f","Create ONE isolated facial-hair OVERLAY pt_beard_01, target transparent 256x256 RGBA square (or proportional higher resolution). References: bald face is placement guide and must NOT appear; second image is isolated beard example. SAME painterly art, soft upper-left illumination, same LEFT-facing 3/4 direction. Exact required style: short full chin beard. Color dark brown. Only facial hair pixels with genuine transparent alpha; no skin, no face, no eyes, no garment, no backdrop, no labels. Fixed registration in 256 canvas: mouth center (92,151), upper lip y145, near cheek hair roots (145,128), far cheek (76,137), chin bottom around (104,176). Mustache center at (91,147). Preserve vacant top half of canvas and surrounding negative space, DO NOT enlarge beard to fill canvas. Must fit the supplied face without moving. Non-mustache beard styles keep mouth opening transparent and render natural loose hair tips. No social status or moral implication in grooming.","[""reuse existing artwork"",""six-anchor v2 piecewise registration"",""defringe radius2""]","","candidate","567e92765fa5dd9c230d815290ef37b6a3bc8c03440c7d905cfbdb7a8c3cce6d","256","256","61797","3739"
"pt_beard_01_child","layers/pt_beard_01_child.png","beard","layer","base","child","","120","56","104","82","112","147.36","120","101.6","160","208","reuse-pt_beard_01","provenance/raw/reuse-pt_beard_01.png","9217ff81c7308441596da6a0f928d8f9e722b5eddc6e710e9c38b807fb239d1f","Create ONE isolated facial-hair OVERLAY pt_beard_01, target transparent 256x256 RGBA square (or proportional higher resolution). References: bald face is placement guide and must NOT appear; second image is isolated beard example. SAME painterly art, soft upper-left illumination, same LEFT-facing 3/4 direction. Exact required style: short full chin beard. Color dark brown. Only facial hair pixels with genuine transparent alpha; no skin, no face, no eyes, no garment, no backdrop, no labels. Fixed registration in 256 canvas: mouth center (92,151), upper lip y145, near cheek hair roots (145,128), far cheek (76,137), chin bottom around (104,176). Mustache center at (91,147). Preserve vacant top half of canvas and surrounding negative space, DO NOT enlarge beard to fill canvas. Must fit the supplied face without moving. Non-mustache beard styles keep mouth opening transparent and render natural loose hair tips. No social status or moral implication in grooming.","[""88% width + child vertical anchor warp"",""test-only; excluded from random children"",""defringe radius2""]","geometric_fit_test_only; age_inappropriate; excluded_from_random_sampler","candidate","28504dfdb10c302c46d8ddbbfdbb715ce1f15312e335613f61554c07cb1d932b","256","256","62713","2823"
"pt_beard_01_child","masks/pt_beard_01_child_haircolor.png","beard","haircolor","base","child","","120","56","104","82","112","147.36","120","101.6","160","208","reuse-pt_beard_01","provenance/raw/reuse-pt_beard_01.png","9217ff81c7308441596da6a0f928d8f9e722b5eddc6e710e9c38b807fb239d1f","Create ONE isolated facial-hair OVERLAY pt_beard_01, target transparent 256x256 RGBA square (or proportional higher resolution). References: bald face is placement guide and must NOT appear; second image is isolated beard example. SAME painterly art, soft upper-left illumination, same LEFT-facing 3/4 direction. Exact required style: short full chin beard. Color dark brown. Only facial hair pixels with genuine transparent alpha; no skin, no face, no eyes, no garment, no backdrop, no labels. Fixed registration in 256 canvas: mouth center (92,151), upper lip y145, near cheek hair roots (145,128), far cheek (76,137), chin bottom around (104,176). Mustache center at (91,147). Preserve vacant top half of canvas and surrounding negative space, DO NOT enlarge beard to fill canvas. Must fit the supplied face without moving. Non-mustache beard styles keep mouth opening transparent and render natural loose hair tips. No social status or moral implication in grooming.","[""88% width + child vertical anchor warp"",""test-only; excluded from random children"",""defringe radius2""]","geometric_fit_test_only; age_inappropriate; excluded_from_random_sampler","candidate","efc6b28cead0a405107122bba9753319436dc4b3f31f537b66111a648d2d48e3","256","256","62713","2823"
"pt_beard_02","layers/pt_beard_02.png","beard","layer","base","adult","","119","40","105","70","112","150","120","98","168","208","reuse-pt_beard_02","provenance/raw/reuse-pt_beard_02.png","3309ee58676198515eb1c61debba22003a36a4f2db4250c32341584d988efe07","Create ONE isolated facial-hair OVERLAY pt_beard_02, target transparent 256x256 RGBA square (or proportional higher resolution). References: bald face is placement guide and must NOT appear; second image is isolated beard example. SAME painterly art, soft upper-left illumination, same LEFT-facing 3/4 direction. Exact required style: long tapering full beard down to y211. Color brown. Only facial hair pixels with genuine transparent alpha; no skin, no face, no eyes, no garment, no backdrop, no labels. Fixed registration in 256 canvas: mouth center (92,151), upper lip y145, near cheek hair roots (145,128), far cheek (76,137), chin bottom around (104,176). Mustache center at (91,147). Preserve vacant top half of canvas and surrounding negative space, DO NOT enlarge beard to fill canvas. Must fit the supplied face without moving. Non-mustache beard styles keep mouth opening transparent and render natural loose hair tips. No social status or moral implication in grooming.","[""reuse existing artwork"",""six-anchor v2 piecewise registration"",""defringe radius2""]","","candidate","e849207ed48de8aae56ad588edb212d77dd2f73b07d7e23bdc6323a825a4233b","256","256","59646","5890"
"pt_beard_02","masks/pt_beard_02_haircolor.png","beard","haircolor","base","adult","","119","40","105","70","112","150","120","98","168","208","reuse-pt_beard_02","provenance/raw/reuse-pt_beard_02.png","3309ee58676198515eb1c61debba22003a36a4f2db4250c32341584d988efe07","Create ONE isolated facial-hair OVERLAY pt_beard_02, target transparent 256x256 RGBA square (or proportional higher resolution). References: bald face is placement guide and must NOT appear; second image is isolated beard example. SAME painterly art, soft upper-left illumination, same LEFT-facing 3/4 direction. Exact required style: long tapering full beard down to y211. Color brown. Only facial hair pixels with genuine transparent alpha; no skin, no face, no eyes, no garment, no backdrop, no labels. Fixed registration in 256 canvas: mouth center (92,151), upper lip y145, near cheek hair roots (145,128), far cheek (76,137), chin bottom around (104,176). Mustache center at (91,147). Preserve vacant top half of canvas and surrounding negative space, DO NOT enlarge beard to fill canvas. Must fit the supplied face without moving. Non-mustache beard styles keep mouth opening transparent and render natural loose hair tips. No social status or moral implication in grooming.","[""reuse existing artwork"",""six-anchor v2 piecewise registration"",""defringe radius2""]","","candidate","354da31bac2b61f731dc3c3618be7750b527a10945c3f6a9ee01b0a7f5222a53","256","256","59646","5890"
"pt_beard_02_child","layers/pt_beard_02_child.png","beard","layer","base","child","","120","56","104","82","112","147.36","120","101.6","160","208","reuse-pt_beard_02","provenance/raw/reuse-pt_beard_02.png","3309ee58676198515eb1c61debba22003a36a4f2db4250c32341584d988efe07","Create ONE isolated facial-hair OVERLAY pt_beard_02, target transparent 256x256 RGBA square (or proportional higher resolution). References: bald face is placement guide and must NOT appear; second image is isolated beard example. SAME painterly art, soft upper-left illumination, same LEFT-facing 3/4 direction. Exact required style: long tapering full beard down to y211. Color brown. Only facial hair pixels with genuine transparent alpha; no skin, no face, no eyes, no garment, no backdrop, no labels. Fixed registration in 256 canvas: mouth center (92,151), upper lip y145, near cheek hair roots (145,128), far cheek (76,137), chin bottom around (104,176). Mustache center at (91,147). Preserve vacant top half of canvas and surrounding negative space, DO NOT enlarge beard to fill canvas. Must fit the supplied face without moving. Non-mustache beard styles keep mouth opening transparent and render natural loose hair tips. No social status or moral implication in grooming.","[""88% width + child vertical anchor warp"",""test-only; excluded from random children"",""defringe radius2""]","geometric_fit_test_only; age_inappropriate; excluded_from_random_sampler","candidate","746e6de324189164f389b4a214c57dee4ce7f3fddd5c10b7725d1084535c34ad","256","256","61042","4494"
"pt_beard_02_child","masks/pt_beard_02_child_haircolor.png","beard","haircolor","base","child","","120","56","104","82","112","147.36","120","101.6","160","208","reuse-pt_beard_02","provenance/raw/reuse-pt_beard_02.png","3309ee58676198515eb1c61debba22003a36a4f2db4250c32341584d988efe07","Create ONE isolated facial-hair OVERLAY pt_beard_02, target transparent 256x256 RGBA square (or proportional higher resolution). References: bald face is placement guide and must NOT appear; second image is isolated beard example. SAME painterly art, soft upper-left illumination, same LEFT-facing 3/4 direction. Exact required style: long tapering full beard down to y211. Color brown. Only facial hair pixels with genuine transparent alpha; no skin, no face, no eyes, no garment, no backdrop, no labels. Fixed registration in 256 canvas: mouth center (92,151), upper lip y145, near cheek hair roots (145,128), far cheek (76,137), chin bottom around (104,176). Mustache center at (91,147). Preserve vacant top half of canvas and surrounding negative space, DO NOT enlarge beard to fill canvas. Must fit the supplied face without moving. Non-mustache beard styles keep mouth opening transparent and render natural loose hair tips. No social status or moral implication in grooming.","[""88% width + child vertical anchor warp"",""test-only; excluded from random children"",""defringe radius2""]","geometric_fit_test_only; age_inappropriate; excluded_from_random_sampler","candidate","4fa1c6cd68dd38176aea69c7238044d06be8d97a0474fa0e37f6bcbcf5dcbb7f","256","256","61042","4494"
"pt_beard_03","layers/pt_beard_03.png","beard","layer","base","adult","","119","40","105","70","112","150","120","98","168","208","reuse-pt_beard_03","provenance/raw/reuse-pt_beard_03.png","42636335166d4826db9ee9759cb4616a867f98e86a34122617de2b0c6c61e4fd","Create ONE isolated facial-hair OVERLAY pt_beard_03, target transparent 256x256 RGBA square (or proportional higher resolution). References: bald face is placement guide and must NOT appear; second image is isolated beard example. SAME painterly art, soft upper-left illumination, same LEFT-facing 3/4 direction. Exact required style: mustache ONLY, no chin or cheeks. Color auburn. Only facial hair pixels with genuine transparent alpha; no skin, no face, no eyes, no garment, no backdrop, no labels. Fixed registration in 256 canvas: mouth center (92,151), upper lip y145, near cheek hair roots (145,128), far cheek (76,137), chin bottom around (104,176). Mustache center at (91,147). Preserve vacant top half of canvas and surrounding negative space, DO NOT enlarge beard to fill canvas. Must fit the supplied face without moving. Non-mustache beard styles keep mouth opening transparent and render natural loose hair tips. No social status or moral implication in grooming.","[""reuse existing artwork"",""six-anchor v2 piecewise registration"",""defringe radius2""]","","candidate","6d1a2cd1da1b24ed8000a5eb5f76926db3b0f8d05502c44b8c9667d8b7d368f6","256","256","64572","964"
"pt_beard_03","masks/pt_beard_03_haircolor.png","beard","haircolor","base","adult","","119","40","105","70","112","150","120","98","168","208","reuse-pt_beard_03","provenance/raw/reuse-pt_beard_03.png","42636335166d4826db9ee9759cb4616a867f98e86a34122617de2b0c6c61e4fd","Create ONE isolated facial-hair OVERLAY pt_beard_03, target transparent 256x256 RGBA square (or proportional higher resolution). References: bald face is placement guide and must NOT appear; second image is isolated beard example. SAME painterly art, soft upper-left illumination, same LEFT-facing 3/4 direction. Exact required style: mustache ONLY, no chin or cheeks. Color auburn. Only facial hair pixels with genuine transparent alpha; no skin, no face, no eyes, no garment, no backdrop, no labels. Fixed registration in 256 canvas: mouth center (92,151), upper lip y145, near cheek hair roots (145,128), far cheek (76,137), chin bottom around (104,176). Mustache center at (91,147). Preserve vacant top half of canvas and surrounding negative space, DO NOT enlarge beard to fill canvas. Must fit the supplied face without moving. Non-mustache beard styles keep mouth opening transparent and render natural loose hair tips. No social status or moral implication in grooming.","[""reuse existing artwork"",""six-anchor v2 piecewise registration"",""defringe radius2""]","","candidate","e52fededf62c6c3dd432bfc1645340df85e970bb8842a76356fff5c8694285aa","256","256","64572","964"
"pt_beard_03_child","layers/pt_beard_03_child.png","beard","layer","base","child","","120","56","104","82","112","147.36","120","101.6","160","208","reuse-pt_beard_03","provenance/raw/reuse-pt_beard_03.png","42636335166d4826db9ee9759cb4616a867f98e86a34122617de2b0c6c61e4fd","Create ONE isolated facial-hair OVERLAY pt_beard_03, target transparent 256x256 RGBA square (or proportional higher resolution). References: bald face is placement guide and must NOT appear; second image is isolated beard example. SAME painterly art, soft upper-left illumination, same LEFT-facing 3/4 direction. Exact required style: mustache ONLY, no chin or cheeks. Color auburn. Only facial hair pixels with genuine transparent alpha; no skin, no face, no eyes, no garment, no backdrop, no labels. Fixed registration in 256 canvas: mouth center (92,151), upper lip y145, near cheek hair roots (145,128), far cheek (76,137), chin bottom around (104,176). Mustache center at (91,147). Preserve vacant top half of canvas and surrounding negative space, DO NOT enlarge beard to fill canvas. Must fit the supplied face without moving. Non-mustache beard styles keep mouth opening transparent and render natural loose hair tips. No social status or moral implication in grooming.","[""88% width + child vertical anchor warp"",""test-only; excluded from random children"",""defringe radius2""]","geometric_fit_test_only; age_inappropriate; excluded_from_random_sampler","candidate","e691eda75e63bc23480395741f3ba3e96ca0c250f1717b5c3e9ba61dec1f0b6e","256","256","64792","744"
"pt_beard_03_child","masks/pt_beard_03_child_haircolor.png","beard","haircolor","base","child","","120","56","104","82","112","147.36","120","101.6","160","208","reuse-pt_beard_03","provenance/raw/reuse-pt_beard_03.png","42636335166d4826db9ee9759cb4616a867f98e86a34122617de2b0c6c61e4fd","Create ONE isolated facial-hair OVERLAY pt_beard_03, target transparent 256x256 RGBA square (or proportional higher resolution). References: bald face is placement guide and must NOT appear; second image is isolated beard example. SAME painterly art, soft upper-left illumination, same LEFT-facing 3/4 direction. Exact required style: mustache ONLY, no chin or cheeks. Color auburn. Only facial hair pixels with genuine transparent alpha; no skin, no face, no eyes, no garment, no backdrop, no labels. Fixed registration in 256 canvas: mouth center (92,151), upper lip y145, near cheek hair roots (145,128), far cheek (76,137), chin bottom around (104,176). Mustache center at (91,147). Preserve vacant top half of canvas and surrounding negative space, DO NOT enlarge beard to fill canvas. Must fit the supplied face without moving. Non-mustache beard styles keep mouth opening transparent and render natural loose hair tips. No social status or moral implication in grooming.","[""88% width + child vertical anchor warp"",""test-only; excluded from random children"",""defringe radius2""]","geometric_fit_test_only; age_inappropriate; excluded_from_random_sampler","candidate","756fc8188b7a893fedf87fe6ef76d3ddf132ef106b9362431c12f6f6b48f6e3b","256","256","64792","744"
"pt_beard_04","layers/pt_beard_04.png","beard","layer","base","adult","","119","40","105","70","112","150","120","98","168","208","reuse-pt_beard_04","provenance/raw/reuse-pt_beard_04.png","1c44230b913409afaf74943d911f6e47d05aeca722a869af0638366bb25b0e65","Create ONE isolated facial-hair OVERLAY pt_beard_04, target transparent 256x256 RGBA square (or proportional higher resolution). References: bald face is placement guide and must NOT appear; second image is isolated beard example. SAME painterly art, soft upper-left illumination, same LEFT-facing 3/4 direction. Exact required style: sideburns ONLY at both temples down cheeks, no chin or mustache. Color dark brown. Only facial hair pixels with genuine transparent alpha; no skin, no face, no eyes, no garment, no backdrop, no labels. Fixed registration in 256 canvas: mouth center (92,151), upper lip y145, near cheek hair roots (145,128), far cheek (76,137), chin bottom around (104,176). Mustache center at (91,147). Preserve vacant top half of canvas and surrounding negative space, DO NOT enlarge beard to fill canvas. Must fit the supplied face without moving. Non-mustache beard styles keep mouth opening transparent and render natural loose hair tips. No social status or moral implication in grooming.","[""reuse existing artwork"",""six-anchor v2 piecewise registration"",""defringe radius2"",""occluded far-sideburn removed; visible sideburn x12 y10""]","","candidate","c6e94912d2680b9a143caa5ec2eef5593479651c6067279828d67236e02f8ed4","256","256","64122","1414"
"pt_beard_04","masks/pt_beard_04_haircolor.png","beard","haircolor","base","adult","","119","40","105","70","112","150","120","98","168","208","reuse-pt_beard_04","provenance/raw/reuse-pt_beard_04.png","1c44230b913409afaf74943d911f6e47d05aeca722a869af0638366bb25b0e65","Create ONE isolated facial-hair OVERLAY pt_beard_04, target transparent 256x256 RGBA square (or proportional higher resolution). References: bald face is placement guide and must NOT appear; second image is isolated beard example. SAME painterly art, soft upper-left illumination, same LEFT-facing 3/4 direction. Exact required style: sideburns ONLY at both temples down cheeks, no chin or mustache. Color dark brown. Only facial hair pixels with genuine transparent alpha; no skin, no face, no eyes, no garment, no backdrop, no labels. Fixed registration in 256 canvas: mouth center (92,151), upper lip y145, near cheek hair roots (145,128), far cheek (76,137), chin bottom around (104,176). Mustache center at (91,147). Preserve vacant top half of canvas and surrounding negative space, DO NOT enlarge beard to fill canvas. Must fit the supplied face without moving. Non-mustache beard styles keep mouth opening transparent and render natural loose hair tips. No social status or moral implication in grooming.","[""reuse existing artwork"",""six-anchor v2 piecewise registration"",""defringe radius2"",""occluded far-sideburn removed; visible sideburn x12 y10""]","","candidate","f0f8017aa0c6801ea63b4070c981689b86a433f800adb61094f9aca78a8283b8","256","256","64122","1414"
"pt_beard_04_child","layers/pt_beard_04_child.png","beard","layer","base","child","","120","56","104","82","112","147.36","120","101.6","160","208","reuse-pt_beard_04","provenance/raw/reuse-pt_beard_04.png","1c44230b913409afaf74943d911f6e47d05aeca722a869af0638366bb25b0e65","Create ONE isolated facial-hair OVERLAY pt_beard_04, target transparent 256x256 RGBA square (or proportional higher resolution). References: bald face is placement guide and must NOT appear; second image is isolated beard example. SAME painterly art, soft upper-left illumination, same LEFT-facing 3/4 direction. Exact required style: sideburns ONLY at both temples down cheeks, no chin or mustache. Color dark brown. Only facial hair pixels with genuine transparent alpha; no skin, no face, no eyes, no garment, no backdrop, no labels. Fixed registration in 256 canvas: mouth center (92,151), upper lip y145, near cheek hair roots (145,128), far cheek (76,137), chin bottom around (104,176). Mustache center at (91,147). Preserve vacant top half of canvas and surrounding negative space, DO NOT enlarge beard to fill canvas. Must fit the supplied face without moving. Non-mustache beard styles keep mouth opening transparent and render natural loose hair tips. No social status or moral implication in grooming.","[""88% width + child vertical anchor warp"",""test-only; excluded from random children"",""defringe radius2""]","geometric_fit_test_only; age_inappropriate; excluded_from_random_sampler","candidate","924553e8625114863e4f986bb26bcd9fed862d81b8c6962343857d762b7ae31e","256","256","64467","1069"
"pt_beard_04_child","masks/pt_beard_04_child_haircolor.png","beard","haircolor","base","child","","120","56","104","82","112","147.36","120","101.6","160","208","reuse-pt_beard_04","provenance/raw/reuse-pt_beard_04.png","1c44230b913409afaf74943d911f6e47d05aeca722a869af0638366bb25b0e65","Create ONE isolated facial-hair OVERLAY pt_beard_04, target transparent 256x256 RGBA square (or proportional higher resolution). References: bald face is placement guide and must NOT appear; second image is isolated beard example. SAME painterly art, soft upper-left illumination, same LEFT-facing 3/4 direction. Exact required style: sideburns ONLY at both temples down cheeks, no chin or mustache. Color dark brown. Only facial hair pixels with genuine transparent alpha; no skin, no face, no eyes, no garment, no backdrop, no labels. Fixed registration in 256 canvas: mouth center (92,151), upper lip y145, near cheek hair roots (145,128), far cheek (76,137), chin bottom around (104,176). Mustache center at (91,147). Preserve vacant top half of canvas and surrounding negative space, DO NOT enlarge beard to fill canvas. Must fit the supplied face without moving. Non-mustache beard styles keep mouth opening transparent and render natural loose hair tips. No social status or moral implication in grooming.","[""88% width + child vertical anchor warp"",""test-only; excluded from random children"",""defringe radius2""]","geometric_fit_test_only; age_inappropriate; excluded_from_random_sampler","candidate","d69a8a444aff8e93426a72a9209b45a34f15ddb93b3efc42da3caa3e921926b3","256","256","64467","1069"
"pt_beard_05","layers/pt_beard_05.png","beard","layer","base","adult","","119","40","105","70","112","150","120","98","168","208","reuse-pt_beard_05","provenance/raw/reuse-pt_beard_05.png","3d12c0d47afd75cdf32c0dd6703b104185bff6bcca80a8ffc66764259b9fb842","Create ONE isolated facial-hair OVERLAY pt_beard_05, target transparent 256x256 RGBA square (or proportional higher resolution). References: bald face is placement guide and must NOT appear; second image is isolated beard example. SAME painterly art, soft upper-left illumination, same LEFT-facing 3/4 direction. Exact required style: short neatly trimmed close beard with clean edge. Color golden brown. Only facial hair pixels with genuine transparent alpha; no skin, no face, no eyes, no garment, no backdrop, no labels. Fixed registration in 256 canvas: mouth center (92,151), upper lip y145, near cheek hair roots (145,128), far cheek (76,137), chin bottom around (104,176). Mustache center at (91,147). Preserve vacant top half of canvas and surrounding negative space, DO NOT enlarge beard to fill canvas. Must fit the supplied face without moving. Non-mustache beard styles keep mouth opening transparent and render natural loose hair tips. No social status or moral implication in grooming.","[""reuse existing artwork"",""six-anchor v2 piecewise registration"",""defringe radius2""]","","candidate","46ce5da5ac7c8b424f5d1d21913bd6d758caae3532c6c29a47621d529ab635ac","256","256","62731","2805"
"pt_beard_05","masks/pt_beard_05_haircolor.png","beard","haircolor","base","adult","","119","40","105","70","112","150","120","98","168","208","reuse-pt_beard_05","provenance/raw/reuse-pt_beard_05.png","3d12c0d47afd75cdf32c0dd6703b104185bff6bcca80a8ffc66764259b9fb842","Create ONE isolated facial-hair OVERLAY pt_beard_05, target transparent 256x256 RGBA square (or proportional higher resolution). References: bald face is placement guide and must NOT appear; second image is isolated beard example. SAME painterly art, soft upper-left illumination, same LEFT-facing 3/4 direction. Exact required style: short neatly trimmed close beard with clean edge. Color golden brown. Only facial hair pixels with genuine transparent alpha; no skin, no face, no eyes, no garment, no backdrop, no labels. Fixed registration in 256 canvas: mouth center (92,151), upper lip y145, near cheek hair roots (145,128), far cheek (76,137), chin bottom around (104,176). Mustache center at (91,147). Preserve vacant top half of canvas and surrounding negative space, DO NOT enlarge beard to fill canvas. Must fit the supplied face without moving. Non-mustache beard styles keep mouth opening transparent and render natural loose hair tips. No social status or moral implication in grooming.","[""reuse existing artwork"",""six-anchor v2 piecewise registration"",""defringe radius2""]","","candidate","e6fe634e2f0ae6eafe1e51290858460f8329b70047c4cfb9cf6a963f9e178f6e","256","256","62731","2805"
"pt_beard_05_child","layers/pt_beard_05_child.png","beard","layer","base","child","","120","56","104","82","112","147.36","120","101.6","160","208","reuse-pt_beard_05","provenance/raw/reuse-pt_beard_05.png","3d12c0d47afd75cdf32c0dd6703b104185bff6bcca80a8ffc66764259b9fb842","Create ONE isolated facial-hair OVERLAY pt_beard_05, target transparent 256x256 RGBA square (or proportional higher resolution). References: bald face is placement guide and must NOT appear; second image is isolated beard example. SAME painterly art, soft upper-left illumination, same LEFT-facing 3/4 direction. Exact required style: short neatly trimmed close beard with clean edge. Color golden brown. Only facial hair pixels with genuine transparent alpha; no skin, no face, no eyes, no garment, no backdrop, no labels. Fixed registration in 256 canvas: mouth center (92,151), upper lip y145, near cheek hair roots (145,128), far cheek (76,137), chin bottom around (104,176). Mustache center at (91,147). Preserve vacant top half of canvas and surrounding negative space, DO NOT enlarge beard to fill canvas. Must fit the supplied face without moving. Non-mustache beard styles keep mouth opening transparent and render natural loose hair tips. No social status or moral implication in grooming.","[""88% width + child vertical anchor warp"",""test-only; excluded from random children"",""defringe radius2""]","geometric_fit_test_only; age_inappropriate; excluded_from_random_sampler","candidate","56ba624431ada7641c7d282fb7dbdd014c6ee2e363aeeb0fd3979f516acc052d","256","256","63403","2133"
"pt_beard_05_child","masks/pt_beard_05_child_haircolor.png","beard","haircolor","base","child","","120","56","104","82","112","147.36","120","101.6","160","208","reuse-pt_beard_05","provenance/raw/reuse-pt_beard_05.png","3d12c0d47afd75cdf32c0dd6703b104185bff6bcca80a8ffc66764259b9fb842","Create ONE isolated facial-hair OVERLAY pt_beard_05, target transparent 256x256 RGBA square (or proportional higher resolution). References: bald face is placement guide and must NOT appear; second image is isolated beard example. SAME painterly art, soft upper-left illumination, same LEFT-facing 3/4 direction. Exact required style: short neatly trimmed close beard with clean edge. Color golden brown. Only facial hair pixels with genuine transparent alpha; no skin, no face, no eyes, no garment, no backdrop, no labels. Fixed registration in 256 canvas: mouth center (92,151), upper lip y145, near cheek hair roots (145,128), far cheek (76,137), chin bottom around (104,176). Mustache center at (91,147). Preserve vacant top half of canvas and surrounding negative space, DO NOT enlarge beard to fill canvas. Must fit the supplied face without moving. Non-mustache beard styles keep mouth opening transparent and render natural loose hair tips. No social status or moral implication in grooming.","[""88% width + child vertical anchor warp"",""test-only; excluded from random children"",""defringe radius2""]","geometric_fit_test_only; age_inappropriate; excluded_from_random_sampler","candidate","b1a72d54270698ddc64ab510b6d238a07f5bacbba56558ae432a63623e0e978c","256","256","63403","2133"
"pt_beard_06","layers/pt_beard_06.png","beard","layer","base","adult","","119","40","105","70","112","150","120","98","168","208","reuse-pt_beard_06","provenance/raw/reuse-pt_beard_06.png","aa3901b9e99853f8d2b884a7bc81f020ff3a4dde355c7930be7d48786adc0810","Create ONE isolated facial-hair OVERLAY pt_beard_06, target transparent 256x256 RGBA square (or proportional higher resolution). References: bald face is placement guide and must NOT appear; second image is isolated beard example. SAME painterly art, soft upper-left illumination, same LEFT-facing 3/4 direction. Exact required style: rough uneven medium stubble beard. Color brown. Only facial hair pixels with genuine transparent alpha; no skin, no face, no eyes, no garment, no backdrop, no labels. Fixed registration in 256 canvas: mouth center (92,151), upper lip y145, near cheek hair roots (145,128), far cheek (76,137), chin bottom around (104,176). Mustache center at (91,147). Preserve vacant top half of canvas and surrounding negative space, DO NOT enlarge beard to fill canvas. Must fit the supplied face without moving. Non-mustache beard styles keep mouth opening transparent and render natural loose hair tips. No social status or moral implication in grooming.","[""reuse existing artwork"",""six-anchor v2 piecewise registration"",""defringe radius2""]","","candidate","0adb18d4008f1fd9ed41ab9fe131f283bb3d32fa5dcfdf9e480e2cabe2025e0d","256","256","61609","3927"
"pt_beard_06","masks/pt_beard_06_haircolor.png","beard","haircolor","base","adult","","119","40","105","70","112","150","120","98","168","208","reuse-pt_beard_06","provenance/raw/reuse-pt_beard_06.png","aa3901b9e99853f8d2b884a7bc81f020ff3a4dde355c7930be7d48786adc0810","Create ONE isolated facial-hair OVERLAY pt_beard_06, target transparent 256x256 RGBA square (or proportional higher resolution). References: bald face is placement guide and must NOT appear; second image is isolated beard example. SAME painterly art, soft upper-left illumination, same LEFT-facing 3/4 direction. Exact required style: rough uneven medium stubble beard. Color brown. Only facial hair pixels with genuine transparent alpha; no skin, no face, no eyes, no garment, no backdrop, no labels. Fixed registration in 256 canvas: mouth center (92,151), upper lip y145, near cheek hair roots (145,128), far cheek (76,137), chin bottom around (104,176). Mustache center at (91,147). Preserve vacant top half of canvas and surrounding negative space, DO NOT enlarge beard to fill canvas. Must fit the supplied face without moving. Non-mustache beard styles keep mouth opening transparent and render natural loose hair tips. No social status or moral implication in grooming.","[""reuse existing artwork"",""six-anchor v2 piecewise registration"",""defringe radius2""]","","candidate","2ad127945574b8943104d46f852b41f776f768eeacf353bd103704c62d54f458","256","256","61609","3927"
"pt_beard_06_child","layers/pt_beard_06_child.png","beard","layer","base","child","","120","56","104","82","112","147.36","120","101.6","160","208","reuse-pt_beard_06","provenance/raw/reuse-pt_beard_06.png","aa3901b9e99853f8d2b884a7bc81f020ff3a4dde355c7930be7d48786adc0810","Create ONE isolated facial-hair OVERLAY pt_beard_06, target transparent 256x256 RGBA square (or proportional higher resolution). References: bald face is placement guide and must NOT appear; second image is isolated beard example. SAME painterly art, soft upper-left illumination, same LEFT-facing 3/4 direction. Exact required style: rough uneven medium stubble beard. Color brown. Only facial hair pixels with genuine transparent alpha; no skin, no face, no eyes, no garment, no backdrop, no labels. Fixed registration in 256 canvas: mouth center (92,151), upper lip y145, near cheek hair roots (145,128), far cheek (76,137), chin bottom around (104,176). Mustache center at (91,147). Preserve vacant top half of canvas and surrounding negative space, DO NOT enlarge beard to fill canvas. Must fit the supplied face without moving. Non-mustache beard styles keep mouth opening transparent and render natural loose hair tips. No social status or moral implication in grooming.","[""88% width + child vertical anchor warp"",""test-only; excluded from random children"",""defringe radius2""]","geometric_fit_test_only; age_inappropriate; excluded_from_random_sampler","candidate","78d3856128e9e63b3ebb462c75e59c1ebbbc65676cf9c5a8bcaf1cdd4a7bbe23","256","256","62569","2967"
"pt_beard_06_child","masks/pt_beard_06_child_haircolor.png","beard","haircolor","base","child","","120","56","104","82","112","147.36","120","101.6","160","208","reuse-pt_beard_06","provenance/raw/reuse-pt_beard_06.png","aa3901b9e99853f8d2b884a7bc81f020ff3a4dde355c7930be7d48786adc0810","Create ONE isolated facial-hair OVERLAY pt_beard_06, target transparent 256x256 RGBA square (or proportional higher resolution). References: bald face is placement guide and must NOT appear; second image is isolated beard example. SAME painterly art, soft upper-left illumination, same LEFT-facing 3/4 direction. Exact required style: rough uneven medium stubble beard. Color brown. Only facial hair pixels with genuine transparent alpha; no skin, no face, no eyes, no garment, no backdrop, no labels. Fixed registration in 256 canvas: mouth center (92,151), upper lip y145, near cheek hair roots (145,128), far cheek (76,137), chin bottom around (104,176). Mustache center at (91,147). Preserve vacant top half of canvas and surrounding negative space, DO NOT enlarge beard to fill canvas. Must fit the supplied face without moving. Non-mustache beard styles keep mouth opening transparent and render natural loose hair tips. No social status or moral implication in grooming.","[""88% width + child vertical anchor warp"",""test-only; excluded from random children"",""defringe radius2""]","geometric_fit_test_only; age_inappropriate; excluded_from_random_sampler","candidate","efd6602a35482e8fc60241e96524e01beecb0739b3f39ae9f6691e91e0c55005","256","256","62569","2967"
"pt_beard_07","layers/pt_beard_07.png","beard","layer","base","adult","","119","40","105","70","112","150","120","98","168","208","reuse-pt_beard_07","provenance/raw/reuse-pt_beard_07.png","5a32c94ee7bc79b39f12b885c2ff3e634b4008a95e3afa049e1d8d3940ed60b3","Create ONE isolated facial-hair OVERLAY pt_beard_07, target transparent 256x256 RGBA square (or proportional higher resolution). References: bald face is placement guide and must NOT appear; second image is isolated beard example. SAME painterly art, soft upper-left illumination, same LEFT-facing 3/4 direction. Exact required style: short grey beard. Color grey. Only facial hair pixels with genuine transparent alpha; no skin, no face, no eyes, no garment, no backdrop, no labels. Fixed registration in 256 canvas: mouth center (92,151), upper lip y145, near cheek hair roots (145,128), far cheek (76,137), chin bottom around (104,176). Mustache center at (91,147). Preserve vacant top half of canvas and surrounding negative space, DO NOT enlarge beard to fill canvas. Must fit the supplied face without moving. Non-mustache beard styles keep mouth opening transparent and render natural loose hair tips. No social status or moral implication in grooming.","[""reuse existing artwork"",""six-anchor v2 piecewise registration"",""defringe radius2""]","","candidate","5e0f5448425a3ceb55562d4816cde9b6f27c9ff1cfa9ac6de89b4a117dee3ae7","256","256","61787","3749"
"pt_beard_07","masks/pt_beard_07_haircolor.png","beard","haircolor","base","adult","","119","40","105","70","112","150","120","98","168","208","reuse-pt_beard_07","provenance/raw/reuse-pt_beard_07.png","5a32c94ee7bc79b39f12b885c2ff3e634b4008a95e3afa049e1d8d3940ed60b3","Create ONE isolated facial-hair OVERLAY pt_beard_07, target transparent 256x256 RGBA square (or proportional higher resolution). References: bald face is placement guide and must NOT appear; second image is isolated beard example. SAME painterly art, soft upper-left illumination, same LEFT-facing 3/4 direction. Exact required style: short grey beard. Color grey. Only facial hair pixels with genuine transparent alpha; no skin, no face, no eyes, no garment, no backdrop, no labels. Fixed registration in 256 canvas: mouth center (92,151), upper lip y145, near cheek hair roots (145,128), far cheek (76,137), chin bottom around (104,176). Mustache center at (91,147). Preserve vacant top half of canvas and surrounding negative space, DO NOT enlarge beard to fill canvas. Must fit the supplied face without moving. Non-mustache beard styles keep mouth opening transparent and render natural loose hair tips. No social status or moral implication in grooming.","[""reuse existing artwork"",""six-anchor v2 piecewise registration"",""defringe radius2""]","","candidate","6a05e831881603d08e2c2d912f11479ad1cc73d390f6319ff3ac987cb029bca8","256","256","61787","3749"
"pt_beard_07_child","layers/pt_beard_07_child.png","beard","layer","base","child","","120","56","104","82","112","147.36","120","101.6","160","208","reuse-pt_beard_07","provenance/raw/reuse-pt_beard_07.png","5a32c94ee7bc79b39f12b885c2ff3e634b4008a95e3afa049e1d8d3940ed60b3","Create ONE isolated facial-hair OVERLAY pt_beard_07, target transparent 256x256 RGBA square (or proportional higher resolution). References: bald face is placement guide and must NOT appear; second image is isolated beard example. SAME painterly art, soft upper-left illumination, same LEFT-facing 3/4 direction. Exact required style: short grey beard. Color grey. Only facial hair pixels with genuine transparent alpha; no skin, no face, no eyes, no garment, no backdrop, no labels. Fixed registration in 256 canvas: mouth center (92,151), upper lip y145, near cheek hair roots (145,128), far cheek (76,137), chin bottom around (104,176). Mustache center at (91,147). Preserve vacant top half of canvas and surrounding negative space, DO NOT enlarge beard to fill canvas. Must fit the supplied face without moving. Non-mustache beard styles keep mouth opening transparent and render natural loose hair tips. No social status or moral implication in grooming.","[""88% width + child vertical anchor warp"",""test-only; excluded from random children"",""defringe radius2""]","geometric_fit_test_only; age_inappropriate; excluded_from_random_sampler","candidate","2bf1d64e759c0c06999146cdb3627d241588a3d314764a4cbd0d51a466044837","256","256","62683","2853"
"pt_beard_07_child","masks/pt_beard_07_child_haircolor.png","beard","haircolor","base","child","","120","56","104","82","112","147.36","120","101.6","160","208","reuse-pt_beard_07","provenance/raw/reuse-pt_beard_07.png","5a32c94ee7bc79b39f12b885c2ff3e634b4008a95e3afa049e1d8d3940ed60b3","Create ONE isolated facial-hair OVERLAY pt_beard_07, target transparent 256x256 RGBA square (or proportional higher resolution). References: bald face is placement guide and must NOT appear; second image is isolated beard example. SAME painterly art, soft upper-left illumination, same LEFT-facing 3/4 direction. Exact required style: short grey beard. Color grey. Only facial hair pixels with genuine transparent alpha; no skin, no face, no eyes, no garment, no backdrop, no labels. Fixed registration in 256 canvas: mouth center (92,151), upper lip y145, near cheek hair roots (145,128), far cheek (76,137), chin bottom around (104,176). Mustache center at (91,147). Preserve vacant top half of canvas and surrounding negative space, DO NOT enlarge beard to fill canvas. Must fit the supplied face without moving. Non-mustache beard styles keep mouth opening transparent and render natural loose hair tips. No social status or moral implication in grooming.","[""88% width + child vertical anchor warp"",""test-only; excluded from random children"",""defringe radius2""]","geometric_fit_test_only; age_inappropriate; excluded_from_random_sampler","candidate","7197afd2d503c16be870a26a47a82855c4345a49a6670431a8ab5a8b28fa1728","256","256","62683","2853"
"pt_beard_08","layers/pt_beard_08.png","beard","layer","base","adult","","119","40","105","70","112","150","120","98","168","208","reuse-pt_beard_08","provenance/raw/reuse-pt_beard_08.png","14792d6f70735d47c819c2c9f29c4ca5036f8291d6905f6a9c2971878cc845ae","Create ONE isolated facial-hair OVERLAY pt_beard_08, target transparent 256x256 RGBA square (or proportional higher resolution). References: bald face is placement guide and must NOT appear; second image is isolated beard example. SAME painterly art, soft upper-left illumination, same LEFT-facing 3/4 direction. Exact required style: long grey beard down to y220. Color grey. Only facial hair pixels with genuine transparent alpha; no skin, no face, no eyes, no garment, no backdrop, no labels. Fixed registration in 256 canvas: mouth center (92,151), upper lip y145, near cheek hair roots (145,128), far cheek (76,137), chin bottom around (104,176). Mustache center at (91,147). Preserve vacant top half of canvas and surrounding negative space, DO NOT enlarge beard to fill canvas. Must fit the supplied face without moving. Non-mustache beard styles keep mouth opening transparent and render natural loose hair tips. No social status or moral implication in grooming.","[""reuse existing artwork"",""six-anchor v2 piecewise registration"",""defringe radius2""]","","candidate","a5831ae7765d4b1a7417361a9044478d764a2421f60b0b4ae81efa2af10bae72","256","256","58154","7382"
"pt_beard_08","masks/pt_beard_08_haircolor.png","beard","haircolor","base","adult","","119","40","105","70","112","150","120","98","168","208","reuse-pt_beard_08","provenance/raw/reuse-pt_beard_08.png","14792d6f70735d47c819c2c9f29c4ca5036f8291d6905f6a9c2971878cc845ae","Create ONE isolated facial-hair OVERLAY pt_beard_08, target transparent 256x256 RGBA square (or proportional higher resolution). References: bald face is placement guide and must NOT appear; second image is isolated beard example. SAME painterly art, soft upper-left illumination, same LEFT-facing 3/4 direction. Exact required style: long grey beard down to y220. Color grey. Only facial hair pixels with genuine transparent alpha; no skin, no face, no eyes, no garment, no backdrop, no labels. Fixed registration in 256 canvas: mouth center (92,151), upper lip y145, near cheek hair roots (145,128), far cheek (76,137), chin bottom around (104,176). Mustache center at (91,147). Preserve vacant top half of canvas and surrounding negative space, DO NOT enlarge beard to fill canvas. Must fit the supplied face without moving. Non-mustache beard styles keep mouth opening transparent and render natural loose hair tips. No social status or moral implication in grooming.","[""reuse existing artwork"",""six-anchor v2 piecewise registration"",""defringe radius2""]","","candidate","9c93b02c285b4dd642a630522f213989ac351318da8cfef27656070360cee7a0","256","256","58154","7382"
"pt_beard_08_child","layers/pt_beard_08_child.png","beard","layer","base","child","","120","56","104","82","112","147.36","120","101.6","160","208","reuse-pt_beard_08","provenance/raw/reuse-pt_beard_08.png","14792d6f70735d47c819c2c9f29c4ca5036f8291d6905f6a9c2971878cc845ae","Create ONE isolated facial-hair OVERLAY pt_beard_08, target transparent 256x256 RGBA square (or proportional higher resolution). References: bald face is placement guide and must NOT appear; second image is isolated beard example. SAME painterly art, soft upper-left illumination, same LEFT-facing 3/4 direction. Exact required style: long grey beard down to y220. Color grey. Only facial hair pixels with genuine transparent alpha; no skin, no face, no eyes, no garment, no backdrop, no labels. Fixed registration in 256 canvas: mouth center (92,151), upper lip y145, near cheek hair roots (145,128), far cheek (76,137), chin bottom around (104,176). Mustache center at (91,147). Preserve vacant top half of canvas and surrounding negative space, DO NOT enlarge beard to fill canvas. Must fit the supplied face without moving. Non-mustache beard styles keep mouth opening transparent and render natural loose hair tips. No social status or moral implication in grooming.","[""88% width + child vertical anchor warp"",""test-only; excluded from random children"",""defringe radius2""]","geometric_fit_test_only; age_inappropriate; excluded_from_random_sampler","candidate","70f421d3e0ee3604864bb511299580b9ab254526b4b1f170763eb265574126d7","256","256","59744","5792"
"pt_beard_08_child","masks/pt_beard_08_child_haircolor.png","beard","haircolor","base","child","","120","56","104","82","112","147.36","120","101.6","160","208","reuse-pt_beard_08","provenance/raw/reuse-pt_beard_08.png","14792d6f70735d47c819c2c9f29c4ca5036f8291d6905f6a9c2971878cc845ae","Create ONE isolated facial-hair OVERLAY pt_beard_08, target transparent 256x256 RGBA square (or proportional higher resolution). References: bald face is placement guide and must NOT appear; second image is isolated beard example. SAME painterly art, soft upper-left illumination, same LEFT-facing 3/4 direction. Exact required style: long grey beard down to y220. Color grey. Only facial hair pixels with genuine transparent alpha; no skin, no face, no eyes, no garment, no backdrop, no labels. Fixed registration in 256 canvas: mouth center (92,151), upper lip y145, near cheek hair roots (145,128), far cheek (76,137), chin bottom around (104,176). Mustache center at (91,147). Preserve vacant top half of canvas and surrounding negative space, DO NOT enlarge beard to fill canvas. Must fit the supplied face without moving. Non-mustache beard styles keep mouth opening transparent and render natural loose hair tips. No social status or moral implication in grooming.","[""88% width + child vertical anchor warp"",""test-only; excluded from random children"",""defringe radius2""]","geometric_fit_test_only; age_inappropriate; excluded_from_random_sampler","candidate","f9dc5dfb2f2fbf17fe211f188b0b40a0cb91939413e4512dd98f91228e4d486a","256","256","59744","5792"
"pt_beard_10","layers/pt_beard_10.png","beard","layer","base","adult","","119","40","105","70","112","150","120","98","168","208","reuse-pt_beard_10","provenance/raw/reuse-pt_beard_10.png","7f91f283ba640ad4983dccf015527ea2c6f09c14fbe937958e395c9e9095db4c","Create ONE isolated facial-hair OVERLAY pt_beard_10, target transparent 256x256 RGBA square (or proportional higher resolution). References: bald face is placement guide and must NOT appear; second image is isolated beard example. SAME painterly art, soft upper-left illumination, same LEFT-facing 3/4 direction. Exact required style: young sparse beard, a few fine chin and upper-lip hairs. Color brown. Only facial hair pixels with genuine transparent alpha; no skin, no face, no eyes, no garment, no backdrop, no labels. Fixed registration in 256 canvas: mouth center (92,151), upper lip y145, near cheek hair roots (145,128), far cheek (76,137), chin bottom around (104,176). Mustache center at (91,147). Preserve vacant top half of canvas and surrounding negative space, DO NOT enlarge beard to fill canvas. Must fit the supplied face without moving. Non-mustache beard styles keep mouth opening transparent and render natural loose hair tips. No social status or moral implication in grooming.","[""reuse existing artwork"",""six-anchor v2 piecewise registration"",""defringe radius2""]","","candidate","48294c465d0bf92ebb33fe65952392a05fe20d5a0b66c6f05ebc34c8d568885c","256","256","62358","3178"
"pt_beard_10","masks/pt_beard_10_haircolor.png","beard","haircolor","base","adult","","119","40","105","70","112","150","120","98","168","208","reuse-pt_beard_10","provenance/raw/reuse-pt_beard_10.png","7f91f283ba640ad4983dccf015527ea2c6f09c14fbe937958e395c9e9095db4c","Create ONE isolated facial-hair OVERLAY pt_beard_10, target transparent 256x256 RGBA square (or proportional higher resolution). References: bald face is placement guide and must NOT appear; second image is isolated beard example. SAME painterly art, soft upper-left illumination, same LEFT-facing 3/4 direction. Exact required style: young sparse beard, a few fine chin and upper-lip hairs. Color brown. Only facial hair pixels with genuine transparent alpha; no skin, no face, no eyes, no garment, no backdrop, no labels. Fixed registration in 256 canvas: mouth center (92,151), upper lip y145, near cheek hair roots (145,128), far cheek (76,137), chin bottom around (104,176). Mustache center at (91,147). Preserve vacant top half of canvas and surrounding negative space, DO NOT enlarge beard to fill canvas. Must fit the supplied face without moving. Non-mustache beard styles keep mouth opening transparent and render natural loose hair tips. No social status or moral implication in grooming.","[""reuse existing artwork"",""six-anchor v2 piecewise registration"",""defringe radius2""]","","candidate","07d8c9e3d80f018dbc1df4d913722e677c57faa6c9aba17d8baf35ef88a55209","256","256","62358","3178"
"pt_beard_10_child","layers/pt_beard_10_child.png","beard","layer","base","child","","120","56","104","82","112","147.36","120","101.6","160","208","reuse-pt_beard_10","provenance/raw/reuse-pt_beard_10.png","7f91f283ba640ad4983dccf015527ea2c6f09c14fbe937958e395c9e9095db4c","Create ONE isolated facial-hair OVERLAY pt_beard_10, target transparent 256x256 RGBA square (or proportional higher resolution). References: bald face is placement guide and must NOT appear; second image is isolated beard example. SAME painterly art, soft upper-left illumination, same LEFT-facing 3/4 direction. Exact required style: young sparse beard, a few fine chin and upper-lip hairs. Color brown. Only facial hair pixels with genuine transparent alpha; no skin, no face, no eyes, no garment, no backdrop, no labels. Fixed registration in 256 canvas: mouth center (92,151), upper lip y145, near cheek hair roots (145,128), far cheek (76,137), chin bottom around (104,176). Mustache center at (91,147). Preserve vacant top half of canvas and surrounding negative space, DO NOT enlarge beard to fill canvas. Must fit the supplied face without moving. Non-mustache beard styles keep mouth opening transparent and render natural loose hair tips. No social status or moral implication in grooming.","[""88% width + child vertical anchor warp"",""test-only; excluded from random children"",""defringe radius2""]","geometric_fit_test_only; age_inappropriate; excluded_from_random_sampler","candidate","92b2b57c85fb43fe5e41349df03479ca5e80dc32c1df7ca3f3ccb62bb232c66f","256","256","63145","2391"
"pt_beard_10_child","masks/pt_beard_10_child_haircolor.png","beard","haircolor","base","child","","120","56","104","82","112","147.36","120","101.6","160","208","reuse-pt_beard_10","provenance/raw/reuse-pt_beard_10.png","7f91f283ba640ad4983dccf015527ea2c6f09c14fbe937958e395c9e9095db4c","Create ONE isolated facial-hair OVERLAY pt_beard_10, target transparent 256x256 RGBA square (or proportional higher resolution). References: bald face is placement guide and must NOT appear; second image is isolated beard example. SAME painterly art, soft upper-left illumination, same LEFT-facing 3/4 direction. Exact required style: young sparse beard, a few fine chin and upper-lip hairs. Color brown. Only facial hair pixels with genuine transparent alpha; no skin, no face, no eyes, no garment, no backdrop, no labels. Fixed registration in 256 canvas: mouth center (92,151), upper lip y145, near cheek hair roots (145,128), far cheek (76,137), chin bottom around (104,176). Mustache center at (91,147). Preserve vacant top half of canvas and surrounding negative space, DO NOT enlarge beard to fill canvas. Must fit the supplied face without moving. Non-mustache beard styles keep mouth opening transparent and render natural loose hair tips. No social status or moral implication in grooming.","[""88% width + child vertical anchor warp"",""test-only; excluded from random children"",""defringe radius2""]","geometric_fit_test_only; age_inappropriate; excluded_from_random_sampler","candidate","a1853cedadc9d7c29931ad3bef87813df9dc63cbf10279da62d87452bf365754","256","256","63145","2391"
"pt_hair_f_01","layers/pt_hair_f_01.png","hair","layer","front","adult","","119","40","105","70","112","150","120","98","168","208","reuse-pt_hair_f_01;reuse-pt_hair_f_01_rear","provenance/raw/reuse-pt_hair_f_01.png;provenance/raw/reuse-pt_hair_f_01_rear.png","e7b3bd78e16280a17eb178a518b74f40d065dd5ce3d597198f5929d34b924aaa;baf54d7feb2d360db3f12c27e033816a6b85bde9ef3ad05fe4e941bb29990630","Create ONE logical modular HAIRSTYLE asset pt_hair_f_01 as a TWO-PANEL transparent sprite sheet, 512x256 logical canvas (or exact proportional higher resolution), left cell FRONT and right cell REAR, each cell exactly square 256x256. No text, no divider. Hair only; all face, scalp skin, neck, clothing and background pixels transparent. Reference 1 is head registration only and must NOT appear in output; references 2 and 3 demonstrate isolated front hair and isolated rear hair. Match painterly texture and soft upper-left light. Face would point LEFT in same three-quarter view. In EACH cell use identical global head anchors: bald crown near (133,45), eye-line y112, ear (169,124), nape near (176,180), shoulder y208; empty space preserved. LEFT front layer includes crown, forehead bangs, visible side hair; RIGHT rear layer only hair behind face/ear/neck. Rear is drawn BEHIND face, front above face. Exact hairstyle: center-parted smooth hair tied into a low bun. Color: dark brown. Distinct historical English 1300-1450 natural hair, no modern accessories. No face, no floating skin fragments, no torso. Two matching complementary parts, not two complete wigs. Output true transparent alpha.","[""reuse existing artwork"",""six-anchor v2 piecewise registration"",""defringe radius2""]","","candidate","dd1a3fb0b28568cc188f780306604bb662d2d4acd62bc997af607777e3b21722","256","256","52871","12665"
"pt_hair_f_01","masks/pt_hair_f_01_haircolor.png","hair","haircolor","front","adult","","119","40","105","70","112","150","120","98","168","208","reuse-pt_hair_f_01;reuse-pt_hair_f_01_rear","provenance/raw/reuse-pt_hair_f_01.png;provenance/raw/reuse-pt_hair_f_01_rear.png","e7b3bd78e16280a17eb178a518b74f40d065dd5ce3d597198f5929d34b924aaa;baf54d7feb2d360db3f12c27e033816a6b85bde9ef3ad05fe4e941bb29990630","Create ONE logical modular HAIRSTYLE asset pt_hair_f_01 as a TWO-PANEL transparent sprite sheet, 512x256 logical canvas (or exact proportional higher resolution), left cell FRONT and right cell REAR, each cell exactly square 256x256. No text, no divider. Hair only; all face, scalp skin, neck, clothing and background pixels transparent. Reference 1 is head registration only and must NOT appear in output; references 2 and 3 demonstrate isolated front hair and isolated rear hair. Match painterly texture and soft upper-left light. Face would point LEFT in same three-quarter view. In EACH cell use identical global head anchors: bald crown near (133,45), eye-line y112, ear (169,124), nape near (176,180), shoulder y208; empty space preserved. LEFT front layer includes crown, forehead bangs, visible side hair; RIGHT rear layer only hair behind face/ear/neck. Rear is drawn BEHIND face, front above face. Exact hairstyle: center-parted smooth hair tied into a low bun. Color: dark brown. Distinct historical English 1300-1450 natural hair, no modern accessories. No face, no floating skin fragments, no torso. Two matching complementary parts, not two complete wigs. Output true transparent alpha.","[""reuse existing artwork"",""six-anchor v2 piecewise registration"",""defringe radius2""]","","candidate","5f61c02bb2a6e9b0c10832bbe7905100338f958cbe4077f3207e351c1d3d4b34","256","256","52871","12665"
"pt_hair_f_01","layers/pt_hair_f_01_rear.png","hair","layer","rear","adult","","119","40","105","70","112","150","120","98","168","208","reuse-pt_hair_f_01;reuse-pt_hair_f_01_rear","provenance/raw/reuse-pt_hair_f_01.png;provenance/raw/reuse-pt_hair_f_01_rear.png","e7b3bd78e16280a17eb178a518b74f40d065dd5ce3d597198f5929d34b924aaa;baf54d7feb2d360db3f12c27e033816a6b85bde9ef3ad05fe4e941bb29990630","Create ONE logical modular HAIRSTYLE asset pt_hair_f_01 as a TWO-PANEL transparent sprite sheet, 512x256 logical canvas (or exact proportional higher resolution), left cell FRONT and right cell REAR, each cell exactly square 256x256. No text, no divider. Hair only; all face, scalp skin, neck, clothing and background pixels transparent. Reference 1 is head registration only and must NOT appear in output; references 2 and 3 demonstrate isolated front hair and isolated rear hair. Match painterly texture and soft upper-left light. Face would point LEFT in same three-quarter view. In EACH cell use identical global head anchors: bald crown near (133,45), eye-line y112, ear (169,124), nape near (176,180), shoulder y208; empty space preserved. LEFT front layer includes crown, forehead bangs, visible side hair; RIGHT rear layer only hair behind face/ear/neck. Rear is drawn BEHIND face, front above face. Exact hairstyle: center-parted smooth hair tied into a low bun. Color: dark brown. Distinct historical English 1300-1450 natural hair, no modern accessories. No face, no floating skin fragments, no torso. Two matching complementary parts, not two complete wigs. Output true transparent alpha.","[""reuse existing artwork"",""six-anchor v2 piecewise registration"",""defringe radius2""]","","candidate","a13019faaee67639d1da245c91324f167df7f48830ad0b7f972d9a7ee262ac9a","256","256","50066","15470"
"pt_hair_f_01","masks/pt_hair_f_01_rear_haircolor.png","hair","haircolor","rear","adult","","119","40","105","70","112","150","120","98","168","208","reuse-pt_hair_f_01;reuse-pt_hair_f_01_rear","provenance/raw/reuse-pt_hair_f_01.png;provenance/raw/reuse-pt_hair_f_01_rear.png","e7b3bd78e16280a17eb178a518b74f40d065dd5ce3d597198f5929d34b924aaa;baf54d7feb2d360db3f12c27e033816a6b85bde9ef3ad05fe4e941bb29990630","Create ONE logical modular HAIRSTYLE asset pt_hair_f_01 as a TWO-PANEL transparent sprite sheet, 512x256 logical canvas (or exact proportional higher resolution), left cell FRONT and right cell REAR, each cell exactly square 256x256. No text, no divider. Hair only; all face, scalp skin, neck, clothing and background pixels transparent. Reference 1 is head registration only and must NOT appear in output; references 2 and 3 demonstrate isolated front hair and isolated rear hair. Match painterly texture and soft upper-left light. Face would point LEFT in same three-quarter view. In EACH cell use identical global head anchors: bald crown near (133,45), eye-line y112, ear (169,124), nape near (176,180), shoulder y208; empty space preserved. LEFT front layer includes crown, forehead bangs, visible side hair; RIGHT rear layer only hair behind face/ear/neck. Rear is drawn BEHIND face, front above face. Exact hairstyle: center-parted smooth hair tied into a low bun. Color: dark brown. Distinct historical English 1300-1450 natural hair, no modern accessories. No face, no floating skin fragments, no torso. Two matching complementary parts, not two complete wigs. Output true transparent alpha.","[""reuse existing artwork"",""six-anchor v2 piecewise registration"",""defringe radius2""]","","candidate","92a3ad58281684a06a45794cfc17590f2ac3a57e04c0879f6bff6963ba898013","256","256","50066","15470"
"pt_hair_f_02","layers/pt_hair_f_02.png","hair","layer","front","adult","","119","40","105","70","112","150","120","98","168","208","reuse-pt_hair_f_02;reuse-pt_hair_f_02_rear","provenance/raw/reuse-pt_hair_f_02.png;provenance/raw/reuse-pt_hair_f_02_rear.png","3cdc9a64e864ff503c7fdd427c01ab1c738d70a34b8ad70a17d5da63c0851c89;325489241f83551b5076119d9aef637f68091d28c56d5d09af7a41c9ee65cea0","Create ONE logical modular HAIRSTYLE asset pt_hair_f_02 as a TWO-PANEL transparent sprite sheet, 512x256 logical canvas (or exact proportional higher resolution), left cell FRONT and right cell REAR, each cell exactly square 256x256. No text, no divider. Hair only; all face, scalp skin, neck, clothing and background pixels transparent. Reference 1 is head registration only and must NOT appear in output; references 2 and 3 demonstrate isolated front hair and isolated rear hair. Match painterly texture and soft upper-left light. Face would point LEFT in same three-quarter view. In EACH cell use identical global head anchors: bald crown near (133,45), eye-line y112, ear (169,124), nape near (176,180), shoulder y208; empty space preserved. LEFT front layer includes crown, forehead bangs, visible side hair; RIGHT rear layer only hair behind face/ear/neck. Rear is drawn BEHIND face, front above face. Exact hairstyle: braids pinned and coiled up at the back. Color: auburn. Distinct historical English 1300-1450 natural hair, no modern accessories. No face, no floating skin fragments, no torso. Two matching complementary parts, not two complete wigs. Output true transparent alpha.","[""reuse existing artwork"",""six-anchor v2 piecewise registration"",""defringe radius2""]","","candidate","7a4dd9041c0c28cb65375b42e8f59f2df399f9e94666e1112f079919957434da","256","256","52726","12810"
"pt_hair_f_02","masks/pt_hair_f_02_haircolor.png","hair","haircolor","front","adult","","119","40","105","70","112","150","120","98","168","208","reuse-pt_hair_f_02;reuse-pt_hair_f_02_rear","provenance/raw/reuse-pt_hair_f_02.png;provenance/raw/reuse-pt_hair_f_02_rear.png","3cdc9a64e864ff503c7fdd427c01ab1c738d70a34b8ad70a17d5da63c0851c89;325489241f83551b5076119d9aef637f68091d28c56d5d09af7a41c9ee65cea0","Create ONE logical modular HAIRSTYLE asset pt_hair_f_02 as a TWO-PANEL transparent sprite sheet, 512x256 logical canvas (or exact proportional higher resolution), left cell FRONT and right cell REAR, each cell exactly square 256x256. No text, no divider. Hair only; all face, scalp skin, neck, clothing and background pixels transparent. Reference 1 is head registration only and must NOT appear in output; references 2 and 3 demonstrate isolated front hair and isolated rear hair. Match painterly texture and soft upper-left light. Face would point LEFT in same three-quarter view. In EACH cell use identical global head anchors: bald crown near (133,45), eye-line y112, ear (169,124), nape near (176,180), shoulder y208; empty space preserved. LEFT front layer includes crown, forehead bangs, visible side hair; RIGHT rear layer only hair behind face/ear/neck. Rear is drawn BEHIND face, front above face. Exact hairstyle: braids pinned and coiled up at the back. Color: auburn. Distinct historical English 1300-1450 natural hair, no modern accessories. No face, no floating skin fragments, no torso. Two matching complementary parts, not two complete wigs. Output true transparent alpha.","[""reuse existing artwork"",""six-anchor v2 piecewise registration"",""defringe radius2""]","","candidate","dc53f71a5f1774feec3d355e6589ba40f9cb874ae5a21075e6288b1f4d0639e3","256","256","52726","12810"
"pt_hair_f_02","layers/pt_hair_f_02_rear.png","hair","layer","rear","adult","","119","40","105","70","112","150","120","98","168","208","reuse-pt_hair_f_02;reuse-pt_hair_f_02_rear","provenance/raw/reuse-pt_hair_f_02.png;provenance/raw/reuse-pt_hair_f_02_rear.png","3cdc9a64e864ff503c7fdd427c01ab1c738d70a34b8ad70a17d5da63c0851c89;325489241f83551b5076119d9aef637f68091d28c56d5d09af7a41c9ee65cea0","Create ONE logical modular HAIRSTYLE asset pt_hair_f_02 as a TWO-PANEL transparent sprite sheet, 512x256 logical canvas (or exact proportional higher resolution), left cell FRONT and right cell REAR, each cell exactly square 256x256. No text, no divider. Hair only; all face, scalp skin, neck, clothing and background pixels transparent. Reference 1 is head registration only and must NOT appear in output; references 2 and 3 demonstrate isolated front hair and isolated rear hair. Match painterly texture and soft upper-left light. Face would point LEFT in same three-quarter view. In EACH cell use identical global head anchors: bald crown near (133,45), eye-line y112, ear (169,124), nape near (176,180), shoulder y208; empty space preserved. LEFT front layer includes crown, forehead bangs, visible side hair; RIGHT rear layer only hair behind face/ear/neck. Rear is drawn BEHIND face, front above face. Exact hairstyle: braids pinned and coiled up at the back. Color: auburn. Distinct historical English 1300-1450 natural hair, no modern accessories. No face, no floating skin fragments, no torso. Two matching complementary parts, not two complete wigs. Output true transparent alpha.","[""reuse existing artwork"",""six-anchor v2 piecewise registration"",""defringe radius2""]","","candidate","ffd02eb02dfab8fe3ba58184c34461eae2085efb64fdffa3150d146219973087","256","256","52491","13045"
"pt_hair_f_02","masks/pt_hair_f_02_rear_haircolor.png","hair","haircolor","rear","adult","","119","40","105","70","112","150","120","98","168","208","reuse-pt_hair_f_02;reuse-pt_hair_f_02_rear","provenance/raw/reuse-pt_hair_f_02.png;provenance/raw/reuse-pt_hair_f_02_rear.png","3cdc9a64e864ff503c7fdd427c01ab1c738d70a34b8ad70a17d5da63c0851c89;325489241f83551b5076119d9aef637f68091d28c56d5d09af7a41c9ee65cea0","Create ONE logical modular HAIRSTYLE asset pt_hair_f_02 as a TWO-PANEL transparent sprite sheet, 512x256 logical canvas (or exact proportional higher resolution), left cell FRONT and right cell REAR, each cell exactly square 256x256. No text, no divider. Hair only; all face, scalp skin, neck, clothing and background pixels transparent. Reference 1 is head registration only and must NOT appear in output; references 2 and 3 demonstrate isolated front hair and isolated rear hair. Match painterly texture and soft upper-left light. Face would point LEFT in same three-quarter view. In EACH cell use identical global head anchors: bald crown near (133,45), eye-line y112, ear (169,124), nape near (176,180), shoulder y208; empty space preserved. LEFT front layer includes crown, forehead bangs, visible side hair; RIGHT rear layer only hair behind face/ear/neck. Rear is drawn BEHIND face, front above face. Exact hairstyle: braids pinned and coiled up at the back. Color: auburn. Distinct historical English 1300-1450 natural hair, no modern accessories. No face, no floating skin fragments, no torso. Two matching complementary parts, not two complete wigs. Output true transparent alpha.","[""reuse existing artwork"",""six-anchor v2 piecewise registration"",""defringe radius2""]","","candidate","56d888dcb560833ba2e7150b1c4893bd058c697cf618631044aca04a660041b1","256","256","52491","13045"
"pt_hair_f_03","layers/pt_hair_f_03.png","hair","layer","front","adult","","119","40","105","70","112","150","120","98","168","208","reuse-pt_hair_f_03;reuse-pt_hair_f_03_rear","provenance/raw/reuse-pt_hair_f_03.png;provenance/raw/reuse-pt_hair_f_03_rear.png","6d923e4b946250defb56348714610a449f3ffd26a9b16515fc94103c9e7c2a21;f196cfbdf52bc415795a3c5a7c30acc7c9fa8c1d64d0690c2a36c65de6181042","Create ONE logical modular HAIRSTYLE asset pt_hair_f_03 as a TWO-PANEL transparent sprite sheet, 512x256 logical canvas (or exact proportional higher resolution), left cell FRONT and right cell REAR, each cell exactly square 256x256. No text, no divider. Hair only; all face, scalp skin, neck, clothing and background pixels transparent. Reference 1 is head registration only and must NOT appear in output; references 2 and 3 demonstrate isolated front hair and isolated rear hair. Match painterly texture and soft upper-left light. Face would point LEFT in same three-quarter view. In EACH cell use identical global head anchors: bald crown near (133,45), eye-line y112, ear (169,124), nape near (176,180), shoulder y208; empty space preserved. LEFT front layer includes crown, forehead bangs, visible side hair; RIGHT rear layer only hair behind face/ear/neck. Rear is drawn BEHIND face, front above face. Exact hairstyle: loose long hair flowing behind shoulders. Color: golden brown. Distinct historical English 1300-1450 natural hair, no modern accessories. No face, no floating skin fragments, no torso. Two matching complementary parts, not two complete wigs. Output true transparent alpha.","[""reuse existing artwork"",""six-anchor v2 piecewise registration"",""defringe radius2""]","","candidate","f9ed3c21665f2d8e8d0d597a5b43ddbe780a899bf02f2b674871d3de9174a503","256","256","46257","19279"
"pt_hair_f_03","masks/pt_hair_f_03_haircolor.png","hair","haircolor","front","adult","","119","40","105","70","112","150","120","98","168","208","reuse-pt_hair_f_03;reuse-pt_hair_f_03_rear","provenance/raw/reuse-pt_hair_f_03.png;provenance/raw/reuse-pt_hair_f_03_rear.png","6d923e4b946250defb56348714610a449f3ffd26a9b16515fc94103c9e7c2a21;f196cfbdf52bc415795a3c5a7c30acc7c9fa8c1d64d0690c2a36c65de6181042","Create ONE logical modular HAIRSTYLE asset pt_hair_f_03 as a TWO-PANEL transparent sprite sheet, 512x256 logical canvas (or exact proportional higher resolution), left cell FRONT and right cell REAR, each cell exactly square 256x256. No text, no divider. Hair only; all face, scalp skin, neck, clothing and background pixels transparent. Reference 1 is head registration only and must NOT appear in output; references 2 and 3 demonstrate isolated front hair and isolated rear hair. Match painterly texture and soft upper-left light. Face would point LEFT in same three-quarter view. In EACH cell use identical global head anchors: bald crown near (133,45), eye-line y112, ear (169,124), nape near (176,180), shoulder y208; empty space preserved. LEFT front layer includes crown, forehead bangs, visible side hair; RIGHT rear layer only hair behind face/ear/neck. Rear is drawn BEHIND face, front above face. Exact hairstyle: loose long hair flowing behind shoulders. Color: golden brown. Distinct historical English 1300-1450 natural hair, no modern accessories. No face, no floating skin fragments, no torso. Two matching complementary parts, not two complete wigs. Output true transparent alpha.","[""reuse existing artwork"",""six-anchor v2 piecewise registration"",""defringe radius2""]","","candidate","4cc4d419eee5c00ba39313bd4a1bc77dd1096314e584d56167d7ef4f68921555","256","256","46257","19279"
"pt_hair_f_03","layers/pt_hair_f_03_rear.png","hair","layer","rear","adult","","119","40","105","70","112","150","120","98","168","208","reuse-pt_hair_f_03;reuse-pt_hair_f_03_rear","provenance/raw/reuse-pt_hair_f_03.png;provenance/raw/reuse-pt_hair_f_03_rear.png","6d923e4b946250defb56348714610a449f3ffd26a9b16515fc94103c9e7c2a21;f196cfbdf52bc415795a3c5a7c30acc7c9fa8c1d64d0690c2a36c65de6181042","Create ONE logical modular HAIRSTYLE asset pt_hair_f_03 as a TWO-PANEL transparent sprite sheet, 512x256 logical canvas (or exact proportional higher resolution), left cell FRONT and right cell REAR, each cell exactly square 256x256. No text, no divider. Hair only; all face, scalp skin, neck, clothing and background pixels transparent. Reference 1 is head registration only and must NOT appear in output; references 2 and 3 demonstrate isolated front hair and isolated rear hair. Match painterly texture and soft upper-left light. Face would point LEFT in same three-quarter view. In EACH cell use identical global head anchors: bald crown near (133,45), eye-line y112, ear (169,124), nape near (176,180), shoulder y208; empty space preserved. LEFT front layer includes crown, forehead bangs, visible side hair; RIGHT rear layer only hair behind face/ear/neck. Rear is drawn BEHIND face, front above face. Exact hairstyle: loose long hair flowing behind shoulders. Color: golden brown. Distinct historical English 1300-1450 natural hair, no modern accessories. No face, no floating skin fragments, no torso. Two matching complementary parts, not two complete wigs. Output true transparent alpha.","[""reuse existing artwork"",""six-anchor v2 piecewise registration"",""defringe radius2""]","","candidate","321d3229fb12f1cf55c17228aefca4ec668823fa0e43b317f603bcca1e34f8c0","256","256","42148","23388"
"pt_hair_f_03","masks/pt_hair_f_03_rear_haircolor.png","hair","haircolor","rear","adult","","119","40","105","70","112","150","120","98","168","208","reuse-pt_hair_f_03;reuse-pt_hair_f_03_rear","provenance/raw/reuse-pt_hair_f_03.png;provenance/raw/reuse-pt_hair_f_03_rear.png","6d923e4b946250defb56348714610a449f3ffd26a9b16515fc94103c9e7c2a21;f196cfbdf52bc415795a3c5a7c30acc7c9fa8c1d64d0690c2a36c65de6181042","Create ONE logical modular HAIRSTYLE asset pt_hair_f_03 as a TWO-PANEL transparent sprite sheet, 512x256 logical canvas (or exact proportional higher resolution), left cell FRONT and right cell REAR, each cell exactly square 256x256. No text, no divider. Hair only; all face, scalp skin, neck, clothing and background pixels transparent. Reference 1 is head registration only and must NOT appear in output; references 2 and 3 demonstrate isolated front hair and isolated rear hair. Match painterly texture and soft upper-left light. Face would point LEFT in same three-quarter view. In EACH cell use identical global head anchors: bald crown near (133,45), eye-line y112, ear (169,124), nape near (176,180), shoulder y208; empty space preserved. LEFT front layer includes crown, forehead bangs, visible side hair; RIGHT rear layer only hair behind face/ear/neck. Rear is drawn BEHIND face, front above face. Exact hairstyle: loose long hair flowing behind shoulders. Color: golden brown. Distinct historical English 1300-1450 natural hair, no modern accessories. No face, no floating skin fragments, no torso. Two matching complementary parts, not two complete wigs. Output true transparent alpha.","[""reuse existing artwork"",""six-anchor v2 piecewise registration"",""defringe radius2""]","","candidate","8d42b6281beefb8068adfc08c8efc826ff0368a2263229a384d249cb58bac9af","256","256","42148","23388"
"pt_hair_f_04","layers/pt_hair_f_04.png","hair","layer","front","adult","","119","40","105","70","112","150","120","98","168","208","reuse-pt_hair_f_04;reuse-pt_hair_f_04_rear","provenance/raw/reuse-pt_hair_f_04.png;provenance/raw/reuse-pt_hair_f_04_rear.png","60894c19cdd00e5d5069f4b78dc59ec60fe17e99f0a46bcb916617e7509937ba;81ca124ed5b9106711dee404ffc29a972681da5b890dfa94d8889f0cecd39d56","Use the attached face only as registration guide; output hair ALONE on transparency, NO face. ONE 2:1 sheet with two equal square cells: LEFT front layer, RIGHT rear layer. Each cell is a256 logical canvas. Tightly slicked CENTER-PART hair fully flattened against skull, cropped face edge only and tiny low knot behind neck. Intended under a veil: NO flowing locks, NO fringe over forehead, NO curls, minimal volume. Color brown. Precisely match attached portrait skull: top x130 y48, left temple x76 y95, visible right ear x175 y127, face eyes y112, neck bottom y212. Hair should slightly overlap the skull edge to avoid transparent seams. Front and rear both use same original canvas positions, NOT centered isolated objects, NOT different viewpoints. Head points LEFT three-quarter. Painterly historically grounded portrait, upper-left gentle light. Keep rear mostly transparent except actual hair behind skull; no skin, no eyes, no clothing, no labels, no divider line. Sparse hairstyles must have appropriate sparse silhouettes.","[""reuse existing artwork"",""six-anchor v2 piecewise registration"",""defringe radius2""]","","candidate","a06fbe8d428980a510f64bbf990de90594f8eccd24944946c8af3cf61239a852","256","256","58055","7481"
"pt_hair_f_04","masks/pt_hair_f_04_haircolor.png","hair","haircolor","front","adult","","119","40","105","70","112","150","120","98","168","208","reuse-pt_hair_f_04;reuse-pt_hair_f_04_rear","provenance/raw/reuse-pt_hair_f_04.png;provenance/raw/reuse-pt_hair_f_04_rear.png","60894c19cdd00e5d5069f4b78dc59ec60fe17e99f0a46bcb916617e7509937ba;81ca124ed5b9106711dee404ffc29a972681da5b890dfa94d8889f0cecd39d56","Use the attached face only as registration guide; output hair ALONE on transparency, NO face. ONE 2:1 sheet with two equal square cells: LEFT front layer, RIGHT rear layer. Each cell is a256 logical canvas. Tightly slicked CENTER-PART hair fully flattened against skull, cropped face edge only and tiny low knot behind neck. Intended under a veil: NO flowing locks, NO fringe over forehead, NO curls, minimal volume. Color brown. Precisely match attached portrait skull: top x130 y48, left temple x76 y95, visible right ear x175 y127, face eyes y112, neck bottom y212. Hair should slightly overlap the skull edge to avoid transparent seams. Front and rear both use same original canvas positions, NOT centered isolated objects, NOT different viewpoints. Head points LEFT three-quarter. Painterly historically grounded portrait, upper-left gentle light. Keep rear mostly transparent except actual hair behind skull; no skin, no eyes, no clothing, no labels, no divider line. Sparse hairstyles must have appropriate sparse silhouettes.","[""reuse existing artwork"",""six-anchor v2 piecewise registration"",""defringe radius2""]","","candidate","918ff20bc6cdb7c79fb08703e0eeaa6e6dc676fe755970026b33a452b7de9ba4","256","256","58055","7481"
"pt_hair_f_04","layers/pt_hair_f_04_rear.png","hair","layer","rear","adult","","119","40","105","70","112","150","120","98","168","208","reuse-pt_hair_f_04;reuse-pt_hair_f_04_rear","provenance/raw/reuse-pt_hair_f_04.png;provenance/raw/reuse-pt_hair_f_04_rear.png","60894c19cdd00e5d5069f4b78dc59ec60fe17e99f0a46bcb916617e7509937ba;81ca124ed5b9106711dee404ffc29a972681da5b890dfa94d8889f0cecd39d56","Use the attached face only as registration guide; output hair ALONE on transparency, NO face. ONE 2:1 sheet with two equal square cells: LEFT front layer, RIGHT rear layer. Each cell is a256 logical canvas. Tightly slicked CENTER-PART hair fully flattened against skull, cropped face edge only and tiny low knot behind neck. Intended under a veil: NO flowing locks, NO fringe over forehead, NO curls, minimal volume. Color brown. Precisely match attached portrait skull: top x130 y48, left temple x76 y95, visible right ear x175 y127, face eyes y112, neck bottom y212. Hair should slightly overlap the skull edge to avoid transparent seams. Front and rear both use same original canvas positions, NOT centered isolated objects, NOT different viewpoints. Head points LEFT three-quarter. Painterly historically grounded portrait, upper-left gentle light. Keep rear mostly transparent except actual hair behind skull; no skin, no eyes, no clothing, no labels, no divider line. Sparse hairstyles must have appropriate sparse silhouettes.","[""reuse existing artwork"",""six-anchor v2 piecewise registration"",""defringe radius2""]","","candidate","b6e8ad83dec4af05abdbab543d3b137bec5977f32c01b7cb70ad0ec3923ba5bc","256","256","57798","7738"
"pt_hair_f_04","masks/pt_hair_f_04_rear_haircolor.png","hair","haircolor","rear","adult","","119","40","105","70","112","150","120","98","168","208","reuse-pt_hair_f_04;reuse-pt_hair_f_04_rear","provenance/raw/reuse-pt_hair_f_04.png;provenance/raw/reuse-pt_hair_f_04_rear.png","60894c19cdd00e5d5069f4b78dc59ec60fe17e99f0a46bcb916617e7509937ba;81ca124ed5b9106711dee404ffc29a972681da5b890dfa94d8889f0cecd39d56","Use the attached face only as registration guide; output hair ALONE on transparency, NO face. ONE 2:1 sheet with two equal square cells: LEFT front layer, RIGHT rear layer. Each cell is a256 logical canvas. Tightly slicked CENTER-PART hair fully flattened against skull, cropped face edge only and tiny low knot behind neck. Intended under a veil: NO flowing locks, NO fringe over forehead, NO curls, minimal volume. Color brown. Precisely match attached portrait skull: top x130 y48, left temple x76 y95, visible right ear x175 y127, face eyes y112, neck bottom y212. Hair should slightly overlap the skull edge to avoid transparent seams. Front and rear both use same original canvas positions, NOT centered isolated objects, NOT different viewpoints. Head points LEFT three-quarter. Painterly historically grounded portrait, upper-left gentle light. Keep rear mostly transparent except actual hair behind skull; no skin, no eyes, no clothing, no labels, no divider line. Sparse hairstyles must have appropriate sparse silhouettes.","[""reuse existing artwork"",""six-anchor v2 piecewise registration"",""defringe radius2""]","","candidate","cc79efd98d55ccbe7377a01c0ed018bc16e9f6a2d92436612b5a435a6f98e7a1","256","256","57798","7738"
"pt_hair_f_05","layers/pt_hair_f_05.png","hair","layer","front","adult","","119","40","105","70","112","150","120","98","168","208","reuse-pt_hair_f_05;reuse-pt_hair_f_05_rear","provenance/raw/reuse-pt_hair_f_05.png;provenance/raw/reuse-pt_hair_f_05_rear.png","f02e88eb002ff85ca8589ecfc38495c9db177f1f7caf529bc2ab20438b74d05c;ce56fb5a41335ec1f1aaa0d741f252f5da270009ed03cb05abd4ef5e653c9f8c","Use the attached face only as registration guide; output hair ALONE on transparency, NO face. ONE 2:1 sheet with two equal square cells: LEFT front layer, RIGHT rear layer. Each cell is a256 logical canvas. EXTREMELY MINIMAL flat hair edge for beneath a wimple. Only narrow smooth brown contour at temples, forehead entirely open, all other hair tightly bound in tiny low bun. No voluminous swoops or loose hair strands. Color dark brown. Precisely match attached portrait skull: top x130 y48, left temple x76 y95, visible right ear x175 y127, face eyes y112, neck bottom y212. Hair should slightly overlap the skull edge to avoid transparent seams. Front and rear both use same original canvas positions, NOT centered isolated objects, NOT different viewpoints. Head points LEFT three-quarter. Painterly historically grounded portrait, upper-left gentle light. Keep rear mostly transparent except actual hair behind skull; no skin, no eyes, no clothing, no labels, no divider line. Sparse hairstyles must have appropriate sparse silhouettes.","[""reuse existing artwork"",""six-anchor v2 piecewise registration"",""defringe radius2""]","","candidate","fec5770ca1202bb22c8ebefd733541c1babe7601c60754d45736c7122a87f445","256","256","59531","6005"
"pt_hair_f_05","masks/pt_hair_f_05_haircolor.png","hair","haircolor","front","adult","","119","40","105","70","112","150","120","98","168","208","reuse-pt_hair_f_05;reuse-pt_hair_f_05_rear","provenance/raw/reuse-pt_hair_f_05.png;provenance/raw/reuse-pt_hair_f_05_rear.png","f02e88eb002ff85ca8589ecfc38495c9db177f1f7caf529bc2ab20438b74d05c;ce56fb5a41335ec1f1aaa0d741f252f5da270009ed03cb05abd4ef5e653c9f8c","Use the attached face only as registration guide; output hair ALONE on transparency, NO face. ONE 2:1 sheet with two equal square cells: LEFT front layer, RIGHT rear layer. Each cell is a256 logical canvas. EXTREMELY MINIMAL flat hair edge for beneath a wimple. Only narrow smooth brown contour at temples, forehead entirely open, all other hair tightly bound in tiny low bun. No voluminous swoops or loose hair strands. Color dark brown. Precisely match attached portrait skull: top x130 y48, left temple x76 y95, visible right ear x175 y127, face eyes y112, neck bottom y212. Hair should slightly overlap the skull edge to avoid transparent seams. Front and rear both use same original canvas positions, NOT centered isolated objects, NOT different viewpoints. Head points LEFT three-quarter. Painterly historically grounded portrait, upper-left gentle light. Keep rear mostly transparent except actual hair behind skull; no skin, no eyes, no clothing, no labels, no divider line. Sparse hairstyles must have appropriate sparse silhouettes.","[""reuse existing artwork"",""six-anchor v2 piecewise registration"",""defringe radius2""]","","candidate","f25b656f8699803d45a259850d90735a66ec5ba77ffff989f3e2058ba1ccf904","256","256","59531","6005"
"pt_hair_f_05","layers/pt_hair_f_05_rear.png","hair","layer","rear","adult","","119","40","105","70","112","150","120","98","168","208","reuse-pt_hair_f_05;reuse-pt_hair_f_05_rear","provenance/raw/reuse-pt_hair_f_05.png;provenance/raw/reuse-pt_hair_f_05_rear.png","f02e88eb002ff85ca8589ecfc38495c9db177f1f7caf529bc2ab20438b74d05c;ce56fb5a41335ec1f1aaa0d741f252f5da270009ed03cb05abd4ef5e653c9f8c","Use the attached face only as registration guide; output hair ALONE on transparency, NO face. ONE 2:1 sheet with two equal square cells: LEFT front layer, RIGHT rear layer. Each cell is a256 logical canvas. EXTREMELY MINIMAL flat hair edge for beneath a wimple. Only narrow smooth brown contour at temples, forehead entirely open, all other hair tightly bound in tiny low bun. No voluminous swoops or loose hair strands. Color dark brown. Precisely match attached portrait skull: top x130 y48, left temple x76 y95, visible right ear x175 y127, face eyes y112, neck bottom y212. Hair should slightly overlap the skull edge to avoid transparent seams. Front and rear both use same original canvas positions, NOT centered isolated objects, NOT different viewpoints. Head points LEFT three-quarter. Painterly historically grounded portrait, upper-left gentle light. Keep rear mostly transparent except actual hair behind skull; no skin, no eyes, no clothing, no labels, no divider line. Sparse hairstyles must have appropriate sparse silhouettes.","[""reuse existing artwork"",""six-anchor v2 piecewise registration"",""defringe radius2""]","","candidate","f434c783050f652e493ee0187dabd77c8e8d438722ce79819d17548aca771df8","256","256","59537","5999"
"pt_hair_f_05","masks/pt_hair_f_05_rear_haircolor.png","hair","haircolor","rear","adult","","119","40","105","70","112","150","120","98","168","208","reuse-pt_hair_f_05;reuse-pt_hair_f_05_rear","provenance/raw/reuse-pt_hair_f_05.png;provenance/raw/reuse-pt_hair_f_05_rear.png","f02e88eb002ff85ca8589ecfc38495c9db177f1f7caf529bc2ab20438b74d05c;ce56fb5a41335ec1f1aaa0d741f252f5da270009ed03cb05abd4ef5e653c9f8c","Use the attached face only as registration guide; output hair ALONE on transparency, NO face. ONE 2:1 sheet with two equal square cells: LEFT front layer, RIGHT rear layer. Each cell is a256 logical canvas. EXTREMELY MINIMAL flat hair edge for beneath a wimple. Only narrow smooth brown contour at temples, forehead entirely open, all other hair tightly bound in tiny low bun. No voluminous swoops or loose hair strands. Color dark brown. Precisely match attached portrait skull: top x130 y48, left temple x76 y95, visible right ear x175 y127, face eyes y112, neck bottom y212. Hair should slightly overlap the skull edge to avoid transparent seams. Front and rear both use same original canvas positions, NOT centered isolated objects, NOT different viewpoints. Head points LEFT three-quarter. Painterly historically grounded portrait, upper-left gentle light. Keep rear mostly transparent except actual hair behind skull; no skin, no eyes, no clothing, no labels, no divider line. Sparse hairstyles must have appropriate sparse silhouettes.","[""reuse existing artwork"",""six-anchor v2 piecewise registration"",""defringe radius2""]","","candidate","f686738eb712a90de9adbef1fd315b6e5d7513e132f018190c1bc2e08495280b","256","256","59537","5999"
"pt_hair_f_06","layers/pt_hair_f_06.png","hair","layer","front","adult","","119","40","105","70","112","150","120","98","168","208","reuse-pt_hair_f_06;reuse-pt_hair_f_06_rear","provenance/raw/reuse-pt_hair_f_06.png;provenance/raw/reuse-pt_hair_f_06_rear.png","1c1d6d665269b2d6f9a001ad52b2e82f99e5e18f10c609047e49bb8d66037d66;f497581fa16a1b3427f97775cd73ba77776a9dbc0521da1a751d74a7191e829f","Create ONE logical modular HAIRSTYLE asset pt_hair_f_06 as a TWO-PANEL transparent sprite sheet, 512x256 logical canvas (or exact proportional higher resolution), left cell FRONT and right cell REAR, each cell exactly square 256x256. No text, no divider. Hair only; all face, scalp skin, neck, clothing and background pixels transparent. Reference 1 is head registration only and must NOT appear in output; references 2 and 3 demonstrate isolated front hair and isolated rear hair. Match painterly texture and soft upper-left light. Face would point LEFT in same three-quarter view. In EACH cell use identical global head anchors: bald crown near (133,45), eye-line y112, ear (169,124), nape near (176,180), shoulder y208; empty space preserved. LEFT front layer includes crown, forehead bangs, visible side hair; RIGHT rear layer only hair behind face/ear/neck. Rear is drawn BEHIND face, front above face. Exact hairstyle: minimal narrow center part with tucked sides for under a head covering. Color: auburn. Distinct historical English 1300-1450 natural hair, no modern accessories. No face, no floating skin fragments, no torso. Two matching complementary parts, not two complete wigs. Output true transparent alpha.","[""reuse existing artwork"",""six-anchor v2 piecewise registration"",""defringe radius2""]","","candidate","be6bfa9a47a6078200c266afedbaedef43fd72a2b2b3e4a2bb9e07ac6c789167","256","256","58071","7465"
"pt_hair_f_06","masks/pt_hair_f_06_haircolor.png","hair","haircolor","front","adult","","119","40","105","70","112","150","120","98","168","208","reuse-pt_hair_f_06;reuse-pt_hair_f_06_rear","provenance/raw/reuse-pt_hair_f_06.png;provenance/raw/reuse-pt_hair_f_06_rear.png","1c1d6d665269b2d6f9a001ad52b2e82f99e5e18f10c609047e49bb8d66037d66;f497581fa16a1b3427f97775cd73ba77776a9dbc0521da1a751d74a7191e829f","Create ONE logical modular HAIRSTYLE asset pt_hair_f_06 as a TWO-PANEL transparent sprite sheet, 512x256 logical canvas (or exact proportional higher resolution), left cell FRONT and right cell REAR, each cell exactly square 256x256. No text, no divider. Hair only; all face, scalp skin, neck, clothing and background pixels transparent. Reference 1 is head registration only and must NOT appear in output; references 2 and 3 demonstrate isolated front hair and isolated rear hair. Match painterly texture and soft upper-left light. Face would point LEFT in same three-quarter view. In EACH cell use identical global head anchors: bald crown near (133,45), eye-line y112, ear (169,124), nape near (176,180), shoulder y208; empty space preserved. LEFT front layer includes crown, forehead bangs, visible side hair; RIGHT rear layer only hair behind face/ear/neck. Rear is drawn BEHIND face, front above face. Exact hairstyle: minimal narrow center part with tucked sides for under a head covering. Color: auburn. Distinct historical English 1300-1450 natural hair, no modern accessories. No face, no floating skin fragments, no torso. Two matching complementary parts, not two complete wigs. Output true transparent alpha.","[""reuse existing artwork"",""six-anchor v2 piecewise registration"",""defringe radius2""]","","candidate","701285787134db869756a9d3fba218219254fcafa2462510c5c7d34463533d0f","256","256","58071","7465"
"pt_hair_f_06","layers/pt_hair_f_06_rear.png","hair","layer","rear","adult","","119","40","105","70","112","150","120","98","168","208","reuse-pt_hair_f_06;reuse-pt_hair_f_06_rear","provenance/raw/reuse-pt_hair_f_06.png;provenance/raw/reuse-pt_hair_f_06_rear.png","1c1d6d665269b2d6f9a001ad52b2e82f99e5e18f10c609047e49bb8d66037d66;f497581fa16a1b3427f97775cd73ba77776a9dbc0521da1a751d74a7191e829f","Create ONE logical modular HAIRSTYLE asset pt_hair_f_06 as a TWO-PANEL transparent sprite sheet, 512x256 logical canvas (or exact proportional higher resolution), left cell FRONT and right cell REAR, each cell exactly square 256x256. No text, no divider. Hair only; all face, scalp skin, neck, clothing and background pixels transparent. Reference 1 is head registration only and must NOT appear in output; references 2 and 3 demonstrate isolated front hair and isolated rear hair. Match painterly texture and soft upper-left light. Face would point LEFT in same three-quarter view. In EACH cell use identical global head anchors: bald crown near (133,45), eye-line y112, ear (169,124), nape near (176,180), shoulder y208; empty space preserved. LEFT front layer includes crown, forehead bangs, visible side hair; RIGHT rear layer only hair behind face/ear/neck. Rear is drawn BEHIND face, front above face. Exact hairstyle: minimal narrow center part with tucked sides for under a head covering. Color: auburn. Distinct historical English 1300-1450 natural hair, no modern accessories. No face, no floating skin fragments, no torso. Two matching complementary parts, not two complete wigs. Output true transparent alpha.","[""reuse existing artwork"",""six-anchor v2 piecewise registration"",""defringe radius2""]","","candidate","f06c4a17ffa77ae2cac08c5079d1b4b55a6030b6e6267f3acaaf15aa833f3faf","256","256","56955","8581"
"pt_hair_f_06","masks/pt_hair_f_06_rear_haircolor.png","hair","haircolor","rear","adult","","119","40","105","70","112","150","120","98","168","208","reuse-pt_hair_f_06;reuse-pt_hair_f_06_rear","provenance/raw/reuse-pt_hair_f_06.png;provenance/raw/reuse-pt_hair_f_06_rear.png","1c1d6d665269b2d6f9a001ad52b2e82f99e5e18f10c609047e49bb8d66037d66;f497581fa16a1b3427f97775cd73ba77776a9dbc0521da1a751d74a7191e829f","Create ONE logical modular HAIRSTYLE asset pt_hair_f_06 as a TWO-PANEL transparent sprite sheet, 512x256 logical canvas (or exact proportional higher resolution), left cell FRONT and right cell REAR, each cell exactly square 256x256. No text, no divider. Hair only; all face, scalp skin, neck, clothing and background pixels transparent. Reference 1 is head registration only and must NOT appear in output; references 2 and 3 demonstrate isolated front hair and isolated rear hair. Match painterly texture and soft upper-left light. Face would point LEFT in same three-quarter view. In EACH cell use identical global head anchors: bald crown near (133,45), eye-line y112, ear (169,124), nape near (176,180), shoulder y208; empty space preserved. LEFT front layer includes crown, forehead bangs, visible side hair; RIGHT rear layer only hair behind face/ear/neck. Rear is drawn BEHIND face, front above face. Exact hairstyle: minimal narrow center part with tucked sides for under a head covering. Color: auburn. Distinct historical English 1300-1450 natural hair, no modern accessories. No face, no floating skin fragments, no torso. Two matching complementary parts, not two complete wigs. Output true transparent alpha.","[""reuse existing artwork"",""six-anchor v2 piecewise registration"",""defringe radius2""]","","candidate","2f72aa720bfde01357da694b20138f0f4b8dcea01db746bd15dbae55d7788b94","256","256","56955","8581"
"pt_hair_f_07","layers/pt_hair_f_07.png","hair","layer","front","adult","","119","40","105","70","112","150","120","98","168","208","reuse-pt_hair_f_07;reuse-pt_hair_f_07_rear","provenance/raw/reuse-pt_hair_f_07.png;provenance/raw/reuse-pt_hair_f_07_rear.png","fa4eb5a9f8a2b016e452c6223a0524949d1fe1ce78d7541a77b43d5630cdf4f6;5f24e38da2f50d37c7d2636b5aa516cb81e2d63c59efeb0b98a4191e63237a1b","Create ONE logical modular HAIRSTYLE asset pt_hair_f_07 as a TWO-PANEL transparent sprite sheet, 512x256 logical canvas (or exact proportional higher resolution), left cell FRONT and right cell REAR, each cell exactly square 256x256. No text, no divider. Hair only; all face, scalp skin, neck, clothing and background pixels transparent. Reference 1 is head registration only and must NOT appear in output; references 2 and 3 demonstrate isolated front hair and isolated rear hair. Match painterly texture and soft upper-left light. Face would point LEFT in same three-quarter view. In EACH cell use identical global head anchors: bald crown near (133,45), eye-line y112, ear (169,124), nape near (176,180), shoulder y208; empty space preserved. LEFT front layer includes crown, forehead bangs, visible side hair; RIGHT rear layer only hair behind face/ear/neck. Rear is drawn BEHIND face, front above face. Exact hairstyle: grey center-parted hair tied low. Color: grey. Distinct historical English 1300-1450 natural hair, no modern accessories. No face, no floating skin fragments, no torso. Two matching complementary parts, not two complete wigs. Output true transparent alpha.","[""reuse existing artwork"",""six-anchor v2 piecewise registration"",""defringe radius2""]","","candidate","06605ae5950e4d728ac39d42ac4e5f00a45217f1941b9354851e19ba25a0f191","256","256","50022","15514"
"pt_hair_f_07","masks/pt_hair_f_07_haircolor.png","hair","haircolor","front","adult","","119","40","105","70","112","150","120","98","168","208","reuse-pt_hair_f_07;reuse-pt_hair_f_07_rear","provenance/raw/reuse-pt_hair_f_07.png;provenance/raw/reuse-pt_hair_f_07_rear.png","fa4eb5a9f8a2b016e452c6223a0524949d1fe1ce78d7541a77b43d5630cdf4f6;5f24e38da2f50d37c7d2636b5aa516cb81e2d63c59efeb0b98a4191e63237a1b","Create ONE logical modular HAIRSTYLE asset pt_hair_f_07 as a TWO-PANEL transparent sprite sheet, 512x256 logical canvas (or exact proportional higher resolution), left cell FRONT and right cell REAR, each cell exactly square 256x256. No text, no divider. Hair only; all face, scalp skin, neck, clothing and background pixels transparent. Reference 1 is head registration only and must NOT appear in output; references 2 and 3 demonstrate isolated front hair and isolated rear hair. Match painterly texture and soft upper-left light. Face would point LEFT in same three-quarter view. In EACH cell use identical global head anchors: bald crown near (133,45), eye-line y112, ear (169,124), nape near (176,180), shoulder y208; empty space preserved. LEFT front layer includes crown, forehead bangs, visible side hair; RIGHT rear layer only hair behind face/ear/neck. Rear is drawn BEHIND face, front above face. Exact hairstyle: grey center-parted hair tied low. Color: grey. Distinct historical English 1300-1450 natural hair, no modern accessories. No face, no floating skin fragments, no torso. Two matching complementary parts, not two complete wigs. Output true transparent alpha.","[""reuse existing artwork"",""six-anchor v2 piecewise registration"",""defringe radius2""]","","candidate","10b41645e64013d63b3417f0e5d20e0b5f57f8e70872a3fef9ea83f8a4f57ea7","256","256","50022","15514"
"pt_hair_f_07","layers/pt_hair_f_07_rear.png","hair","layer","rear","adult","","119","40","105","70","112","150","120","98","168","208","reuse-pt_hair_f_07;reuse-pt_hair_f_07_rear","provenance/raw/reuse-pt_hair_f_07.png;provenance/raw/reuse-pt_hair_f_07_rear.png","fa4eb5a9f8a2b016e452c6223a0524949d1fe1ce78d7541a77b43d5630cdf4f6;5f24e38da2f50d37c7d2636b5aa516cb81e2d63c59efeb0b98a4191e63237a1b","Create ONE logical modular HAIRSTYLE asset pt_hair_f_07 as a TWO-PANEL transparent sprite sheet, 512x256 logical canvas (or exact proportional higher resolution), left cell FRONT and right cell REAR, each cell exactly square 256x256. No text, no divider. Hair only; all face, scalp skin, neck, clothing and background pixels transparent. Reference 1 is head registration only and must NOT appear in output; references 2 and 3 demonstrate isolated front hair and isolated rear hair. Match painterly texture and soft upper-left light. Face would point LEFT in same three-quarter view. In EACH cell use identical global head anchors: bald crown near (133,45), eye-line y112, ear (169,124), nape near (176,180), shoulder y208; empty space preserved. LEFT front layer includes crown, forehead bangs, visible side hair; RIGHT rear layer only hair behind face/ear/neck. Rear is drawn BEHIND face, front above face. Exact hairstyle: grey center-parted hair tied low. Color: grey. Distinct historical English 1300-1450 natural hair, no modern accessories. No face, no floating skin fragments, no torso. Two matching complementary parts, not two complete wigs. Output true transparent alpha.","[""reuse existing artwork"",""six-anchor v2 piecewise registration"",""defringe radius2""]","","candidate","b6ccf74fb22e710c0b12e86d35c5fe4b06ad0e2eb6fd7f4a82f5c39ce58eb9fa","256","256","46926","18610"
"pt_hair_f_07","masks/pt_hair_f_07_rear_haircolor.png","hair","haircolor","rear","adult","","119","40","105","70","112","150","120","98","168","208","reuse-pt_hair_f_07;reuse-pt_hair_f_07_rear","provenance/raw/reuse-pt_hair_f_07.png;provenance/raw/reuse-pt_hair_f_07_rear.png","fa4eb5a9f8a2b016e452c6223a0524949d1fe1ce78d7541a77b43d5630cdf4f6;5f24e38da2f50d37c7d2636b5aa516cb81e2d63c59efeb0b98a4191e63237a1b","Create ONE logical modular HAIRSTYLE asset pt_hair_f_07 as a TWO-PANEL transparent sprite sheet, 512x256 logical canvas (or exact proportional higher resolution), left cell FRONT and right cell REAR, each cell exactly square 256x256. No text, no divider. Hair only; all face, scalp skin, neck, clothing and background pixels transparent. Reference 1 is head registration only and must NOT appear in output; references 2 and 3 demonstrate isolated front hair and isolated rear hair. Match painterly texture and soft upper-left light. Face would point LEFT in same three-quarter view. In EACH cell use identical global head anchors: bald crown near (133,45), eye-line y112, ear (169,124), nape near (176,180), shoulder y208; empty space preserved. LEFT front layer includes crown, forehead bangs, visible side hair; RIGHT rear layer only hair behind face/ear/neck. Rear is drawn BEHIND face, front above face. Exact hairstyle: grey center-parted hair tied low. Color: grey. Distinct historical English 1300-1450 natural hair, no modern accessories. No face, no floating skin fragments, no torso. Two matching complementary parts, not two complete wigs. Output true transparent alpha.","[""reuse existing artwork"",""six-anchor v2 piecewise registration"",""defringe radius2""]","","candidate","990f3501176e097e213e1ff1667adda1be2af0aa6f8e5961af4575ae407459f9","256","256","46926","18610"
"pt_hair_f_08","layers/pt_hair_f_08.png","hair","layer","front","adult","","119","40","105","70","112","150","120","98","168","208","reuse-pt_hair_f_08;reuse-pt_hair_f_08_rear","provenance/raw/reuse-pt_hair_f_08.png;provenance/raw/reuse-pt_hair_f_08_rear.png","5cfb2c9bcb12d1d6609178b1a8b956799ae4d13c450e21fc5eed9ed4b847bb08;aaf0ec5ea33ba99f946f956bc551951bca1a4bafaaae945a4fd9db7f8c44993d","Create ONE logical modular HAIRSTYLE asset pt_hair_f_08 as a TWO-PANEL transparent sprite sheet, 512x256 logical canvas (or exact proportional higher resolution), left cell FRONT and right cell REAR, each cell exactly square 256x256. No text, no divider. Hair only; all face, scalp skin, neck, clothing and background pixels transparent. Reference 1 is head registration only and must NOT appear in output; references 2 and 3 demonstrate isolated front hair and isolated rear hair. Match painterly texture and soft upper-left light. Face would point LEFT in same three-quarter view. In EACH cell use identical global head anchors: bald crown near (133,45), eye-line y112, ear (169,124), nape near (176,180), shoulder y208; empty space preserved. LEFT front layer includes crown, forehead bangs, visible side hair; RIGHT rear layer only hair behind face/ear/neck. Rear is drawn BEHIND face, front above face. Exact hairstyle: grey swept-back hair tied into a higher coil. Color: grey. Distinct historical English 1300-1450 natural hair, no modern accessories. No face, no floating skin fragments, no torso. Two matching complementary parts, not two complete wigs. Output true transparent alpha.","[""reuse existing artwork"",""six-anchor v2 piecewise registration"",""defringe radius2""]","","candidate","d75d5d69ee072f00d18aac424b3794f82e1cb83986e938df75955784916cbb0d","256","256","50314","15222"
"pt_hair_f_08","masks/pt_hair_f_08_haircolor.png","hair","haircolor","front","adult","","119","40","105","70","112","150","120","98","168","208","reuse-pt_hair_f_08;reuse-pt_hair_f_08_rear","provenance/raw/reuse-pt_hair_f_08.png;provenance/raw/reuse-pt_hair_f_08_rear.png","5cfb2c9bcb12d1d6609178b1a8b956799ae4d13c450e21fc5eed9ed4b847bb08;aaf0ec5ea33ba99f946f956bc551951bca1a4bafaaae945a4fd9db7f8c44993d","Create ONE logical modular HAIRSTYLE asset pt_hair_f_08 as a TWO-PANEL transparent sprite sheet, 512x256 logical canvas (or exact proportional higher resolution), left cell FRONT and right cell REAR, each cell exactly square 256x256. No text, no divider. Hair only; all face, scalp skin, neck, clothing and background pixels transparent. Reference 1 is head registration only and must NOT appear in output; references 2 and 3 demonstrate isolated front hair and isolated rear hair. Match painterly texture and soft upper-left light. Face would point LEFT in same three-quarter view. In EACH cell use identical global head anchors: bald crown near (133,45), eye-line y112, ear (169,124), nape near (176,180), shoulder y208; empty space preserved. LEFT front layer includes crown, forehead bangs, visible side hair; RIGHT rear layer only hair behind face/ear/neck. Rear is drawn BEHIND face, front above face. Exact hairstyle: grey swept-back hair tied into a higher coil. Color: grey. Distinct historical English 1300-1450 natural hair, no modern accessories. No face, no floating skin fragments, no torso. Two matching complementary parts, not two complete wigs. Output true transparent alpha.","[""reuse existing artwork"",""six-anchor v2 piecewise registration"",""defringe radius2""]","","candidate","800869ff6c70dc0418e019c20839410843a25c2af857122b8cd269bbc2009fd3","256","256","50314","15222"
"pt_hair_f_08","layers/pt_hair_f_08_rear.png","hair","layer","rear","adult","","119","40","105","70","112","150","120","98","168","208","reuse-pt_hair_f_08;reuse-pt_hair_f_08_rear","provenance/raw/reuse-pt_hair_f_08.png;provenance/raw/reuse-pt_hair_f_08_rear.png","5cfb2c9bcb12d1d6609178b1a8b956799ae4d13c450e21fc5eed9ed4b847bb08;aaf0ec5ea33ba99f946f956bc551951bca1a4bafaaae945a4fd9db7f8c44993d","Create ONE logical modular HAIRSTYLE asset pt_hair_f_08 as a TWO-PANEL transparent sprite sheet, 512x256 logical canvas (or exact proportional higher resolution), left cell FRONT and right cell REAR, each cell exactly square 256x256. No text, no divider. Hair only; all face, scalp skin, neck, clothing and background pixels transparent. Reference 1 is head registration only and must NOT appear in output; references 2 and 3 demonstrate isolated front hair and isolated rear hair. Match painterly texture and soft upper-left light. Face would point LEFT in same three-quarter view. In EACH cell use identical global head anchors: bald crown near (133,45), eye-line y112, ear (169,124), nape near (176,180), shoulder y208; empty space preserved. LEFT front layer includes crown, forehead bangs, visible side hair; RIGHT rear layer only hair behind face/ear/neck. Rear is drawn BEHIND face, front above face. Exact hairstyle: grey swept-back hair tied into a higher coil. Color: grey. Distinct historical English 1300-1450 natural hair, no modern accessories. No face, no floating skin fragments, no torso. Two matching complementary parts, not two complete wigs. Output true transparent alpha.","[""reuse existing artwork"",""six-anchor v2 piecewise registration"",""defringe radius2""]","","candidate","014185b1c1572d2125275e030f6848ba2df1444f8b33d3cc27bb1c3f1d75513f","256","256","52749","12787"
"pt_hair_f_08","masks/pt_hair_f_08_rear_haircolor.png","hair","haircolor","rear","adult","","119","40","105","70","112","150","120","98","168","208","reuse-pt_hair_f_08;reuse-pt_hair_f_08_rear","provenance/raw/reuse-pt_hair_f_08.png;provenance/raw/reuse-pt_hair_f_08_rear.png","5cfb2c9bcb12d1d6609178b1a8b956799ae4d13c450e21fc5eed9ed4b847bb08;aaf0ec5ea33ba99f946f956bc551951bca1a4bafaaae945a4fd9db7f8c44993d","Create ONE logical modular HAIRSTYLE asset pt_hair_f_08 as a TWO-PANEL transparent sprite sheet, 512x256 logical canvas (or exact proportional higher resolution), left cell FRONT and right cell REAR, each cell exactly square 256x256. No text, no divider. Hair only; all face, scalp skin, neck, clothing and background pixels transparent. Reference 1 is head registration only and must NOT appear in output; references 2 and 3 demonstrate isolated front hair and isolated rear hair. Match painterly texture and soft upper-left light. Face would point LEFT in same three-quarter view. In EACH cell use identical global head anchors: bald crown near (133,45), eye-line y112, ear (169,124), nape near (176,180), shoulder y208; empty space preserved. LEFT front layer includes crown, forehead bangs, visible side hair; RIGHT rear layer only hair behind face/ear/neck. Rear is drawn BEHIND face, front above face. Exact hairstyle: grey swept-back hair tied into a higher coil. Color: grey. Distinct historical English 1300-1450 natural hair, no modern accessories. No face, no floating skin fragments, no torso. Two matching complementary parts, not two complete wigs. Output true transparent alpha.","[""reuse existing artwork"",""six-anchor v2 piecewise registration"",""defringe radius2""]","","candidate","b9b1acf58d5b05b7929bea62c7a29e4794272bdb27bb07a8a51dc0d9270022de","256","256","52749","12787"
"pt_hair_f_09","layers/pt_hair_f_09.png","hair","layer","front","adult","","119","40","105","70","112","150","120","98","168","208","reuse-pt_hair_f_09;reuse-pt_hair_f_09_rear","provenance/raw/reuse-pt_hair_f_09.png;provenance/raw/reuse-pt_hair_f_09_rear.png","efe422315f99c746541d252cb457a5a5c83f461bdd495c34d8d2197a28fca2f5;fec4ed53d13c196956e211fa4cf2cc1966798a2832317b9bc07f77b08e88b9fe","Create ONE logical modular HAIRSTYLE asset pt_hair_f_09 as a TWO-PANEL transparent sprite sheet, 512x256 logical canvas (or exact proportional higher resolution), left cell FRONT and right cell REAR, each cell exactly square 256x256. No text, no divider. Hair only; all face, scalp skin, neck, clothing and background pixels transparent. Reference 1 is head registration only and must NOT appear in output; references 2 and 3 demonstrate isolated front hair and isolated rear hair. Match painterly texture and soft upper-left light. Face would point LEFT in same three-quarter view. In EACH cell use identical global head anchors: bald crown near (133,45), eye-line y112, ear (169,124), nape near (176,180), shoulder y208; empty space preserved. LEFT front layer includes crown, forehead bangs, visible side hair; RIGHT rear layer only hair behind face/ear/neck. Rear is drawn BEHIND face, front above face. Exact hairstyle: child short bob ending above neck. Color: brown. Distinct historical English 1300-1450 natural hair, no modern accessories. No face, no floating skin fragments, no torso. Two matching complementary parts, not two complete wigs. Output true transparent alpha.","[""reuse existing artwork"",""six-anchor v2 piecewise registration"",""defringe radius2"",""far-side lock x<85 y>=108 moved front to rear""]","","candidate","3e7208380c7d4c9bea47a79a93b33839aff939db5ee7440897249fa73608ecd9","256","256","52581","12955"
"pt_hair_f_09","masks/pt_hair_f_09_haircolor.png","hair","haircolor","front","adult","","119","40","105","70","112","150","120","98","168","208","reuse-pt_hair_f_09;reuse-pt_hair_f_09_rear","provenance/raw/reuse-pt_hair_f_09.png;provenance/raw/reuse-pt_hair_f_09_rear.png","efe422315f99c746541d252cb457a5a5c83f461bdd495c34d8d2197a28fca2f5;fec4ed53d13c196956e211fa4cf2cc1966798a2832317b9bc07f77b08e88b9fe","Create ONE logical modular HAIRSTYLE asset pt_hair_f_09 as a TWO-PANEL transparent sprite sheet, 512x256 logical canvas (or exact proportional higher resolution), left cell FRONT and right cell REAR, each cell exactly square 256x256. No text, no divider. Hair only; all face, scalp skin, neck, clothing and background pixels transparent. Reference 1 is head registration only and must NOT appear in output; references 2 and 3 demonstrate isolated front hair and isolated rear hair. Match painterly texture and soft upper-left light. Face would point LEFT in same three-quarter view. In EACH cell use identical global head anchors: bald crown near (133,45), eye-line y112, ear (169,124), nape near (176,180), shoulder y208; empty space preserved. LEFT front layer includes crown, forehead bangs, visible side hair; RIGHT rear layer only hair behind face/ear/neck. Rear is drawn BEHIND face, front above face. Exact hairstyle: child short bob ending above neck. Color: brown. Distinct historical English 1300-1450 natural hair, no modern accessories. No face, no floating skin fragments, no torso. Two matching complementary parts, not two complete wigs. Output true transparent alpha.","[""reuse existing artwork"",""six-anchor v2 piecewise registration"",""defringe radius2"",""far-side lock x<85 y>=108 moved front to rear""]","","candidate","91947af074a3655d389d3bcb84b12fa44754771100fa2fe97185f3692e5b2543","256","256","52581","12955"
"pt_hair_f_09","layers/pt_hair_f_09_rear.png","hair","layer","rear","adult","","119","40","105","70","112","150","120","98","168","208","reuse-pt_hair_f_09;reuse-pt_hair_f_09_rear","provenance/raw/reuse-pt_hair_f_09.png;provenance/raw/reuse-pt_hair_f_09_rear.png","efe422315f99c746541d252cb457a5a5c83f461bdd495c34d8d2197a28fca2f5;fec4ed53d13c196956e211fa4cf2cc1966798a2832317b9bc07f77b08e88b9fe","Create ONE logical modular HAIRSTYLE asset pt_hair_f_09 as a TWO-PANEL transparent sprite sheet, 512x256 logical canvas (or exact proportional higher resolution), left cell FRONT and right cell REAR, each cell exactly square 256x256. No text, no divider. Hair only; all face, scalp skin, neck, clothing and background pixels transparent. Reference 1 is head registration only and must NOT appear in output; references 2 and 3 demonstrate isolated front hair and isolated rear hair. Match painterly texture and soft upper-left light. Face would point LEFT in same three-quarter view. In EACH cell use identical global head anchors: bald crown near (133,45), eye-line y112, ear (169,124), nape near (176,180), shoulder y208; empty space preserved. LEFT front layer includes crown, forehead bangs, visible side hair; RIGHT rear layer only hair behind face/ear/neck. Rear is drawn BEHIND face, front above face. Exact hairstyle: child short bob ending above neck. Color: brown. Distinct historical English 1300-1450 natural hair, no modern accessories. No face, no floating skin fragments, no torso. Two matching complementary parts, not two complete wigs. Output true transparent alpha.","[""reuse existing artwork"",""six-anchor v2 piecewise registration"",""defringe radius2"",""far-side lock x<85 y>=108 moved front to rear""]","","candidate","3d2e48a5f8b7f2f78375979eb51fc7e3198601aaa6134b91de4c5afa712c89da","256","256","51131","14405"
"pt_hair_f_09","masks/pt_hair_f_09_rear_haircolor.png","hair","haircolor","rear","adult","","119","40","105","70","112","150","120","98","168","208","reuse-pt_hair_f_09;reuse-pt_hair_f_09_rear","provenance/raw/reuse-pt_hair_f_09.png;provenance/raw/reuse-pt_hair_f_09_rear.png","efe422315f99c746541d252cb457a5a5c83f461bdd495c34d8d2197a28fca2f5;fec4ed53d13c196956e211fa4cf2cc1966798a2832317b9bc07f77b08e88b9fe","Create ONE logical modular HAIRSTYLE asset pt_hair_f_09 as a TWO-PANEL transparent sprite sheet, 512x256 logical canvas (or exact proportional higher resolution), left cell FRONT and right cell REAR, each cell exactly square 256x256. No text, no divider. Hair only; all face, scalp skin, neck, clothing and background pixels transparent. Reference 1 is head registration only and must NOT appear in output; references 2 and 3 demonstrate isolated front hair and isolated rear hair. Match painterly texture and soft upper-left light. Face would point LEFT in same three-quarter view. In EACH cell use identical global head anchors: bald crown near (133,45), eye-line y112, ear (169,124), nape near (176,180), shoulder y208; empty space preserved. LEFT front layer includes crown, forehead bangs, visible side hair; RIGHT rear layer only hair behind face/ear/neck. Rear is drawn BEHIND face, front above face. Exact hairstyle: child short bob ending above neck. Color: brown. Distinct historical English 1300-1450 natural hair, no modern accessories. No face, no floating skin fragments, no torso. Two matching complementary parts, not two complete wigs. Output true transparent alpha.","[""reuse existing artwork"",""six-anchor v2 piecewise registration"",""defringe radius2"",""far-side lock x<85 y>=108 moved front to rear""]","","candidate","1a723a7164d1b7036ab3a0337611e97c08c505c7195429c0c5ba03cc0b869614","256","256","51131","14405"
"pt_hair_m_01","layers/pt_hair_m_01.png","hair","layer","front","adult","","119","40","105","70","112","150","120","98","168","208","reuse-pt_hair_m_01;reuse-pt_hair_m_01_rear","provenance/raw/reuse-pt_hair_m_01.png;provenance/raw/reuse-pt_hair_m_01_rear.png","b7884afae9524aed20df50af63d1fe8528081de7132c1274c357276c1f1779bc;da0c862b8b243a09ec43b4cbadf2d1358833944c2efdbfc4ec902181b1cd24dc","Create ONE logical modular HAIRSTYLE asset pt_hair_m_01 as a TWO-PANEL transparent sprite sheet, 512x256 logical canvas (or exact proportional higher resolution), left cell FRONT and right cell REAR, each cell exactly square 256x256. No text, no divider. Hair only; all face, scalp skin, neck, clothing and background pixels transparent. Reference 1 is head registration only and must NOT appear in output; references 2 and 3 demonstrate isolated front hair and isolated rear hair. Match painterly texture and soft upper-left light. Face would point LEFT in same three-quarter view. In EACH cell use identical global head anchors: bald crown near (133,45), eye-line y112, ear (169,124), nape near (176,180), shoulder y208; empty space preserved. LEFT front layer includes crown, forehead bangs, visible side hair; RIGHT rear layer only hair behind face/ear/neck. Rear is drawn BEHIND face, front above face. Exact hairstyle: short tight curls. Color: dark brown. Distinct historical English 1300-1450 natural hair, no modern accessories. No face, no floating skin fragments, no torso. Two matching complementary parts, not two complete wigs. Output true transparent alpha.","[""reuse existing artwork"",""six-anchor v2 piecewise registration"",""defringe radius2""]","","candidate","866bc742c048e3e576f6e2c30c8348ba2b9459b94bf697ab948c8bcbf58144c8","256","256","52420","13116"
"pt_hair_m_01","masks/pt_hair_m_01_haircolor.png","hair","haircolor","front","adult","","119","40","105","70","112","150","120","98","168","208","reuse-pt_hair_m_01;reuse-pt_hair_m_01_rear","provenance/raw/reuse-pt_hair_m_01.png;provenance/raw/reuse-pt_hair_m_01_rear.png","b7884afae9524aed20df50af63d1fe8528081de7132c1274c357276c1f1779bc;da0c862b8b243a09ec43b4cbadf2d1358833944c2efdbfc4ec902181b1cd24dc","Create ONE logical modular HAIRSTYLE asset pt_hair_m_01 as a TWO-PANEL transparent sprite sheet, 512x256 logical canvas (or exact proportional higher resolution), left cell FRONT and right cell REAR, each cell exactly square 256x256. No text, no divider. Hair only; all face, scalp skin, neck, clothing and background pixels transparent. Reference 1 is head registration only and must NOT appear in output; references 2 and 3 demonstrate isolated front hair and isolated rear hair. Match painterly texture and soft upper-left light. Face would point LEFT in same three-quarter view. In EACH cell use identical global head anchors: bald crown near (133,45), eye-line y112, ear (169,124), nape near (176,180), shoulder y208; empty space preserved. LEFT front layer includes crown, forehead bangs, visible side hair; RIGHT rear layer only hair behind face/ear/neck. Rear is drawn BEHIND face, front above face. Exact hairstyle: short tight curls. Color: dark brown. Distinct historical English 1300-1450 natural hair, no modern accessories. No face, no floating skin fragments, no torso. Two matching complementary parts, not two complete wigs. Output true transparent alpha.","[""reuse existing artwork"",""six-anchor v2 piecewise registration"",""defringe radius2""]","","candidate","0efd2b44ed35a77173417d8a28e7b119ae0f600b84dd3869d4299727b2dc7fad","256","256","52420","13116"
"pt_hair_m_01","layers/pt_hair_m_01_rear.png","hair","layer","rear","adult","","119","40","105","70","112","150","120","98","168","208","reuse-pt_hair_m_01;reuse-pt_hair_m_01_rear","provenance/raw/reuse-pt_hair_m_01.png;provenance/raw/reuse-pt_hair_m_01_rear.png","b7884afae9524aed20df50af63d1fe8528081de7132c1274c357276c1f1779bc;da0c862b8b243a09ec43b4cbadf2d1358833944c2efdbfc4ec902181b1cd24dc","Create ONE logical modular HAIRSTYLE asset pt_hair_m_01 as a TWO-PANEL transparent sprite sheet, 512x256 logical canvas (or exact proportional higher resolution), left cell FRONT and right cell REAR, each cell exactly square 256x256. No text, no divider. Hair only; all face, scalp skin, neck, clothing and background pixels transparent. Reference 1 is head registration only and must NOT appear in output; references 2 and 3 demonstrate isolated front hair and isolated rear hair. Match painterly texture and soft upper-left light. Face would point LEFT in same three-quarter view. In EACH cell use identical global head anchors: bald crown near (133,45), eye-line y112, ear (169,124), nape near (176,180), shoulder y208; empty space preserved. LEFT front layer includes crown, forehead bangs, visible side hair; RIGHT rear layer only hair behind face/ear/neck. Rear is drawn BEHIND face, front above face. Exact hairstyle: short tight curls. Color: dark brown. Distinct historical English 1300-1450 natural hair, no modern accessories. No face, no floating skin fragments, no torso. Two matching complementary parts, not two complete wigs. Output true transparent alpha.","[""reuse existing artwork"",""six-anchor v2 piecewise registration"",""defringe radius2""]","","candidate","16692159a621aa1c0717e3b01b5093a5cdc623c5e17424861f121d6b22477085","256","256","58955","6581"
"pt_hair_m_01","masks/pt_hair_m_01_rear_haircolor.png","hair","haircolor","rear","adult","","119","40","105","70","112","150","120","98","168","208","reuse-pt_hair_m_01;reuse-pt_hair_m_01_rear","provenance/raw/reuse-pt_hair_m_01.png;provenance/raw/reuse-pt_hair_m_01_rear.png","b7884afae9524aed20df50af63d1fe8528081de7132c1274c357276c1f1779bc;da0c862b8b243a09ec43b4cbadf2d1358833944c2efdbfc4ec902181b1cd24dc","Create ONE logical modular HAIRSTYLE asset pt_hair_m_01 as a TWO-PANEL transparent sprite sheet, 512x256 logical canvas (or exact proportional higher resolution), left cell FRONT and right cell REAR, each cell exactly square 256x256. No text, no divider. Hair only; all face, scalp skin, neck, clothing and background pixels transparent. Reference 1 is head registration only and must NOT appear in output; references 2 and 3 demonstrate isolated front hair and isolated rear hair. Match painterly texture and soft upper-left light. Face would point LEFT in same three-quarter view. In EACH cell use identical global head anchors: bald crown near (133,45), eye-line y112, ear (169,124), nape near (176,180), shoulder y208; empty space preserved. LEFT front layer includes crown, forehead bangs, visible side hair; RIGHT rear layer only hair behind face/ear/neck. Rear is drawn BEHIND face, front above face. Exact hairstyle: short tight curls. Color: dark brown. Distinct historical English 1300-1450 natural hair, no modern accessories. No face, no floating skin fragments, no torso. Two matching complementary parts, not two complete wigs. Output true transparent alpha.","[""reuse existing artwork"",""six-anchor v2 piecewise registration"",""defringe radius2""]","","candidate","b4bf99df9fd6db87ec61cc665644471117f79b334e85bee11e0da1f36a34ac5f","256","256","58955","6581"
"pt_hair_m_02","layers/pt_hair_m_02.png","hair","layer","front","adult","","119","40","105","70","112","150","120","98","168","208","reuse-pt_hair_m_02;reuse-pt_hair_m_02_rear","provenance/raw/reuse-pt_hair_m_02.png;provenance/raw/reuse-pt_hair_m_02_rear.png","857fa060ef442c86d7be454fd660b9b98cefdb55dcf97de765017659e06e41d0;36a3e497bbe847c32e2908952008325d55d13aa8ba07eafe3114eaf0ebcea247","Create ONE logical modular HAIRSTYLE asset pt_hair_m_02 as a TWO-PANEL transparent sprite sheet, 512x256 logical canvas (or exact proportional higher resolution), left cell FRONT and right cell REAR, each cell exactly square 256x256. No text, no divider. Hair only; all face, scalp skin, neck, clothing and background pixels transparent. Reference 1 is head registration only and must NOT appear in output; references 2 and 3 demonstrate isolated front hair and isolated rear hair. Match painterly texture and soft upper-left light. Face would point LEFT in same three-quarter view. In EACH cell use identical global head anchors: bald crown near (133,45), eye-line y112, ear (169,124), nape near (176,180), shoulder y208; empty space preserved. LEFT front layer includes crown, forehead bangs, visible side hair; RIGHT rear layer only hair behind face/ear/neck. Rear is drawn BEHIND face, front above face. Exact hairstyle: short straight cropped hair. Color: brown. Distinct historical English 1300-1450 natural hair, no modern accessories. No face, no floating skin fragments, no torso. Two matching complementary parts, not two complete wigs. Output true transparent alpha.","[""reuse existing artwork"",""six-anchor v2 piecewise registration"",""defringe radius2""]","","candidate","21617d880cf52b857388c08b57978297512b8590ae83f069bd144b40bf39e344","256","256","52726","12810"
"pt_hair_m_02","masks/pt_hair_m_02_haircolor.png","hair","haircolor","front","adult","","119","40","105","70","112","150","120","98","168","208","reuse-pt_hair_m_02;reuse-pt_hair_m_02_rear","provenance/raw/reuse-pt_hair_m_02.png;provenance/raw/reuse-pt_hair_m_02_rear.png","857fa060ef442c86d7be454fd660b9b98cefdb55dcf97de765017659e06e41d0;36a3e497bbe847c32e2908952008325d55d13aa8ba07eafe3114eaf0ebcea247","Create ONE logical modular HAIRSTYLE asset pt_hair_m_02 as a TWO-PANEL transparent sprite sheet, 512x256 logical canvas (or exact proportional higher resolution), left cell FRONT and right cell REAR, each cell exactly square 256x256. No text, no divider. Hair only; all face, scalp skin, neck, clothing and background pixels transparent. Reference 1 is head registration only and must NOT appear in output; references 2 and 3 demonstrate isolated front hair and isolated rear hair. Match painterly texture and soft upper-left light. Face would point LEFT in same three-quarter view. In EACH cell use identical global head anchors: bald crown near (133,45), eye-line y112, ear (169,124), nape near (176,180), shoulder y208; empty space preserved. LEFT front layer includes crown, forehead bangs, visible side hair; RIGHT rear layer only hair behind face/ear/neck. Rear is drawn BEHIND face, front above face. Exact hairstyle: short straight cropped hair. Color: brown. Distinct historical English 1300-1450 natural hair, no modern accessories. No face, no floating skin fragments, no torso. Two matching complementary parts, not two complete wigs. Output true transparent alpha.","[""reuse existing artwork"",""six-anchor v2 piecewise registration"",""defringe radius2""]","","candidate","17c52f1585deba5742e974bc29a006a81e4c86d22cec733baa215c177d6b2f2b","256","256","52726","12810"
"pt_hair_m_02","layers/pt_hair_m_02_rear.png","hair","layer","rear","adult","","119","40","105","70","112","150","120","98","168","208","reuse-pt_hair_m_02;reuse-pt_hair_m_02_rear","provenance/raw/reuse-pt_hair_m_02.png;provenance/raw/reuse-pt_hair_m_02_rear.png","857fa060ef442c86d7be454fd660b9b98cefdb55dcf97de765017659e06e41d0;36a3e497bbe847c32e2908952008325d55d13aa8ba07eafe3114eaf0ebcea247","Create ONE logical modular HAIRSTYLE asset pt_hair_m_02 as a TWO-PANEL transparent sprite sheet, 512x256 logical canvas (or exact proportional higher resolution), left cell FRONT and right cell REAR, each cell exactly square 256x256. No text, no divider. Hair only; all face, scalp skin, neck, clothing and background pixels transparent. Reference 1 is head registration only and must NOT appear in output; references 2 and 3 demonstrate isolated front hair and isolated rear hair. Match painterly texture and soft upper-left light. Face would point LEFT in same three-quarter view. In EACH cell use identical global head anchors: bald crown near (133,45), eye-line y112, ear (169,124), nape near (176,180), shoulder y208; empty space preserved. LEFT front layer includes crown, forehead bangs, visible side hair; RIGHT rear layer only hair behind face/ear/neck. Rear is drawn BEHIND face, front above face. Exact hairstyle: short straight cropped hair. Color: brown. Distinct historical English 1300-1450 natural hair, no modern accessories. No face, no floating skin fragments, no torso. Two matching complementary parts, not two complete wigs. Output true transparent alpha.","[""reuse existing artwork"",""six-anchor v2 piecewise registration"",""defringe radius2""]","","candidate","2f5828d1cf7d4cd5fc6a590dff3b1f2eb8816e5f1ea9e269e681c49f38718203","256","256","50332","15204"
"pt_hair_m_02","masks/pt_hair_m_02_rear_haircolor.png","hair","haircolor","rear","adult","","119","40","105","70","112","150","120","98","168","208","reuse-pt_hair_m_02;reuse-pt_hair_m_02_rear","provenance/raw/reuse-pt_hair_m_02.png;provenance/raw/reuse-pt_hair_m_02_rear.png","857fa060ef442c86d7be454fd660b9b98cefdb55dcf97de765017659e06e41d0;36a3e497bbe847c32e2908952008325d55d13aa8ba07eafe3114eaf0ebcea247","Create ONE logical modular HAIRSTYLE asset pt_hair_m_02 as a TWO-PANEL transparent sprite sheet, 512x256 logical canvas (or exact proportional higher resolution), left cell FRONT and right cell REAR, each cell exactly square 256x256. No text, no divider. Hair only; all face, scalp skin, neck, clothing and background pixels transparent. Reference 1 is head registration only and must NOT appear in output; references 2 and 3 demonstrate isolated front hair and isolated rear hair. Match painterly texture and soft upper-left light. Face would point LEFT in same three-quarter view. In EACH cell use identical global head anchors: bald crown near (133,45), eye-line y112, ear (169,124), nape near (176,180), shoulder y208; empty space preserved. LEFT front layer includes crown, forehead bangs, visible side hair; RIGHT rear layer only hair behind face/ear/neck. Rear is drawn BEHIND face, front above face. Exact hairstyle: short straight cropped hair. Color: brown. Distinct historical English 1300-1450 natural hair, no modern accessories. No face, no floating skin fragments, no torso. Two matching complementary parts, not two complete wigs. Output true transparent alpha.","[""reuse existing artwork"",""six-anchor v2 piecewise registration"",""defringe radius2""]","","candidate","6b8335dc2f61b23b5a7a22fb472407fd541459a854db6d13150bbf4f2b59c51f","256","256","50332","15204"
"pt_hair_m_03","layers/pt_hair_m_03.png","hair","layer","front","adult","","119","40","105","70","112","150","120","98","168","208","reuse-pt_hair_m_03;reuse-pt_hair_m_03_rear","provenance/raw/reuse-pt_hair_m_03.png;provenance/raw/reuse-pt_hair_m_03_rear.png","2e5249ad7badc909cd90e918c78a0ebd51b66a42fe9672ef5bb9365b0bafb1e8;feda8dfaa929daae7b6aad066a81fea5536454984cc8ff781bfe1fde75238a4a","Create ONE logical modular HAIRSTYLE asset pt_hair_m_03 as a TWO-PANEL transparent sprite sheet, 512x256 logical canvas (or exact proportional higher resolution), left cell FRONT and right cell REAR, each cell exactly square 256x256. No text, no divider. Hair only; all face, scalp skin, neck, clothing and background pixels transparent. Reference 1 is head registration only and must NOT appear in output; references 2 and 3 demonstrate isolated front hair and isolated rear hair. Match painterly texture and soft upper-left light. Face would point LEFT in same three-quarter view. In EACH cell use identical global head anchors: bald crown near (133,45), eye-line y112, ear (169,124), nape near (176,180), shoulder y208; empty space preserved. LEFT front layer includes crown, forehead bangs, visible side hair; RIGHT rear layer only hair behind face/ear/neck. Rear is drawn BEHIND face, front above face. Exact hairstyle: medium wavy ear-length hair. Color: auburn. Distinct historical English 1300-1450 natural hair, no modern accessories. No face, no floating skin fragments, no torso. Two matching complementary parts, not two complete wigs. Output true transparent alpha.","[""reuse existing artwork"",""six-anchor v2 piecewise registration"",""defringe radius2""]","","candidate","fbca40bf32d95e74c0ab3ee82eb0d194164337d8f482c293379e3608c34f0cc1","256","256","48897","16639"
"pt_hair_m_03","masks/pt_hair_m_03_haircolor.png","hair","haircolor","front","adult","","119","40","105","70","112","150","120","98","168","208","reuse-pt_hair_m_03;reuse-pt_hair_m_03_rear","provenance/raw/reuse-pt_hair_m_03.png;provenance/raw/reuse-pt_hair_m_03_rear.png","2e5249ad7badc909cd90e918c78a0ebd51b66a42fe9672ef5bb9365b0bafb1e8;feda8dfaa929daae7b6aad066a81fea5536454984cc8ff781bfe1fde75238a4a","Create ONE logical modular HAIRSTYLE asset pt_hair_m_03 as a TWO-PANEL transparent sprite sheet, 512x256 logical canvas (or exact proportional higher resolution), left cell FRONT and right cell REAR, each cell exactly square 256x256. No text, no divider. Hair only; all face, scalp skin, neck, clothing and background pixels transparent. Reference 1 is head registration only and must NOT appear in output; references 2 and 3 demonstrate isolated front hair and isolated rear hair. Match painterly texture and soft upper-left light. Face would point LEFT in same three-quarter view. In EACH cell use identical global head anchors: bald crown near (133,45), eye-line y112, ear (169,124), nape near (176,180), shoulder y208; empty space preserved. LEFT front layer includes crown, forehead bangs, visible side hair; RIGHT rear layer only hair behind face/ear/neck. Rear is drawn BEHIND face, front above face. Exact hairstyle: medium wavy ear-length hair. Color: auburn. Distinct historical English 1300-1450 natural hair, no modern accessories. No face, no floating skin fragments, no torso. Two matching complementary parts, not two complete wigs. Output true transparent alpha.","[""reuse existing artwork"",""six-anchor v2 piecewise registration"",""defringe radius2""]","","candidate","a05012ea48b2697d0552e4ca27f0ab972a541a7a9886312b41f98e0e7580bd87","256","256","48897","16639"
"pt_hair_m_03","layers/pt_hair_m_03_rear.png","hair","layer","rear","adult","","119","40","105","70","112","150","120","98","168","208","reuse-pt_hair_m_03;reuse-pt_hair_m_03_rear","provenance/raw/reuse-pt_hair_m_03.png;provenance/raw/reuse-pt_hair_m_03_rear.png","2e5249ad7badc909cd90e918c78a0ebd51b66a42fe9672ef5bb9365b0bafb1e8;feda8dfaa929daae7b6aad066a81fea5536454984cc8ff781bfe1fde75238a4a","Create ONE logical modular HAIRSTYLE asset pt_hair_m_03 as a TWO-PANEL transparent sprite sheet, 512x256 logical canvas (or exact proportional higher resolution), left cell FRONT and right cell REAR, each cell exactly square 256x256. No text, no divider. Hair only; all face, scalp skin, neck, clothing and background pixels transparent. Reference 1 is head registration only and must NOT appear in output; references 2 and 3 demonstrate isolated front hair and isolated rear hair. Match painterly texture and soft upper-left light. Face would point LEFT in same three-quarter view. In EACH cell use identical global head anchors: bald crown near (133,45), eye-line y112, ear (169,124), nape near (176,180), shoulder y208; empty space preserved. LEFT front layer includes crown, forehead bangs, visible side hair; RIGHT rear layer only hair behind face/ear/neck. Rear is drawn BEHIND face, front above face. Exact hairstyle: medium wavy ear-length hair. Color: auburn. Distinct historical English 1300-1450 natural hair, no modern accessories. No face, no floating skin fragments, no torso. Two matching complementary parts, not two complete wigs. Output true transparent alpha.","[""reuse existing artwork"",""six-anchor v2 piecewise registration"",""defringe radius2""]","","candidate","d65e7242600eb0bd34320044f2162bad1380a9c431fb4c42097f3db2d936a02b","256","256","58143","7393"
"pt_hair_m_03","masks/pt_hair_m_03_rear_haircolor.png","hair","haircolor","rear","adult","","119","40","105","70","112","150","120","98","168","208","reuse-pt_hair_m_03;reuse-pt_hair_m_03_rear","provenance/raw/reuse-pt_hair_m_03.png;provenance/raw/reuse-pt_hair_m_03_rear.png","2e5249ad7badc909cd90e918c78a0ebd51b66a42fe9672ef5bb9365b0bafb1e8;feda8dfaa929daae7b6aad066a81fea5536454984cc8ff781bfe1fde75238a4a","Create ONE logical modular HAIRSTYLE asset pt_hair_m_03 as a TWO-PANEL transparent sprite sheet, 512x256 logical canvas (or exact proportional higher resolution), left cell FRONT and right cell REAR, each cell exactly square 256x256. No text, no divider. Hair only; all face, scalp skin, neck, clothing and background pixels transparent. Reference 1 is head registration only and must NOT appear in output; references 2 and 3 demonstrate isolated front hair and isolated rear hair. Match painterly texture and soft upper-left light. Face would point LEFT in same three-quarter view. In EACH cell use identical global head anchors: bald crown near (133,45), eye-line y112, ear (169,124), nape near (176,180), shoulder y208; empty space preserved. LEFT front layer includes crown, forehead bangs, visible side hair; RIGHT rear layer only hair behind face/ear/neck. Rear is drawn BEHIND face, front above face. Exact hairstyle: medium wavy ear-length hair. Color: auburn. Distinct historical English 1300-1450 natural hair, no modern accessories. No face, no floating skin fragments, no torso. Two matching complementary parts, not two complete wigs. Output true transparent alpha.","[""reuse existing artwork"",""six-anchor v2 piecewise registration"",""defringe radius2""]","","candidate","8c1edcb526f6a0280b97e83394f64fc59858b00599601f432c64603a1913b2c5","256","256","58143","7393"
"pt_hair_m_04","layers/pt_hair_m_04.png","hair","layer","front","adult","","119","40","105","70","112","150","120","98","168","208","reuse-pt_hair_m_04;reuse-pt_hair_m_04_rear","provenance/raw/reuse-pt_hair_m_04.png;provenance/raw/reuse-pt_hair_m_04_rear.png","8eecdc315b2ce718139238cc9463b51906bc0fd474586d515a52b6108395bf73;bb0582d518db5df6ddc82327cfad6ac3153468801e9fbc55c1de09ead27b7566","Use the attached face only as registration guide; output hair ALONE on transparency, NO face. ONE 2:1 sheet with two equal square cells: LEFT front layer, RIGHT rear layer. Each cell is a256 logical canvas. RECEDING M-SHAPED hairline. Very short, thin hair close to skull, deep bare temple recesses, small center forelock. NO shoulder-length, NO thick waves, no exaggerated long hair. Color brown. Precisely match attached portrait skull: top x130 y48, left temple x76 y95, visible right ear x175 y127, face eyes y112, neck bottom y212. Hair should slightly overlap the skull edge to avoid transparent seams. Front and rear both use same original canvas positions, NOT centered isolated objects, NOT different viewpoints. Head points LEFT three-quarter. Painterly historically grounded portrait, upper-left gentle light. Keep rear mostly transparent except actual hair behind skull; no skin, no eyes, no clothing, no labels, no divider line. Sparse hairstyles must have appropriate sparse silhouettes.","[""reuse existing artwork"",""six-anchor v2 piecewise registration"",""defringe radius2""]","","candidate","9146e3082341109a33543e37e95ab0139bcd68e5986891d8b3facd6b1a0bfcdf","256","256","57930","7606"
"pt_hair_m_04","masks/pt_hair_m_04_haircolor.png","hair","haircolor","front","adult","","119","40","105","70","112","150","120","98","168","208","reuse-pt_hair_m_04;reuse-pt_hair_m_04_rear","provenance/raw/reuse-pt_hair_m_04.png;provenance/raw/reuse-pt_hair_m_04_rear.png","8eecdc315b2ce718139238cc9463b51906bc0fd474586d515a52b6108395bf73;bb0582d518db5df6ddc82327cfad6ac3153468801e9fbc55c1de09ead27b7566","Use the attached face only as registration guide; output hair ALONE on transparency, NO face. ONE 2:1 sheet with two equal square cells: LEFT front layer, RIGHT rear layer. Each cell is a256 logical canvas. RECEDING M-SHAPED hairline. Very short, thin hair close to skull, deep bare temple recesses, small center forelock. NO shoulder-length, NO thick waves, no exaggerated long hair. Color brown. Precisely match attached portrait skull: top x130 y48, left temple x76 y95, visible right ear x175 y127, face eyes y112, neck bottom y212. Hair should slightly overlap the skull edge to avoid transparent seams. Front and rear both use same original canvas positions, NOT centered isolated objects, NOT different viewpoints. Head points LEFT three-quarter. Painterly historically grounded portrait, upper-left gentle light. Keep rear mostly transparent except actual hair behind skull; no skin, no eyes, no clothing, no labels, no divider line. Sparse hairstyles must have appropriate sparse silhouettes.","[""reuse existing artwork"",""six-anchor v2 piecewise registration"",""defringe radius2""]","","candidate","00c36ef696ecfb64ea5e4091f6de19eb3606ac3272d8bff64076338e031c7a38","256","256","57930","7606"
"pt_hair_m_04","layers/pt_hair_m_04_rear.png","hair","layer","rear","adult","","119","40","105","70","112","150","120","98","168","208","reuse-pt_hair_m_04;reuse-pt_hair_m_04_rear","provenance/raw/reuse-pt_hair_m_04.png;provenance/raw/reuse-pt_hair_m_04_rear.png","8eecdc315b2ce718139238cc9463b51906bc0fd474586d515a52b6108395bf73;bb0582d518db5df6ddc82327cfad6ac3153468801e9fbc55c1de09ead27b7566","Use the attached face only as registration guide; output hair ALONE on transparency, NO face. ONE 2:1 sheet with two equal square cells: LEFT front layer, RIGHT rear layer. Each cell is a256 logical canvas. RECEDING M-SHAPED hairline. Very short, thin hair close to skull, deep bare temple recesses, small center forelock. NO shoulder-length, NO thick waves, no exaggerated long hair. Color brown. Precisely match attached portrait skull: top x130 y48, left temple x76 y95, visible right ear x175 y127, face eyes y112, neck bottom y212. Hair should slightly overlap the skull edge to avoid transparent seams. Front and rear both use same original canvas positions, NOT centered isolated objects, NOT different viewpoints. Head points LEFT three-quarter. Painterly historically grounded portrait, upper-left gentle light. Keep rear mostly transparent except actual hair behind skull; no skin, no eyes, no clothing, no labels, no divider line. Sparse hairstyles must have appropriate sparse silhouettes.","[""reuse existing artwork"",""six-anchor v2 piecewise registration"",""defringe radius2""]","","candidate","f58d4841cbdc0c8a8970df55df457c03b5301999ff6db17178847db3daf73397","256","256","52303","13233"
"pt_hair_m_04","masks/pt_hair_m_04_rear_haircolor.png","hair","haircolor","rear","adult","","119","40","105","70","112","150","120","98","168","208","reuse-pt_hair_m_04;reuse-pt_hair_m_04_rear","provenance/raw/reuse-pt_hair_m_04.png;provenance/raw/reuse-pt_hair_m_04_rear.png","8eecdc315b2ce718139238cc9463b51906bc0fd474586d515a52b6108395bf73;bb0582d518db5df6ddc82327cfad6ac3153468801e9fbc55c1de09ead27b7566","Use the attached face only as registration guide; output hair ALONE on transparency, NO face. ONE 2:1 sheet with two equal square cells: LEFT front layer, RIGHT rear layer. Each cell is a256 logical canvas. RECEDING M-SHAPED hairline. Very short, thin hair close to skull, deep bare temple recesses, small center forelock. NO shoulder-length, NO thick waves, no exaggerated long hair. Color brown. Precisely match attached portrait skull: top x130 y48, left temple x76 y95, visible right ear x175 y127, face eyes y112, neck bottom y212. Hair should slightly overlap the skull edge to avoid transparent seams. Front and rear both use same original canvas positions, NOT centered isolated objects, NOT different viewpoints. Head points LEFT three-quarter. Painterly historically grounded portrait, upper-left gentle light. Keep rear mostly transparent except actual hair behind skull; no skin, no eyes, no clothing, no labels, no divider line. Sparse hairstyles must have appropriate sparse silhouettes.","[""reuse existing artwork"",""six-anchor v2 piecewise registration"",""defringe radius2""]","","candidate","18f2ea0694591684759beae2820483640580f2d9d2da0723ccfe7217689fccdc","256","256","52303","13233"
"pt_hair_m_05","layers/pt_hair_m_05.png","hair","layer","front","adult","","119","40","105","70","112","150","120","98","168","208","reuse-pt_hair_m_05;reuse-pt_hair_m_05_rear","provenance/raw/reuse-pt_hair_m_05.png;provenance/raw/reuse-pt_hair_m_05_rear.png","cd3b66e580e743c8184e5c49c146fe0cce508cac5bc7487cd70b6a232692661d;da77f64b6999b518c21d88fca1173d502953f04806e489a69a0f16dcd8e15605","Use the attached face only as registration guide; output hair ALONE on transparency, NO face. ONE 2:1 sheet with two equal square cells: LEFT front layer, RIGHT rear layer. Each cell is a256 logical canvas. BALD: no top hair whatsoever. Only narrow close-cropped fringe directly touching visible ear and nape. Front panel ONLY short thin tuft overlapping skull at x163..186 y83..137 and tiny far temple tuft x72..80 y100..115. No detached tufts. Rear panel tiny closely fitted nape fringe. Color brown. Precisely match attached portrait skull: top x130 y48, left temple x76 y95, visible right ear x175 y127, face eyes y112, neck bottom y212. Hair should slightly overlap the skull edge to avoid transparent seams. Front and rear both use same original canvas positions, NOT centered isolated objects, NOT different viewpoints. Head points LEFT three-quarter. Painterly historically grounded portrait, upper-left gentle light. Keep rear mostly transparent except actual hair behind skull; no skin, no eyes, no clothing, no labels, no divider line. Sparse hairstyles must have appropriate sparse silhouettes.","[""reuse existing artwork"",""six-anchor v2 piecewise registration"",""defringe radius2""]","","candidate","c37b3c928ec40b66a097a1b44428334a4681677e4f9a4178fe2d3f0686afffb2","256","256","64351","1185"
"pt_hair_m_05","masks/pt_hair_m_05_haircolor.png","hair","haircolor","front","adult","","119","40","105","70","112","150","120","98","168","208","reuse-pt_hair_m_05;reuse-pt_hair_m_05_rear","provenance/raw/reuse-pt_hair_m_05.png;provenance/raw/reuse-pt_hair_m_05_rear.png","cd3b66e580e743c8184e5c49c146fe0cce508cac5bc7487cd70b6a232692661d;da77f64b6999b518c21d88fca1173d502953f04806e489a69a0f16dcd8e15605","Use the attached face only as registration guide; output hair ALONE on transparency, NO face. ONE 2:1 sheet with two equal square cells: LEFT front layer, RIGHT rear layer. Each cell is a256 logical canvas. BALD: no top hair whatsoever. Only narrow close-cropped fringe directly touching visible ear and nape. Front panel ONLY short thin tuft overlapping skull at x163..186 y83..137 and tiny far temple tuft x72..80 y100..115. No detached tufts. Rear panel tiny closely fitted nape fringe. Color brown. Precisely match attached portrait skull: top x130 y48, left temple x76 y95, visible right ear x175 y127, face eyes y112, neck bottom y212. Hair should slightly overlap the skull edge to avoid transparent seams. Front and rear both use same original canvas positions, NOT centered isolated objects, NOT different viewpoints. Head points LEFT three-quarter. Painterly historically grounded portrait, upper-left gentle light. Keep rear mostly transparent except actual hair behind skull; no skin, no eyes, no clothing, no labels, no divider line. Sparse hairstyles must have appropriate sparse silhouettes.","[""reuse existing artwork"",""six-anchor v2 piecewise registration"",""defringe radius2""]","","candidate","996318af7faa3d5e71705d41cb4f38bdc720b14726f0922142bd4d535b8254b5","256","256","64351","1185"
"pt_hair_m_05","layers/pt_hair_m_05_rear.png","hair","layer","rear","adult","","119","40","105","70","112","150","120","98","168","208","reuse-pt_hair_m_05;reuse-pt_hair_m_05_rear","provenance/raw/reuse-pt_hair_m_05.png;provenance/raw/reuse-pt_hair_m_05_rear.png","cd3b66e580e743c8184e5c49c146fe0cce508cac5bc7487cd70b6a232692661d;da77f64b6999b518c21d88fca1173d502953f04806e489a69a0f16dcd8e15605","Use the attached face only as registration guide; output hair ALONE on transparency, NO face. ONE 2:1 sheet with two equal square cells: LEFT front layer, RIGHT rear layer. Each cell is a256 logical canvas. BALD: no top hair whatsoever. Only narrow close-cropped fringe directly touching visible ear and nape. Front panel ONLY short thin tuft overlapping skull at x163..186 y83..137 and tiny far temple tuft x72..80 y100..115. No detached tufts. Rear panel tiny closely fitted nape fringe. Color brown. Precisely match attached portrait skull: top x130 y48, left temple x76 y95, visible right ear x175 y127, face eyes y112, neck bottom y212. Hair should slightly overlap the skull edge to avoid transparent seams. Front and rear both use same original canvas positions, NOT centered isolated objects, NOT different viewpoints. Head points LEFT three-quarter. Painterly historically grounded portrait, upper-left gentle light. Keep rear mostly transparent except actual hair behind skull; no skin, no eyes, no clothing, no labels, no divider line. Sparse hairstyles must have appropriate sparse silhouettes.","[""reuse existing artwork"",""six-anchor v2 piecewise registration"",""defringe radius2""]","","candidate","f8f1c0185aa64a26660eb7455024fcf20330d412b3d095398ca7cf6a7dc281c8","256","256","64551","985"
"pt_hair_m_05","masks/pt_hair_m_05_rear_haircolor.png","hair","haircolor","rear","adult","","119","40","105","70","112","150","120","98","168","208","reuse-pt_hair_m_05;reuse-pt_hair_m_05_rear","provenance/raw/reuse-pt_hair_m_05.png;provenance/raw/reuse-pt_hair_m_05_rear.png","cd3b66e580e743c8184e5c49c146fe0cce508cac5bc7487cd70b6a232692661d;da77f64b6999b518c21d88fca1173d502953f04806e489a69a0f16dcd8e15605","Use the attached face only as registration guide; output hair ALONE on transparency, NO face. ONE 2:1 sheet with two equal square cells: LEFT front layer, RIGHT rear layer. Each cell is a256 logical canvas. BALD: no top hair whatsoever. Only narrow close-cropped fringe directly touching visible ear and nape. Front panel ONLY short thin tuft overlapping skull at x163..186 y83..137 and tiny far temple tuft x72..80 y100..115. No detached tufts. Rear panel tiny closely fitted nape fringe. Color brown. Precisely match attached portrait skull: top x130 y48, left temple x76 y95, visible right ear x175 y127, face eyes y112, neck bottom y212. Hair should slightly overlap the skull edge to avoid transparent seams. Front and rear both use same original canvas positions, NOT centered isolated objects, NOT different viewpoints. Head points LEFT three-quarter. Painterly historically grounded portrait, upper-left gentle light. Keep rear mostly transparent except actual hair behind skull; no skin, no eyes, no clothing, no labels, no divider line. Sparse hairstyles must have appropriate sparse silhouettes.","[""reuse existing artwork"",""six-anchor v2 piecewise registration"",""defringe radius2""]","","candidate","8331d893d4eb295ba00df17bb42fbdc4adddfc55c7d8dfb273609d96bb45fbff","256","256","64551","985"
"pt_hair_m_07","layers/pt_hair_m_07.png","hair","layer","front","adult","","119","40","105","70","112","150","120","98","168","208","reuse-pt_hair_m_07;reuse-pt_hair_m_07_rear","provenance/raw/reuse-pt_hair_m_07.png;provenance/raw/reuse-pt_hair_m_07_rear.png","1dd4289d60708ba24a1370bc37f6475676906795ade25ab0df4fe2fbaec9d9a2;bdc371d008e4dfcbef7176960c7f65a05aae056c040a93e003840503144fb38a","Create ONE logical modular HAIRSTYLE asset pt_hair_m_07 as a TWO-PANEL transparent sprite sheet, 512x256 logical canvas (or exact proportional higher resolution), left cell FRONT and right cell REAR, each cell exactly square 256x256. No text, no divider. Hair only; all face, scalp skin, neck, clothing and background pixels transparent. Reference 1 is head registration only and must NOT appear in output; references 2 and 3 demonstrate isolated front hair and isolated rear hair. Match painterly texture and soft upper-left light. Face would point LEFT in same three-quarter view. In EACH cell use identical global head anchors: bald crown near (133,45), eye-line y112, ear (169,124), nape near (176,180), shoulder y208; empty space preserved. LEFT front layer includes crown, forehead bangs, visible side hair; RIGHT rear layer only hair behind face/ear/neck. Rear is drawn BEHIND face, front above face. Exact hairstyle: short neatly cropped grey hair. Color: grey. Distinct historical English 1300-1450 natural hair, no modern accessories. No face, no floating skin fragments, no torso. Two matching complementary parts, not two complete wigs. Output true transparent alpha.","[""reuse existing artwork"",""six-anchor v2 piecewise registration"",""defringe radius2""]","","candidate","bfb0b6cf2dd12b61e2b9d5b46123e88613faad0f60fef702ad77baf3fb26e145","256","256","53913","11623"
"pt_hair_m_07","masks/pt_hair_m_07_haircolor.png","hair","haircolor","front","adult","","119","40","105","70","112","150","120","98","168","208","reuse-pt_hair_m_07;reuse-pt_hair_m_07_rear","provenance/raw/reuse-pt_hair_m_07.png;provenance/raw/reuse-pt_hair_m_07_rear.png","1dd4289d60708ba24a1370bc37f6475676906795ade25ab0df4fe2fbaec9d9a2;bdc371d008e4dfcbef7176960c7f65a05aae056c040a93e003840503144fb38a","Create ONE logical modular HAIRSTYLE asset pt_hair_m_07 as a TWO-PANEL transparent sprite sheet, 512x256 logical canvas (or exact proportional higher resolution), left cell FRONT and right cell REAR, each cell exactly square 256x256. No text, no divider. Hair only; all face, scalp skin, neck, clothing and background pixels transparent. Reference 1 is head registration only and must NOT appear in output; references 2 and 3 demonstrate isolated front hair and isolated rear hair. Match painterly texture and soft upper-left light. Face would point LEFT in same three-quarter view. In EACH cell use identical global head anchors: bald crown near (133,45), eye-line y112, ear (169,124), nape near (176,180), shoulder y208; empty space preserved. LEFT front layer includes crown, forehead bangs, visible side hair; RIGHT rear layer only hair behind face/ear/neck. Rear is drawn BEHIND face, front above face. Exact hairstyle: short neatly cropped grey hair. Color: grey. Distinct historical English 1300-1450 natural hair, no modern accessories. No face, no floating skin fragments, no torso. Two matching complementary parts, not two complete wigs. Output true transparent alpha.","[""reuse existing artwork"",""six-anchor v2 piecewise registration"",""defringe radius2""]","","candidate","bd207570aff0655aa0cf4b7dd93cd4d9705d388bea4b5b9ae1a2a55dbd1da364","256","256","53913","11623"
"pt_hair_m_07","layers/pt_hair_m_07_rear.png","hair","layer","rear","adult","","119","40","105","70","112","150","120","98","168","208","reuse-pt_hair_m_07;reuse-pt_hair_m_07_rear","provenance/raw/reuse-pt_hair_m_07.png;provenance/raw/reuse-pt_hair_m_07_rear.png","1dd4289d60708ba24a1370bc37f6475676906795ade25ab0df4fe2fbaec9d9a2;bdc371d008e4dfcbef7176960c7f65a05aae056c040a93e003840503144fb38a","Create ONE logical modular HAIRSTYLE asset pt_hair_m_07 as a TWO-PANEL transparent sprite sheet, 512x256 logical canvas (or exact proportional higher resolution), left cell FRONT and right cell REAR, each cell exactly square 256x256. No text, no divider. Hair only; all face, scalp skin, neck, clothing and background pixels transparent. Reference 1 is head registration only and must NOT appear in output; references 2 and 3 demonstrate isolated front hair and isolated rear hair. Match painterly texture and soft upper-left light. Face would point LEFT in same three-quarter view. In EACH cell use identical global head anchors: bald crown near (133,45), eye-line y112, ear (169,124), nape near (176,180), shoulder y208; empty space preserved. LEFT front layer includes crown, forehead bangs, visible side hair; RIGHT rear layer only hair behind face/ear/neck. Rear is drawn BEHIND face, front above face. Exact hairstyle: short neatly cropped grey hair. Color: grey. Distinct historical English 1300-1450 natural hair, no modern accessories. No face, no floating skin fragments, no torso. Two matching complementary parts, not two complete wigs. Output true transparent alpha.","[""reuse existing artwork"",""six-anchor v2 piecewise registration"",""defringe radius2""]","","candidate","b2ae30e136ea4cfecfd8ccad5635faf1b7abee3385d73b67372f9e81d83d6f59","256","256","51766","13770"
"pt_hair_m_07","masks/pt_hair_m_07_rear_haircolor.png","hair","haircolor","rear","adult","","119","40","105","70","112","150","120","98","168","208","reuse-pt_hair_m_07;reuse-pt_hair_m_07_rear","provenance/raw/reuse-pt_hair_m_07.png;provenance/raw/reuse-pt_hair_m_07_rear.png","1dd4289d60708ba24a1370bc37f6475676906795ade25ab0df4fe2fbaec9d9a2;bdc371d008e4dfcbef7176960c7f65a05aae056c040a93e003840503144fb38a","Create ONE logical modular HAIRSTYLE asset pt_hair_m_07 as a TWO-PANEL transparent sprite sheet, 512x256 logical canvas (or exact proportional higher resolution), left cell FRONT and right cell REAR, each cell exactly square 256x256. No text, no divider. Hair only; all face, scalp skin, neck, clothing and background pixels transparent. Reference 1 is head registration only and must NOT appear in output; references 2 and 3 demonstrate isolated front hair and isolated rear hair. Match painterly texture and soft upper-left light. Face would point LEFT in same three-quarter view. In EACH cell use identical global head anchors: bald crown near (133,45), eye-line y112, ear (169,124), nape near (176,180), shoulder y208; empty space preserved. LEFT front layer includes crown, forehead bangs, visible side hair; RIGHT rear layer only hair behind face/ear/neck. Rear is drawn BEHIND face, front above face. Exact hairstyle: short neatly cropped grey hair. Color: grey. Distinct historical English 1300-1450 natural hair, no modern accessories. No face, no floating skin fragments, no torso. Two matching complementary parts, not two complete wigs. Output true transparent alpha.","[""reuse existing artwork"",""six-anchor v2 piecewise registration"",""defringe radius2""]","","candidate","107a3ec4ce3f56447b94f0f512aa0f78af570985fb82d32b4da72a75c0e4daaa","256","256","51766","13770"
"pt_hair_m_08","layers/pt_hair_m_08.png","hair","layer","front","adult","","119","40","105","70","112","150","120","98","168","208","reuse-pt_hair_m_08;reuse-pt_hair_m_08_rear","provenance/raw/reuse-pt_hair_m_08.png;provenance/raw/reuse-pt_hair_m_08_rear.png","00ab4a05a5ad6b3d3e22fc6bec716b58e6d56f1c7a7f1ffe1ba5a401de315060;740db3a0ebf47912459f87ea7c19f9ea4ad6a84cb08254d0ef91c3e9c6bd1815","Create ONE logical modular HAIRSTYLE asset pt_hair_m_08 as a TWO-PANEL transparent sprite sheet, 512x256 logical canvas (or exact proportional higher resolution), left cell FRONT and right cell REAR, each cell exactly square 256x256. No text, no divider. Hair only; all face, scalp skin, neck, clothing and background pixels transparent. Reference 1 is head registration only and must NOT appear in output; references 2 and 3 demonstrate isolated front hair and isolated rear hair. Match painterly texture and soft upper-left light. Face would point LEFT in same three-quarter view. In EACH cell use identical global head anchors: bald crown near (133,45), eye-line y112, ear (169,124), nape near (176,180), shoulder y208; empty space preserved. LEFT front layer includes crown, forehead bangs, visible side hair; RIGHT rear layer only hair behind face/ear/neck. Rear is drawn BEHIND face, front above face. Exact hairstyle: medium length grey wavy hair. Color: grey. Distinct historical English 1300-1450 natural hair, no modern accessories. No face, no floating skin fragments, no torso. Two matching complementary parts, not two complete wigs. Output true transparent alpha.","[""reuse existing artwork"",""six-anchor v2 piecewise registration"",""defringe radius2""]","","candidate","8626f67b78c0a1213f4ca0e3a7bc0bba27aac557ac57c885c2a23573ae7a759f","256","256","49764","15772"
"pt_hair_m_08","masks/pt_hair_m_08_haircolor.png","hair","haircolor","front","adult","","119","40","105","70","112","150","120","98","168","208","reuse-pt_hair_m_08;reuse-pt_hair_m_08_rear","provenance/raw/reuse-pt_hair_m_08.png;provenance/raw/reuse-pt_hair_m_08_rear.png","00ab4a05a5ad6b3d3e22fc6bec716b58e6d56f1c7a7f1ffe1ba5a401de315060;740db3a0ebf47912459f87ea7c19f9ea4ad6a84cb08254d0ef91c3e9c6bd1815","Create ONE logical modular HAIRSTYLE asset pt_hair_m_08 as a TWO-PANEL transparent sprite sheet, 512x256 logical canvas (or exact proportional higher resolution), left cell FRONT and right cell REAR, each cell exactly square 256x256. No text, no divider. Hair only; all face, scalp skin, neck, clothing and background pixels transparent. Reference 1 is head registration only and must NOT appear in output; references 2 and 3 demonstrate isolated front hair and isolated rear hair. Match painterly texture and soft upper-left light. Face would point LEFT in same three-quarter view. In EACH cell use identical global head anchors: bald crown near (133,45), eye-line y112, ear (169,124), nape near (176,180), shoulder y208; empty space preserved. LEFT front layer includes crown, forehead bangs, visible side hair; RIGHT rear layer only hair behind face/ear/neck. Rear is drawn BEHIND face, front above face. Exact hairstyle: medium length grey wavy hair. Color: grey. Distinct historical English 1300-1450 natural hair, no modern accessories. No face, no floating skin fragments, no torso. Two matching complementary parts, not two complete wigs. Output true transparent alpha.","[""reuse existing artwork"",""six-anchor v2 piecewise registration"",""defringe radius2""]","","candidate","05c1fd4fbf7914ffe6350ee249dc4a02c05b89a00d1de5a343794ff6141a79fc","256","256","49764","15772"
"pt_hair_m_08","layers/pt_hair_m_08_rear.png","hair","layer","rear","adult","","119","40","105","70","112","150","120","98","168","208","reuse-pt_hair_m_08;reuse-pt_hair_m_08_rear","provenance/raw/reuse-pt_hair_m_08.png;provenance/raw/reuse-pt_hair_m_08_rear.png","00ab4a05a5ad6b3d3e22fc6bec716b58e6d56f1c7a7f1ffe1ba5a401de315060;740db3a0ebf47912459f87ea7c19f9ea4ad6a84cb08254d0ef91c3e9c6bd1815","Create ONE logical modular HAIRSTYLE asset pt_hair_m_08 as a TWO-PANEL transparent sprite sheet, 512x256 logical canvas (or exact proportional higher resolution), left cell FRONT and right cell REAR, each cell exactly square 256x256. No text, no divider. Hair only; all face, scalp skin, neck, clothing and background pixels transparent. Reference 1 is head registration only and must NOT appear in output; references 2 and 3 demonstrate isolated front hair and isolated rear hair. Match painterly texture and soft upper-left light. Face would point LEFT in same three-quarter view. In EACH cell use identical global head anchors: bald crown near (133,45), eye-line y112, ear (169,124), nape near (176,180), shoulder y208; empty space preserved. LEFT front layer includes crown, forehead bangs, visible side hair; RIGHT rear layer only hair behind face/ear/neck. Rear is drawn BEHIND face, front above face. Exact hairstyle: medium length grey wavy hair. Color: grey. Distinct historical English 1300-1450 natural hair, no modern accessories. No face, no floating skin fragments, no torso. Two matching complementary parts, not two complete wigs. Output true transparent alpha.","[""reuse existing artwork"",""six-anchor v2 piecewise registration"",""defringe radius2""]","","candidate","6ac59c08f83e210e42cbed9533757d6762177d3ac8216cb1fc28de2541ff6d4f","256","256","46153","19383"
"pt_hair_m_08","masks/pt_hair_m_08_rear_haircolor.png","hair","haircolor","rear","adult","","119","40","105","70","112","150","120","98","168","208","reuse-pt_hair_m_08;reuse-pt_hair_m_08_rear","provenance/raw/reuse-pt_hair_m_08.png;provenance/raw/reuse-pt_hair_m_08_rear.png","00ab4a05a5ad6b3d3e22fc6bec716b58e6d56f1c7a7f1ffe1ba5a401de315060;740db3a0ebf47912459f87ea7c19f9ea4ad6a84cb08254d0ef91c3e9c6bd1815","Create ONE logical modular HAIRSTYLE asset pt_hair_m_08 as a TWO-PANEL transparent sprite sheet, 512x256 logical canvas (or exact proportional higher resolution), left cell FRONT and right cell REAR, each cell exactly square 256x256. No text, no divider. Hair only; all face, scalp skin, neck, clothing and background pixels transparent. Reference 1 is head registration only and must NOT appear in output; references 2 and 3 demonstrate isolated front hair and isolated rear hair. Match painterly texture and soft upper-left light. Face would point LEFT in same three-quarter view. In EACH cell use identical global head anchors: bald crown near (133,45), eye-line y112, ear (169,124), nape near (176,180), shoulder y208; empty space preserved. LEFT front layer includes crown, forehead bangs, visible side hair; RIGHT rear layer only hair behind face/ear/neck. Rear is drawn BEHIND face, front above face. Exact hairstyle: medium length grey wavy hair. Color: grey. Distinct historical English 1300-1450 natural hair, no modern accessories. No face, no floating skin fragments, no torso. Two matching complementary parts, not two complete wigs. Output true transparent alpha.","[""reuse existing artwork"",""six-anchor v2 piecewise registration"",""defringe radius2""]","","candidate","e97827f9d9d61808777f4097f6757af1cc3249cafee6503868b6105a00e8bdfb","256","256","46153","19383"
"pt_hair_m_09","layers/pt_hair_m_09.png","hair","layer","front","adult","","119","40","105","70","112","150","120","98","168","208","reuse-pt_hair_m_09;reuse-pt_hair_m_09_rear","provenance/raw/reuse-pt_hair_m_09.png;provenance/raw/reuse-pt_hair_m_09_rear.png","8147069a910bd8f7d001d582518536fe4e0b8323a516d146476650d10c283c4d;e8c475ad0ba20d5543ce75a1cf646ea9534c946b95286ea78b729058d6838e21","Create ONE logical modular HAIRSTYLE asset pt_hair_m_09 as a TWO-PANEL transparent sprite sheet, 512x256 logical canvas (or exact proportional higher resolution), left cell FRONT and right cell REAR, each cell exactly square 256x256. No text, no divider. Hair only; all face, scalp skin, neck, clothing and background pixels transparent. Reference 1 is head registration only and must NOT appear in output; references 2 and 3 demonstrate isolated front hair and isolated rear hair. Match painterly texture and soft upper-left light. Face would point LEFT in same three-quarter view. In EACH cell use identical global head anchors: bald crown near (133,45), eye-line y112, ear (169,124), nape near (176,180), shoulder y208; empty space preserved. LEFT front layer includes crown, forehead bangs, visible side hair; RIGHT rear layer only hair behind face/ear/neck. Rear is drawn BEHIND face, front above face. Exact hairstyle: youthful shaggy uneven hair. Color: golden brown. Distinct historical English 1300-1450 natural hair, no modern accessories. No face, no floating skin fragments, no torso. Two matching complementary parts, not two complete wigs. Output true transparent alpha.","[""reuse existing artwork"",""six-anchor v2 piecewise registration"",""defringe radius2""]","","candidate","737740d07b69110bad0f8603fd5363e055578aa1cd995ffd6d03b10ec93e4471","256","256","47843","17693"
"pt_hair_m_09","masks/pt_hair_m_09_haircolor.png","hair","haircolor","front","adult","","119","40","105","70","112","150","120","98","168","208","reuse-pt_hair_m_09;reuse-pt_hair_m_09_rear","provenance/raw/reuse-pt_hair_m_09.png;provenance/raw/reuse-pt_hair_m_09_rear.png","8147069a910bd8f7d001d582518536fe4e0b8323a516d146476650d10c283c4d;e8c475ad0ba20d5543ce75a1cf646ea9534c946b95286ea78b729058d6838e21","Create ONE logical modular HAIRSTYLE asset pt_hair_m_09 as a TWO-PANEL transparent sprite sheet, 512x256 logical canvas (or exact proportional higher resolution), left cell FRONT and right cell REAR, each cell exactly square 256x256. No text, no divider. Hair only; all face, scalp skin, neck, clothing and background pixels transparent. Reference 1 is head registration only and must NOT appear in output; references 2 and 3 demonstrate isolated front hair and isolated rear hair. Match painterly texture and soft upper-left light. Face would point LEFT in same three-quarter view. In EACH cell use identical global head anchors: bald crown near (133,45), eye-line y112, ear (169,124), nape near (176,180), shoulder y208; empty space preserved. LEFT front layer includes crown, forehead bangs, visible side hair; RIGHT rear layer only hair behind face/ear/neck. Rear is drawn BEHIND face, front above face. Exact hairstyle: youthful shaggy uneven hair. Color: golden brown. Distinct historical English 1300-1450 natural hair, no modern accessories. No face, no floating skin fragments, no torso. Two matching complementary parts, not two complete wigs. Output true transparent alpha.","[""reuse existing artwork"",""six-anchor v2 piecewise registration"",""defringe radius2""]","","candidate","398e44dbe54e287e463cd14a7276994c5a31acda2babaf4979c621afd7ad2b8f","256","256","47843","17693"
"pt_hair_m_09","layers/pt_hair_m_09_rear.png","hair","layer","rear","adult","","119","40","105","70","112","150","120","98","168","208","reuse-pt_hair_m_09;reuse-pt_hair_m_09_rear","provenance/raw/reuse-pt_hair_m_09.png;provenance/raw/reuse-pt_hair_m_09_rear.png","8147069a910bd8f7d001d582518536fe4e0b8323a516d146476650d10c283c4d;e8c475ad0ba20d5543ce75a1cf646ea9534c946b95286ea78b729058d6838e21","Create ONE logical modular HAIRSTYLE asset pt_hair_m_09 as a TWO-PANEL transparent sprite sheet, 512x256 logical canvas (or exact proportional higher resolution), left cell FRONT and right cell REAR, each cell exactly square 256x256. No text, no divider. Hair only; all face, scalp skin, neck, clothing and background pixels transparent. Reference 1 is head registration only and must NOT appear in output; references 2 and 3 demonstrate isolated front hair and isolated rear hair. Match painterly texture and soft upper-left light. Face would point LEFT in same three-quarter view. In EACH cell use identical global head anchors: bald crown near (133,45), eye-line y112, ear (169,124), nape near (176,180), shoulder y208; empty space preserved. LEFT front layer includes crown, forehead bangs, visible side hair; RIGHT rear layer only hair behind face/ear/neck. Rear is drawn BEHIND face, front above face. Exact hairstyle: youthful shaggy uneven hair. Color: golden brown. Distinct historical English 1300-1450 natural hair, no modern accessories. No face, no floating skin fragments, no torso. Two matching complementary parts, not two complete wigs. Output true transparent alpha.","[""reuse existing artwork"",""six-anchor v2 piecewise registration"",""defringe radius2""]","","candidate","62ffe556e93bc3292af6ac2e9fbfbdf8634455104bf7908bdcd5ce6833f74265","256","256","58788","6748"
"pt_hair_m_09","masks/pt_hair_m_09_rear_haircolor.png","hair","haircolor","rear","adult","","119","40","105","70","112","150","120","98","168","208","reuse-pt_hair_m_09;reuse-pt_hair_m_09_rear","provenance/raw/reuse-pt_hair_m_09.png;provenance/raw/reuse-pt_hair_m_09_rear.png","8147069a910bd8f7d001d582518536fe4e0b8323a516d146476650d10c283c4d;e8c475ad0ba20d5543ce75a1cf646ea9534c946b95286ea78b729058d6838e21","Create ONE logical modular HAIRSTYLE asset pt_hair_m_09 as a TWO-PANEL transparent sprite sheet, 512x256 logical canvas (or exact proportional higher resolution), left cell FRONT and right cell REAR, each cell exactly square 256x256. No text, no divider. Hair only; all face, scalp skin, neck, clothing and background pixels transparent. Reference 1 is head registration only and must NOT appear in output; references 2 and 3 demonstrate isolated front hair and isolated rear hair. Match painterly texture and soft upper-left light. Face would point LEFT in same three-quarter view. In EACH cell use identical global head anchors: bald crown near (133,45), eye-line y112, ear (169,124), nape near (176,180), shoulder y208; empty space preserved. LEFT front layer includes crown, forehead bangs, visible side hair; RIGHT rear layer only hair behind face/ear/neck. Rear is drawn BEHIND face, front above face. Exact hairstyle: youthful shaggy uneven hair. Color: golden brown. Distinct historical English 1300-1450 natural hair, no modern accessories. No face, no floating skin fragments, no torso. Two matching complementary parts, not two complete wigs. Output true transparent alpha.","[""reuse existing artwork"",""six-anchor v2 piecewise registration"",""defringe radius2""]","","candidate","210077ae6937f3143caf0b599eac7a4adaa3f3730b268d5cdeec83a95c7ee20b","256","256","58788","6748"
"pt_hood","layers/pt_hood.png","headwear","layer","base","adult","hood","119","40","105","70","112","150","120","98","168","208","pilot-pt_hood","provenance/raw/pilot-pt_hood.png","61ed71ae27cd284ef9e6ae2ce19e749220c131794b5974eeff901d5578b79131","Reused user-supplied pilot2; no new generation","[""six-anchor head warp with xFadeY160..208 preserving shoulder width"",""defringe radius2"",""white hairclip=allowed hair visibility"",""front/rear hairclip; tucked9 also under brim; hat front y=-6""]","","candidate","d9cd5d57c0ef77b64a43b19d824c6ef8fd1cb5df379ab049b789c92f2de78634","256","256","51735","13801"
"pt_hood","masks/pt_hood_hairclip.png","headwear","hairclip","base","adult","hood","119","40","105","70","112","150","120","98","168","208","pilot-pt_hood","provenance/raw/pilot-pt_hood.png","61ed71ae27cd284ef9e6ae2ce19e749220c131794b5974eeff901d5578b79131","Reused user-supplied pilot2; no new generation","[""six-anchor head warp with xFadeY160..208 preserving shoulder width"",""defringe radius2"",""white hairclip=allowed hair visibility"",""front/rear hairclip; tucked9 also under brim; hat front y=-6""]","","candidate","37e25fc7305afaf0c50126a40caca1361c88841a18fac6866de7da93be434ad9","256","256","53651","11885"
"pt_hood_child","layers/pt_hood_child.png","headwear","layer","base","child","hood","120","56","104","82","112","147.36","120","101.6","160","208","pilot-pt_hood","provenance/raw/pilot-pt_hood.png","61ed71ae27cd284ef9e6ae2ce19e749220c131794b5974eeff901d5578b79131","Reused user-supplied pilot2 child88% derived","[""88% head width, child vertical anchors; shoulder preserved"",""defringe radius2"",""front/rear hairclip; tucked9 also under brim; hat front y=-6"",""lower neck opening narrowed; upper head restored; outer shoulder208 preserved""]","","candidate","28feebe9d7a39397bd67cc86bd886b051b7412c1e51573a2cbfca097b308c881","256","256","52745","12791"
"pt_hood_child","masks/pt_hood_child_hairclip.png","headwear","hairclip","base","child","hood","120","56","104","82","112","147.36","120","101.6","160","208","pilot-pt_hood","provenance/raw/pilot-pt_hood.png","61ed71ae27cd284ef9e6ae2ce19e749220c131794b5974eeff901d5578b79131","Reused user-supplied pilot2 child88% derived","[""88% head width, child vertical anchors; shoulder preserved"",""defringe radius2"",""front/rear hairclip; tucked9 also under brim; hat front y=-6"",""lower neck opening narrowed; upper head restored; outer shoulder208 preserved""]","","candidate","afdd7b7e9c2c4f2a109ed1d82890129c909ce47ac21fc7fa6265fcc27209565b","256","256","56269","9267"
"pt_hat_brim","layers/pt_hat_brim.png","headwear","layer","base","adult","","119","40","105","70","112","150","120","98","168","208","pilot-pt_hat_brim","provenance/raw/pilot-pt_hat_brim.png","2ef24b95d8041cc67bd0e9e132d1d37930b1e231194dfb660c926421ac942e91","Reused user-supplied pilot2; no new generation","[""six-anchor head warp with xFadeY160..208 preserving shoulder width"",""defringe radius2"",""white hairclip=allowed hair visibility"",""front/rear hairclip; tucked9 also under brim; hat front y=-6""]","","candidate","908753db9ba80aebff62d0475fdaa24f8502cb056c49e4910aa52add0292919f","256","256","55536","10000"
"pt_hat_brim","masks/pt_hat_brim_hairclip.png","headwear","hairclip","base","adult","","119","40","105","70","112","150","120","98","168","208","pilot-pt_hat_brim","provenance/raw/pilot-pt_hat_brim.png","2ef24b95d8041cc67bd0e9e132d1d37930b1e231194dfb660c926421ac942e91","Reused user-supplied pilot2; no new generation","[""six-anchor head warp with xFadeY160..208 preserving shoulder width"",""defringe radius2"",""white hairclip=allowed hair visibility"",""front/rear hairclip; tucked9 also under brim; hat front y=-6""]","","candidate","19652539c86b1e1b6ed06745e1325a5f7514330d54cfa01e70b4271eb2fa19a7","256","256","48347","17189"
"pt_hat_brim_child","layers/pt_hat_brim_child.png","headwear","layer","base","child","","120","56","104","82","112","147.36","120","101.6","160","208","pilot-pt_hat_brim","provenance/raw/pilot-pt_hat_brim.png","2ef24b95d8041cc67bd0e9e132d1d37930b1e231194dfb660c926421ac942e91","Reused user-supplied pilot2 child88% derived","[""88% head width, child vertical anchors; shoulder preserved"",""defringe radius2"",""front/rear hairclip; tucked9 also under brim; hat front y=-6""]","","candidate","0297390abb54c267ed92f4614c6977448ded32b71a888c2c47667cec751be9e2","256","256","57825","7711"
"pt_hat_brim_child","masks/pt_hat_brim_child_hairclip.png","headwear","hairclip","base","child","","120","56","104","82","112","147.36","120","101.6","160","208","pilot-pt_hat_brim","provenance/raw/pilot-pt_hat_brim.png","2ef24b95d8041cc67bd0e9e132d1d37930b1e231194dfb660c926421ac942e91","Reused user-supplied pilot2 child88% derived","[""88% head width, child vertical anchors; shoulder preserved"",""defringe radius2"",""front/rear hairclip; tucked9 also under brim; hat front y=-6""]","","candidate","4aa150ad883b8c347cec6bfa5be79798d96077e6aa65eeb5c44757bfc234fe4a","256","256","50652","14884"
"pt_garment_work_tunic","layers/pt_garment_work_tunic.png","garment","layer","base","adult","plain","119","40","105","70","112","150","120","98","168","208","pilot-pt_garment_work_tunic","provenance/raw/pilot-pt_garment_work_tunic.png","12dd9a29fcea65b6b89e72881c362d5ff9c3ed1059815d03aed8d75f825a11ae","Reused user supplied pilot2; no new generation","[""original shoulder y208 preserved"",""defringe radius2"",""child collar raised with yFadeX45,80,175,210; outer shoulder unchanged""]","","candidate","57d38d27e10cfa7debc4f6b86b6370c1bbce84f786252225ea6a5a5d52aa4c39","256","256","48216","17320"
"pt_garment_merchant_gown","layers/pt_garment_merchant_gown.png","garment","layer","base","adult","fur","119","40","105","70","112","150","120","98","168","208","pilot-pt_garment_merchant_gown","provenance/raw/pilot-pt_garment_merchant_gown.png","2fe477abc332084146de4d9417fa3c02f5d06a2c3a6b5d24fc4d0befb02e38cb","Reused user supplied pilot2; no new generation","[""original shoulder y208 preserved"",""defringe radius2"",""child collar raised with yFadeX45,80,175,210; outer shoulder unchanged""]","","candidate","31e72e2fd7ec0176a6227c0f995efe71250bed89c7630f9a407cbe7eeb603c30","256","256","45166","20370"
